TIME,P,TAVG,THA,THB,TCA,TCB,WRCA,WRCB,PSGA,PSGB,WFWA,WFWB,WSTA,WSTB,VOL,LVPZ,VOID,WLR,WUP,HUP,HLW,WHPI,WECS,QMWT,LSGA,LSGB,QMGA,QMGB,NSGA,NSGB,TBLD,WTRA,WTRB,TSAT,QRHR,LVCR,SCMA,SCMB,FRCL,PRB,PRBA,TRB,LWRB,DNBR,QFCL,WBK,WSPY,WCSP,HTR,MH2,CNH2,RHBR,RHMT,RHFL,RHRD,RH,PWNT,PWR,TFSB,TFPK,TF,TPCT,WCFT,WLPI,WCHG,RM1,RM2,RM3,RM4,RC87,RC131,STRB,STSG,STTB,RBLK,SGLK,DTHY,DWB,WRLA,WRLB,WLD,MBK,EBK,TKLV,FRZR,TDBR,MDBR,MCRT,MGAS,TCRT,TSLP,PPM,Pad_Col_0,Pad_Col_1,Pad_Col_2,Pad_Col_3
0,158.1999969482422,309.1399841308594,326.1538391113281,326.11614990234375,292.1261291503906,292.1638488769531,16515.818359375,33031.63671875,69.00464630126953,69.0042495727539,1790.2763671875,3580.552734375,1792.9256591796875,3577.9033203125,284.552001953125,62.0,1.8346643173572375e-06,0,0,2574.662353515625,1291.7806396484375,0,23.700000762939453,2705.0,11.830000877380371,11.830000877380371,910.2337036132812,1816.4324951171875,50.0,50.0,100.0,0,0,346.3753967285156,0,7.924896240234375,20.2215576171875,20.25926399230957,0,1.034000039100647,0.9067617654800415,50,2.799999952316284,2.3000001907348633,0,0,0,0,0.0,0,0,0,0.0,0.0,0.0,0.0,100.0,100.0,788.9000244140625,788.9000244140625,788.9000244140625,549.02001953125,0,0,23.700000762939453,0.0010999999940395355,0.02200000174343586,0.03299999609589577,0.04399999603629112,5655.8173828125,114276.53125,0.0429663360118866,0,3.1392715754918754e-05,0.9104048013687134,0,0.0002616529818624258,2.8350639695418067e-05,0,0,23.700000762939453,0,0,1600,0,50,0,0,0,50,50,200,0.0,0.0,0.0,0.0
1,158.19033813476562,309.12530517578125,326.1518249511719,326.1134338378906,292.1242370605469,292.1626281738281,16515.818359375,33031.63671875,69.01334381103516,69.01285552978516,1790.602783203125,3580.143310546875,1792.082275390625,3574.267333984375,284.549560546875,61.99385070800781,1.1948225164815085e-06,0,0,2574.67333984375,1291.741943359375,0,23.700000762939453,2705.042236328125,11.830011367797852,11.830208778381348,909.8095703125,1815.0777587890625,50.035274505615234,49.98440170288086,99.91659545898438,0,0,346.37347412109375,0,7.924896240234375,20.221660614013672,20.26004409790039,0,1.034000039100647,0.9067617654800415,50,2.799999952316284,2.299964189529419,0,0,0,0,1.0797373766589098,0,0,0,0.0011560514103621244,0.0,0.0,0.0011560514103621244,100.06562805175781,100.0015640258789,788.9505004882812,788.9000244140625,788.9000244140625,549.0162353515625,0,0,23.700000762939453,0.0010999999940395355,0.02200000174343586,0.03299999609589577,0.04399999603629112,5655.8173828125,114276.53125,0.0429663360118866,0,3.1392715754918754e-05,2.7312145233154297,0,0.0002616529818624258,2.8350639695418067e-05,0,0,23.700000762939453,0,0,1600,0,50,0,0,0,50,50,200,0.0,0.0,0.0,0.0
2,158.17613220214844,309.1142272949219,326.1456604003906,326.1065673828125,292.12286376953125,292.1620178222656,16515.818359375,33031.63671875,69.0231704711914,69.0226821899414,1790.411865234375,3579.492431640625,1789.1385498046875,3568.252197265625,284.54132080078125,61.9730224609375,-1.658560222494998e-06,0,0,2574.711669921875,1291.7869873046875,0,19.14151954650879,2706.005615234375,11.83012866973877,11.830543518066406,908.8118896484375,1813.0645751953125,49.99791717529297,49.946983337402344,99.74979400634766,0,0,346.3669738769531,0,7.924896240234375,20.22128677368164,20.26038360595703,0,1.034000039100647,0.9067617654800415,50,2.799999952316284,2.299145460128784,0,0,0,0,4.723851070035542,0,0,0,0.0020288540981709957,-0.00024769591982476413,0.0,0.001781158265657723,100.23191833496094,100.03717803955078,789.2105712890625,789.0573120117188,789.0573120117188,549.0880737304688,0,0,19.14151954650879,0.0010999999940395355,0.02200000174343586,0.03299999609589577,0.04399999603629112,5655.8173828125,114276.53125,0.0429663360118866,0,3.1392715754918754e-05,4.552023887634277,0,0.0002616529818624258,2.8350639695418067e-05,0,0,23.700000762939453,0,0,1600,0,50,0,0,0,50,50,200,0.0,0.0,0.0,0.0
3,158.1622772216797,309.10772705078125,326.1369934082031,326.0972595214844,292.1228332519531,292.16253662109375,16515.818359375,33031.63671875,69.0344467163086,69.0339584350586,1790.29931640625,3579.114990234375,1786.154541015625,3562.277587890625,284.5317687988281,61.94890594482422,-5.461094133352162e-06,0,0,2574.755615234375,1291.8426513671875,0,19.56772232055664,2707.92724609375,11.830405235290527,11.831040382385254,907.9640502929688,1811.362060546875,49.9537353515625,49.905181884765625,99.5829849243164,0,0,346.35943603515625,0,7.924896240234375,20.222440719604492,20.26218032836914,0,1.034000039100647,0.9067617654800415,50,2.799999952316284,2.297513961791992,0,0,0,0,8.927113984588367,0,0,0,0.00253855949267745,-0.0007712860242463648,0.0,0.001767273643054068,100.34304809570312,100.10821533203125,789.5745849609375,789.3897094726562,789.3897094726562,549.2501220703125,0,0,19.56772232055664,0.0010999999940395355,0.02200000174343586,0.03299999609589577,0.04399999603629112,5655.8173828125,114276.53125,0.0429663360118866,0,3.1392715754918754e-05,6.372833251953125,0,0.0002616529818624258,2.8350639695418067e-05,0,0,23.700000762939453,0,0,1600,0,50,0,0,0,50,50,200,0.0,0.0,0.0,0.0
4,158.15231323242188,309.105712890625,326.1268615722656,326.0865783691406,292.1246337890625,292.1648864746094,16515.818359375,33031.63671875,69.0475082397461,69.04702758789062,1790.153076171875,3578.697265625,1783.16943359375,3556.3037109375,284.5238342285156,61.92890548706055,7.711241210017761e-07,0,0,2574.791748046875,1291.914306640625,0,19.142078399658203,2710.025390625,11.830855369567871,11.831706047058105,907.2040405273438,1809.8316650390625,49.910160064697266,49.86412048339844,99.41617584228516,0,0,346.3532409667969,0,7.924896240234375,20.22637367248535,20.26665687561035,0,1.034000039100647,0.9067617654800415,50,2.799999952316284,2.2957351207733154,0,0,0,0,12.388057869204689,0,0,0,0.002698661759495735,-0.001350311329588294,0.0,0.0013483504299074411,100.39910125732422,100.18578338623047,789.92529296875,789.7573852539062,789.7573852539062,549.4317016601562,0,0,19.142078399658203,0.0010999999940395355,0.02200000174343586,0.03299999609589577,0.04399999603629112,5655.8173828125,114276.53125,0.0429663360118866,0,3.1392715754918754e-05,8.193642616271973,0,0.0002616529818624258,2.8350639695418067e-05,0,0,23.700000762939453,0,0,1600,0,50,0,0,0,50,50,200,0.0,0.0,0.0,0.0
5,158.1468505859375,309.1073303222656,326.1163330078125,326.07562255859375,292.1285400390625,292.1692199707031,16515.818359375,33031.63671875,69.06269836425781,69.06221771240234,1789.9024658203125,3578.078369140625,1780.1845703125,3550.330078125,284.51873779296875,61.91598892211914,1.0897970241785515e-06,0,0,2574.814697265625,1291.9967041015625,0,18.215621948242188,2711.787353515625,11.83148193359375,11.832547187805176,906.5355224609375,1808.488525390625,49.87113571166992,49.82759475708008,99.24937438964844,0,0,346.34930419921875,0,7.924896240234375,20.232952117919922,20.2736759185791,0,1.034000039100647,0.9067617654800415,50,2.799999952316284,2.294243335723877,0,0,0,0,14.595734866260365,0,0,0,0.002570580691099167,-0.0018426056485623121,0.0,0.0007279751007445157,100.40544128417969,100.25092315673828,790.1915893554688,790.0699462890625,790.0699462890625,549.5880126953125,0,0,18.215621948242188,0.0010999999940395355,0.02200000174343586,0.03299999609589577,0.04399999603629112,5655.8173828125,114276.53125,0.0429663360118866,0,3.1392715754918754e-05,10.014452934265137,0,0.0002616529818624258,2.8350639695418067e-05,0,0,23.700000762939453,0,0,1600,0,50,0,0,0,50,50,200,0.0,0.0,0.0,0.0
6,158.14572143554688,309.11248779296875,326.1061096191406,326.06500244140625,292.13482666015625,292.1759033203125,16515.818359375,33031.63671875,69.08018493652344,69.0797119140625,1789.528076171875,3577.211669921875,1777.1986083984375,3544.35693359375,284.5164489746094,61.91023635864258,-2.939646947197616e-06,0,0,2574.82470703125,1292.0948486328125,0,17.206439971923828,2713.00146484375,11.832283020019531,11.833558082580566,905.9092407226562,1807.2261962890625,49.838233947753906,49.7971076965332,99.08257293701172,0,0,346.34759521484375,0,7.924896240234375,20.241497039794922,20.2825927734375,0,1.034000039100647,0.9067617654800415,50,2.799999952316284,2.2932167053222656,0,0,0,0,15.53568478044919,0,0,0,0.0021649606060236692,-0.002187179634347558,0.0,-2.221920294687152e-05,100.37621307373047,100.29580688476562,790.3519897460938,790.2886962890625,790.2886962890625,549.6990966796875,0,0,17.206439971923828,0.0010999999940395355,0.02200000174343586,0.03299999609589577,0.04399999603629112,5655.8173828125,114276.53125,0.0429663360118866,0,3.1392715754918754e-05,11.8352632522583,0,0.0002616529818624258,2.8350639695418067e-05,0,0,23.700000762939453,0,0,1600,0,50,0,0,0,50,50,200,0.0,0.0,0.0,0.0
7,158.147705078125,309.12060546875,326.0964660644531,326.0550231933594,292.1437683105469,292.1852111816406,16515.818359375,33031.63671875,69.10013580322266,69.09966278076172,1788.985595703125,3576.009521484375,1774.215576171875,3538.380859375,284.51666259765625,61.91081237792969,-2.9335402018659806e-07,0,0,2574.822509765625,1292.2066650390625,0,16.248353958129883,2713.438232421875,11.83325481414795,11.834739685058594,905.3101196289062,1806.0181884765625,49.81305694580078,49.774383544921875,98.91576385498047,0,0,346.3479309082031,0,7.924896240234375,20.25146484375,20.29290199279785,0,1.034000039100647,0.9067617654800415,50,2.799999952316284,2.2928476333618164,0,0,0,0,15.357336000803969,0,0,0,0.0015270847361534834,-0.002319732680916786,0.0,-0.0007926479447633028,100.28694152832031,100.31195068359375,790.3532104492188,790.3728637695312,790.3728637695312,549.7445678710938,0,0,16.248353958129883,0.0010999999940395355,0.02200000174343586,0.03299999609589577,0.04399999603629112,5655.8173828125,114276.53125,0.0429663360118866,0,3.1392715754918754e-05,13.656073570251465,0,0.0002616529818624258,2.8350639695418067e-05,0,0,23.700000762939453,0,0,1600,0,50,0,0,0,50,50,200,0.0,0.0,0.0,0.0
8,158.1520538330078,309.13092041015625,326.0876770019531,326.0459899902344,292.1553955078125,292.1971130371094,16515.818359375,33031.63671875,69.12260437011719,69.12213134765625,1788.2567138671875,3574.434814453125,1771.2320556640625,3532.405517578125,284.5188903808594,61.91641616821289,2.3482571123167872e-06,0,0,2574.81298828125,1292.3316650390625,0,15.40969467163086,2712.9111328125,11.834390640258789,11.836081504821777,904.7097778320312,1804.8040771484375,49.79697799682617,49.760658264160156,98.74895477294922,0,0,346.349609375,0,7.924896240234375,20.26190948486328,20.303617477416992,0,1.034000039100647,0.9067617654800415,50,2.799999952316284,2.293292999267578,0,0,0,0,14.42220648702609,0,0,0,0.0007128971628844738,-0.002187179634347558,0.0,-0.0014742824714630842,100.1605453491211,100.29246520996094,790.1848754882812,790.2886962890625,790.2886962890625,549.7070922851562,0,0,15.40969467163086,0.0010999999940395355,0.02200000174343586,0.03299999609589577,0.04399999603629112,5655.8173828125,114276.53125,0.0429663360118866,0,3.1392715754918754e-05,15.476883888244629,0,0.0002616529818624258,2.8350639695418067e-05,0,0,23.700000762939453,0,0,1600,0,50,0,0,0,50,50,200,0.0,0.0,0.0,0.0
9,158.1580047607422,309.1426086425781,326.07965087890625,326.0376892089844,292.1697692871094,292.2117614746094,16515.818359375,33031.63671875,69.14753723144531,69.1470718383789,1787.354736328125,3572.515380859375,1768.2498779296875,3526.428955078125,284.5225830078125,61.925750732421875,-1.1142250286866329e-06,0,0,2574.797119140625,1292.4677734375,0,14.715561866760254,2711.4765625,11.835681915283203,11.837573051452637,904.0747680664062,1803.5234375,49.789432525634766,49.755435943603516,98.5821533203125,0,0,346.3522644042969,0,7.924896240234375,20.272624969482422,20.314603805541992,0,1.034000039100647,0.9067617654800415,50,2.799999952316284,2.294506549835205,0,0,0,0,12.918285819582666,0,0,0,-0.00020561796554829925,-0.0018039399292320013,0.0,-0.0020095580257475376,100.02140808105469,100.23942565917969,789.8737182617188,790.04541015625,790.04541015625,549.5910034179688,0,0,14.715561866760254,0.0010999999940395355,0.02200000174343586,0.03299999609589577,0.04399999603629112,5655.8173828125,114276.53125,0.0429663360118866,0,3.1392715754918754e-05,17.297693252563477,0,0.0002616529818624258,2.8350639695418067e-05,0,0,23.700000762939453,0,0,1600,0,50,0,0,0,50,50,200,0.0,0.0,0.0,0.0
10,158.16470336914062,309.1548156738281,326.0721740722656,326.0299072265625,292.1867370605469,292.2289123535156,16515.818359375,33031.63671875,69.17479705810547,69.17433166503906,1786.30615234375,3570.3017578125,1765.264892578125,3520.455078125,284.52716064453125,61.9372673034668,-1.948048748090514e-06,0,0,2574.77783203125,1292.6138916015625,0,14.167205810546875,2709.31396484375,11.837116241455078,11.83920955657959,903.37744140625,1802.117919921875,49.78898620605469,49.757320404052734,98.41534423828125,0,0,346.3555603027344,0,7.924896240234375,20.28340721130371,20.32565689086914,0,1.034000039100647,0.9067617654800415,50,2.799999952316284,2.296337842941284,0,0,0,0,11.081768588976898,0,0,0,-0.0011671026004478335,-0.0012188262771815062,0.0,-0.0023859289940446615,99.87488555908203,100.15948486328125,789.4498291015625,789.6738891601562,789.6738891601562,549.4113159179688,0,0,14.167205810546875,0.0010999999940395355,0.02200000174343586,0.03299999609589577,0.04399999603629112,5655.8173828125,114276.53125,0.0429663360118866,0,3.1392715754918754e-05,19.118501663208008,0,0.0002616529818624258,2.8350639695418067e-05,0,0,23.700000762939453,0,0,1600,0,50,0,0,0,50,50,200,0.0,0.0,0.0,0.0
11,158.17147827148438,309.16705322265625,326.0649108886719,326.0224609375,292.2060546875,292.2484436035156,16515.818359375,33031.63671875,69.20416259765625,69.20369720458984,1785.1390380859375,3567.8515625,1762.285888671875,3514.47509765625,284.5320129394531,61.949562072753906,-1.2493727581386338e-06,0,0,2574.7578125,1292.7684326171875,0,13.76337718963623,2706.604736328125,11.838685989379883,11.840975761413574,902.6027221679688,1800.5577392578125,49.79420471191406,49.76482009887695,98.24854278564453,0,0,346.35906982421875,0,7.924896240234375,20.294157028198242,20.33660888671875,0,1.034000039100647,0.9067617654800415,50,2.799999952316284,2.2986364364624023,0,0,0,0,9.134385166699264,0,0,0,-0.0021315126214176416,-0.00048129275091923773,0.0,-0.0026128054596483707,99.72852325439453,100.059326171875,788.9451904296875,789.2056274414062,789.2056274414062,549.1832885742188,0,0,13.76337718963623,0.0010999999940395355,0.02200000174343586,0.03299999609589577,0.04399999603629112,5655.8173828125,114276.53125,0.0429663360118866,0,3.1392715754918754e-05,20.93931007385254,0,0.0002616529818624258,2.8350639695418067e-05,0,0,23.700000762939453,0,0,1600,0,50,0,0,0,50,50,200,0.0,0.0,0.0,0.0
12,158.177978515625,309.17901611328125,326.0575256347656,326.0148620605469,292.22760009765625,292.2701721191406,16515.818359375,33031.63671875,69.23539733886719,69.23493194580078,1783.880859375,3565.21875,1759.2969970703125,3508.505126953125,284.5368347167969,61.96172332763672,3.855012664644164e-07,0,0,2574.737548828125,1292.930419921875,0,13.510444641113281,2703.529296875,11.840378761291504,11.842864036560059,901.7444458007812,1798.8328857421875,49.803619384765625,49.7765007019043,98.08174133300781,0,0,346.36248779296875,0,7.924896240234375,20.304973602294922,20.34762954711914,0,1.034000039100647,0.9067617654800415,50,2.799999952316284,2.301251173019409,0,0,0,0,7.220743541371622,0,0,0,-0.0030747971031814814,0.0003586731036193669,0.0,-0.0027161238249391317,99.58732604980469,99.94563293457031,788.3902587890625,788.6723022460938,788.6723022460938,548.9226684570312,0,0,13.510444641113281,0.0010999999940395355,0.02200000174343586,0.03299999609589577,0.04399999603629112,5655.8173828125,114276.53125,0.0429663360118866,0,3.1392715754918754e-05,22.76011848449707,0,0.0002616529818624258,2.8350639695418067e-05,0,0,23.700000762939453,0,0,1600,0,50,0,0,0,50,50,200,0.0,0.0,0.0,0.0
13,158.1839599609375,309.19061279296875,326.0497131347656,326.0069274902344,292.2510986328125,292.2938537597656,16515.818359375,33031.63671875,69.26824951171875,69.26778411865234,1782.555908203125,3562.451416015625,1756.31689453125,3502.526123046875,284.5413513183594,61.97311782836914,2.230899099231465e-06,0,0,2574.718994140625,1293.0989990234375,0,13.321014404296875,2700.248046875,11.84218978881836,11.844865798950195,900.8062744140625,1796.94384765625,49.81597900390625,49.79108810424805,97.91492462158203,0,0,346.3656921386719,0,7.924896240234375,20.31599235534668,20.35878562927246,0,1.034000039100647,0.9067617654800415,50,2.799999952316284,2.3040478229522705,0,0,0,0,5.427608405574424,0,0,0,-0.003988920245319605,0.0012567444937303662,0.0,-0.002732175635173917,99.45381164550781,99.82432556152344,787.8104248046875,788.1021118164062,788.1021118164062,548.6434936523438,0,0,13.321014404296875,0.0010999999940395355,0.02200000174343586,0.03299999609589577,0.04399999603629112,5655.8173828125,114276.53125,0.0429663360118866,0,3.1392715754918754e-05,24.5809268951416,0,0.0002616529818624258,2.8350639695418067e-05,0,0,23.700000762939453,0,0,1600,0,50,0,0,0,50,50,200,0.0,0.0,0.0,0.0
14,158.1893768310547,309.2018737792969,326.0412902832031,325.9983825683594,292.2764587402344,292.3193359375,16515.818359375,33031.63671875,69.302490234375,69.30203247070312,1781.18115234375,3559.5869140625,1753.3326416015625,3496.552001953125,284.54547119140625,61.9835319519043,3.657590468719718e-06,0,0,2574.701904296875,1293.273193359375,0,13.169625282287598,2696.88525390625,11.844109535217285,11.84697437286377,899.7984008789062,1794.91796875,49.83026885986328,49.80756759643555,97.74812316894531,0,0,346.3686218261719,0,7.924896240234375,20.32731819152832,20.37024688720703,0,1.034000039100647,0.9067617654800415,50,2.799999952316284,2.3069205284118652,0,0,0,0,3.798361854116239,0,0,0,-0.004876533057540655,0.002178100636228919,0.0,-0.002698432421311736,99.32733154296875,99.70001220703125,787.2237548828125,787.51708984375,787.51708984375,548.356689453125,0,0,13.169625282287598,0.0010999999940395355,0.02200000174343586,0.03299999609589577,0.04399999603629112,5655.8173828125,114276.53125,0.0429663360118866,0,3.1392715754918754e-05,26.401735305786133,0,0.0002616529818624258,2.8350639695418067e-05,0,0,23.700000762939453,0,0,1600,0,50,0,0,0,50,50,200,0.0,0.0,0.0,0.0
15,158.19430541992188,309.212890625,326.0321960449219,325.9891052246094,292.30340576171875,292.3464660644531,16515.818359375,33031.63671875,69.33792877197266,69.33747863769531,1779.769775390625,3556.64892578125,1750.35107421875,3490.57470703125,284.5492248535156,61.993003845214844,-1.600820240810208e-07,0,0,2574.686767578125,1293.4527587890625,0,13.022171974182129,2693.520263671875,11.846131324768066,11.84918212890625,898.7290649414062,1792.769287109375,49.84581756591797,49.82528305053711,97.58131408691406,0,0,346.37127685546875,0,7.924896240234375,20.33908462524414,20.38214874267578,0,1.034000039100647,0.9067617654800415,50,2.799999952316284,2.309802770614624,0,0,0,0,2.3185431887275443,0,0,0,-0.005745640490204096,0.003100631758570671,0.0,-0.0026450087316334248,99.20660400390625,99.57560729980469,786.6409301757812,786.931396484375,786.931396484375,548.0693969726562,0,0,13.022171974182129,0.0010999999940395355,0.02200000174343586,0.03299999609589577,0.04399999603629112,5655.8173828125,114276.53125,0.0429663360118866,0,3.1392715754918754e-05,28.222543716430664,0,0.0002616529818624258,2.8350639695418067e-05,0,0,23.700000762939453,0,0,1600,0,50,0,0,0,50,50,200,0.0,0.0,0.0,0.0
16,158.19891357421875,309.2238464355469,326.0223083496094,325.9791259765625,292.33184814453125,292.37506103515625,16515.818359375,33031.63671875,69.3744125366211,69.37396240234375,1778.3272705078125,3553.6494140625,1747.3665771484375,3484.60009765625,284.55267333984375,62.001747131347656,2.0428469724720344e-06,0,0,2574.672119140625,1293.6373291015625,0,12.859160423278809,2690.1953125,11.848252296447754,11.851486206054688,897.612548828125,1790.52685546875,49.86225891113281,49.84389114379883,97.41451263427734,0,0,346.3736877441406,0,7.924896240234375,20.351360321044922,20.394559860229492,0,1.034000039100647,0.9067617654800415,50,2.799999952316284,2.312657594680786,0,0,0,0,0.9592309499988798,0,0,0,-0.006609604228287935,0.004012161400169134,0.0,-0.002597442828118801,99.08943939208984,99.45269012451172,786.0667114257812,786.3526000976562,786.3526000976562,547.7854614257812,0,0,12.859160423278809,0.0010999999940395355,0.02200000174343586,0.03299999609589577,0.04399999603629112,5655.8173828125,114276.53125,0.0429663360118866,0,3.1392715754918754e-05,30.043352127075195,0,0.0002616529818624258,2.8350639695418067e-05,0,0,23.700000762939453,0,0,1600,0,50,0,0,0,50,50,200,0.0,0.0,0.0,0.0
17,158.20338439941406,309.2348937988281,326.01165771484375,325.9683532714844,292.3616638183594,292.40496826171875,16515.818359375,33031.63671875,69.41180419921875,69.41136169433594,1776.8546142578125,3550.58935546875,1744.38232421875,3478.62548828125,284.5559997558594,62.01008605957031,-4.162372533755843e-06,0,0,2574.658935546875,1293.8262939453125,0,12.661816596984863,2686.919921875,11.850467681884766,11.853883743286133,896.4592895507812,1788.210693359375,49.87949752807617,49.8632698059082,97.24771118164062,0,0,346.3759765625,0,7.924896240234375,20.36431312561035,20.40761375427246,0,1.034000039100647,0.9067617654800415,50,2.799999952316284,2.315476655960083,0,0,0,0,0.0,0,0,0,-0.007481799926608801,0.004909805487841368,0.0,-0.0025719942059367895,98.97293090820312,99.33160400390625,785.5003662109375,785.78271484375,785.78271484375,547.5060424804688,0,0,12.661816596984863,0.0010999999940395355,0.02200000174343586,0.03299999609589577,0.04399999603629112,5655.8173828125,114276.53125,0.0429663360118866,0,3.1392715754918754e-05,31.864160537719727,0,0.0002616529818624258,2.8350639695418067e-05,0,0,23.700000762939453,0,0,1600,0,50,0,0,0,50,50,200,0.0,0.0,0.0,0.0
18,158.20785522460938,309.2462463378906,326.00030517578125,325.9568786621094,292.39276123046875,292.4361877441406,16515.818359375,33031.63671875,69.45004272460938,69.44960021972656,1775.3505859375,3547.467529296875,1741.3994140625,3472.6494140625,284.5592346191406,62.018310546875,4.109380370209692e-06,0,0,2574.6455078125,1294.01953125,0,12.434879302978516,2683.678466796875,11.852774620056152,11.856369018554688,895.2818603515625,1785.843994140625,49.89759826660156,49.88347625732422,97.08090209960938,0,0,346.3782958984375,0,7.924896240234375,20.37797737121582,20.421415328979492,0,1.034000039100647,0.9067617654800415,50,2.799999952316284,2.3182733058929443,0,0,0,0,0.0,0,0,0,-0.008378290571272373,0.005797622725367546,0.0,-0.00258066738024354,98.85458374023438,99.21177673339844,784.9378051757812,785.218994140625,785.218994140625,547.229736328125,0,0,12.434879302978516,0.0010999999940395355,0.02200000174343586,0.03299999609589577,0.04399999603629112,5655.8173828125,114276.53125,0.0429663360118866,0,3.1392715754918754e-05,33.68497085571289,0,0.0002616529818624258,2.8350639695418067e-05,0,0,23.700000762939453,0,0,1600,0,50,0,0,0,50,50,200,0.0,0.0,0.0,0.0
19,158.21249389648438,309.2579650878906,325.9883728027344,325.9447937011719,292.4250793457031,292.46856689453125,16515.818359375,33031.63671875,69.48905181884766,69.48860931396484,1773.809814453125,3544.2724609375,1738.4149169921875,3466.67529296875,284.5625915527344,62.02672576904297,-1.1114188964711502e-06,0,0,2574.632080078125,1294.2169189453125,0,12.171553611755371,2680.439208984375,11.855171203613281,11.858941078186035,894.0850830078125,1783.44140625,49.91679000854492,49.90474319458008,96.91409301757812,0,0,346.3805847167969,0,7.924896240234375,20.39221954345703,20.435791015625,0,1.034000039100647,0.9067617654800415,50,2.799999952316284,2.321075201034546,0,0,0,0,0.0,0,0,0,-0.009301772341132164,0.006684372201561928,-9.999999747378752e-05,-0.0027173999696969986,98.73233795166016,99.0920181274414,784.3728637695312,784.656005859375,784.656005859375,546.9540405273438,0,0,12.171553611755371,0.0010999999940395355,0.02200000174343586,0.03299999609589577,0.04399999603629112,5655.8173828125,114276.53125,0.0429663360118866,0,3.1392715754918754e-05,35.50577926635742,0,0.0002616529818624258,2.8350639695418067e-05,0,0,23.700000762939453,0,0,1600,0,50,0,0,0,50,50,200,0.0,0.0,0.0,0.0
20,158.2173614501953,309.2701416015625,325.9759216308594,325.9322509765625,292.45849609375,292.5021057128906,16515.818359375,33031.63671875,69.52879333496094,69.52835845947266,1772.2177734375,3540.974609375,1735.42919921875,3460.70263671875,284.5660705566406,62.035518646240234,-1.9911237814085325e-06,0,0,2574.61767578125,1294.4188232421875,0,11.882723808288574,2677.119384765625,11.85765266418457,11.861595153808594,892.8739624023438,1781.0123291015625,49.937625885009766,49.927642822265625,96.7472915649414,0,0,346.3830261230469,0,7.924896240234375,20.4071044921875,20.45077896118164,0,1.034000039100647,0.9067617654800415,50,2.799999952316284,2.32395339012146,0,0,0,0,0.0,0,0,0,-0.01026297640055418,0.007592910900712013,-0.0003000000142492354,-0.0029700652230530977,98.58006286621094,98.96929168701172,783.7727661132812,784.0791625976562,784.0791625976562,546.6715698242188,0,0,11.882723808288574,0.0010999999940395355,0.02200000174343586,0.03299999609589577,0.04399999603629112,5655.8173828125,114276.53125,0.0429663360118866,0,3.1392715754918754e-05,37.32658767700195,0,0.0002616529818624258,2.8350639695418067e-05,0,0,23.700000762939453,0,0,1600,0,50,0,0,0,50,50,200,0.0,0.0,0.0,0.0
21,158.22247314453125,309.28265380859375,325.96307373046875,325.9193420410156,292.4930114746094,292.5367431640625,16515.818359375,33031.63671875,69.56925964355469,69.5688247680664,1770.5472412109375,3537.520263671875,1732.4449462890625,3454.727783203125,284.5697326660156,62.0447883605957,-4.695002644439228e-06,0,0,2574.6025390625,1294.6236572265625,0,11.575008392333984,2673.524169921875,11.860218048095703,11.864330291748047,891.6504516601562,1778.5560302734375,49.96156692504883,49.95360565185547,96.58048248291016,0,0,346.3855895996094,0,7.924896240234375,20.42249870300293,20.46624183654785,0,1.034000039100647,0.9067617654800415,50,2.799999952316284,2.327078342437744,0,0,0,0,0.0,0,0,0,-0.011251216754317284,0.008577713742852211,-0.0004999999655410647,-0.00317350379191339,98.41680145263672,98.83638763427734,783.1235961914062,783.453857421875,783.453857421875,546.3651123046875,0,0,11.575008392333984,0.0010999999940395355,0.02200000174343586,0.03299999609589577,0.04399999603629112,5655.8173828125,114276.53125,0.0429663360118866,0,3.1392715754918754e-05,39.147396087646484,0,0.0002616529818624258,2.8350639695418067e-05,0,0,23.700000762939453,0,0,1600,0,50,0,0,0,50,50,200,0.0,0.0,0.0,0.0
22,158.22763061523438,309.2952880859375,325.9499206542969,325.9060363769531,292.52850341796875,292.5722961425781,16515.818359375,33031.63671875,69.61038970947266,69.60995483398438,1768.8057861328125,3533.922607421875,1729.46240234375,3448.75146484375,284.5735168457031,62.05434036254883,3.6884880501020234e-06,0,0,2574.587158203125,1294.8316650390625,0,11.265503883361816,2669.672607421875,11.862859725952148,11.867140769958496,890.4058227539062,1776.0545654296875,49.98841094970703,49.98243713378906,96.41368103027344,0,0,346.38824462890625,0,7.924896240234375,20.438335418701172,20.48221206665039,0,1.034000039100647,0.9067617654800415,50,2.799999952316284,2.3304355144500732,0,0,0,0,0.0,0,0,0,-0.012250442057847977,0.009633759036660194,-0.000699999975040555,-0.0033166827633976936,98.2509765625,98.69400024414062,782.4346313476562,782.7833862304688,782.7833862304688,546.0361328125,0,0,11.265503883361816,0.0010999999940395355,0.02200000174343586,0.03299999609589577,0.04399999603629112,5655.8173828125,114276.53125,0.0429663360118866,0,3.1392715754918754e-05,40.968204498291016,0,0.0002616529818624258,2.8350639695418067e-05,0,0,23.700000762939453,0,0,1600,0,50,0,0,0,50,50,200,0.0,0.0,0.0,0.0
23,158.23269653320312,309.307861328125,325.9363098144531,325.8923645019531,292.56488037109375,292.6087951660156,16515.818359375,33031.63671875,69.65211486816406,69.65168762207031,1767.0029296875,3530.203125,1726.478759765625,3442.776123046875,284.5773010253906,62.0638542175293,-4.3738336898968555e-06,0,0,2574.572021484375,1295.0419921875,0,11.021490097045898,2665.62890625,11.865575790405273,11.870020866394043,889.1365356445312,1773.5059814453125,50.017662048339844,50.01359176635742,96.24687194824219,0,0,346.390869140625,0,7.924896240234375,20.45454216003418,20.49848747253418,0,1.034000039100647,0.9067617654800415,50,2.799999952316284,2.3339710235595703,0,0,0,0,0.0,0,0,0,-0.01324457861483097,0.010743530467152596,-0.0009000000427477062,-0.0034010480158030987,98.08522033691406,98.54450225830078,781.7172241210938,782.0787353515625,782.0787353515625,545.690185546875,0,0,11.021490097045898,0.0010999999940395355,0.02200000174343586,0.03299999609589577,0.04399999603629112,5655.8173828125,114276.53125,0.0429663360118866,0,3.1392715754918754e-05,42.78901290893555,0,0.0002616529818624258,2.8350639695418067e-05,0,0,23.700000762939453,0,0,1600,0,50,0,0,0,50,50,200,0.0,0.0,0.0,0.0
24,158.2375030517578,309.3203125,325.9223327636719,325.8782958984375,292.60205078125,292.6460266113281,16515.818359375,33031.63671875,69.69436645507812,69.69395446777344,1765.1484375,3526.381103515625,1723.4932861328125,3436.802734375,284.5809020996094,62.0730094909668,-3.2364760045311414e-06,0,0,2574.556884765625,1295.254638671875,0,10.798351287841797,2661.457763671875,11.868361473083496,11.872969627380371,887.8392333984375,1770.9044189453125,50.04872131347656,50.046600341796875,96.08006286621094,0,0,346.3934020996094,0,7.924896240234375,20.47109031677246,20.515104293823242,0,1.034000039100647,0.9067617654800415,50,2.799999952316284,2.3376288414001465,0,0,0,0,0.0,0,0,0,-0.01422826200723648,0.011888978071510792,-0.0011000001104548573,-0.0034392843954265118,97.9219741821289,98.39030456542969,780.9828491210938,781.3515014648438,781.3515014648438,545.332763671875,0,0,10.798351287841797,0.0010999999940395355,0.02200000174343586,0.03299999609589577,0.04399999603629112,5655.8173828125,114276.53125,0.0429663360118866,0,3.1392715754918754e-05,44.60982131958008,0,0.0002616529818624258,2.8350639695418067e-05,0,0,23.700000762939453,0,0,1600,0,50,0,0,0,50,50,200,0.0,0.0,0.0,0.0
25,158.24195861816406,309.33258056640625,325.9078674316406,325.8638000488281,292.639892578125,292.6839904785156,16515.818359375,33031.63671875,69.73707580566406,69.73666381835938,1763.251953125,3522.477294921875,1720.5106201171875,3430.82666015625,284.5843200683594,62.08159255981445,-4.1644034354249015e-06,0,0,2574.54296875,1295.46875,0,10.591531753540039,2657.2197265625,11.871211051940918,11.87597942352295,886.5181884765625,1768.2509765625,50.081085205078125,50.08094024658203,95.91326141357422,0,0,346.3957824707031,0,7.924896240234375,20.4879093170166,20.53199005126953,0,1.034000039100647,0.9067617654800415,50,2.799999952316284,2.3413572311401367,0,0,0,0,0.0,0,0,0,-0.015198802575469017,0.013053330592811108,-0.0013000001199543476,-0.003445472801104188,97.76142883300781,98.23362731933594,780.240478515625,780.6121826171875,780.6121826171875,544.9693603515625,0,0,10.591531753540039,0.0010999999940395355,0.02200000174343586,0.03299999609589577,0.04399999603629112,5655.8173828125,114276.53125,0.0429663360118866,0,3.1392715754918754e-05,46.43062973022461,0,0.0002616529818624258,2.8350639695418067e-05,0,0,23.700000762939453,0,0,1600,0,50,0,0,0,50,50,200,0.0,0.0,0.0,0.0
26,158.24607849121094,309.34466552734375,325.8929748535156,325.8488464355469,292.6783447265625,292.7225036621094,16515.818359375,33031.63671875,69.78015899658203,69.77974700927734,1761.320556640625,3518.501708984375,1717.530029296875,3424.848388671875,284.5874328613281,62.08953857421875,4.236722361383727e-06,0,0,2574.5302734375,1295.6845703125,0,10.42615032196045,2652.95849609375,11.874125480651855,11.879050254821777,885.1718139648438,1765.5482177734375,50.11451721191406,50.116214752197266,95.7464599609375,0,0,346.3979797363281,0,7.924896240234375,20.5049991607666,20.54914665222168,0,1.034000039100647,0.9067617654800415,50,2.799999952316284,2.3451180458068848,0,0,0,0,0.0,0,0,0,-0.01615350879728794,0.014224518090486526,-0.0015000002458691597,-0.003428990487009287,97.60401916503906,98.07609558105469,779.4969482421875,779.8685913085938,779.8685913085938,544.6036376953125,0,0,10.42615032196045,0.0010999999940395355,0.02200000174343586,0.03299999609589577,0.04399999603629112,5655.8173828125,114276.53125,0.0429663360118866,0,3.1392715754918754e-05,48.25143814086914,0,0.0002616529818624258,2.8350639695418067e-05,0,0,23.700000762939453,0,0,1600,0,50,0,0,0,50,50,200,0.0,0.0,0.0,0.0
27,158.2498779296875,309.3565979003906,325.87762451171875,325.8333740234375,292.7173156738281,292.7615966796875,16515.818359375,33031.63671875,69.82355499267578,69.82315063476562,1759.358642578125,3514.4658203125,1714.54638671875,3418.873046875,284.59033203125,62.096858978271484,2.438453975628363e-06,0,0,2574.5185546875,1295.90185546875,0,10.249773025512695,2648.705322265625,11.877097129821777,11.88217830657959,883.8036499023438,1762.8023681640625,50.14862823486328,50.15219497680664,95.57965087890625,0,0,346.3999938964844,0,7.924896240234375,20.52235984802246,20.56661033630371,0,1.034000039100647,0.9067617654800415,50,2.799999952316284,2.3488833904266357,0,0,0,0,0.0,0,0,0,-0.017097730189561844,0.015393678098917007,-0.0017000001389533281,-0.0034040522295981646,97.4496078491211,97.91886901855469,778.7568969726562,779.1262817382812,779.1262817382812,544.2384033203125,0,0,10.249773025512695,0.0010999999940395355,0.02200000174343586,0.03299999609589577,0.04399999603629112,5655.8173828125,114276.53125,0.0429663360118866,0,3.1392715754918754e-05,50.07224655151367,0,0.0002616529818624258,2.8350639695418067e-05,0,0,23.700000762939453,0,0,1600,0,50,0,0,0,50,50,200,0.0,0.0,0.0,0.0
28,158.25340270996094,309.36846923828125,325.86181640625,325.8174743652344,292.7568054199219,292.8011474609375,16515.818359375,33031.63671875,69.86721801757812,69.8668212890625,1757.3680419921875,3510.376708984375,1711.5609130859375,3412.899658203125,284.593017578125,62.10363006591797,2.0609468265320174e-06,0,0,2574.50732421875,1296.1204833984375,0,10.071405410766602,2644.479736328125,11.880127906799316,11.885360717773438,882.4225463867188,1760.0289306640625,50.18327331542969,50.188716888427734,95.412841796875,0,0,346.4018859863281,0,7.924896240234375,20.54006004333496,20.58441162109375,0,1.034000039100647,0.9067617654800415,50,2.799999952316284,2.3526368141174316,0,0,0,0,0.0,0,0,0,-0.01803682930767536,0.016555359587073326,-0.0019000000320374966,-0.0033814692869782448,97.29664611816406,97.76264953613281,778.0218505859375,778.388671875,778.388671875,543.8756103515625,0,0,10.071405410766602,0.0010999999940395355,0.02200000174343586,0.03299999609589577,0.04399999603629112,5655.8173828125,114276.53125,0.0429663360118866,0,3.1392715754918754e-05,51.8930549621582,0,0.0002616529818624258,2.8350639695418067e-05,0,0,23.700000762939453,0,0,1600,0,50,0,0,0,50,50,200,0.0,0.0,0.0,0.0
29,158.25674438476562,309.3803405761719,325.8456115722656,325.8011779785156,292.7966613769531,292.84112548828125,16515.818359375,33031.63671875,69.91111755371094,69.91072082519531,1755.3516845703125,3506.232421875,1708.5743408203125,3406.927490234375,284.5955505371094,62.10997772216797,1.005987542157527e-06,0,0,2574.497314453125,1296.340087890625,0,9.880343437194824,2640.283203125,11.88321304321289,11.888595581054688,881.0293579101562,1757.23291015625,50.21846389770508,50.2256965637207,95.24604034423828,0,0,346.40362548828125,0,7.924896240234375,20.55799674987793,20.60245132446289,0,1.034000039100647,0.9067617654800415,50,2.799999952316284,2.3563761711120605,0,0,0,0,0.0,0,0,0,-0.01897616684436798,0.017708923667669296,-0.002099999925121665,-0.0033672417048364878,97.14437103271484,97.60751342773438,777.2916870117188,777.65625,777.65625,543.5153198242188,0,0,9.880343437194824,0.0010999999940395355,0.02200000174343586,0.03299999609589577,0.04399999603629112,5655.8173828125,114276.53125,0.0429663360118866,0,3.1392715754918754e-05,53.713863372802734,0,0.0002616529818624258,2.8350639695418067e-05,0,0,23.700000762939453,0,0,1600,0,50,0,0,0,50,50,200,0.0,0.0,0.0,0.0
30,158.25994873046875,309.39227294921875,325.8290710449219,325.7845458984375,292.8369140625,292.8814392089844,16515.818359375,33031.63671875,69.9552230834961,69.954833984375,1753.307861328125,3502.03466796875,1705.593505859375,3400.949462890625,284.59796142578125,62.11602783203125,-2.8246377041796222e-06,0,0,2574.487548828125,1296.5615234375,0,9.674505233764648,2636.10986328125,11.886351585388184,11.891879081726074,879.6271362304688,1754.419189453125,50.254173278808594,50.26317596435547,95.07923126220703,0,0,346.4053039550781,0,7.924896240234375,20.57624053955078,20.62076187133789,0,1.034000039100647,0.9067617654800415,50,2.799999952316284,2.3601067066192627,0,0,0,0,0.0,0,0,0,-0.019921114668250084,0.018855974078178406,-0.0022999998182058334,-0.0033651399426162243,96.99185180664062,97.45323181152344,776.5647583007812,776.927978515625,776.927978515625,543.1571655273438,0,0,9.674505233764648,0.0010999999940395355,0.02200000174343586,0.03299999609589577,0.04399999603629112,5655.8173828125,114276.53125,0.0429663360118866,0,3.1392715754918754e-05,55.534671783447266,0,0.0002616529818624258,2.8350639695418067e-05,0,0,23.700000762939453,0,0,1600,0,50,0,0,0,50,50,200,0.0,0.0,0.0,0.0
31,158.2631072998047,309.404296875,325.8122253417969,325.76763916015625,292.8775329589844,292.922119140625,16515.818359375,33031.63671875,69.99952697753906,69.99913787841797,1751.2340087890625,3497.779052734375,1702.6065673828125,3394.977294921875,284.60028076171875,62.121910095214844,-3.1239946451933065e-07,0,0,2574.47802734375,1296.7835693359375,0,9.45590591430664,2631.948486328125,11.889540672302246,11.895212173461914,878.2199096679688,1751.595703125,50.29047393798828,50.30125045776367,94.91242980957031,0,0,346.4069519042969,0,7.924896240234375,20.5947208404541,20.639310836791992,0,1.034000039100647,0.9067617654800415,50,2.799999952316284,2.3638381958007812,0,0,0,0,0.0,0,0,0,-0.02087436057627201,0.019999604672193527,-0.002499999711290002,-0.0033747560810297728,96.83848571777344,97.29938507080078,775.8390502929688,776.2018432617188,776.2018432617188,542.800048828125,0,0,9.45590591430664,0.0010999999940395355,0.02200000174343586,0.03299999609589577,0.04399999603629112,5655.8173828125,114276.53125,0.0429663360118866,0,3.1392715754918754e-05,57.3554801940918,0,0.0002616529818624258,2.8350639695418067e-05,0,0,23.700000762939453,0,0,1600,0,50,0,0,0,50,50,200,0.0,0.0,0.0,0.0
32,158.26620483398438,309.4164733886719,325.79510498046875,325.75042724609375,292.91851806640625,292.9631652832031,16515.818359375,33031.63671875,70.04401397705078,70.04363250732422,1749.130615234375,3493.461669921875,1699.623046875,3389.002197265625,284.6025695800781,62.12769317626953,-2.270628328915336e-06,0,0,2574.468505859375,1297.0068359375,0,9.22863483428955,2627.787353515625,11.892780303955078,11.89859390258789,876.8089599609375,1748.76416015625,50.327476501464844,50.33995056152344,94.74562072753906,0,0,346.4085388183594,0,7.924896240234375,20.61343765258789,20.65809440612793,0,1.034000039100647,0.9067617654800415,50,2.799999952316284,2.367581367492676,0,0,0,0,0.0,0,0,0,-0.0218385998159647,0.02114291489124298,-0.0026999996043741703,-0.0033956849947571754,96.68354034423828,97.14556121826172,775.1122436523438,775.4759521484375,775.4759521484375,542.4431762695312,0,0,9.22863483428955,0.0010999999940395355,0.02200000174343586,0.03299999609589577,0.04399999603629112,5655.8173828125,114276.53125,0.0429663360118866,0,3.1392715754918754e-05,59.17628860473633,0,0.0002616529818624258,2.8350639695418067e-05,0,0,23.700000762939453,0,0,1600,0,50,0,0,0,50,50,200,0.0,0.0,0.0,0.0
33,158.26930236816406,309.42877197265625,325.7778015136719,325.7330627441406,292.95977783203125,293.0044860839844,16515.818359375,33031.63671875,70.08868408203125,70.08831024169922,1746.9945068359375,3489.080078125,1696.639404296875,3383.02685546875,284.6048278808594,62.133426666259766,-1.1462232123449212e-06,0,0,2574.459228515625,1297.2315673828125,0,8.979926109313965,2623.612548828125,11.896066665649414,11.902020454406738,875.3953247070312,1745.927490234375,50.36521911621094,50.379398345947266,94.57881164550781,0,0,346.41009521484375,0,7.924896240234375,20.632291793823242,20.67701530456543,0,1.034000039100647,0.9067617654800415,50,2.799999952316284,2.3713488578796387,0,0,0,0,0.0,0,0,0,-0.022813839837908745,0.022289855405688286,-0.0028999994974583387,-0.003423982998356223,96.52688598632812,96.99121856689453,774.3822021484375,774.7477416992188,774.7477416992188,542.085205078125,0,0,8.979926109313965,0.0010999999940395355,0.02200000174343586,0.03299999609589577,0.04399999603629112,5655.8173828125,114276.53125,0.0429663360118866,0,3.1392715754918754e-05,60.99709701538086,0,0.0002616529818624258,2.8350639695418067e-05,0,0,23.700000762939453,0,0,1600,0,50,0,0,0,50,50,200,0.0,0.0,0.0,0.0
34,158.27235412597656,309.4412841796875,325.7603759765625,325.7155456542969,293.0013427734375,293.046142578125,16515.818359375,33031.63671875,70.13353729248047,70.13316345214844,1744.8245849609375,3484.6328125,1693.6556396484375,3377.052001953125,284.60711669921875,62.139129638671875,-4.669880127039505e-06,0,0,2574.449951171875,1297.457275390625,0,8.75705623626709,2619.4140625,11.89940071105957,11.905489921569824,873.9800415039062,1743.0877685546875,50.40376663208008,50.41962814331055,94.4120101928711,0,0,346.41168212890625,0,7.924896240234375,20.65131378173828,20.69614028930664,0,1.034000039100647,0.9067617654800415,50,2.799999952316284,2.375149726867676,0,0,0,0,0.0,0,0,0,-0.023805465549230576,0.023443100973963737,-0.003099999390542507,-0.0034623630344867706,96.36824798583984,96.83600616455078,773.6472778320312,774.0155029296875,774.0155029296875,541.7252807617188,0,0,8.75705623626709,0.0010999999940395355,0.02200000174343586,0.03299999609589577,0.04399999603629112,5655.8173828125,114276.53125,0.0429663360118866,0,3.1392715754918754e-05,62.81790542602539,0,0.0002616529818624258,2.8350639695418067e-05,0,0,23.700000762939453,0,0,1600,0,50,0,0,0,50,50,200,0.0,0.0,0.0,0.0
35,158.27540588378906,309.4538879394531,325.7428283691406,325.69793701171875,293.0431823730469,293.0880432128906,16515.818359375,33031.63671875,70.17857360839844,70.17820739746094,1742.620361328125,3480.1162109375,1690.6741943359375,3371.074462890625,284.6093444824219,62.144805908203125,-1.62485650889721e-06,0,0,2574.441162109375,1297.68408203125,0,8.518205642700195,2615.181640625,11.902779579162598,11.909002304077148,872.5621948242188,1740.239501953125,50.443241119384766,50.460693359375,94.24520874023438,0,0,346.4132385253906,0,7.924896240234375,20.6704044342041,20.715299606323242,0,1.034000039100647,0.9067617654800415,50,2.799999952316284,2.378993511199951,0,0,0,0,0.0,0,0,0,-0.024802733212709427,0.024605637416243553,-0.0032999992836266756,-0.0034970941487699747,96.2077865600586,96.6795425415039,772.9060668945312,773.2774047851562,773.2774047851562,541.3624877929688,0,0,8.518205642700195,0.0010999999940395355,0.02200000174343586,0.03299999609589577,0.04399999603629112,5655.8173828125,114276.53125,0.0429663360118866,0,3.1392715754918754e-05,64.63871765136719,0,0.0002616529818624258,2.8350639695418067e-05,0,0,23.700000762939453,0,0,1600,0,50,0,0,0,50,50,200,0.0,0.0,0.0,0.0
36,158.27842712402344,309.4665832519531,325.7251892089844,325.6802062988281,293.0852966308594,293.13031005859375,16515.818359375,33031.63671875,70.22378540039062,70.22342681884766,1740.3809814453125,3475.53173828125,1687.688720703125,3365.10107421875,284.6115417480469,62.150413513183594,1.5977623206708813e-06,0,0,2574.43212890625,1297.912109375,0,8.268537521362305,2610.914306640625,11.906200408935547,11.912555694580078,871.138671875,1737.3858642578125,50.48351287841797,50.50263595581055,94.07839965820312,0,0,346.414794921875,0,7.924896240234375,20.68963050842285,20.73459243774414,0,1.034000039100647,0.9067617654800415,50,2.799999952316284,2.3828818798065186,0,0,0,0,0.0,0,0,0,-0.025811027735471725,0.0257777888327837,-0.003499999176710844,-0.003533239010721445,96.04618072509766,96.52178192138672,772.1587524414062,772.533203125,772.533203125,540.9967041015625,0,0,8.268537521362305,0.0010999999940395355,0.02200000174343586,0.03299999609589577,0.04399999603629112,5655.8173828125,114276.53125,0.0429663360118866,0,3.1392715754918754e-05,66.45953369140625,0,0.0002616529818624258,2.8350639695418067e-05,0,0,23.700000762939453,0,0,1600,0,50,0,0,0,50,50,200,0.0,0.0,0.0,0.0
37,158.2813720703125,309.4793701171875,325.7074890136719,325.66241455078125,293.127685546875,293.1727600097656,16515.818359375,33031.63671875,70.26917266845703,70.26881408691406,1738.107421875,3470.8779296875,1684.706787109375,3359.124267578125,284.6137390136719,62.15592575073242,9.309218285125098e-07,0,0,2574.423095703125,1298.140625,0,8.054317474365234,2606.611572265625,11.909664154052734,11.916147232055664,869.7125244140625,1734.521484375,50.524681091308594,50.54538345336914,93.91159057617188,0,0,346.41632080078125,0,7.924896240234375,20.7088565826416,20.75391960144043,0,1.034000039100647,0.9067617654800415,50,2.799999952316284,2.386815309524536,0,0,0,0,0.0,0,0,0,-0.02682497911155224,0.026959655806422234,-0.0036999990697950125,-0.0035653214436024427,95.88335418701172,96.36271667480469,771.4054565429688,771.7827758789062,771.7827758789062,540.6278686523438,0,0,8.054317474365234,0.0010999999940395355,0.02200000174343586,0.03299999609589577,0.04399999603629112,5655.8173828125,114276.53125,0.0429663360118866,0,3.1392715754918754e-05,68.28034973144531,0,0.0002616529818624258,2.8350639695418067e-05,0,0,23.700000762939453,0,0,1600,0,50,0,0,0,50,50,200,0.0,0.0,0.0,0.0
38,158.28421020507812,309.4921875,325.6896667480469,325.6445007324219,293.17034912109375,293.2154846191406,16515.818359375,33031.63671875,70.31471252441406,70.3143539428711,1735.8009033203125,3466.157958984375,1681.7220458984375,3353.150146484375,284.6158752441406,62.161277770996094,-2.8667748210864374e-06,0,0,2574.414306640625,1298.3701171875,0,7.832521438598633,2602.276123046875,11.913166046142578,11.91977596282959,868.280029296875,1731.6488037109375,50.566688537597656,50.588897705078125,93.74478149414062,0,0,346.4178161621094,0,7.924896240234375,20.7281494140625,20.7733154296875,0,1.034000039100647,0.9067617654800415,50,2.799999952316284,2.390791654586792,0,0,0,0,0.0,0,0,0,-0.027841895818710327,0.028150498867034912,-0.003907395992428064,-0.003598793875426054,95.71977996826172,96.20244598388672,770.646728515625,771.0266723632812,771.0266723632812,540.2562255859375,0,0,7.832521438598633,0.0010999999940395355,0.02200000174343586,0.03299999609589577,0.04399999603629112,5655.8173828125,114276.53125,0.0429663360118866,0,3.1392715754918754e-05,70.10116577148438,0,0.0002616529818624258,2.8350639695418067e-05,0,0,23.700000762939453,0,0,1600,0,50,0,0,0,50,50,200,0.0,0.0,0.0,0.0
39,158.28695678710938,309.50506591796875,325.67181396484375,325.62652587890625,293.21319580078125,293.2584228515625,16515.818359375,33031.63671875,70.36040496826172,70.36005401611328,1733.4617919921875,3461.37353515625,1678.740234375,3347.172607421875,284.617919921875,62.16645812988281,-9.02616022813163e-07,0,0,2574.406005859375,1298.6004638671875,0,7.611082077026367,2597.90966796875,11.916704177856445,11.923439025878906,866.84326171875,1728.76318359375,50.60942077636719,50.63317108154297,93.5779800415039,0,0,346.41925048828125,0,7.924896240234375,20.74744415283203,20.79271125793457,0,1.034000039100647,0.9067617654800415,50,2.799999952316284,2.394810199737549,0,0,0,0,0.0,0,0,0,-0.028864480555057526,0.02934999391436577,-0.004165127407759428,-0.0036796138156205416,95.55287170410156,96.04102325439453,769.880859375,770.26513671875,770.26513671875,539.8818969726562,0,0,7.611082077026367,0.0010999999940395355,0.02200000174343586,0.03299999609589577,0.04399999603629112,5655.8173828125,114276.53125,0.0429663360118866,0,3.1392715754918754e-05,71.92198181152344,0,0.0002616529818624258,2.8350639695418067e-05,0,0,23.700000762939453,0,0,1600,0,50,0,0,0,50,50,200,0.0,0.0,0.0,0.0
40,158.28958129882812,309.5179748535156,325.6539001464844,325.6085510253906,293.2562255859375,293.3015441894531,16515.818359375,33031.63671875,70.40628051757812,70.40593719482422,1731.08251953125,3456.51220703125,1675.753662109375,3341.200927734375,284.619873046875,62.17143630981445,2.175336248910753e-06,0,0,2574.397705078125,1298.83154296875,0,7.3973565101623535,2593.479736328125,11.920279502868652,11.927135467529297,865.3984985351562,1725.8642578125,50.65314865112305,50.678443908691406,93.41117858886719,0,0,346.4206237792969,0,7.924896240234375,20.76673698425293,20.81207275390625,0,1.034000039100647,0.9067617654800415,50,2.799999952316284,2.3989007472991943,0,0,0,0,0.0,0,0,0,-0.029887346550822258,0.030567215755581856,-0.004484016913920641,-0.003804146545007825,95.37039947509766,95.87725067138672,769.0933227539062,769.4922485351562,769.4922485351562,539.5018920898438,0,0,7.3973565101623535,0.0010999999940395355,0.02200000174343586,0.03299999609589577,0.04399999603629112,5655.8173828125,114276.53125,0.0429663360118866,0,3.1392715754918754e-05,73.7427978515625,0,0.0002616529818624258,2.8350639695418067e-05,0,0,23.700000762939453,0,0,1600,0,50,0,0,0,50,50,200,0.0,0.0,0.0,0.0
41,158.29205322265625,309.53082275390625,325.6359558105469,325.5904846191406,293.2994384765625,293.34478759765625,16515.818359375,33031.63671875,70.45232391357422,70.45198822021484,1728.6524658203125,3451.547607421875,1672.77197265625,3335.2236328125,284.62176513671875,62.17616271972656,-1.1860195172630483e-06,0,0,2574.39013671875,1299.0633544921875,0,7.18711519241333,2588.89697265625,11.92388916015625,11.930863380432129,863.9464721679688,1722.947998046875,50.69857406616211,50.7253532409668,93.24436950683594,0,0,346.42193603515625,0,7.924896240234375,20.78596305847168,20.83143424987793,0,1.034000039100647,0.9067617654800415,50,2.799999952316284,2.4031472206115723,0,0,0,0,0.0,0,0,0,-0.030907804146409035,0.031827058643102646,-0.0048635127022862434,-0.003944258205592632,95.1845474243164,95.70783233642578,768.2804565429688,768.6923828125,768.6923828125,539.1083984375,0,0,7.18711519241333,0.0010999999940395355,0.02200000174343586,0.03299999609589577,0.04399999603629112,5655.8173828125,114276.53125,0.0429663360118866,0,3.1392715754918754e-05,75.56361389160156,0,0.0002616529818624258,2.8350639695418067e-05,0,0,23.700000762939453,0,0,1600,0,50,0,0,0,50,50,200,0.0,0.0,0.0,0.0
42,158.2942657470703,309.5434875488281,325.61785888671875,325.57232666015625,293.34283447265625,293.3882751464844,16515.818359375,33031.63671875,70.4985122680664,70.49817657470703,1726.1646728515625,3446.467529296875,1669.7872314453125,3329.24951171875,284.62347412109375,62.180511474609375,1.747265969243017e-06,0,0,2574.383056640625,1299.2957763671875,0,6.987112045288086,2584.135498046875,11.927528381347656,11.934619903564453,862.48095703125,1720.009521484375,50.74584197998047,50.774085998535156,93.07756042480469,0,0,346.42315673828125,0,7.924896240234375,20.8052921295166,20.850830078125,0,1.034000039100647,0.9067617654800415,50,2.799999952316284,2.4075751304626465,0,0,0,0,0.0,0,0,0,-0.03191507235169411,0.033136997371912,-0.005302094388753176,-0.004080172162503004,94.98979187011719,95.53181457519531,767.4339599609375,767.8606567382812,767.8606567382812,538.698974609375,0,0,6.987112045288086,0.0010999999940395355,0.02200000174343586,0.03299999609589577,0.04399999603629112,5655.8173828125,114276.53125,0.0429663360118866,0,3.1392715754918754e-05,77.38442993164062,0,0.0002616529818624258,2.8350639695418067e-05,0,0,23.700000762939453,0,0,1600,0,50,0,0,0,50,50,200,0.0,0.0,0.0,0.0
43,158.2960968017578,309.5558776855469,325.5995178222656,325.55389404296875,293.3863830566406,293.4319152832031,16515.818359375,33031.63671875,70.54481506347656,70.54447937011719,1723.6275634765625,3441.289306640625,1666.805908203125,3323.272216796875,284.6249694824219,62.184288024902344,2.6152661121159326e-06,0,0,2574.377197265625,1299.52783203125,0,6.811941146850586,2579.21484375,11.931195259094238,11.938401222229004,861.0015869140625,1717.0382080078125,50.7947883605957,50.82443618774414,92.91075897216797,0,0,346.4241943359375,0,7.924896240234375,20.824687957763672,20.87029457092285,0,1.034000039100647,0.9067617654800415,50,2.799999952316284,2.412168502807617,0,0,0,0,0.0,0,0,0,-0.032898370176553726,0.03449179232120514,-0.005798683036118746,-0.004205260891467333,94.79107666015625,95.34989929199219,766.560546875,767.00048828125,767.00048828125,538.2750854492188,0,0,6.811941146850586,0.0010999999940395355,0.02200000174343586,0.03299999609589577,0.04399999603629112,5655.8173828125,114276.53125,0.0429663360118866,0,3.1392715754918754e-05,79.20524597167969,0,0.0002616529818624258,2.8350639695418067e-05,0,0,23.700000762939453,0,0,1600,0,50,0,0,0,50,50,200,0.0,0.0,0.0,0.0
44,158.29742431640625,309.5678405761719,325.5809631347656,325.5352783203125,293.4299011230469,293.4755554199219,16515.818359375,33031.63671875,70.59117126464844,70.5908432006836,1721.0428466796875,3436.01708984375,1663.8211669921875,3317.2978515625,284.6261291503906,62.18722915649414,3.871385160891805e-06,0,0,2574.372314453125,1299.759765625,0,6.667571544647217,2574.150634765625,11.93488597869873,11.942203521728516,859.5009765625,1714.029541015625,50.845211029052734,50.87626647949219,92.74394989013672,0,0,346.4250183105469,0,7.924896240234375,20.84404945373535,20.88972282409668,0,1.034000039100647,0.9067617654800415,50,2.799999952316284,2.4169139862060547,0,0,0,0,0.0,0,0,0,-0.03384958952665329,0.03588728606700897,-0.0063521224074065685,-0.004314425867050886,94.58875274658203,95.16268157958984,765.6626586914062,766.1144409179688,766.1144409179688,537.8381958007812,0,0,6.667571544647217,0.0010999999940395355,0.02200000174343586,0.03299999609589577,0.04399999603629112,5655.8173828125,114276.53125,0.0429663360118866,0,3.1392715754918754e-05,81.02606201171875,0,0.0002616529818624258,2.8350639695418067e-05,0,0,23.700000762939453,0,0,1600,0,50,0,0,0,50,50,200,0.0,0.0,0.0,0.0
45,158.2981414794922,309.5793151855469,325.5621032714844,325.516357421875,293.4734802246094,293.5191955566406,16515.818359375,33031.63671875,70.63753509521484,70.63719940185547,1718.4127197265625,3430.655517578125,1660.8426513671875,3311.3173828125,284.62689208984375,62.18914794921875,-1.682287575022201e-06,0,0,2574.369140625,1299.990966796875,0,6.547877788543701,2568.958740234375,11.9385986328125,11.946024894714355,857.9818725585938,1710.979248046875,50.896976470947266,50.929443359375,92.5771484375,0,0,346.4255065917969,0,7.924896240234375,20.86341094970703,20.90915298461914,0,1.034000039100647,0.9067617654800415,50,2.799999952316284,2.4217984676361084,0,0,0,0,0.0,0,0,0,-0.03476061671972275,0.03731909394264221,-0.006961332634091377,-0.0044028544798493385,94.38384246826172,94.97074890136719,764.7433471679688,765.2053833007812,765.2053833007812,537.3895263671875,0,0,6.547877788543701,0.0010999999940395355,0.02200000174343586,0.03299999609589577,0.04399999603629112,5655.8173828125,114276.53125,0.0429663360118866,0,3.1392715754918754e-05,82.84687805175781,0,0.0002616529818624258,2.8350639695418067e-05,0,0,23.700000762939453,0,0,1600,0,50,0,0,0,50,50,200,0.0,0.0,0.0,0.0
46,158.29824829101562,309.59014892578125,325.5428161621094,325.49700927734375,293.5169982910156,293.56280517578125,16515.818359375,33031.63671875,70.683837890625,70.68351745605469,1715.74169921875,3425.211669921875,1657.85546875,3305.345947265625,284.6271667480469,62.18988800048828,4.67586914965068e-06,0,0,2574.3681640625,1300.22119140625,0,6.451385021209717,2563.661376953125,11.942328453063965,11.949862480163574,856.439697265625,1707.886962890625,50.94993591308594,50.983707427978516,92.41034698486328,0,0,346.42572021484375,0,7.924896240234375,20.88290786743164,20.92871856689453,0,1.034000039100647,0.9067617654800415,50,2.799999952316284,2.42680287361145,0,0,0,0,0.0,0,0,0,-0.03562333062291145,0.03878134489059448,-0.007625216152518988,-0.004467202816158533,94.17804718017578,94.77490997314453,763.80712890625,764.2769775390625,764.2769775390625,536.930908203125,0,0,6.451385021209717,0.0010999999940395355,0.02200000174343586,0.03299999609589577,0.04399999603629112,5655.8173828125,114276.53125,0.0429663360118866,0,3.1392715754918754e-05,84.66769409179688,0,0.0002616529818624258,2.8350639695418067e-05,0,0,23.700000762939453,0,0,1600,0,50,0,0,0,50,50,200,0.0,0.0,0.0,0.0
47,158.29747009277344,309.6004333496094,325.5230712890625,325.4772033691406,293.56036376953125,293.60626220703125,16515.818359375,33031.63671875,70.73002624511719,70.7297134399414,1713.034912109375,3419.69580078125,1654.8709716796875,3299.37158203125,284.626953125,62.18932342529297,3.772599711737712e-06,0,0,2574.368896484375,1300.4501953125,0,6.359295845031738,2558.28564453125,11.946072578430176,11.95371150970459,854.8779907226562,1704.75146484375,51.00373077392578,51.038883209228516,92.24353790283203,0,0,346.42559814453125,0,7.924896240234375,20.902507781982422,20.94838523864746,0,1.034000039100647,0.9067617654800415,50,2.799999952316284,2.4319021701812744,0,0,0,0,0.0,0,0,0,-0.0364404022693634,0.04026634246110916,-0.008342842571437359,-0.004516900517046452,93.97178649902344,94.57617950439453,762.8582763671875,763.3341064453125,763.3341064453125,536.4647216796875,0,0,6.359295845031738,0.0010999999940395355,0.02200000174343586,0.03299999609589577,0.04399999603629112,5655.8173828125,114276.53125,0.0429663360118866,0,3.1392715754918754e-05,86.48851013183594,0,0.0002616529818624258,2.8350639695418067e-05,0,0,23.700000762939453,0,0,1600,0,50,0,0,0,50,50,200,0.0,0.0,0.0,0.0
48,158.2958526611328,309.6101379394531,325.50286865234375,325.4569396972656,293.6034851074219,293.6495056152344,16515.818359375,33031.63671875,70.77604675292969,70.7757339477539,1710.2943115234375,3414.114990234375,1651.890869140625,3293.39306640625,284.6261901855469,62.1873664855957,3.516194965413888e-06,0,0,2574.37255859375,1300.677978515625,0,6.316849708557129,2552.85107421875,11.949831008911133,11.957571029663086,853.297119140625,1701.58056640625,51.05825424194336,51.094757080078125,92.07672882080078,0,0,346.42498779296875,0,7.924896240234375,20.92210578918457,20.96805191040039,0,1.034000039100647,0.9067617654800415,50,2.799999952316284,2.437079429626465,0,0,0,0,0.0,0,0,0,-0.03721179813146591,0.04176875576376915,-0.009113275445997715,-0.004556316416710615,93.76538848876953,94.3752670288086,761.9000854492188,762.3801879882812,762.3801879882812,535.9927978515625,0,0,6.316849708557129,0.0010999999940395355,0.02200000174343586,0.03299999609589577,0.04399999603629112,5655.8173828125,114276.53125,0.0429663360118866,0,3.1392715754918754e-05,88.309326171875,0,0.0002616529818624258,2.8350639695418067e-05,0,0,23.700000762939453,0,0,1600,0,50,0,0,0,50,50,200,0.0,0.0,0.0,0.0
49,158.29344177246094,309.61920166015625,325.4821472167969,325.43609619140625,293.6463928222656,293.6925048828125,16515.818359375,33031.63671875,70.82184600830078,70.82154846191406,1707.524658203125,3408.473388671875,1648.905517578125,3287.41943359375,284.6248779296875,62.184078216552734,2.56704379353323e-06,0,0,2574.37841796875,1300.904052734375,0,6.260770320892334,2547.373291015625,11.953595161437988,11.961438179016113,851.7014770507812,1698.37890625,51.11338424682617,51.151145935058594,91.90992736816406,0,0,346.4239196777344,0,7.924896240234375,20.9417724609375,20.987821578979492,0,1.034000039100647,0.9067617654800415,50,2.799999952316284,2.442319869995117,0,0,0,0,0.0,0,0,0,-0.037934787571430206,0.0432840920984745,-0.009935522451996803,-0.004586216993629932,93.55863189697266,94.17276763916016,760.9346313476562,761.4180908203125,761.4180908203125,535.5164184570312,0,0,6.260770320892334,0.0010999999940395355,0.02200000174343586,0.03299999609589577,0.04399999603629112,5655.8173828125,114276.53125,0.0429663360118866,0,3.1392715754918754e-05,90.13014221191406,0,0.0002616529818624258,2.8350639695418067e-05,0,0,23.700000762939453,0,0,1600,0,50,0,0,0,50,50,200,0.0,0.0,0.0,0.0
50,158.29017639160156,309.62774658203125,325.4608459472656,325.41473388671875,293.6889953613281,293.7351989746094,16515.818359375,33031.63671875,70.86738586425781,70.86709594726562,1704.7265625,3402.77685546875,1645.92529296875,3281.440673828125,284.623046875,62.179447174072266,-8.178763550859003e-07,0,0,2574.386962890625,1301.1285400390625,0,6.191971302032471,2541.86376953125,11.957368850708008,11.965310096740723,850.0903930664062,1695.1475830078125,51.16891098022461,51.208003997802734,91.74311828613281,0,0,346.4224548339844,0,7.924896240234375,20.96160888671875,21.00772476196289,0,1.034000039100647,0.9067617654800415,50,2.799999952316284,2.4476137161254883,0,0,0,0,0.0,0,0,0,-0.03861474245786667,0.0448092520236969,-0.010808710008859634,-0.004614201374351978,93.35163879394531,93.96908569335938,759.9636840820312,760.44970703125,760.44970703125,535.03662109375,0,0,6.191971302032471,0.0010999999940395355,0.02200000174343586,0.03299999609589577,0.04399999603629112,5655.8173828125,114276.53125,0.0429663360118866,0,3.1392715754918754e-05,91.95095825195312,0,0.0002616529818624258,2.8350639695418067e-05,0,0,23.700000762939453,0,0,1600,0,50,0,0,0,50,50,200,0.0,0.0,0.0,0.0
51,158.28610229492188,309.63568115234375,325.4389953613281,325.39276123046875,293.7313232421875,293.777587890625,16515.818359375,33031.63671875,70.91263580322266,70.91234588623047,1701.9017333984375,3397.029541015625,1642.941162109375,3275.466064453125,284.62066650390625,62.1734733581543,3.997169187641703e-06,0,0,2574.39794921875,1301.350830078125,0,6.160677909851074,2536.3291015625,11.961146354675293,11.969182968139648,848.4683837890625,1691.8914794921875,51.22483444213867,51.26518249511719,91.5763168334961,0,0,346.42059326171875,0,7.924896240234375,20.98161506652832,21.02783203125,0,1.034000039100647,0.9067617654800415,50,2.799999952316284,2.4529545307159424,0,0,0,0,0.0,0,0,0,-0.03924624249339104,0.04634231701493263,-0.011731873266398907,-0.004635795950889587,93.14431762695312,93.76448059082031,758.9880981445312,759.476318359375,759.476318359375,534.5540771484375,0,0,6.160677909851074,0.0010999999940395355,0.02200000174343586,0.03299999609589577,0.04399999603629112,5655.8173828125,114276.53125,0.0429663360118866,0,3.1392715754918754e-05,93.77177429199219,0,0.0002616529818624258,2.8350639695418067e-05,0,0,23.700000762939453,0,0,1600,0,50,0,0,0,50,50,200,0.0,0.0,0.0,0.0
52,158.28125,309.6430969238281,325.4165344238281,325.3702087402344,293.77325439453125,293.8196105957031,16515.818359375,33031.63671875,70.95756530761719,70.957275390625,1699.0511474609375,3391.233154296875,1639.955322265625,3269.4931640625,284.6177978515625,62.16620635986328,3.2938114600256085e-06,0,0,2574.411376953125,1301.5711669921875,0,6.112846374511719,2530.77587890625,11.96492862701416,11.973057746887207,846.835205078125,1688.61572265625,51.28105545043945,51.322654724121094,91.40950775146484,0,0,346.4183349609375,0,7.924896240234375,21.00179100036621,21.04810905456543,0,1.034000039100647,0.9067617654800415,50,2.799999952316284,2.4583373069763184,0,0,0,0,0.0,0,0,0,-0.03983465954661369,0.04788157716393471,-0.012704105116426945,-0.004657187964767218,92.93685913085938,93.5591812133789,758.0090942382812,758.4990234375,758.4990234375,534.0692138671875,0,0,6.112846374511719,0.0010999999940395355,0.02200000174343586,0.03299999609589577,0.04399999603629112,5655.8173828125,114276.53125,0.0429663360118866,0,3.1392715754918754e-05,95.59259033203125,0,0.0002616529818624258,2.8350639695418067e-05,0,0,23.700000762939453,0,0,1600,0,50,0,0,0,50,50,200,0.0,0.0,0.0,0.0
53,158.27560424804688,309.6499328613281,325.3935546875,325.34716796875,293.8148193359375,293.8612365722656,16515.818359375,33031.63671875,71.00212860107422,71.00184631347656,1696.1778564453125,3385.386474609375,1636.9759521484375,3263.513427734375,284.61444091796875,62.15765380859375,-1.7659343711784459e-06,0,0,2574.42724609375,1301.78955078125,0,6.068254470825195,2525.206298828125,11.968710899353027,11.97693157196045,845.1925048828125,1685.3201904296875,51.33759689331055,51.380348205566406,91.2426986694336,0,0,346.4156188964844,0,7.924896240234375,21.02206802368164,21.06845474243164,0,1.034000039100647,0.9067617654800415,50,2.799999952316284,2.463759422302246,0,0,0,0,0.0,0,0,0,-0.04037997126579285,0.049426183104515076,-0.013724536634981632,-0.004678325727581978,92.7289047241211,93.35327911376953,757.0267944335938,757.518310546875,757.518310546875,533.5824584960938,0,0,6.068254470825195,0.0010999999940395355,0.02200000174343586,0.03299999609589577,0.04399999603629112,5655.8173828125,114276.53125,0.0429663360118866,0,3.1392715754918754e-05,97.41340637207031,0,0.0002616529818624258,2.8350639695418067e-05,0,0,23.700000762939453,0,0,1600,0,50,0,0,0,50,50,200,0.0,0.0,0.0,0.0
54,158.2692108154297,309.65625,325.3699951171875,325.3235168457031,293.85589599609375,293.9024353027344,16515.818359375,33031.63671875,71.04631042480469,71.0460433959961,1693.2796630859375,3379.49365234375,1633.989990234375,3257.54052734375,284.61053466796875,62.147850036621094,4.682737198891118e-06,0,0,2574.445068359375,1302.005615234375,0,6.026010036468506,2519.62158203125,11.972493171691895,11.980803489685059,843.5423583984375,1682.010498046875,51.394317626953125,51.43828582763672,91.07589721679688,0,0,346.41253662109375,0,7.924896240234375,21.04254913330078,21.08900260925293,0,1.034000039100647,0.9067617654800415,50,2.799999952316284,2.4692201614379883,0,0,0,0,0.0,0,0,0,-0.0408821627497673,0.050975799560546875,-0.014792216010391712,-0.004698577802628279,92.52056121826172,93.1468276977539,756.04150390625,756.534423828125,756.534423828125,533.0938110351562,0,0,6.026010036468506,0.0010999999940395355,0.02200000174343586,0.03299999609589577,0.04399999603629112,5655.8173828125,114276.53125,0.0429663360118866,0,3.1392715754918754e-05,99.23422241210938,0,0.0002616529818624258,2.8350639695418067e-05,0,0,23.700000762939453,0,0,1600,0,50,0,0,0,50,50,200,0.0,0.0,0.0,0.0
55,158.26205444335938,309.6620178222656,325.3459167480469,325.2993469238281,293.89654541015625,293.9431457519531,16515.818359375,33031.63671875,71.0901107788086,71.08984375,1690.3582763671875,3373.556640625,1631.005615234375,3251.566162109375,284.6061706542969,62.13680648803711,3.1113793284021085e-06,0,0,2574.465576171875,1302.2193603515625,0,5.987094879150391,2514.024169921875,11.976274490356445,11.984670639038086,841.8848876953125,1678.68408203125,51.45123291015625,51.496395111083984,90.90909576416016,0,0,346.4090881347656,0,7.924896240234375,21.06316566467285,21.109722137451172,0,1.034000039100647,0.9067617654800415,50,2.799999952316284,2.474717855453491,0,0,0,0,0.0,0,0,0,-0.04134121537208557,0.05252991244196892,-0.015906255692243576,-0.0047175586223602295,92.31190490722656,92.93989562988281,755.0533447265625,755.5477294921875,755.5477294921875,532.6034545898438,0,0,5.987094879150391,0.0010999999940395355,0.02200000174343586,0.03299999609589577,0.04399999603629112,5655.8173828125,114276.53125,0.0429663360118866,0,3.1392715754918754e-05,101.05503845214844,0,0.0002616529818624258,2.8350639695418067e-05,0,0,23.700000762939453,0,0,1600,0,50,0,0,0,50,50,200,0.0,0.0,0.0,0.0
56,158.25416564941406,309.667236328125,325.3212890625,325.2746276855469,293.93670654296875,293.9833984375,16515.818359375,33031.63671875,71.13349151611328,71.13322448730469,1687.4156494140625,3367.573974609375,1628.0186767578125,3245.594482421875,284.601318359375,62.12454605102539,-2.9939619707874954e-06,0,0,2574.488037109375,1302.430908203125,0,5.949856281280518,2508.41455078125,11.98005199432373,11.988532066345215,840.2205810546875,1675.3480224609375,51.50839614868164,51.55461883544922,90.7422866821289,0,0,346.40521240234375,0,7.924896240234375,21.08391761779785,21.13057518005371,0,1.034000039100647,0.9067617654800415,50,2.799999952316284,2.4802520275115967,0,0,0,0,0.0,0,0,0,-0.04175710678100586,0.0540882907807827,-0.017065836116671562,-0.00473465071991086,92.10305786132812,92.73251342773438,754.062744140625,754.5582885742188,754.5582885742188,532.1115112304688,0,0,5.949856281280518,0.0010999999940395355,0.02200000174343586,0.03299999609589577,0.04399999603629112,5655.8173828125,114276.53125,0.0429663360118866,0,3.1392715754918754e-05,102.8758544921875,0,0.0002616529818624258,2.8350639695418067e-05,0,0,23.700000762939453,0,0,1600,0,50,0,0,0,50,50,200,0.0,0.0,0.0,0.0
57,158.2455291748047,309.6719055175781,325.296142578125,325.2494201660156,293.97637939453125,294.02313232421875,16515.818359375,33031.63671875,71.17643737792969,71.17617797851562,1684.450927734375,3361.550537109375,1625.040283203125,3239.614013671875,284.5959777832031,62.1110725402832,-2.416543111394276e-06,0,0,2574.512451171875,1302.6397705078125,0,5.913356781005859,2502.795654296875,11.98382568359375,11.992386817932129,838.5513916015625,1671.998046875,51.56563186645508,51.61299133300781,90.57547760009766,0,0,346.4009704589844,0,7.924896240234375,21.104839324951172,21.15156364440918,0,1.034000039100647,0.9067617654800415,50,2.799999952316284,2.4858202934265137,0,0,0,0,0.0,0,0,0,-0.04212983325123787,0.05565008521080017,-0.018270056694746017,-0.004749803803861141,91.89414978027344,92.52479553222656,753.0702514648438,753.566650390625,753.566650390625,531.6181030273438,0,0,5.913356781005859,0.0010999999940395355,0.02200000174343586,0.03299999609589577,0.04399999603629112,5655.8173828125,114276.53125,0.0429663360118866,0,3.1392715754918754e-05,104.69667053222656,0,0.0002616529818624258,2.8350639695418067e-05,0,0,23.700000762939453,0,0,1600,0,50,0,0,0,50,50,200,0.0,0.0,0.0,0.0
58,158.23619079589844,309.67608642578125,325.2705078125,325.22369384765625,294.0155029296875,294.0623474121094,16515.818359375,33031.63671875,71.21894836425781,71.21869659423828,1681.466064453125,3355.484130859375,1622.055419921875,3233.639892578125,284.5901794433594,62.0964241027832,1.7978262434326098e-08,0,0,2574.539306640625,1302.8463134765625,0,5.866372585296631,2497.17041015625,11.987591743469238,11.996233940124512,836.8768310546875,1668.638427734375,51.62302780151367,51.671409606933594,90.40867614746094,0,0,346.3963928222656,0,7.924896240234375,21.125896453857422,21.17268943786621,0,1.034000039100647,0.9067617654800415,50,2.799999952316284,2.491420030593872,0,0,0,0,0.0,0,0,0,-0.042462073266506195,0.057214558124542236,-0.019518129527568817,-0.004765646997839212,91.68525695800781,92.31683349609375,752.076171875,752.5733032226562,752.5733032226562,531.1236572265625,0,0,5.866372585296631,0.0010999999940395355,0.02200000174343586,0.03299999609589577,0.04399999603629112,5655.8173828125,114276.53125,0.0429663360118866,0,3.1392715754918754e-05,106.51748657226562,0,0.0002616529818624258,2.8350639695418067e-05,0,0,23.700000762939453,0,0,1600,0,50,0,0,0,50,50,200,0.0,0.0,0.0,0.0
59,158.2261199951172,309.67974853515625,325.244384765625,325.1974792480469,294.0541076660156,294.1009826660156,16515.818359375,33031.63671875,71.26100158691406,71.26075744628906,1678.4605712890625,3349.37841796875,1619.0693359375,3227.6669921875,284.5838928222656,62.080596923828125,3.7285942653397797e-06,0,0,2574.568603515625,1303.0504150390625,0,5.852202415466309,2491.538330078125,11.991349220275879,12.00007152557373,835.1998901367188,1665.275146484375,51.680442810058594,51.72991180419922,90.24186706542969,0,0,346.39141845703125,0,7.924896240234375,21.14702033996582,21.19391632080078,0,1.034000039100647,0.9067617654800415,50,2.799999952316284,2.49705171585083,0,0,0,0,0.0,0,0,0,-0.04275382682681084,0.05878158658742905,-0.02080920711159706,-0.004781446885317564,91.4758529663086,92.10862731933594,751.0802612304688,751.578369140625,751.578369140625,530.628173828125,0,0,5.852202415466309,0.0010999999940395355,0.02200000174343586,0.03299999609589577,0.04399999603629112,5655.8173828125,114276.53125,0.0429663360118866,0,3.1392715754918754e-05,108.33830261230469,0,0.0002616529818624258,2.8350639695418067e-05,0,0,23.700000762939453,0,0,1600,0,50,0,0,0,50,50,200,0.0,0.0,0.0,0.0
60,158.21534729003906,309.682861328125,325.2178039550781,325.1708068847656,294.09210205078125,294.1390686035156,16515.818359375,33031.63671875,71.30260467529297,71.30236053466797,1675.4344482421875,3343.2353515625,1616.089599609375,3221.68798828125,284.5771789550781,62.06361770629883,2.1466244106704835e-06,0,0,2574.599609375,1303.251708984375,0,5.824955463409424,2485.899658203125,11.995100975036621,12.003896713256836,833.51953125,1661.9053955078125,51.7379264831543,51.7884521484375,90.07506561279297,0,0,346.38604736328125,0,7.924896240234375,21.16824722290039,21.21524429321289,0,1.034000039100647,0.9067617654800415,50,2.799999952316284,2.502715826034546,0,0,0,0,0.0,0,0,0,-0.04300237074494362,0.06035139411687851,-0.022142445668578148,-0.004793423227965832,91.26655578613281,91.9001693725586,750.0828857421875,750.5816650390625,750.5816650390625,530.1315307617188,0,0,5.824955463409424,0.0010999999940395355,0.02200000174343586,0.03299999609589577,0.04399999603629112,5655.8173828125,114276.53125,0.0429663360118866,0,3.1392715754918754e-05,110.15911865234375,0,0.0002616529818624258,2.8350639695418067e-05,0,0,23.700000762939453,0,0,1600,0,50,0,0,0,50,50,200,0.0,0.0,0.0,0.0
61,158.20387268066406,309.6855163574219,325.19073486328125,325.1436462402344,294.1295471191406,294.1766052246094,16515.818359375,33031.63671875,71.34373474121094,71.34349822998047,1672.3897705078125,3337.05322265625,1613.1044921875,3215.7138671875,284.57000732421875,62.04549026489258,-4.146923402004177e-06,0,0,2574.633056640625,1303.450439453125,0,5.784319877624512,2480.2578125,11.998842239379883,12.007711410522461,831.8351440429688,1658.526123046875,51.79551696777344,51.846981048583984,89.90825653076172,0,0,346.3803405761719,0,7.924896240234375,21.18960952758789,21.23670768737793,0,1.034000039100647,0.9067617654800415,50,2.799999952316284,2.508408784866333,0,0,0,0,0.0,0,0,0,-0.04321310669183731,0.06192291900515556,-0.023517116904258728,-0.004807306453585625,91.05733489990234,91.69159698486328,749.0846557617188,749.5839233398438,749.5839233398438,529.6340942382812,0,0,5.784319877624512,0.0010999999940395355,0.02200000174343586,0.03299999609589577,0.04399999603629112,5655.8173828125,114276.53125,0.0429663360118866,0,3.1392715754918754e-05,111.97993469238281,0,0.0002616529818624258,2.8350639695418067e-05,0,0,23.700000762939453,0,0,1600,0,50,0,0,0,50,50,200,0.0,0.0,0.0,0.0
62,158.19171142578125,309.6876220703125,325.1632080078125,325.1160583496094,294.16644287109375,294.2135925292969,16515.818359375,33031.63671875,71.38439178466797,71.38416290283203,1669.326171875,3330.83544921875,1610.1187744140625,3209.740966796875,284.5623779296875,62.02623748779297,-1.0302680948370835e-06,0,0,2574.66845703125,1303.6466064453125,0,5.779089450836182,2474.6123046875,12.002571105957031,12.011512756347656,830.1484375,1655.1435546875,51.85302734375,51.905521392822266,89.74144744873047,0,0,346.37432861328125,0,7.924896240234375,21.21110725402832,21.25827407836914,0,1.034000039100647,0.9067617654800415,50,2.799999952316284,2.5141313076019287,0,0,0,0,0.6073522822294386,0,0,0,-0.043380625545978546,0.06349614262580872,-0.02493239752948284,-0.004816878587007523,90.84809112548828,91.48289489746094,748.0852661132812,748.5850219726562,748.5850219726562,529.1358032226562,0,0,5.779089450836182,0.0010999999940395355,0.02200000174343586,0.03299999609589577,0.04399999603629112,5655.8173828125,114276.53125,0.0429663360118866,0,3.1392715754918754e-05,113.80075073242188,0,0.0002616529818624258,2.8350639695418067e-05,0,0,23.700000762939453,0,0,1600,0,50,0,0,0,50,50,200,0.0,0.0,0.0,0.0
63,158.17892456054688,309.6892395019531,325.13531494140625,325.0880432128906,294.2027282714844,294.24993896484375,16515.818359375,33031.63671875,71.42456817626953,71.4243392944336,1666.24560546875,3324.581298828125,1607.1473388671875,3203.753662109375,284.5543212890625,62.00585174560547,-3.011597584645642e-07,0,0,2574.705810546875,1303.84033203125,0,5.763331890106201,2468.966064453125,12.0062894821167,12.015299797058105,828.4600219726562,1651.7540283203125,51.91060256958008,51.963985443115234,89.57464599609375,0,0,346.367919921875,0,7.924896240234375,21.23260498046875,21.279874801635742,0,1.034000039100647,0.9067617654800415,50,2.799999952316284,2.519880771636963,0,0,0,0,4.179161918424726,0,0,0,-0.0435103215277195,0.06507044285535812,-0.026387549936771393,-0.004827431403100491,90.6391372680664,91.27416229248047,747.0855712890625,747.58544921875,747.58544921875,528.636962890625,0,0,5.763331890106201,0.0010999999940395355,0.02200000174343586,0.03299999609589577,0.04399999603629112,5655.8173828125,114276.53125,0.0429663360118866,0,3.1392715754918754e-05,115.62156677246094,0,0.0002616529818624258,2.8350639695418067e-05,0,0,23.700000762939453,0,0,1600,0,50,0,0,0,50,50,200,0.0,0.0,0.0,0.0
64,158.16551208496094,309.69036865234375,325.1069641113281,325.0595397949219,294.2384338378906,294.2857360839844,16515.818359375,33031.63671875,71.4642562866211,71.46404266357422,1663.1456298828125,3318.295654296875,1604.1556396484375,3197.78662109375,284.5458068847656,61.984371185302734,3.850479515676852e-06,0,0,2574.745361328125,1304.0313720703125,0,5.746121406555176,2463.32080078125,12.009995460510254,12.019071578979492,826.7696533203125,1648.36376953125,51.968082427978516,52.022403717041016,89.4078369140625,0,0,346.3612060546875,0,7.924896240234375,21.254240036010742,21.30164337158203,0,1.034000039100647,0.9067617654800415,50,2.799999952316284,2.525655746459961,0,0,0,0,7.934141677732396,0,0,0,-0.04359949007630348,0.06664526462554932,-0.027881864458322525,-0.004836089909076691,90.43035888671875,91.06546783447266,746.0856323242188,746.5855712890625,746.5855712890625,528.1376953125,0,0,5.746121406555176,0.0010999999940395355,0.02200000174343586,0.03299999609589577,0.04399999603629112,5655.8173828125,114276.53125,0.0429663360118866,0,3.1392715754918754e-05,117.4423828125,0,0.0002616529818624258,2.8350639695418067e-05,0,0,23.700000762939453,0,0,1600,0,50,0,0,0,50,50,200,0.0,0.0,0.0,0.0
65,158.1514892578125,309.69097900390625,325.0781555175781,325.03070068359375,294.27349853515625,294.3208923339844,16515.818359375,33031.63671875,71.50347137451172,71.50325012207031,1660.0301513671875,3311.974365234375,1601.1761474609375,3191.80712890625,284.536865234375,61.96179962158203,1.3699217333851266e-06,0,0,2574.7861328125,1304.2196044921875,0,5.731905460357666,2457.677490234375,12.013687133789062,12.022829055786133,825.0772705078125,1644.969482421875,52.02548599243164,52.08076477050781,89.24103546142578,0,0,346.35418701171875,0,7.924896240234375,21.27600860595703,21.3234806060791,0,1.034000039100647,0.9067617654800415,50,2.799999952316284,2.5314552783966064,0,0,0,0,11.862650319237657,0,0,0,-0.0436481274664402,0.06822030991315842,-0.029414542019367218,-0.004842362366616726,90.2216796875,90.8568344116211,745.0855102539062,745.5855712890625,745.5855712890625,527.63818359375,0,0,5.731905460357666,0.0010999999940395355,0.02200000174343586,0.03299999609589577,0.04399999603629112,5655.8173828125,114276.53125,0.0429663360118866,0,3.1392715754918754e-05,119.26319885253906,0,0.0002616529818624258,2.8350639695418067e-05,0,0,23.700000762939453,0,0,1600,0,50,0,0,0,50,50,200,0.0,0.0,0.0,0.0
66,158.13685607910156,309.69110107421875,325.0490417480469,325.0014343261719,294.30792236328125,294.3554382324219,16515.818359375,33031.63671875,71.54218292236328,71.54197692871094,1656.8995361328125,3305.622802734375,1598.1912841796875,3185.83349609375,284.5274963378906,61.938140869140625,3.47391028299171e-06,0,0,2574.8291015625,1304.4051513671875,0,5.723142623901367,2452.037841796875,12.017362594604492,12.026568412780762,823.3846435546875,1641.5738525390625,52.08284378051758,52.138946533203125,89.07423400878906,0,0,346.34686279296875,0,7.924896240234375,21.29781150817871,21.34541893005371,0,1.034000039100647,0.9067617654800415,50,2.799999952316284,2.5372774600982666,0,0,0,0,15.964688345903822,0,0,0,-0.04365893825888634,0.0697951391339302,-0.030984895303845406,-0.004848693497478962,90.0134506225586,90.64834594726562,744.0858764648438,744.5856323242188,744.5856323242188,527.1383666992188,0,0,5.723142623901367,0.0010999999940395355,0.02200000174343586,0.03299999609589577,0.04399999603629112,5655.8173828125,114276.53125,0.0429663360118866,0,3.1392715754918754e-05,121.08401489257812,0,0.0002616529818624258,2.8350639695418067e-05,0,0,23.700000762939453,0,0,1600,0,50,0,0,0,50,50,200,0.0,0.0,0.0,0.0
67,158.1216583251953,309.6908874511719,325.0195007324219,324.9718017578125,294.34185791015625,294.389404296875,16515.818359375,33031.63671875,71.58041381835938,71.58020782470703,1653.751708984375,3299.240234375,1595.206787109375,3179.858642578125,284.5177001953125,61.913414001464844,2.431748725939542e-06,0,0,2574.87353515625,1304.589111328125,0,5.71683931350708,2446.40283203125,12.021023750305176,12.030291557312012,821.6910400390625,1638.175048828125,52.140037536621094,52.19704818725586,88.90741729736328,0,0,346.3392028808594,0,7.924896240234375,21.319683074951172,21.36739158630371,0,1.034000039100647,0.9067617654800415,50,2.799999952316284,2.543121814727783,0,0,0,0,20.235435357319947,0,0,0,-0.04364272579550743,0.07136932760477066,-0.032592374831438065,-0.004865770228207111,89.80545043945312,90.44003295898438,743.0866088867188,743.586181640625,743.586181640625,526.6386108398438,0,0,5.71683931350708,0.0010999999940395355,0.02200000174343586,0.03299999609589577,0.04399999603629112,5655.8173828125,114276.53125,0.0429663360118866,0,3.1392715754918754e-05,122.90483093261719,0,0.0002616529818624258,2.8350639695418067e-05,0,0,23.700000762939453,0,0,1600,0,50,0,0,0,50,50,200,0.0,0.0,0.0,0.0
68,158.10586547851562,309.6900939941406,324.9895324707031,324.9417419433594,294.37518310546875,294.4228210449219,16515.818359375,33031.63671875,71.6181640625,71.61796569824219,1650.588134765625,3292.826171875,1592.2257080078125,3173.881103515625,284.50750732421875,61.88762664794922,-5.945472594248713e-07,0,0,2574.920166015625,1304.76904296875,0,5.709374904632568,2440.767822265625,12.024667739868164,12.033994674682617,820.000732421875,1634.7874755859375,52.197147369384766,52.2550163269043,88.74061584472656,0,0,346.3312683105469,0,7.924896240234375,21.34172248840332,21.38949966430664,0,1.034000039100647,0.9067617654800415,50,2.799999952316284,2.5489931106567383,0,0,0,0,24.67489135348603,0,0,0,-0.04357787221670151,0.07294415682554245,-0.034235987812280655,-0.004869706928730011,89.59623718261719,90.2317123413086,742.0860595703125,742.5863037109375,742.5863037109375,526.138427734375,0,0,5.709374904632568,0.0010999999940395355,0.02200000174343586,0.03299999609589577,0.04399999603629112,5655.8173828125,114276.53125,0.0429663360118866,0,3.1392715754918754e-05,124.72564697265625,0,0.0002616529818624258,2.8350639695418067e-05,0,0,23.700000762939453,0,0,1600,0,50,0,0,0,50,50,200,0.0,0.0,0.0,0.0
69,158.08950805664062,309.6887512207031,324.9591979980469,324.9113464355469,294.4078674316406,294.45556640625,16515.818359375,33031.63671875,71.65542602539062,71.65523529052734,1647.408935546875,3286.382080078125,1589.246826171875,3167.901123046875,284.49688720703125,61.860801696777344,-2.118930979122524e-06,0,0,2574.96826171875,1304.9466552734375,0,5.690845012664795,2435.13427734375,12.02829647064209,12.037680625915527,818.3038330078125,1631.3834228515625,52.25421142578125,52.3128547668457,88.57381439208984,0,0,346.3230285644531,0,7.924896240234375,21.36383056640625,21.41167640686035,0,1.034000039100647,0.9067617654800415,50,2.799999952316284,2.5548899173736572,0,0,0,0,29.278234928064496,0,0,0,-0.043472494930028915,0.07451952248811722,-0.035915207117795944,-0.004868178628385067,89.38902282714844,90.02345275878906,741.086669921875,741.5860595703125,741.5860595703125,525.6377563476562,0,0,5.690845012664795,0.0010999999940395355,0.02200000174343586,0.03299999609589577,0.04399999603629112,5655.8173828125,114276.53125,0.0429663360118866,0,3.1392715754918754e-05,126.54646301269531,0,0.0002616529818624258,2.8350639695418067e-05,0,0,23.700000762939453,0,0,1600,0,50,0,0,0,50,50,200,0.0,0.0,0.0,0.0
70,158.0725860595703,309.68701171875,324.92852783203125,324.8805847167969,294.43988037109375,294.48773193359375,16515.818359375,33031.63671875,71.69219970703125,71.69200897216797,1644.2164306640625,3279.9140625,1586.2613525390625,3161.927734375,284.48583984375,61.83292770385742,-3.884425950673176e-06,0,0,2575.01806640625,1305.121826171875,0,5.707340717315674,2429.513427734375,12.031906127929688,12.04134464263916,816.6088256835938,1627.9837646484375,52.31101989746094,52.370452880859375,88.4070053100586,0,0,346.31451416015625,0,7.924896240234375,21.38597297668457,21.43391990661621,0,1.034000039100647,0.9067617654800415,50,2.799999952316284,2.5608010292053223,0,0,0,0,34.04064970435092,0,0,0,-0.043331991881132126,0.07609210908412933,-0.037629418075084686,-0.004869301803410053,89.18218994140625,89.8156509399414,740.0889282226562,740.5875854492188,740.5875854492188,525.1377563476562,0,0,5.707340717315674,0.0010999999940395355,0.02200000174343586,0.03299999609589577,0.04399999603629112,5655.8173828125,114276.53125,0.0429663360118866,0,3.1392715754918754e-05,128.36727905273438,0,0.0002616529818624258,2.8350639695418067e-05,0,0,23.700000762939453,0,0,1600,0,50,0,0,0,50,50,200,0.0,0.0,0.0,0.0
71,158.0551300048828,309.68475341796875,324.8974609375,324.8494567871094,294.4713134765625,294.5192565917969,16515.818359375,33031.63671875,71.72847747802734,71.7282943725586,1641.0106201171875,3273.418701171875,1583.2769775390625,3155.953125,284.4743957519531,61.80405044555664,1.0810609865075094e-06,0,0,2575.069580078125,1305.2943115234375,0,5.7089056968688965,2423.903564453125,12.03549575805664,12.044989585876465,814.9131469726562,1624.580810546875,52.367576599121094,52.4278678894043,88.24020385742188,0,0,346.3056945800781,0,7.924896240234375,21.40821647644043,21.45623207092285,0,1.034000039100647,0.9067617654800415,50,2.799999952316284,2.566727876663208,0,0,0,0,38.96695004719647,0,0,0,-0.04315366968512535,0.07766234129667282,-0.039377931505441666,-0.004869257099926472,88.97582244873047,89.60826110839844,739.0927734375,739.5906372070312,739.5906372070312,524.6383056640625,0,0,5.7089056968688965,0.0010999999940395355,0.02200000174343586,0.03299999609589577,0.04399999603629112,5655.8173828125,114276.53125,0.0429663360118866,0,3.1392715754918754e-05,130.18807983398438,0,0.0002616529818624258,2.8350639695418067e-05,0,0,23.700000762939453,0,0,1600,0,50,0,0,0,50,50,200,0.0,0.0,0.0,0.0
72,158.0371551513672,309.68206787109375,324.86602783203125,324.8179626464844,294.5021667480469,294.5501708984375,16515.818359375,33031.63671875,71.76422882080078,71.76405334472656,1637.7930908203125,3266.89892578125,1580.29833984375,3149.97314453125,284.4625549316406,61.7741813659668,3.884818397636991e-06,0,0,2575.12255859375,1305.464111328125,0,5.697885513305664,2418.305908203125,12.039068222045898,12.048611640930176,813.217529296875,1621.178955078125,52.42402267456055,52.484954833984375,88.07339477539062,0,0,346.296630859375,0,7.924896240234375,21.43059730529785,21.478679656982422,0,1.034000039100647,0.9067617654800415,50,2.799999952316284,2.5726687908172607,0,0,0,0,44.03785837866388,0,0,0,-0.042940232902765274,0.0792299136519432,-0.04116016626358032,-0.004870492033660412,88.77005767822266,89.40132904052734,738.098388671875,738.5953369140625,738.5953369140625,524.139404296875,0,0,5.697885513305664,0.0010999999940395355,0.02200000174343586,0.03299999609589577,0.04399999603629112,5655.8173828125,114276.53125,0.0429663360118866,0,3.1392715754918754e-05,132.00888061523438,0,0.0002616529818624258,2.8350639695418067e-05,0,0,23.700000762939453,0,0,1600,0,50,0,0,0,50,50,200,0.0,0.0,0.0,0.0
73,158.0186767578125,309.678955078125,324.83428955078125,324.7861633300781,294.5323791503906,294.58050537109375,16515.818359375,33031.63671875,71.79817199707031,71.79800415039062,1634.5958251953125,3260.421630859375,1578.9822998046875,3147.34716796875,284.45037841796875,61.74334716796875,-2.0418344774952857e-06,0,0,2575.177001953125,1305.629638671875,0,6.526129245758057,2412.719970703125,12.042611122131348,12.052206039428711,811.5391845703125,1617.81298828125,52.482051849365234,52.543758392333984,88.0,0,0,346.2872619628906,0,7.924896240234375,21.45297622680664,21.501127243041992,0,1.034000039100647,0.9067617654800415,50,2.799999952316284,2.578625202178955,0,0,0,0,49.258195099164084,0,0,0,-0.04269169270992279,0.0807948037981987,-0.04295735061168671,-0.004854236729443073,88.56465148925781,89.19482421875,737.1056518554688,737.6017456054688,737.6017456054688,523.6411743164062,0,0,6.526129245758057,0.0010999999940395355,0.02200000174343586,0.03299999609589577,0.04399999603629112,5655.8173828125,114276.53125,0.0429663360118866,0,3.1392715754918754e-05,133.82968139648438,0,0.0002616529818624258,2.8350639695418067e-05,0,0,23.700000762939453,0,0,1600,0,50,0,0,0,50,50,200,0.0,0.0,0.0,0.0
74,158.00022888183594,309.6739196777344,324.8028564453125,324.75457763671875,294.56109619140625,294.6092834472656,16515.818359375,33031.63671875,71.82794189453125,71.82778930664062,1631.785888671875,3254.71875,1578.984130859375,3147.34521484375,284.43780517578125,61.71165084838867,-1.0116878002008889e-06,0,0,2575.232666015625,1305.7552490234375,0,12.52023983001709,2407.155517578125,12.045969009399414,12.055611610412598,810.1264038085938,1614.984375,52.56907272338867,52.6314697265625,88.0,0,0,346.2777099609375,0,7.924896240234375,21.4748477935791,21.52313232421875,0,1.034000039100647,0.9067617654800415,50,2.799999952316284,2.5845859050750732,0,0,0,0,54.60868263075984,0,0,0,-0.04228919744491577,0.08235478401184082,-0.044725216925144196,-0.004659631289541721,88.36611938476562,88.9891128540039,736.120849609375,736.6112670898438,736.6112670898438,523.1441650390625,0,0,12.52023983001709,0.0010999999940395355,0.02200000174343586,0.03299999609589577,0.04399999603629112,5655.8173828125,114276.53125,0.0429663360118866,0,3.1392715754918754e-05,135.65048217773438,0,0.0002616529818624258,2.8350639695418067e-05,0,0,23.700000762939453,0,0,1600,0,50,0,0,0,50,50,200,0.0,0.0,0.0,0.0
75,157.98199462890625,309.66656494140625,324.7715759277344,324.7231750488281,294.587646484375,294.6359558105469,16515.818359375,33031.63671875,71.8538589477539,71.85371398925781,1629.02099609375,3249.11181640625,1578.98681640625,3147.3427734375,284.4255676269531,61.68073272705078,1.5509584727624315e-06,0,0,2575.286865234375,1305.8641357421875,0,12.568207740783691,2401.763427734375,12.049118041992188,12.058804512023926,808.74365234375,1612.21435546875,52.652095794677734,52.71525192260742,88.0,0,0,346.2684326171875,0,7.924896240234375,21.496854782104492,21.54524040222168,0,1.034000039100647,0.9067617654800415,50,2.799999952316284,2.590388298034668,0,0,0,0,59.800096948794376,0,0,0,-0.04170309379696846,0.0838715136051178,-0.046456627547740936,-0.004288209602236748,88.21082305908203,88.78977966308594,735.1925659179688,735.6482543945312,735.6482543945312,522.6593017578125,0,0,12.568207740783691,0.0010999999940395355,0.02200000174343586,0.03299999609589577,0.04399999603629112,5655.8173828125,114276.53125,0.0429663360118866,0,3.1392715754918754e-05,137.47128295898438,0,0.0002616529818624258,2.8350639695418067e-05,0,0,23.700000762939453,0,0,1600,0,50,0,0,0,50,50,200,0.0,0.0,0.0,0.0
76,157.9630126953125,309.6580810546875,324.74053955078125,324.69207763671875,294.6119384765625,294.66033935546875,16515.818359375,33031.63671875,71.87612915039062,71.8759994506836,1626.3525390625,3243.69677734375,1578.9818115234375,3147.34765625,284.4129943847656,61.64900207519531,-2.6479649477550993e-06,0,0,2575.342529296875,1305.95654296875,0,12.735957145690918,2396.768310546875,12.052059173583984,12.061790466308594,807.4552612304688,1609.634521484375,52.729454040527344,52.79328918457031,88.0,0,0,346.2589416503906,0,7.924896240234375,21.51838493347168,21.56684112548828,0,1.034000039100647,0.9067617654800415,50,2.799999952316284,2.595787286758423,0,0,0,0,65.11201725339605,0,0,0,-0.0410279706120491,0.08527939021587372,-0.048152536153793335,-0.0039011137560009956,88.07120513916016,88.60511016845703,734.3341064453125,734.75439453125,734.75439453125,522.2083740234375,0,0,12.735957145690918,0.0010999999940395355,0.02200000174343586,0.03299999609589577,0.04399999603629112,5655.8173828125,114276.53125,0.0429663360118866,0,3.1392715754918754e-05,139.29208374023438,0,0.0002616529818624258,2.8350639695418067e-05,0,0,23.700000762939453,0,0,1600,0,50,0,0,0,50,50,200,0.0,0.0,0.0,0.0
77,157.9429931640625,309.6485595703125,324.7098693847656,324.6613464355469,294.6337890625,294.6822814941406,16515.818359375,33031.63671875,71.89502716064453,71.8949203491211,1623.785400390625,3238.488037109375,1578.9775390625,3147.351806640625,284.3997497558594,61.615596771240234,3.98407655666233e-06,0,0,2575.400634765625,1306.0328369140625,0,13.034934043884277,2392.184326171875,12.05480670928955,12.06457805633545,806.2576293945312,1607.2347412109375,52.80105209350586,52.865623474121094,88.0,0,0,346.2489318847656,0,7.924896240234375,21.53907012939453,21.58759307861328,0,1.034000039100647,0.9067617654800415,50,2.799999952316284,2.6007611751556396,0,0,0,0,70.69387595730416,0,0,0,-0.04026928171515465,0.08657405525445938,-0.04981432110071182,-0.0035095475614070892,87.94881439208984,88.43565368652344,733.5491333007812,733.932373046875,733.932373046875,521.7929077148438,0,0,13.034934043884277,0.0010999999940395355,0.02200000174343586,0.03299999609589577,0.04399999603629112,5655.8173828125,114276.53125,0.0429663360118866,0,3.1392715754918754e-05,141.11288452148438,0,0.0002616529818624258,2.8350639695418067e-05,0,0,23.700000762939453,0,0,1600,0,50,0,0,0,50,50,200,0.0,0.0,0.0,0.0
78,157.9220428466797,309.6380920410156,324.6796875,324.6310729980469,294.6531677246094,294.70172119140625,16515.818359375,33031.63671875,71.91082000732422,71.91072082519531,1621.3291015625,3233.501708984375,1578.9779052734375,3147.3515625,284.3858642578125,61.580413818359375,-4.875861577602336e-06,0,0,2575.462158203125,1306.0948486328125,0,13.367438316345215,2388.0537109375,12.057368278503418,12.067179679870605,805.14501953125,1605.0069580078125,52.866729736328125,52.93199157714844,88.0,0,0,346.2384338378906,0,7.924896240234375,21.55877113342285,21.60736083984375,0,1.034000039100647,0.9067617654800415,50,2.799999952316284,2.605259895324707,0,0,0,0,76.56494661474947,0,0,0,-0.03943787142634392,0.08774375170469284,-0.05144474655389786,-0.003138866275548935,87.8507308959961,88.28294372558594,732.8494873046875,733.189697265625,733.189697265625,521.4165649414062,0,0,13.367438316345215,0.0010999999940395355,0.02200000174343586,0.03299999609589577,0.04399999603629112,5655.8173828125,114276.53125,0.0429663360118866,0,3.1392715754918754e-05,142.93368530273438,0,0.0002616529818624258,2.8350639695418067e-05,0,0,23.700000762939453,0,0,1600,0,50,0,0,0,50,50,200,0.0,0.0,0.0,0.0
79,157.90032958984375,309.62689208984375,324.6499938964844,324.60137939453125,294.6700439453125,294.7186279296875,16515.818359375,33031.63671875,71.9237289428711,71.92364501953125,1618.978271484375,3228.725830078125,1578.9720458984375,3147.357421875,284.37127685546875,61.54367446899414,4.470670774026075e-06,0,0,2575.52587890625,1306.1435546875,0,13.686174392700195,2384.3779296875,12.059754371643066,12.06960391998291,804.1142578125,1602.942138671875,52.92662048339844,52.992469787597656,88.0,0,0,346.2275085449219,0,7.924896240234375,21.57748794555664,21.62611198425293,0,1.034000039100647,0.9067617654800415,50,2.799999952316284,2.609276056289673,0,0,0,0,82.68184964574,0,0,0,-0.038544584065675735,0.08878761529922485,-0.05304361507296562,-0.002800583839416504,87.75839233398438,88.14705657958984,732.2210083007812,732.5269165039062,732.5269165039062,521.0797729492188,0,0,13.686174392700195,0.0010999999940395355,0.02200000174343586,0.03299999609589577,0.04399999603629112,5655.8173828125,114276.53125,0.0429663360118866,0,3.1392715754918754e-05,144.75448608398438,0,0.0002616529818624258,2.8350639695418067e-05,0,0,23.700000762939453,0,0,1600,0,50,0,0,0,50,50,200,0.0,0.0,0.0,0.0
80,157.8780517578125,309.6150817871094,324.6210021972656,324.57232666015625,294.6844177246094,294.73309326171875,16515.818359375,33031.63671875,71.93401336669922,71.9339370727539,1616.7215576171875,3224.14306640625,1578.9666748046875,3147.362548828125,284.35626220703125,61.50571823120117,-1.352514686914219e-06,0,0,2575.591552734375,1306.18017578125,0,13.973930358886719,2381.08447265625,12.061975479125977,12.071858406066895,803.1626586914062,1601.0341796875,52.98130798339844,53.04778289794922,88.0,0,0,346.2162170410156,0,7.924896240234375,21.59518814086914,21.64388084411621,0,1.034000039100647,0.9067617654800415,50,2.799999952316284,2.6128852367401123,0,0,0,0,88.98674829275741,0,0,0,-0.0376056469976902,0.08972574025392532,-0.054611824452877045,-0.0024917330592870712,87.67671966552734,88.02530670166016,731.6569213867188,731.9313354492188,731.9313354492188,520.7761840820312,0,0,13.973930358886719,0.0010999999940395355,0.02200000174343586,0.03299999609589577,0.04399999603629112,5655.8173828125,114276.53125,0.0429663360118866,0,3.1392715754918754e-05,146.57528686523438,0,0.0002616529818624258,2.8350639695418067e-05,0,0,23.700000762939453,0,0,1600,0,50,0,0,0,50,50,200,0.0,0.0,0.0,0.0
81,157.8554229736328,309.60284423828125,324.5927429199219,324.5439758300781,294.6964111328125,294.7451477050781,16515.818359375,33031.63671875,71.94187927246094,71.94181823730469,1614.555419921875,3219.73876953125,1578.9669189453125,3147.362548828125,284.34088134765625,61.46687316894531,-4.285955128580099e-06,0,0,2575.65869140625,1306.2061767578125,0,14.225343704223633,2378.142578125,12.064038276672363,12.073953628540039,802.28564453125,1599.2763671875,53.03126907348633,53.09823226928711,88.0,0,0,346.2047119140625,0,7.924896240234375,21.61197280883789,21.660734176635742,0,1.034000039100647,0.9067617654800415,50,2.799999952316284,2.6161177158355713,0,0,0,0,95.42178970345734,0,0,0,-0.036631885915994644,0.09056656062602997,-0.05615031719207764,-0.002215641550719738,87.60458374023438,87.91654205322266,731.1519165039062,731.3974609375,731.3974609375,520.5032348632812,0,0,14.225343704223633,0.0010999999940395355,0.02200000174343586,0.03299999609589577,0.04399999603629112,5655.8173828125,114276.53125,0.0429663360118866,0,3.1392715754918754e-05,148.39608764648438,0,0.0002616529818624258,2.8350639695418067e-05,0,0,23.700000762939453,0,0,1600,0,50,0,0,0,50,50,200,0.0,0.0,0.0,0.0
82,157.83255004882812,309.5903015136719,324.5652160644531,324.5164489746094,294.70611572265625,294.7549133300781,16515.818359375,33031.63671875,71.94754791259766,71.9474868774414,1612.47119140625,3215.50341796875,1578.9676513671875,3147.36181640625,284.3252258300781,61.4273796081543,3.666339694063936e-07,0,0,2575.72705078125,1306.2222900390625,0,14.451454162597656,2375.51904296875,12.065950393676758,12.075898170471191,801.4835815429688,1597.6666259765625,53.076725006103516,53.14423751831055,88.0,0,0,346.19305419921875,0,7.924896240234375,21.62784194946289,21.676603317260742,0,1.034000039100647,0.9067617654800415,50,2.799999952316284,2.619006872177124,0,0,0,0,101.94359832155428,0,0,0,-0.0356341190636158,0.09131894260644913,-0.057661015540361404,-0.001976190134882927,87.54668426513672,87.8195571899414,730.7049560546875,730.9197387695312,730.9197387695312,520.2581787109375,0,0,14.451454162597656,0.0010999999940395355,0.02200000174343586,0.03299999609589577,0.04399999603629112,5655.8173828125,114276.53125,0.0429663360118866,0,3.1392715754918754e-05,150.21688842773438,0,0.0002616529818624258,2.8350639695418067e-05,0,0,23.700000762939453,0,0,1600,0,50,0,0,0,50,50,200,0.0,0.0,0.0,0.0
83,157.80960083007812,309.5775146484375,324.5385437011719,324.4897155761719,294.7136535644531,294.76251220703125,16515.818359375,33031.63671875,71.95123291015625,71.95118713378906,1610.468994140625,3211.429931640625,1578.9678955078125,3147.361572265625,284.3094482421875,61.38747787475586,-3.9699334593024105e-06,0,0,2575.795166015625,1306.22998046875,0,14.652729988098145,2373.212890625,12.067723274230957,12.077698707580566,800.7496337890625,1596.19384765625,53.117984771728516,53.185821533203125,88.0,0,0,346.1813049316406,0,7.924896240234375,21.64276123046875,21.69158935546875,0,1.034000039100647,0.9067617654800415,50,2.799999952316284,2.621551752090454,0,0,0,0,108.5087824959367,0,0,0,-0.034617744386196136,0.09198309481143951,-0.05914367362856865,-0.0017783213406801224,87.48956298828125,87.73430633544922,730.305419921875,730.498046875,730.498046875,520.0409545898438,0,0,14.652729988098145,0.0010999999940395355,0.02200000174343586,0.03299999609589577,0.04399999603629112,5655.8173828125,114276.53125,0.0429663360118866,0,3.1392715754918754e-05,152.03768920898438,0,0.0002616529818624258,2.8350639695418067e-05,0,0,23.700000762939453,0,0,1600,0,50,0,0,0,50,50,200,0.0,0.0,0.0,0.0
84,157.78665161132812,309.5645751953125,324.5127868652344,324.4638977050781,294.7191467285156,294.76806640625,16515.818359375,33031.63671875,71.95311737060547,71.95308685302734,1608.54248046875,3207.509521484375,1578.965576171875,3147.36376953125,284.2935485839844,61.347354888916016,5.379891376833257e-07,0,0,2575.86376953125,1306.2294921875,0,14.83371353149414,2371.175048828125,12.069360733032227,12.079363822937012,800.0798950195312,1594.852783203125,53.15530014038086,53.22355651855469,88.0,0,0,346.1695556640625,0,7.924896240234375,21.656766891479492,21.70566177368164,0,1.034000039100647,0.9067617654800415,50,2.799999952316284,2.623804807662964,0,0,0,0,115.08361551855405,0,0,0,-0.03359087556600571,0.09257259219884872,-0.06059934198856354,-0.0016176262870430946,87.43984985351562,87.65896606445312,729.9513549804688,730.123779296875,730.123779296875,519.847412109375,0,0,14.83371353149414,0.0010999999940395355,0.02200000174343586,0.03299999609589577,0.04399999603629112,5655.8173828125,114276.53125,0.0429663360118866,0,3.1392715754918754e-05,153.85848999023438,0,0.0002616529818624258,2.8350639695418067e-05,0,0,23.700000762939453,0,0,1600,0,50,0,0,0,50,50,200,0.0,0.0,0.0,0.0
85,157.7637939453125,309.55157470703125,324.4879150390625,324.43896484375,294.72271728515625,294.7716979980469,16515.818359375,33031.63671875,71.95345306396484,71.95342254638672,1606.6763916015625,3203.71484375,1578.9658203125,3147.363525390625,284.2776184082031,61.30716323852539,5.223506377660669e-06,0,0,2575.932373046875,1306.221923828125,0,14.995092391967773,2369.34912109375,12.070871353149414,12.080900192260742,799.4703369140625,1593.6280517578125,53.18922805786133,53.25798034667969,88.0,0,0,346.1578063964844,0,7.924896240234375,21.669889450073242,21.718852996826172,0,1.034000039100647,0.9067617654800415,50,2.799999952316284,2.625826835632324,0,0,0,0,121.64397929252553,0,0,0,-0.032556209713220596,0.09310311824083328,-0.062028151005506516,-0.001481235958635807,87.39186096191406,87.59146118164062,729.6298217773438,729.7869262695312,729.7869262695312,519.6725463867188,0,0,14.995092391967773,0.0010999999940395355,0.02200000174343586,0.03299999609589577,0.04399999603629112,5655.8173828125,114276.53125,0.0429663360118866,0,3.1392715754918754e-05,155.67929077148438,0,0.0002616529818624258,2.8350639695418067e-05,0,0,23.700000762939453,0,0,1600,0,50,0,0,0,50,50,200,0.0,0.0,0.0,0.0
86,157.74110412597656,309.53851318359375,324.4640197753906,324.4150085449219,294.7244873046875,294.7735290527344,16515.818359375,33031.63671875,71.95228576660156,71.9522705078125,1604.8665771484375,3200.02978515625,1578.9654541015625,3147.36376953125,284.2617492675781,61.26703643798828,-1.4853138736725668e-06,0,0,2576.000244140625,1306.208740234375,0,15.140356063842773,2367.68896484375,12.072261810302734,12.082313537597656,798.9140625,1592.510009765625,53.22044372558594,53.289451599121094,88.0,0,0,346.1461486816406,0,7.924896240234375,21.68212890625,21.73112678527832,0,1.034000039100647,0.9067617654800415,50,2.799999952316284,2.6276679039001465,0,0,0,0,128.16578791062247,0,0,0,-0.03151913359761238,0.09358740597963333,-0.0634305477142334,-0.0013622771948575974,87.34685516357422,87.53009033203125,729.335205078125,729.4794311523438,729.4794311523438,519.5122680664062,0,0,15.140356063842773,0.0010999999940395355,0.02200000174343586,0.03299999609589577,0.04399999603629112,5655.8173828125,114276.53125,0.0429663360118866,0,3.1392715754918754e-05,157.50009155273438,0,0.0002616529818624258,2.8350639695418067e-05,0,0,23.700000762939453,0,0,1600,0,50,0,0,0,50,50,200,0.0,0.0,0.0,0.0
87,157.7185821533203,309.5254211425781,324.4410400390625,324.3919677734375,294.72467041015625,294.7737731933594,16515.818359375,33031.63671875,71.9498291015625,71.94981384277344,1603.106201171875,3196.4501953125,1578.9637451171875,3147.36572265625,284.24591064453125,61.227027893066406,-8.186284503608476e-07,0,0,2576.067626953125,1306.189208984375,0,15.278556823730469,2366.16943359375,12.073535919189453,12.083608627319336,798.409423828125,1591.497314453125,53.24890899658203,53.3183479309082,88.0,0,0,346.1345520019531,0,7.924896240234375,21.693523406982422,21.74258804321289,0,1.034000039100647,0.9067617654800415,50,2.799999952316284,2.6293554306030273,0,0,0,0,134.63939252460995,0,0,0,-0.030479662120342255,0.09403248876333237,-0.06480702757835388,-0.0012542009353637695,87.3051986694336,87.47391510009766,729.0640869140625,729.1968383789062,729.1968383789062,519.3644409179688,0,0,15.278556823730469,0.0010999999940395355,0.02200000174343586,0.03299999609589577,0.04399999603629112,5655.8173828125,114276.53125,0.0429663360118866,0,3.1392715754918754e-05,159.32089233398438,0,0.0002616529818624258,2.8350639695418067e-05,0,0,23.700000762939453,0,0,1600,0,50,0,0,0,50,50,200,0.0,0.0,0.0,0.0
88,157.69622802734375,309.51226806640625,324.4189147949219,324.36981201171875,294.7233581542969,294.77252197265625,16515.818359375,33031.63671875,71.94621276855469,71.94620513916016,1601.3963623046875,3192.96435546875,1578.9649658203125,3147.364501953125,284.2301025390625,61.187129974365234,-4.5741876419924665e-06,0,0,2576.134765625,1306.16455078125,0,15.414946556091309,2364.775634765625,12.074699401855469,12.084794044494629,797.9501342773438,1590.570556640625,53.27509307861328,53.344749450683594,88.0,0,0,346.123046875,0,7.924896240234375,21.70413589477539,21.75323486328125,0,1.034000039100647,0.9067617654800415,50,2.799999952316284,2.6309049129486084,0,0,0,0,141.06479313448799,0,0,0,-0.02943509817123413,0.09444243460893631,-0.06615807861089706,-0.0011507458984851837,87.266845703125,87.42239379882812,728.8140869140625,728.9365844726562,728.9365844726562,519.2277221679688,0,0,15.414946556091309,0.0010999999940395355,0.02200000174343586,0.03299999609589577,0.04399999603629112,5655.8173828125,114276.53125,0.0429663360118866,0,3.1392715754918754e-05,161.14169311523438,0,0.0002616529818624258,2.8350639695418067e-05,0,0,23.700000762939453,0,0,1600,0,50,0,0,0,50,50,200,0.0,0.0,0.0,0.0
89,157.6740264892578,309.49908447265625,324.3977355957031,324.34857177734375,294.72064208984375,294.7698669433594,16515.818359375,33031.63671875,71.94156646728516,71.94156646728516,1599.7315673828125,3189.57373046875,1578.963623046875,3147.36572265625,284.21435546875,61.1473503112793,-9.542413863528054e-07,0,0,2576.201171875,1306.135498046875,0,15.54957103729248,2363.4970703125,12.075756072998047,12.085869789123535,797.530029296875,1589.7255859375,53.298927307128906,53.36886978149414,88.0,0,0,346.11163330078125,0,7.924896240234375,21.71390151977539,21.76306915283203,0,1.034000039100647,0.9067617654800415,50,2.799999952316284,2.6323282718658447,0,0,0,0,147.44681014066748,0,0,0,-0.028388136997818947,0.09482033550739288,-0.06748423725366592,-0.0010520406067371368,87.23189544677734,87.3751220703125,728.5838623046875,728.6966552734375,728.6966552734375,519.1011962890625,0,0,15.54957103729248,0.0010999999940395355,0.02200000174343586,0.03299999609589577,0.04399999603629112,5655.8173828125,114276.53125,0.0429663360118866,0,3.1392715754918754e-05,162.96249389648438,0,0.0002616529818624258,2.8350639695418067e-05,0,0,23.700000762939453,0,0,1600,0,50,0,0,0,50,50,200,0.0,0.0,0.0,0.0
90,157.6519775390625,309.4858093261719,324.37738037109375,324.32818603515625,294.7166442871094,294.765869140625,16515.818359375,33031.63671875,71.93598937988281,71.93598937988281,1598.1173095703125,3186.2861328125,1578.96826171875,3147.361328125,284.1986389160156,61.107666015625,-4.080570761288982e-06,0,0,2576.26708984375,1306.1019287109375,0,15.68783950805664,2362.35498046875,12.076711654663086,12.08684253692627,797.1455688476562,1588.9521484375,53.32036590576172,53.390586853027344,88.0,0,0,346.1003112792969,0,7.924896240234375,21.72292137145996,21.772123336791992,0,1.034000039100647,0.9067617654800415,50,2.799999952316284,2.633600950241089,0,0,0,0,153.78062314273754,0,0,0,-0.02733609266579151,0.09516020119190216,-0.06878654658794403,-0.0009624352678656578,87.20367431640625,87.33290100097656,728.379150390625,728.4808349609375,728.4808349609375,518.9866333007812,0,0,15.68783950805664,0.0010999999940395355,0.02200000174343586,0.03299999609589577,0.04399999603629112,5655.8173828125,114276.53125,0.0429663360118866,0,3.1392715754918754e-05,164.78329467773438,0,0.0002616529818624258,2.8350639695418067e-05,0,0,23.700000762939453,0,0,1600,0,50,0,0,0,50,50,200,0.0,0.0,0.0,0.0
91,157.63009643554688,309.4725341796875,324.3578186035156,324.3085632324219,294.7114562988281,294.7607421875,16515.818359375,33031.63671875,71.92958068847656,71.9295883178711,1596.5462646484375,3183.08447265625,1578.973876953125,3147.355712890625,284.1829528808594,61.06808090209961,-2.73643308901228e-06,0,0,2576.33251953125,1306.0653076171875,0,15.828476905822754,2361.328125,12.077570915222168,12.087717056274414,796.7914428710938,1588.2379150390625,53.339717864990234,53.410072326660156,88.0,0,0,346.08905029296875,0,7.924896240234375,21.731229782104492,21.780498504638672,0,1.034000039100647,0.9067617654800415,50,2.799999952316284,2.6347463130950928,0,0,0,0,160.07106058852213,0,0,0,-0.026281658560037613,0.09546804428100586,-0.07006513327360153,-0.0008787475526332855,87.1766128540039,87.29493713378906,728.1923217773438,728.285400390625,728.285400390625,518.8822631835938,0,0,15.828476905822754,0.0010999999940395355,0.02200000174343586,0.03299999609589577,0.04399999603629112,5655.8173828125,114276.53125,0.0429663360118866,0,3.1392715754918754e-05,166.60409545898438,0,0.0002616529818624258,2.8350639695418067e-05,0,0,23.700000762939453,0,0,1600,0,50,0,0,0,50,50,200,0.0,0.0,0.0,0.0
92,157.6083984375,309.459228515625,324.3389892578125,324.2896728515625,294.7051696777344,294.7545471191406,16515.818359375,33031.63671875,71.92241668701172,71.92243194580078,1595.01513671875,3179.966796875,1578.9676513671875,3147.36181640625,284.1673278808594,61.02864074707031,-5.854703317709209e-07,0,0,2576.397705078125,1306.024658203125,0,15.96191692352295,2360.393310546875,12.07833480834961,12.088495254516602,796.46875,1587.5849609375,53.35704040527344,53.427616119384766,88.0,0,0,346.077880859375,0,7.924896240234375,21.7388916015625,21.78822898864746,0,1.034000039100647,0.9067617654800415,50,2.799999952316284,2.635789632797241,0,0,0,0,166.31329403019726,0,0,0,-0.02522752806544304,0.09575001895427704,-0.07132143527269363,-0.0007989406585693359,87.1580810546875,87.26038360595703,728.02587890625,728.1063842773438,728.1063842773438,518.7861328125,0,0,15.96191692352295,0.0010999999940395355,0.02200000174343586,0.03299999609589577,0.04399999603629112,5655.8173828125,114276.53125,0.0429663360118866,0,3.1392715754918754e-05,168.42489624023438,0,0.0002616529818624258,2.8350639695418067e-05,0,0,23.700000762939453,0,0,1600,0,50,0,0,0,50,50,200,0.0,0.0,0.0,0.0
93,157.5869140625,309.4459533691406,324.32086181640625,324.2714538574219,294.697998046875,294.74737548828125,16515.818359375,33031.63671875,71.91458892822266,71.91461181640625,1593.5299072265625,3176.9404296875,1578.9654541015625,3147.364013671875,284.15179443359375,60.98937225341797,-4.196363079245202e-06,0,0,2576.462158203125,1305.9814453125,0,16.088003158569336,2359.585205078125,12.079010009765625,12.089181900024414,796.1730346679688,1586.9892578125,53.3721923828125,53.4429817199707,88.0,0,0,346.06683349609375,0,7.924896240234375,21.74597930908203,21.79538345336914,0,1.034000039100647,0.9067617654800415,50,2.799999952316284,2.6366922855377197,0,0,0,0,172.49768266694102,0,0,0,-0.024173695594072342,0.09599675238132477,-0.07255525141954422,-0.0007321955636143684,87.13836669921875,87.23050689697266,727.8771362304688,727.94970703125,727.94970703125,518.701171875,0,0,16.088003158569336,0.0010999999940395355,0.02200000174343586,0.03299999609589577,0.04399999603629112,5655.8173828125,114276.53125,0.0429663360118866,0,3.1392715754918754e-05,170.24569702148438,0,0.0002616529818624258,2.8350639695418067e-05,0,0,23.700000762939453,0,0,1600,0,50,0,0,0,50,50,200,0.0,0.0,0.0,0.0
94,157.56565856933594,309.43267822265625,324.30340576171875,324.25396728515625,294.6899108886719,294.7393493652344,16515.818359375,33031.63671875,71.90616607666016,71.90618896484375,1592.0831298828125,3173.991455078125,1578.96826171875,3147.361328125,284.1363220214844,60.950313568115234,2.876701501008938e-06,0,0,2576.52587890625,1305.93603515625,0,16.212078094482422,2358.860595703125,12.079598426818848,12.089781761169434,795.9005126953125,1586.4420166015625,53.38556671142578,53.4565544128418,88.0,0,0,346.0558776855469,0,7.924896240234375,21.75248908996582,21.80192756652832,0,1.034000039100647,0.9067617654800415,50,2.799999952316284,2.637502431869507,0,0,0,0,178.61458569793155,0,0,0,-0.02312285453081131,0.09622009843587875,-0.07376674562692642,-0.0006694961339235306,87.11944580078125,87.20372009277344,727.7415771484375,727.8079223632812,727.8079223632812,518.6235961914062,0,0,16.212078094482422,0.0010999999940395355,0.02200000174343586,0.03299999609589577,0.04399999603629112,5655.8173828125,114276.53125,0.0429663360118866,0,3.1392715754918754e-05,172.06649780273438,0,0.0002616529818624258,2.8350639695418067e-05,0,0,23.700000762939453,0,0,1600,0,50,0,0,0,50,50,200,0.0,0.0,0.0,0.0
95,157.54464721679688,309.4194641113281,324.2865905761719,324.237060546875,294.6810302734375,294.73052978515625,16515.818359375,33031.63671875,71.89720916748047,71.89724731445312,1590.6722412109375,3171.113525390625,1578.9686279296875,3147.36083984375,284.1209411621094,60.911495208740234,4.010315478808479e-06,0,0,2576.5888671875,1305.887451171875,0,16.33400535583496,2358.202880859375,12.080102920532227,12.090296745300293,795.6548461914062,1585.9422607421875,53.39739990234375,53.46846389770508,88.0,0,0,346.0450744628906,0,7.924896240234375,21.75849151611328,21.80799674987793,0,1.034000039100647,0.9067617654800415,50,2.799999952316284,2.638237953186035,0,0,0,0,184.6688315709928,0,0,0,-0.022074999287724495,0.0964246392250061,-0.07495622336864471,-0.0006065815687179565,87.10199737548828,87.17940521240234,727.6170654296875,727.6780395507812,727.6780395507812,518.5520629882812,0,0,16.33400535583496,0.0010999999940395355,0.02200000174343586,0.03299999609589577,0.04399999603629112,5655.8173828125,114276.53125,0.0429663360118866,0,3.1392715754918754e-05,173.88729858398438,0,0.0002616529818624258,2.8350639695418067e-05,0,0,23.700000762939453,0,0,1600,0,50,0,0,0,50,50,200,0.0,0.0,0.0,0.0
96,157.5238800048828,309.4062805175781,324.2704162597656,324.2208251953125,294.67138671875,294.7209777832031,16515.818359375,33031.63671875,71.8877944946289,71.88782501220703,1589.2950439453125,3168.305908203125,1578.9727783203125,3147.356689453125,284.1056823730469,60.87291717529297,-7.955211458465783e-07,0,0,2576.651123046875,1305.83740234375,0,16.450950622558594,2357.605224609375,12.080527305603027,12.090729713439941,795.4267578125,1585.4813232421875,53.40767288208008,53.478858947753906,88.0,0,0,346.03436279296875,0,7.924896240234375,21.76395034790039,21.81352424621582,0,1.034000039100647,0.9067617654800415,50,2.799999952316284,2.638906717300415,0,0,0,0,190.65076339047684,0,0,0,-0.0210301261395216,0.09661241620779037,-0.07612407207489014,-0.0005417768843472004,87.08655548095703,87.15731048583984,727.5031127929688,727.558837890625,727.558837890625,518.48583984375,0,0,16.450950622558594,0.0010999999940395355,0.02200000174343586,0.03299999609589577,0.04399999603629112,5655.8173828125,114276.53125,0.0429663360118866,0,3.1392715754918754e-05,175.70809936523438,0,0.0002616529818624258,2.8350639695418067e-05,0,0,23.700000762939453,0,0,1600,0,50,0,0,0,50,50,200,0.0,0.0,0.0,0.0
97,157.5033416748047,309.39312744140625,324.2547302246094,324.2051086425781,294.6611633300781,294.7108154296875,16515.818359375,33031.63671875,71.87796020507812,71.87800598144531,1587.9515380859375,3165.564453125,1578.9776611328125,3147.351806640625,284.0904846191406,60.834590911865234,8.379498126487306e-07,0,0,2576.712646484375,1305.78515625,0,16.566978454589844,2357.066162109375,12.0808744430542,12.091084480285645,795.2192993164062,1585.0604248046875,53.416526794433594,53.48775863647461,88.0,0,0,346.0237731933594,0,7.924896240234375,21.7690372467041,21.81867790222168,0,1.034000039100647,0.9067617654800415,50,2.799999952316284,2.639510154724121,0,0,0,0,196.5652256990337,0,0,0,-0.01998823694884777,0.09678374230861664,-0.07727070152759552,-0.000475193839520216,87.07318878173828,87.13738250732422,727.3995361328125,727.4500122070312,727.4500122070312,518.4248657226562,0,0,16.566978454589844,0.0010999999940395355,0.02200000174343586,0.03299999609589577,0.04399999603629112,5655.8173828125,114276.53125,0.0429663360118866,0,3.1392715754918754e-05,177.52890014648438,0,0.0002616529818624258,2.8350639695418067e-05,0,0,23.700000762939453,0,0,1600,0,50,0,0,0,50,50,200,0.0,0.0,0.0,0.0
98,157.48306274414062,309.3800354003906,324.2395935058594,324.18988037109375,294.65032958984375,294.7000427246094,16515.818359375,33031.63671875,71.86776733398438,71.86781311035156,1586.6402587890625,3162.890869140625,1578.970703125,3147.35888671875,284.0754089355469,60.79652404785156,-5.629909765048069e-07,0,0,2576.7734375,1305.731689453125,0,16.68343162536621,2356.58544921875,12.081145286560059,12.091361999511719,795.0279541015625,1584.670654296875,53.42387771606445,53.495235443115234,88.0,0,0,346.0133361816406,0,7.924896240234375,21.77375030517578,21.82345962524414,0,1.034000039100647,0.9067617654800415,50,2.799999952316284,2.6400487422943115,0,0,0,0,202.40737395401334,0,0,0,-0.018952008336782455,0.09693872183561325,-0.07839655876159668,-0.00040984712541103363,87.06199645996094,87.1196060180664,727.3062744140625,727.3516235351562,727.3516235351562,518.3690795898438,0,0,16.68343162536621,0.0010999999940395355,0.02200000174343586,0.03299999609589577,0.04399999603629112,5655.8173828125,114276.53125,0.0429663360118866,0,3.1392715754918754e-05,179.34970092773438,0,0.0002616529818624258,2.8350639695418067e-05,0,0,23.700000762939453,0,0,1600,0,50,0,0,0,50,50,200,0.0,0.0,0.0,0.0
99,157.46302795410156,309.3669738769531,324.2249755859375,324.1752014160156,294.63897705078125,294.6887512207031,16515.818359375,33031.63671875,71.85726165771484,71.8572998046875,1585.36328125,3160.283447265625,1578.9815673828125,3147.34814453125,284.0604248046875,60.75869369506836,2.1513449155463604e-06,0,0,2576.833740234375,1305.6763916015625,0,16.79755973815918,2356.16259765625,12.081343650817871,12.091564178466797,794.852294921875,1584.313720703125,53.42990493774414,53.50123977661133,88.0,0,0,346.00299072265625,0,7.924896240234375,21.77802276611328,21.827800750732422,0,1.034000039100647,0.9067617654800415,50,2.799999952316284,2.6405227184295654,0,0,0,0,208.18203660323974,0,0,0,-0.01791875623166561,0.09707746654748917,-0.07950206100940704,-0.0003433478996157646,87.05296325683594,87.10397338867188,727.223388671875,727.2635498046875,727.2635498046875,518.3184814453125,0,0,16.79755973815918,0.0010999999940395355,0.02200000174343586,0.03299999609589577,0.04399999603629112,5655.8173828125,114276.53125,0.0429663360118866,0,3.1392715754918754e-05,181.17050170898438,0,0.0002616529818624258,2.8350639695418067e-05,0,0,23.700000762939453,0,0,1600,0,50,0,0,0,50,50,200,0.0,0.0,0.0,0.0
100,157.4432373046875,309.3539733886719,324.2107849121094,324.16094970703125,294.62713623046875,294.677001953125,16515.818359375,33031.63671875,71.8464584350586,71.84651184082031,1584.1177978515625,3157.74169921875,1578.9781494140625,3147.351318359375,284.0455627441406,60.72114181518555,4.736307801067596e-06,0,0,2576.89306640625,1305.620361328125,0,16.908065795898438,2355.798095703125,12.08147144317627,12.091696739196777,794.6906127929688,1583.987060546875,53.43454360961914,53.505882263183594,88.0,0,0,345.9927673339844,0,7.924896240234375,21.78199005126953,21.83183479309082,0,1.034000039100647,0.9067617654800415,50,2.799999952316284,2.6409311294555664,0,0,0,0,213.884401293715,0,0,0,-0.01689116097986698,0.09719977527856827,-0.08058766275644302,-0.0002790447324514389,87.0460205078125,87.09049987792969,727.15087890625,727.1859130859375,727.1859130859375,518.273193359375,0,0,16.908065795898438,0.0010999999940395355,0.02200000174343586,0.03299999609589577,0.04399999603629112,5655.8173828125,114276.53125,0.0429663360118866,0,3.1392715754918754e-05,182.99130249023438,0,0.0002616529818624258,2.8350639695418067e-05,0,0,23.700000762939453,0,0,1600,0,50,0,0,0,50,50,200,0.0,0.0,0.0,0.0
101,157.4237060546875,309.341064453125,324.1970520019531,324.1471862792969,294.6148681640625,294.664794921875,16515.818359375,33031.63671875,71.83541870117188,71.83547973632812,1582.9039306640625,3155.264892578125,1578.9755859375,3147.353759765625,284.03082275390625,60.683868408203125,-3.443837158556562e-06,0,0,2576.95166015625,1305.5628662109375,0,17.016159057617188,2355.490966796875,12.081531524658203,12.09175968170166,794.5426025390625,1583.6865234375,53.437767028808594,53.50920104980469,88.0,0,0,345.9826965332031,0,7.924896240234375,21.78565216064453,21.83553123474121,0,1.034000039100647,0.9067617654800415,50,2.799999952316284,2.641275405883789,0,0,0,0,219.5144680254391,0,0,0,-0.01586921699345112,0.09730594605207443,-0.08165378123521805,-0.0002170521765947342,87.04103088378906,87.07914733886719,727.0885009765625,727.1184692382812,727.1184692382812,518.2329711914062,0,0,17.016159057617188,0.0010999999940395355,0.02200000174343586,0.03299999609589577,0.04399999603629112,5655.8173828125,114276.53125,0.0429663360118866,0,3.1392715754918754e-05,184.81210327148438,0,0.0002616529818624258,2.8350639695418067e-05,0,0,23.700000762939453,0,0,1600,0,50,0,0,0,50,50,200,0.0,0.0,0.0,0.0
102,157.40447998046875,309.3282470703125,324.1837463378906,324.1337890625,294.6022644042969,294.6522521972656,16515.818359375,33031.63671875,71.82417297363281,71.82423400878906,1581.720947265625,3152.8515625,1578.980712890625,3147.3486328125,284.01617431640625,60.646915435791016,5.273465376376407e-06,0,0,2577.009521484375,1305.504638671875,0,17.12183952331543,2355.2392578125,12.081526756286621,12.091754913330078,794.4085693359375,1583.411376953125,53.43973922729492,53.51120376586914,88.0,0,0,345.9728088378906,0,7.924896240234375,21.78907585144043,21.83902359008789,0,1.034000039100647,0.9067617654800415,50,2.799999952316284,2.6415576934814453,0,0,0,0,225.06257990276407,0,0,0,-0.014855599030852318,0.09739651530981064,-0.08270087093114853,-0.00015995465219020844,87.03777313232422,87.06983947753906,727.0357666015625,727.0609741210938,727.0609741210938,518.1978149414062,0,0,17.12183952331543,0.0010999999940395355,0.02200000174343586,0.03299999609589577,0.04399999603629112,5655.8173828125,114276.53125,0.0429663360118866,0,3.1392715754918754e-05,186.63290405273438,0,0.0002616529818624258,2.8350639695418067e-05,0,0,23.700000762939453,0,0,1600,0,50,0,0,0,50,50,200,0.0,0.0,0.0,0.0
103,157.3855743408203,309.3155212402344,324.1708068847656,324.12078857421875,294.58935546875,294.639404296875,16515.818359375,33031.63671875,71.812744140625,71.81281280517578,1580.5689697265625,3150.499267578125,1578.9788818359375,3147.3505859375,284.0016784667969,60.61030578613281,2.46705667450442e-06,0,0,2577.066162109375,1305.44580078125,0,17.22087860107422,2355.039794921875,12.081457138061523,12.091686248779297,794.2852172851562,1583.1590576171875,53.440513610839844,53.511924743652344,88.0,0,0,345.9630432128906,0,7.924896240234375,21.7922306060791,21.84224510192871,0,1.034000039100647,0.9067617654800415,50,2.799999952316284,2.6417813301086426,0,0,0,0,230.523924572692,0,0,0,-0.013850304298102856,0.09747235476970673,-0.0837293267250061,-0.00010727439075708389,87.03616333007812,87.06246948242188,726.9921264648438,727.0128173828125,727.0128173828125,518.1673583984375,0,0,17.22087860107422,0.0010999999940395355,0.02200000174343586,0.03299999609589577,0.04399999603629112,5655.8173828125,114276.53125,0.0429663360118866,0,3.1392715754918754e-05,188.45370483398438,0,0.0002616529818624258,2.8350639695418067e-05,0,0,23.700000762939453,0,0,1600,0,50,0,0,0,50,50,200,0.0,0.0,0.0,0.0
104,157.36697387695312,309.3029479980469,324.1582336425781,324.108154296875,294.576171875,294.6263122558594,16515.818359375,33031.63671875,71.80117797851562,71.8012466430664,1579.446533203125,3148.20849609375,1578.982177734375,3147.34716796875,283.9873046875,60.57406234741211,2.2587189505429706e-06,0,0,2577.121826171875,1305.38623046875,0,17.3172607421875,2354.889892578125,12.08132553100586,12.091553688049316,794.1740112304688,1582.932373046875,53.44002151489258,53.511470794677734,88.0,0,0,345.9533996582031,0,7.924896240234375,21.79517936706543,21.84526252746582,0,1.034000039100647,0.9067617654800415,50,2.799999952316284,2.641949415206909,0,0,0,0,235.89851813004904,0,0,0,-0.01285600196570158,0.09753409028053284,-0.0847395658493042,-6.147986277937889e-05,87.03589630126953,87.05693054199219,726.9570922851562,726.9736328125,726.9736328125,518.1414184570312,0,0,17.3172607421875,0.0010999999940395355,0.02200000174343586,0.03299999609589577,0.04399999603629112,5655.8173828125,114276.53125,0.0429663360118866,0,3.1392715754918754e-05,190.27450561523438,0,0.0002616529818624258,2.8350639695418067e-05,0,0,23.700000762939453,0,0,1600,0,50,0,0,0,50,50,200,0.0,0.0,0.0,0.0
105,157.3487091064453,309.2904968261719,324.1460266113281,324.09588623046875,294.56280517578125,294.61297607421875,16515.818359375,33031.63671875,71.78948974609375,71.78955841064453,1578.3519287109375,3145.972412109375,1578.986083984375,3147.34326171875,283.97314453125,60.53821563720703,-1.3392209439189173e-06,0,0,2577.177001953125,1305.326171875,0,17.408185958862305,2354.78466796875,12.081136703491211,12.091364860534668,794.0733642578125,1582.725830078125,53.438514709472656,53.509883880615234,88.0,0,0,345.9440002441406,0,7.924896240234375,21.79796028137207,21.848112106323242,0,1.034000039100647,0.9067617654800415,50,2.799999952316284,2.6420676708221436,0,0,0,0,241.17668758436102,0,0,0,-0.011872686445713043,0.09758321940898895,-0.08573198318481445,-2.144649624824524e-05,87.03670501708984,87.05303955078125,726.9295654296875,726.9424438476562,726.9424438476562,518.1195678710938,0,0,17.408185958862305,0.0010999999940395355,0.02200000174343586,0.03299999609589577,0.04399999603629112,5655.8173828125,114276.53125,0.0429663360118866,0,3.1392715754918754e-05,192.09530639648438,0,0.0002616529818624258,2.8350639695418067e-05,0,0,23.700000762939453,0,0,1600,0,50,0,0,0,50,50,200,0.0,0.0,0.0,0.0
106,157.33078002929688,309.2781982421875,324.1341857910156,324.083984375,294.5491638183594,294.59942626953125,16515.818359375,33031.63671875,71.77771759033203,71.77778625488281,1577.285888671875,3143.795166015625,1578.9840087890625,3147.345458984375,283.9591064453125,60.502784729003906,-5.421724381449167e-06,0,0,2577.23095703125,1305.2659912109375,0,17.496252059936523,2354.718994140625,12.080889701843262,12.091113090515137,793.9840698242188,1582.5416259765625,53.43592834472656,53.50718688964844,88.0,0,0,345.9346923828125,0,7.924896240234375,21.800504684448242,21.85072135925293,0,1.034000039100647,0.9067617654800415,50,2.799999952316284,2.642141342163086,0,0,0,0,246.3584651252802,0,0,0,-0.01090034656226635,0.09762103855609894,-0.08670691400766373,1.3779150322079659e-05,87.03845977783203,87.05061340332031,726.9088745117188,726.9183959960938,726.9183959960938,518.1013793945312,0,0,17.496252059936523,0.0010999999940395355,0.02200000174343586,0.03299999609589577,0.04399999603629112,5655.8173828125,114276.53125,0.0429663360118866,0,3.1392715754918754e-05,193.91610717773438,0,0.0002616529818624258,2.8350639695418067e-05,0,0,23.700000762939453,0,0,1600,0,50,0,0,0,50,50,200,0.0,0.0,0.0,0.0
107,157.3131866455078,309.26605224609375,324.1227111816406,324.0724182128906,294.535400390625,294.5857238769531,16515.818359375,33031.63671875,71.76587677001953,71.76595306396484,1576.2474365234375,3141.671142578125,1578.98779296875,3147.341796875,283.9452209472656,60.467796325683594,4.713998805527808e-06,0,0,2577.28369140625,1305.2059326171875,0,17.578662872314453,2354.689208984375,12.080584526062012,12.090805053710938,793.9021606445312,1582.3729248046875,53.43231201171875,53.503475189208984,88.0,0,0,345.92559814453125,0,7.924896240234375,21.80291175842285,21.85319709777832,0,1.034000039100647,0.9067617654800415,50,2.799999952316284,2.64217472076416,0,0,0,0,251.44383465798043,0,0,0,-0.009941653348505497,0.09764870256185532,-0.08766473829746246,4.23104502260685e-05,87.04105377197266,87.04950714111328,726.8942260742188,726.90087890625,726.90087890625,518.0864868164062,0,0,17.578662872314453,0.0010999999940395355,0.02200000174343586,0.03299999609589577,0.04399999603629112,5655.8173828125,114276.53125,0.0429663360118866,0,3.1392715754918754e-05,195.73690795898438,0,0.0002616529818624258,2.8350639695418067e-05,0,0,23.700000762939453,0,0,1600,0,50,0,0,0,50,50,200,0.0,0.0,0.0,0.0
108,157.29595947265625,309.25408935546875,324.1115417480469,324.0611877441406,294.5215148925781,294.5718994140625,16515.818359375,33031.63671875,71.75399780273438,71.75407409667969,1575.232666015625,3139.5986328125,1578.9910888671875,3147.33837890625,283.93157958984375,60.433258056640625,-1.6772415847299271e-06,0,0,2577.33544921875,1305.1455078125,0,17.660783767700195,2354.689453125,12.080227851867676,12.09044361114502,793.831298828125,1582.2266845703125,53.42774200439453,53.49885559082031,88.0,0,0,345.91668701171875,0,7.924896240234375,21.80514907836914,21.85550308227539,0,1.034000039100647,0.9067617654800415,50,2.799999952316284,2.642174482345581,0,0,0,0,256.42798382946387,0,0,0,-0.008996596559882164,0.09766761213541031,-0.08860578387975693,6.523006595671177e-05,87.04410552978516,87.04951477050781,726.8845825195312,726.8888549804688,726.8888549804688,518.074462890625,0,0,17.660783767700195,0.0010999999940395355,0.02200000174343586,0.03299999609589577,0.04399999603629112,5655.8173828125,114276.53125,0.0429663360118866,0,3.1392715754918754e-05,197.55770874023438,0,0.0002616529818624258,2.8350639695418067e-05,0,0,23.700000762939453,0,0,1600,0,50,0,0,0,50,50,200,0.0,0.0,0.0,0.0
109,157.27911376953125,309.2422790527344,324.1006774902344,324.0502624511719,294.5075988769531,294.55804443359375,16515.818359375,33031.63671875,71.74209594726562,71.74217987060547,1574.2421875,3137.575927734375,1578.98828125,3147.341064453125,283.9180603027344,60.399173736572266,-2.7429678084445186e-06,0,0,2577.385986328125,1305.085205078125,0,17.737136840820312,2354.71435546875,12.079818725585938,12.09002685546875,793.7681884765625,1582.095458984375,53.422332763671875,53.49332046508789,88.0,0,0,345.9079895019531,0,7.924896240234375,21.80728530883789,21.857707977294922,0,1.034000039100647,0.9067617654800415,50,2.799999952316284,2.642146587371826,0,0,0,0,261.30608419190645,0,0,0,-0.008065163157880306,0.09767935425043106,-0.08953037112951279,8.38239211589098e-05,87.0476303100586,87.0504379272461,726.879150390625,726.8814086914062,726.8814086914062,518.0648193359375,0,0,17.737136840820312,0.0010999999940395355,0.02200000174343586,0.03299999609589577,0.04399999603629112,5655.8173828125,114276.53125,0.0429663360118866,0,3.1392715754918754e-05,199.37850952148438,0,0.0002616529818624258,2.8350639695418067e-05,0,0,23.700000762939453,0,0,1600,0,50,0,0,0,50,50,200,0.0,0.0,0.0,0.0
110,157.2626190185547,309.23065185546875,324.09014892578125,324.0396423339844,294.49359130859375,294.5440979003906,16515.818359375,33031.63671875,71.7302017211914,71.73029327392578,1573.2747802734375,3135.60107421875,1578.9912109375,3147.338134765625,283.9047546386719,60.36555862426758,3.840851604763884e-06,0,0,2577.435546875,1305.0247802734375,0,17.810405731201172,2354.76025390625,12.079358100891113,12.089559555053711,793.7132568359375,1581.981689453125,53.41603469848633,53.48699188232422,88.0,0,0,345.8994445800781,0,7.924896240234375,21.80928611755371,21.85977554321289,0,1.034000039100647,0.9067617654800415,50,2.799999952316284,2.642094850540161,0,0,0,0,266.0829480983062,0,0,0,-0.007147344294935465,0.09768491238355637,-0.09043879061937332,9.877164848148823e-05,87.05140686035156,87.05213928222656,726.8772583007812,726.8778686523438,726.8778686523438,518.0571899414062,0,0,17.810405731201172,0.0010999999940395355,0.02200000174343586,0.03299999609589577,0.04399999603629112,5655.8173828125,114276.53125,0.0429663360118866,0,3.1392715754918754e-05,201.19931030273438,0,0.0002616529818624258,2.8350639695418067e-05,0,0,23.700000762939453,0,0,1600,0,50,0,0,0,50,50,200,0.0,0.0,0.0,0.0
111,157.24647521972656,309.2192077636719,324.07989501953125,324.02935791015625,294.47955322265625,294.5301513671875,16515.818359375,33031.63671875,71.71833038330078,71.71841430664062,1572.3304443359375,3133.67236328125,1578.9947509765625,3147.33447265625,283.8916320800781,60.33240509033203,-4.359269041742664e-06,0,0,2577.484375,1304.96484375,0,17.8832950592041,2354.8232421875,12.078848838806152,12.089041709899902,793.6648559570312,1581.8798828125,53.4090576171875,53.479827880859375,88.0,0,0,345.89105224609375,0,7.924896240234375,21.8111515045166,21.86170768737793,0,1.034000039100647,0.9067617654800415,50,2.799999952316284,2.642024278640747,0,0,0,0,270.75379538531723,0,0,0,-0.006243130657821894,0.0976855456829071,-0.09133134037256241,0.00011107837781310081,87.0555191040039,87.0544662475586,726.8782958984375,726.87744140625,726.87744140625,518.0511474609375,0,0,17.8832950592041,0.0010999999940395355,0.02200000174343586,0.03299999609589577,0.04399999603629112,5655.8173828125,114276.53125,0.0429663360118866,0,3.1392715754918754e-05,203.02011108398438,0,0.0002616529818624258,2.8350639695418067e-05,0,0,23.700000762939453,0,0,1600,0,50,0,0,0,50,50,200,0.0,0.0,0.0,0.0
112,157.2306671142578,309.2079162597656,324.0699462890625,324.01934814453125,294.46551513671875,294.5161437988281,16515.818359375,33031.63671875,71.70649719238281,71.70658874511719,1571.4090576171875,3131.7861328125,1578.993896484375,3147.335693359375,283.878662109375,60.29970169067383,2.8208519324834924e-06,0,0,2577.531982421875,1304.9051513671875,0,17.957168579101562,2354.900146484375,12.078290939331055,12.088476181030273,793.6238403320312,1581.7901611328125,53.4013557434082,53.471954345703125,88.0,0,0,345.88287353515625,0,7.924896240234375,21.81294822692871,21.86353874206543,0,1.034000039100647,0.9067617654800415,50,2.799999952316284,2.6419382095336914,0,0,0,0,275.3282024744572,0,0,0,-0.005352511070668697,0.09768202900886536,-0.09220829606056213,0.00012121803592890501,87.05978393554688,87.05730438232422,726.8816528320312,726.8796997070312,726.8796997070312,518.046630859375,0,0,17.957168579101562,0.0010999999940395355,0.02200000174343586,0.03299999609589577,0.04399999603629112,5655.8173828125,114276.53125,0.0429663360118866,0,3.1392715754918754e-05,204.84091186523438,0,0.0002616529818624258,2.8350639695418067e-05,0,0,23.700000762939453,0,0,1600,0,50,0,0,0,50,50,200,0.0,0.0,0.0,0.0
113,157.2152099609375,309.1967468261719,324.0602722167969,324.0096130371094,294.45147705078125,294.5021667480469,16515.818359375,33031.63671875,71.69471740722656,71.69480895996094,1570.5069580078125,3129.946044921875,1578.9964599609375,3147.3330078125,283.86590576171875,60.26744842529297,4.109744168090401e-06,0,0,2577.578369140625,1304.8455810546875,0,18.026636123657227,2354.988525390625,12.077688217163086,12.087861061096191,793.5872192382812,1581.7132568359375,53.392906188964844,53.4633903503418,88.0,0,0,345.8748779296875,0,7.924896240234375,21.81460952758789,21.86526870727539,0,1.034000039100647,0.9067617654800415,50,2.799999952316284,2.641838788986206,0,0,0,0,279.8062337450304,0,0,0,-0.004472803324460983,0.09767497330904007,-0.09306991100311279,0.00013225909788161516,87.0643081665039,87.06057739257812,726.8870849609375,726.8841552734375,726.8841552734375,518.043212890625,0,0,18.026636123657227,0.0010999999940395355,0.02200000174343586,0.03299999609589577,0.04399999603629112,5655.8173828125,114276.53125,0.0429663360118866,0,3.1392715754918754e-05,206.66171264648438,0,0.0002616529818624258,2.8350639695418067e-05,0,0,23.700000762939453,0,0,1600,0,50,0,0,0,50,50,200,0.0,0.0,0.0,0.0
114,157.2000732421875,309.1857604980469,324.0508728027344,324.0001525878906,294.43743896484375,294.4881896972656,16515.818359375,33031.63671875,71.68299865722656,71.68309020996094,1569.6260986328125,3128.145751953125,1578.9998779296875,3147.329833984375,283.8533020019531,60.235626220703125,-3.397630734980339e-06,0,0,2577.623779296875,1304.7864990234375,0,18.09986114501953,2355.087158203125,12.077040672302246,12.087203025817871,793.554443359375,1581.642822265625,53.38386535644531,53.45416259765625,88.0,0,0,345.8670349121094,0,7.924896240234375,21.81616973876953,21.86689567565918,0,1.034000039100647,0.9067617654800415,50,2.799999952316284,2.641728401184082,0,0,0,0,284.1878248177325,0,0,0,-0.003606671467423439,0.09766493737697601,-0.09391646087169647,0.000141805037856102,87.06922149658203,87.06421661376953,726.8944702148438,726.8905639648438,726.8905639648438,518.0408935546875,0,0,18.09986114501953,0.0010999999940395355,0.02200000174343586,0.03299999609589577,0.04399999603629112,5655.8173828125,114276.53125,0.0429663360118866,0,3.1392715754918754e-05,208.48251342773438,0,0.0002616529818624258,2.8350639695418067e-05,0,0,23.700000762939453,0,0,1600,0,50,0,0,0,50,50,200,0.0,0.0,0.0,0.0
115,157.18527221679688,309.1749572753906,324.0417175292969,323.9909362792969,294.4234313964844,294.4742431640625,16515.818359375,33031.63671875,71.67134857177734,71.67144775390625,1568.7669677734375,3126.387939453125,1579.00146484375,3147.328125,283.84088134765625,60.20423126220703,9.891897434499697e-07,0,0,2577.66845703125,1304.7279052734375,0,18.17011260986328,2355.1953125,12.076347351074219,12.086498260498047,793.5264892578125,1581.584716796875,53.374168395996094,53.44425582885742,88.0,0,0,345.859375,0,7.924896240234375,21.81766128540039,21.86845588684082,0,1.034000039100647,0.9067617654800415,50,2.799999952316284,2.6416068077087402,0,0,0,0,288.4730400718679,0,0,0,-0.002754106419160962,0.09765179455280304,-0.09474825114011765,0.00014944060239940882,87.07427978515625,87.06822204589844,726.9036254882812,726.8988647460938,726.8988647460938,518.0396118164062,0,0,18.17011260986328,0.0010999999940395355,0.02200000174343586,0.03299999609589577,0.04399999603629112,5655.8173828125,114276.53125,0.0429663360118866,0,3.1392715754918754e-05,210.30331420898438,0,0.0002616529818624258,2.8350639695418067e-05,0,0,23.700000762939453,0,0,1600,0,50,0,0,0,50,50,200,0.0,0.0,0.0,0.0
116,157.1708221435547,309.1642761230469,324.0328063964844,323.98193359375,294.40948486328125,294.46038818359375,16515.818359375,33031.63671875,71.65979766845703,71.65989685058594,1567.926025390625,3124.671630859375,1578.9996337890625,3147.329833984375,283.82861328125,60.17327117919922,-2.839249646058306e-06,0,0,2577.7119140625,1304.6695556640625,0,18.23739242553711,2355.312255859375,12.075613975524902,12.0857515335083,793.5028686523438,1581.53125,53.36381149291992,53.43378448486328,88.0,0,0,345.8518981933594,0,7.924896240234375,21.8190860748291,21.86994743347168,0,1.034000039100647,0.9067617654800415,50,2.799999952316284,2.6414759159088135,0,0,0,0,292.66184731778435,0,0,0,-0.0019124276004731655,0.09763609617948532,-0.09556549787521362,0.00015817070379853249,87.07955932617188,87.07254028320312,726.9143676757812,726.9088745117188,726.9088745117188,518.0392456054688,0,0,18.23739242553711,0.0010999999940395355,0.02200000174343586,0.03299999609589577,0.04399999603629112,5655.8173828125,114276.53125,0.0429663360118866,0,3.1392715754918754e-05,212.12411499023438,0,0.0002616529818624258,2.8350639695418067e-05,0,0,23.700000762939453,0,0,1600,0,50,0,0,0,50,50,200,0.0,0.0,0.0,0.0
117,157.1566619873047,309.1537170410156,324.0241394042969,323.97320556640625,294.3956298828125,294.44659423828125,16515.818359375,33031.63671875,71.64832305908203,71.64842224121094,1567.106201171875,3122.993896484375,1579.0025634765625,3147.326904296875,283.8164978027344,60.14272689819336,3.4834829421015456e-06,0,0,2577.754638671875,1304.6116943359375,0,18.30576515197754,2355.436767578125,12.074838638305664,12.08496379852295,793.4818725585938,1581.48486328125,53.35292053222656,53.42268371582031,88.0,0,0,345.84454345703125,0,7.924896240234375,21.82040786743164,21.871337890625,0,1.034000039100647,0.9067617654800415,50,2.799999952316284,2.64133620262146,0,0,0,0,296.7590750033059,0,0,0,-0.001081627095118165,0.09761804342269897,-0.0963684618473053,0.00016795823466964066,87.08515930175781,87.07714080810547,726.9266357421875,726.9203491210938,726.9203491210938,518.0396118164062,0,0,18.30576515197754,0.0010999999940395355,0.02200000174343586,0.03299999609589577,0.04399999603629112,5655.8173828125,114276.53125,0.0429663360118866,0,3.1392715754918754e-05,213.94491577148438,0,0.0002616529818624258,2.8350639695418067e-05,0,0,23.700000762939453,0,0,1600,0,50,0,0,0,50,50,200,0.0,0.0,0.0,0.0
118,157.14283752441406,309.143310546875,324.015625,323.96466064453125,294.38189697265625,294.4328918457031,16515.818359375,33031.63671875,71.63695526123047,71.63705444335938,1566.305908203125,3121.357421875,1579.005615234375,3147.323974609375,283.8045959472656,60.11258316040039,-3.6381138670549262e-06,0,0,2577.796142578125,1304.55419921875,0,18.375322341918945,2355.569580078125,12.07402229309082,12.084132194519043,793.46435546875,1581.4453125,53.34144973754883,53.41096496582031,88.0,0,0,345.8373718261719,0,7.924896240234375,21.82176399230957,21.87272834777832,0,1.034000039100647,0.9067617654800415,50,2.799999952316284,2.6411871910095215,0,0,0,0,300.7646909387803,0,0,0,-0.00026169762713834643,0.09759743511676788,-0.09715739637613297,0.00017834111349657178,87.09112548828125,87.0820541381836,726.9405517578125,726.9334106445312,726.9334106445312,518.0409545898438,0,0,18.375322341918945,0.0010999999940395355,0.02200000174343586,0.03299999609589577,0.04399999603629112,5655.8173828125,114276.53125,0.0429663360118866,0,3.1392715754918754e-05,215.76571655273438,0,0.0002616529818624258,2.8350639695418067e-05,0,0,23.700000762939453,0,0,1600,0,50,0,0,0,50,50,200,0.0,0.0,0.0,0.0
119,157.1293182373047,309.13311767578125,324.0073547363281,323.956298828125,294.36822509765625,294.4192810058594,16515.818359375,33031.63671875,71.62567138671875,71.62578582763672,1565.5247802734375,3119.760986328125,1579.00244140625,3147.3271484375,283.7928161621094,60.08285903930664,-2.7531269708447326e-08,0,0,2577.836669921875,1304.497802734375,0,18.439273834228516,2355.710693359375,12.07316780090332,12.083261489868164,793.4490966796875,1581.410400390625,53.32942199707031,53.3986701965332,88.0,0,0,345.83038330078125,0,7.924896240234375,21.82305335998535,21.87408447265625,0,1.034000039100647,0.9067617654800415,50,2.799999952316284,2.641029119491577,0,0,0,0,304.67875950351197,0,0,0,0.0005420281668193638,0.09757425636053085,-0.09793262183666229,0.00018366269068792462,87.09735107421875,87.08727264404297,726.9560546875,726.9481201171875,726.9481201171875,518.0431518554688,0,0,18.439273834228516,0.0010999999940395355,0.02200000174343586,0.03299999609589577,0.04399999603629112,5655.8173828125,114276.53125,0.0429663360118866,0,3.1392715754918754e-05,217.58651733398438,0,0.0002616529818624258,2.8350639695418067e-05,0,0,23.700000762939453,0,0,1600,0,50,0,0,0,50,50,200,0.0,0.0,0.0,0.0
120,157.11610412597656,309.123046875,323.999267578125,323.94818115234375,294.35467529296875,294.4057922363281,16515.818359375,33031.63671875,71.61450958251953,71.61461639404297,1564.7623291015625,3118.203369140625,1579.0045166015625,3147.324951171875,283.78118896484375,60.053531646728516,1.9344919621744339e-07,0,0,2577.87646484375,1304.44140625,0,18.505746841430664,2355.859130859375,12.072274208068848,12.082351684570312,793.4380493164062,1581.38525390625,53.31676483154297,53.385868072509766,88.0,0,0,345.82354736328125,0,7.924896240234375,21.82427406311035,21.87537384033203,0,1.034000039100647,0.9067617654800415,50,2.799999952316284,2.6408627033233643,0,0,0,0,308.50601257636833,0,0,0,0.0013348995707929134,0.0975487232208252,-0.09869436174631119,0.00018926110351458192,87.10359954833984,87.09275817871094,726.972900390625,726.96435546875,726.96435546875,518.0462036132812,0,0,18.505746841430664,0.0010999999940395355,0.02200000174343586,0.03299999609589577,0.04399999603629112,5655.8173828125,114276.53125,0.0429663360118866,0,3.1392715754918754e-05,219.40731811523438,0,0.0002616529818624258,2.8350639695418067e-05,0,0,23.700000762939453,0,0,1600,0,50,0,0,0,50,50,200,0.0,0.0,0.0,0.0
121,157.1031951904297,309.11309814453125,323.99139404296875,323.94024658203125,294.3411865234375,294.3923645019531,16515.818359375,33031.63671875,71.60345458984375,71.60356140136719,1564.0191650390625,3116.68310546875,1579.00732421875,3147.322265625,283.7697448730469,60.02459716796875,-3.556180445229984e-06,0,0,2577.91552734375,1304.3858642578125,0,18.569358825683594,2356.013427734375,12.071344375610352,12.081405639648438,793.428466796875,1581.3616943359375,53.30366134643555,53.37250518798828,88.0,0,0,345.81683349609375,0,7.924896240234375,21.82542610168457,21.87659454345703,0,1.034000039100647,0.9067617654800415,50,2.799999952316284,2.6406896114349365,0,0,0,0,312.24654672630595,0,0,0,0.00211692345328629,0.09752138704061508,-0.09944283217191696,0.0001954783801920712,87.11000061035156,87.09846496582031,726.9907836914062,726.981689453125,726.981689453125,518.0498657226562,0,0,18.569358825683594,0.0010999999940395355,0.02200000174343586,0.03299999609589577,0.04399999603629112,5655.8173828125,114276.53125,0.0429663360118866,0,3.1392715754918754e-05,221.22811889648438,0,0.0002616529818624258,2.8350639695418067e-05,0,0,23.700000762939453,0,0,1600,0,50,0,0,0,50,50,200,0.0,0.0,0.0,0.0
122,157.090576171875,309.1033020019531,323.98370361328125,323.9324645996094,294.327880859375,294.3790283203125,16515.818359375,33031.63671875,71.59251403808594,71.59262084960938,1563.29443359375,3115.200439453125,1579.01025390625,3147.319091796875,283.7584228515625,59.99606704711914,1.102338615055487e-06,0,0,2577.953125,1304.33056640625,0,18.631519317626953,2356.17333984375,12.070378303527832,12.080422401428223,793.4222412109375,1581.3450927734375,53.29005432128906,53.35862350463867,88.0,0,0,345.8103332519531,0,7.924896240234375,21.82661247253418,21.877849578857422,0,1.034000039100647,0.9067617654800415,50,2.799999952316284,2.640510320663452,0,0,0,0,314.99998519276,0,0,0,0.0028881069738417864,0.09749222546815872,-0.10017825663089752,0.00020207581110298634,87.11665344238281,87.10437774658203,727.0098266601562,727.0001831054688,727.0001831054688,518.05419921875,0,0,18.631519317626953,0.0010999999940395355,0.02200000174343586,0.03299999609589577,0.04399999603629112,5655.8173828125,114276.53125,0.0429663360118866,0,3.1392715754918754e-05,223.04891967773438,0,0.0002616529818624258,2.8350639695418067e-05,0,0,23.700000762939453,0,0,1600,0,50,0,0,0,50,50,200,0.0,0.0,0.0,0.0
123,157.0782012939453,309.0936279296875,323.9761657714844,323.92486572265625,294.31463623046875,294.3658447265625,16515.818359375,33031.63671875,71.5816879272461,71.58180236816406,1562.588134765625,3113.754638671875,1579.01318359375,3147.31640625,283.7472839355469,59.967918395996094,4.722441460103255e-08,0,0,2577.990478515625,1304.276123046875,0,18.69622802734375,2356.3388671875,12.069376945495605,12.079401969909668,793.4171142578125,1581.3304443359375,53.27597427368164,53.3442268371582,88.0,0,0,345.8039245605469,0,7.924896240234375,21.82773208618164,21.87903594970703,0,1.034000039100647,0.9067617654800415,50,2.799999952316284,2.640324831008911,0,0,0,0,314.99998519276,0,0,0,0.0036484566517174244,0.09746135026216507,-0.10090088844299316,0.00020891474559903145,87.12350463867188,87.1104965209961,727.030029296875,727.0198364257812,727.0198364257812,518.0591430664062,0,0,18.69622802734375,0.0010999999940395355,0.02200000174343586,0.03299999609589577,0.04399999603629112,5655.8173828125,114276.53125,0.0429663360118866,0,3.1392715754918754e-05,224.86972045898438,0,0.0002616529818624258,2.8350639695418067e-05,0,0,23.700000762939453,0,0,1600,0,50,0,0,0,50,50,200,0.0,0.0,0.0,0.0
124,157.06607055664062,309.0841064453125,323.96881103515625,323.9174499511719,294.301513671875,294.352783203125,16515.818359375,33031.63671875,71.57097625732422,71.57109832763672,1561.9000244140625,3112.3466796875,1579.0157470703125,3147.313720703125,283.7362976074219,59.94015884399414,5.07622735312907e-06,0,0,2578.02685546875,1304.2222900390625,0,18.75680160522461,2356.510498046875,12.068341255187988,12.078347206115723,793.4127197265625,1581.3177490234375,53.2613639831543,53.3293571472168,88.0,0,0,345.7976379394531,0,7.924896240234375,21.82881736755371,21.88018798828125,0,1.034000039100647,0.9067617654800415,50,2.799999952316284,2.6401326656341553,0,0,0,0,314.99998519276,0,0,0,0.004397979471832514,0.09742856025695801,-0.1016109511256218,0.00021558848675340414,87.1305923461914,87.11683654785156,727.0514526367188,727.0406494140625,727.0406494140625,518.064697265625,0,0,18.75680160522461,0.0010999999940395355,0.02200000174343586,0.03299999609589577,0.04399999603629112,5655.8173828125,114276.53125,0.0429663360118866,0,3.1392715754918754e-05,226.69052124023438,0,0.0002616529818624258,2.8350639695418067e-05,0,0,23.700000762939453,0,0,1600,0,50,0,0,0,50,50,200,0.0,0.0,0.0,0.0
125,157.05418395996094,309.07470703125,323.96160888671875,323.91015625,294.2885437011719,294.3398742675781,16515.818359375,33031.63671875,71.56038665771484,71.56050872802734,1561.2279052734375,3110.97509765625,1579.017578125,3147.31201171875,283.7254333496094,59.912784576416016,4.9726049837772734e-06,0,0,2578.0625,1304.1689453125,0,18.817262649536133,2356.6875,12.06727409362793,12.07726001739502,793.4102172851562,1581.31005859375,53.24625778198242,53.31405258178711,88.0,0,0,345.7914733886719,0,7.924896240234375,21.82986831665039,21.88130760192871,0,1.034000039100647,0.9067617654800415,50,2.799999952316284,2.6399343013763428,0,0,0,0,314.99998519276,0,0,0,0.005136681720614433,0.0973939597606659,-0.10230866819620132,0.00022196955978870392,87.13789367675781,87.12338256835938,727.073974609375,727.0626220703125,727.0626220703125,518.0709838867188,0,0,18.817262649536133,0.0010999999940395355,0.02200000174343586,0.03299999609589577,0.04399999603629112,5655.8173828125,114276.53125,0.0429663360118866,0,3.1392715754918754e-05,228.51132202148438,0,0.0002616529818624258,2.8350639695418067e-05,0,0,23.700000762939453,0,0,1600,0,50,0,0,0,50,50,200,0.0,0.0,0.0,0.0
126,157.04254150390625,309.06549072265625,323.95458984375,323.903076171875,294.27569580078125,294.3270263671875,16515.818359375,33031.63671875,71.5499267578125,71.55003356933594,1560.5748291015625,3109.638916015625,1579.020263671875,3147.309326171875,283.71478271484375,59.885807037353516,1.4793806712987134e-06,0,0,2578.09765625,1304.1162109375,0,18.873565673828125,2356.87060546875,12.066173553466797,12.076140403747559,793.4102783203125,1581.3060302734375,53.23075485229492,53.29825210571289,88.0,0,0,345.78546142578125,0,7.924896240234375,21.83088493347168,21.88239288330078,0,1.034000039100647,0.9067617654800415,50,2.799999952316284,2.6397292613983154,0,0,0,0,314.99998519276,0,0,0,0.005861904006451368,0.09735753387212753,-0.10299430042505264,0.00022514141164720058,87.14537811279297,87.1301498413086,727.0977172851562,727.0857543945312,727.0857543945312,518.077880859375,0,0,18.873565673828125,0.0010999999940395355,0.02200000174343586,0.03299999609589577,0.04399999603629112,5655.8173828125,114276.53125,0.0429663360118866,0,3.1392715754918754e-05,230.33212280273438,0,0.0002616529818624258,2.8350639695418067e-05,0,0,23.700000762939453,0,0,1600,0,50,0,0,0,50,50,200,0.0,0.0,0.0,0.0
127,157.0311279296875,309.0564270019531,323.9476623535156,323.8961181640625,294.2629699707031,294.31439208984375,16515.818359375,33031.63671875,71.53958129882812,71.53970336914062,1559.94091796875,3108.337646484375,1579.0189208984375,3147.310546875,283.7042236328125,59.859214782714844,3.4892657367890934e-06,0,0,2578.1318359375,1304.06396484375,0,18.92973518371582,2357.05859375,12.065041542053223,12.07498836517334,793.4152221679688,1581.30859375,53.214866638183594,53.281959533691406,88.0,0,0,345.779541015625,0,7.924896240234375,21.83186912536621,21.88340950012207,0,1.034000039100647,0.9067617654800415,50,2.799999952316284,2.6395187377929688,0,0,0,0,314.99998519276,0,0,0,0.006573654245585203,0.09731940180063248,-0.10366809368133545,0.00022496609017252922,87.1527099609375,87.13710021972656,727.1221923828125,727.1099243164062,727.1099243164062,518.08544921875,0,0,18.92973518371582,0.0010999999940395355,0.02200000174343586,0.03299999609589577,0.04399999603629112,5655.8173828125,114276.53125,0.0429663360118866,0,3.1392715754918754e-05,232.15292358398438,0,0.0002616529818624258,2.8350639695418067e-05,0,0,23.700000762939453,0,0,1600,0,50,0,0,0,50,50,200,0.0,0.0,0.0,0.0
128,157.0199432373047,309.0475158691406,323.9408874511719,323.88934326171875,294.25042724609375,294.3018798828125,16515.818359375,33031.63671875,71.52937316894531,71.52950286865234,1559.321533203125,3107.070556640625,1579.020751953125,3147.308837890625,283.6938781738281,59.83301544189453,1.5285406789189437e-06,0,0,2578.165283203125,1304.0125732421875,0,18.985816955566406,2357.248291015625,12.06387996673584,12.073805809020996,793.4190673828125,1581.313720703125,53.1984748840332,53.26533126831055,88.0,0,0,345.7737731933594,0,7.924896240234375,21.8328857421875,21.884428024291992,0,1.034000039100647,0.9067617654800415,50,2.799999952316284,2.6393065452575684,0,0,0,0,314.99998519276,0,0,0,0.007274605333805084,0.09728052467107773,-0.10433022677898407,0.00022489973343908787,87.15994262695312,87.14411163330078,727.1470947265625,727.1346435546875,727.1346435546875,518.09326171875,0,0,18.985816955566406,0.0010999999940395355,0.02200000174343586,0.03299999609589577,0.04399999603629112,5655.8173828125,114276.53125,0.0429663360118866,0,3.1392715754918754e-05,233.97372436523438,0,0.0002616529818624258,2.8350639695418067e-05,0,0,23.700000762939453,0,0,1600,0,50,0,0,0,50,50,200,0.0,0.0,0.0,0.0
129,157.00900268554688,309.0387268066406,323.93426513671875,323.8826904296875,294.23797607421875,294.28948974609375,16515.818359375,33031.63671875,71.51930236816406,71.51942443847656,1558.717529296875,3105.838623046875,1579.020751953125,3147.308837890625,283.6836242675781,59.807186126708984,2.7468945518194232e-06,0,0,2578.197998046875,1303.9619140625,0,19.04044532775879,2357.439208984375,12.062688827514648,12.072593688964844,793.4237670898438,1581.3231201171875,53.18165969848633,53.24832534790039,88.0,0,0,345.7680969238281,0,7.924896240234375,21.83383560180664,21.88541030883789,0,1.034000039100647,0.9067617654800415,50,2.799999952316284,2.639092445373535,0,0,0,0,314.99998519276,0,0,0,0.007964763790369034,0.0972411036491394,-0.10498088598251343,0.00022498145699501038,87.16714477539062,87.15117645263672,727.1721801757812,727.15966796875,727.15966796875,518.1013793945312,0,0,19.04044532775879,0.0010999999940395355,0.02200000174343586,0.03299999609589577,0.04399999603629112,5655.8173828125,114276.53125,0.0429663360118866,0,3.1392715754918754e-05,235.79452514648438,0,0.0002616529818624258,2.8350639695418067e-05,0,0,23.700000762939453,0,0,1600,0,50,0,0,0,50,50,200,0.0,0.0,0.0,0.0
130,156.998291015625,309.03009033203125,323.92779541015625,323.8761901855469,294.2257385253906,294.27728271484375,16515.818359375,33031.63671875,71.50935363769531,71.50947570800781,1558.131103515625,3104.6376953125,1579.01708984375,3147.3125,283.6735534667969,59.781742095947266,-1.167377490673971e-06,0,0,2578.23046875,1303.911865234375,0,19.093664169311523,2357.630615234375,12.061470985412598,12.071351051330566,793.4310302734375,1581.333740234375,53.16459274291992,53.230892181396484,88.0,0,0,345.7625427246094,0,7.924896240234375,21.83475112915039,21.88636016845703,0,1.034000039100647,0.9067617654800415,50,2.799999952316284,2.638878345489502,0,0,0,0,314.99998519276,0,0,0,0.008644134737551212,0.0972013771533966,-0.10562027245759964,0.00022523989900946617,87.17435455322266,87.15824890136719,727.1975708007812,727.1848754882812,727.1848754882812,518.109619140625,0,0,19.093664169311523,0.0010999999940395355,0.02200000174343586,0.03299999609589577,0.04399999603629112,5655.8173828125,114276.53125,0.0429663360118866,0,3.1392715754918754e-05,237.61532592773438,0,0.0002616529818624258,2.8350639695418067e-05,0,0,23.700000762939453,0,0,1600,0,50,0,0,0,50,50,200,0.0,0.0,0.0,0.0
131,156.98780822753906,309.0215759277344,323.9214782714844,323.86981201171875,294.2135925292969,294.26519775390625,16515.818359375,33031.63671875,71.49954223632812,71.49966430664062,1557.5609130859375,3103.468017578125,1579.0206298828125,3147.308837890625,283.66363525390625,59.75666809082031,-1.902570943457249e-06,0,0,2578.26171875,1303.8623046875,0,19.14681625366211,2357.822265625,12.060222625732422,12.07008171081543,793.4401245117188,1581.346435546875,53.147132873535156,53.21311950683594,88.0,0,0,345.7571105957031,0,7.924896240234375,21.83563232421875,21.887310028076172,0,1.034000039100647,0.9067617654800415,50,2.799999952316284,2.6386637687683105,0,0,0,0,314.99998519276,0,0,0,0.009312725625932217,0.09716132283210754,-0.10624856501817703,0.00022548018023371696,87.18156433105469,87.16533660888672,727.2230834960938,727.2103271484375,727.2103271484375,518.1180419921875,0,0,19.14681625366211,0.0010999999940395355,0.02200000174343586,0.03299999609589577,0.04399999603629112,5655.8173828125,114276.53125,0.0429663360118866,0,3.1392715754918754e-05,239.43612670898438,0,0.0002616529818624258,2.8350639695418067e-05,0,0,23.700000762939453,0,0,1600,0,50,0,0,0,50,50,200,0.0,0.0,0.0,0.0
132,156.97755432128906,309.0132141113281,323.915283203125,323.863525390625,294.2016296386719,294.2532958984375,16515.818359375,33031.63671875,71.48986053466797,71.489990234375,1557.006103515625,3102.33251953125,1579.02294921875,3147.306640625,283.6538391113281,59.73195266723633,-1.2017090966764954e-06,0,0,2578.29248046875,1303.8134765625,0,19.199947357177734,2358.014404296875,12.05894947052002,12.0687837600708,793.4489135742188,1581.3604736328125,53.12935256958008,53.194976806640625,88.0,0,0,345.7518310546875,0,7.924896240234375,21.8365478515625,21.88829231262207,0,1.034000039100647,0.9067617654800415,50,2.799999952316284,2.638448715209961,0,0,0,0,314.99998519276,0,0,0,0.00997054111212492,0.09712094068527222,-0.10686597973108292,0.00022550602443516254,87.18879699707031,87.17243957519531,727.2488403320312,727.2359619140625,727.2359619140625,518.1266479492188,0,0,19.199947357177734,0.0010999999940395355,0.02200000174343586,0.03299999609589577,0.04399999603629112,5655.8173828125,114276.53125,0.0429663360118866,0,3.1392715754918754e-05,241.25692749023438,0,0.0002616529818624258,2.8350639695418067e-05,0,0,23.700000762939453,0,0,1600,0,50,0,0,0,50,50,200,0.0,0.0,0.0,0.0
133,156.96751403808594,309.0049743652344,323.9092102050781,323.857421875,294.1897888183594,294.2415466308594,16515.818359375,33031.63671875,71.48031616210938,71.4804458618164,1556.466796875,3101.227783203125,1579.023193359375,3147.30615234375,283.6441955566406,59.70759582519531,9.352079928248713e-07,0,0,2578.32275390625,1303.7655029296875,0,19.251712799072266,2358.20703125,12.057649612426758,12.067461013793945,793.4583740234375,1581.3790283203125,53.1112060546875,53.17652130126953,88.0,0,0,345.7466125488281,0,7.924896240234375,21.8373966217041,21.88917350769043,0,1.034000039100647,0.9067617654800415,50,2.799999952316284,2.6382334232330322,0,0,0,0,314.99998519276,0,0,0,0.010617587715387344,0.09708025306463242,-0.10747270286083221,0.00022513442672789097,87.19601440429688,87.17955780029297,727.2747192382812,727.2617797851562,727.2617797851562,518.1354370117188,0,0,19.251712799072266,0.0010999999940395355,0.02200000174343586,0.03299999609589577,0.04399999603629112,5655.8173828125,114276.53125,0.0429663360118866,0,3.1392715754918754e-05,243.07772827148438,0,0.0002616529818624258,2.8350639695418067e-05,0,0,23.700000762939453,0,0,1600,0,50,0,0,0,50,50,200,0.0,0.0,0.0,0.0
134,156.95770263671875,308.9968566894531,323.9032897949219,323.8514709472656,294.1781311035156,294.22991943359375,16515.818359375,33031.63671875,71.47090148925781,71.47102355957031,1555.94287109375,3100.154052734375,1579.0208740234375,3147.30859375,283.6346740722656,59.683589935302734,3.3461647035437636e-06,0,0,2578.352294921875,1303.7177734375,0,19.300798416137695,2358.399658203125,12.056325912475586,12.066110610961914,793.4700927734375,1581.396484375,53.0927848815918,53.15770721435547,88.0,0,0,345.74151611328125,0,7.924896240234375,21.83824348449707,21.890056610107422,0,1.034000039100647,0.9067617654800415,50,2.799999952316284,2.6380178928375244,0,0,0,0,314.99998519276,0,0,0,0.011253870092332363,0.09703933447599411,-0.10806892812252045,0.00022428086958825588,87.20318603515625,87.18667602539062,727.30078125,727.2877807617188,727.2877807617188,518.1443481445312,0,0,19.300798416137695,0.0010999999940395355,0.02200000174343586,0.03299999609589577,0.04399999603629112,5655.8173828125,114276.53125,0.0429663360118866,0,3.1392715754918754e-05,244.89852905273438,0,0.0002616529818624258,2.8350639695418067e-05,0,0,23.700000762939453,0,0,1600,0,50,0,0,0,50,50,200,0.0,0.0,0.0,0.0
135,156.94808959960938,308.98883056640625,323.8974304199219,323.8456115722656,294.1665954589844,294.2184143066406,16515.818359375,33031.63671875,71.46161651611328,71.46173858642578,1555.4339599609375,3099.111328125,1579.02294921875,3147.306640625,283.6253356933594,59.659934997558594,-4.604574314726051e-06,0,0,2578.381103515625,1303.670654296875,0,19.35399627685547,2358.592041015625,12.054976463317871,12.064736366271973,793.4812622070312,1581.415771484375,53.074031829833984,53.13859176635742,88.0,0,0,345.7365417480469,0,7.924896240234375,21.839092254638672,21.89093780517578,0,1.034000039100647,0.9067617654800415,50,2.799999952316284,2.637802839279175,0,0,0,0,314.99998519276,0,0,0,0.0118847182020545,0.09699831902980804,-0.10865477472543716,0.00022826297208666801,87.21043395996094,87.19378662109375,727.326904296875,727.3137817382812,727.3137817382812,518.1533203125,0,0,19.35399627685547,0.0010999999940395355,0.02200000174343586,0.03299999609589577,0.04399999603629112,5655.8173828125,114276.53125,0.0429663360118866,0,3.1392715754918754e-05,246.71932983398438,0,0.0002616529818624258,2.8350639695418067e-05,0,0,23.700000762939453,0,0,1600,0,50,0,0,0,50,50,200,0.0,0.0,0.0,0.0
136,156.9386749267578,308.9809265136719,323.8917236328125,323.83984375,294.1552734375,294.2071228027344,16515.818359375,33031.63671875,71.45245361328125,71.45258331298828,1554.9400634765625,3098.09912109375,1579.031005859375,3147.29833984375,283.6160888671875,59.63660430908203,4.923142569168704e-06,0,0,2578.409423828125,1303.624267578125,0,19.403169631958008,2358.785400390625,12.053603172302246,12.063338279724121,793.4920043945312,1581.4342041015625,53.05496597290039,53.11915969848633,88.0,0,0,345.731689453125,0,7.924896240234375,21.83997344970703,21.89185333251953,0,1.034000039100647,0.9067617654800415,50,2.799999952316284,2.6375865936279297,0,0,0,0,314.99998519276,0,0,0,0.012504813261330128,0.09695687890052795,-0.10923046618700027,0.00023122597485780716,87.2179183959961,87.20093536376953,727.3534545898438,727.340087890625,727.340087890625,518.1624755859375,0,0,19.403169631958008,0.0010999999940395355,0.02200000174343586,0.03299999609589577,0.04399999603629112,5655.8173828125,114276.53125,0.0429663360118866,0,3.1392715754918754e-05,248.54013061523438,0,0.0002616529818624258,2.8350639695418067e-05,0,0,23.700000762939453,0,0,1600,0,50,0,0,0,50,50,200,0.0,0.0,0.0,0.0
137,156.9294891357422,308.97314453125,323.8860778808594,323.8341979980469,294.14404296875,294.1959228515625,16515.818359375,33031.63671875,71.44342041015625,71.44354248046875,1554.4600830078125,3097.119384765625,1579.031005859375,3147.29833984375,283.6069641113281,59.613616943359375,2.9271482162585016e-06,0,0,2578.437255859375,1303.5787353515625,0,19.452476501464844,2358.980712890625,12.052206993103027,12.061915397644043,793.5033569335938,1581.4569091796875,53.0355224609375,53.099449157714844,88.0,0,0,345.7268981933594,0,7.924896240234375,21.8408203125,21.8927001953125,0,1.034000039100647,0.9067617654800415,50,2.799999952316284,2.6373679637908936,0,0,0,0,314.99998519276,0,0,0,0.013114158064126968,0.09691458195447922,-0.10979621112346649,0.00023252516984939575,87.2254638671875,87.20816040039062,727.380615234375,727.366943359375,727.366943359375,518.1719970703125,0,0,19.452476501464844,0.0010999999940395355,0.02200000174343586,0.03299999609589577,0.04399999603629112,5655.8173828125,114276.53125,0.0429663360118866,0,3.1392715754918754e-05,250.36093139648438,0,0.0002616529818624258,2.8350639695418067e-05,0,0,23.700000762939453,0,0,1600,0,50,0,0,0,50,50,200,0.0,0.0,0.0,0.0
138,156.92051696777344,308.96551513671875,323.8805847167969,323.82867431640625,294.1329650878906,294.1849060058594,16515.818359375,33031.63671875,71.43450927734375,71.43463897705078,1553.9969482421875,3096.1689453125,1579.0289306640625,3147.300537109375,283.5980224609375,59.59098434448242,1.786201437425916e-06,0,0,2578.464111328125,1303.5335693359375,0,19.49641990661621,2359.1787109375,12.050789833068848,12.060470581054688,793.5183715820312,1581.480712890625,53.015926361083984,53.07935333251953,88.0,0,0,345.7222595214844,0,7.924896240234375,21.8416690826416,21.893583297729492,0,1.034000039100647,0.9067617654800415,50,2.799999952316284,2.6371467113494873,0,0,0,0,314.99998519276,0,0,0,0.01371276006102562,0.09687142819166183,-0.11035220324993134,0.00023198872804641724,87.23297119140625,87.2154769897461,727.4081420898438,727.3943481445312,727.3943481445312,518.1818237304688,0,0,19.49641990661621,0.0010999999940395355,0.02200000174343586,0.03299999609589577,0.04399999603629112,5655.8173828125,114276.53125,0.0429663360118866,0,3.1392715754918754e-05,252.18173217773438,0,0.0002616529818624258,2.8350639695418067e-05,0,0,23.700000762939453,0,0,1600,0,50,0,0,0,50,50,200,0.0,0.0,0.0,0.0
139,156.9117431640625,308.9580383300781,323.875244140625,323.8232727050781,294.1220397949219,294.17401123046875,16515.818359375,33031.63671875,71.42572784423828,71.42586517333984,1553.5467529296875,3095.248291015625,1579.0360107421875,3147.29345703125,283.5892028808594,59.56868362426758,-1.985744802368572e-06,0,0,2578.489990234375,1303.489013671875,0,19.54311180114746,2359.376953125,12.049351692199707,12.059004783630371,793.5322875976562,1581.5068359375,52.995914459228516,53.05906295776367,88.0,0,0,345.71771240234375,0,7.924896240234375,21.84248161315918,21.89443016052246,0,1.034000039100647,0.9067617654800415,50,2.799999952316284,2.636925220489502,0,0,0,0,314.99998519276,0,0,0,0.01430062297731638,0.09682795405387878,-0.11089859902858734,0.00022997846826910973,87.24037170410156,87.22280883789062,727.435791015625,727.4219360351562,727.4219360351562,518.19189453125,0,0,19.54311180114746,0.0010999999940395355,0.02200000174343586,0.03299999609589577,0.04399999603629112,5655.8173828125,114276.53125,0.0429663360118866,0,3.1392715754918754e-05,254.00253295898438,0,0.0002616529818624258,2.8350639695418067e-05,0,0,23.700000762939453,0,0,1600,0,50,0,0,0,50,50,200,0.0,0.0,0.0,0.0
140,156.90318298339844,308.95068359375,323.86993408203125,323.8179626464844,294.1112976074219,294.1632385253906,16515.818359375,33031.63671875,71.41707611083984,71.4172134399414,1553.111328125,3094.356689453125,1579.0301513671875,3147.29931640625,283.5804748535156,59.54670715332031,1.0850294529518578e-06,0,0,2578.515869140625,1303.4454345703125,0,19.591279983520508,2359.574951171875,12.047890663146973,12.057516098022461,793.54736328125,1581.5364990234375,52.9757080078125,53.038455963134766,88.0,0,0,345.7132873535156,0,7.924896240234375,21.84333038330078,21.89531135559082,0,1.034000039100647,0.9067617654800415,50,2.799999952316284,2.6367039680480957,0,0,0,0,314.99998519276,0,0,0,0.01487775519490242,0.09678438305854797,-0.11143557727336884,0.00022655725479125977,87.24760437011719,87.2301254272461,727.46337890625,727.4496459960938,727.4496459960938,518.2019653320312,0,0,19.591279983520508,0.0010999999940395355,0.02200000174343586,0.03299999609589577,0.04399999603629112,5655.8173828125,114276.53125,0.0429663360118866,0,3.1392715754918754e-05,255.82333374023438,0,0.0002616529818624258,2.8350639695418067e-05,0,0,23.700000762939453,0,0,1600,0,50,0,0,0,50,50,200,0.0,0.0,0.0,0.0
141,156.89480590820312,308.94342041015625,323.8647766113281,323.8127746582031,294.1006774902344,294.1526794433594,16515.818359375,33031.63671875,71.40855407714844,71.40869140625,1552.6895751953125,3093.491943359375,1579.0333251953125,3147.296142578125,283.5719299316406,59.525062561035156,1.5248044746840606e-06,0,0,2578.541015625,1303.4022216796875,0,19.635515213012695,2359.770751953125,12.046411514282227,12.056008338928223,793.5643310546875,1581.5655517578125,52.95526885986328,53.01762008666992,88.0,0,0,345.70892333984375,0,7.924896240234375,21.844144821166992,21.896160125732422,0,1.034000039100647,0.9067617654800415,50,2.799999952316284,2.6364850997924805,0,0,0,0,314.99998519276,0,0,0,0.015446817502379417,0.09674111753702164,-0.11196327954530716,0.00022465595975518227,87.25465393066406,87.23736572265625,727.49072265625,727.4771118164062,727.4771118164062,518.2120971679688,0,0,19.635515213012695,0.0010999999940395355,0.02200000174343586,0.03299999609589577,0.04399999603629112,5655.8173828125,114276.53125,0.0429663360118866,0,3.1392715754918754e-05,257.6441345214844,0,0.0002616529818624258,2.8350639695418067e-05,0,0,23.700000762939453,0,0,1600,0,50,0,0,0,50,50,200,0.0,0.0,0.0,0.0
142,156.8866424560547,308.936279296875,323.8597106933594,323.8076477050781,294.0902099609375,294.14227294921875,16515.818359375,33031.63671875,71.40016174316406,71.4002914428711,1552.2808837890625,3092.656982421875,1579.0345458984375,3147.294921875,283.5634765625,59.503726959228516,-4.152466317464132e-06,0,0,2578.565673828125,1303.3594970703125,0,19.679882049560547,2359.96484375,12.044912338256836,12.054478645324707,793.5806274414062,1581.59619140625,52.934532165527344,52.99655532836914,88.0,0,0,345.7046813964844,0,7.924896240234375,21.84499168395996,21.89704132080078,0,1.034000039100647,0.9067617654800415,50,2.799999952316284,2.636268138885498,0,0,0,0,314.99998519276,0,0,0,0.016007814556360245,0.09669829159975052,-0.11248183995485306,0.0002242662012577057,87.26177978515625,87.24454498291016,727.5178833007812,727.5042724609375,727.5042724609375,518.2220458984375,0,0,19.679882049560547,0.0010999999940395355,0.02200000174343586,0.03299999609589577,0.04399999603629112,5655.8173828125,114276.53125,0.0429663360118866,0,3.1392715754918754e-05,259.4649353027344,0,0.0002616529818624258,2.8350639695418067e-05,0,0,23.700000762939453,0,0,1600,0,50,0,0,0,50,50,200,0.0,0.0,0.0,0.0
143,156.87864685058594,308.92926025390625,323.8547668457031,323.80267333984375,294.0798645019531,294.1319885253906,16515.818359375,33031.63671875,71.39188385009766,71.39202117919922,1551.887451171875,3091.84765625,1579.0306396484375,3147.298828125,283.5551452636719,59.48271179199219,-3.5680247947311727e-06,0,0,2578.589599609375,1303.3173828125,0,19.723066329956055,2360.15771484375,12.0433931350708,12.052932739257812,793.5968017578125,1581.6251220703125,52.913673400878906,52.9752311706543,88.0,0,0,345.7005615234375,0,7.924896240234375,21.845806121826172,21.89788818359375,0,1.034000039100647,0.9067617654800415,50,2.799999952316284,2.6360528469085693,0,0,0,0,314.99998519276,0,0,0,0.016558092087507248,0.09665556997060776,-0.11299145966768265,0.00022219866514205933,87.26889038085938,87.25167083740234,727.5449829101562,727.5314331054688,727.5314331054688,518.2321166992188,0,0,19.723066329956055,0.0010999999940395355,0.02200000174343586,0.03299999609589577,0.04399999603629112,5655.8173828125,114276.53125,0.0429663360118866,0,3.1392715754918754e-05,261.2857360839844,0,0.0002616529818624258,2.8350639695418067e-05,0,0,23.700000762939453,0,0,1600,0,50,0,0,0,50,50,200,0.0,0.0,0.0,0.0
144,156.87086486816406,308.92236328125,323.8499450683594,323.79779052734375,294.0696716308594,294.121826171875,16515.818359375,33031.63671875,71.38372802734375,71.38387298583984,1551.5067138671875,3091.06689453125,1579.0382080078125,3147.291259765625,283.54693603515625,59.462005615234375,1.5351063211710425e-06,0,0,2578.613037109375,1303.2762451171875,0,19.767791748046875,2360.349853515625,12.041858673095703,12.051366806030273,793.6145629882812,1581.658447265625,52.892555236816406,52.95368957519531,88.0,0,0,345.696533203125,0,7.924896240234375,21.846586227416992,21.89873695373535,0,1.034000039100647,0.9067617654800415,50,2.799999952316284,2.635838270187378,0,0,0,0,314.99998519276,0,0,0,0.017097653821110725,0.0966128408908844,-0.11349228769540787,0.00021821167320013046,87.2758560180664,87.25877380371094,727.5719604492188,727.5585327148438,727.5585327148438,518.2421875,0,0,19.767791748046875,0.0010999999940395355,0.02200000174343586,0.03299999609589577,0.04399999603629112,5655.8173828125,114276.53125,0.0429663360118866,0,3.1392715754918754e-05,263.1065368652344,0,0.0002616529818624258,2.8350639695418067e-05,0,0,23.700000762939453,0,0,1600,0,50,0,0,0,50,50,200,0.0,0.0,0.0,0.0
145,156.86325073242188,308.9155578613281,323.8451843261719,323.7929992675781,294.05963134765625,294.11181640625,16515.818359375,33031.63671875,71.3757095336914,71.37584686279297,1551.13720703125,3090.3134765625,1579.039306640625,3147.290283203125,283.53887939453125,59.44158935546875,-2.383847686360241e-06,0,0,2578.635986328125,1303.2352294921875,0,19.811355590820312,2360.53955078125,12.040305137634277,12.049782752990723,793.6329345703125,1581.6934814453125,52.87116241455078,52.931976318359375,88.0,0,0,345.6925964355469,0,7.924896240234375,21.84739875793457,21.89958381652832,0,1.034000039100647,0.9067617654800415,50,2.799999952316284,2.6356265544891357,0,0,0,0,314.99998519276,0,0,0,0.01763182319700718,0.09657065570354462,-0.11398443579673767,0.0002180398441851139,87.28270721435547,87.26578521728516,727.5986328125,727.5853271484375,727.5853271484375,518.2521362304688,0,0,19.811355590820312,0.0010999999940395355,0.02200000174343586,0.03299999609589577,0.04399999603629112,5655.8173828125,114276.53125,0.0429663360118866,0,3.1392715754918754e-05,264.9273376464844,0,0.0002616529818624258,2.8350639695418067e-05,0,0,23.700000762939453,0,0,1600,0,50,0,0,0,50,50,200,0.0,0.0,0.0,0.0
146,156.85581970214844,308.90887451171875,323.8405456542969,323.788330078125,294.0497131347656,294.1019287109375,16515.818359375,33031.63671875,71.3677978515625,71.3679428100586,1550.782958984375,3089.58349609375,1579.0350341796875,3147.29443359375,283.5309143066406,59.42146682739258,-4.10814300266793e-06,0,0,2578.658447265625,1303.1949462890625,0,19.853824615478516,2360.7275390625,12.038735389709473,12.048184394836426,793.6512451171875,1581.7269287109375,52.849708557128906,52.91001892089844,88.0,0,0,345.688720703125,0,7.924896240234375,21.84817886352539,21.90039825439453,0,1.034000039100647,0.9067617654800415,50,2.799999952316284,2.6354165077209473,0,0,0,0,314.99998519276,0,0,0,0.018155284225940704,0.09652877599000931,-0.11446809768676758,0.00021596672013401985,87.28961944580078,87.27273559570312,727.6251831054688,727.6119384765625,727.6119384765625,518.2620849609375,0,0,19.853824615478516,0.0010999999940395355,0.02200000174343586,0.03299999609589577,0.04399999603629112,5655.8173828125,114276.53125,0.0429663360118866,0,3.1392715754918754e-05,266.7481384277344,0,0.0002616529818624258,2.8350639695418067e-05,0,0,23.700000762939453,0,0,1600,0,50,0,0,0,50,50,200,0.0,0.0,0.0,0.0
147,156.84857177734375,308.90228271484375,323.8359069824219,323.78369140625,294.0400390625,294.09228515625,16515.818359375,33031.63671875,71.36002349853516,71.36015319824219,1550.4400634765625,3088.881591796875,1579.0357666015625,3147.293701171875,283.5230407714844,59.40163803100586,-3.6377805372467265e-06,0,0,2578.68017578125,1303.1553955078125,0,19.895198822021484,2360.914794921875,12.037150382995605,12.046567916870117,793.6707763671875,1581.7647705078125,52.82792663574219,52.88792037963867,88.0,0,0,345.6849670410156,0,7.924896240234375,21.84906005859375,21.90127944946289,0,1.034000039100647,0.9067617654800415,50,2.799999952316284,2.6352076530456543,0,0,0,0,314.99998519276,0,0,0,0.0186707004904747,0.09648691117763519,-0.11494340747594833,0.00021420791745185852,87.29638671875,87.27965545654297,727.6516723632812,727.6384887695312,727.6384887695312,518.2720336914062,0,0,19.895198822021484,0.0010999999940395355,0.02200000174343586,0.03299999609589577,0.04399999603629112,5655.8173828125,114276.53125,0.0429663360118866,0,3.1392715754918754e-05,268.5689392089844,0,0.0002616529818624258,2.8350639695418067e-05,0,0,23.700000762939453,0,0,1600,0,50,0,0,0,50,50,200,0.0,0.0,0.0,0.0
148,156.84149169921875,308.89581298828125,323.8313903808594,323.7791748046875,294.0304260253906,294.0826721191406,16515.818359375,33031.63671875,71.35234832763672,71.35248565673828,1550.1114501953125,3088.204833984375,1579.0377197265625,3147.291748046875,283.51531982421875,59.3820915222168,-2.7157832391822012e-06,0,0,2578.701416015625,1303.1160888671875,0,19.935474395751953,2361.10009765625,12.035550117492676,12.04493522644043,793.689208984375,1581.7984619140625,52.80609893798828,52.86555480957031,88.0,0,0,345.6813049316406,0,7.924896240234375,21.84990882873535,21.902128219604492,0,1.034000039100647,0.9067617654800415,50,2.799999952316284,2.635000705718994,0,0,0,0,314.99998519276,0,0,0,0.019178073853254318,0.0964454710483551,-0.11541049182415009,0.0002130568027496338,87.30319213867188,87.28650665283203,727.677978515625,727.664794921875,727.664794921875,518.2819213867188,0,0,19.935474395751953,0.0010999999940395355,0.02200000174343586,0.03299999609589577,0.04399999603629112,5655.8173828125,114276.53125,0.0429663360118866,0,3.1392715754918754e-05,270.3897399902344,0,0.0002616529818624258,2.8350639695418067e-05,0,0,23.700000762939453,0,0,1600,0,50,0,0,0,50,50,200,0.0,0.0,0.0,0.0
149,156.83457946777344,308.8894348144531,323.8270263671875,323.77471923828125,294.0209655761719,294.0732116699219,16515.818359375,33031.63671875,71.34479522705078,71.34494018554688,1549.7933349609375,3087.5546875,1579.0400390625,3147.28955078125,283.5076904296875,59.36283493041992,-1.8013565750152338e-07,0,0,2578.72216796875,1303.0775146484375,0,19.978771209716797,2361.2841796875,12.033934593200684,12.043289184570312,793.7088623046875,1581.834228515625,52.78396224975586,52.84309387207031,88.0,0,0,345.6777038574219,0,7.924896240234375,21.850688934326172,21.90297508239746,0,1.034000039100647,0.9067617654800415,50,2.799999952316284,2.6347954273223877,0,0,0,0,314.99998519276,0,0,0,0.019677408039569855,0.09640413522720337,-0.11586951464414597,0.00021202582865953445,87.30989837646484,87.2933120727539,727.7041625976562,727.6910400390625,727.6910400390625,518.2918701171875,0,0,19.978771209716797,0.0010999999940395355,0.02200000174343586,0.03299999609589577,0.04399999603629112,5655.8173828125,114276.53125,0.0429663360118866,0,3.1392715754918754e-05,272.2105407714844,0,0.0002616529818624258,2.8350639695418067e-05,0,0,23.700000762939453,0,0,1600,0,50,0,0,0,50,50,200,0.0,0.0,0.0,0.0
150,156.82785034179688,308.8831787109375,323.8223571777344,323.7700500488281,294.011962890625,294.0642395019531,16515.818359375,33031.63671875,71.33736419677734,71.33750915527344,1549.4879150390625,3086.929443359375,1579.039794921875,3147.289794921875,283.5001525878906,59.34383773803711,-6.788997097828542e-07,0,0,2578.7421875,1303.0394287109375,0,20.020992279052734,2361.46728515625,12.032305717468262,12.041626930236816,793.7271118164062,1581.87109375,52.7617301940918,52.82041931152344,88.0,0,0,345.6742248535156,0,7.924896240234375,21.85184097290039,21.90416145324707,0,1.034000039100647,0.9067617654800415,50,2.799999952316284,2.6345908641815186,0,0,0,0,314.99998519276,0,0,0,0.020168708637356758,0.09636290371417999,-0.11632059514522552,0.0002110172063112259,87.3166732788086,87.30008697509766,727.7303466796875,727.7172241210938,727.7172241210938,518.3017578125,0,0,20.020992279052734,0.0010999999940395355,0.02200000174343586,0.03299999609589577,0.04399999603629112,5655.8173828125,114276.53125,0.0429663360118866,0,3.1392715754918754e-05,274.0313415527344,0,0.0002616529818624258,2.8350639695418067e-05,0,0,23.700000762939453,0,0,1600,0,50,0,0,0,50,50,200,0.0,0.0,0.0,0.0
151,156.8212890625,308.8769836425781,323.8174743652344,323.7651062011719,294.00341796875,294.0557556152344,16515.818359375,33031.63671875,71.33003997802734,71.33018493652344,1549.1954345703125,3086.329345703125,1579.0408935546875,3147.28857421875,283.49273681640625,59.32511520385742,-1.8880446077673696e-06,0,0,2578.761962890625,1303.0023193359375,0,20.060867309570312,2361.649658203125,12.030662536621094,12.039952278137207,793.7470703125,1581.9091796875,52.739322662353516,52.79757308959961,88.0,0,0,345.6708068847656,0,7.924896240234375,21.85333251953125,21.90572166442871,0,1.034000039100647,0.9067617654800415,50,2.799999952316284,2.634387493133545,0,0,0,0,314.99998519276,0,0,0,0.02065197564661503,0.09632177650928497,-0.1167638972401619,0.00020985491573810577,87.32331848144531,87.30682373046875,727.7562866210938,727.7433471679688,727.7433471679688,518.3117065429688,0,0,20.060867309570312,0.0010999999940395355,0.02200000174343586,0.03299999609589577,0.04399999603629112,5655.8173828125,114276.53125,0.0429663360118866,0,3.1392715754918754e-05,275.8521423339844,0,0.0002616529818624258,2.8350639695418067e-05,0,0,23.700000762939453,0,0,1600,0,50,0,0,0,50,50,200,0.0,0.0,0.0,0.0
152,156.8148956298828,308.87091064453125,323.8123474121094,323.7599182128906,293.9953308105469,294.0477294921875,16515.818359375,33031.63671875,71.32283020019531,71.3229751586914,1548.9149169921875,3085.7529296875,1579.0419921875,3147.28759765625,283.48541259765625,59.30665588378906,5.085141765448498e-06,0,0,2578.78125,1302.9652099609375,0,20.099716186523438,2361.83056640625,12.029006958007812,12.038263320922852,793.7665405273438,1581.9461669921875,52.71676254272461,52.774574279785156,88.0,0,0,345.6675109863281,0,7.924896240234375,21.85516357421875,21.9075870513916,0,1.034000039100647,0.9067617654800415,50,2.799999952316284,2.634185791015625,0,0,0,0,314.99998519276,0,0,0,0.021127212792634964,0.09628087282180786,-0.11719955503940582,0.0002085319720208645,87.33001708984375,87.31351470947266,727.7823486328125,727.7693481445312,727.7693481445312,518.3215942382812,0,0,20.099716186523438,0.0010999999940395355,0.02200000174343586,0.03299999609589577,0.04399999603629112,5655.8173828125,114276.53125,0.0429663360118866,0,3.1392715754918754e-05,277.6729431152344,0,0.0002616529818624258,2.8350639695418067e-05,0,0,23.700000762939453,0,0,1600,0,50,0,0,0,50,50,200,0.0,0.0,0.0,0.0
153,156.8086395263672,308.86492919921875,323.8070068359375,323.75457763671875,293.9876403808594,294.0400695800781,16515.818359375,33031.63671875,71.31571960449219,71.31587219238281,1548.6456298828125,3085.2021484375,1579.043212890625,3147.286376953125,283.4782409667969,59.28845977783203,-1.0308112905477174e-06,0,0,2578.800048828125,1302.9287109375,0,20.13894271850586,2362.01123046875,12.027339935302734,12.036561012268066,793.78662109375,1581.984375,52.69406509399414,52.751407623291016,88.0,0,0,345.66424560546875,0,7.924896240234375,21.85723304748535,21.90965461730957,0,1.034000039100647,0.9067617654800415,50,2.799999952316284,2.633984327316284,0,0,0,0,314.99998519276,0,0,0,0.021597079932689667,0.09623996168375015,-0.11762767285108566,0.0002093687653541565,87.33667755126953,87.3201904296875,727.8082275390625,727.7952880859375,727.7952880859375,518.3316040039062,0,0,20.13894271850586,0.0010999999940395355,0.02200000174343586,0.03299999609589577,0.04399999603629112,5655.8173828125,114276.53125,0.0429663360118866,0,3.1392715754918754e-05,279.4937438964844,0,0.0002616529818624258,2.8350639695418067e-05,0,0,23.700000762939453,0,0,1600,0,50,0,0,0,50,50,200,0.0,0.0,0.0,0.0
154,156.8025665283203,308.85906982421875,323.80157470703125,323.7491760253906,293.9802551269531,294.03271484375,16515.818359375,33031.63671875,71.30872344970703,71.30887603759766,1548.3875732421875,3084.675048828125,1579.039306640625,3147.290283203125,283.47113037109375,59.270530700683594,1.6165747638297034e-06,0,0,2578.818359375,1302.8929443359375,0,20.175825119018555,2362.19091796875,12.025659561157227,12.0348482131958,793.8070678710938,1582.0218505859375,52.671138763427734,52.728145599365234,88.0,0,0,345.6611022949219,0,7.924896240234375,21.85950469970703,21.91192626953125,0,1.034000039100647,0.9067617654800415,50,2.799999952316284,2.6337838172912598,0,0,0,0,314.99998519276,0,0,0,0.02205626852810383,0.09619905799627304,-0.11804842203855515,0.00020690588280558586,87.3433609008789,87.32683563232422,727.8342895507812,727.8212890625,727.8212890625,518.3416137695312,0,0,20.175825119018555,0.0010999999940395355,0.02200000174343586,0.03299999609589577,0.04399999603629112,5655.8173828125,114276.53125,0.0429663360118866,0,3.1392715754918754e-05,281.3145446777344,0,0.0002616529818624258,2.8350639695418067e-05,0,0,23.700000762939453,0,0,1600,0,50,0,0,0,50,50,200,0.0,0.0,0.0,0.0
155,156.79664611816406,308.853271484375,323.7960510253906,323.74359130859375,293.97320556640625,294.025634765625,16515.818359375,33031.63671875,71.30184173583984,71.30198669433594,1548.1419677734375,3084.171142578125,1579.0447998046875,3147.28466796875,283.464111328125,59.25285720825195,6.485410608547681e-07,0,0,2578.8359375,1302.8572998046875,0,20.214426040649414,2362.370361328125,12.023968696594238,12.033123970031738,793.8270874023438,1582.062744140625,52.64814758300781,52.7047119140625,88.0,0,0,345.6580505371094,0,7.924896240234375,21.861980438232422,21.91443634033203,0,1.034000039100647,0.9067617654800415,50,2.799999952316284,2.6335840225219727,0,0,0,0,314.99998519276,0,0,0,0.022510092705488205,0.09615813940763474,-0.11846190690994263,0.0002063303254544735,87.34992218017578,87.33346557617188,727.8601684570312,727.8472290039062,727.8472290039062,518.3516845703125,0,0,20.214426040649414,0.0010999999940395355,0.02200000174343586,0.03299999609589577,0.04399999603629112,5655.8173828125,114276.53125,0.0429663360118866,0,3.1392715754918754e-05,283.1353454589844,0,0.0002616529818624258,2.8350639695418067e-05,0,0,23.700000762939453,0,0,1600,0,50,0,0,0,50,50,200,0.0,0.0,0.0,0.0
156,156.7908935546875,308.8475646972656,323.7904968261719,323.738037109375,293.96636962890625,294.0188293457031,16515.818359375,33031.63671875,71.29505920410156,71.29520416259766,1547.9090576171875,3083.68994140625,1579.040283203125,3147.289306640625,283.4572448730469,59.235435485839844,-4.515919954428682e-06,0,0,2578.853271484375,1302.8226318359375,0,20.253429412841797,2362.548828125,12.022266387939453,12.031388282775879,793.849365234375,1582.1046142578125,52.62509536743164,52.68109893798828,88.0,0,0,345.6550598144531,0,7.924896240234375,21.86455726623535,21.91701316833496,0,1.034000039100647,0.9067617654800415,50,2.799999952316284,2.633384943008423,0,0,0,0,314.99998519276,0,0,0,0.022955898195505142,0.09611734747886658,-0.11886828392744064,0.00020496686920523643,87.35643768310547,87.3400650024414,727.8860473632812,727.8731689453125,727.8731689453125,518.3617553710938,0,0,20.253429412841797,0.0010999999940395355,0.02200000174343586,0.03299999609589577,0.04399999603629112,5655.8173828125,114276.53125,0.0429663360118866,0,3.1392715754918754e-05,284.9561462402344,0,0.0002616529818624258,2.8350639695418067e-05,0,0,23.700000762939453,0,0,1600,0,50,0,0,0,50,50,200,0.0,0.0,0.0,0.0
157,156.78526306152344,308.84197998046875,323.784912109375,323.7324523925781,293.95977783203125,294.01226806640625,16515.818359375,33031.63671875,71.28838348388672,71.28852844238281,1547.685546875,3083.232666015625,1579.0404052734375,3147.2890625,283.450439453125,59.218257904052734,-4.403088951221434e-06,0,0,2578.8701171875,1302.788330078125,0,20.290130615234375,2362.725830078125,12.020556449890137,12.029642105102539,793.8689575195312,1582.1435546875,52.601802825927734,52.65743637084961,88.0,0,0,345.6521301269531,0,7.924896240234375,21.86723518371582,21.91969108581543,0,1.034000039100647,0.9067617654800415,50,2.799999952316284,2.6331875324249268,0,0,0,0,314.99998519276,0,0,0,0.023393690586090088,0.09607675671577454,-0.11926764994859695,0.00020279735326766968,87.36295318603516,87.34661102294922,727.9118041992188,727.89892578125,727.89892578125,518.371826171875,0,0,20.290130615234375,0.0010999999940395355,0.02200000174343586,0.03299999609589577,0.04399999603629112,5655.8173828125,114276.53125,0.0429663360118866,0,3.1392715754918754e-05,286.7769470214844,0,0.0002616529818624258,2.8350639695418067e-05,0,0,23.700000762939453,0,0,1600,0,50,0,0,0,50,50,200,0.0,0.0,0.0,0.0
158,156.77981567382812,308.83642578125,323.779296875,323.726806640625,293.953369140625,294.0058898925781,16515.818359375,33031.63671875,71.28179931640625,71.28195190429688,1547.4749755859375,3082.796630859375,1579.048095703125,3147.28125,283.4437255859375,59.201324462890625,9.87034582067281e-07,0,0,2578.88671875,1302.7542724609375,0,20.325916290283203,2362.90234375,12.018834114074707,12.027886390686035,793.89111328125,1582.1854248046875,52.578514099121094,52.63359451293945,88.0,0,0,345.6492919921875,0,7.924896240234375,21.86998176574707,21.92247200012207,0,1.034000039100647,0.9067617654800415,50,2.799999952316284,2.632991075515747,0,0,0,0,314.99998519276,0,0,0,0.023826124146580696,0.09603627771139145,-0.11966012418270111,0.00020227767527103424,87.369384765625,87.35313415527344,727.9374389648438,727.9246215820312,727.9246215820312,518.3818969726562,0,0,20.325916290283203,0.0010999999940395355,0.02200000174343586,0.03299999609589577,0.04399999603629112,5655.8173828125,114276.53125,0.0429663360118866,0,3.1392715754918754e-05,288.5977478027344,0,0.0002616529818624258,2.8350639695418067e-05,0,0,23.700000762939453,0,0,1600,0,50,0,0,0,50,50,200,0.0,0.0,0.0,0.0
159,156.7744903564453,308.8310241699219,323.77374267578125,323.7212219238281,293.9471130371094,293.9996337890625,16515.818359375,33031.63671875,71.27532958984375,71.27548217773438,1547.272705078125,3082.38525390625,1579.0439453125,3147.285400390625,283.4371032714844,59.18463897705078,1.5997228501873906e-06,0,0,2578.902587890625,1302.7208251953125,0,20.36078453063965,2363.077392578125,12.017104148864746,12.026121139526367,793.913330078125,1582.2266845703125,52.55500411987305,52.60970687866211,88.0,0,0,345.64654541015625,0,7.924896240234375,21.8727970123291,21.925321578979492,0,1.034000039100647,0.9067617654800415,50,2.799999952316284,2.632795810699463,0,0,0,0,314.99998519276,0,0,0,0.024250546470284462,0.09599590301513672,-0.12004584819078445,0.00020059850066900253,87.3757553100586,87.35961151123047,727.9629516601562,727.9502563476562,727.9502563476562,518.3920288085938,0,0,20.36078453063965,0.0010999999940395355,0.02200000174343586,0.03299999609589577,0.04399999603629112,5655.8173828125,114276.53125,0.0429663360118866,0,3.1392715754918754e-05,290.4185485839844,0,0.0002616529818624258,2.8350639695418067e-05,0,0,23.700000762939453,0,0,1600,0,50,0,0,0,50,50,200,0.0,0.0,0.0,0.0
160,156.76934814453125,308.82568359375,323.7682189941406,323.7156982421875,293.9410400390625,293.9935607910156,16515.818359375,33031.63671875,71.26895141601562,71.26910400390625,1547.0823974609375,3081.993408203125,1579.04931640625,3147.280029296875,283.43060302734375,59.168190002441406,-4.308047209633514e-06,0,0,2578.91845703125,1302.6881103515625,0,20.397441864013672,2363.250732421875,12.015365600585938,12.024348258972168,793.933837890625,1582.2686767578125,52.531455993652344,52.58570861816406,88.0,0,0,345.64385986328125,0,7.924896240234375,21.87564468383789,21.92816925048828,0,1.034000039100647,0.9067617654800415,50,2.799999952316284,2.6326026916503906,0,0,0,0,314.99998519276,0,0,0,0.024666965007781982,0.09595594555139542,-0.12042493373155594,0.00019797775894403458,87.38211059570312,87.36602020263672,727.98828125,727.9756469726562,727.9756469726562,518.4019775390625,0,0,20.397441864013672,0.0010999999940395355,0.02200000174343586,0.03299999609589577,0.04399999603629112,5655.8173828125,114276.53125,0.0429663360118866,0,3.1392715754918754e-05,292.2393493652344,0,0.0002616529818624258,2.8350639695418067e-05,0,0,23.700000762939453,0,0,1600,0,50,0,0,0,50,50,200,0.0,0.0,0.0,0.0
161,156.7643280029297,308.8204345703125,323.7627258300781,323.710205078125,293.9350891113281,293.9876403808594,16515.818359375,33031.63671875,71.2626724243164,71.26282501220703,1546.90234375,3081.62353515625,1579.0504150390625,3147.279052734375,283.4241638183594,59.1519775390625,4.535194420896005e-06,0,0,2578.933349609375,1302.6552734375,0,20.430500030517578,2363.42333984375,12.013619422912598,12.022566795349121,793.956298828125,1582.311767578125,52.507843017578125,52.56159973144531,88.0,0,0,345.6412658691406,0,7.924896240234375,21.87852668762207,21.93105125427246,0,1.034000039100647,0.9067617654800415,50,2.799999952316284,2.6324105262756348,0,0,0,0,314.99998519276,0,0,0,0.025078030303120613,0.09591611474752426,-0.12079748511314392,0.00019666459411382675,87.38837432861328,87.37239837646484,728.0134887695312,728.0009155273438,728.0009155273438,518.4119873046875,0,0,20.430500030517578,0.0010999999940395355,0.02200000174343586,0.03299999609589577,0.04399999603629112,5655.8173828125,114276.53125,0.0429663360118866,0,3.1392715754918754e-05,294.0601501464844,0,0.0002616529818624258,2.8350639695418067e-05,0,0,23.700000762939453,0,0,1600,0,50,0,0,0,50,50,200,0.0,0.0,0.0,0.0
162,156.7594451904297,308.81524658203125,323.75726318359375,323.7047424316406,293.9292907714844,293.9818420410156,16515.818359375,33031.63671875,71.25648498535156,71.25663757324219,1546.732421875,3081.275390625,1579.04638671875,3147.283203125,283.4178466796875,59.135990142822266,5.114954092277912e-06,0,0,2578.947998046875,1302.623046875,0,20.464027404785156,2363.59423828125,12.011865615844727,12.020776748657227,793.9791259765625,1582.35400390625,52.48411560058594,52.53742218017578,88.0,0,0,345.6387023925781,0,7.924896240234375,21.88144302368164,21.93396759033203,0,1.034000039100647,0.9067617654800415,50,2.799999952316284,2.6322200298309326,0,0,0,0,314.99998519276,0,0,0,0.025483746081590652,0.09587658941745758,-0.12116360664367676,0.00019672885537147522,87.3946304321289,87.37871551513672,728.03857421875,728.0260009765625,728.0260009765625,518.4219360351562,0,0,20.464027404785156,0.0010999999940395355,0.02200000174343586,0.03299999609589577,0.04399999603629112,5655.8173828125,114276.53125,0.0429663360118866,0,3.1392715754918754e-05,295.8809509277344,0,0.0002616529818624258,2.8350639695418067e-05,0,0,23.700000762939453,0,0,1600,0,50,0,0,0,50,50,200,0.0,0.0,0.0,0.0
163,156.75469970703125,308.8101501464844,323.7518615722656,323.6993408203125,293.923583984375,293.97613525390625,16515.818359375,33031.63671875,71.25039672851562,71.25054931640625,1546.5733642578125,3080.947998046875,1579.0452880859375,3147.2841796875,283.41162109375,59.1202392578125,-8.257447348114511e-07,0,0,2578.962158203125,1302.591552734375,0,20.49806785583496,2363.7646484375,12.010106086730957,12.018980979919434,794.001220703125,1582.399658203125,52.4603157043457,52.513153076171875,88.0,0,0,345.63623046875,0,7.924896240234375,21.88435935974121,21.9368839263916,0,1.034000039100647,0.9067617654800415,50,2.799999952316284,2.6320302486419678,0,0,0,0,314.99998519276,0,0,0,0.025881461799144745,0.0958370715379715,-0.1215234249830246,0.0001951083540916443,87.40084838867188,87.38501739501953,728.0635986328125,728.0510864257812,728.0510864257812,518.431884765625,0,0,20.49806785583496,0.0010999999940395355,0.02200000174343586,0.03299999609589577,0.04399999603629112,5655.8173828125,114276.53125,0.0429663360118866,0,3.1392715754918754e-05,297.7017517089844,0,0.0002616529818624258,2.8350639695418067e-05,0,0,23.700000762939453,0,0,1600,0,50,0,0,0,50,50,200,0.0,0.0,0.0,0.0
164,156.75009155273438,308.8051452636719,323.74658203125,323.6940002441406,293.9179992675781,293.9705505371094,16515.818359375,33031.63671875,71.2444076538086,71.24455261230469,1546.424560546875,3080.640625,1579.053955078125,3147.275634765625,283.40545654296875,59.10469436645508,3.3365060971846106e-06,0,0,2578.97607421875,1302.560302734375,0,20.533966064453125,2363.933837890625,12.00833797454834,12.017178535461426,794.0238647460938,1582.4412841796875,52.43644332885742,52.48882293701172,88.0,0,0,345.63385009765625,0,7.924896240234375,21.88727569580078,21.93986701965332,0,1.034000039100647,0.9067617654800415,50,2.799999952316284,2.6318421363830566,0,0,0,0,314.99998519276,0,0,0,0.026273831725120544,0.09579776227474213,-0.1218770369887352,0.00019455794245004654,87.40702819824219,87.39126586914062,728.0884399414062,728.0760498046875,728.0760498046875,518.4418334960938,0,0,20.533966064453125,0.0010999999940395355,0.02200000174343586,0.03299999609589577,0.04399999603629112,5655.8173828125,114276.53125,0.0429663360118866,0,3.1392715754918754e-05,299.5225524902344,0,0.0002616529818624258,2.8350639695418067e-05,0,0,23.700000762939453,0,0,1600,0,50,0,0,0,50,50,200,0.0,0.0,0.0,0.0
165,156.74560546875,308.80023193359375,323.7413330078125,323.6886901855469,293.91253662109375,293.9651184082031,16515.818359375,33031.63671875,71.23849487304688,71.2386474609375,1546.286376953125,3080.353515625,1579.047607421875,3147.281982421875,283.3993835449219,59.0893669128418,-1.926740196722676e-06,0,0,2578.98974609375,1302.5296630859375,0,20.564990997314453,2364.10205078125,12.00656509399414,12.015369415283203,794.04638671875,1582.4862060546875,52.41260528564453,52.46436309814453,88.0,0,0,345.63153076171875,0,7.924896240234375,21.89019203186035,21.94281768798828,0,1.034000039100647,0.9067617654800415,50,2.799999952316284,2.631654977798462,0,0,0,0,314.99998519276,0,0,0,0.026658207178115845,0.09575866907835007,-0.1222245842218399,0.00019229203462600708,87.41324615478516,87.3974838256836,728.11328125,728.1008911132812,728.1008911132812,518.4517822265625,0,0,20.564990997314453,0.0010999999940395355,0.02200000174343586,0.03299999609589577,0.04399999603629112,5655.8173828125,114276.53125,0.0429663360118866,0,3.1392715754918754e-05,301.3433532714844,0,0.0002616529818624258,2.8350639695418067e-05,0,0,23.700000762939453,0,0,1600,0,50,0,0,0,50,50,200,0.0,0.0,0.0,0.0
166,156.7412567138672,308.7953796386719,323.73614501953125,323.6835021972656,293.90716552734375,293.95977783203125,16515.818359375,33031.63671875,71.23268127441406,71.23283386230469,1546.1563720703125,3080.086669921875,1579.04736328125,3147.2822265625,283.3934020996094,59.07426452636719,-4.817733497475274e-06,0,0,2579.002685546875,1302.499267578125,0,20.59791374206543,2364.268798828125,12.004786491394043,12.013555526733398,794.0684204101562,1582.5306396484375,52.388511657714844,52.43994903564453,88.0,0,0,345.6292419433594,0,7.924896240234375,21.893108367919922,21.94573402404785,0,1.034000039100647,0.9067617654800415,50,2.799999952316284,2.6314690113067627,0,0,0,0,314.99998519276,0,0,0,0.027037238702178,0.09571968764066696,-0.12256615608930588,0.00019077491015195847,87.4193344116211,87.40365600585938,728.1380004882812,728.1256103515625,728.1256103515625,518.4617309570312,0,0,20.59791374206543,0.0010999999940395355,0.02200000174343586,0.03299999609589577,0.04399999603629112,5655.8173828125,114276.53125,0.0429663360118866,0,3.1392715754918754e-05,303.1641540527344,0,0.0002616529818624258,2.8350639695418067e-05,0,0,23.700000762939453,0,0,1600,0,50,0,0,0,50,50,200,0.0,0.0,0.0,0.0
167,156.737060546875,308.79058837890625,323.73101806640625,323.67840576171875,293.9018859863281,293.9544982910156,16515.818359375,33031.63671875,71.22695922851562,71.22711181640625,1546.0369873046875,3079.839599609375,1579.0479736328125,3147.281494140625,283.38751220703125,59.05937576293945,3.5562386528908974e-06,0,0,2579.015380859375,1302.469482421875,0,20.63001251220703,2364.434814453125,12.003002166748047,12.011735916137695,794.0914916992188,1582.57568359375,52.364479064941406,52.41542053222656,88.0,0,0,345.6270751953125,0,7.924896240234375,21.89605712890625,21.94868278503418,0,1.034000039100647,0.9067617654800415,50,2.799999952316284,2.631284475326538,0,0,0,0,314.99998519276,0,0,0,0.027410931885242462,0.09568090736865997,-0.12290184199810028,0.00018999818712472916,87.42538452148438,87.4097900390625,728.1625366210938,728.1502685546875,728.1502685546875,518.4716186523438,0,0,20.63001251220703,0.0010999999940395355,0.02200000174343586,0.03299999609589577,0.04399999603629112,5655.8173828125,114276.53125,0.0429663360118866,0,3.1392715754918754e-05,304.9849548339844,0,0.0002616529818624258,2.8350639695418067e-05,0,0,23.700000762939453,0,0,1600,0,50,0,0,0,50,50,200,0.0,0.0,0.0,0.0
168,156.7329864501953,308.7859191894531,323.7259826660156,323.67333984375,293.896728515625,293.9493408203125,16515.818359375,33031.63671875,71.22132873535156,71.22148132324219,1545.9267578125,3079.612060546875,1579.050048828125,3147.279541015625,283.3816833496094,59.04469299316406,7.616899893037044e-07,0,0,2579.027587890625,1302.4400634765625,0,20.66130256652832,2364.599853515625,12.001214027404785,12.00991153717041,794.1161499023438,1582.621826171875,52.34035873413086,52.39085388183594,88.0,0,0,345.62493896484375,0,7.924896240234375,21.89897346496582,21.95159912109375,0,1.034000039100647,0.9067617654800415,50,2.799999952316284,2.631100654602051,0,0,0,0,314.99998519276,0,0,0,0.02777663804590702,0.09564225375652313,-0.12323179095983505,0.0001871008425951004,87.43134307861328,87.4158935546875,728.1869506835938,728.1748046875,728.1748046875,518.4815063476562,0,0,20.66130256652832,0.0010999999940395355,0.02200000174343586,0.03299999609589577,0.04399999603629112,5655.8173828125,114276.53125,0.0429663360118866,0,3.1392715754918754e-05,306.8057556152344,0,0.0002616529818624258,2.8350639695418067e-05,0,0,23.700000762939453,0,0,1600,0,50,0,0,0,50,50,200,0.0,0.0,0.0,0.0
169,156.7290496826172,308.78131103515625,323.7209777832031,323.6683654785156,293.8916320800781,293.94427490234375,16515.818359375,33031.63671875,71.21578216552734,71.21593475341797,1545.824951171875,3079.40283203125,1579.0489501953125,3147.280517578125,283.3759765625,59.03022384643555,-1.4036286302143708e-06,0,0,2579.03955078125,1302.4111328125,0,20.69317626953125,2364.762939453125,11.99942398071289,12.00808334350586,794.1389770507812,1582.6688232421875,52.31624984741211,52.36625289916992,88.0,0,0,345.6228942871094,0,7.924896240234375,21.90192413330078,21.95454978942871,0,1.034000039100647,0.9067617654800415,50,2.799999952316284,2.6309192180633545,0,0,0,0,314.99998519276,0,0,0,0.028137004002928734,0.09560400992631912,-0.12355605512857437,0.00018495507538318634,87.43719482421875,87.42192077636719,728.2110595703125,728.1990966796875,728.1990966796875,518.4913330078125,0,0,20.69317626953125,0.0010999999940395355,0.02200000174343586,0.03299999609589577,0.04399999603629112,5655.8173828125,114276.53125,0.0429663360118866,0,3.1392715754918754e-05,308.6265563964844,0,0.0002616529818624258,2.8350639695418067e-05,0,0,23.700000762939453,0,0,1600,0,50,0,0,0,50,50,200,0.0,0.0,0.0,0.0
170,156.72523498535156,308.7767639160156,323.71612548828125,323.6634826660156,293.8866271972656,293.9392395019531,16515.818359375,33031.63671875,71.21031951904297,71.2104721069336,1545.733154296875,3079.212646484375,1579.049560546875,3147.280029296875,283.3703308105469,59.015953063964844,-5.263748334982665e-06,0,0,2579.05126953125,1302.3824462890625,0,20.725631713867188,2364.924072265625,11.997628211975098,12.006251335144043,794.1622924804688,1582.7144775390625,52.29210662841797,52.34160232543945,88.0,0,0,345.62091064453125,0,7.924896240234375,21.90477180480957,21.95743179321289,0,1.034000039100647,0.9067617654800415,50,2.799999952316284,2.63073992729187,0,0,0,0,314.99998519276,0,0,0,0.028492039069533348,0.09556619822978973,-0.1238747388124466,0.0001835022121667862,87.44300079345703,87.4278793334961,728.2350463867188,728.2230834960938,728.2230834960938,518.5010375976562,0,0,20.725631713867188,0.0010999999940395355,0.02200000174343586,0.03299999609589577,0.04399999603629112,5655.8173828125,114276.53125,0.0429663360118866,0,3.1392715754918754e-05,310.4473571777344,0,0.0002616529818624258,2.8350639695418067e-05,0,0,23.700000762939453,0,0,1600,0,50,0,0,0,50,50,200,0.0,0.0,0.0,0.0
171,156.72154235839844,308.77227783203125,323.7113342285156,323.65863037109375,293.8817443847656,293.9343566894531,16515.818359375,33031.63671875,71.20494079589844,71.20509338378906,1545.6500244140625,3079.0400390625,1579.0499267578125,3147.279541015625,283.36474609375,59.00187683105469,-7.639417844984564e-07,0,0,2579.062255859375,1302.35400390625,0,20.755964279174805,2365.083984375,11.995829582214355,12.004416465759277,794.18603515625,1582.7611083984375,52.26791763305664,52.31694412231445,88.0,0,0,345.6189880371094,0,7.924896240234375,21.90765380859375,21.96034812927246,0,1.034000039100647,0.9067617654800415,50,2.799999952316284,2.6305623054504395,0,0,0,0,314.99998519276,0,0,0,0.028841737657785416,0.09552870690822601,-0.12418793141841888,0.00018251314759254456,87.44879913330078,87.43378448486328,728.2586669921875,728.2468872070312,728.2468872070312,518.5106811523438,0,0,20.755964279174805,0.0010999999940395355,0.02200000174343586,0.03299999609589577,0.04399999603629112,5655.8173828125,114276.53125,0.0429663360118866,0,3.1392715754918754e-05,312.2681579589844,0,0.0002616529818624258,2.8350639695418067e-05,0,0,23.700000762939453,0,0,1600,0,50,0,0,0,50,50,200,0.0,0.0,0.0,0.0
172,156.7179718017578,308.76788330078125,323.70660400390625,323.6539001464844,293.8768615722656,293.92950439453125,16515.818359375,33031.63671875,71.19964599609375,71.19979858398438,1545.5750732421875,3078.88623046875,1579.0517578125,3147.27783203125,283.3592224121094,58.98799133300781,8.790481160758645e-07,0,0,2579.07275390625,1302.3262939453125,0,20.786943435668945,2365.241943359375,11.994028091430664,12.002577781677246,794.210205078125,1582.8065185546875,52.24369812011719,52.29226303100586,88.0,0,0,345.6171569824219,0,7.924896240234375,21.91053581237793,21.96323013305664,0,1.034000039100647,0.9067617654800415,50,2.799999952316284,2.6303863525390625,0,0,0,0,314.99998519276,0,0,0,0.029186107218265533,0.09549153596162796,-0.1244957372546196,0.00018190685659646988,87.45458984375,87.43962860107422,728.2822875976562,728.2705078125,728.2705078125,518.520263671875,0,0,20.786943435668945,0.0010999999940395355,0.02200000174343586,0.03299999609589577,0.04399999603629112,5655.8173828125,114276.53125,0.0429663360118866,0,3.1392715754918754e-05,314.0889587402344,0,0.0002616529818624258,2.8350639695418067e-05,0,0,23.700000762939453,0,0,1600,0,50,0,0,0,50,50,200,0.0,0.0,0.0,0.0
173,156.71449279785156,308.7635498046875,323.70196533203125,323.6492614746094,293.8720703125,293.9247741699219,16515.818359375,33031.63671875,71.19442749023438,71.194580078125,1545.509521484375,3078.749267578125,1579.05224609375,3147.277099609375,283.35382080078125,58.97428894042969,-1.496794197919371e-06,0,0,2579.08349609375,1302.2987060546875,0,20.817184448242188,2365.399658203125,11.99222469329834,12.000739097595215,794.2337036132812,1582.8525390625,52.21949005126953,52.267555236816406,88.0,0,0,345.6153259277344,0,7.924896240234375,21.91335105895996,21.966045379638672,0,1.034000039100647,0.9067617654800415,50,2.799999952316284,2.630211114883423,0,0,0,0,314.99998519276,0,0,0,0.029525144025683403,0.09545436501502991,-0.1247982531785965,0.0001812530681490898,87.46038055419922,87.4454574584961,728.3058471679688,728.2940673828125,728.2940673828125,518.5299072265625,0,0,20.817184448242188,0.0010999999940395355,0.02200000174343586,0.03299999609589577,0.04399999603629112,5655.8173828125,114276.53125,0.0429663360118866,0,3.1392715754918754e-05,315.9097595214844,0,0.0002616529818624258,2.8350639695418067e-05,0,0,23.700000762939453,0,0,1600,0,50,0,0,0,50,50,200,0.0,0.0,0.0,0.0
174,156.71116638183594,308.75927734375,323.6973876953125,323.6446838378906,293.8673400878906,293.9200439453125,16515.818359375,33031.63671875,71.18930053710938,71.18944549560547,1545.45263671875,3078.63037109375,1579.0526123046875,3147.27685546875,283.3484802246094,58.96078872680664,-4.986429757991573e-06,0,0,2579.09326171875,1302.271728515625,0,20.84539222717285,2365.55615234375,11.990419387817383,11.998895645141602,794.257568359375,1582.8995361328125,52.19524002075195,52.242820739746094,88.0,0,0,345.61358642578125,0,7.924896240234375,21.91619873046875,21.96889305114746,0,1.034000039100647,0.9067617654800415,50,2.799999952316284,2.6300370693206787,0,0,0,0,314.99998519276,0,0,0,0.02985885553061962,0.09541740268468857,-0.12509556114673615,0.00018069427460432053,87.46615600585938,87.45124816894531,728.3292846679688,728.3175659179688,728.3175659179688,518.5394897460938,0,0,20.84539222717285,0.0010999999940395355,0.02200000174343586,0.03299999609589577,0.04399999603629112,5655.8173828125,114276.53125,0.0429663360118866,0,3.1392715754918754e-05,317.7305603027344,0,0.0002616529818624258,2.8350639695418067e-05,0,0,23.700000762939453,0,0,1600,0,50,0,0,0,50,50,200,0.0,0.0,0.0,0.0
175,156.7079315185547,308.75506591796875,323.6929016113281,323.6402282714844,293.8626708984375,293.9153747558594,16515.818359375,33031.63671875,71.18424224853516,71.18438720703125,1545.40380859375,3078.530029296875,1579.0511474609375,3147.2783203125,283.34320068359375,58.94746780395508,-2.4401701921306085e-06,0,0,2579.103271484375,1302.2449951171875,0,20.875568389892578,2365.71240234375,11.988612174987793,11.997051239013672,794.2806396484375,1582.9478759765625,52.17095947265625,52.21808624267578,88.0,0,0,345.61187744140625,0,7.924896240234375,21.91897964477539,21.9716739654541,0,1.034000039100647,0.9067617654800415,50,2.799999952316284,2.6298632621765137,0,0,0,0,314.99998519276,0,0,0,0.03018723614513874,0.09538045525550842,-0.1253877878189087,0.00017991196364164352,87.47191619873047,87.45702362060547,728.3527221679688,728.3410034179688,728.3410034179688,518.549072265625,0,0,20.875568389892578,0.0010999999940395355,0.02200000174343586,0.03299999609589577,0.04399999603629112,5655.8173828125,114276.53125,0.0429663360118866,0,3.1392715754918754e-05,319.5513610839844,0,0.0002616529818624258,2.8350639695418067e-05,0,0,23.700000762939453,0,0,1600,0,50,0,0,0,50,50,200,0.0,0.0,0.0,0.0
176,156.70481872558594,308.75091552734375,323.6885070800781,323.6357727050781,293.85809326171875,293.91082763671875,16515.818359375,33031.63671875,71.17925262451172,71.17940521240234,1545.364013671875,3078.4443359375,1579.0531005859375,3147.2763671875,283.3380126953125,58.934326171875,-4.493750566325616e-06,0,0,2579.112548828125,1302.2183837890625,0,20.905071258544922,2365.868408203125,11.986804008483887,11.995207786560059,794.305419921875,1582.9942626953125,52.146705627441406,52.19334411621094,88.0,0,0,345.61029052734375,0,7.924896240234375,21.921794891357422,21.97452163696289,0,1.034000039100647,0.9067617654800415,50,2.799999952316284,2.629690170288086,0,0,0,0,314.99998519276,0,0,0,0.030510295182466507,0.09534350037574768,-0.12567497789859772,0.00017881393432617188,87.4776382446289,87.46278381347656,728.3761596679688,728.364501953125,728.364501953125,518.5587158203125,0,0,20.905071258544922,0.0010999999940395355,0.02200000174343586,0.03299999609589577,0.04399999603629112,5655.8173828125,114276.53125,0.0429663360118866,0,3.1392715754918754e-05,321.3721618652344,0,0.0002616529818624258,2.8350639695418067e-05,0,0,23.700000762939453,0,0,1600,0,50,0,0,0,50,50,200,0.0,0.0,0.0,0.0
177,156.7018280029297,308.7468566894531,323.6841125488281,323.63140869140625,293.8536376953125,293.9063720703125,16515.818359375,33031.63671875,71.17434692382812,71.17449951171875,1545.331298828125,3078.377685546875,1579.0594482421875,3147.27001953125,283.3328552246094,58.92136764526367,6.95718895826758e-08,0,0,2579.121826171875,1302.1923828125,0,20.93390655517578,2366.023193359375,11.984996795654297,11.993361473083496,794.329345703125,1583.041748046875,52.12242889404297,52.1685905456543,88.0,0,0,345.60870361328125,0,7.924896240234375,21.92457389831543,21.97730255126953,0,1.034000039100647,0.9067617654800415,50,2.799999952316284,2.6295177936553955,0,0,0,0,314.99998519276,0,0,0,0.030828027054667473,0.0953066423535347,-0.12595726549625397,0.00017740856856107712,87.4832992553711,87.46851348876953,728.3995361328125,728.3878784179688,728.3878784179688,518.5684204101562,0,0,20.93390655517578,0.0010999999940395355,0.02200000174343586,0.03299999609589577,0.04399999603629112,5655.8173828125,114276.53125,0.0429663360118866,0,3.1392715754918754e-05,323.1929626464844,0,0.0002616529818624258,2.8350639695418067e-05,0,0,23.700000762939453,0,0,1600,0,50,0,0,0,50,50,200,0.0,0.0,0.0,0.0
178,156.6989288330078,308.74285888671875,323.6798400878906,323.62713623046875,293.84918212890625,293.90191650390625,16515.818359375,33031.63671875,71.16951751708984,71.16967010498047,1545.306884765625,3078.3271484375,1579.0535888671875,3147.27587890625,283.3277893066406,58.9085807800293,-1.1289611165921087e-06,0,0,2579.13037109375,1302.1666259765625,0,20.963409423828125,2366.17724609375,11.983186721801758,11.991514205932617,794.3538818359375,1583.090087890625,52.09817123413086,52.143836975097656,88.0,0,0,345.6072082519531,0,7.924896240234375,21.92735481262207,21.980083465576172,0,1.034000039100647,0.9067617654800415,50,2.799999952316284,2.6293466091156006,0,0,0,0,314.99998519276,0,0,0,0.031140435487031937,0.09527000784873962,-0.12623469531536102,0.0001757405698299408,87.48890686035156,87.47420501708984,728.4227294921875,728.4111328125,728.4111328125,518.5780029296875,0,0,20.963409423828125,0.0010999999940395355,0.02200000174343586,0.03299999609589577,0.04399999603629112,5655.8173828125,114276.53125,0.0429663360118866,0,3.1392715754918754e-05,325.0137634277344,0,0.0002616529818624258,2.8350639695418067e-05,0,0,23.700000762939453,0,0,1600,0,50,0,0,0,50,50,200,0.0,0.0,0.0,0.0
179,156.70480346679688,308.7391357421875,323.67572021484375,323.62298583984375,293.8448181152344,293.8975524902344,16515.818359375,33031.63671875,71.16476440429688,71.16490936279297,1545.2911376953125,3078.2919921875,1579.0535888671875,3147.27587890625,283.3232116699219,58.89700698852539,1.6254811043836526e-06,0,0,2579.1162109375,1302.1422119140625,0,20.992265701293945,2366.330078125,11.981377601623535,11.989667892456055,794.378662109375,1583.139404296875,52.07390213012695,52.11910629272461,88.0,0,0,345.6096496582031,0,7.924896240234375,21.93393325805664,21.986661911010742,0,1.034000039100647,0.9067617654800415,50,2.799999952316284,2.6291770935058594,0,0,0,0,314.99998519276,0,0,0,0.031431637704372406,0.09523358196020126,-0.12650753557682037,0.00015768595039844513,87.49444580078125,87.47985076904297,728.4457397460938,728.4342651367188,728.4342651367188,518.5875854492188,0,0,20.992265701293945,0.0010999999940395355,0.02200000174343586,0.03299999609589577,0.04399999603629112,5655.8173828125,114276.53125,0.0429663360118866,0,3.1392715754918754e-05,326.8345642089844,0,0.0002616529818624258,2.8350639695418067e-05,0,0,23.700000762939453,0,0,1600,0,50,0,0,0,50,50,200,0.0,0.0,0.0,0.0
180,156.70167541503906,308.73529052734375,323.67169189453125,323.61895751953125,293.8404846191406,293.8931884765625,16515.818359375,33031.63671875,71.16010284423828,71.1602554321289,1545.282958984375,3078.2685546875,1579.0589599609375,3147.2705078125,283.318115234375,58.88413619995117,-1.7194876136272796e-06,0,0,2579.1220703125,1302.11669921875,0,21.016584396362305,2366.477294921875,11.979569435119629,11.987824440002441,794.410400390625,1583.203857421875,52.049774169921875,52.09440612792969,88.0,0,0,345.6086730957031,0,7.924896240234375,21.93698501586914,21.989713668823242,0,1.034000039100647,0.9067617654800415,50,2.799999952316284,2.6290132999420166,0,0,0,0,314.99998519276,0,0,0,0.031730759888887405,0.09519823640584946,-0.12677569687366486,0.00015330500900745392,87.49876403808594,87.48529815673828,728.46728515625,728.4567260742188,728.4567260742188,518.596923828125,0,0,21.016584396362305,0.0010999999940395355,0.02200000174343586,0.03299999609589577,0.04399999603629112,5655.8173828125,114276.53125,0.0429663360118866,0,3.1392715754918754e-05,328.6553649902344,0,0.0002616529818624258,2.8350639695418067e-05,0,0,23.700000762939453,0,0,1600,0,50,0,0,0,50,50,200,0.0,0.0,0.0,0.0
181,156.69891357421875,308.7314147949219,323.667724609375,323.6149597167969,293.83624267578125,293.88897705078125,16515.818359375,33031.63671875,71.15550231933594,71.15565490722656,1545.279052734375,3078.261962890625,1579.052490234375,3147.27685546875,283.31304931640625,58.87138748168945,2.8920571821799967e-06,0,0,2579.130859375,1302.091796875,0,21.10983657836914,2366.61669921875,11.977763175964355,11.985979080200195,794.4344482421875,1583.2523193359375,52.02561569213867,52.0698127746582,88.0,0,0,345.6071472167969,0,7.924896240234375,21.93942642211914,21.9921875,0,1.034000039100647,0.9067617654800415,50,2.799999952316284,2.6288585662841797,0,0,0,0,314.99998519276,0,0,0,0.03203250840306282,0.09516533464193344,-0.1270391047000885,0.00015873368829488754,87.5034408569336,87.49044799804688,728.4878540039062,728.4776000976562,728.4776000976562,518.60546875,0,0,21.10983657836914,0.0010999999940395355,0.02200000174343586,0.03299999609589577,0.04399999603629112,5655.8173828125,114276.53125,0.0429663360118866,0,3.1392715754918754e-05,330.4761657714844,0,0.0002616529818624258,2.8350639695418067e-05,0,0,23.700000762939453,0,0,1600,0,50,0,0,0,50,50,200,0.0,0.0,0.0,0.0
182,156.70492553710938,308.72784423828125,323.663818359375,323.6110534667969,293.8320617675781,293.8847961425781,16515.818359375,33031.63671875,71.1509780883789,71.15113067626953,1545.2833251953125,3078.268798828125,1579.05224609375,3147.27734375,283.30859375,58.860130310058594,6.914689265613561e-07,0,0,2579.115966796875,1302.0684814453125,0,21.096290588378906,2366.754150390625,11.975956916809082,11.984135627746582,794.45654296875,1583.2967529296875,52.00149917602539,52.045257568359375,88.0,0,0,345.60968017578125,0,7.924896240234375,21.94586944580078,21.99863052368164,0,1.034000039100647,0.9067617654800415,50,2.799999952316284,2.6287059783935547,0,0,0,0,314.99998519276,0,0,0,0.03231305256485939,0.0951329693198204,-0.12729805707931519,0.00014795735478401184,87.50872802734375,87.49552917480469,728.508544921875,728.4981689453125,728.4981689453125,518.6138305664062,0,0,21.096290588378906,0.0010999999940395355,0.02200000174343586,0.03299999609589577,0.04399999603629112,5655.8173828125,114276.53125,0.0429663360118866,0,3.1392715754918754e-05,332.2969665527344,0,0.0002616529818624258,2.8350639695418067e-05,0,0,23.700000762939453,0,0,1600,0,50,0,0,0,50,50,200,0.0,0.0,0.0,0.0
183,156.70205688476562,308.72412109375,323.65997314453125,323.6072082519531,293.8279724121094,293.88067626953125,16515.818359375,33031.63671875,71.14653015136719,71.14668273925781,1545.294677734375,3078.28955078125,1579.05224609375,3147.277099609375,283.30364990234375,58.84763717651367,1.6875940218596952e-06,0,0,2579.12109375,1302.043701171875,0,21.11669921875,2366.88916015625,11.974152565002441,11.982294082641602,794.486572265625,1583.3564453125,51.97744369506836,52.02072525024414,88.0,0,0,345.6087646484375,0,7.924896240234375,21.94878578186035,22.00154685974121,0,1.034000039100647,0.9067617654800415,50,2.799999952316284,2.6285557746887207,0,0,0,0,314.99998519276,0,0,0,0.03260151669383049,0.09510081261396408,-0.12755253911018372,0.00014979299157857895,87.51311492919922,87.50052642822266,728.5284423828125,728.5185546875,728.5185546875,518.6222534179688,0,0,21.11669921875,0.0010999999940395355,0.02200000174343586,0.03299999609589577,0.04399999603629112,5655.8173828125,114276.53125,0.0429663360118866,0,3.1392715754918754e-05,334.1177673339844,0,0.0002616529818624258,2.8350639695418067e-05,0,0,23.700000762939453,0,0,1600,0,50,0,0,0,50,50,200,0.0,0.0,0.0,0.0
184,156.69956970214844,308.72039794921875,323.65618896484375,323.60345458984375,293.8238830566406,293.8766174316406,16515.818359375,33031.63671875,71.14215850830078,71.1423110961914,1545.31298828125,3078.32568359375,1579.05224609375,3147.277099609375,283.2987976074219,58.835304260253906,-4.8211595640168525e-06,0,0,2579.129150390625,1302.0198974609375,0,21.19899559020996,2367.021484375,11.972350120544434,11.980453491210938,794.509521484375,1583.4022216796875,51.95344161987305,51.99623107910156,88.0,0,0,345.607421875,0,7.924896240234375,21.95122718811035,22.00395393371582,0,1.034000039100647,0.9067617654800415,50,2.799999952316284,2.628408908843994,0,0,0,0,314.99998519276,0,0,0,0.03289260342717171,0.09506973624229431,-0.12780249118804932,0.00015984009951353073,87.5180435180664,87.50541687011719,728.5482788085938,728.5382690429688,728.5382690429688,518.6303100585938,0,0,21.19899559020996,0.0010999999940395355,0.02200000174343586,0.03299999609589577,0.04399999603629112,5655.8173828125,114276.53125,0.0429663360118866,0,3.1392715754918754e-05,335.9385681152344,0,0.0002616529818624258,2.8350639695418067e-05,0,0,23.700000762939453,0,0,1600,0,50,0,0,0,50,50,200,0.0,0.0,0.0,0.0
185,156.7057647705078,308.7168884277344,323.6524658203125,323.5997314453125,293.81988525390625,293.87261962890625,16515.818359375,33031.63671875,71.13783264160156,71.13798522949219,1545.339111328125,3078.37646484375,1579.052490234375,3147.27685546875,283.2944641113281,58.8244514465332,1.3864008678865503e-06,0,0,2579.113525390625,1301.9970703125,0,21.186614990234375,2367.156005859375,11.970550537109375,11.978616714477539,794.5292358398438,1583.4412841796875,51.92947006225586,51.97175598144531,88.0,0,0,345.6100769042969,0,7.924896240234375,21.9576358795166,22.01036262512207,0,1.034000039100647,0.9067617654800415,50,2.799999952316284,2.6282594203948975,0,0,0,0,314.99998519276,0,0,0,0.03316779062151909,0.0950380191206932,-0.12804819643497467,0.00015761051326990128,87.52375030517578,87.51039123535156,728.5689697265625,728.5584106445312,728.5584106445312,518.6384887695312,0,0,21.186614990234375,0.0010999999940395355,0.02200000174343586,0.03299999609589577,0.04399999603629112,5655.8173828125,114276.53125,0.0429663360118866,0,3.1392715754918754e-05,337.7593688964844,0,0.0002616529818624258,2.8350639695418067e-05,0,0,23.700000762939453,0,0,1600,0,50,0,0,0,50,50,200,0.0,0.0,0.0,0.0
186,156.70315551757812,308.71331787109375,323.6488037109375,323.5960693359375,293.81591796875,293.86865234375,16515.818359375,33031.63671875,71.13358306884766,71.13373565673828,1545.372314453125,3078.44384765625,1579.05224609375,3147.277099609375,283.2896728515625,58.81232452392578,4.980596713721752e-06,0,0,2579.11865234375,1301.9735107421875,0,21.209590911865234,2367.293701171875,11.96875286102295,11.976780891418457,794.5567016601562,1583.4962158203125,51.90546798706055,51.94729232788086,88.0,0,0,345.6092834472656,0,7.924896240234375,21.96048355102539,22.013212203979492,0,1.034000039100647,0.9067617654800415,50,2.799999952316284,2.6281065940856934,0,0,0,0,314.99998519276,0,0,0,0.03344560042023659,0.09500500559806824,-0.12828971445560455,0.00016089621931314468,87.52880096435547,87.5154800415039,728.5899047851562,728.5794067382812,728.5794067382812,518.647216796875,0,0,21.209590911865234,0.0010999999940395355,0.02200000174343586,0.03299999609589577,0.04399999603629112,5655.8173828125,114276.53125,0.0429663360118866,0,3.1392715754918754e-05,339.5801696777344,0,0.0002616529818624258,2.8350639695418067e-05,0,0,23.700000762939453,0,0,1600,0,50,0,0,0,50,50,200,0.0,0.0,0.0,0.0
187,156.70091247558594,308.709716796875,323.6451416015625,323.5924072265625,293.81201171875,293.86474609375,16515.818359375,33031.63671875,71.12938690185547,71.12953186035156,1545.4127197265625,3078.52392578125,1579.0538330078125,3147.275634765625,283.28497314453125,58.8004035949707,-2.593727913335897e-06,0,0,2579.125732421875,1301.9503173828125,0,21.283687591552734,2367.4326171875,11.966958045959473,11.97494888305664,794.5795288085938,1583.5394287109375,51.881507873535156,51.92286682128906,88.0,0,0,345.6080627441406,0,7.924896240234375,21.96292495727539,22.015653610229492,0,1.034000039100647,0.9067617654800415,50,2.799999952316284,2.6279525756835938,0,0,0,0,314.99998519276,0,0,0,0.0337260365486145,0.09497179090976715,-0.1285269856452942,0.000170842744410038,87.53421020507812,87.52061462402344,728.6112060546875,728.6004638671875,728.6004638671875,518.656005859375,0,0,21.283687591552734,0.0010999999940395355,0.02200000174343586,0.03299999609589577,0.04399999603629112,5655.8173828125,114276.53125,0.0429663360118866,0,3.1392715754918754e-05,341.4009704589844,0,0.0002616529818624258,2.8350639695418067e-05,0,0,23.700000762939453,0,0,1600,0,50,0,0,0,50,50,200,0.0,0.0,0.0,0.0
188,156.7064971923828,308.7062072753906,323.64154052734375,323.58880615234375,293.80816650390625,293.86090087890625,16515.818359375,33031.63671875,71.12523651123047,71.12538146972656,1545.4617919921875,3078.619873046875,1579.0528564453125,3147.276611328125,283.2804260253906,58.78894805908203,-3.0995149700174807e-06,0,0,2579.1318359375,1301.9276123046875,0,21.26839828491211,2367.574951171875,11.965166091918945,11.973118782043457,794.6007080078125,1583.583251953125,51.857635498046875,51.898399353027344,88.0,0,0,345.6069641113281,0,7.924896240234375,21.965435028076172,22.01816177368164,0,1.034000039100647,0.9067617654800415,50,2.799999952316284,2.6277945041656494,0,0,0,0,1176.9999527455907,0,0,0,0.03400116041302681,0.09493761509656906,-0.1287601739168167,0.00017860718071460724,87.5401840209961,87.52587890625,728.6334228515625,728.6221923828125,728.6221923828125,518.6651000976562,0,0,21.26839828491211,0.0010999999940395355,0.02200000174343586,0.03299999609589577,0.04399999603629112,5655.8173828125,114276.53125,0.0429663360118866,0,3.1392715754918754e-05,343.2217712402344,0,0.0002616529818624258,2.8350639695418067e-05,0,0,23.700000762939453,0,0,1600,0,50,0,0,0,50,50,200,0.0,0.0,0.0,0.0
189,156.7051239013672,308.70294189453125,323.6380310058594,323.5853271484375,293.8043518066406,293.8570861816406,16515.818359375,33031.63671875,71.12114715576172,71.12129211425781,1545.5172119140625,3078.72998046875,1579.0526123046875,3147.27685546875,283.2763366699219,58.77866744995117,5.173330464458559e-06,0,0,2579.112548828125,1301.905517578125,0,21.04412269592285,2367.722412109375,11.963377952575684,11.971293449401855,794.6280517578125,1583.6380615234375,51.83369827270508,51.87398910522461,88.0,0,0,345.6102600097656,0,7.924896240234375,21.97221565246582,22.024944305419922,0,1.034000039100647,0.9067617654800415,50,2.799999952316284,2.6276309490203857,0,0,0,0,314.99998519276,0,0,0,0.03425510227680206,0.09490172564983368,-0.1289895623922348,0.00016726646572351456,87.54579162597656,87.53132629394531,728.6563720703125,728.6449584960938,728.6449584960938,518.6748046875,0,0,21.04412269592285,0.0010999999940395355,0.02200000174343586,0.03299999609589577,0.04399999603629112,5655.8173828125,114276.53125,0.0429663360118866,0,3.1392715754918754e-05,345.0425720214844,0,0.0002616529818624258,2.8350639695418067e-05,0,0,23.700000762939453,0,0,1600,0,50,0,0,0,50,50,200,0.0,0.0,0.0,0.0
190,156.7030487060547,308.6995849609375,323.63458251953125,323.58184814453125,293.8005676269531,293.8533020019531,16515.818359375,33031.63671875,71.11712646484375,71.11727905273438,1545.5791015625,3078.8544921875,1579.0523681640625,3147.277099609375,283.271728515625,58.76694869995117,-3.514787294989219e-06,0,0,2579.119384765625,1301.8834228515625,0,21.38945770263672,2367.869384765625,11.961592674255371,11.96947193145752,794.6533203125,1583.6885986328125,51.809814453125,51.84962463378906,88.0,0,0,345.6091003417969,0,7.924896240234375,21.97452163696289,22.027250289916992,0,1.034000039100647,0.9067617654800415,50,2.799999952316284,2.6274678707122803,0,0,0,0,314.99998519276,0,0,0,0.03451696038246155,0.09486594051122665,-0.12921501696109772,0.0001678895205259323,87.55097961425781,87.53675842285156,728.6788940429688,728.6676635742188,728.6676635742188,518.6845092773438,0,0,21.38945770263672,0.0010999999940395355,0.02200000174343586,0.03299999609589577,0.04399999603629112,5655.8173828125,114276.53125,0.0429663360118866,0,3.1392715754918754e-05,346.8633728027344,0,0.0002616529818624258,2.8350639695418067e-05,0,0,23.700000762939453,0,0,1600,0,50,0,0,0,50,50,200,0.0,0.0,0.0,0.0
191,156.70127868652344,308.69622802734375,323.6311950683594,323.5784606933594,293.79681396484375,293.8495178222656,16515.818359375,33031.63671875,71.11315155029297,71.1133041381836,1545.6453857421875,3078.991943359375,1579.059326171875,3147.270263671875,283.2673034667969,58.755828857421875,4.565169092529686e-06,0,0,2579.125,1301.8619384765625,0,21.359771728515625,2368.0146484375,11.959814071655273,11.96765422821045,794.6749267578125,1583.73046875,51.785945892333984,51.82537078857422,88.0,0,0,345.6081237792969,0,7.924896240234375,21.9769287109375,22.0296573638916,0,1.034000039100647,0.9067617654800415,50,2.799999952316284,2.6273066997528076,0,0,0,0,314.99998519276,0,0,0,0.03477879986166954,0.09483069181442261,-0.12943655252456665,0.00017294101417064667,87.55653381347656,87.54212951660156,728.701416015625,728.6900634765625,728.6900634765625,518.6939697265625,0,0,21.359771728515625,0.0010999999940395355,0.02200000174343586,0.03299999609589577,0.04399999603629112,5655.8173828125,114276.53125,0.0429663360118866,0,3.1392715754918754e-05,348.6841735839844,0,0.0002616529818624258,2.8350639695418067e-05,0,0,23.700000762939453,0,0,1600,0,50,0,0,0,50,50,200,0.0,0.0,0.0,0.0
192,156.69967651367188,308.69293212890625,323.6278381347656,323.5751037597656,293.7930603027344,293.8457946777344,16515.818359375,33031.63671875,71.10923767089844,71.10938262939453,1545.7191162109375,3079.142333984375,1579.0579833984375,3147.271484375,283.2630310058594,58.74504852294922,5.404072567216645e-07,0,0,2579.1298828125,1301.84033203125,0,21.355125427246094,2368.161865234375,11.958038330078125,11.965841293334961,794.6973876953125,1583.77734375,51.762203216552734,51.801116943359375,88.0,0,0,345.60723876953125,0,7.924896240234375,21.97940444946289,22.032133102416992,0,1.034000039100647,0.9067617654800415,50,2.799999952316284,2.627143383026123,0,0,0,0,314.99998519276,0,0,0,0.035035330802202225,0.09479480981826782,-0.12965431809425354,0.0001758243888616562,87.56233215332031,87.54756927490234,728.7244262695312,728.7128295898438,728.7128295898438,518.7036743164062,0,0,21.355125427246094,0.0010999999940395355,0.02200000174343586,0.03299999609589577,0.04399999603629112,5655.8173828125,114276.53125,0.0429663360118866,0,3.1392715754918754e-05,350.5049743652344,0,0.0002616529818624258,2.8350639695418067e-05,0,0,23.700000762939453,0,0,1600,0,50,0,0,0,50,50,200,0.0,0.0,0.0,0.0
193,156.70639038085938,308.68988037109375,323.6245422363281,323.5718078613281,293.7894287109375,293.8421630859375,16515.818359375,33031.63671875,71.1053695678711,71.10552215576172,1545.80078125,3079.30517578125,1579.052001953125,3147.277587890625,283.2592468261719,58.73550033569336,3.3736589557520347e-06,0,0,2579.112060546875,1301.8197021484375,0,21.370994567871094,2368.311767578125,11.956267356872559,11.964033126831055,794.721435546875,1583.824951171875,51.738521575927734,51.77688980102539,88.0,0,0,345.6103515625,0,7.924896240234375,21.98581314086914,22.038541793823242,0,1.034000039100647,0.9067617654800415,50,2.799999952316284,2.62697696685791,0,0,0,0,314.99998519276,0,0,0,0.03527333214879036,0.0947580635547638,-0.1298685073852539,0.0001628827303647995,87.56815338134766,87.55311584472656,728.748046875,728.7362060546875,728.7362060546875,518.7137451171875,0,0,21.370994567871094,0.0010999999940395355,0.02200000174343586,0.03299999609589577,0.04399999603629112,5655.8173828125,114276.53125,0.0429663360118866,0,3.1392715754918754e-05,352.3257751464844,0,0.0002616529818624258,2.8350639695418067e-05,0,0,23.700000762939453,0,0,1600,0,50,0,0,0,50,50,200,0.0,0.0,0.0,0.0
194,156.70452880859375,308.6867980957031,323.6213684082031,323.5686340332031,293.785888671875,293.838623046875,16515.818359375,33031.63671875,71.1015853881836,71.10172271728516,1545.886962890625,3079.48046875,1579.0511474609375,3147.2783203125,283.2549133300781,58.72452926635742,2.2057138266973197e-06,0,0,2579.115478515625,1301.7984619140625,0,21.421798706054688,2368.460205078125,11.95450210571289,11.96222972869873,794.7526245117188,1583.888427734375,51.714820861816406,51.75278854370117,88.0,0,0,345.6097717285156,0,7.924896240234375,21.98842430114746,22.04115104675293,0,1.034000039100647,0.9067617654800415,50,2.799999952316284,2.626812219619751,0,0,0,0,314.99998519276,0,0,0,0.03551396355032921,0.09472131729125977,-0.13007912039756775,0.00015615765005350113,87.57279205322266,87.55860137939453,728.7706909179688,728.759521484375,728.759521484375,518.723876953125,0,0,21.421798706054688,0.0010999999940395355,0.02200000174343586,0.03299999609589577,0.04399999603629112,5655.8173828125,114276.53125,0.0429663360118866,0,3.1392715754918754e-05,354.1465759277344,0,0.0002616529818624258,2.8350639695418067e-05,0,0,23.700000762939453,0,0,1600,0,50,0,0,0,50,50,200,0.0,0.0,0.0,0.0
195,156.7030487060547,308.6836853027344,323.6182556152344,323.5655212402344,293.7823486328125,293.8350830078125,16515.818359375,33031.63671875,71.09783935546875,71.09799194335938,1545.9788818359375,3079.66455078125,1579.057373046875,3147.272216796875,283.25067138671875,58.713829040527344,-2.536202146075084e-07,0,0,2579.120361328125,1301.77783203125,0,21.4752197265625,2368.601806640625,11.952742576599121,11.960432052612305,794.7784423828125,1583.939697265625,51.69134521484375,51.728759765625,88.0,0,0,345.60894775390625,0,7.924896240234375,21.99069595336914,22.043424606323242,0,1.034000039100647,0.9067617654800415,50,2.799999952316284,2.626655340194702,0,0,0,0,314.99998519276,0,0,0,0.03575722128152847,0.0946866050362587,-0.1302860677242279,0.00015775859355926514,87.57747650146484,87.56383514404297,728.7922973632812,728.7815551757812,728.7815551757812,518.7333984375,0,0,21.4752197265625,0.0010999999940395355,0.02200000174343586,0.03299999609589577,0.04399999603629112,5655.8173828125,114276.53125,0.0429663360118866,0,3.1392715754918754e-05,355.9673767089844,0,0.0002616529818624258,2.8350639695418067e-05,0,0,23.700000762939453,0,0,1600,0,50,0,0,0,50,50,200,0.0,0.0,0.0,0.0
196,156.70176696777344,308.68060302734375,323.6151428222656,323.56243896484375,293.7789001464844,293.8316345214844,16515.818359375,33031.63671875,71.09414672851562,71.09429931640625,1546.0736083984375,3079.86083984375,1579.056640625,3147.272705078125,283.2466125488281,58.70357131958008,8.695369615452364e-07,0,0,2579.124267578125,1301.7574462890625,0,21.45671272277832,2368.740234375,11.95098876953125,11.95864200592041,794.8016357421875,1583.987060546875,51.667869567871094,51.70490646362305,88.0,0,0,345.6082458496094,0,7.924896240234375,21.99310302734375,22.04583168029785,0,1.034000039100647,0.9067617654800415,50,2.799999952316284,2.6265017986297607,0,0,0,0,314.99998519276,0,0,0,0.035997819155454636,0.09465285390615463,-0.13048940896987915,0.00016126222908496857,87.5826416015625,87.56895446777344,728.8137817382812,728.802978515625,728.802978515625,518.7425537109375,0,0,21.45671272277832,0.0010999999940395355,0.02200000174343586,0.03299999609589577,0.04399999603629112,5655.8173828125,114276.53125,0.0429663360118866,0,3.1392715754918754e-05,357.7881774902344,0,0.0002616529818624258,2.8350639695418067e-05,0,0,23.700000762939453,0,0,1600,0,50,0,0,0,50,50,200,0.0,0.0,0.0,0.0
197,156.7006072998047,308.6775817871094,323.6120910644531,323.55938720703125,293.77545166015625,293.8281555175781,16515.818359375,33031.63671875,71.09051513671875,71.09066009521484,1546.1756591796875,3080.067626953125,1579.052001953125,3147.277587890625,283.2426452636719,58.69355010986328,-4.527764303929871e-06,0,0,2579.1279296875,1301.7374267578125,0,21.46381950378418,2368.87939453125,11.949238777160645,11.956856727600098,794.8267211914062,1584.0347900390625,51.64449691772461,51.68109130859375,88.0,0,0,345.60760498046875,0,7.924896240234375,21.995512008666992,22.04823875427246,0,1.034000039100647,0.9067617654800415,50,2.799999952316284,2.626347541809082,0,0,0,0,314.99998519276,0,0,0,0.03623311594128609,0.0946187749505043,-0.13069002330303192,0.00016187410801649094,87.58797454833984,87.5740966796875,728.8355102539062,728.8246459960938,728.8246459960938,518.7518310546875,0,0,21.46381950378418,0.0010999999940395355,0.02200000174343586,0.03299999609589577,0.04399999603629112,5655.8173828125,114276.53125,0.0429663360118866,0,3.1392715754918754e-05,359.6089782714844,0,0.0002616529818624258,2.8350639695418067e-05,0,0,23.700000762939453,0,0,1600,0,50,0,0,0,50,50,200,0.0,0.0,0.0,0.0
198,156.69955444335938,308.6745910644531,323.6091003417969,323.5563659667969,293.77203369140625,293.82476806640625,16515.818359375,33031.63671875,71.08692169189453,71.08707427978516,1546.2847900390625,3080.284912109375,1579.058349609375,3147.271240234375,283.2387390136719,58.6837043762207,-4.470178282645065e-06,0,0,2579.13134765625,1301.7171630859375,0,21.479578018188477,2369.019287109375,11.947497367858887,11.955078125,794.8522338867188,1584.0853271484375,51.62128448486328,51.657310485839844,88.0,0,0,345.6070861816406,0,7.924896240234375,21.99798583984375,22.05071449279785,0,1.034000039100647,0.9067617654800415,50,2.799999952316284,2.626192331314087,0,0,0,0,314.99998519276,0,0,0,0.03646575286984444,0.0945843905210495,-0.13089002668857574,0.00016011949628591537,87.59317779541016,87.57926940917969,728.8573608398438,728.846435546875,728.846435546875,518.7612915039062,0,0,21.479578018188477,0.0010999999940395355,0.02200000174343586,0.03299999609589577,0.04399999603629112,5655.8173828125,114276.53125,0.0429663360118866,0,3.1392715754918754e-05,361.4297790527344,0,0.0002616529818624258,2.8350639695418067e-05,0,0,23.700000762939453,0,0,1600,0,50,0,0,0,50,50,200,0.0,0.0,0.0,0.0
199,156.70660400390625,308.671875,323.60614013671875,323.55340576171875,293.7687683105469,293.8214416503906,16515.818359375,33031.63671875,71.08338928222656,71.08352661132812,1546.396728515625,3080.51611328125,1579.049560546875,3147.280029296875,283.23529052734375,58.67501449584961,1.4610014886784484e-06,0,0,2579.111572265625,1301.6986083984375,0,21.50150489807129,2369.1591796875,11.945760726928711,11.9533052444458,794.8762817382812,1584.1370849609375,51.598026275634766,51.633670806884766,88.0,0,0,345.6104431152344,0,7.924896240234375,22.00429344177246,22.05702018737793,0,1.034000039100647,0.9067617654800415,50,2.799999952316284,2.626037359237671,0,0,0,0,314.99998519276,0,0,0,0.036677222698926926,0.0945499911904335,-0.13109003007411957,0.00013718940317630768,87.59815216064453,87.58444213867188,728.8790893554688,728.8682861328125,728.8682861328125,518.7706909179688,0,0,21.50150489807129,0.0010999999940395355,0.02200000174343586,0.03299999609589577,0.04399999603629112,5655.8173828125,114276.53125,0.0429663360118866,0,3.1392715754918754e-05,363.2505798339844,0,0.0002616529818624258,2.8350639695418067e-05,0,0,23.700000762939453,0,0,1600,0,50,0,0,0,50,50,200,0.0,0.0,0.0,0.0
200,156.7052764892578,308.6690673828125,323.60333251953125,323.55059814453125,293.76544189453125,293.818115234375,16515.818359375,33031.63671875,71.07991790771484,71.08007049560547,1546.5147705078125,3080.75244140625,1579.05126953125,3147.278076171875,283.23126220703125,58.6648063659668,-4.984754014003556e-07,0,0,2579.114013671875,1301.6788330078125,0,21.56818199157715,2369.291748046875,11.9440336227417,11.951539039611816,794.9097290039062,1584.201171875,51.575042724609375,51.6101188659668,88.0,0,0,345.6100158691406,0,7.924896240234375,22.00670051574707,22.059429168701172,0,1.034000039100647,0.9067617654800415,50,2.799999952316284,2.6258902549743652,0,0,0,0,314.99998519276,0,0,0,0.03689661622047424,0.09451709687709808,-0.1312900334596634,0.00012368615716695786,87.60147094726562,87.58934783935547,728.8987426757812,728.88916015625,728.88916015625,518.7798461914062,0,0,21.56818199157715,0.0010999999940395355,0.02200000174343586,0.03299999609589577,0.04399999603629112,5655.8173828125,114276.53125,0.0429663360118866,0,3.1392715754918754e-05,365.0713806152344,0,0.0002616529818624258,2.8350639695418067e-05,0,0,23.700000762939453,0,0,1600,0,50,0,0,0,50,50,200,0.0,0.0,0.0,0.0
201,156.7042999267578,308.6662292480469,323.6005554199219,323.5478210449219,293.76214599609375,293.81488037109375,16515.818359375,33031.63671875,71.07650756835938,71.07665252685547,1546.6337890625,3080.99755859375,1579.0562744140625,3147.273193359375,283.2273254394531,58.654911041259766,2.6417446861159988e-06,0,0,2579.117431640625,1301.6595458984375,0,21.603742599487305,2369.412109375,11.94231128692627,11.949779510498047,794.935302734375,1584.25390625,51.55210876464844,51.58681106567383,88.0,0,0,345.60943603515625,0,7.924896240234375,22.0089054107666,22.06163215637207,0,1.034000039100647,0.9067617654800415,50,2.799999952316284,2.6257569789886475,0,0,0,0,314.99998519276,0,0,0,0.037118636071681976,0.09448792785406113,-0.13149003684520721,0.00011653359979391098,87.60465240478516,87.59379577636719,728.916259765625,728.90771484375,728.90771484375,518.7876586914062,0,0,21.603742599487305,0.0010999999940395355,0.02200000174343586,0.03299999609589577,0.04399999603629112,5655.8173828125,114276.53125,0.0429663360118866,0,3.1392715754918754e-05,366.8921813964844,0,0.0002616529818624258,2.8350639695418067e-05,0,0,23.700000762939453,0,0,1600,0,50,0,0,0,50,50,200,0.0,0.0,0.0,0.0
202,156.7034912109375,308.6633605957031,323.5977478027344,323.5450439453125,293.7588806152344,293.8116149902344,16515.818359375,33031.63671875,71.07313537597656,71.07328796386719,1546.7574462890625,3081.248046875,1579.05517578125,3147.2744140625,283.22357177734375,58.64542007446289,3.5543780541047454e-06,0,0,2579.1201171875,1301.6407470703125,0,21.587671279907227,2369.522705078125,11.940597534179688,11.948028564453125,794.9581298828125,1584.30126953125,51.52949523925781,51.56361770629883,88.0,0,0,345.6090087890625,0,7.924896240234375,22.01124382019043,22.06397247314453,0,1.034000039100647,0.9067617654800415,50,2.799999952316284,2.6256346702575684,0,0,0,0,314.99998519276,0,0,0,0.037340644747018814,0.09446155279874802,-0.13169004023075104,0.00011216383427381516,87.60791778564453,87.5978775024414,728.932373046875,728.9244384765625,728.9244384765625,518.7946166992188,0,0,21.587671279907227,0.0010999999940395355,0.02200000174343586,0.03299999609589577,0.04399999603629112,5655.8173828125,114276.53125,0.0429663360118866,0,3.1392715754918754e-05,368.7129821777344,0,0.0002616529818624258,2.8350639695418067e-05,0,0,23.700000762939453,0,0,1600,0,50,0,0,0,50,50,200,0.0,0.0,0.0,0.0
203,156.70277404785156,308.66058349609375,323.5950012207031,323.5423278808594,293.7557067871094,293.8084411621094,16515.818359375,33031.63671875,71.06980895996094,71.06995391845703,1546.8837890625,3081.508544921875,1579.0540771484375,3147.275390625,283.2198791503906,58.63612365722656,2.1912028387305327e-06,0,0,2579.122314453125,1301.6221923828125,0,21.59735107421875,2369.626708984375,11.93889045715332,11.946284294128418,794.98046875,1584.3472900390625,51.50688171386719,51.5406379699707,88.0,0,0,345.608642578125,0,7.924896240234375,22.01361846923828,22.066312789916992,0,1.034000039100647,0.9067617654800415,50,2.799999952316284,2.625519275665283,0,0,0,0,314.99998519276,0,0,0,0.03755734860897064,0.09443698823451996,-0.13189004361629486,0.00010430160909891129,87.61113739013672,87.60172271728516,728.9474487304688,728.9400634765625,728.9400634765625,518.801025390625,0,0,21.59735107421875,0.0010999999940395355,0.02200000174343586,0.03299999609589577,0.04399999603629112,5655.8173828125,114276.53125,0.0429663360118866,0,3.1392715754918754e-05,370.5337829589844,0,0.0002616529818624258,2.8350639695418067e-05,0,0,23.700000762939453,0,0,1600,0,50,0,0,0,50,50,200,0.0,0.0,0.0,0.0
204,156.70211791992188,308.6578063964844,323.59234619140625,323.5396423339844,293.7525634765625,293.8052673339844,16515.818359375,33031.63671875,71.06652069091797,71.06666564941406,1547.0159912109375,3081.774169921875,1579.055908203125,3147.2734375,283.2162780761719,58.62693786621094,-3.594217105273856e-06,0,0,2579.124267578125,1301.6031494140625,0,21.61722183227539,2369.72412109375,11.937191009521484,11.944548606872559,795.0048828125,1584.393310546875,51.48453903198242,51.51774215698242,88.0,0,0,345.6082458496094,0,7.924896240234375,22.01592445373535,22.06861686706543,0,1.034000039100647,0.9067617654800415,50,2.799999952316284,2.62541127204895,0,0,0,0,314.99998519276,0,0,0,0.03777404502034187,0.094414122402668,-0.13209004700183868,9.812694042921066e-05,87.61406707763672,87.6053237915039,728.96142578125,728.9545288085938,728.9545288085938,518.806884765625,0,0,21.61722183227539,0.0010999999940395355,0.02200000174343586,0.03299999609589577,0.04399999603629112,5655.8173828125,114276.53125,0.0429663360118866,0,3.1392715754918754e-05,372.3545837402344,0,0.0002616529818624258,2.8350639695418067e-05,0,0,23.700000762939453,0,0,1600,0,50,0,0,0,50,50,200,0.0,0.0,0.0,0.0
205,156.70150756835938,308.655029296875,323.58966064453125,323.5369873046875,293.7494201660156,293.8021240234375,16515.818359375,33031.63671875,71.06326293945312,71.06341552734375,1547.1512451171875,3082.0498046875,1579.053955078125,3147.275634765625,283.212646484375,58.61784362792969,4.564549271890428e-06,0,0,2579.1259765625,1301.5849609375,0,21.640756607055664,2369.81591796875,11.935497283935547,11.942818641662598,795.0267333984375,1584.4398193359375,51.4622688293457,51.4949951171875,88.0,0,0,345.6079406738281,0,7.924896240234375,22.01829719543457,22.07095718383789,0,1.034000039100647,0.9067617654800415,50,2.799999952316284,2.625309705734253,0,0,0,0,314.99998519276,0,0,0,0.03799072653055191,0.09439286589622498,-0.1322900503873825,9.35504212975502e-05,87.61687469482422,87.60871887207031,728.9744873046875,728.9680786132812,728.9680786132812,518.812255859375,0,0,21.640756607055664,0.0010999999940395355,0.02200000174343586,0.03299999609589577,0.04399999603629112,5655.8173828125,114276.53125,0.0429663360118866,0,3.1392715754918754e-05,374.1753845214844,0,0.0002616529818624258,2.8350639695418067e-05,0,0,23.700000762939453,0,0,1600,0,50,0,0,0,50,50,200,0.0,0.0,0.0,0.0
206,156.700927734375,308.6523132324219,323.5870056152344,323.53436279296875,293.746337890625,293.7990417480469,16515.818359375,33031.63671875,71.06005096435547,71.06018829345703,1547.2891845703125,3082.33349609375,1579.05419921875,3147.275390625,283.2090759277344,58.60881042480469,7.4796975013669e-07,0,0,2579.127685546875,1301.56689453125,0,21.668048858642578,2369.90283203125,11.933813095092773,11.941097259521484,795.04833984375,1584.482421875,51.4400634765625,51.47244644165039,88.0,0,0,345.6076354980469,0,7.924896240234375,22.02063751220703,22.07329750061035,0,1.034000039100647,0.9067617654800415,50,2.799999952316284,2.625213384628296,0,0,0,0,314.99998519276,0,0,0,0.038202110677957535,0.09437289834022522,-0.13249005377292633,8.495897054672241e-05,87.61949920654297,87.61193084716797,728.9866943359375,728.980712890625,728.980712890625,518.8171997070312,0,0,21.668048858642578,0.0010999999940395355,0.02200000174343586,0.03299999609589577,0.04399999603629112,5655.8173828125,114276.53125,0.0429663360118866,0,3.1392715754918754e-05,375.9961853027344,0,0.0002616529818624258,2.8350639695418067e-05,0,0,23.700000762939453,0,0,1600,0,50,0,0,0,50,50,200,0.0,0.0,0.0,0.0
207,156.7003936767578,308.64959716796875,323.5843811035156,323.5317077636719,293.7432861328125,293.7959899902344,16515.818359375,33031.63671875,71.05687713623047,71.0570068359375,1547.4322509765625,3082.623291015625,1579.0545654296875,3147.27490234375,283.2055358886719,58.5998420715332,-3.827212822216097e-06,0,0,2579.129638671875,1301.548828125,0,21.695093154907227,2369.98388671875,11.932136535644531,11.939383506774902,795.0709838867188,1584.5269775390625,51.418148040771484,51.4499626159668,88.0,0,0,345.6073303222656,0,7.924896240234375,22.022977828979492,22.07563591003418,0,1.034000039100647,0.9067617654800415,50,2.799999952316284,2.6251235008239746,0,0,0,0,314.99998519276,0,0,0,0.038413483649492264,0.0943545252084732,-0.13269005715847015,7.79544934630394e-05,87.62178039550781,87.61492919921875,728.997802734375,728.9923706054688,728.9923706054688,518.8217163085938,0,0,21.695093154907227,0.0010999999940395355,0.02200000174343586,0.03299999609589577,0.04399999603629112,5655.8173828125,114276.53125,0.0429663360118866,0,3.1392715754918754e-05,377.8169860839844,0,0.0002616529818624258,2.8350639695418067e-05,0,0,23.700000762939453,0,0,1600,0,50,0,0,0,50,50,200,0.0,0.0,0.0,0.0
208,156.69989013671875,308.6468811035156,323.5817565917969,323.529052734375,293.7402648925781,293.79296875,16515.818359375,33031.63671875,71.05371856689453,71.05386352539062,1547.5791015625,3082.919677734375,1579.0545654296875,3147.27490234375,283.2019958496094,58.59092330932617,-8.492938832205255e-07,0,0,2579.131103515625,1301.5308837890625,0,21.72191619873047,2370.058349609375,11.930466651916504,11.937677383422852,795.0924682617188,1584.5697021484375,51.39637756347656,51.42763137817383,88.0,0,0,345.60711669921875,0,7.924896240234375,22.02535057067871,22.078044891357422,0,1.034000039100647,0.9067617654800415,50,2.799999952316284,2.6250410079956055,0,0,0,0,314.99998519276,0,0,0,0.0386248417198658,0.09433797001838684,-0.13289006054401398,7.275771349668503e-05,87.62388610839844,87.61768341064453,729.0078125,729.0029296875,729.0029296875,518.8255615234375,0,0,21.72191619873047,0.0010999999940395355,0.02200000174343586,0.03299999609589577,0.04399999603629112,5655.8173828125,114276.53125,0.0429663360118866,0,3.1392715754918754e-05,379.6377868652344,0,0.0002616529818624258,2.8350639695418067e-05,0,0,23.700000762939453,0,0,1600,0,50,0,0,0,50,50,200,0.0,0.0,0.0,0.0
209,156.70724487304688,308.64434814453125,323.5791320800781,323.5264892578125,293.7373046875,293.7899475097656,16515.818359375,33031.63671875,71.05059814453125,71.05073547363281,1547.728271484375,3083.224853515625,1579.0517578125,3147.27783203125,283.19891357421875,58.58308792114258,-3.036929228983354e-06,0,0,2579.10986328125,1301.513427734375,0,21.748537063598633,2370.127685546875,11.928803443908691,11.935981750488281,795.1122436523438,1584.6134033203125,51.374595642089844,51.40552520751953,88.0,0,0,345.6107482910156,0,7.924896240234375,22.03158950805664,22.08424949645996,0,1.034000039100647,0.9067617654800415,50,2.799999952316284,2.6249642372131348,0,0,0,0,314.99998519276,0,0,0,0.03882297873497009,0.09432290494441986,-0.1330900639295578,5.5829063057899475e-05,87.62593078613281,87.62024688720703,729.0169677734375,729.012451171875,729.012451171875,518.8290405273438,0,0,21.748537063598633,0.0010999999940395355,0.02200000174343586,0.03299999609589577,0.04399999603629112,5655.8173828125,114276.53125,0.0429663360118866,0,3.1392715754918754e-05,381.4585876464844,0,0.0002616529818624258,2.8350639695418067e-05,0,0,23.700000762939453,0,0,1600,0,50,0,0,0,50,50,200,0.0,0.0,0.0,0.0
210,156.70635986328125,308.64166259765625,323.5765686035156,323.5238952636719,293.73431396484375,293.7869567871094,16515.818359375,33031.63671875,71.04752349853516,71.04766845703125,1547.8804931640625,3083.534423828125,1579.0513916015625,3147.278076171875,283.19512939453125,58.57355499267578,2.120353883583448e-06,0,0,2579.111572265625,1301.4951171875,0,21.842012405395508,2370.189453125,11.927151679992676,11.934292793273926,795.1375122070312,1584.6644287109375,51.35308837890625,51.383544921875,88.0,0,0,345.6104736328125,0,7.924896240234375,22.03389549255371,22.08655548095703,0,1.034000039100647,0.9067617654800415,50,2.799999952316284,2.6248958110809326,0,0,0,0,314.99998519276,0,0,0,0.03903167322278023,0.09430966526269913,-0.13329006731510162,5.1274895668029785e-05,87.62699890136719,87.62252807617188,729.0244140625,729.0208740234375,729.0208740234375,518.8319091796875,0,0,21.842012405395508,0.0010999999940395355,0.02200000174343586,0.03299999609589577,0.04399999603629112,5655.8173828125,114276.53125,0.0429663360118866,0,3.1392715754918754e-05,383.2793884277344,0,0.0002616529818624258,2.8350639695418067e-05,0,0,23.700000762939453,0,0,1600,0,50,0,0,0,50,50,200,0.0,0.0,0.0,0.0
211,156.7057647705078,308.6388854980469,323.5739440917969,323.5213317871094,293.73138427734375,293.7840270996094,16515.818359375,33031.63671875,71.04447174072266,71.04460906982422,1548.0352783203125,3083.85107421875,1579.056884765625,3147.2724609375,283.19146728515625,58.56431198120117,-1.7444477862227359e-06,0,0,2579.113525390625,1301.4771728515625,0,21.870935440063477,2370.242431640625,11.925507545471191,11.932612419128418,795.1553955078125,1584.7010498046875,51.33171844482422,51.361751556396484,88.0,0,0,345.6101379394531,0,7.924896240234375,22.03616714477539,22.08879280090332,0,1.034000039100647,0.9067617654800415,50,2.799999952316284,2.6248371601104736,0,0,0,0,314.99998519276,0,0,0,0.039248276501894,0.09429909288883209,-0.13349007070064545,5.730427801609039e-05,87.6284408569336,87.6244888305664,729.0307006835938,729.027587890625,729.027587890625,518.8339233398438,0,0,21.870935440063477,0.0010999999940395355,0.02200000174343586,0.03299999609589577,0.04399999603629112,5655.8173828125,114276.53125,0.0429663360118866,0,3.1392715754918754e-05,385.1001892089844,0,0.0002616529818624258,2.8350639695418067e-05,0,0,23.700000762939453,0,0,1600,0,50,0,0,0,50,50,200,0.0,0.0,0.0,0.0
212,156.7052764892578,308.6361083984375,323.57135009765625,323.5187072753906,293.7284851074219,293.7810974121094,16515.818359375,33031.63671875,71.04141998291016,71.04156494140625,1548.1939697265625,3084.175048828125,1579.052001953125,3147.277587890625,283.18792724609375,58.555389404296875,6.524632567561639e-07,0,0,2579.115234375,1301.4595947265625,0,21.85924530029297,2370.29345703125,11.923870086669922,11.930941581726074,795.171142578125,1584.7305908203125,51.310482025146484,51.34008026123047,88.0,0,0,345.60986328125,0,7.924896240234375,22.03850746154785,22.09113311767578,0,1.034000039100647,0.9067617654800415,50,2.799999952316284,2.6247806549072266,0,0,0,0,314.99998519276,0,0,0,0.03946486860513687,0.09428926557302475,-0.13369007408618927,6.406847387552261e-05,87.63052368164062,87.62637329101562,729.037109375,729.0338134765625,729.0338134765625,518.835693359375,0,0,21.85924530029297,0.0010999999940395355,0.02200000174343586,0.03299999609589577,0.04399999603629112,5655.8173828125,114276.53125,0.0429663360118866,0,3.1392715754918754e-05,386.9209899902344,0,0.0002616529818624258,2.8350639695418067e-05,0,0,23.700000762939453,0,0,1600,0,50,0,0,0,50,50,200,0.0,0.0,0.0,0.0
213,156.704833984375,308.6333312988281,323.5687561035156,323.5161437988281,293.7255554199219,293.7781982421875,16515.818359375,33031.63671875,71.03838348388672,71.03852844238281,1548.3572998046875,3084.5078125,1579.0556640625,3147.273681640625,283.1844482421875,58.546573638916016,-1.953878381755203e-06,0,0,2579.11669921875,1301.4417724609375,0,21.87770652770996,2370.346923828125,11.922242164611816,11.929278373718262,795.1857299804688,1584.7633056640625,51.289329528808594,51.31848907470703,88.0,0,0,345.609619140625,0,7.924896240234375,22.04084587097168,22.093473434448242,0,1.034000039100647,0.9067617654800415,50,2.799999952316284,2.6247215270996094,0,0,0,0,314.99998519276,0,0,0,0.03968144953250885,0.09427869319915771,-0.1338900774717331,7.00727105140686e-05,87.63294982910156,87.62834930419922,729.0441284179688,729.04052734375,729.04052734375,518.837646484375,0,0,21.87770652770996,0.0010999999940395355,0.02200000174343586,0.03299999609589577,0.04399999603629112,5655.8173828125,114276.53125,0.0429663360118866,0,3.1392715754918754e-05,388.7417907714844,0,0.0002616529818624258,2.8350639695418067e-05,0,0,23.700000762939453,0,0,1600,0,50,0,0,0,50,50,200,0.0,0.0,0.0,0.0
214,156.70443725585938,308.63055419921875,323.566162109375,323.5135192871094,293.72265625,293.7752685546875,16515.818359375,33031.63671875,71.03535461425781,71.0354995727539,1548.5250244140625,3084.85009765625,1579.049072265625,3147.2802734375,283.18096923828125,58.537818908691406,4.73590444016736e-06,0,0,2579.117431640625,1301.4239501953125,0,21.903949737548828,2370.404296875,11.920622825622559,11.927623748779297,795.20068359375,1584.793701171875,51.26826095581055,51.29697799682617,88.0,0,0,345.609375,0,7.924896240234375,22.04322052001953,22.09584617614746,0,1.034000039100647,0.9067617654800415,50,2.799999952316284,2.6246581077575684,0,0,0,0,314.99998519276,0,0,0,0.039898015558719635,0.09426704794168472,-0.13409008085727692,7.499009370803833e-05,87.63556671142578,87.6304702758789,729.0519409179688,729.0479125976562,729.0479125976562,518.8399658203125,0,0,21.903949737548828,0.0010999999940395355,0.02200000174343586,0.03299999609589577,0.04399999603629112,5655.8173828125,114276.53125,0.0429663360118866,0,3.1392715754918754e-05,390.5625915527344,0,0.0002616529818624258,2.8350639695418067e-05,0,0,23.700000762939453,0,0,1600,0,50,0,0,0,50,50,200,0.0,0.0,0.0,0.0
215,156.70404052734375,308.6277770996094,323.5635070800781,323.5108947753906,293.7197265625,293.7723388671875,16515.818359375,33031.63671875,71.03233337402344,71.03247833251953,1548.697265625,3085.201171875,1579.054443359375,3147.27490234375,283.177490234375,58.529090881347656,4.857006388192531e-06,0,0,2579.118896484375,1301.4063720703125,0,21.932693481445312,2370.466064453125,11.919012069702148,11.925976753234863,795.2156982421875,1584.824951171875,51.24726486206055,51.275543212890625,88.0,0,0,345.6091613769531,0,7.924896240234375,22.04566192626953,22.09828758239746,0,1.034000039100647,0.9067617654800415,50,2.799999952316284,2.624589443206787,0,0,0,0,314.99998519276,0,0,0,0.040114570409059525,0.09425412118434906,-0.13429008424282074,7.861107587814331e-05,87.6382827758789,87.63275909423828,729.0604858398438,729.05615234375,729.05615234375,518.8426513671875,0,0,21.932693481445312,0.0010999999940395355,0.02200000174343586,0.03299999609589577,0.04399999603629112,5655.8173828125,114276.53125,0.0429663360118866,0,3.1392715754918754e-05,392.3833923339844,0,0.0002616529818624258,2.8350639695418067e-05,0,0,23.700000762939453,0,0,1600,0,50,0,0,0,50,50,200,0.0,0.0,0.0,0.0
216,156.7036895751953,308.625,323.5608825683594,323.50823974609375,293.71685791015625,293.76947021484375,16515.818359375,33031.63671875,71.0293197631836,71.02946472167969,1548.873046875,3085.56103515625,1579.0478515625,3147.28173828125,283.174072265625,58.52041244506836,1.895474497359828e-06,0,0,2579.1201171875,1301.388671875,0,21.959962844848633,2370.531494140625,11.917410850524902,11.924341201782227,795.2311401367188,1584.8563232421875,51.226375579833984,51.25420379638672,88.0,0,0,345.6090087890625,0,7.924896240234375,22.048137664794922,22.10076332092285,0,1.034000039100647,0.9067617654800415,50,2.799999952316284,2.6245169639587402,0,0,0,0,314.99998519276,0,0,0,0.04033110663294792,0.09424024075269699,-0.13449008762836456,8.126534521579742e-05,87.64105224609375,87.63517761230469,729.069580078125,729.06494140625,729.06494140625,518.8456420898438,0,0,21.959962844848633,0.0010999999940395355,0.02200000174343586,0.03299999609589577,0.04399999603629112,5655.8173828125,114276.53125,0.0429663360118866,0,3.1392715754918754e-05,394.2041931152344,0,0.0002616529818624258,2.8350639695418067e-05,0,0,23.700000762939453,0,0,1600,0,50,0,0,0,50,50,200,0.0,0.0,0.0,0.0
217,156.703369140625,308.6221923828125,323.5581970214844,323.50555419921875,293.7139892578125,293.7666015625,16515.818359375,33031.63671875,71.02631378173828,71.02645111083984,1549.0533447265625,3085.9287109375,1579.0469970703125,3147.282470703125,283.1706848144531,58.51177978515625,-4.729699412564514e-06,0,0,2579.120849609375,1301.37060546875,0,21.98705291748047,2370.60009765625,11.91581916809082,11.922713279724121,795.2466430664062,1584.8885498046875,51.20556640625,51.23295974731445,88.0,0,0,345.60882568359375,0,7.924896240234375,22.05064582824707,22.103271484375,0,1.034000039100647,0.9067617654800415,50,2.799999952316284,2.624441146850586,0,0,0,0,314.99998519276,0,0,0,0.04054763540625572,0.09422549605369568,-0.1346900910139084,8.304789662361145e-05,87.64385223388672,87.63771057128906,729.0791625976562,729.0743408203125,729.0743408203125,518.8489379882812,0,0,21.98705291748047,0.0010999999940395355,0.02200000174343586,0.03299999609589577,0.04399999603629112,5655.8173828125,114276.53125,0.0429663360118866,0,3.1392715754918754e-05,396.0249938964844,0,0.0002616529818624258,2.8350639695418067e-05,0,0,23.700000762939453,0,0,1600,0,50,0,0,0,50,50,200,0.0,0.0,0.0,0.0
218,156.70309448242188,308.6194152832031,323.55548095703125,323.5028381347656,293.7111511230469,293.76373291015625,16515.818359375,33031.63671875,71.02330017089844,71.0234375,1549.2384033203125,3086.302978515625,1579.052978515625,3147.276611328125,283.1672668457031,58.503211975097656,-1.4777410797250923e-06,0,0,2579.121826171875,1301.3531494140625,0,22.012601852416992,2370.670654296875,11.914237022399902,11.921095848083496,795.2614135742188,1584.918212890625,51.1849365234375,51.2117919921875,88.0,0,0,345.6086730957031,0,7.924896240234375,22.053190231323242,22.105815887451172,0,1.034000039100647,0.9067617654800415,50,2.799999952316284,2.6243629455566406,0,0,0,0,314.99998519276,0,0,0,0.04076414927840233,0.09421011805534363,-0.1348900943994522,8.41822475194931e-05,87.64663696289062,87.64031982421875,729.0890502929688,729.0841064453125,729.0841064453125,518.8524780273438,0,0,22.012601852416992,0.0010999999940395355,0.02200000174343586,0.03299999609589577,0.04399999603629112,5655.8173828125,114276.53125,0.0429663360118866,0,3.1392715754918754e-05,397.8457946777344,0,0.0002616529818624258,2.8350639695418067e-05,0,0,23.700000762939453,0,0,1600,0,50,0,0,0,50,50,200,0.0,0.0,0.0,0.0
219,156.7028350830078,308.6166687011719,323.5527648925781,323.50018310546875,293.70831298828125,293.7608947753906,16515.818359375,33031.63671875,71.02029418945312,71.02043151855469,1549.4256591796875,3086.68603515625,1579.0462646484375,3147.283203125,283.1639099121094,58.494686126708984,-2.47043226409005e-06,0,0,2579.12255859375,1301.33544921875,0,22.039287567138672,2370.74267578125,11.912662506103516,11.919487953186035,795.27734375,1584.950927734375,51.16432189941406,51.190773010253906,88.0,0,0,345.6085205078125,0,7.924896240234375,22.055767059326172,22.10835838317871,0,1.034000039100647,0.9067617654800415,50,2.799999952316284,2.6242833137512207,0,0,0,0,314.99998519276,0,0,0,0.04097801074385643,0.09419441968202591,-0.13509009778499603,8.233543485403061e-05,87.6494369506836,87.64298248291016,729.09912109375,729.0940551757812,729.0940551757812,518.8560180664062,0,0,22.039287567138672,0.0010999999940395355,0.02200000174343586,0.03299999609589577,0.04399999603629112,5655.8173828125,114276.53125,0.0429663360118866,0,3.1392715754918754e-05,399.6665954589844,0,0.0002616529818624258,2.8350639695418067e-05,0,0,23.700000762939453,0,0,1600,0,50,0,0,0,50,50,200,0.0,0.0,0.0,0.0
220,156.70263671875,308.61395263671875,323.550048828125,323.4974670410156,293.7054748535156,293.758056640625,16515.818359375,33031.63671875,71.01730346679688,71.0174331665039,1549.6170654296875,3087.074951171875,1579.0517578125,3147.27783203125,283.1605529785156,58.486236572265625,-2.478703208907973e-06,0,0,2579.123291015625,1301.3177490234375,0,22.064434051513672,2370.81494140625,11.91109848022461,11.917889595031738,795.2947998046875,1584.986572265625,51.14385986328125,51.16986083984375,88.0,0,0,345.6084289550781,0,7.924896240234375,22.058378219604492,22.11096954345703,0,1.034000039100647,0.9067617654800415,50,2.799999952316284,2.6242034435272217,0,0,0,0,314.99998519276,0,0,0,0.04118921980261803,0.09417850524187088,-0.13529010117053986,7.762759923934937e-05,87.65193176269531,87.6456527709961,729.109130859375,729.1041870117188,729.1041870117188,518.8597412109375,0,0,22.064434051513672,0.0010999999940395355,0.02200000174343586,0.03299999609589577,0.04399999603629112,5655.8173828125,114276.53125,0.0429663360118866,0,3.1392715754918754e-05,401.4873962402344,0,0.0002616529818624258,2.8350639695418067e-05,0,0,23.700000762939453,0,0,1600,0,50,0,0,0,50,50,200,0.0,0.0,0.0,0.0
221,156.7024688720703,308.61126708984375,323.5474548339844,323.4948425292969,293.7026062011719,293.7551574707031,16515.818359375,33031.63671875,71.01431274414062,71.01445770263672,1549.81005859375,3087.470458984375,1579.0450439453125,3147.284423828125,283.1572265625,58.47784423828125,-4.407592314237263e-06,0,0,2579.123779296875,1301.30029296875,0,22.087947845458984,2370.88525390625,11.909544944763184,11.916300773620605,795.3123779296875,1585.0224609375,51.12354278564453,51.14909744262695,88.0,0,0,345.60833740234375,0,7.924896240234375,22.06088638305664,22.11347770690918,0,1.034000039100647,0.9067617654800415,50,2.799999952316284,2.6241254806518555,0,0,0,0,314.99998519276,0,0,0,0.04140041396021843,0.09416312724351883,-0.13549010455608368,7.343944162130356e-05,87.6541976928711,87.64825439453125,729.1185913085938,729.1139526367188,729.1139526367188,518.86328125,0,0,22.087947845458984,0.0010999999940395355,0.02200000174343586,0.03299999609589577,0.04399999603629112,5655.8173828125,114276.53125,0.0429663360118866,0,3.1392715754918754e-05,403.3081970214844,0,0.0002616529818624258,2.8350639695418067e-05,0,0,23.700000762939453,0,0,1600,0,50,0,0,0,50,50,200,0.0,0.0,0.0,0.0
222,156.70233154296875,308.6085510253906,323.5447692871094,323.4922180175781,293.6997985839844,293.7523193359375,16515.818359375,33031.63671875,71.01134490966797,71.011474609375,1550.0048828125,3087.870849609375,1579.04345703125,3147.2861328125,283.1539001464844,58.46949768066406,6.356113999572699e-07,0,0,2579.124267578125,1301.28271484375,0,22.1166934967041,2370.95263671875,11.908002853393555,11.914724349975586,795.32958984375,1585.05908203125,51.10329818725586,51.12854766845703,88.0,0,0,345.6082458496094,0,7.924896240234375,22.06349754333496,22.116056442260742,0,1.034000039100647,0.9067617654800415,50,2.799999952316284,2.624051094055176,0,0,0,0,314.99998519276,0,0,0,0.04161159694194794,0.09414859861135483,-0.1356901079416275,7.009226828813553e-05,87.65634155273438,87.65074157714844,729.1275634765625,729.1231689453125,729.1231689453125,518.8665161132812,0,0,22.1166934967041,0.0010999999940395355,0.02200000174343586,0.03299999609589577,0.04399999603629112,5655.8173828125,114276.53125,0.0429663360118866,0,3.1392715754918754e-05,405.1289978027344,0,0.0002616529818624258,2.8350639695418067e-05,0,0,23.700000762939453,0,0,1600,0,50,0,0,0,50,50,200,0.0,0.0,0.0,0.0
223,156.70220947265625,308.6058349609375,323.5421142578125,323.48956298828125,293.6969299316406,293.74945068359375,16515.818359375,33031.63671875,71.00836944580078,71.00850677490234,1550.2041015625,3088.27490234375,1579.049560546875,3147.280029296875,283.150634765625,58.46119689941406,2.015173549807514e-06,0,0,2579.124755859375,1301.2650146484375,0,22.13980484008789,2371.016845703125,11.906468391418457,11.913156509399414,795.346435546875,1585.0928955078125,51.08333969116211,51.10807418823242,88.0,0,0,345.6081848144531,0,7.924896240234375,22.06607437133789,22.118633270263672,0,1.034000039100647,0.9067617654800415,50,2.799999952316284,2.6239800453186035,0,0,0,0,314.99998519276,0,0,0,0.04182276502251625,0.09413491934537888,-0.13589011132717133,6.757769733667374e-05,87.65841674804688,87.65311431884766,729.1360473632812,729.1318359375,729.1318359375,518.8695068359375,0,0,22.13980484008789,0.0010999999940395355,0.02200000174343586,0.03299999609589577,0.04399999603629112,5655.8173828125,114276.53125,0.0429663360118866,0,3.1392715754918754e-05,406.9497985839844,0,0.0002616529818624258,2.8350639695418067e-05,0,0,23.700000762939453,0,0,1600,0,50,0,0,0,50,50,200,0.0,0.0,0.0,0.0
224,156.70213317871094,308.6031188964844,323.5395202636719,323.4869384765625,293.694091796875,293.7466125488281,16515.818359375,33031.63671875,71.00540924072266,71.00554656982422,1550.40478515625,3088.6845703125,1579.049072265625,3147.280517578125,283.1473693847656,58.45293426513672,-1.4309217704067123e-06,0,0,2579.125,1301.2474365234375,0,22.166851043701172,2371.07861328125,11.904945373535156,11.911601066589355,795.3632202148438,1585.1270751953125,51.0634765625,51.087791442871094,88.0,0,0,345.6081237792969,0,7.924896240234375,22.06861686706543,22.12117576599121,0,1.034000039100647,0.9067617654800415,50,2.799999952316284,2.6239113807678223,0,0,0,0,314.99998519276,0,0,0,0.04203392565250397,0.09412188827991486,-0.13609011471271515,6.570294499397278e-05,87.66045379638672,87.65540313720703,729.1441040039062,729.1400756835938,729.1400756835938,518.872314453125,0,0,22.166851043701172,0.0010999999940395355,0.02200000174343586,0.03299999609589577,0.04399999603629112,5655.8173828125,114276.53125,0.0429663360118866,0,3.1392715754918754e-05,408.7705993652344,0,0.0002616529818624258,2.8350639695418067e-05,0,0,23.700000762939453,0,0,1600,0,50,0,0,0,50,50,200,0.0,0.0,0.0,0.0
225,156.70208740234375,308.60040283203125,323.5368957519531,323.4843444824219,293.6912841796875,293.7438049316406,16515.818359375,33031.63671875,71.00245666503906,71.00257873535156,1550.608154296875,3089.098876953125,1579.0482177734375,3147.28125,283.14410400390625,58.444740295410156,5.581122877629241e-06,0,0,2579.125,1301.22998046875,0,22.189647674560547,2371.13818359375,11.903432846069336,11.910056114196777,795.3812255859375,1585.1641845703125,51.04375076293945,51.067665100097656,88.0,0,0,345.6081237792969,0,7.924896240234375,22.07122802734375,22.12378692626953,0,1.034000039100647,0.9067617654800415,50,2.799999952316284,2.623845338821411,0,0,0,0,314.99998519276,0,0,0,0.04224507138133049,0.09410950541496277,-0.13629011809825897,6.446242332458496e-05,87.66246032714844,87.65760803222656,729.1517944335938,729.14794921875,729.14794921875,518.8748779296875,0,0,22.189647674560547,0.0010999999940395355,0.02200000174343586,0.03299999609589577,0.04399999603629112,5655.8173828125,114276.53125,0.0429663360118866,0,3.1392715754918754e-05,410.5914001464844,0,0.0002616529818624258,2.8350639695418067e-05,0,0,23.700000762939453,0,0,1600,0,50,0,0,0,50,50,200,0.0,0.0,0.0,0.0
226,156.70205688476562,308.5976867675781,323.53424072265625,323.481689453125,293.68841552734375,293.740966796875,16515.818359375,33031.63671875,70.99950408935547,70.9996337890625,1550.8148193359375,3089.51806640625,1579.048095703125,3147.28125,283.140869140625,58.436561584472656,4.281463588995393e-06,0,0,2579.12548828125,1301.2122802734375,0,22.219018936157227,2371.196533203125,11.901930809020996,11.908520698547363,795.3984985351562,1585.19873046875,51.02424240112305,51.047645568847656,88.0,0,0,345.60809326171875,0,7.924896240234375,22.07383918762207,22.12639808654785,0,1.034000039100647,0.9067617654800415,50,2.799999952316284,2.6237809658050537,0,0,0,0,314.99998519276,0,0,0,0.04245620220899582,0.09409753233194351,-0.1364901214838028,6.362143903970718e-05,87.66448211669922,87.65975952148438,729.1593017578125,729.1555786132812,729.1555786132812,518.8773193359375,0,0,22.219018936157227,0.0010999999940395355,0.02200000174343586,0.03299999609589577,0.04399999603629112,5655.8173828125,114276.53125,0.0429663360118866,0,3.1392715754918754e-05,412.4122009277344,0,0.0002616529818624258,2.8350639695418067e-05,0,0,23.700000762939453,0,0,1600,0,50,0,0,0,50,50,200,0.0,0.0,0.0,0.0
227,156.7020263671875,308.594970703125,323.5316467285156,323.4791259765625,293.6855773925781,293.73809814453125,16515.818359375,33031.63671875,70.99655151367188,70.99668884277344,1551.021728515625,3089.943359375,1579.046630859375,3147.282958984375,283.1376647949219,58.42841339111328,-3.0058690754231066e-06,0,0,2579.12548828125,1301.1949462890625,0,22.245595932006836,2371.25341796875,11.900440216064453,11.906996726989746,795.4139404296875,1585.2318115234375,51.00475311279297,51.0278434753418,88.0,0,0,345.6080627441406,0,7.924896240234375,22.076416015625,22.12894058227539,0,1.034000039100647,0.9067617654800415,50,2.799999952316284,2.623718023300171,0,0,0,0,314.99998519276,0,0,0,0.04266732186079025,0.09408590197563171,-0.13669012486934662,6.31045550107956e-05,87.66648864746094,87.661865234375,729.1666259765625,729.1629638671875,729.1629638671875,518.879638671875,0,0,22.245595932006836,0.0010999999940395355,0.02200000174343586,0.03299999609589577,0.04399999603629112,5655.8173828125,114276.53125,0.0429663360118866,0,3.1392715754918754e-05,414.2330017089844,0,0.0002616529818624258,2.8350639695418067e-05,0,0,23.700000762939453,0,0,1600,0,50,0,0,0,50,50,200,0.0,0.0,0.0,0.0
228,156.7020263671875,308.5922546386719,323.52899169921875,323.4764709472656,293.68280029296875,293.7353210449219,16515.818359375,33031.63671875,70.99360656738281,70.99374389648438,1551.2318115234375,3090.37353515625,1579.0458984375,3147.283447265625,283.1344299316406,58.42029571533203,4.990596153220395e-06,0,0,2579.12548828125,1301.1773681640625,0,22.27342414855957,2371.3095703125,11.898959159851074,11.90548324584961,795.43115234375,1585.2672119140625,50.98545837402344,51.00814437866211,88.0,0,0,345.6080627441406,0,7.924896240234375,22.07906150817871,22.1315860748291,0,1.034000039100647,0.9067617654800415,50,2.799999952316284,2.6236557960510254,0,0,0,0,314.99998519276,0,0,0,0.04287843033671379,0.09407446533441544,-0.13689012825489044,6.277766078710556e-05,87.66849517822266,87.6639404296875,729.173828125,729.1702270507812,729.1702270507812,518.8818969726562,0,0,22.27342414855957,0.0010999999940395355,0.02200000174343586,0.03299999609589577,0.04399999603629112,5655.8173828125,114276.53125,0.0429663360118866,0,3.1392715754918754e-05,416.0538024902344,0,0.0002616529818624258,2.8350639695418067e-05,0,0,23.700000762939453,0,0,1600,0,50,0,0,0,50,50,200,0.0,0.0,0.0,0.0
229,156.70204162597656,308.58953857421875,323.5263366699219,323.4738464355469,293.67999267578125,293.73248291015625,16515.818359375,33031.63671875,70.99066925048828,70.99079895019531,1551.4443359375,3090.807373046875,1579.0450439453125,3147.284423828125,283.1312255859375,58.41220474243164,-4.217354671709472e-06,0,0,2579.12548828125,1301.15966796875,0,22.299776077270508,2371.365478515625,11.897490501403809,11.903982162475586,795.4484252929688,1585.302978515625,50.96632385253906,50.988609313964844,88.0,0,0,345.6080627441406,0,7.924896240234375,22.081707000732422,22.134197235107422,0,1.034000039100647,0.9067617654800415,50,2.799999952316284,2.623594045639038,0,0,0,0,314.99998519276,0,0,0,0.043089527636766434,0.09406314790248871,-0.13709013164043427,6.254855543375015e-05,87.67050170898438,87.66600799560547,729.180908203125,729.1774291992188,729.1774291992188,518.8841552734375,0,0,22.299776077270508,0.0010999999940395355,0.02200000174343586,0.03299999609589577,0.04399999603629112,5655.8173828125,114276.53125,0.0429663360118866,0,3.1392715754918754e-05,417.8746032714844,0,0.0002616529818624258,2.8350639695418067e-05,0,0,23.700000762939453,0,0,1600,0,50,0,0,0,50,50,200,0.0,0.0,0.0,0.0
230,156.7020721435547,308.58685302734375,323.5237121582031,323.4712219238281,293.67718505859375,293.72967529296875,16515.818359375,33031.63671875,70.98773193359375,70.98786163330078,1551.6602783203125,3091.245361328125,1579.044921875,3147.284423828125,283.1280212402344,58.40414047241211,1.2774842161888955e-06,0,0,2579.12548828125,1301.142333984375,0,22.327381134033203,2371.420654296875,11.896031379699707,11.90248966217041,795.4649047851562,1585.3360595703125,50.9473876953125,50.96916961669922,88.0,0,0,345.60809326171875,0,7.924896240234375,22.08438491821289,22.13687515258789,0,1.034000039100647,0.9067617654800415,50,2.799999952316284,2.623533010482788,0,0,0,0,314.99998519276,0,0,0,0.04330061003565788,0.0940520390868187,-0.1372901350259781,6.252061575651169e-05,87.67252349853516,87.66804504394531,729.18798828125,729.1844482421875,729.1844482421875,518.8863525390625,0,0,22.327381134033203,0.0010999999940395355,0.02200000174343586,0.03299999609589577,0.04399999603629112,5655.8173828125,114276.53125,0.0429663360118866,0,3.1392715754918754e-05,419.6954040527344,0,0.0002616529818624258,2.8350639695418067e-05,0,0,23.700000762939453,0,0,1600,0,50,0,0,0,50,50,200,0.0,0.0,0.0,0.0
231,156.70211791992188,308.5841064453125,323.52105712890625,323.46856689453125,293.6743469238281,293.7268371582031,16515.818359375,33031.63671875,70.98479461669922,70.98493194580078,1551.87744140625,3091.689697265625,1579.0439453125,3147.285400390625,283.1248474121094,58.39610290527344,2.0364217334645218e-07,0,0,2579.12548828125,1301.1243896484375,0,22.354894638061523,2371.475830078125,11.894583702087402,11.901009559631348,795.4823608398438,1585.372314453125,50.92851638793945,50.94991683959961,88.0,0,0,345.60809326171875,0,7.924896240234375,22.0870304107666,22.1395206451416,0,1.034000039100647,0.9067617654800415,50,2.799999952316284,2.623472213745117,0,0,0,0,314.99998519276,0,0,0,0.04351431876420975,0.09404093027114868,-0.1374901384115219,6.511621177196503e-05,87.67454528808594,87.67008209228516,729.1950073242188,729.1915283203125,729.1915283203125,518.8884887695312,0,0,22.354894638061523,0.0010999999940395355,0.02200000174343586,0.03299999609589577,0.04399999603629112,5655.8173828125,114276.53125,0.0429663360118866,0,3.1392715754918754e-05,421.5162048339844,0,0.0002616529818624258,2.8350639695418067e-05,0,0,23.700000762939453,0,0,1600,0,50,0,0,0,50,50,200,0.0,0.0,0.0,0.0
232,156.70217895507812,308.581298828125,323.5184020996094,323.4659118652344,293.6715087890625,293.7239990234375,16515.818359375,33031.63671875,70.98185729980469,70.98198699951172,1552.095458984375,3092.137939453125,1579.0487060546875,3147.28076171875,283.1216735839844,58.388092041015625,3.1968547773431055e-06,0,0,2579.125,1301.106689453125,0,22.380958557128906,2371.531494140625,11.893148422241211,11.899540901184082,795.4960327148438,1585.401611328125,50.90976333618164,50.93082809448242,88.0,0,0,345.6081237792969,0,7.924896240234375,22.08970832824707,22.14219856262207,0,1.034000039100647,0.9067617654800415,50,2.799999952316284,2.62341046333313,0,0,0,0,314.99998519276,0,0,0,0.04373065382242203,0.09402970969676971,-0.13769014179706573,7.022637873888016e-05,87.67687225341797,87.6721420288086,729.2023315429688,729.1986083984375,729.1986083984375,518.8906860351562,0,0,22.380958557128906,0.0010999999940395355,0.02200000174343586,0.03299999609589577,0.04399999603629112,5655.8173828125,114276.53125,0.0429663360118866,0,3.1392715754918754e-05,423.3370056152344,0,0.0002616529818624258,2.8350639695418067e-05,0,0,23.700000762939453,0,0,1600,0,50,0,0,0,50,50,200,0.0,0.0,0.0,0.0
233,156.70225524902344,308.5785217285156,323.5157470703125,323.4632568359375,293.6687316894531,293.7212219238281,16515.818359375,33031.63671875,70.97891235351562,70.97904205322266,1552.317626953125,3092.59033203125,1579.047119140625,3147.2822265625,283.1185302734375,58.38010787963867,-3.7861357782276173e-07,0,0,2579.124755859375,1301.0889892578125,0,22.40827178955078,2371.590087890625,11.891722679138184,11.898085594177246,795.5105590820312,1585.4329833984375,50.8912353515625,50.91181564331055,88.0,0,0,345.608154296875,0,7.924896240234375,22.09242057800293,22.14491081237793,0,1.034000039100647,0.9067617654800415,50,2.799999952316284,2.6233456134796143,0,0,0,0,314.99998519276,0,0,0,0.04394697770476341,0.09401775151491165,-0.13789014518260956,7.458776235580444e-05,87.67941284179688,87.67430877685547,729.210205078125,729.2062377929688,729.2062377929688,518.89306640625,0,0,22.40827178955078,0.0010999999940395355,0.02200000174343586,0.03299999609589577,0.04399999603629112,5655.8173828125,114276.53125,0.0429663360118866,0,3.1392715754918754e-05,425.1578063964844,0,0.0002616529818624258,2.8350639695418067e-05,0,0,23.700000762939453,0,0,1600,0,50,0,0,0,50,50,200,0.0,0.0,0.0,0.0
234,156.70236206054688,308.5757751464844,323.5130920410156,323.4606018066406,293.6658935546875,293.7183837890625,16515.818359375,33031.63671875,70.97596740722656,70.9760971069336,1552.5421142578125,3093.048095703125,1579.04638671875,3147.283203125,283.1153564453125,58.37215805053711,1.2749881079798797e-06,0,0,2579.124755859375,1301.071533203125,0,22.435474395751953,2371.65185546875,11.89030933380127,11.896639823913574,795.5259399414062,1585.46484375,50.87275695800781,50.89295196533203,88.0,0,0,345.6081848144531,0,7.924896240234375,22.09510040283203,22.14759063720703,0,1.034000039100647,0.9067617654800415,50,2.799999952316284,2.623277187347412,0,0,0,0,314.99998519276,0,0,0,0.044160645455121994,0.09400483220815659,-0.13809014856815338,7.533375173807144e-05,87.68208312988281,87.67659759521484,729.21875,729.2144165039062,729.2144165039062,518.8958129882812,0,0,22.435474395751953,0.0010999999940395355,0.02200000174343586,0.03299999609589577,0.04399999603629112,5655.8173828125,114276.53125,0.0429663360118866,0,3.1392715754918754e-05,426.9786071777344,0,0.0002616529818624258,2.8350639695418067e-05,0,0,23.700000762939453,0,0,1600,0,50,0,0,0,50,50,200,0.0,0.0,0.0,0.0
235,156.70249938964844,308.57305908203125,323.5103759765625,323.4579162597656,293.6630859375,293.715576171875,16515.818359375,33031.63671875,70.9730224609375,70.97315216064453,1552.7689208984375,3093.510498046875,1579.0469970703125,3147.282470703125,283.11224365234375,58.364253997802734,-7.350519695137336e-07,0,0,2579.124267578125,1301.0537109375,0,22.458473205566406,2371.716064453125,11.88890552520752,11.895206451416016,795.5439453125,1585.4996337890625,50.85439682006836,50.87421798706055,88.0,0,0,345.6082458496094,0,7.924896240234375,22.097881317138672,22.15033721923828,0,1.034000039100647,0.9067617654800415,50,2.799999952316284,2.62320613861084,0,0,0,0,314.99998519276,0,0,0,0.04437166452407837,0.09399115294218063,-0.1382901519536972,7.267110049724579e-05,87.68450164794922,87.67897033691406,729.2274780273438,729.2230834960938,729.2230834960938,518.8987426757812,0,0,22.458473205566406,0.0010999999940395355,0.02200000174343586,0.03299999609589577,0.04399999603629112,5655.8173828125,114276.53125,0.0429663360118866,0,3.1392715754918754e-05,428.7994079589844,0,0.0002616529818624258,2.8350639695418067e-05,0,0,23.700000762939453,0,0,1600,0,50,0,0,0,50,50,200,0.0,0.0,0.0,0.0
236,156.70266723632812,308.57037353515625,323.5076904296875,323.4552917480469,293.6603088378906,293.7127685546875,16515.818359375,33031.63671875,70.97007751464844,70.97019958496094,1552.9967041015625,3093.97705078125,1579.046142578125,3147.283203125,283.109130859375,58.35639190673828,3.645993274403736e-06,0,0,2579.123779296875,1301.0360107421875,0,22.48402214050293,2371.7802734375,11.8875150680542,11.893784523010254,795.5620727539062,1585.537109375,50.836181640625,50.85564041137695,88.0,0,0,345.60833740234375,0,7.924896240234375,22.100627899169922,22.15304946899414,0,1.034000039100647,0.9067617654800415,50,2.799999952316284,2.6231350898742676,0,0,0,0,314.99998519276,0,0,0,0.04458267241716385,0.09397748112678528,-0.13849015533924103,7.000844925642014e-05,87.6867446899414,87.68134307861328,729.236083984375,729.2318115234375,729.2318115234375,518.9017333984375,0,0,22.48402214050293,0.0010999999940395355,0.02200000174343586,0.03299999609589577,0.04399999603629112,5655.8173828125,114276.53125,0.0429663360118866,0,3.1392715754918754e-05,430.6202087402344,0,0.0002616529818624258,2.8350639695418067e-05,0,0,23.700000762939453,0,0,1600,0,50,0,0,0,50,50,200,0.0,0.0,0.0,0.0
237,156.70285034179688,308.5676574707031,323.50506591796875,323.45263671875,293.6575012207031,293.7099609375,16515.818359375,33031.63671875,70.96713256835938,70.96725463867188,1553.2265625,3094.446044921875,1579.0438232421875,3147.28564453125,283.10601806640625,58.348567962646484,3.201381559847505e-06,0,0,2579.123291015625,1301.018310546875,0,22.50941276550293,2371.843505859375,11.886136054992676,11.892374992370605,795.5791015625,1585.5745849609375,50.81815719604492,50.837215423583984,88.0,0,0,345.6084289550781,0,7.924896240234375,22.103374481201172,22.15579605102539,0,1.034000039100647,0.9067617654800415,50,2.799999952316284,2.623065233230591,0,0,0,0,314.99998519276,0,0,0,0.04479366913437843,0.09396412968635559,-0.13869015872478485,6.764475256204605e-05,87.68885803222656,87.68367767333984,729.2443237304688,729.2402954101562,729.2402954101562,518.9046630859375,0,0,22.50941276550293,0.0010999999940395355,0.02200000174343586,0.03299999609589577,0.04399999603629112,5655.8173828125,114276.53125,0.0429663360118866,0,3.1392715754918754e-05,432.4410095214844,0,0.0002616529818624258,2.8350639695418067e-05,0,0,23.700000762939453,0,0,1600,0,50,0,0,0,50,50,200,0.0,0.0,0.0,0.0
238,156.7030487060547,308.56494140625,323.5024108886719,323.4499816894531,293.6546936035156,293.7071228027344,16515.818359375,33031.63671875,70.96418762207031,70.96430969238281,1553.4576416015625,3094.918212890625,1579.0445556640625,3147.284912109375,283.1029357910156,58.34077453613281,-3.2309030757460278e-06,0,0,2579.12255859375,1301.0006103515625,0,22.534669876098633,2371.904296875,11.88476848602295,11.890976905822754,795.5973510742188,1585.60986328125,50.80027770996094,50.81895446777344,88.0,0,0,345.6085205078125,0,7.924896240234375,22.106121063232422,22.15854263305664,0,1.034000039100647,0.9067617654800415,50,2.799999952316284,2.622997999191284,0,0,0,0,314.99998519276,0,0,0,0.045004650950431824,0.09395141899585724,-0.13889016211032867,6.591808050870895e-05,87.69092559814453,87.68592834472656,729.2522583007812,729.2483520507812,729.2483520507812,518.9072875976562,0,0,22.534669876098633,0.0010999999940395355,0.02200000174343586,0.03299999609589577,0.04399999603629112,5655.8173828125,114276.53125,0.0429663360118866,0,3.1392715754918754e-05,434.2618103027344,0,0.0002616529818624258,2.8350639695418067e-05,0,0,23.700000762939453,0,0,1600,0,50,0,0,0,50,50,200,0.0,0.0,0.0,0.0
239,156.70327758789062,308.56219482421875,323.4997863769531,323.4473876953125,293.6518859863281,293.70428466796875,16515.818359375,33031.63671875,70.96125030517578,70.96137237548828,1553.6893310546875,3095.392578125,1579.0435791015625,3147.285888671875,283.0998840332031,58.33301544189453,-4.434118181961821e-06,0,0,2579.1220703125,1300.9827880859375,0,22.5611572265625,2371.963623046875,11.883414268493652,11.889592170715332,795.6156616210938,1585.6478271484375,50.78255844116211,50.80088806152344,88.0,0,0,345.608642578125,0,7.924896240234375,22.10883331298828,22.1612548828125,0,1.034000039100647,0.9067617654800415,50,2.799999952316284,2.6229324340820312,0,0,0,0,314.99998519276,0,0,0,0.04521825909614563,0.09393914043903351,-0.1390901654958725,6.723962724208832e-05,87.69295501708984,87.68811798095703,729.2599487304688,729.2561645507812,729.2561645507812,518.9098510742188,0,0,22.5611572265625,0.0010999999940395355,0.02200000174343586,0.03299999609589577,0.04399999603629112,5655.8173828125,114276.53125,0.0429663360118866,0,3.1392715754918754e-05,436.0826110839844,0,0.0002616529818624258,2.8350639695418067e-05,0,0,23.700000762939453,0,0,1600,0,50,0,0,0,50,50,200,0.0,0.0,0.0,0.0
240,156.70350646972656,308.5594177246094,323.4971923828125,323.44476318359375,293.64898681640625,293.701416015625,16515.818359375,33031.63671875,70.95830535888672,70.95842742919922,1553.923095703125,3095.86962890625,1579.0411376953125,3147.288330078125,283.0968017578125,58.32528305053711,-1.5702786413385184e-06,0,0,2579.121337890625,1300.9652099609375,0,22.58753204345703,2372.0224609375,11.882071495056152,11.888218879699707,795.6304321289062,1585.680908203125,50.7650260925293,50.782958984375,88.0,0,0,345.6087646484375,0,7.924896240234375,22.11157989501953,22.16400146484375,0,1.034000039100647,0.9067617654800415,50,2.799999952316284,2.6228673458099365,0,0,0,0,314.99998519276,0,0,0,0.04543448984622955,0.09392707049846649,-0.13929016888141632,7.139705121517181e-05,87.69527435302734,87.69029235839844,729.2677612304688,729.2637939453125,729.2637939453125,518.9122924804688,0,0,22.58753204345703,0.0010999999940395355,0.02200000174343586,0.03299999609589577,0.04399999603629112,5655.8173828125,114276.53125,0.0429663360118866,0,3.1392715754918754e-05,437.9034118652344,0,0.0002616529818624258,2.8350639695418067e-05,0,0,23.700000762939453,0,0,1600,0,50,0,0,0,50,50,200,0.0,0.0,0.0,0.0
241,156.7037811279297,308.556640625,323.4945068359375,323.4421081542969,293.64617919921875,293.6985778808594,16515.818359375,33031.63671875,70.95536041259766,70.95548248291016,1554.158447265625,3096.3505859375,1579.0419921875,3147.28759765625,283.0937805175781,58.31758499145508,-4.113104296266101e-06,0,0,2579.12060546875,1300.947265625,0,22.6124324798584,2372.082763671875,11.88074016571045,11.886857032775879,795.646484375,1585.711669921875,50.74761199951172,50.765174865722656,88.0,0,0,345.6088562011719,0,7.924896240234375,22.114360809326172,22.166748046875,0,1.034000039100647,0.9067617654800415,50,2.799999952316284,2.622800588607788,0,0,0,0,314.99998519276,0,0,0,0.04565070569515228,0.09391457587480545,-0.13949017226696014,7.511582225561142e-05,87.69779968261719,87.6925277709961,729.27587890625,729.271728515625,729.271728515625,518.9148559570312,0,0,22.6124324798584,0.0010999999940395355,0.02200000174343586,0.03299999609589577,0.04399999603629112,5655.8173828125,114276.53125,0.0429663360118866,0,3.1392715754918754e-05,439.7242126464844,0,0.0002616529818624258,2.8350639695418067e-05,0,0,23.700000762939453,0,0,1600,0,50,0,0,0,50,50,200,0.0,0.0,0.0,0.0
242,156.70407104492188,308.5538330078125,323.4918518066406,323.4394836425781,293.6433410644531,293.6957092285156,16515.818359375,33031.63671875,70.95240783691406,70.95252990722656,1554.3951416015625,3096.83544921875,1579.0408935546875,3147.28857421875,283.0907287597656,58.30991744995117,-2.0078678062418476e-06,0,0,2579.11962890625,1300.9295654296875,0,22.63722038269043,2372.145751953125,11.879420280456543,11.88550853729248,795.6624755859375,1585.7452392578125,50.73031234741211,50.74754333496094,88.0,0,0,345.6090393066406,0,7.924896240234375,22.11717414855957,22.16956329345703,0,1.034000039100647,0.9067617654800415,50,2.799999952316284,2.6227309703826904,0,0,0,0,314.99998519276,0,0,0,0.045866914093494415,0.09390132874250412,-0.13969017565250397,7.80746340751648e-05,87.70044708251953,87.69485473632812,729.2845458984375,729.2801513671875,729.2801513671875,518.9176635742188,0,0,22.63722038269043,0.0010999999940395355,0.02200000174343586,0.03299999609589577,0.04399999603629112,5655.8173828125,114276.53125,0.0429663360118866,0,3.1392715754918754e-05,441.5450134277344,0,0.0002616529818624258,2.8350639695418067e-05,0,0,23.700000762939453,0,0,1600,0,50,0,0,0,50,50,200,0.0,0.0,0.0,0.0
243,156.70436096191406,308.5511474609375,323.4892272949219,323.43682861328125,293.6404724121094,293.69287109375,16515.818359375,33031.63671875,70.94945526123047,70.94957733154297,1554.635009765625,3097.322998046875,1579.0406494140625,3147.288818359375,283.08770751953125,58.30228805541992,-4.7282883315347135e-06,0,0,2579.118896484375,1300.911865234375,0,22.660511016845703,2372.2119140625,11.87811279296875,11.884171485900879,795.6802978515625,1585.781005859375,50.713233947753906,50.7299919128418,88.0,0,0,345.6091613769531,0,7.924896240234375,22.11995506286621,22.172344207763672,0,1.034000039100647,0.9067617654800415,50,2.799999952316284,2.6226580142974854,0,0,0,0,314.99998519276,0,0,0,0.04607783257961273,0.09388722479343414,-0.1398901790380478,7.488671690225601e-05,87.70303344726562,87.69729614257812,729.2936401367188,729.2891235351562,729.2891235351562,518.9207763671875,0,0,22.660511016845703,0.0010999999940395355,0.02200000174343586,0.03299999609589577,0.04399999603629112,5655.8173828125,114276.53125,0.0429663360118866,0,3.1392715754918754e-05,443.3658142089844,0,0.0002616529818624258,2.8350639695418067e-05,0,0,23.700000762939453,0,0,1600,0,50,0,0,0,50,50,200,0.0,0.0,0.0,0.0
244,156.70469665527344,308.5484313964844,323.486572265625,323.4341735839844,293.63763427734375,293.6900329589844,16515.818359375,33031.63671875,70.94650268554688,70.9466323852539,1554.87548828125,3097.8115234375,1579.0380859375,3147.29150390625,283.0846862792969,58.294700622558594,-1.0576239901638473e-06,0,0,2579.117919921875,1300.8941650390625,0,22.68503189086914,2372.278076171875,11.87681770324707,11.882847785949707,795.6978149414062,1585.81982421875,50.696258544921875,50.712642669677734,88.0,0,0,345.6093444824219,0,7.924896240234375,22.122770309448242,22.17515754699707,0,1.034000039100647,0.9067617654800415,50,2.799999952316284,2.622584819793701,0,0,0,0,314.99998519276,0,0,0,0.04628873988986015,0.0938730239868164,-0.1400901824235916,7.158704102039337e-05,87.705322265625,87.69974517822266,729.3025512695312,729.298095703125,729.298095703125,518.9239501953125,0,0,22.68503189086914,0.0010999999940395355,0.02200000174343586,0.03299999609589577,0.04399999603629112,5655.8173828125,114276.53125,0.0429663360118866,0,3.1392715754918754e-05,445.1866149902344,0,0.0002616529818624258,2.8350639695418067e-05,0,0,23.700000762939453,0,0,1600,0,50,0,0,0,50,50,200,0.0,0.0,0.0,0.0
245,156.70506286621094,308.54571533203125,323.4839172363281,323.4315490722656,293.6347961425781,293.6871643066406,16515.818359375,33031.63671875,70.94355773925781,70.94367980957031,1555.1148681640625,3098.30419921875,1579.03662109375,3147.29296875,283.08172607421875,58.28715515136719,-1.6316088249368477e-06,0,0,2579.116943359375,1300.8763427734375,0,22.709394454956055,2372.34228515625,11.875536918640137,11.881536483764648,795.71630859375,1585.85888671875,50.67938232421875,50.69550323486328,88.0,0,0,345.6095275878906,0,7.924896240234375,22.12558364868164,22.1779727935791,0,1.034000039100647,0.9067617654800415,50,2.799999952316284,2.622513771057129,0,0,0,0,314.99998519276,0,0,0,0.04649963602423668,0.09385935217142105,-0.14029018580913544,6.880983710289001e-05,87.70746612548828,87.70211791992188,729.3109741210938,729.3068237304688,729.3068237304688,518.9269409179688,0,0,22.709394454956055,0.0010999999940395355,0.02200000174343586,0.03299999609589577,0.04399999603629112,5655.8173828125,114276.53125,0.0429663360118866,0,3.1392715754918754e-05,447.0074157714844,0,0.0002616529818624258,2.8350639695418067e-05,0,0,23.700000762939453,0,0,1600,0,50,0,0,0,50,50,200,0.0,0.0,0.0,0.0
246,156.70542907714844,308.5429992675781,323.4813232421875,323.428955078125,293.6319274902344,293.684326171875,16515.818359375,33031.63671875,70.94061279296875,70.94073486328125,1555.3560791015625,3098.7978515625,1579.037353515625,3147.2919921875,283.0787353515625,58.27964401245117,3.023476210728404e-06,0,0,2579.11572265625,1300.858642578125,0,22.733600616455078,2372.404541015625,11.874265670776367,11.880237579345703,795.7351684570312,1585.8953857421875,50.66272735595703,50.67850875854492,88.0,0,0,345.6097106933594,0,7.924896240234375,22.128398895263672,22.180753707885742,0,1.034000039100647,0.9067617654800415,50,2.799999952316284,2.6224448680877686,0,0,0,0,314.99998519276,0,0,0,0.04671051725745201,0.09384620934724808,-0.14049018919467926,6.65467232465744e-05,87.70953369140625,87.70442199707031,729.3191528320312,729.3151245117188,729.3151245117188,518.9297485351562,0,0,22.733600616455078,0.0010999999940395355,0.02200000174343586,0.03299999609589577,0.04399999603629112,5655.8173828125,114276.53125,0.0429663360118866,0,3.1392715754918754e-05,448.8282165527344,0,0.0002616529818624258,2.8350639695418067e-05,0,0,23.700000762939453,0,0,1600,0,50,0,0,0,50,50,200,0.0,0.0,0.0,0.0
247,156.70582580566406,308.5402526855469,323.4786682128906,323.42633056640625,293.6291198730469,293.6814880371094,16515.818359375,33031.63671875,70.93767547607422,70.93778991699219,1555.597412109375,3099.293701171875,1579.0361328125,3147.293212890625,283.0757751464844,58.272159576416016,1.109880599869939e-06,0,0,2579.11474609375,1300.8404541015625,0,22.760400772094727,2372.464599609375,11.873008728027344,11.878950119018555,795.75390625,1585.9344482421875,50.64624786376953,50.661685943603516,88.0,0,0,345.6098937988281,0,7.924896240234375,22.13121223449707,22.18356704711914,0,1.034000039100647,0.9067617654800415,50,2.799999952316284,2.6223785877227783,0,0,0,0,314.99998519276,0,0,0,0.04692402109503746,0.09383371472358704,-0.14069019258022308,6.755255162715912e-05,87.7115707397461,87.7066421508789,729.3269653320312,729.3230590820312,729.3230590820312,518.932373046875,0,0,22.760400772094727,0.0010999999940395355,0.02200000174343586,0.03299999609589577,0.04399999603629112,5655.8173828125,114276.53125,0.0429663360118866,0,3.1392715754918754e-05,450.6490173339844,0,0.0002616529818624258,2.8350639695418067e-05,0,0,23.700000762939453,0,0,1600,0,50,0,0,0,50,50,200,0.0,0.0,0.0,0.0
248,156.70623779296875,308.5374755859375,323.4760437011719,323.4236755371094,293.62628173828125,293.6786193847656,16515.818359375,33031.63671875,70.93473052978516,70.93484497070312,1555.84130859375,3099.789306640625,1579.040771484375,3147.28857421875,283.07281494140625,58.26469802856445,2.6823317966773175e-06,0,0,2579.113525390625,1300.82275390625,0,22.78302001953125,2372.52392578125,11.871763229370117,11.877676010131836,795.76953125,1585.9681396484375,50.630027770996094,50.644981384277344,88.0,0,0,345.6101379394531,0,7.924896240234375,22.13409423828125,22.18644905090332,0,1.034000039100647,0.9067617654800415,50,2.799999952316284,2.6223130226135254,0,0,0,0,314.99998519276,0,0,0,0.047140151262283325,0.09382153302431107,-0.1408901959657669,7.149763405323029e-05,87.71387481689453,87.70883178710938,729.3347778320312,729.330810546875,729.330810546875,518.934814453125,0,0,22.78302001953125,0.0010999999940395355,0.02200000174343586,0.03299999609589577,0.04399999603629112,5655.8173828125,114276.53125,0.0429663360118866,0,3.1392715754918754e-05,452.4698181152344,0,0.0002616529818624258,2.8350639695418067e-05,0,0,23.700000762939453,0,0,1600,0,50,0,0,0,50,50,200,0.0,0.0,0.0,0.0
249,156.70668029785156,308.5346984863281,323.473388671875,323.4210205078125,293.62347412109375,293.67578125,16515.818359375,33031.63671875,70.93177795410156,70.93189239501953,1556.0845947265625,3100.2880859375,1579.0350341796875,3147.29443359375,283.06988525390625,58.25727081298828,-1.1518825431267032e-06,0,0,2579.1123046875,1300.804931640625,0,22.808279037475586,2372.5849609375,11.87053108215332,11.876415252685547,795.7859497070312,1586.0,50.613861083984375,50.62848663330078,88.0,0,0,345.6103210449219,0,7.924896240234375,22.136943817138672,22.189298629760742,0,1.034000039100647,0.9067617654800415,50,2.799999952316284,2.6222455501556396,0,0,0,0,314.99998519276,0,0,0,0.047356266528367996,0.09380882978439331,-0.14109019935131073,7.490068674087524e-05,87.71639251708984,87.71109008789062,729.3430786132812,729.3388671875,729.3388671875,518.9374389648438,0,0,22.808279037475586,0.0010999999940395355,0.02200000174343586,0.03299999609589577,0.04399999603629112,5655.8173828125,114276.53125,0.0429663360118866,0,3.1392715754918754e-05,454.2906188964844,0,0.0002616529818624258,2.8350639695418067e-05,0,0,23.700000762939453,0,0,1600,0,50,0,0,0,50,50,200,0.0,0.0,0.0,0.0
250,156.70712280273438,308.53192138671875,323.470703125,323.41839599609375,293.6206359863281,293.6729431152344,16515.818359375,33031.63671875,70.9288101196289,70.9289321899414,1556.330322265625,3100.788818359375,1579.0386962890625,3147.290771484375,283.06695556640625,58.249874114990234,-3.380343969183741e-07,0,0,2579.11083984375,1300.7867431640625,0,22.8320369720459,2372.6484375,11.86931037902832,11.875167846679688,795.8024291992188,1586.0367431640625,50.59782791137695,50.61213684082031,88.0,0,0,345.6105651855469,0,7.924896240234375,22.139860153198242,22.192180633544922,0,1.034000039100647,0.9067617654800415,50,2.799999952316284,2.6221752166748047,0,0,0,0,314.99998519276,0,0,0,0.04757236689329147,0.09379547089338303,-0.14129020273685455,7.764436304569244e-05,87.71900939941406,87.71343994140625,729.3517456054688,729.3473510742188,729.3473510742188,518.9403076171875,0,0,22.8320369720459,0.0010999999940395355,0.02200000174343586,0.03299999609589577,0.04399999603629112,5655.8173828125,114276.53125,0.0429663360118866,0,3.1392715754918754e-05,456.1114196777344,0,0.0002616529818624258,2.8350639695418067e-05,0,0,23.700000762939453,0,0,1600,0,50,0,0,0,50,50,200,0.0,0.0,0.0,0.0
251,156.7075958251953,308.5291748046875,323.4680480957031,323.4157409667969,293.6177978515625,293.6700744628906,16515.818359375,33031.63671875,70.92584991455078,70.92596435546875,1556.575927734375,3101.29150390625,1579.0380859375,3147.29150390625,283.0640563964844,58.24251174926758,-4.930851446260931e-06,0,0,2579.109619140625,1300.76904296875,0,22.85568618774414,2372.71435546875,11.86810302734375,11.873932838439941,795.8192138671875,1586.071044921875,50.58198547363281,50.595916748046875,88.0,0,0,345.6108093261719,0,7.924896240234375,22.142742156982422,22.1950626373291,0,1.034000039100647,0.9067617654800415,50,2.799999952316284,2.6221024990081787,0,0,0,0,314.99998519276,0,0,0,0.04778582230210304,0.093781478703022,-0.14149020612239838,7.710233330726624e-05,87.72169494628906,87.71587371826172,729.36083984375,729.3562622070312,729.3562622070312,518.943359375,0,0,22.85568618774414,0.0010999999940395355,0.02200000174343586,0.03299999609589577,0.04399999603629112,5655.8173828125,114276.53125,0.0429663360118866,0,3.1392715754918754e-05,457.9322204589844,0,0.0002616529818624258,2.8350639695418067e-05,0,0,23.700000762939453,0,0,1600,0,50,0,0,0,50,50,200,0.0,0.0,0.0,0.0
252,156.70809936523438,308.5264587402344,323.4654235839844,323.4130859375,293.6149597167969,293.667236328125,16515.818359375,33031.63671875,70.92288970947266,70.92300415039062,1556.8231201171875,3101.7958984375,1579.037109375,3147.29248046875,283.0611267089844,58.235191345214844,-3.1325828331318917e-06,0,0,2579.108154296875,1300.751220703125,0,22.880563735961914,2372.78173828125,11.866907119750977,11.872710227966309,795.83837890625,1586.1107177734375,50.56624221801758,50.57984924316406,88.0,0,0,345.6110534667969,0,7.924896240234375,22.1456241607666,22.19794464111328,0,1.034000039100647,0.9067617654800415,50,2.799999952316284,2.622028112411499,0,0,0,0,314.99998519276,0,0,0,0.04799662530422211,0.093766950070858,-0.1416902095079422,7.337518036365509e-05,87.7240982055664,87.7183609008789,729.3699951171875,729.365478515625,729.365478515625,518.9465942382812,0,0,22.880563735961914,0.0010999999940395355,0.02200000174343586,0.03299999609589577,0.04399999603629112,5655.8173828125,114276.53125,0.0429663360118866,0,3.1392715754918754e-05,459.7530212402344,0,0.0002616529818624258,2.8350639695418067e-05,0,0,23.700000762939453,0,0,1600,0,50,0,0,0,50,50,200,0.0,0.0,0.0,0.0
253,156.7086181640625,308.52374267578125,323.4627685546875,323.41046142578125,293.6120910644531,293.6643981933594,16515.818359375,33031.63671875,70.91992950439453,70.92005157470703,1557.0699462890625,3102.30224609375,1579.0419921875,3147.28759765625,283.0582275390625,58.227901458740234,3.313747583888471e-06,0,0,2579.106689453125,1300.7335205078125,0,22.903921127319336,2372.84716796875,11.865724563598633,11.871500015258789,795.8573608398438,1586.1505126953125,50.55066680908203,50.563961029052734,88.0,0,0,345.6112976074219,0,7.924896240234375,22.148540496826172,22.20086097717285,0,1.034000039100647,0.9067617654800415,50,2.799999952316284,2.621955633163452,0,0,0,0,314.99998519276,0,0,0,0.048207420855760574,0.09375286102294922,-0.14189021289348602,7.00727105140686e-05,87.72628784179688,87.72078704833984,729.3787231445312,729.3743896484375,729.3743896484375,518.94970703125,0,0,22.903921127319336,0.0010999999940395355,0.02200000174343586,0.03299999609589577,0.04399999603629112,5655.8173828125,114276.53125,0.0429663360118866,0,3.1392715754918754e-05,461.5738220214844,0,0.0002616529818624258,2.8350639695418067e-05,0,0,23.700000762939453,0,0,1600,0,50,0,0,0,50,50,200,0.0,0.0,0.0,0.0
254,156.70916748046875,308.5210266113281,323.4601135253906,323.4078369140625,293.6092529296875,293.6615295410156,16515.818359375,33031.63671875,70.91697692871094,70.91709899902344,1557.317138671875,3102.807861328125,1579.04150390625,3147.287841796875,283.05535888671875,58.22064208984375,3.772405307245208e-06,0,0,2579.105224609375,1300.7156982421875,0,22.925804138183594,2372.910888671875,11.864554405212402,11.8703031539917,795.876708984375,1586.189697265625,50.53532028198242,50.548248291015625,88.0,0,0,345.611572265625,0,7.924896240234375,22.151456832885742,22.20374298095703,0,1.034000039100647,0.9067617654800415,50,2.799999952316284,2.6218855381011963,0,0,0,0,314.99998519276,0,0,0,0.04841820150613785,0.09373939782381058,-0.14209021627902985,6.739050149917603e-05,87.7283706665039,87.72313690185547,729.3870849609375,729.3829345703125,729.3829345703125,518.95263671875,0,0,22.925804138183594,0.0010999999940395355,0.02200000174343586,0.03299999609589577,0.04399999603629112,5655.8173828125,114276.53125,0.0429663360118866,0,3.1392715754918754e-05,463.3946228027344,0,0.0002616529818624258,2.8350639695418067e-05,0,0,23.700000762939453,0,0,1600,0,50,0,0,0,50,50,200,0.0,0.0,0.0,0.0
255,156.709716796875,308.51824951171875,323.4574890136719,323.4051818847656,293.6064147949219,293.65869140625,16515.818359375,33031.63671875,70.91403198242188,70.91415405273438,1557.5640869140625,3103.3134765625,1579.034423828125,3147.295166015625,283.0525207519531,58.213417053222656,-1.1756020512621035e-06,0,0,2579.103271484375,1300.6973876953125,0,22.948938369750977,2372.97216796875,11.863397598266602,11.869119644165039,795.8945922851562,1586.2269287109375,50.52012634277344,50.53273010253906,88.0,0,0,345.6118469238281,0,7.924896240234375,22.15437126159668,22.2066593170166,0,1.034000039100647,0.9067617654800415,50,2.799999952316284,2.6218175888061523,0,0,0,0,314.99998519276,0,0,0,0.04863423854112625,0.09372658282518387,-0.14229021966457367,7.060915231704712e-05,87.73050689697266,87.72540283203125,729.3950805664062,729.39111328125,729.39111328125,518.9553833007812,0,0,22.948938369750977,0.0010999999940395355,0.02200000174343586,0.03299999609589577,0.04399999603629112,5655.8173828125,114276.53125,0.0429663360118866,0,3.1392715754918754e-05,465.2154235839844,0,0.0002616529818624258,2.8350639695418067e-05,0,0,23.700000762939453,0,0,1600,0,50,0,0,0,50,50,200,0.0,0.0,0.0,0.0
256,156.71029663085938,308.5154724121094,323.454833984375,323.4025573730469,293.6035461425781,293.6558532714844,16515.818359375,33031.63671875,70.91107940673828,70.91119384765625,1557.8123779296875,3103.8203125,1579.039306640625,3147.290283203125,283.0496520996094,58.20621871948242,-2.0565551039908314e-06,0,0,2579.101806640625,1300.679443359375,0,22.97330093383789,2373.033447265625,11.862252235412598,11.867948532104492,795.9111328125,1586.2618408203125,50.50505447387695,50.51738739013672,88.0,0,0,345.6121520996094,0,7.924896240234375,22.15732192993164,22.20960807800293,0,1.034000039100647,0.9067617654800415,50,2.799999952316284,2.6217498779296875,0,0,0,0,314.99998519276,0,0,0,0.04885026812553406,0.09371387213468552,-0.1424902230501175,7.392279803752899e-05,87.7329330444336,87.72766876220703,729.4033203125,729.399169921875,729.399169921875,518.9580078125,0,0,22.97330093383789,0.0010999999940395355,0.02200000174343586,0.03299999609589577,0.04399999603629112,5655.8173828125,114276.53125,0.0429663360118866,0,3.1392715754918754e-05,467.0362243652344,0,0.0002616529818624258,2.8350639695418067e-05,0,0,23.700000762939453,0,0,1600,0,50,0,0,0,50,50,200,0.0,0.0,0.0,0.0
257,156.7108917236328,308.5126953125,323.4521789550781,323.3999328613281,293.6007080078125,293.6529541015625,16515.818359375,33031.63671875,70.90811920166016,70.90823364257812,1558.0606689453125,3104.329345703125,1579.0322265625,3147.29736328125,283.04681396484375,58.19905471801758,2.2915617137186928e-06,0,0,2579.10009765625,1300.6617431640625,0,22.997573852539062,2373.096435546875,11.861120223999023,11.866790771484375,795.927978515625,1586.2965087890625,50.49016571044922,50.502174377441406,88.0,0,0,345.6124267578125,0,7.924896240234375,22.16023826599121,22.212491989135742,0,1.034000039100647,0.9067617654800415,50,2.799999952316284,2.621680498123169,0,0,0,0,314.99998519276,0,0,0,0.04906627535820007,0.09370062500238419,-0.14269022643566132,7.668323814868927e-05,87.73550415039062,87.72999572753906,729.4119262695312,729.4075927734375,729.4075927734375,518.9608154296875,0,0,22.997573852539062,0.0010999999940395355,0.02200000174343586,0.03299999609589577,0.04399999603629112,5655.8173828125,114276.53125,0.0429663360118866,0,3.1392715754918754e-05,468.8570251464844,0,0.0002616529818624258,2.8350639695418067e-05,0,0,23.700000762939453,0,0,1600,0,50,0,0,0,50,50,200,0.0,0.0,0.0,0.0
258,156.71151733398438,308.5098876953125,323.44952392578125,323.3973083496094,293.5978698730469,293.6501159667969,16515.818359375,33031.63671875,70.9051513671875,70.9052734375,1558.3095703125,3104.8369140625,1579.0313720703125,3147.298095703125,283.04400634765625,58.191917419433594,7.099804832932932e-08,0,0,2579.09814453125,1300.6436767578125,0,23.02035140991211,2373.161376953125,11.860002517700195,11.865646362304688,795.9447021484375,1586.331298828125,50.475460052490234,50.48712921142578,88.0,0,0,345.6127624511719,0,7.924896240234375,22.16325569152832,22.21547508239746,0,1.034000039100647,0.9067617654800415,50,2.799999952316284,2.6216087341308594,0,0,0,0,314.99998519276,0,0,0,0.04928227514028549,0.09368684887886047,-0.14289022982120514,7.890164852142334e-05,87.73815155029297,87.7323989868164,729.4208374023438,729.4163208007812,729.4163208007812,518.9638061523438,0,0,23.02035140991211,0.0010999999940395355,0.02200000174343586,0.03299999609589577,0.04399999603629112,5655.8173828125,114276.53125,0.0429663360118866,0,3.1392715754918754e-05,470.6778259277344,0,0.0002616529818624258,2.8350639695418067e-05,0,0,23.700000762939453,0,0,1600,0,50,0,0,0,50,50,200,0.0,0.0,0.0,0.0
259,156.712158203125,308.5072021484375,323.4468688964844,323.3946533203125,293.5950012207031,293.64727783203125,16515.818359375,33031.63671875,70.90219116210938,70.90229797363281,1558.55908203125,3105.347412109375,1579.0364990234375,3147.29296875,283.0411682128906,58.1848258972168,4.822527444048319e-06,0,0,2579.09619140625,1300.625732421875,0,23.04165267944336,2373.228759765625,11.858896255493164,11.864514350891113,795.9627075195312,1586.3687744140625,50.460872650146484,50.47221374511719,88.0,0,0,345.6130676269531,0,7.924896240234375,22.16620635986328,22.218425750732422,0,1.034000039100647,0.9067617654800415,50,2.799999952316284,2.6215343475341797,0,0,0,0,314.99998519276,0,0,0,0.04949299246072769,0.09367242455482483,-0.14309023320674896,7.519125938415527e-05,87.74073028564453,87.7348861694336,729.4301147460938,729.4254760742188,729.4254760742188,518.967041015625,0,0,23.04165267944336,0.0010999999940395355,0.02200000174343586,0.03299999609589577,0.04399999603629112,5655.8173828125,114276.53125,0.0429663360118866,0,3.1392715754918754e-05,472.4986267089844,0,0.0002616529818624258,2.8350639695418067e-05,0,0,23.700000762939453,0,0,1600,0,50,0,0,0,50,50,200,0.0,0.0,0.0,0.0
260,156.71282958984375,308.5044860839844,323.4442443847656,323.39202880859375,293.5921630859375,293.6443786621094,16515.818359375,33031.63671875,70.89923095703125,70.89933776855469,1558.8092041015625,3105.857177734375,1579.037841796875,3147.291748046875,283.03839111328125,58.17776870727539,4.167392035014927e-06,0,0,2579.09423828125,1300.60791015625,0,23.06552505493164,2373.295654296875,11.857802391052246,11.863395690917969,795.9835205078125,1586.408203125,50.446495056152344,50.457454681396484,88.0,0,0,345.6134033203125,0,7.924896240234375,22.169157028198242,22.22137451171875,0,1.034000039100647,0.9067617654800415,50,2.799999952316284,2.621460437774658,0,0,0,0,314.99998519276,0,0,0,0.0497036948800087,0.09365800768136978,-0.14329023659229279,7.147528231143951e-05,87.74299621582031,87.73735809326172,729.4390258789062,729.4346313476562,729.4346313476562,518.97021484375,0,0,23.06552505493164,0.0010999999940395355,0.02200000174343586,0.03299999609589577,0.04399999603629112,5655.8173828125,114276.53125,0.0429663360118866,0,3.1392715754918754e-05,474.3194274902344,0,0.0002616529818624258,2.8350639695418067e-05,0,0,23.700000762939453,0,0,1600,0,50,0,0,0,50,50,200,0.0,0.0,0.0,0.0
261,156.7135009765625,308.50177001953125,323.4416198730469,323.3894348144531,293.5893249511719,293.6415100097656,16515.818359375,33031.63671875,70.8962631225586,70.89637756347656,1559.05859375,3106.3671875,1579.035400390625,3147.2939453125,283.0356140136719,58.17074203491211,-2.475416522429441e-06,0,0,2579.09228515625,1300.5899658203125,0,23.089262008666992,2373.360107421875,11.856720924377441,11.862289428710938,796.0028076171875,1586.450439453125,50.43224334716797,50.442901611328125,88.0,0,0,345.6137390136719,0,7.924896240234375,22.17214012145996,22.22432518005371,0,1.034000039100647,0.9067617654800415,50,2.799999952316284,2.621389150619507,0,0,0,0,314.99998519276,0,0,0,0.049914389848709106,0.09364423155784607,-0.1434902399778366,6.838515400886536e-05,87.7451171875,87.73974609375,729.4475708007812,729.443359375,729.443359375,518.9732666015625,0,0,23.089262008666992,0.0010999999940395355,0.02200000174343586,0.03299999609589577,0.04399999603629112,5655.8173828125,114276.53125,0.0429663360118866,0,3.1392715754918754e-05,476.1402282714844,0,0.0002616529818624258,2.8350639695418067e-05,0,0,23.700000762939453,0,0,1600,0,50,0,0,0,50,50,200,0.0,0.0,0.0,0.0
262,156.71421813964844,308.4989929199219,323.43896484375,323.38677978515625,293.5864562988281,293.6386413574219,16515.818359375,33031.63671875,70.89330291748047,70.8934097290039,1559.3076171875,3106.876220703125,1579.0343017578125,3147.295166015625,283.0328369140625,58.16373825073242,5.00355690746801e-06,0,0,2579.09033203125,1300.5716552734375,0,23.11288833618164,2373.422607421875,11.855653762817383,11.861196517944336,796.0208129882812,1586.4879150390625,50.41817855834961,50.428531646728516,88.0,0,0,345.6141357421875,0,7.924896240234375,22.17515754699707,22.22734260559082,0,1.034000039100647,0.9067617654800415,50,2.799999952316284,2.6213200092315674,0,0,0,0,314.99998519276,0,0,0,0.050130341202020645,0.0936310887336731,-0.14369024336338043,7.119588553905487e-05,87.74726104736328,87.74205780029297,729.455810546875,729.4517211914062,729.4517211914062,518.97607421875,0,0,23.11288833618164,0.0010999999940395355,0.02200000174343586,0.03299999609589577,0.04399999603629112,5655.8173828125,114276.53125,0.0429663360118866,0,3.1392715754918754e-05,477.9610290527344,0,0.0002616529818624258,2.8350639695418067e-05,0,0,23.700000762939453,0,0,1600,0,50,0,0,0,50,50,200,0.0,0.0,0.0,0.0
263,156.71493530273438,308.4962158203125,323.4363098144531,323.3841857910156,293.5836181640625,293.6357727050781,16515.818359375,33031.63671875,70.89034271240234,70.89044952392578,1559.5565185546875,3107.384765625,1579.033447265625,3147.296142578125,283.03009033203125,58.15676498413086,-4.140878445468843e-06,0,0,2579.08837890625,1300.553955078125,0,23.133697509765625,2373.484619140625,11.854598999023438,11.86011791229248,796.03759765625,1586.5225830078125,50.40430450439453,50.41433334350586,88.0,0,0,345.6144714355469,0,7.924896240234375,22.178142547607422,22.23029327392578,0,1.034000039100647,0.9067617654800415,50,2.799999952316284,2.6212515830993652,0,0,0,0,314.99998519276,0,0,0,0.05034627020359039,0.09361816942691803,-0.14389024674892426,7.419660687446594e-05,87.74967956542969,87.74434661865234,729.464111328125,729.4598999023438,729.4598999023438,518.978759765625,0,0,23.133697509765625,0.0010999999940395355,0.02200000174343586,0.03299999609589577,0.04399999603629112,5655.8173828125,114276.53125,0.0429663360118866,0,3.1392715754918754e-05,479.7818298339844,0,0.0002616529818624258,2.8350639695418067e-05,0,0,23.700000762939453,0,0,1600,0,50,0,0,0,50,50,200,0.0,0.0,0.0,0.0
264,156.71568298339844,308.493408203125,323.4336853027344,323.38153076171875,293.5807800292969,293.6329345703125,16515.818359375,33031.63671875,70.88737487792969,70.88748931884766,1559.8052978515625,3107.89404296875,1579.0322265625,3147.29736328125,283.0273132324219,58.14982223510742,1.998484322029981e-06,0,0,2579.0859375,1300.5360107421875,0,23.157121658325195,2373.548095703125,11.853557586669922,11.859051704406738,796.05419921875,1586.5574951171875,50.39054489135742,50.40030288696289,88.0,0,0,345.6148681640625,0,7.924896240234375,22.181194305419922,22.23334503173828,0,1.034000039100647,0.9067617654800415,50,2.799999952316284,2.6211814880371094,0,0,0,0,314.99998519276,0,0,0,0.050562191754579544,0.09360481798648834,-0.14409025013446808,7.676705718040466e-05,87.75224304199219,87.74669647216797,729.4727172851562,729.4683837890625,729.4683837890625,518.9816284179688,0,0,23.157121658325195,0.0010999999940395355,0.02200000174343586,0.03299999609589577,0.04399999603629112,5655.8173828125,114276.53125,0.0429663360118866,0,3.1392715754918754e-05,481.6026306152344,0,0.0002616529818624258,2.8350639695418067e-05,0,0,23.700000762939453,0,0,1600,0,50,0,0,0,50,50,200,0.0,0.0,0.0,0.0
265,156.7164306640625,308.4906311035156,323.4310302734375,323.3788757324219,293.5779113769531,293.6300354003906,16515.818359375,33031.63671875,70.88441467285156,70.884521484375,1560.0543212890625,3108.404541015625,1579.0330810546875,3147.29638671875,283.0245666503906,58.142906188964844,1.5691661019445746e-06,0,0,2579.083984375,1300.5177001953125,0,23.18043327331543,2373.61328125,11.852527618408203,11.857996940612793,796.072265625,1586.59228515625,50.37693405151367,50.38640213012695,88.0,0,0,345.615234375,0,7.924896240234375,22.18421173095703,22.23636245727539,0,1.034000039100647,0.9067617654800415,50,2.799999952316284,2.6211094856262207,0,0,0,0,314.99998519276,0,0,0,0.0507780984044075,0.09359093010425568,-0.1442902535200119,7.878430187702179e-05,87.75487518310547,87.74910736083984,729.4817504882812,729.4772338867188,729.4772338867188,518.984619140625,0,0,23.18043327331543,0.0010999999940395355,0.02200000174343586,0.03299999609589577,0.04399999603629112,5655.8173828125,114276.53125,0.0429663360118866,0,3.1392715754918754e-05,483.4234313964844,0,0.0002616529818624258,2.8350639695418067e-05,0,0,23.700000762939453,0,0,1600,0,50,0,0,0,50,50,200,0.0,0.0,0.0,0.0
266,156.7172088623047,308.4879150390625,323.4283752441406,323.37628173828125,293.5750427246094,293.62713623046875,16515.818359375,33031.63671875,70.8814468383789,70.88155364990234,1560.30322265625,3108.9140625,1579.0369873046875,3147.292724609375,283.0218811035156,58.13603210449219,-3.1048016353452113e-06,0,0,2579.08154296875,1300.5001220703125,0,23.2022705078125,2373.6806640625,11.851511001586914,11.85695743560791,796.09033203125,1586.6319580078125,50.36349105834961,50.37267303466797,88.0,0,0,345.61566162109375,0,7.924896240234375,22.18726348876953,22.2393798828125,0,1.034000039100647,0.9067617654800415,50,2.799999952316284,2.621035099029541,0,0,0,0,314.99998519276,0,0,0,0.050988730043172836,0.09357650578022003,-0.14449025690555573,7.499009370803833e-05,87.75743865966797,87.75159454345703,729.490966796875,729.4863891601562,729.4863891601562,518.9878540039062,0,0,23.2022705078125,0.0010999999940395355,0.02200000174343586,0.03299999609589577,0.04399999603629112,5655.8173828125,114276.53125,0.0429663360118866,0,3.1392715754918754e-05,485.2442321777344,0,0.0002616529818624258,2.8350639695418067e-05,0,0,23.700000762939453,0,0,1600,0,50,0,0,0,50,50,200,0.0,0.0,0.0,0.0
267,156.718017578125,308.4852294921875,323.4257507324219,323.3736572265625,293.5721435546875,293.6242370605469,16515.818359375,33031.63671875,70.87847900390625,70.87859344482422,1560.55224609375,3109.4228515625,1579.0299072265625,3147.299560546875,283.0191650390625,58.12919235229492,-2.549699502196745e-06,0,0,2579.0791015625,1300.482177734375,0,23.223953247070312,2373.74755859375,11.850506782531738,11.85593032836914,796.1097412109375,1586.671630859375,50.350223541259766,50.35910415649414,88.0,0,0,345.61602783203125,0,7.924896240234375,22.19028091430664,22.24236488342285,0,1.034000039100647,0.9067617654800415,50,2.799999952316284,2.6209614276885986,0,0,0,0,314.99998519276,0,0,0,0.05119934678077698,0.09356208890676498,-0.14469026029109955,7.118470966815948e-05,87.75970458984375,87.75406646728516,729.4999389648438,729.4955444335938,729.4955444335938,518.9910278320312,0,0,23.223953247070312,0.0010999999940395355,0.02200000174343586,0.03299999609589577,0.04399999603629112,5655.8173828125,114276.53125,0.0429663360118866,0,3.1392715754918754e-05,487.0650329589844,0,0.0002616529818624258,2.8350639695418067e-05,0,0,23.700000762939453,0,0,1600,0,50,0,0,0,50,50,200,0.0,0.0,0.0,0.0
268,156.71884155273438,308.4825134277344,323.423095703125,323.3710632324219,293.5693054199219,293.62139892578125,16515.818359375,33031.63671875,70.87551879882812,70.87562561035156,1560.8006591796875,3109.930908203125,1579.028564453125,3147.30078125,283.0164489746094,58.12238311767578,2.6534648895903956e-06,0,0,2579.076904296875,1300.4642333984375,0,23.244159698486328,2373.81201171875,11.849515914916992,11.854915618896484,796.1287841796875,1586.7115478515625,50.337100982666016,50.34572219848633,88.0,0,0,345.616455078125,0,7.924896240234375,22.19336700439453,22.24541664123535,0,1.034000039100647,0.9067617654800415,50,2.799999952316284,2.620889902114868,0,0,0,0,314.99998519276,0,0,0,0.051409948617219925,0.09354831278324127,-0.14489026367664337,6.800517439842224e-05,87.76181030273438,87.75645446777344,729.5084838867188,729.5042724609375,729.5042724609375,518.9940795898438,0,0,23.244159698486328,0.0010999999940395355,0.02200000174343586,0.03299999609589577,0.04399999603629112,5655.8173828125,114276.53125,0.0429663360118866,0,3.1392715754918754e-05,488.8858337402344,0,0.0002616529818624258,2.8350639695418067e-05,0,0,23.700000762939453,0,0,1600,0,50,0,0,0,50,50,200,0.0,0.0,0.0,0.0
269,156.7196807861328,308.4797668457031,323.4205017089844,323.3684387207031,293.5664367675781,293.6184997558594,16515.818359375,33031.63671875,70.87256622314453,70.87267303466797,1561.0477294921875,3110.4375,1579.033935546875,3147.295654296875,283.0137634277344,58.11560821533203,2.4499640858266503e-06,0,0,2579.074462890625,1300.4461669921875,0,23.266958236694336,2373.87451171875,11.848538398742676,11.853914260864258,796.1478881835938,1586.7510986328125,50.32418441772461,50.332523345947266,88.0,0,0,345.61688232421875,0,7.924896240234375,22.19638442993164,22.24843406677246,0,1.034000039100647,0.9067617654800415,50,2.799999952316284,2.620821237564087,0,0,0,0,314.99998519276,0,0,0,0.05162317305803299,0.0935351774096489,-0.1450902670621872,6.808899343013763e-05,87.76382446289062,87.75875854492188,729.5166015625,729.5126342773438,729.5126342773438,518.9968872070312,0,0,23.266958236694336,0.0010999999940395355,0.02200000174343586,0.03299999609589577,0.04399999603629112,5655.8173828125,114276.53125,0.0429663360118866,0,3.1392715754918754e-05,490.7066345214844,0,0.0002616529818624258,2.8350639695418067e-05,0,0,23.700000762939453,0,0,1600,0,50,0,0,0,50,50,200,0.0,0.0,0.0,0.0
270,156.7205352783203,308.47698974609375,323.4178466796875,323.3658142089844,293.5635681152344,293.6156311035156,16515.818359375,33031.63671875,70.86961364746094,70.86971282958984,1561.2947998046875,3110.943115234375,1579.0330810546875,3147.29638671875,283.0110778808594,58.108848571777344,4.570494184008567e-06,0,0,2579.07177734375,1300.428466796875,0,23.289644241333008,2373.935302734375,11.84757137298584,11.852926254272461,796.1646728515625,1586.785888671875,50.31142807006836,50.319496154785156,88.0,0,0,345.6173095703125,0,7.924896240234375,22.19947052001953,22.25148582458496,0,1.034000039100647,0.9067617654800415,50,2.799999952316284,2.6207540035247803,0,0,0,0,314.99998519276,0,0,0,0.05183902010321617,0.0935225710272789,-0.14529027044773102,7.13244080543518e-05,87.76609802246094,87.7610092163086,729.5245971679688,729.5206298828125,729.5206298828125,518.99951171875,0,0,23.289644241333008,0.0010999999940395355,0.02200000174343586,0.03299999609589577,0.04399999603629112,5655.8173828125,114276.53125,0.0429663360118866,0,3.1392715754918754e-05,492.5274353027344,0,0.0002616529818624258,2.8350639695418067e-05,0,0,23.700000762939453,0,0,1600,0,50,0,0,0,50,50,200,0.0,0.0,0.0,0.0
271,156.72142028808594,308.47418212890625,323.4151611328125,323.3631591796875,293.5607604980469,293.61279296875,16515.818359375,33031.63671875,70.86664581298828,70.86675262451172,1561.5419921875,3111.44775390625,1579.03125,3147.29833984375,283.0084228515625,58.10212326049805,1.2843596550737857e-06,0,0,2579.0693359375,1300.410400390625,0,23.312265396118164,2373.996337890625,11.846619606018066,11.851949691772461,796.181640625,1586.822509765625,50.29891586303711,50.306583404541016,88.0,0,0,345.6177673339844,0,7.924896240234375,22.20258903503418,22.254606246948242,0,1.034000039100647,0.9067617654800415,50,2.799999952316284,2.6206865310668945,0,0,0,0,314.99998519276,0,0,0,0.05205484852194786,0.09350986033678055,-0.14549027383327484,7.444247603416443e-05,87.76856994628906,87.76326751708984,729.5328979492188,729.5286865234375,729.5286865234375,519.0021362304688,0,0,23.312265396118164,0.0010999999940395355,0.02200000174343586,0.03299999609589577,0.04399999603629112,5655.8173828125,114276.53125,0.0429663360118866,0,3.1392715754918754e-05,494.3482360839844,0,0.0002616529818624258,2.8350639695418067e-05,0,0,23.700000762939453,0,0,1600,0,50,0,0,0,50,50,200,0.0,0.0,0.0,0.0
272,156.72230529785156,308.4714050292969,323.4125061035156,323.36053466796875,293.557861328125,293.60986328125,16515.818359375,33031.63671875,70.86368560791016,70.86378479003906,1561.7894287109375,3111.9521484375,1579.03173828125,3147.2978515625,283.0057678222656,58.095420837402344,1.4842714790574973e-06,0,0,2579.066650390625,1300.39208984375,0,23.33475112915039,2374.06005859375,11.845677375793457,11.85098648071289,796.199462890625,1586.857177734375,50.28644943237305,50.29386520385742,88.0,0,0,345.61822509765625,0,7.924896240234375,22.20570945739746,22.2576904296875,0,1.034000039100647,0.9067617654800415,50,2.799999952316284,2.6206164360046387,0,0,0,0,314.99998519276,0,0,0,0.05227066949009895,0.09349650889635086,-0.14569027721881866,7.691234350204468e-05,87.77116394042969,87.76561737060547,729.54150390625,729.5371704101562,729.5371704101562,519.0050048828125,0,0,23.33475112915039,0.0010999999940395355,0.02200000174343586,0.03299999609589577,0.04399999603629112,5655.8173828125,114276.53125,0.0429663360118866,0,3.1392715754918754e-05,496.1690368652344,0,0.0002616529818624258,2.8350639695418067e-05,0,0,23.700000762939453,0,0,1600,0,50,0,0,0,50,50,200,0.0,0.0,0.0,0.0
273,156.7232208251953,308.4686584472656,323.4098815917969,323.3579406738281,293.5549621582031,293.60699462890625,16515.818359375,33031.63671875,70.8607177734375,70.8608169555664,1562.0360107421875,3112.4560546875,1579.0245361328125,3147.304931640625,283.0031433105469,58.0887565612793,-3.1414738259627484e-06,0,0,2579.06396484375,1300.374267578125,0,23.355806350708008,2374.125244140625,11.844749450683594,11.85003662109375,796.216064453125,1586.8917236328125,50.274147033691406,50.28129577636719,88.0,0,0,345.6186828613281,0,7.924896240234375,22.20879554748535,22.2607421875,0,1.034000039100647,0.9067617654800415,50,2.799999952316284,2.62054443359375,0,0,0,0,314.99998519276,0,0,0,0.05248383805155754,0.09348262846469879,-0.1458902806043625,7.61914998292923e-05,87.77381134033203,87.76802825927734,729.550537109375,729.5459594726562,729.5459594726562,519.0079956054688,0,0,23.355806350708008,0.0010999999940395355,0.02200000174343586,0.03299999609589577,0.04399999603629112,5655.8173828125,114276.53125,0.0429663360118866,0,3.1392715754918754e-05,497.9898376464844,0,0.0002616529818624258,2.8350639695418067e-05,0,0,23.700000762939453,0,0,1600,0,50,0,0,0,50,50,200,0.0,0.0,0.0,0.0
274,156.7241668701172,308.4659423828125,323.40716552734375,323.3552551269531,293.55218505859375,293.6041259765625,16515.818359375,33031.63671875,70.85774993896484,70.85785675048828,1562.2822265625,3112.9599609375,1579.0296630859375,3147.2998046875,283.0005187988281,58.082122802734375,-3.119157554465346e-06,0,0,2579.061279296875,1300.3564453125,0,23.3767032623291,2374.19189453125,11.84383487701416,11.849098205566406,796.2350463867188,1586.9312744140625,50.261993408203125,50.26886749267578,88.0,0,0,345.619140625,0,7.924896240234375,22.21198272705078,22.263896942138672,0,1.034000039100647,0.9067617654800415,50,2.799999952316284,2.6204707622528076,0,0,0,0,314.99998519276,0,0,0,0.05269436910748482,0.0934683084487915,-0.1460902839899063,7.240287959575653e-05,87.77618408203125,87.77049255371094,729.5595703125,729.5550537109375,729.5550537109375,519.0111694335938,0,0,23.3767032623291,0.0010999999940395355,0.02200000174343586,0.03299999609589577,0.04399999603629112,5655.8173828125,114276.53125,0.0429663360118866,0,3.1392715754918754e-05,499.8106384277344,0,0.0002616529818624258,2.8350639695418067e-05,0,0,23.700000762939453,0,0,1600,0,50,0,0,0,50,50,200,0.0,0.0,0.0,0.0
275,156.72512817382812,308.4632568359375,323.4045104980469,323.35260009765625,293.5493469238281,293.6012878417969,16515.818359375,33031.63671875,70.85478973388672,70.85488891601562,1562.52685546875,3113.461181640625,1579.0272216796875,3147.30224609375,282.9978942871094,58.075523376464844,2.132229155904497e-06,0,0,2579.05859375,1300.338623046875,0,23.397491455078125,2374.25732421875,11.84293270111084,11.848175048828125,796.254150390625,1586.9730224609375,50.250022888183594,50.25663375854492,88.0,0,0,345.6196594238281,0,7.924896240234375,22.21513557434082,22.26704978942871,0,1.034000039100647,0.9067617654800415,50,2.799999952316284,2.62039852142334,0,0,0,0,314.99998519276,0,0,0,0.0529048852622509,0.09345431625843048,-0.14629028737545013,6.892159581184387e-05,87.7783432006836,87.77291107177734,729.5682373046875,729.56396484375,729.56396484375,519.0142822265625,0,0,23.397491455078125,0.0010999999940395355,0.02200000174343586,0.03299999609589577,0.04399999603629112,5655.8173828125,114276.53125,0.0429663360118866,0,3.1392715754918754e-05,501.6314392089844,0,0.0002616529818624258,2.8350639695418067e-05,0,0,23.700000762939453,0,0,1600,0,50,0,0,0,50,50,200,0.0,0.0,0.0,0.0
276,156.72610473632812,308.46051025390625,323.40191650390625,323.3500061035156,293.5464782714844,293.598388671875,16515.818359375,33031.63671875,70.85183715820312,70.8519287109375,1562.7711181640625,3113.96044921875,1579.0279541015625,3147.3017578125,282.99530029296875,58.06896209716797,2.5579583962098695e-06,0,0,2579.055419921875,1300.3204345703125,0,23.41814613342285,2374.31982421875,11.842041969299316,11.847264289855957,796.2744140625,1587.01220703125,50.23821258544922,50.244590759277344,88.0,0,0,345.6201171875,0,7.924896240234375,22.21822166442871,22.2701358795166,0,1.034000039100647,0.9067617654800415,50,2.799999952316284,2.6203296184539795,0,0,0,0,314.99998519276,0,0,0,0.0531180202960968,0.09344107657670975,-0.14649029076099396,6.880983710289001e-05,87.78038024902344,87.77522277832031,729.576416015625,729.5723876953125,729.5723876953125,519.0171508789062,0,0,23.41814613342285,0.0010999999940395355,0.02200000174343586,0.03299999609589577,0.04399999603629112,5655.8173828125,114276.53125,0.0429663360118866,0,3.1392715754918754e-05,503.4522399902344,0,0.0002616529818624258,2.8350639695418067e-05,0,0,23.700000762939453,0,0,1600,0,50,0,0,0,50,50,200,0.0,0.0,0.0,0.0
277,156.7270965576172,308.45770263671875,323.3992614746094,323.34735107421875,293.54364013671875,293.5955505371094,16515.818359375,33031.63671875,70.848876953125,70.84896850585938,1563.015625,3114.45751953125,1579.0338134765625,3147.295654296875,282.9927062988281,58.062408447265625,4.145703314861748e-06,0,0,2579.052490234375,1300.3026123046875,0,23.441390991210938,2374.381103515625,11.841163635253906,11.846365928649902,796.2911987304688,1587.0462646484375,50.22665023803711,50.232669830322266,88.0,0,0,345.6206359863281,0,7.924896240234375,22.22137451171875,22.27328872680664,0,1.034000039100647,0.9067617654800415,50,2.799999952316284,2.6202619075775146,0,0,0,0,314.99998519276,0,0,0,0.05333377420902252,0.0934283584356308,-0.14669029414653778,7.184967398643494e-05,87.78266906738281,87.7774887084961,729.5845336914062,729.5804443359375,729.5804443359375,519.019775390625,0,0,23.441390991210938,0.0010999999940395355,0.02200000174343586,0.03299999609589577,0.04399999603629112,5655.8173828125,114276.53125,0.0429663360118866,0,3.1392715754918754e-05,505.2730407714844,0,0.0002616529818624258,2.8350639695418067e-05,0,0,23.700000762939453,0,0,1600,0,50,0,0,0,50,50,200,0.0,0.0,0.0,0.0
278,156.7281036376953,308.4549255371094,323.3965759277344,323.3446960449219,293.5408020019531,293.59271240234375,16515.818359375,33031.63671875,70.84590911865234,70.84600067138672,1563.2579345703125,3114.95556640625,1579.0328369140625,3147.296630859375,282.9901123046875,58.05590057373047,2.0698062144219875e-06,0,0,2579.049560546875,1300.2845458984375,0,23.461864471435547,2374.44287109375,11.840298652648926,11.845479011535645,796.3076171875,1587.0804443359375,50.21516418457031,50.22093200683594,88.0,0,0,345.62115478515625,0,7.924896240234375,22.22456169128418,22.27644157409668,0,1.034000039100647,0.9067617654800415,50,2.799999952316284,2.6201937198638916,0,0,0,0,314.99998519276,0,0,0,0.05354951322078705,0.09341543912887573,-0.1468902975320816,7.466040551662445e-05,87.78514862060547,87.77977752685547,729.5928344726562,729.588623046875,729.588623046875,519.0225219726562,0,0,23.461864471435547,0.0010999999940395355,0.02200000174343586,0.03299999609589577,0.04399999603629112,5655.8173828125,114276.53125,0.0429663360118866,0,3.1392715754918754e-05,507.0938415527344,0,0.0002616529818624258,2.8350639695418067e-05,0,0,23.700000762939453,0,0,1600,0,50,0,0,0,50,50,200,0.0,0.0,0.0,0.0
279,156.7291259765625,308.45220947265625,323.3939514160156,323.3420715332031,293.5379333496094,293.58984375,16515.818359375,33031.63671875,70.84294128417969,70.8430404663086,1563.499755859375,3115.451171875,1579.02587890625,3147.3037109375,282.987548828125,58.04940414428711,1.7369324041283107e-06,0,0,2579.046630859375,1300.266845703125,0,23.48354721069336,2374.5068359375,11.839446067810059,11.844606399536133,796.3253173828125,1587.116943359375,50.20383834838867,50.20936584472656,88.0,0,0,345.6216735839844,0,7.924896240234375,22.227750778198242,22.279630661010742,0,1.034000039100647,0.9067617654800415,50,2.799999952316284,2.6201231479644775,0,0,0,0,314.99998519276,0,0,0,0.05375997722148895,0.09340198338031769,-0.14709030091762543,7.166527211666107e-05,87.78761291503906,87.78213500976562,729.6015014648438,729.59716796875,729.59716796875,519.025390625,0,0,23.48354721069336,0.0010999999940395355,0.02200000174343586,0.03299999609589577,0.04399999603629112,5655.8173828125,114276.53125,0.0429663360118866,0,3.1392715754918754e-05,508.9146423339844,0,0.0002616529818624258,2.8350639695418067e-05,0,0,23.700000762939453,0,0,1600,0,50,0,0,0,50,50,200,0.0,0.0,0.0,0.0
280,156.73016357421875,308.449462890625,323.3913269042969,323.3394470214844,293.5350646972656,293.58697509765625,16515.818359375,33031.63671875,70.83998107910156,70.84008026123047,1563.7408447265625,3115.945556640625,1579.0242919921875,3147.30517578125,282.9850158691406,58.04295349121094,-2.2595831978833303e-06,0,0,2579.04345703125,1300.2486572265625,0,23.50245475769043,2374.570556640625,11.838605880737305,11.843746185302734,796.3438110351562,1587.15625,50.192596435546875,50.19798278808594,88.0,0,0,345.6221923828125,0,7.924896240234375,22.23086929321289,22.28274917602539,0,1.034000039100647,0.9067617654800415,50,2.799999952316284,2.6200528144836426,0,0,0,0,314.99998519276,0,0,0,0.053973063826560974,0.09338841587305069,-0.14729030430316925,7.117912173271179e-05,87.7898178100586,87.78449249267578,729.6099853515625,729.6057739257812,729.6057739257812,519.0283203125,0,0,23.50245475769043,0.0010999999940395355,0.02200000174343586,0.03299999609589577,0.04399999603629112,5655.8173828125,114276.53125,0.0429663360118866,0,3.1392715754918754e-05,510.7354431152344,0,0.0002616529818624258,2.8350639695418067e-05,0,0,23.700000762939453,0,0,1600,0,50,0,0,0,50,50,200,0.0,0.0,0.0,0.0
281,156.7312469482422,308.44677734375,323.388671875,323.3367919921875,293.5322265625,293.5841369628906,16515.818359375,33031.63671875,70.83702087402344,70.83711242675781,1563.9810791015625,3116.438232421875,1579.0233154296875,3147.30615234375,282.9824523925781,58.03652572631836,-2.7700521059159655e-06,0,0,2579.04052734375,1300.23095703125,0,23.52527618408203,2374.633544921875,11.837778091430664,11.842897415161133,796.3626098632812,1587.195068359375,50.18158721923828,50.18672180175781,88.0,0,0,345.62274169921875,0,7.924896240234375,22.23405647277832,22.28593635559082,0,1.034000039100647,0.9067617654800415,50,2.799999952316284,2.619983434677124,0,0,0,0,314.99998519276,0,0,0,0.05418350547552109,0.09337516874074936,-0.14749030768871307,6.837397813796997e-05,87.79206848144531,87.78681945800781,729.6183471679688,729.6141967773438,729.6141967773438,519.0311889648438,0,0,23.52527618408203,0.0010999999940395355,0.02200000174343586,0.03299999609589577,0.04399999603629112,5655.8173828125,114276.53125,0.0429663360118866,0,3.1392715754918754e-05,512.5562744140625,0,0.0002616529818624258,2.8350639695418067e-05,0,0,23.700000762939453,0,0,1600,0,50,0,0,0,50,50,200,0.0,0.0,0.0,0.0
282,156.73233032226562,308.4439697265625,323.38604736328125,323.33416748046875,293.52935791015625,293.5812683105469,16515.818359375,33031.63671875,70.83406829833984,70.83415985107422,1564.221435546875,3116.92724609375,1579.02294921875,3147.306640625,282.97991943359375,58.03013610839844,2.52955692303658e-06,0,0,2579.037109375,1300.212890625,0,23.5439395904541,2374.695068359375,11.836962699890137,11.842062950134277,796.3804321289062,1587.2310791015625,50.17081832885742,50.17560958862305,88.0,0,0,345.6233215332031,0,7.924896240234375,22.23727798461914,22.28915786743164,0,1.034000039100647,0.9067617654800415,50,2.799999952316284,2.61991548538208,0,0,0,0,314.99998519276,0,0,0,0.054399192333221436,0.0933622419834137,-0.1476903110742569,7.113441824913025e-05,87.79425811767578,87.78910064697266,729.62646484375,729.6224365234375,729.6224365234375,519.0338745117188,0,0,23.5439395904541,0.0010999999940395355,0.02200000174343586,0.03299999609589577,0.04399999603629112,5655.8173828125,114276.53125,0.0429663360118866,0,3.1392715754918754e-05,514.3770751953125,0,0.0002616529818624258,2.8350639695418067e-05,0,0,23.700000762939453,0,0,1600,0,50,0,0,0,50,50,200,0.0,0.0,0.0,0.0
283,156.73342895507812,308.44122314453125,323.3833923339844,323.33154296875,293.5265197753906,293.5783996582031,16515.818359375,33031.63671875,70.83110809326172,70.8311996459961,1564.460205078125,3117.41552734375,1579.0267333984375,3147.302734375,282.9774169921875,58.02375793457031,-1.0635461649144418e-06,0,0,2579.0341796875,1300.1953125,0,23.567901611328125,2374.756591796875,11.836159706115723,11.841238975524902,796.3953857421875,1587.2646484375,50.160133361816406,50.1646842956543,88.0,0,0,345.6238708496094,0,7.924896240234375,22.24046516418457,22.29231071472168,0,1.034000039100647,0.9067617654800415,50,2.799999952316284,2.619847536087036,0,0,0,0,314.99998519276,0,0,0,0.054612237960100174,0.09334943443536758,-0.14789031445980072,7.136352360248566e-05,87.79667663574219,87.79137420654297,729.634765625,729.6305541992188,729.6305541992188,519.0365600585938,0,0,23.567901611328125,0.0010999999940395355,0.02200000174343586,0.03299999609589577,0.04399999603629112,5655.8173828125,114276.53125,0.0429663360118866,0,3.1392715754918754e-05,516.1978759765625,0,0.0002616529818624258,2.8350639695418067e-05,0,0,23.700000762939453,0,0,1600,0,50,0,0,0,50,50,200,0.0,0.0,0.0,0.0
284,156.7345428466797,308.43853759765625,323.3808288574219,323.3289794921875,293.52362060546875,293.5754699707031,16515.818359375,33031.63671875,70.8281478881836,70.82823944091797,1564.69775390625,3117.90185546875,1579.02734375,3147.30224609375,282.9748840332031,58.01741409301758,5.724209017898829e-07,0,0,2579.03076171875,1300.1771240234375,0,23.58636474609375,2374.819091796875,11.835369110107422,11.840429306030273,796.415283203125,1587.3033447265625,50.14960479736328,50.15391540527344,88.0,0,0,345.6244201660156,0,7.924896240234375,22.243619918823242,22.29546546936035,0,1.034000039100647,0.9067617654800415,50,2.799999952316284,2.619778871536255,0,0,0,0,314.99998519276,0,0,0,0.0548226423561573,0.09333629161119461,-0.14809031784534454,6.862543523311615e-05,87.7989273071289,87.7936782836914,729.6430053710938,729.638916015625,729.638916015625,519.0393676757812,0,0,23.58636474609375,0.0010999999940395355,0.02200000174343586,0.03299999609589577,0.04399999603629112,5655.8173828125,114276.53125,0.0429663360118866,0,3.1392715754918754e-05,518.0186767578125,0,0.0002616529818624258,2.8350639695418067e-05,0,0,23.700000762939453,0,0,1600,0,50,0,0,0,50,50,200,0.0,0.0,0.0,0.0
285,156.73568725585938,308.43572998046875,323.3782043457031,323.32635498046875,293.520751953125,293.5726013183594,16515.818359375,33031.63671875,70.82518768310547,70.82527923583984,1564.9337158203125,3118.38671875,1579.020263671875,3147.309326171875,282.972412109375,58.0110969543457,-4.360292678029509e-06,0,0,2579.02734375,1300.1590576171875,0,23.607419967651367,2374.880615234375,11.834589958190918,11.839631080627441,796.4325561523438,1587.3392333984375,50.13920974731445,50.1433219909668,88.0,0,0,345.625,0,7.924896240234375,22.246807098388672,22.29865264892578,0,1.034000039100647,0.9067617654800415,50,2.799999952316284,2.619710683822632,0,0,0,0,314.99998519276,0,0,0,0.055038291960954666,0.09332337230443954,-0.14829032123088837,7.134675979614258e-05,87.80113220214844,87.79595947265625,729.6511840820312,729.6470947265625,729.6470947265625,519.0421142578125,0,0,23.607419967651367,0.0010999999940395355,0.02200000174343586,0.03299999609589577,0.04399999603629112,5655.8173828125,114276.53125,0.0429663360118866,0,3.1392715754918754e-05,519.8394775390625,0,0.0002616529818624258,2.8350639695418067e-05,0,0,23.700000762939453,0,0,1600,0,50,0,0,0,50,50,200,0.0,0.0,0.0,0.0
286,156.73683166503906,308.4329528808594,323.3755187988281,323.3236999511719,293.5179443359375,293.56976318359375,16515.818359375,33031.63671875,70.82222747802734,70.82231903076172,1565.1695556640625,3118.86962890625,1579.0252685546875,3147.30419921875,282.96990966796875,58.00481414794922,-4.063936557940906e-06,0,0,2579.02392578125,1300.141357421875,0,23.62702178955078,2374.94287109375,11.833823204040527,11.838845252990723,796.4486083984375,1587.372802734375,50.12898254394531,50.132869720458984,88.0,0,0,345.6255798339844,0,7.924896240234375,22.25006103515625,22.3018741607666,0,1.034000039100647,0.9067617654800415,50,2.799999952316284,2.6196422576904297,0,0,0,0,314.99998519276,0,0,0,0.055253930389881134,0.09331044554710388,-0.1484903246164322,7.405690848827362e-05,87.80355834960938,87.79825592041016,729.6594848632812,729.6553344726562,729.6553344726562,519.0447998046875,0,0,23.62702178955078,0.0010999999940395355,0.02200000174343586,0.03299999609589577,0.04399999603629112,5655.8173828125,114276.53125,0.0429663360118866,0,3.1392715754918754e-05,521.6602783203125,0,0.0002616529818624258,2.8350639695418067e-05,0,0,23.700000762939453,0,0,1600,0,50,0,0,0,50,50,200,0.0,0.0,0.0,0.0
287,156.73802185058594,308.43023681640625,323.3728942871094,323.3210754394531,293.51507568359375,293.56689453125,16515.818359375,33031.63671875,70.81926727294922,70.8193588256836,1565.404052734375,3119.35009765625,1579.024658203125,3147.304931640625,282.9674377441406,57.99855041503906,-8.625413556728745e-07,0,0,2579.0205078125,1300.1236572265625,0,23.64921760559082,2375.005859375,11.83306884765625,11.83807373046875,796.4659423828125,1587.408447265625,50.11891555786133,50.122581481933594,88.0,0,0,345.6261901855469,0,7.924896240234375,22.25331687927246,22.30512809753418,0,1.034000039100647,0.9067617654800415,50,2.799999952316284,2.619572639465332,0,0,0,0,314.99998519276,0,0,0,0.05546429380774498,0.0932970866560936,-0.148690328001976,7.106177508831024e-05,87.80599975585938,87.80059051513672,729.6680297851562,729.6637573242188,729.6637573242188,519.0476684570312,0,0,23.64921760559082,0.0010999999940395355,0.02200000174343586,0.03299999609589577,0.04399999603629112,5655.8173828125,114276.53125,0.0429663360118866,0,3.1392715754918754e-05,523.4810791015625,0,0.0002616529818624258,2.8350639695418067e-05,0,0,23.700000762939453,0,0,1600,0,50,0,0,0,50,50,200,0.0,0.0,0.0,0.0
288,156.7392120361328,308.42755126953125,323.3702392578125,323.31842041015625,293.5122375488281,293.5640563964844,16515.818359375,33031.63671875,70.8163070678711,70.81640625,1565.637939453125,3119.828369140625,1579.022216796875,3147.307373046875,282.9649658203125,57.992332458496094,-1.324788058809645e-06,0,0,2579.016845703125,1300.105712890625,0,23.667255401611328,2375.069091796875,11.83232593536377,11.837311744689941,796.4844360351562,1587.4488525390625,50.109004974365234,50.112422943115234,88.0,0,0,345.6268005371094,0,7.924896240234375,22.256572723388672,22.30838394165039,0,1.034000039100647,0.9067617654800415,50,2.799999952316284,2.6195027828216553,0,0,0,0,314.99998519276,0,0,0,0.05567464604973793,0.0932837426662445,-0.14889033138751984,6.806105375289917e-05,87.80817413330078,87.80292510986328,729.6763916015625,729.6722412109375,729.6722412109375,519.0505981445312,0,0,23.667255401611328,0.0010999999940395355,0.02200000174343586,0.03299999609589577,0.04399999603629112,5655.8173828125,114276.53125,0.0429663360118866,0,3.1392715754918754e-05,525.3018798828125,0,0.0002616529818624258,2.8350639695418067e-05,0,0,23.700000762939453,0,0,1600,0,50,0,0,0,50,50,200,0.0,0.0,0.0,0.0
289,156.74041748046875,308.4248352050781,323.3675842285156,323.3157653808594,293.5094299316406,293.5612487792969,16515.818359375,33031.63671875,70.81336212158203,70.81346130371094,1565.8702392578125,3120.304443359375,1579.0228271484375,3147.306884765625,282.9624938964844,57.986141204833984,2.2800197712058434e-06,0,0,2579.013427734375,1300.0880126953125,0,23.687841415405273,2375.130615234375,11.831595420837402,11.836563110351562,796.5027465820312,1587.4844970703125,50.099246978759766,50.10244369506836,88.0,0,0,345.6274108886719,0,7.924896240234375,22.25982666015625,22.3116397857666,0,1.034000039100647,0.9067617654800415,50,2.799999952316284,2.6194350719451904,0,0,0,0,314.99998519276,0,0,0,0.055884987115859985,0.09327081590890884,-0.14909033477306366,6.547383964061737e-05,87.81021881103516,87.8051986694336,729.6843872070312,729.6804809570312,729.6804809570312,519.0533447265625,0,0,23.687841415405273,0.0010999999940395355,0.02200000174343586,0.03299999609589577,0.04399999603629112,5655.8173828125,114276.53125,0.0429663360118866,0,3.1392715754918754e-05,527.1226806640625,0,0.0002616529818624258,2.8350639695418067e-05,0,0,23.700000762939453,0,0,1600,0,50,0,0,0,50,50,200,0.0,0.0,0.0,0.0
290,156.7416534423828,308.4220886230469,323.3649597167969,323.3131408691406,293.506591796875,293.5583801269531,16515.818359375,33031.63671875,70.81041717529297,70.81050872802734,1566.1011962890625,3120.778076171875,1579.02197265625,3147.3076171875,282.9600524902344,57.97996520996094,-2.4268765628221445e-06,0,0,2579.009765625,1300.070068359375,0,23.709701538085938,2375.18994140625,11.830876350402832,11.83582592010498,796.5210571289062,1587.5223388671875,50.08962631225586,50.09264373779297,88.0,0,0,345.6280212402344,0,7.924896240234375,22.26308250427246,22.31489372253418,0,1.034000039100647,0.9067617654800415,50,2.799999952316284,2.6193697452545166,0,0,0,0,314.99998519276,0,0,0,0.05609794333577156,0.09325852990150452,-0.14929033815860748,6.614439189434052e-05,87.81219482421875,87.80738830566406,729.6920776367188,729.6882934570312,729.6882934570312,519.0558471679688,0,0,23.709701538085938,0.0010999999940395355,0.02200000174343586,0.03299999609589577,0.04399999603629112,5655.8173828125,114276.53125,0.0429663360118866,0,3.1392715754918754e-05,528.9434814453125,0,0.0002616529818624258,2.8350639695418067e-05,0,0,23.700000762939453,0,0,1600,0,50,0,0,0,50,50,200,0.0,0.0,0.0,0.0
291,156.74288940429688,308.4193420410156,323.3623046875,323.31048583984375,293.50372314453125,293.5555419921875,16515.818359375,33031.63671875,70.8074722290039,70.80756378173828,1566.330810546875,3121.24755859375,1579.0194091796875,3147.310302734375,282.9576416015625,57.97382736206055,-1.3236950735517894e-06,0,0,2579.006103515625,1300.0523681640625,0,23.72740364074707,2375.24853515625,11.830170631408691,11.835102081298828,796.5355834960938,1587.5550537109375,50.080223083496094,50.083003997802734,88.0,0,0,345.628662109375,0,7.924896240234375,22.26637077331543,22.31818389892578,0,1.034000039100647,0.9067617654800415,50,2.799999952316284,2.61930513381958,0,0,0,0,314.99998519276,0,0,0,0.056310880929231644,0.09324657171964645,-0.1494903415441513,6.711669266223907e-05,87.81443786621094,87.80955505371094,729.69970703125,729.6958618164062,729.6958618164062,519.0582885742188,0,0,23.72740364074707,0.0010999999940395355,0.02200000174343586,0.03299999609589577,0.04399999603629112,5655.8173828125,114276.53125,0.0429663360118866,0,3.1392715754918754e-05,530.7642822265625,0,0.0002616529818624258,2.8350639695418067e-05,0,0,23.700000762939453,0,0,1600,0,50,0,0,0,50,50,200,0.0,0.0,0.0,0.0
292,156.74415588378906,308.4165954589844,323.3596496582031,323.3078918457031,293.5008850097656,293.5527038574219,16515.818359375,33031.63671875,70.80452728271484,70.80461883544922,1566.5596923828125,3121.716064453125,1579.0201416015625,3147.309326171875,282.9552001953125,57.96770477294922,2.103517545037903e-06,0,0,2579.00244140625,1300.034423828125,0,23.750425338745117,2375.307373046875,11.829474449157715,11.834389686584473,796.5537109375,1587.590087890625,50.07093048095703,50.07350540161133,88.0,0,0,345.6293029785156,0,7.924896240234375,22.26966094970703,22.321439743041992,0,1.034000039100647,0.9067617654800415,50,2.799999952316284,2.6192402839660645,0,0,0,0,314.99998519276,0,0,0,0.05652381479740143,0.09323439002037048,-0.14969034492969513,6.787106394767761e-05,87.81658172607422,87.81172943115234,729.7073974609375,729.70361328125,729.70361328125,519.060791015625,0,0,23.750425338745117,0.0010999999940395355,0.02200000174343586,0.03299999609589577,0.04399999603629112,5655.8173828125,114276.53125,0.0429663360118866,0,3.1392715754918754e-05,532.5850830078125,0,0.0002616529818624258,2.8350639695418067e-05,0,0,23.700000762939453,0,0,1600,0,50,0,0,0,50,50,200,0.0,0.0,0.0,0.0
293,156.7454376220703,308.413818359375,323.3570251464844,323.30523681640625,293.4980773925781,293.5498352050781,16515.818359375,33031.63671875,70.80158233642578,70.80166625976562,1566.78662109375,3122.181396484375,1579.0189208984375,3147.310546875,282.9527893066406,57.961612701416016,-4.5694284267483454e-07,0,0,2578.99853515625,1300.0166015625,0,23.769290924072266,2375.3662109375,11.828792572021484,11.83368968963623,796.5692138671875,1587.622802734375,50.06178665161133,50.064178466796875,88.0,0,0,345.6299743652344,0,7.924896240234375,22.27294921875,22.32472801208496,0,1.034000039100647,0.9067617654800415,50,2.799999952316284,2.6191751956939697,0,0,0,0,314.99998519276,0,0,0,0.05673936381936073,0.09322232007980347,-0.14989034831523895,7.134675979614258e-05,87.81890869140625,87.81391143798828,729.7152099609375,729.7112426757812,729.7112426757812,519.063232421875,0,0,23.769290924072266,0.0010999999940395355,0.02200000174343586,0.03299999609589577,0.04399999603629112,5655.8173828125,114276.53125,0.0429663360118866,0,3.1392715754918754e-05,534.4058837890625,0,0.0002616529818624258,2.8350639695418067e-05,0,0,23.700000762939453,0,0,1600,0,50,0,0,0,50,50,200,0.0,0.0,0.0,0.0
294,156.74673461914062,308.4111022949219,323.3543395996094,323.3025817871094,293.4952392578125,293.5469970703125,16515.818359375,33031.63671875,70.79862976074219,70.79871368408203,1567.0140380859375,3122.644775390625,1579.018798828125,3147.310791015625,282.95037841796875,57.955543518066406,4.6864349201314326e-07,0,0,2578.994873046875,1299.9989013671875,0,23.78940773010254,2375.4267578125,11.828120231628418,11.833000183105469,796.5863647460938,1587.6572265625,50.05284881591797,50.054931640625,88.0,0,0,345.6306457519531,0,7.924896240234375,22.27630615234375,22.32805061340332,0,1.034000039100647,0.9067617654800415,50,2.799999952316284,2.6191084384918213,0,0,0,0,314.99998519276,0,0,0,0.056949637830257416,0.09320972114801407,-0.15009035170078278,6.901659071445465e-05,87.82130432128906,87.81614685058594,729.7233276367188,729.71923828125,729.71923828125,519.0658569335938,0,0,23.78940773010254,0.0010999999940395355,0.02200000174343586,0.03299999609589577,0.04399999603629112,5655.8173828125,114276.53125,0.0429663360118866,0,3.1392715754918754e-05,536.2266845703125,0,0.0002616529818624258,2.8350639695418067e-05,0,0,23.700000762939453,0,0,1600,0,50,0,0,0,50,50,200,0.0,0.0,0.0,0.0
295,156.748046875,308.40838623046875,323.3516845703125,323.2999572753906,293.492431640625,293.5441589355469,16515.818359375,33031.63671875,70.79568481445312,70.79576873779297,1567.239013671875,3123.10498046875,1579.0224609375,3147.30712890625,282.947998046875,57.94952392578125,-1.6884042679521372e-06,0,0,2578.990966796875,1299.981201171875,0,23.805343627929688,2375.487548828125,11.827461242675781,11.832324981689453,796.6030883789062,1587.6944580078125,50.04400634765625,50.04589080810547,88.0,0,0,345.63128662109375,0,7.924896240234375,22.27959632873535,22.331340789794922,0,1.034000039100647,0.9067617654800415,50,2.799999952316284,2.6190414428710938,0,0,0,0,314.99998519276,0,0,0,0.0571599006652832,0.09319701045751572,-0.1502903550863266,6.656348705291748e-05,87.82344818115234,87.81839752197266,729.7313232421875,729.7273559570312,729.7273559570312,519.0685424804688,0,0,23.805343627929688,0.0010999999940395355,0.02200000174343586,0.03299999609589577,0.04399999603629112,5655.8173828125,114276.53125,0.0429663360118866,0,3.1392715754918754e-05,538.0474853515625,0,0.0002616529818624258,2.8350639695418067e-05,0,0,23.700000762939453,0,0,1600,0,50,0,0,0,50,50,200,0.0,0.0,0.0,0.0
296,156.7493896484375,308.4056701660156,323.3490295410156,323.29730224609375,293.4896240234375,293.54132080078125,16515.818359375,33031.63671875,70.79273986816406,70.7928237915039,1567.4632568359375,3123.56396484375,1579.0218505859375,3147.3076171875,282.94561767578125,57.943511962890625,-2.6834363779926207e-06,0,0,2578.987060546875,1299.9632568359375,0,23.829282760620117,2375.547607421875,11.826810836791992,11.831658363342285,796.6211547851562,1587.7313232421875,50.035308837890625,50.036964416503906,88.0,0,0,345.6319580078125,0,7.924896240234375,22.28291893005371,22.33466339111328,0,1.034000039100647,0.9067617654800415,50,2.799999952316284,2.6189751625061035,0,0,0,0,314.99998519276,0,0,0,0.057370152324438095,0.09318451583385468,-0.15049035847187042,6.431713700294495e-05,87.82547760009766,87.82061767578125,729.7390747070312,729.7352905273438,729.7352905273438,519.0711059570312,0,0,23.829282760620117,0.0010999999940395355,0.02200000174343586,0.03299999609589577,0.04399999603629112,5655.8173828125,114276.53125,0.0429663360118866,0,3.1392715754918754e-05,539.8682861328125,0,0.0002616529818624258,2.8350639695418067e-05,0,0,23.700000762939453,0,0,1600,0,50,0,0,0,50,50,200,0.0,0.0,0.0,0.0
297,156.75074768066406,308.4029235839844,323.3464050292969,323.2946472167969,293.4867858886719,293.5384826660156,16515.818359375,33031.63671875,70.78978729248047,70.78987884521484,1567.6845703125,3124.01904296875,1579.0224609375,3147.306884765625,282.9432678222656,57.937538146972656,2.1316091078915633e-06,0,0,2578.98291015625,1299.945556640625,0,23.84501838684082,2375.60546875,11.82617473602295,11.831006050109863,796.6376342773438,1587.76318359375,50.026763916015625,50.028255462646484,88.0,0,0,345.6326599121094,0,7.924896240234375,22.28627586364746,22.33802032470703,0,1.034000039100647,0.9067617654800415,50,2.799999952316284,2.6189115047454834,0,0,0,0,314.99998519276,0,0,0,0.057583026587963104,0.09317265450954437,-0.15069036185741425,6.532855331897736e-05,87.82755279541016,87.82275390625,729.74658203125,729.7427978515625,729.7427978515625,519.0735473632812,0,0,23.84501838684082,0.0010999999940395355,0.02200000174343586,0.03299999609589577,0.04399999603629112,5655.8173828125,114276.53125,0.0429663360118866,0,3.1392715754918754e-05,541.6890869140625,0,0.0002616529818624258,2.8350639695418067e-05,0,0,23.700000762939453,0,0,1600,0,50,0,0,0,50,50,200,0.0,0.0,0.0,0.0
298,156.7521209716797,308.4001770019531,323.34375,323.29205322265625,293.4839172363281,293.53564453125,16515.818359375,33031.63671875,70.7868423461914,70.78692626953125,1567.9053955078125,3124.470703125,1579.02001953125,3147.309326171875,282.94091796875,57.93159103393555,3.779738619869022e-07,0,0,2578.97900390625,1299.927734375,0,23.866052627563477,2375.663330078125,11.82554817199707,11.830365180969238,796.6541748046875,1587.7999267578125,50.01835632324219,50.01968002319336,88.0,0,0,345.63336181640625,0,7.924896240234375,22.28959846496582,22.34130859375,0,1.034000039100647,0.9067617654800415,50,2.799999952316284,2.6188478469848633,0,0,0,0,314.99998519276,0,0,0,0.057795874774456024,0.09316080063581467,-0.15089036524295807,6.6317617893219e-05,87.8296127319336,87.82489013671875,729.7540283203125,729.7503051757812,729.7503051757812,519.075927734375,0,0,23.866052627563477,0.0010999999940395355,0.02200000174343586,0.03299999609589577,0.04399999603629112,5655.8173828125,114276.53125,0.0429663360118866,0,3.1392715754918754e-05,543.5098876953125,0,0.0002616529818624258,2.8350639695418067e-05,0,0,23.700000762939453,0,0,1600,0,50,0,0,0,50,50,200,0.0,0.0,0.0,0.0
299,156.7534942626953,308.3974304199219,323.341064453125,323.2893981933594,293.4811096191406,293.5328369140625,16515.818359375,33031.63671875,70.78389739990234,70.78398132324219,1568.1251220703125,3124.919921875,1579.0191650390625,3147.310302734375,282.9385681152344,57.92566680908203,2.1103853669046657e-06,0,0,2578.97509765625,1299.9100341796875,0,23.884267807006836,2375.720947265625,11.824934005737305,11.82973575592041,796.6694946289062,1587.83154296875,50.010128021240234,50.011234283447266,88.0,0,0,345.6340637207031,0,7.924896240234375,22.29298973083496,22.34466552734375,0,1.034000039100647,0.9067617654800415,50,2.799999952316284,2.618783950805664,0,0,0,0,314.99998519276,0,0,0,0.058008719235658646,0.09314905107021332,-0.1510903686285019,6.74072653055191e-05,87.8318862915039,87.8270263671875,729.7615966796875,729.7577514648438,729.7577514648438,519.0783081054688,0,0,23.884267807006836,0.0010999999940395355,0.02200000174343586,0.03299999609589577,0.04399999603629112,5655.8173828125,114276.53125,0.0429663360118866,0,3.1392715754918754e-05,545.3306884765625,0,0.0002616529818624258,2.8350639695418067e-05,0,0,23.700000762939453,0,0,1600,0,50,0,0,0,50,50,200,0.0,0.0,0.0,0.0
