TIME,P,TAVG,THA,THB,TCA,TCB,WRCA,WRCB,PSGA,PSGB,WFWA,WFWB,WSTA,WSTB,VOL,LVPZ,VOID,WLR,WUP,HUP,HLW,WHPI,WECS,QMWT,LSGA,LSGB,QMGA,QMGB,NSGA,NSGB,TBLD,WTRA,WTRB,TSAT,QRHR,LVCR,SCMA,SCMB,FRCL,PRB,PRBA,TRB,LWRB,DNBR,QFCL,WBK,WSPY,WCSP,HTR,MH2,CNH2,RHBR,RHMT,RHFL,RHRD,RH,PWNT,PWR,TFSB,TFPK,TF,TPCT,WCFT,WLPI,WCHG,RM1,RM2,RM3,RM4,RC87,RC131,STRB,STSG,STTB,RBLK,SGLK,DTHY,DWB,WRLA,WRLB,WLD,MBK,EBK,TKLV,FRZR,TDBR,MDBR,MCRT,MGAS,TCRT,TSLP,PPM,Pad_Col_0,Pad_Col_1,Pad_Col_2,Pad_Col_3
0,158.1999969482422,309.1399841308594,326.1538391113281,326.11614990234375,292.1261291503906,292.1638488769531,16515.818359375,33031.63671875,69.00464630126953,69.0042495727539,1790.2763671875,3580.552734375,1792.9256591796875,3577.9033203125,284.552001953125,62.0,1.8346643173572375e-06,0,0,2574.662353515625,1291.7806396484375,0,23.700000762939453,2705.0,11.830000877380371,11.830000877380371,910.2337036132812,1816.4324951171875,50.0,50.0,100.0,0,0,346.3753967285156,0,7.924896240234375,20.2215576171875,20.25926399230957,0,1.034000039100647,0.9067617654800415,50,2.799999952316284,2.3000001907348633,0,0,0,0,0.0,0,0,0,0.0,0.0,0.0,0.0,100.0,100.0,788.9000244140625,788.9000244140625,788.9000244140625,549.02001953125,0,0,23.700000762939453,0.0010999999940395355,0.02200000174343586,0.03299999609589577,0.04399999603629112,5655.8173828125,114276.53125,0.0429663360118866,0,3.1392715754918754e-05,0.9104048013687134,0,0.0002616529818624258,2.8350639695418067e-05,0,0,23.700000762939453,0,0,1600,0,50,0,0,0,50,50,200,0.0,0.0,0.0,0.0
1,158.19033813476562,309.12530517578125,326.1518249511719,326.1134338378906,292.1242370605469,292.1626281738281,16515.818359375,33031.63671875,69.01333618164062,69.01285552978516,1790.602783203125,3580.143310546875,1792.0828857421875,3574.2685546875,284.549560546875,61.99385070800781,1.1948225164815085e-06,0,0,2574.67333984375,1291.741943359375,0,23.700000762939453,2705.042236328125,11.830011367797852,11.830208778381348,909.8095703125,1815.0777587890625,50.035274505615234,49.98440170288086,99.9166259765625,0,0,346.37347412109375,0,7.924896240234375,20.221660614013672,20.26004409790039,0,1.034000039100647,0.9067617654800415,50,2.799999952316284,2.299964189529419,0,0,0,0,1.0797373766589098,0,0,0,0.0011560514103621244,0.0,0.0,0.0011560514103621244,100.06562805175781,100.0015640258789,788.9505004882812,788.9000244140625,788.9000244140625,549.0162353515625,0,0,23.700000762939453,0.0010999999940395355,0.02200000174343586,0.03299999609589577,0.04399999603629112,5655.8173828125,114276.53125,0.0429663360118866,0,3.1392715754918754e-05,2.7312145233154297,0,0.0002616529818624258,2.8350639695418067e-05,0,0,23.700000762939453,0,0,1600,0,50,0,0,0,50,50,200,0.0,0.0,0.0,0.0
2,158.17613220214844,309.1142272949219,326.1456604003906,326.1065673828125,292.12286376953125,292.1620178222656,16515.818359375,33031.63671875,69.0231704711914,69.0226821899414,1790.4114990234375,3579.493408203125,1789.1368408203125,3568.258544921875,284.54132080078125,61.9730224609375,-1.658560222494998e-06,0,0,2574.711669921875,1291.7869873046875,0,19.14151954650879,2706.005615234375,11.83012866973877,11.830543518066406,908.8118286132812,1813.0648193359375,49.997894287109375,49.9470100402832,99.7498779296875,0,0,346.3669738769531,0,7.924896240234375,20.22128677368164,20.26038360595703,0,1.034000039100647,0.9067617654800415,50,2.799999952316284,2.299145460128784,0,0,0,0,4.723851070035542,0,0,0,0.0020288540981709957,-0.00024769591982476413,0.0,0.001781158265657723,100.23191833496094,100.03717803955078,789.2105712890625,789.0573120117188,789.0573120117188,549.0880737304688,0,0,19.14151954650879,0.0010999999940395355,0.02200000174343586,0.03299999609589577,0.04399999603629112,5655.8173828125,114276.53125,0.0429663360118866,0,3.1392715754918754e-05,4.552023887634277,0,0.0002616529818624258,2.8350639695418067e-05,0,0,23.700000762939453,0,0,1600,0,50,0,0,0,50,50,200,0.0,0.0,0.0,0.0
3,158.1622772216797,309.10772705078125,326.1369934082031,326.0972595214844,292.1228332519531,292.16253662109375,16515.818359375,33031.63671875,69.03443908691406,69.0339584350586,1790.299072265625,3579.1162109375,1786.1583251953125,3562.281005859375,284.5317687988281,61.94890594482422,-5.461094133352162e-06,0,0,2574.755615234375,1291.842529296875,0,19.567968368530273,2707.92724609375,11.830405235290527,11.831040382385254,907.96533203125,1811.362548828125,49.9537239074707,49.90522003173828,99.58312225341797,0,0,346.35943603515625,0,7.924896240234375,20.222440719604492,20.26218032836914,0,1.034000039100647,0.9067617654800415,50,2.799999952316284,2.297513961791992,0,0,0,0,8.927113984588367,0,0,0,0.00253855949267745,-0.0007712860242463648,0.0,0.001767273643054068,100.34304809570312,100.10821533203125,789.5745849609375,789.3897094726562,789.3897094726562,549.2501220703125,0,0,19.567968368530273,0.0010999999940395355,0.02200000174343586,0.03299999609589577,0.04399999603629112,5655.8173828125,114276.53125,0.0429663360118866,0,3.1392715754918754e-05,6.372833251953125,0,0.0002616529818624258,2.8350639695418067e-05,0,0,23.700000762939453,0,0,1600,0,50,0,0,0,50,50,200,0.0,0.0,0.0,0.0
4,158.15231323242188,309.105712890625,326.1268615722656,326.0865783691406,292.1246337890625,292.1648864746094,16515.818359375,33031.63671875,69.04750061035156,69.0470199584961,1790.153076171875,3578.698486328125,1783.17138671875,3556.3125,284.5238342285156,61.92890548706055,7.711241210017761e-07,0,0,2574.791748046875,1291.914306640625,0,19.142322540283203,2710.025390625,11.830855369567871,11.831706047058105,907.2042236328125,1809.8345947265625,49.91019821166992,49.86415100097656,99.41637420654297,0,0,346.3532409667969,0,7.924896240234375,20.22637367248535,20.26665687561035,0,1.034000039100647,0.9067617654800415,50,2.799999952316284,2.2957351207733154,0,0,0,0,12.388057869204689,0,0,0,0.002698661759495735,-0.001350311329588294,0.0,0.0013483504299074411,100.39910125732422,100.18578338623047,789.92529296875,789.7573852539062,789.7573852539062,549.4317016601562,0,0,19.142322540283203,0.0010999999940395355,0.02200000174343586,0.03299999609589577,0.04399999603629112,5655.8173828125,114276.53125,0.0429663360118866,0,3.1392715754918754e-05,8.193642616271973,0,0.0002616529818624258,2.8350639695418067e-05,0,0,23.700000762939453,0,0,1600,0,50,0,0,0,50,50,200,0.0,0.0,0.0,0.0
5,158.1468505859375,309.1073303222656,326.1163330078125,326.07562255859375,292.1285400390625,292.1692199707031,16515.818359375,33031.63671875,69.06268310546875,69.06221008300781,1789.9029541015625,3578.080322265625,1780.1905517578125,3550.337158203125,284.51873779296875,61.91598892211914,1.0897970241785515e-06,0,0,2574.814697265625,1291.99658203125,0,18.21450424194336,2711.787353515625,11.83148193359375,11.832545280456543,906.5369873046875,1808.489013671875,49.87117385864258,49.82762908935547,99.24962615966797,0,0,346.34930419921875,0,7.924896240234375,20.232952117919922,20.2736759185791,0,1.034000039100647,0.9067617654800415,50,2.799999952316284,2.294243335723877,0,0,0,0,14.595734866260365,0,0,0,0.002570580691099167,-0.0018426056485623121,0.0,0.0007279751007445157,100.40544128417969,100.25092315673828,790.1915893554688,790.0699462890625,790.0699462890625,549.5880126953125,0,0,18.21450424194336,0.0010999999940395355,0.02200000174343586,0.03299999609589577,0.04399999603629112,5655.8173828125,114276.53125,0.0429663360118866,0,3.1392715754918754e-05,10.014452934265137,0,0.0002616529818624258,2.8350639695418067e-05,0,0,23.700000762939453,0,0,1600,0,50,0,0,0,50,50,200,0.0,0.0,0.0,0.0
6,158.14572143554688,309.11248779296875,326.10614013671875,326.06500244140625,292.13482666015625,292.1759033203125,16515.818359375,33031.63671875,69.08016967773438,69.07969665527344,1789.5281982421875,3577.21337890625,1777.20556640625,3544.3662109375,284.5164489746094,61.91023635864258,-2.939646947197616e-06,0,0,2574.82470703125,1292.0947265625,0,17.209657669067383,2713.00146484375,11.832283020019531,11.833558082580566,905.9107666015625,1807.2269287109375,49.83827590942383,49.79716873168945,99.08287811279297,0,0,346.34759521484375,0,7.924896240234375,20.24146270751953,20.2825927734375,0,1.034000039100647,0.9067617654800415,50,2.799999952316284,2.2932167053222656,0,0,0,0,15.53568478044919,0,0,0,0.0021649606060236692,-0.002187179634347558,0.0,-2.221920294687152e-05,100.37621307373047,100.29580688476562,790.3519897460938,790.2886962890625,790.2886962890625,549.6990966796875,0,0,17.209657669067383,0.0010999999940395355,0.02200000174343586,0.03299999609589577,0.04399999603629112,5655.8173828125,114276.53125,0.0429663360118866,0,3.1392715754918754e-05,11.8352632522583,0,0.0002616529818624258,2.8350639695418067e-05,0,0,23.700000762939453,0,0,1600,0,50,0,0,0,50,50,200,0.0,0.0,0.0,0.0
7,158.147705078125,309.12060546875,326.09649658203125,326.0550231933594,292.1437683105469,292.1852111816406,16515.818359375,33031.63671875,69.1001205444336,69.09963989257812,1788.986328125,3576.011474609375,1774.22412109375,3538.39208984375,284.51666259765625,61.91080856323242,-8.743617172513041e-07,0,0,2574.822509765625,1292.2064208984375,0,16.24748420715332,2713.438232421875,11.83325481414795,11.834738731384277,905.3118286132812,1806.018798828125,49.81314468383789,49.7744255065918,98.91612243652344,0,0,346.3479309082031,0,7.924896240234375,20.251432418823242,20.29290199279785,0,1.034000039100647,0.9067617654800415,50,2.799999952316284,2.2928476333618164,0,0,0,0,15.357336000803969,0,0,0,0.0015270847361534834,-0.002319732680916786,0.0,-0.0007926479447633028,100.28694152832031,100.31195068359375,790.3532104492188,790.3728637695312,790.3728637695312,549.7445678710938,0,0,16.24748420715332,0.0010999999940395355,0.02200000174343586,0.03299999609589577,0.04399999603629112,5655.8173828125,114276.53125,0.0429663360118866,0,3.1392715754918754e-05,13.656073570251465,0,0.0002616529818624258,2.8350639695418067e-05,0,0,23.700000762939453,0,0,1600,0,50,0,0,0,50,50,200,0.0,0.0,0.0,0.0
8,158.1520538330078,309.13092041015625,326.0877380371094,326.0459899902344,292.1553955078125,292.1971130371094,16515.818359375,33031.63671875,69.12257385253906,69.12210083007812,1788.2576904296875,3574.438232421875,1771.23779296875,3532.422119140625,284.5188903808594,61.916412353515625,1.767249273143534e-06,0,0,2574.81298828125,1292.33154296875,0,15.425206184387207,2712.9111328125,11.834389686584473,11.836079597473145,904.7101440429688,1804.8074951171875,49.79704666137695,49.760704040527344,98.74937438964844,0,0,346.349609375,0,7.924896240234375,20.26187515258789,20.303617477416992,0,1.034000039100647,0.9067617654800415,50,2.799999952316284,2.293292999267578,0,0,0,0,14.42220648702609,0,0,0,0.0007128971628844738,-0.002187179634347558,0.0,-0.0014742824714630842,100.1605453491211,100.29246520996094,790.1848754882812,790.2886962890625,790.2886962890625,549.7070922851562,0,0,15.425206184387207,0.0010999999940395355,0.02200000174343586,0.03299999609589577,0.04399999603629112,5655.8173828125,114276.53125,0.0429663360118866,0,3.1392715754918754e-05,15.476883888244629,0,0.0002616529818624258,2.8350639695418067e-05,0,0,23.700000762939453,0,0,1600,0,50,0,0,0,50,50,200,0.0,0.0,0.0,0.0
9,158.1580047607422,309.1426086425781,326.0796813964844,326.0376892089844,292.1697692871094,292.21173095703125,16515.818359375,33031.63671875,69.14749908447266,69.14703369140625,1787.355712890625,3572.51904296875,1768.258056640625,3526.446044921875,284.5225830078125,61.92573928833008,-2.857248318832717e-06,0,0,2574.797119140625,1292.4676513671875,0,14.71632194519043,2711.4765625,11.83568000793457,11.837571144104004,904.0763549804688,1803.52685546875,49.78948974609375,49.75550842285156,98.58262634277344,0,0,346.3522644042969,0,7.924896240234375,20.27259063720703,20.314603805541992,0,1.034000039100647,0.9067617654800415,50,2.799999952316284,2.294506549835205,0,0,0,0,12.918285819582666,0,0,0,-0.00020561796554829925,-0.0018039399292320013,0.0,-0.0020095580257475376,100.02140808105469,100.23942565917969,789.8737182617188,790.04541015625,790.04541015625,549.5910034179688,0,0,14.71632194519043,0.0010999999940395355,0.02200000174343586,0.03299999609589577,0.04399999603629112,5655.8173828125,114276.53125,0.0429663360118866,0,3.1392715754918754e-05,17.297693252563477,0,0.0002616529818624258,2.8350639695418067e-05,0,0,23.700000762939453,0,0,1600,0,50,0,0,0,50,50,200,0.0,0.0,0.0,0.0
10,158.16468811035156,309.1548156738281,326.07220458984375,326.0299377441406,292.18670654296875,292.2288818359375,16515.818359375,33031.63671875,69.17475128173828,69.17428588867188,1786.3077392578125,3570.30615234375,1765.27734375,3520.470703125,284.52716064453125,61.937255859375,-3.6910719245497603e-06,0,0,2574.77783203125,1292.6136474609375,0,14.167743682861328,2709.31396484375,11.837115287780762,11.839205741882324,903.3792724609375,1802.121337890625,49.78908920288086,49.75736999511719,98.41587829589844,0,0,346.3555603027344,0,7.924896240234375,20.28337287902832,20.32562255859375,0,1.034000039100647,0.9067617654800415,50,2.799999952316284,2.296337842941284,0,0,0,0,11.081768588976898,0,0,0,-0.0011671026004478335,-0.0012188262771815062,0.0,-0.0023859289940446615,99.87488555908203,100.15948486328125,789.4498291015625,789.6738891601562,789.6738891601562,549.4113159179688,0,0,14.167743682861328,0.0010999999940395355,0.02200000174343586,0.03299999609589577,0.04399999603629112,5655.8173828125,114276.53125,0.0429663360118866,0,3.1392715754918754e-05,19.118501663208008,0,0.0002616529818624258,2.8350639695418067e-05,0,0,23.700000762939453,0,0,1600,0,50,0,0,0,50,50,200,0.0,0.0,0.0,0.0
11,158.1714630126953,309.16705322265625,326.06494140625,326.0224914550781,292.2060241699219,292.2484436035156,16515.818359375,33031.63671875,69.20411682128906,69.20364379882812,1785.1414794921875,3567.85595703125,1762.2939453125,3514.49853515625,284.5320129394531,61.94953918457031,-4.735419679491315e-06,0,0,2574.7578125,1292.7681884765625,0,13.780274391174316,2706.604736328125,11.838682174682617,11.840971946716309,902.604736328125,1800.5611572265625,49.7943115234375,49.764869689941406,98.2491226196289,0,0,346.35906982421875,0,7.924896240234375,20.29412269592285,20.336576461791992,0,1.034000039100647,0.9067617654800415,50,2.799999952316284,2.2986364364624023,0,0,0,0,9.13920556711021,0,0,0,-0.0021315126214176416,-0.00048129275091923773,0.0,-0.0026128054596483707,99.72852325439453,100.059326171875,788.9451904296875,789.2056274414062,789.2056274414062,549.1832885742188,0,0,13.780274391174316,0.0010999999940395355,0.02200000174343586,0.03299999609589577,0.04399999603629112,5655.8173828125,114276.53125,0.0429663360118866,0,3.1392715754918754e-05,20.93931007385254,0,0.0002616529818624258,2.8350639695418067e-05,0,0,23.700000762939453,0,0,1600,0,50,0,0,0,50,50,200,0.0,0.0,0.0,0.0
12,158.17796325683594,309.17901611328125,326.05755615234375,326.014892578125,292.2275390625,292.2701721191406,16515.818359375,33031.63671875,69.23534393310547,69.23487854003906,1783.88330078125,3565.22265625,1759.31298828125,3508.5234375,284.53680419921875,61.9616813659668,4.630150669981958e-06,0,0,2574.738037109375,1292.9300537109375,0,13.512635231018066,2703.529296875,11.840376853942871,11.84286117553711,901.7476806640625,1798.836669921875,49.803733825683594,49.776588439941406,98.0823745727539,0,0,346.36248779296875,0,7.924896240234375,20.30493927001953,20.34759521484375,0,1.034000039100647,0.9067617654800415,50,2.799999952316284,2.301251173019409,0,0,0,0,7.225563941782568,0,0,0,-0.0030747971031814814,0.0003586731036193669,0.0,-0.0027161238249391317,99.58732604980469,99.94563293457031,788.3902587890625,788.6723022460938,788.6723022460938,548.9226684570312,0,0,13.512635231018066,0.0010999999940395355,0.02200000174343586,0.03299999609589577,0.04399999603629112,5655.8173828125,114276.53125,0.0429663360118866,0,3.1392715754918754e-05,22.76011848449707,0,0.0002616529818624258,2.8350639695418067e-05,0,0,23.700000762939453,0,0,1600,0,50,0,0,0,50,50,200,0.0,0.0,0.0,0.0
13,158.18394470214844,309.1905822753906,326.04974365234375,326.0069274902344,292.25103759765625,292.29388427734375,16515.818359375,33031.63671875,69.26818084716797,69.2677230834961,1782.55810546875,3562.456787109375,1756.3326416015625,3502.548095703125,284.5413513183594,61.97307586669922,-4.160186563240131e-06,0,0,2574.718994140625,1293.098388671875,0,13.32188606262207,2700.248046875,11.842185974121094,11.844861030578613,900.8096923828125,1796.9501953125,49.81610870361328,49.7911491394043,97.9156265258789,0,0,346.36566162109375,0,7.924896240234375,20.31592559814453,20.35875129699707,0,1.034000039100647,0.9067617654800415,50,2.799999952316284,2.3040478229522705,0,0,0,0,5.43242880598537,0,0,0,-0.003986246883869171,0.0012567444937303662,0.0,-0.0027295025065541267,99.45381164550781,99.82432556152344,787.8104248046875,788.1021118164062,788.1021118164062,548.6434936523438,0,0,13.32188606262207,0.0010999999940395355,0.02200000174343586,0.03299999609589577,0.04399999603629112,5655.8173828125,114276.53125,0.0429663360118866,0,3.1392715754918754e-05,24.5809268951416,0,0.0002616529818624258,2.8350639695418067e-05,0,0,23.700000762939453,0,0,1600,0,50,0,0,0,50,50,200,0.0,0.0,0.0,0.0
14,158.18936157226562,309.2018127441406,326.0412902832031,325.99835205078125,292.27642822265625,292.3193664550781,16515.818359375,33031.63671875,69.30241394042969,69.30195617675781,1781.1839599609375,3559.59423828125,1753.34912109375,3496.575927734375,284.54547119140625,61.98347854614258,-4.476518370211124e-06,0,0,2574.701904296875,1293.2728271484375,0,13.170764923095703,2696.886474609375,11.844104766845703,11.846969604492188,899.8004760742188,1794.9219970703125,49.83034896850586,49.807647705078125,97.7488784790039,0,0,346.36859130859375,0,7.924896240234375,20.32728385925293,20.37024688720703,0,1.034000039100647,0.9067617654800415,50,2.799999952316284,2.306919574737549,0,0,0,0,3.8031820030455274,0,0,0,-0.004871185403317213,0.0021777802612632513,0.0,-0.0026934051420539618,99.32771301269531,99.70005798339844,787.2241821289062,787.517333984375,787.517333984375,548.3567504882812,0,0,13.170764923095703,0.0010999999940395355,0.02200000174343586,0.03299999609589577,0.04399999603629112,5655.8173828125,114276.53125,0.0429663360118866,0,3.1392715754918754e-05,26.401735305786133,0,0.0002616529818624258,2.8350639695418067e-05,0,0,23.700000762939453,0,0,1600,0,50,0,0,0,50,50,200,0.0,0.0,0.0,0.0
15,158.1942901611328,309.21282958984375,326.0321350097656,325.98907470703125,292.3033752441406,292.3464660644531,16515.818359375,33031.63671875,69.33783721923828,69.3373794555664,1779.7735595703125,3556.656494140625,1750.36572265625,3490.603515625,284.5491943359375,61.992942810058594,1.179528794637008e-06,0,0,2574.686767578125,1293.452392578125,0,13.023356437683105,2693.525634765625,11.846125602722168,11.849178314208984,898.731201171875,1792.773681640625,49.84586715698242,49.82535934448242,97.58212280273438,0,0,346.3712463378906,0,7.924896240234375,20.33908462524414,20.38214874267578,0,1.034000039100647,0.9067617654800415,50,2.799999952316284,2.309798002243042,0,0,0,0,2.323363337656833,0,0,0,-0.005740291438996792,0.0030991362873464823,0.0,-0.0026411551516503096,99.20741271972656,99.57581329345703,786.642333984375,786.9323120117188,786.9323120117188,548.06982421875,0,0,13.023356437683105,0.0010999999940395355,0.02200000174343586,0.03299999609589577,0.04399999603629112,5655.8173828125,114276.53125,0.0429663360118866,0,3.1392715754918754e-05,28.222543716430664,0,0.0002616529818624258,2.8350639695418067e-05,0,0,23.700000762939453,0,0,1600,0,50,0,0,0,50,50,200,0.0,0.0,0.0,0.0
16,158.19888305664062,309.2237854003906,326.022216796875,325.9790344238281,292.3318176269531,292.3750305175781,16515.818359375,33031.63671875,69.37429809570312,69.37384796142578,1778.332275390625,3553.658935546875,1747.379150390625,3484.634033203125,284.5526428222656,62.00168228149414,2.801449909384246e-06,0,0,2574.672119140625,1293.6365966796875,0,12.861730575561523,2690.2060546875,11.848244667053223,11.851482391357422,897.6148071289062,1790.53125,49.862266540527344,49.84392166137695,97.41537475585938,0,0,346.3736877441406,0,7.924896240234375,20.35146141052246,20.39462661743164,0,1.034000039100647,0.9067617654800415,50,2.799999952316284,2.312648296356201,0,0,0,0,0.9688714364686999,0,0,0,-0.006604254245758057,0.004009277559816837,0.0,-0.0025949766859412193,99.09025573730469,99.45308685302734,786.0687866210938,786.3544311523438,786.3544311523438,547.786376953125,0,0,12.861730575561523,0.0010999999940395355,0.02200000174343586,0.03299999609589577,0.04399999603629112,5655.8173828125,114276.53125,0.0429663360118866,0,3.1392715754918754e-05,30.043352127075195,0,0.0002616529818624258,2.8350639695418067e-05,0,0,23.700000762939453,0,0,1600,0,50,0,0,0,50,50,200,0.0,0.0,0.0,0.0
17,158.20335388183594,309.23486328125,326.01153564453125,325.9682922363281,292.36163330078125,292.40496826171875,16515.818359375,33031.63671875,69.41168212890625,69.4112319946289,1776.86083984375,3550.6005859375,1744.4002685546875,3478.656982421875,284.55596923828125,62.0100212097168,-3.4037693694699556e-06,0,0,2574.658935546875,1293.825439453125,0,12.664655685424805,2686.93359375,11.850460052490234,11.853878021240234,896.4639892578125,1788.218017578125,49.87947463989258,49.86328125,97.24862670898438,0,0,346.3759765625,0,7.924896240234375,20.36444854736328,20.407682418823242,0,1.034000039100647,0.9067617654800415,50,2.799999952316284,2.315464973449707,0,0,0,0,0.0,0,0,0,-0.007479123771190643,0.004906067159026861,0.0,-0.002573056612163782,98.97343444824219,99.33210754394531,785.5027465820312,785.7850952148438,785.7850952148438,547.5072021484375,0,0,12.664655685424805,0.0010999999940395355,0.02200000174343586,0.03299999609589577,0.04399999603629112,5655.8173828125,114276.53125,0.0429663360118866,0,3.1392715754918754e-05,31.864160537719727,0,0.0002616529818624258,2.8350639695418067e-05,0,0,23.700000762939453,0,0,1600,0,50,0,0,0,50,50,200,0.0,0.0,0.0,0.0
18,158.20782470703125,309.2462158203125,326.0002136230469,325.95684814453125,292.3927307128906,292.4361572265625,16515.818359375,33031.63671875,69.44990539550781,69.44945526123047,1775.35693359375,3547.478759765625,1741.41552734375,3472.68603515625,284.5592346191406,62.01825714111328,-4.024728696094826e-06,0,0,2574.6455078125,1294.0189208984375,0,12.434990882873535,2683.691650390625,11.852766990661621,11.856363296508789,895.2855834960938,1785.8536376953125,49.89762878417969,49.883480072021484,97.08187866210938,0,0,346.3782653808594,0,7.924896240234375,20.3780460357666,20.421415328979492,0,1.034000039100647,0.9067617654800415,50,2.799999952316284,2.3182618618011475,0,0,0,0,0.0,0,0,0,-0.008375614881515503,0.00579399149864912,0.0,-0.0025816229172050953,98.8549575805664,99.21226501464844,784.9400024414062,785.2213134765625,785.2213134765625,547.2308959960938,0,0,12.434990882873535,0.0010999999940395355,0.02200000174343586,0.03299999609589577,0.04399999603629112,5655.8173828125,114276.53125,0.0429663360118866,0,3.1392715754918754e-05,33.68497085571289,0,0.0002616529818624258,2.8350639695418067e-05,0,0,23.700000762939453,0,0,1600,0,50,0,0,0,50,50,200,0.0,0.0,0.0,0.0
19,158.2124481201172,309.2579345703125,325.98828125,325.94476318359375,292.42498779296875,292.46856689453125,16515.818359375,33031.63671875,69.48889923095703,69.48846435546875,1773.8165283203125,3544.284423828125,1738.43212890625,3466.713134765625,284.56256103515625,62.02667999267578,2.552222895246814e-06,0,0,2574.632080078125,1294.216064453125,0,12.17298412322998,2680.451171875,11.855161666870117,11.85893440246582,894.0902099609375,1783.45361328125,49.91682052612305,49.90475845336914,96.91512298583984,0,0,346.3805847167969,0,7.924896240234375,20.39232063293457,20.43582534790039,0,1.034000039100647,0.9067617654800415,50,2.799999952316284,2.3210647106170654,0,0,0,0,0.0,0,0,0,-0.009299094788730145,0.00668106134980917,-9.999999747378752e-05,-0.0027180335018783808,98.7326889038086,99.09246063232422,784.3748779296875,784.6580810546875,784.6580810546875,546.9550170898438,0,0,12.17298412322998,0.0010999999940395355,0.02200000174343586,0.03299999609589577,0.04399999603629112,5655.8173828125,114276.53125,0.0429663360118866,0,3.1392715754918754e-05,35.50577926635742,0,0.0002616529818624258,2.8350639695418067e-05,0,0,23.700000762939453,0,0,1600,0,50,0,0,0,50,50,200,0.0,0.0,0.0,0.0
20,158.2173309326172,309.27008056640625,325.975830078125,325.9322509765625,292.45843505859375,292.5021057128906,16515.818359375,33031.63671875,69.52864074707031,69.5281982421875,1772.22412109375,3540.987548828125,1735.450439453125,3460.73974609375,284.5660400390625,62.03547668457031,2.253525735795847e-06,0,0,2574.61767578125,1294.4178466796875,0,11.884377479553223,2677.130615234375,11.857643127441406,11.861587524414062,892.8802490234375,1781.0223388671875,49.937644958496094,49.92767333984375,96.74837493896484,0,0,346.38299560546875,0,7.924896240234375,20.40717315673828,20.45074462890625,0,1.034000039100647,0.9067617654800415,50,2.799999952316284,2.3239433765411377,0,0,0,0,0.0,0,0,0,-0.010260297916829586,0.0075898137874901295,-0.0003000000142492354,-0.0029704843182116747,98.58041381835938,98.96971130371094,783.774658203125,784.0811157226562,784.0811157226562,546.6724853515625,0,0,11.884377479553223,0.0010999999940395355,0.02200000174343586,0.03299999609589577,0.04399999603629112,5655.8173828125,114276.53125,0.0429663360118866,0,3.1392715754918754e-05,37.32658767700195,0,0.0002616529818624258,2.8350639695418067e-05,0,0,23.700000762939453,0,0,1600,0,50,0,0,0,50,50,200,0.0,0.0,0.0,0.0
21,158.222412109375,309.2825927734375,325.9630432128906,325.9193420410156,292.4928894042969,292.53668212890625,16515.818359375,33031.63671875,69.56908416748047,69.56865692138672,1770.554443359375,3537.533447265625,1732.4676513671875,3454.766357421875,284.5697021484375,62.04472732543945,-3.355391982040601e-06,0,0,2574.602783203125,1294.622802734375,0,11.579365730285645,2673.534912109375,11.860207557678223,11.8643217086792,891.6571044921875,1778.56591796875,49.961639404296875,49.9536247253418,96.58162689208984,0,0,346.3855895996094,0,7.924896240234375,20.42253303527832,20.46624183654785,0,1.034000039100647,0.9067617654800415,50,2.799999952316284,2.327069044113159,0,0,0,0,0.0,0,0,0,-0.01124853827059269,0.008574722334742546,-0.0004999999655410647,-0.00317381601780653,98.41715240478516,98.83678436279297,783.1254272460938,783.4557495117188,783.4557495117188,546.3660278320312,0,0,11.579365730285645,0.0010999999940395355,0.02200000174343586,0.03299999609589577,0.04399999603629112,5655.8173828125,114276.53125,0.0429663360118866,0,3.1392715754918754e-05,39.147396087646484,0,0.0002616529818624258,2.8350639695418067e-05,0,0,23.700000762939453,0,0,1600,0,50,0,0,0,50,50,200,0.0,0.0,0.0,0.0
22,158.22756958007812,309.29522705078125,325.9498596191406,325.9060363769531,292.52838134765625,292.572265625,16515.818359375,33031.63671875,69.61019897460938,69.60977172851562,1768.81298828125,3533.936767578125,1729.484130859375,3448.794189453125,284.573486328125,62.054264068603516,2.7040675831813132e-06,0,0,2574.587646484375,1294.83056640625,0,11.284926414489746,2669.68310546875,11.862849235534668,11.867131233215332,890.412353515625,1776.067138671875,49.98848342895508,49.982460021972656,96.41487884521484,0,0,346.3882141113281,0,7.924896240234375,20.43836784362793,20.482177734375,0,1.034000039100647,0.9067617654800415,50,2.799999952316284,2.3304266929626465,0,0,0,0,0.0,0,0,0,-0.01224508322775364,0.009630981832742691,-0.000699999975040555,-0.0033141011372208595,98.2513198852539,98.69438171386719,782.4363403320312,782.7850952148438,782.7850952148438,546.0369873046875,0,0,11.284926414489746,0.0010999999940395355,0.02200000174343586,0.03299999609589577,0.04399999603629112,5655.8173828125,114276.53125,0.0429663360118866,0,3.1392715754918754e-05,40.968204498291016,0,0.0002616529818624258,2.8350639695418067e-05,0,0,23.700000762939453,0,0,1600,0,50,0,0,0,50,50,200,0.0,0.0,0.0,0.0
23,158.23260498046875,309.30780029296875,325.9363098144531,325.8924255371094,292.5647277832031,292.6086730957031,16515.818359375,33031.63671875,69.65191650390625,69.6514892578125,1767.0101318359375,3530.21875,1726.5010986328125,3442.8212890625,284.5772399902344,62.06377029418945,4.115465344511904e-06,0,0,2574.572021484375,1295.0408935546875,0,11.0235013961792,2665.6396484375,11.86556339263916,11.870011329650879,889.1430053710938,1773.51904296875,50.01766586303711,50.01365280151367,96.24812316894531,0,0,346.3908386230469,0,7.924896240234375,20.454509735107422,20.49842071533203,0,1.034000039100647,0.9067617654800415,50,2.799999952316284,2.3339614868164062,0,0,0,0,0.0,0,0,0,-0.013239218853414059,0.010740539990365505,-0.0009000000427477062,-0.003398678731173277,98.08596801757812,98.54490661621094,781.7193603515625,782.0806274414062,782.0806274414062,545.6910400390625,0,0,11.0235013961792,0.0010999999940395355,0.02200000174343586,0.03299999609589577,0.04399999603629112,5655.8173828125,114276.53125,0.0429663360118866,0,3.1392715754918754e-05,42.78901290893555,0,0.0002616529818624258,2.8350639695418067e-05,0,0,23.700000762939453,0,0,1600,0,50,0,0,0,50,50,200,0.0,0.0,0.0,0.0
24,158.23739624023438,309.32025146484375,325.92236328125,325.8783264160156,292.60186767578125,292.6459045410156,16515.818359375,33031.63671875,69.69415283203125,69.69374084472656,1765.1563720703125,3526.39990234375,1723.516357421875,3436.850341796875,284.58087158203125,62.072914123535156,3.509799626044696e-06,0,0,2574.55712890625,1295.2535400390625,0,10.803091049194336,2661.4716796875,11.86834716796875,11.872957229614258,887.845703125,1770.9178466796875,50.048675537109375,50.046634674072266,96.08137512207031,0,0,346.3933410644531,0,7.924896240234375,20.470989227294922,20.51500129699707,0,1.034000039100647,0.9067617654800415,50,2.799999952316284,2.337616443634033,0,0,0,0,0.0,0,0,0,-0.01422290038317442,0.01188513170927763,-0.0011000001104548573,-0.003437768667936325,97.9227523803711,98.39082336425781,780.9854736328125,781.3539428710938,781.3539428710938,545.333984375,0,0,10.803091049194336,0.0010999999940395355,0.02200000174343586,0.03299999609589577,0.04399999603629112,5655.8173828125,114276.53125,0.0429663360118866,0,3.1392715754918754e-05,44.60982131958008,0,0.0002616529818624258,2.8350639695418067e-05,0,0,23.700000762939453,0,0,1600,0,50,0,0,0,50,50,200,0.0,0.0,0.0,0.0
25,158.2418670654297,309.3324890136719,325.90789794921875,325.86383056640625,292.6397399902344,292.6838684082031,16515.818359375,33031.63671875,69.7368392944336,69.7364273071289,1763.2607421875,3522.496337890625,1720.534912109375,3430.875732421875,284.5842590332031,62.08149719238281,2.5818724225246115e-06,0,0,2574.54345703125,1295.4676513671875,0,10.609949111938477,2657.236328125,11.871198654174805,11.875967979431152,886.5236206054688,1768.2618408203125,50.08106994628906,50.0809440612793,95.91462707519531,0,0,346.3957214355469,0,7.924896240234375,20.48780632019043,20.531888961791992,0,1.034000039100647,0.9067617654800415,50,2.799999952316284,2.3413424491882324,0,0,0,0,0.0,0,0,0,-0.015190758742392063,0.013048844411969185,-0.0013000001199543476,-0.0034419146832078695,97.76248931884766,98.23424530029297,780.2437133789062,780.6150512695312,780.6150512695312,544.970703125,0,0,10.609949111938477,0.0010999999940395355,0.02200000174343586,0.03299999609589577,0.04399999603629112,5655.8173828125,114276.53125,0.0429663360118866,0,3.1392715754918754e-05,46.43062973022461,0,0.0002616529818624258,2.8350639695418067e-05,0,0,23.700000762939453,0,0,1600,0,50,0,0,0,50,50,200,0.0,0.0,0.0,0.0
26,158.24598693847656,309.34454345703125,325.8930358886719,325.8488464355469,292.6781921386719,292.7223815917969,16515.818359375,33031.63671875,69.77991485595703,69.77950286865234,1761.330078125,3518.5244140625,1717.5521240234375,3424.90234375,284.58740234375,62.08943557739258,-8.147525250024046e-07,0,0,2574.530517578125,1295.683349609375,0,10.43095588684082,2652.978759765625,11.874110221862793,11.879036903381348,885.1784057617188,1765.56201171875,50.11442947387695,50.116188049316406,95.74787902832031,0,0,346.3979187011719,0,7.924896240234375,20.50489616394043,20.54907989501953,0,1.034000039100647,0.9067617654800415,50,2.799999952316284,2.345099925994873,0,0,0,0,0.0,0,0,0,-0.016145462170243263,0.01421896368265152,-0.0015000002458691597,-0.003426498267799616,97.60517120361328,98.07685089111328,779.5007934570312,779.8721313476562,779.8721313476562,544.6053466796875,0,0,10.43095588684082,0.0010999999940395355,0.02200000174343586,0.03299999609589577,0.04399999603629112,5655.8173828125,114276.53125,0.0429663360118866,0,3.1392715754918754e-05,48.25143814086914,0,0.0002616529818624258,2.8350639695418067e-05,0,0,23.700000762939453,0,0,1600,0,50,0,0,0,50,50,200,0.0,0.0,0.0,0.0
27,158.24977111816406,309.35650634765625,325.8776550292969,325.8334045410156,292.7171630859375,292.76141357421875,16515.818359375,33031.63671875,69.82329559326172,69.82288360595703,1759.36962890625,3514.48974609375,1714.5726318359375,3418.926025390625,284.5903015136719,62.09675216674805,-3.194028977304697e-06,0,0,2574.518798828125,1295.9002685546875,0,10.255964279174805,2648.729248046875,11.877081871032715,11.882163047790527,883.8116455078125,1762.8187255859375,50.1485481262207,50.15212631225586,95.58112335205078,0,0,346.39996337890625,0,7.924896240234375,20.52229118347168,20.56654167175293,0,1.034000039100647,0.9067617654800415,50,2.799999952316284,2.3488621711730957,0,0,0,0,0.0,0,0,0,-0.017089681699872017,0.015387162566184998,-0.0017000001389533281,-0.003402519738301635,97.45075225830078,97.91975402832031,778.76123046875,779.1304321289062,779.1304321289062,544.240478515625,0,0,10.255964279174805,0.0010999999940395355,0.02200000174343586,0.03299999609589577,0.04399999603629112,5655.8173828125,114276.53125,0.0429663360118866,0,3.1392715754918754e-05,50.07224655151367,0,0.0002616529818624258,2.8350639695418067e-05,0,0,23.700000762939453,0,0,1600,0,50,0,0,0,50,50,200,0.0,0.0,0.0,0.0
28,158.25331115722656,309.36834716796875,325.8619079589844,325.8175354003906,292.756591796875,292.8009033203125,16515.818359375,33031.63671875,69.866943359375,69.86653900146484,1757.3807373046875,3510.4013671875,1711.5867919921875,3412.955810546875,284.5929870605469,62.103515625,-4.7335511226265226e-06,0,0,2574.508056640625,1296.119140625,0,10.073775291442871,2644.505859375,11.880110740661621,11.885344505310059,882.4296875,1760.04541015625,50.18320083618164,50.1886100769043,95.41437530517578,0,0,346.4018249511719,0,7.924896240234375,20.53992462158203,20.58427619934082,0,1.034000039100647,0.9067617654800415,50,2.799999952316284,2.3526134490966797,0,0,0,0,0.0,0,0,0,-0.018028777092695236,0.01654820330440998,-0.0019000000320374966,-0.003380573820322752,97.29779052734375,97.76361846923828,778.0265502929688,778.3932495117188,778.3932495117188,543.8778686523438,0,0,10.073775291442871,0.0010999999940395355,0.02200000174343586,0.03299999609589577,0.04399999603629112,5655.8173828125,114276.53125,0.0429663360118866,0,3.1392715754918754e-05,51.8930549621582,0,0.0002616529818624258,2.8350639695418067e-05,0,0,23.700000762939453,0,0,1600,0,50,0,0,0,50,50,200,0.0,0.0,0.0,0.0
29,158.2566375732422,309.3802185058594,325.8456726074219,325.80126953125,292.79644775390625,292.8408508300781,16515.818359375,33031.63671875,69.91082763671875,69.91043090820312,1755.3648681640625,3506.259521484375,1708.6025390625,3406.984619140625,284.59552001953125,62.10987091064453,-4.626494956028182e-06,0,0,2574.49755859375,1296.338623046875,0,9.88137149810791,2640.310791015625,11.883193969726562,11.888577461242676,881.03759765625,1757.2496337890625,50.218345642089844,50.22559356689453,95.24762725830078,0,0,346.4035949707031,0,7.924896240234375,20.55789566040039,20.60231590270996,0,1.034000039100647,0.9067617654800415,50,2.799999952316284,2.356351613998413,0,0,0,0,0.0,0,0,0,-0.018968114629387856,0.017701447010040283,-0.002099999925121665,-0.0033666661474853754,97.14549255371094,97.60852813720703,777.2965087890625,777.6610107421875,777.6610107421875,543.5177001953125,0,0,9.88137149810791,0.0010999999940395355,0.02200000174343586,0.03299999609589577,0.04399999603629112,5655.8173828125,114276.53125,0.0429663360118866,0,3.1392715754918754e-05,53.713863372802734,0,0.0002616529818624258,2.8350639695418067e-05,0,0,23.700000762939453,0,0,1600,0,50,0,0,0,50,50,200,0.0,0.0,0.0,0.0
30,158.25985717773438,309.39215087890625,325.8291320800781,325.7846374511719,292.8366394042969,292.8811950683594,16515.818359375,33031.63671875,69.95491790771484,69.95452117919922,1753.3212890625,3502.062255859375,1705.622802734375,3401.00830078125,284.597900390625,62.11592483520508,2.75962270279706e-06,0,0,2574.48779296875,1296.559814453125,0,9.675511360168457,2636.137939453125,11.886331558227539,11.891860961914062,879.6367797851562,1754.438720703125,50.254051208496094,50.26308059692383,95.08087921142578,0,0,346.4052429199219,0,7.924896240234375,20.57610511779785,20.62059211730957,0,1.034000039100647,0.9067617654800415,50,2.799999952316284,2.360081434249878,0,0,0,0,0.0,0,0,0,-0.01991305872797966,0.01884828321635723,-0.0022999998182058334,-0.0033647753298282623,96.99295806884766,97.45426940917969,776.5697021484375,776.932861328125,776.932861328125,543.1595458984375,0,0,9.675511360168457,0.0010999999940395355,0.02200000174343586,0.03299999609589577,0.04399999603629112,5655.8173828125,114276.53125,0.0429663360118866,0,3.1392715754918754e-05,55.534671783447266,0,0.0002616529818624258,2.8350639695418067e-05,0,0,23.700000762939453,0,0,1600,0,50,0,0,0,50,50,200,0.0,0.0,0.0,0.0
31,158.26300048828125,309.4042053222656,325.8122863769531,325.7677001953125,292.87725830078125,292.9219055175781,16515.818359375,33031.63671875,69.99919891357422,69.99880981445312,1751.2491455078125,3497.806396484375,1702.6405029296875,3395.034912109375,284.6002197265625,62.121803283691406,4.690853074862389e-06,0,0,2574.478271484375,1296.7821044921875,0,9.458499908447266,2631.977294921875,11.889519691467285,11.895195007324219,878.2298583984375,1751.614990234375,50.2903938293457,50.30112838745117,94.91412353515625,0,0,346.4068603515625,0,7.924896240234375,20.594585418701172,20.63917350769043,0,1.034000039100647,0.9067617654800415,50,2.799999952316284,2.3638124465942383,0,0,0,0,0.0,0,0,0,-0.020866304636001587,0.01999170146882534,-0.002499999711290002,-0.003374603809788823,96.839599609375,97.30045318603516,775.8441162109375,776.2069091796875,776.2069091796875,542.8025512695312,0,0,9.458499908447266,0.0010999999940395355,0.02200000174343586,0.03299999609589577,0.04399999603629112,5655.8173828125,114276.53125,0.0429663360118866,0,3.1392715754918754e-05,57.3554801940918,0,0.0002616529818624258,2.8350639695418067e-05,0,0,23.700000762939453,0,0,1600,0,50,0,0,0,50,50,200,0.0,0.0,0.0,0.0
32,158.26609802246094,309.4163818359375,325.7951965332031,325.75054931640625,292.918212890625,292.962890625,16515.818359375,33031.63671875,70.04367065429688,70.04328918457031,1749.1453857421875,3493.49169921875,1699.6575927734375,3389.06201171875,284.6025085449219,62.12758255004883,2.1516163997148396e-06,0,0,2574.468994140625,1297.005126953125,0,9.229886054992676,2627.816650390625,11.892757415771484,11.898573875427246,876.820068359375,1748.7864990234375,50.32733917236328,50.339839935302734,94.74737548828125,0,0,346.4084777832031,0,7.924896240234375,20.61326789855957,20.657926559448242,0,1.034000039100647,0.9067617654800415,50,2.799999952316284,2.3675551414489746,0,0,0,0,0.0,0,0,0,-0.021830542013049126,0.02113490365445614,-0.0026999996043741703,-0.00339563749730587,96.68462371826172,97.14663696289062,775.1173706054688,775.4810180664062,775.4810180664062,542.4456787109375,0,0,9.229886054992676,0.0010999999940395355,0.02200000174343586,0.03299999609589577,0.04399999603629112,5655.8173828125,114276.53125,0.0429663360118866,0,3.1392715754918754e-05,59.17628860473633,0,0.0002616529818624258,2.8350639695418067e-05,0,0,23.700000762939453,0,0,1600,0,50,0,0,0,50,50,200,0.0,0.0,0.0,0.0
33,158.26919555664062,309.4286804199219,325.77789306640625,325.7331848144531,292.95947265625,293.00421142578125,16515.818359375,33031.63671875,70.08833312988281,70.08795166015625,1747.0086669921875,3489.112548828125,1696.671630859375,3383.091796875,284.6047668457031,62.13331985473633,3.85702924177167e-06,0,0,2574.459716796875,1297.229736328125,0,8.996175765991211,2623.641845703125,11.896044731140137,11.901999473571777,875.4063110351562,1745.949951171875,50.36505889892578,50.379295349121094,94.58062744140625,0,0,346.4100646972656,0,7.924896240234375,20.63215446472168,20.6768798828125,0,1.034000039100647,0.9067617654800415,50,2.799999952316284,2.3713223934173584,0,0,0,0,0.0,0,0,0,-0.022805778309702873,0.022281846031546593,-0.0028999994974583387,-0.003423932706937194,96.52796173095703,96.99230194091797,774.3872680664062,774.7528076171875,774.7528076171875,542.0877075195312,0,0,8.996175765991211,0.0010999999940395355,0.02200000174343586,0.03299999609589577,0.04399999603629112,5655.8173828125,114276.53125,0.0429663360118866,0,3.1392715754918754e-05,60.99709701538086,0,0.0002616529818624258,2.8350639695418067e-05,0,0,23.700000762939453,0,0,1600,0,50,0,0,0,50,50,200,0.0,0.0,0.0,0.0
34,158.2722625732422,309.4411315917969,325.76043701171875,325.71563720703125,293.00103759765625,293.0458679199219,16515.818359375,33031.63671875,70.13317108154297,70.13279724121094,1744.840087890625,3484.666015625,1693.6907958984375,3377.116943359375,284.6070556640625,62.1390266418457,9.143800525635015e-07,0,0,2574.450439453125,1297.4552001953125,0,8.758554458618164,2619.443359375,11.89937686920166,11.905467987060547,873.9913330078125,1743.1077880859375,50.40364456176758,50.419498443603516,94.41387939453125,0,0,346.41162109375,0,7.924896240234375,20.65117835998535,20.69597053527832,0,1.034000039100647,0.9067617654800415,50,2.799999952316284,2.3751230239868164,0,0,0,0,0.0,0,0,0,-0.023792026564478874,0.023435089737176895,-0.003099999390542507,-0.003456935752183199,96.36962127685547,96.83709716796875,773.6526489257812,774.0206298828125,774.0206298828125,541.7277221679688,0,0,8.758554458618164,0.0010999999940395355,0.02200000174343586,0.03299999609589577,0.04399999603629112,5655.8173828125,114276.53125,0.0429663360118866,0,3.1392715754918754e-05,62.81790542602539,0,0.0002616529818624258,2.8350639695418067e-05,0,0,23.700000762939453,0,0,1600,0,50,0,0,0,50,50,200,0.0,0.0,0.0,0.0
35,158.27529907226562,309.4537048339844,325.742919921875,325.69805908203125,293.0428466796875,293.0877685546875,16515.818359375,33031.63671875,70.17818450927734,70.17781829833984,1742.6373291015625,3480.15185546875,1690.708251953125,3371.14306640625,284.6092834472656,62.14469528198242,2.797388106046128e-06,0,0,2574.441162109375,1297.681884765625,0,8.52238655090332,2615.215576171875,11.902753829956055,11.908979415893555,872.5722045898438,1740.2598876953125,50.44303894042969,50.46054458618164,94.24712371826172,0,0,346.4132080078125,0,7.924896240234375,20.67030143737793,20.71516227722168,0,1.034000039100647,0.9067617654800415,50,2.799999952316284,2.378962755203247,0,0,0,0,0.0,0,0,0,-0.024789290502667427,0.024596450850367546,-0.0032999992836266756,-0.0034928389359265566,96.20964050292969,96.68079376220703,772.912353515625,773.2832641601562,773.2832641601562,541.3652954101562,0,0,8.52238655090332,0.0010999999940395355,0.02200000174343586,0.03299999609589577,0.04399999603629112,5655.8173828125,114276.53125,0.0429663360118866,0,3.1392715754918754e-05,64.63871765136719,0,0.0002616529818624258,2.8350639695418067e-05,0,0,23.700000762939453,0,0,1600,0,50,0,0,0,50,50,200,0.0,0.0,0.0,0.0
36,158.2783203125,309.4664306640625,325.72528076171875,325.6802673339844,293.0849609375,293.1300048828125,16515.818359375,33031.63671875,70.22337341308594,70.22300720214844,1740.3994140625,3475.569091796875,1687.725830078125,3365.170166015625,284.61151123046875,62.15031051635742,-3.453712679402088e-06,0,0,2574.43212890625,1297.90966796875,0,8.289100646972656,2610.952880859375,11.906174659729004,11.912530899047852,871.1502075195312,1737.4063720703125,50.483314514160156,50.50242614746094,94.08036804199219,0,0,346.41473388671875,0,7.924896240234375,20.68946075439453,20.73445701599121,0,1.034000039100647,0.9067617654800415,50,2.799999952316284,2.3828465938568115,0,0,0,0,0.0,0,0,0,-0.025797581300139427,0.025767212733626366,-0.003499999176710844,-0.003530366811901331,96.04806518554688,96.5232162475586,772.1658935546875,772.5399169921875,772.5399169921875,541.0,0,0,8.289100646972656,0.0010999999940395355,0.02200000174343586,0.03299999609589577,0.04399999603629112,5655.8173828125,114276.53125,0.0429663360118866,0,3.1392715754918754e-05,66.45953369140625,0,0.0002616529818624258,2.8350639695418067e-05,0,0,23.700000762939453,0,0,1600,0,50,0,0,0,50,50,200,0.0,0.0,0.0,0.0
37,158.28126525878906,309.4792175292969,325.70758056640625,325.6625061035156,293.1273193359375,293.17242431640625,16515.818359375,33031.63671875,70.26873779296875,70.26837921142578,1738.127197265625,3470.918212890625,1684.7432861328125,3359.1962890625,284.61370849609375,62.155826568603516,-3.5395451050135307e-06,0,0,2574.42333984375,1298.1383056640625,0,8.058743476867676,2606.654296875,11.909636497497559,11.916121482849121,869.72412109375,1734.5445556640625,50.524436950683594,50.54513931274414,93.91361999511719,0,0,346.416259765625,0,7.924896240234375,20.70868682861328,20.753751754760742,0,1.034000039100647,0.9067617654800415,50,2.799999952316284,2.3867759704589844,0,0,0,0,0.0,0,0,0,-0.02681152895092964,0.026947908103466034,-0.0036999990697950125,-0.0035636199172586203,95.88522338867188,96.36430358886719,771.4131469726562,771.7902221679688,771.7902221679688,540.6315307617188,0,0,8.058743476867676,0.0010999999940395355,0.02200000174343586,0.03299999609589577,0.04399999603629112,5655.8173828125,114276.53125,0.0429663360118866,0,3.1392715754918754e-05,68.28034973144531,0,0.0002616529818624258,2.8350639695418067e-05,0,0,23.700000762939453,0,0,1600,0,50,0,0,0,50,50,200,0.0,0.0,0.0,0.0
38,158.2841339111328,309.4920654296875,325.6897888183594,325.6446228027344,293.169921875,293.21514892578125,16515.818359375,33031.63671875,70.31426239013672,70.31390380859375,1735.822265625,3466.2001953125,1681.760986328125,3353.222900390625,284.6158447265625,62.16120147705078,-3.851195288007148e-06,0,0,2574.41455078125,1298.367919921875,0,7.832879543304443,2602.321533203125,11.913135528564453,11.91974925994873,868.2929077148438,1731.672119140625,50.56638717651367,50.58863830566406,93.74687194824219,0,0,346.4177551269531,0,7.924896240234375,20.72797966003418,20.77314567565918,0,1.034000039100647,0.9067617654800415,50,2.799999952316284,2.390749931335449,0,0,0,0,0.0,0,0,0,-0.02783113345503807,0.028138110414147377,-0.003906978294253349,-0.0036000022664666176,95.72163391113281,96.2041244506836,770.6547241210938,771.0345458984375,771.0345458984375,540.2600708007812,0,0,7.832879543304443,0.0010999999940395355,0.02200000174343586,0.03299999609589577,0.04399999603629112,5655.8173828125,114276.53125,0.0429663360118866,0,3.1392715754918754e-05,70.10116577148438,0,0.0002616529818624258,2.8350639695418067e-05,0,0,23.700000762939453,0,0,1600,0,50,0,0,0,50,50,200,0.0,0.0,0.0,0.0
39,158.28688049316406,309.50494384765625,325.67193603515625,325.6266784667969,293.2127685546875,293.258056640625,16515.818359375,33031.63671875,70.35994720458984,70.35958862304688,1733.482666015625,3461.417236328125,1678.7783203125,3347.24951171875,284.6178894042969,62.16639709472656,4.369946964288829e-07,0,0,2574.40625,1298.5980224609375,0,7.611597537994385,2597.955322265625,11.91667366027832,11.92341136932373,866.8573608398438,1728.791748046875,50.60909652709961,50.6329231262207,93.58012390136719,0,0,346.4192199707031,0,7.924896240234375,20.74727439880371,20.79254150390625,0,1.034000039100647,0.9067617654800415,50,2.799999952316284,2.394767999649048,0,0,0,0,0.0,0,0,0,-0.02885371446609497,0.02933749556541443,-0.004163825418800116,-0.003680044086650014,95.55443572998047,96.04270935058594,769.888671875,770.2730712890625,770.2730712890625,539.8858032226562,0,0,7.611597537994385,0.0010999999940395355,0.02200000174343586,0.03299999609589577,0.04399999603629112,5655.8173828125,114276.53125,0.0429663360118866,0,3.1392715754918754e-05,71.92198181152344,0,0.0002616529818624258,2.8350639695418067e-05,0,0,23.700000762939453,0,0,1600,0,50,0,0,0,50,50,200,0.0,0.0,0.0,0.0
40,158.28952026367188,309.517822265625,325.6540222167969,325.60870361328125,293.25579833984375,293.3011474609375,16515.818359375,33031.63671875,70.40580749511719,70.40545654296875,1731.104248046875,3456.55517578125,1675.793212890625,3341.279296875,284.619873046875,62.17138671875,-5.377764864533674e-06,0,0,2574.39794921875,1298.8289794921875,0,7.3964385986328125,2593.52392578125,11.920248031616211,11.927107810974121,865.4141235351562,1725.8953857421875,50.65287780761719,50.678192138671875,93.41336822509766,0,0,346.42059326171875,0,7.924896240234375,20.766569137573242,20.81190299987793,0,1.034000039100647,0.9067617654800415,50,2.799999952316284,2.398859739303589,0,0,0,0,0.0,0,0,0,-0.029876578599214554,0.030555039644241333,-0.004481836222112179,-0.0038033744785934687,95.37205505371094,95.87889099121094,769.1010131835938,769.5,769.5,539.5056762695312,0,0,7.3964385986328125,0.0010999999940395355,0.02200000174343586,0.03299999609589577,0.04399999603629112,5655.8173828125,114276.53125,0.0429663360118866,0,3.1392715754918754e-05,73.7427978515625,0,0.0002616529818624258,2.8350639695418067e-05,0,0,23.700000762939453,0,0,1600,0,50,0,0,0,50,50,200,0.0,0.0,0.0,0.0
41,158.2919921875,309.5306701660156,325.6361083984375,325.5906677246094,293.2989807128906,293.34442138671875,16515.818359375,33031.63671875,70.45183563232422,70.45149230957031,1728.675048828125,3451.59228515625,1672.813720703125,3335.302978515625,284.6217346191406,62.176124572753906,3.6396379528014222e-06,0,0,2574.390380859375,1299.061279296875,0,7.172519683837891,2588.941650390625,11.92385482788086,11.93083381652832,863.9608764648438,1722.9794921875,50.69826889038086,50.725101470947266,93.24662017822266,0,0,346.4219055175781,0,7.924896240234375,20.785795211791992,20.83123207092285,0,1.034000039100647,0.9067617654800415,50,2.799999952316284,2.4031057357788086,0,0,0,0,0.0,0,0,0,-0.030897032469511032,0.03181477636098862,-0.004860489163547754,-0.003942746203392744,95.18634033203125,95.70948791503906,768.288330078125,768.7001953125,768.7001953125,539.1122436523438,0,0,7.172519683837891,0.0010999999940395355,0.02200000174343586,0.03299999609589577,0.04399999603629112,5655.8173828125,114276.53125,0.0429663360118866,0,3.1392715754918754e-05,75.56361389160156,0,0.0002616529818624258,2.8350639695418067e-05,0,0,23.700000762939453,0,0,1600,0,50,0,0,0,50,50,200,0.0,0.0,0.0,0.0
42,158.294189453125,309.5433654785156,325.6179504394531,325.57244873046875,293.3424072265625,293.387939453125,16515.818359375,33031.63671875,70.49801635742188,70.4976806640625,1726.1883544921875,3446.51416015625,1669.8304443359375,3329.330322265625,284.62347412109375,62.18047332763672,-4.062811967742164e-06,0,0,2574.38330078125,1299.2930908203125,0,6.988832950592041,2584.181884765625,11.927495002746582,11.934588432312012,862.4981079101562,1720.0408935546875,50.745567321777344,50.77378845214844,93.07987213134766,0,0,346.4231262207031,0,7.924896240234375,20.805156707763672,20.85066032409668,0,1.034000039100647,0.9067617654800415,50,2.799999952316284,2.407531976699829,0,0,0,0,0.0,0,0,0,-0.031904298812150955,0.03312428295612335,-0.005298214498907328,-0.004078231286257505,94.9917221069336,95.53352355957031,767.4422607421875,767.8687133789062,767.8687133789062,538.702880859375,0,0,6.988832950592041,0.0010999999940395355,0.02200000174343586,0.03299999609589577,0.04399999603629112,5655.8173828125,114276.53125,0.0429663360118866,0,3.1392715754918754e-05,77.38442993164062,0,0.0002616529818624258,2.8350639695418067e-05,0,0,23.700000762939453,0,0,1600,0,50,0,0,0,50,50,200,0.0,0.0,0.0,0.0
43,158.2960205078125,309.55572509765625,325.5996398925781,325.5540466308594,293.38592529296875,293.4315490722656,16515.818359375,33031.63671875,70.54429626464844,70.5439682006836,1723.652099609375,3441.3388671875,1666.849365234375,3323.35546875,284.6249694824219,62.18424606323242,-3.7758195503556635e-06,0,0,2574.377197265625,1299.525146484375,0,6.8150482177734375,2579.263427734375,11.931159019470215,11.938368797302246,861.0173950195312,1717.0726318359375,50.79442596435547,50.82414245605469,92.91312408447266,0,0,346.4241638183594,0,7.924896240234375,20.82451820373535,20.87012481689453,0,1.034000039100647,0.9067617654800415,50,2.799999952316284,2.412122964859009,0,0,0,0,0.0,0,0,0,-0.032887592911720276,0.03447844088077545,-0.0057939570397138596,-0.004203108139336109,94.79312896728516,95.35169982910156,766.5692138671875,767.0089721679688,767.0089721679688,538.279296875,0,0,6.8150482177734375,0.0010999999940395355,0.02200000174343586,0.03299999609589577,0.04399999603629112,5655.8173828125,114276.53125,0.0429663360118866,0,3.1392715754918754e-05,79.20524597167969,0,0.0002616529818624258,2.8350639695418067e-05,0,0,23.700000762939453,0,0,1600,0,50,0,0,0,50,50,200,0.0,0.0,0.0,0.0
44,158.29736328125,309.56768798828125,325.5811462402344,325.53546142578125,293.4294738769531,293.47515869140625,16515.818359375,33031.63671875,70.59064483642578,70.59031677246094,1721.0679931640625,3436.06787109375,1663.8643798828125,3317.384521484375,284.6261291503906,62.18718719482422,-2.519700274206116e-06,0,0,2574.37255859375,1299.7568359375,0,6.670678615570068,2574.201416015625,11.934849739074707,11.942170143127441,859.5181274414062,1714.0640869140625,50.84484100341797,50.8759651184082,92.74636840820312,0,0,346.42498779296875,0,7.924896240234375,20.84384536743164,20.8895206451416,0,1.034000039100647,0.9067617654800415,50,2.799999952316284,2.4168660640716553,0,0,0,0,0.0,0,0,0,-0.03383611515164375,0.03587329387664795,-0.006346534006297588,-0.0043093543499708176,94.59091186523438,95.16456604003906,765.6717529296875,766.1233520507812,766.1233520507812,537.842529296875,0,0,6.670678615570068,0.0010999999940395355,0.02200000174343586,0.03299999609589577,0.04399999603629112,5655.8173828125,114276.53125,0.0429663360118866,0,3.1392715754918754e-05,81.02606201171875,0,0.0002616529818624258,2.8350639695418067e-05,0,0,23.700000762939453,0,0,1600,0,50,0,0,0,50,50,200,0.0,0.0,0.0,0.0
45,158.29808044433594,309.5791320800781,325.56231689453125,325.51654052734375,293.4730224609375,293.51873779296875,16515.818359375,33031.63671875,70.63699340820312,70.63666534423828,1718.4400634765625,3430.70751953125,1660.885498046875,3311.407470703125,284.6268615722656,62.189109802246094,3.143369667668594e-06,0,0,2574.369140625,1299.98828125,0,6.552594184875488,2569.013671875,11.938560485839844,11.945991516113281,857.998046875,1711.0137939453125,50.89659118652344,50.9290885925293,92.57962036132812,0,0,346.42547607421875,0,7.924896240234375,20.86317253112793,20.90894889831543,0,1.034000039100647,0.9067617654800415,50,2.799999952316284,2.4217467308044434,0,0,0,0,0.0,0,0,0,-0.03474713861942291,0.03730403259396553,-0.0069548762403428555,-0.004397979471832514,94.38651275634766,94.9727783203125,764.75341796875,765.2149047851562,765.2149047851562,537.3942260742188,0,0,6.552594184875488,0.0010999999940395355,0.02200000174343586,0.03299999609589577,0.04399999603629112,5655.8173828125,114276.53125,0.0429663360118866,0,3.1392715754918754e-05,82.84687805175781,0,0.0002616529818624258,2.8350639695418067e-05,0,0,23.700000762939453,0,0,1600,0,50,0,0,0,50,50,200,0.0,0.0,0.0,0.0
46,158.29818725585938,309.59002685546875,325.5430908203125,325.49725341796875,293.5164794921875,293.56231689453125,16515.818359375,33031.63671875,70.68328094482422,70.6829605102539,1715.77099609375,3425.26611328125,1657.902587890625,3305.4345703125,284.6271667480469,62.18984603881836,-1.7152160580735654e-06,0,0,2574.3681640625,1300.2183837890625,0,6.456079006195068,2563.7216796875,11.942289352416992,11.949827194213867,856.45849609375,1707.9217529296875,50.94950866699219,50.983306884765625,92.41287231445312,0,0,346.4256896972656,0,7.924896240234375,20.88260269165039,20.928447723388672,0,1.034000039100647,0.9067617654800415,50,2.799999952316284,2.426745653152466,0,0,0,0,0.0,0,0,0,-0.035612545907497406,0.03876468166708946,-0.007617909461259842,-0.00446577463299036,94.18054962158203,94.77714538574219,763.8179321289062,764.2875366210938,764.2875366210938,536.9360961914062,0,0,6.456079006195068,0.0010999999940395355,0.02200000174343586,0.03299999609589577,0.04399999603629112,5655.8173828125,114276.53125,0.0429663360118866,0,3.1392715754918754e-05,84.66769409179688,0,0.0002616529818624258,2.8350639695418067e-05,0,0,23.700000762939453,0,0,1600,0,50,0,0,0,50,50,200,0.0,0.0,0.0,0.0
47,158.2974090576172,309.60028076171875,325.52337646484375,325.4774475097656,293.5598449707031,293.60577392578125,16515.818359375,33031.63671875,70.72945404052734,70.72914123535156,1713.0645751953125,3419.75244140625,1654.91748046875,3299.464111328125,284.626953125,62.189292907714844,-8.754624332141248e-07,0,0,2574.369140625,1300.4471435546875,0,6.37762451171875,2558.347900390625,11.94603157043457,11.953676223754883,854.8968505859375,1704.7890625,51.00326919555664,51.03847122192383,92.24612426757812,0,0,346.4255676269531,0,7.924896240234375,20.90216827392578,20.9481143951416,0,1.034000039100647,0.9067617654800415,50,2.799999952316284,2.431842803955078,0,0,0,0,0.0,0,0,0,-0.03642961382865906,0.04024914652109146,-0.008334651589393616,-0.004515118896961212,93.97429656982422,94.57848358154297,762.8694458007812,763.3450317382812,763.3450317382812,536.4701538085938,0,0,6.37762451171875,0.0010999999940395355,0.02200000174343586,0.03299999609589577,0.04399999603629112,5655.8173828125,114276.53125,0.0429663360118866,0,3.1392715754918754e-05,86.48851013183594,0,0.0002616529818624258,2.8350639695418067e-05,0,0,23.700000762939453,0,0,1600,0,50,0,0,0,50,50,200,0.0,0.0,0.0,0.0
48,158.29580688476562,309.6099853515625,325.5031433105469,325.45709228515625,293.60302734375,293.6490173339844,16515.818359375,33031.63671875,70.77546691894531,70.77516174316406,1710.3255615234375,3414.174072265625,1651.93212890625,3293.493408203125,284.6261901855469,62.1873664855957,3.516194965413888e-06,0,0,2574.37255859375,1300.675048828125,0,6.321744441986084,2552.9150390625,11.949786186218262,11.957533836364746,853.3172607421875,1701.6207275390625,51.057743072509766,51.09432601928711,92.0793685913086,0,0,346.4249572753906,0,7.924896240234375,20.92180061340332,20.96784782409668,0,1.034000039100647,0.9067617654800415,50,2.799999952316284,2.4370181560516357,0,0,0,0,0.0,0,0,0,-0.03720100596547127,0.04175102338194847,-0.009104184806346893,-0.004554166458547115,93.76801300048828,94.37763977050781,761.9115600585938,762.3914184570312,762.3914184570312,535.9983520507812,0,0,6.321744441986084,0.0010999999940395355,0.02200000174343586,0.03299999609589577,0.04399999603629112,5655.8173828125,114276.53125,0.0429663360118866,0,3.1392715754918754e-05,88.309326171875,0,0.0002616529818624258,2.8350639695418067e-05,0,0,23.700000762939453,0,0,1600,0,50,0,0,0,50,50,200,0.0,0.0,0.0,0.0
49,158.2933807373047,309.61907958984375,325.482421875,325.436279296875,293.6459045410156,293.6920166015625,16515.818359375,33031.63671875,70.82125854492188,70.82095336914062,1707.5557861328125,3408.53515625,1648.95458984375,3287.51513671875,284.6248779296875,62.184078216552734,2.56704379353323e-06,0,0,2574.37841796875,1300.90087890625,0,6.264211177825928,2547.439697265625,11.95355224609375,11.961400032043457,851.7213134765625,1698.417236328125,51.1128044128418,51.150733947753906,91.9126205444336,0,0,346.4239196777344,0,7.924896240234375,20.94150161743164,20.987651824951172,0,1.034000039100647,0.9067617654800415,50,2.799999952316284,2.442255973815918,0,0,0,0,0.0,0,0,0,-0.03792399540543556,0.04326571896672249,-0.009925544261932373,-0.004583821631968021,93.5613784790039,94.17522430419922,760.946533203125,761.4297485351562,761.4297485351562,535.5221557617188,0,0,6.264211177825928,0.0010999999940395355,0.02200000174343586,0.03299999609589577,0.04399999603629112,5655.8173828125,114276.53125,0.0429663360118866,0,3.1392715754918754e-05,90.13014221191406,0,0.0002616529818624258,2.8350639695418067e-05,0,0,23.700000762939453,0,0,1600,0,50,0,0,0,50,50,200,0.0,0.0,0.0,0.0
50,158.29014587402344,309.62762451171875,325.46112060546875,325.4148864746094,293.6885681152344,293.7347412109375,16515.818359375,33031.63671875,70.86679077148438,70.86648559570312,1704.759033203125,3402.841552734375,1645.9764404296875,3281.53759765625,284.623046875,62.17945861816406,9.251469919036026e-07,0,0,2574.38720703125,1301.1253662109375,0,6.210411548614502,2541.93359375,11.957324028015137,11.965269088745117,850.1121215820312,1695.188232421875,51.16837692260742,51.2075080871582,91.7458724975586,0,0,346.4224548339844,0,7.924896240234375,20.96133804321289,21.00758934020996,0,1.034000039100647,0.9067617654800415,50,2.799999952316284,2.4475464820861816,0,0,0,0,0.0,0,0,0,-0.038603950291872025,0.04479002580046654,-0.010797828435897827,-0.004611752461642027,93.35450744628906,93.97166442871094,759.97607421875,760.4619140625,760.4619140625,535.0426635742188,0,0,6.210411548614502,0.0010999999940395355,0.02200000174343586,0.03299999609589577,0.04399999603629112,5655.8173828125,114276.53125,0.0429663360118866,0,3.1392715754918754e-05,91.95095825195312,0,0.0002616529818624258,2.8350639695418067e-05,0,0,23.700000762939453,0,0,1600,0,50,0,0,0,50,50,200,0.0,0.0,0.0,0.0
51,158.28611755371094,309.63555908203125,325.43927001953125,325.3929443359375,293.73089599609375,293.7771301269531,16515.818359375,33031.63671875,70.91203308105469,70.91173553466797,1701.9361572265625,3397.09423828125,1642.990478515625,3275.567626953125,284.6206970214844,62.17351531982422,-2.474804432495148e-07,0,0,2574.39794921875,1301.3477783203125,0,6.158867359161377,2536.401611328125,11.961100578308105,11.969143867492676,848.4891967773438,1691.9345703125,51.22432327270508,51.26466369628906,91.5791244506836,0,0,346.42059326171875,0,7.924896240234375,20.98134422302246,21.02766227722168,0,1.034000039100647,0.9067617654800415,50,2.799999952316284,2.4528844356536865,0,0,0,0,0.0,0,0,0,-0.039235446602106094,0.04632234200835228,-0.011720074340701103,-0.0046331752091646194,93.14729309082031,93.76715850830078,759.0010986328125,759.489013671875,759.489013671875,534.5603637695312,0,0,6.158867359161377,0.0010999999940395355,0.02200000174343586,0.03299999609589577,0.04399999603629112,5655.8173828125,114276.53125,0.0429663360118866,0,3.1392715754918754e-05,93.77177429199219,0,0.0002616529818624258,2.8350639695418067e-05,0,0,23.700000762939453,0,0,1600,0,50,0,0,0,50,50,200,0.0,0.0,0.0,0.0
52,158.28126525878906,309.6429443359375,325.4168395996094,325.3704528808594,293.7727966308594,293.8191223144531,16515.818359375,33031.63671875,70.95693969726562,70.95664978027344,1699.087158203125,3391.299072265625,1640.0069580078125,3269.59521484375,284.6178283691406,62.166259765625,7.921850624370563e-07,0,0,2574.411376953125,1301.5682373046875,0,6.113650798797607,2530.850830078125,11.964881896972656,11.973016738891602,846.85595703125,1688.6566162109375,51.280521392822266,51.322113037109375,91.41236877441406,0,0,346.4183349609375,0,7.924896240234375,21.00148582458496,21.04787254333496,0,1.034000039100647,0.9067617654800415,50,2.799999952316284,2.4582643508911133,0,0,0,0,0.0,0,0,0,-0.03982385993003845,0.04786085709929466,-0.01269140001386404,-0.004654403775930405,92.93997192382812,93.56195068359375,758.0225219726562,758.51220703125,758.51220703125,534.0757446289062,0,0,6.113650798797607,0.0010999999940395355,0.02200000174343586,0.03299999609589577,0.04399999603629112,5655.8173828125,114276.53125,0.0429663360118866,0,3.1392715754918754e-05,95.59259033203125,0,0.0002616529818624258,2.8350639695418067e-05,0,0,23.700000762939453,0,0,1600,0,50,0,0,0,50,50,200,0.0,0.0,0.0,0.0
53,158.27565002441406,309.6498107910156,325.39385986328125,325.347412109375,293.8143310546875,293.8607177734375,16515.818359375,33031.63671875,71.00149536132812,71.001220703125,1696.2142333984375,3385.455078125,1637.0220947265625,3263.624267578125,284.6144714355469,62.157737731933594,3.805015751368046e-07,0,0,2574.427001953125,1301.7861328125,0,6.067896366119385,2525.2841796875,11.968663215637207,11.976889610290527,845.21435546875,1685.364013671875,51.33698272705078,51.37980270385742,91.24562072753906,0,0,346.4156494140625,0,7.924896240234375,21.02179718017578,21.06825065612793,0,1.034000039100647,0.9067617654800415,50,2.799999952316284,2.4636831283569336,0,0,0,0,0.0,0,0,0,-0.040369171649217606,0.049404602497816086,-0.013710885308682919,-0.0046754563227295876,92.73213195800781,93.35616302490234,757.040771484375,757.5320434570312,757.5320434570312,533.5892333984375,0,0,6.067896366119385,0.0010999999940395355,0.02200000174343586,0.03299999609589577,0.04399999603629112,5655.8173828125,114276.53125,0.0429663360118866,0,3.1392715754918754e-05,97.41340637207031,0,0.0002616529818624258,2.8350639695418067e-05,0,0,23.700000762939453,0,0,1600,0,50,0,0,0,50,50,200,0.0,0.0,0.0,0.0
54,158.26925659179688,309.6560974121094,325.3702697753906,325.32373046875,293.85546875,293.90191650390625,16515.818359375,33031.63671875,71.04566955566406,71.04539489746094,1693.3175048828125,3379.5654296875,1634.0430908203125,3257.6474609375,284.610595703125,62.14794921875,-1.4825308198851417e-06,0,0,2574.445068359375,1302.00244140625,0,6.028266906738281,2519.702880859375,11.972444534301758,11.98076057434082,843.5642700195312,1682.0548095703125,51.39366149902344,51.437713623046875,91.07887268066406,0,0,346.4125671386719,0,7.924896240234375,21.04231071472168,21.088834762573242,0,1.034000039100647,0.9067617654800415,50,2.799999952316284,2.4691405296325684,0,0,0,0,0.0,0,0,0,-0.040871359407901764,0.050953369587659836,-0.01477763056755066,-0.004695620387792587,92.52391052246094,93.14982604980469,756.0559692382812,756.5487060546875,756.5487060546875,533.1008911132812,0,0,6.028266906738281,0.0010999999940395355,0.02200000174343586,0.03299999609589577,0.04399999603629112,5655.8173828125,114276.53125,0.0429663360118866,0,3.1392715754918754e-05,99.23422241210938,0,0.0002616529818624258,2.8350639695418067e-05,0,0,23.700000762939453,0,0,1600,0,50,0,0,0,50,50,200,0.0,0.0,0.0,0.0
55,158.26214599609375,309.661865234375,325.34619140625,325.299560546875,293.8961181640625,293.942626953125,16515.818359375,33031.63671875,71.08944702148438,71.08917999267578,1690.398193359375,3373.6298828125,1631.06494140625,3251.669677734375,284.6062316894531,62.13693618774414,1.5941733408908476e-06,0,0,2574.465087890625,1302.2161865234375,0,5.986558437347412,2514.1083984375,11.976224899291992,11.984626770019531,841.9073486328125,1678.73046875,51.45063018798828,51.495758056640625,90.91212463378906,0,0,346.40911865234375,0,7.924896240234375,21.06292724609375,21.10955238342285,0,1.034000039100647,0.9067617654800415,50,2.799999952316284,2.474634885787964,0,0,0,0,0.0,0,0,0,-0.04133041203022003,0.05250662565231323,-0.01589074917137623,-0.004714534152299166,92.31538391113281,92.94300842285156,755.0684204101562,755.5625,755.5625,532.6107788085938,0,0,5.986558437347412,0.0010999999940395355,0.02200000174343586,0.03299999609589577,0.04399999603629112,5655.8173828125,114276.53125,0.0429663360118866,0,3.1392715754918754e-05,101.05503845214844,0,0.0002616529818624258,2.8350639695418067e-05,0,0,23.700000762939453,0,0,1600,0,50,0,0,0,50,50,200,0.0,0.0,0.0,0.0
56,158.25428771972656,309.6670837402344,325.3215637207031,325.2748718261719,293.936279296875,293.98284912109375,16515.818359375,33031.63671875,71.1328125,71.13255310058594,1687.45556640625,3367.6513671875,1628.080078125,3245.698486328125,284.60137939453125,62.12471008300781,7.179021963565901e-07,0,0,2574.487548828125,1302.427490234375,0,5.949454307556152,2508.50244140625,11.980001449584961,11.988487243652344,840.2442016601562,1675.394775390625,51.50769805908203,51.553977966308594,90.74536895751953,0,0,346.4052734375,0,7.924896240234375,21.08371353149414,21.13040542602539,0,1.034000039100647,0.9067617654800415,50,2.799999952316284,2.4801652431488037,0,0,0,0,0.0,0,0,0,-0.04174630343914032,0.054063938558101654,-0.01704936847090721,-0.004731733817607164,92.10665893554688,92.73576354980469,754.0785522460938,754.57373046875,754.57373046875,532.119140625,0,0,5.949454307556152,0.0010999999940395355,0.02200000174343586,0.03299999609589577,0.04399999603629112,5655.8173828125,114276.53125,0.0429663360118866,0,3.1392715754918754e-05,102.8758544921875,0,0.0002616529818624258,2.8350639695418067e-05,0,0,23.700000762939453,0,0,1600,0,50,0,0,0,50,50,200,0.0,0.0,0.0,0.0
57,158.2456817626953,309.6717834472656,325.29644775390625,325.2496643066406,293.9758605957031,294.0225524902344,16515.818359375,33031.63671875,71.1757583618164,71.17549896240234,1684.4915771484375,3361.630126953125,1625.09521484375,3239.727783203125,284.5960693359375,62.11128234863281,-2.3683207928115735e-06,0,0,2574.51220703125,1302.63623046875,0,5.899162769317627,2502.88720703125,11.983773231506348,11.992340087890625,838.5751342773438,1672.047607421875,51.56489562988281,51.6123161315918,90.57862091064453,0,0,346.4010314941406,0,7.924896240234375,21.10460090637207,21.1513614654541,0,1.034000039100647,0.9067617654800415,50,2.799999952316284,2.485729455947876,0,0,0,0,0.0,0,0,0,-0.04211902990937233,0.05562477186322212,-0.01825266145169735,-0.004746917635202408,91.89785766601562,92.5281753540039,753.0864868164062,753.5827026367188,753.5827026367188,531.6260986328125,0,0,5.899162769317627,0.0010999999940395355,0.02200000174343586,0.03299999609589577,0.04399999603629112,5655.8173828125,114276.53125,0.0429663360118866,0,3.1392715754918754e-05,104.69667053222656,0,0.0002616529818624258,2.8350639695418067e-05,0,0,23.700000762939453,0,0,1600,0,50,0,0,0,50,50,200,0.0,0.0,0.0,0.0
58,158.23635864257812,309.67596435546875,325.2708435058594,325.2239685058594,294.01495361328125,294.0617370605469,16515.818359375,33031.63671875,71.21825408935547,71.21800231933594,1681.5072021484375,3355.56787109375,1622.1121826171875,3233.7548828125,284.59027099609375,62.096656799316406,3.5522471080184914e-06,0,0,2574.5390625,1302.843017578125,0,5.883136749267578,2497.26416015625,11.98753833770752,11.996185302734375,836.90283203125,1668.69091796875,51.62221145629883,51.67072677612305,90.41187286376953,0,0,346.3964538574219,0,7.924896240234375,21.12562370300293,21.1724853515625,0,1.034000039100647,0.9067617654800415,50,2.799999952316284,2.491326332092285,0,0,0,0,0.0,0,0,0,-0.04245397076010704,0.0571884959936142,-0.019499823451042175,-0.0047653005458414555,91.68879699707031,92.32030487060547,752.0927734375,752.5899047851562,752.5899047851562,531.1318969726562,0,0,5.883136749267578,0.0010999999940395355,0.02200000174343586,0.03299999609589577,0.04399999603629112,5655.8173828125,114276.53125,0.0429663360118866,0,3.1392715754918754e-05,106.51748657226562,0,0.0002616529818624258,2.8350639695418067e-05,0,0,23.700000762939453,0,0,1600,0,50,0,0,0,50,50,200,0.0,0.0,0.0,0.0
59,158.22630310058594,309.67962646484375,325.24468994140625,325.19775390625,294.0535583496094,294.10040283203125,16515.818359375,33031.63671875,71.26030731201172,71.26006317138672,1678.5028076171875,3349.464111328125,1619.1337890625,3227.77734375,284.5840148925781,62.080867767333984,2.437205921523855e-06,0,0,2574.568359375,1303.047119140625,0,5.850033760070801,2491.633056640625,11.99129581451416,12.000020980834961,835.2261352539062,1665.32763671875,51.67966079711914,51.72919845581055,90.24512481689453,0,0,346.3915100097656,0,7.924896240234375,21.146818161010742,21.19374656677246,0,1.034000039100647,0.9067617654800415,50,2.799999952316284,2.4969568252563477,0,0,0,0,0.0,0,0,0,-0.042745720595121384,0.058755312114953995,-0.020789960399270058,-0.004780368413776159,91.47940826416016,92.11212921142578,751.0970458984375,751.5950927734375,751.5950927734375,530.636474609375,0,0,5.850033760070801,0.0010999999940395355,0.02200000174343586,0.03299999609589577,0.04399999603629112,5655.8173828125,114276.53125,0.0429663360118866,0,3.1392715754918754e-05,108.33830261230469,0,0.0002616529818624258,2.8350639695418067e-05,0,0,23.700000762939453,0,0,1600,0,50,0,0,0,50,50,200,0.0,0.0,0.0,0.0
60,158.21554565429688,309.68280029296875,325.2181396484375,325.1711120605469,294.091552734375,294.13848876953125,16515.818359375,33031.63671875,71.30189514160156,71.30165100097656,1675.477294921875,3343.321533203125,1616.149169921875,3221.80615234375,284.57733154296875,62.06391906738281,-5.1324368541827425e-06,0,0,2574.599365234375,1303.2481689453125,0,5.824016571044922,2485.994873046875,11.99504566192627,12.003846168518066,833.5460205078125,1661.9580078125,51.737159729003906,51.78773498535156,90.078369140625,0,0,346.3861999511719,0,7.924896240234375,21.16804313659668,21.21507453918457,0,1.034000039100647,0.9067617654800415,50,2.799999952316284,2.502619981765747,0,0,0,0,0.0,0,0,0,-0.04299696907401085,0.060324907302856445,-0.02212228998541832,-0.004794352222234011,91.27023315429688,91.90369415283203,750.099853515625,750.5985107421875,750.5985107421875,530.139892578125,0,0,5.824016571044922,0.0010999999940395355,0.02200000174343586,0.03299999609589577,0.04399999603629112,5655.8173828125,114276.53125,0.0429663360118866,0,3.1392715754918754e-05,110.15911865234375,0,0.0002616529818624258,2.8350639695418067e-05,0,0,23.700000762939453,0,0,1600,0,50,0,0,0,50,50,200,0.0,0.0,0.0,0.0
61,158.2041015625,309.6854248046875,325.1911315917969,325.1440124511719,294.1289978027344,294.176025390625,16515.818359375,33031.63671875,71.343017578125,71.34278869628906,1672.4339599609375,3337.14013671875,1613.1708984375,3215.828369140625,284.57012939453125,62.04582977294922,5.0198277676827274e-06,0,0,2574.632568359375,1303.447265625,0,5.799631118774414,2480.353271484375,11.998785972595215,12.007659912109375,831.8629150390625,1658.58154296875,51.79473876953125,51.846256256103516,89.91162109375,0,0,346.3804931640625,0,7.924896240234375,21.189373016357422,21.23647117614746,0,1.034000039100647,0.9067617654800415,50,2.799999952316284,2.508312225341797,0,0,0,0,0.0,0,0,0,-0.04320770502090454,0.061896320432424545,-0.023496005684137344,-0.00480739027261734,91.06077575683594,91.69512939453125,749.1014404296875,749.6007690429688,749.6007690429688,529.6424560546875,0,0,5.799631118774414,0.0010999999940395355,0.02200000174343586,0.03299999609589577,0.04399999603629112,5655.8173828125,114276.53125,0.0429663360118866,0,3.1392715754918754e-05,111.97993469238281,0,0.0002616529818624258,2.8350639695418067e-05,0,0,23.700000762939453,0,0,1600,0,50,0,0,0,50,50,200,0.0,0.0,0.0,0.0
62,158.19195556640625,309.68756103515625,325.1636657714844,325.116455078125,294.1658935546875,294.2129821777344,16515.818359375,33031.63671875,71.38367462158203,71.3834457397461,1669.3707275390625,3330.923583984375,1610.1817626953125,3209.86181640625,284.5625305175781,62.02659606933594,4.057870341966918e-07,0,0,2574.667724609375,1303.6434326171875,0,5.779514789581299,2474.70751953125,12.002514839172363,12.01146125793457,830.1775512695312,1655.198974609375,51.85226821899414,51.90480422973633,89.744873046875,0,0,346.3744201660156,0,7.924896240234375,21.21076774597168,21.25796890258789,0,1.034000039100647,0.9067617654800415,50,2.799999952316284,2.5140347480773926,0,0,0,0,0.5398686883294549,0,0,0,-0.04337792471051216,0.06346965581178665,-0.024910341948270798,-0.004818613640964031,90.85163879394531,91.48641204833984,748.1021728515625,748.6018676757812,748.6018676757812,529.1442260742188,0,0,5.779514789581299,0.0010999999940395355,0.02200000174343586,0.03299999609589577,0.04399999603629112,5655.8173828125,114276.53125,0.0429663360118866,0,3.1392715754918754e-05,113.80075073242188,0,0.0002616529818624258,2.8350639695418067e-05,0,0,23.700000762939453,0,0,1600,0,50,0,0,0,50,50,200,0.0,0.0,0.0,0.0
63,158.17916870117188,309.689208984375,325.1357421875,325.0884704589844,294.2021789550781,294.24932861328125,16515.818359375,33031.63671875,71.4238510131836,71.42362213134766,1666.2899169921875,3324.67138671875,1607.203125,3203.884765625,284.5544738769531,62.00624084472656,-4.852777237829287e-06,0,0,2574.705322265625,1303.8367919921875,0,5.760962009429932,2469.060791015625,12.006232261657715,12.015247344970703,828.490234375,1651.8150634765625,51.909786224365234,51.96329879760742,89.578125,0,0,346.3680419921875,0,7.924896240234375,21.2322998046875,21.279569625854492,0,1.034000039100647,0.9067617654800415,50,2.799999952316284,2.5197842121124268,0,0,0,0,4.111678324524743,0,0,0,-0.04350762069225311,0.06504405289888382,-0.026364527642726898,-0.004828093573451042,90.64244079589844,91.27766418457031,747.1022338867188,747.6022338867188,747.6022338867188,528.6453247070312,0,0,5.760962009429932,0.0010999999940395355,0.02200000174343586,0.03299999609589577,0.04399999603629112,5655.8173828125,114276.53125,0.0429663360118866,0,3.1392715754918754e-05,115.62156677246094,0,0.0002616529818624258,2.8350639695418067e-05,0,0,23.700000762939453,0,0,1600,0,50,0,0,0,50,50,200,0.0,0.0,0.0,0.0
64,158.16575622558594,309.6903076171875,325.1073913574219,325.06005859375,294.2378234863281,294.2851257324219,16515.818359375,33031.63671875,71.46353912353516,71.46332550048828,1663.1920166015625,3318.384521484375,1604.218994140625,3197.912841796875,284.54595947265625,61.984779357910156,2.2039002942619845e-06,0,0,2574.744384765625,1304.0281982421875,0,5.7452497482299805,2463.4140625,12.009937286376953,12.01901912689209,826.798828125,1648.4219970703125,51.96732711791992,52.02170944213867,89.41136932373047,0,0,346.361328125,0,7.924896240234375,21.253934860229492,21.30126953125,0,1.034000039100647,0.9067617654800415,50,2.799999952316284,2.525560140609741,0,0,0,0,7.8618376834214665,0,0,0,-0.0435967892408371,0.06661930680274963,-0.027857830747961998,-0.0048353103920817375,90.43376922607422,91.06890869140625,746.1021118164062,746.60205078125,746.60205078125,528.1459350585938,0,0,5.7452497482299805,0.0010999999940395355,0.02200000174343586,0.03299999609589577,0.04399999603629112,5655.8173828125,114276.53125,0.0429663360118866,0,3.1392715754918754e-05,117.4423828125,0,0.0002616529818624258,2.8350639695418067e-05,0,0,23.700000762939453,0,0,1600,0,50,0,0,0,50,50,200,0.0,0.0,0.0,0.0
65,158.1517333984375,309.69097900390625,325.07867431640625,325.03125,294.27288818359375,294.3202819824219,16515.818359375,33031.63671875,71.50274658203125,71.50252532958984,1660.07763671875,3312.06689453125,1601.2403564453125,3191.935791015625,284.5370178222656,61.96221160888672,3.043505785171874e-07,0,0,2574.785400390625,1304.2164306640625,0,5.7336931228637695,2457.770751953125,12.013626098632812,12.022773742675781,825.1077880859375,1645.03076171875,52.02470397949219,52.08003234863281,89.24462127685547,0,0,346.35430908203125,0,7.924896240234375,21.275634765625,21.32307243347168,0,1.034000039100647,0.9067617654800415,50,2.799999952316284,2.5313589572906494,0,0,0,0,11.790346324926727,0,0,0,-0.0436481274664402,0.06819424778223038,-0.02938953973352909,-0.004843421280384064,90.2252426147461,90.86029052734375,745.1022338867188,745.6021118164062,745.6021118164062,527.6464233398438,0,0,5.7336931228637695,0.0010999999940395355,0.02200000174343586,0.03299999609589577,0.04399999603629112,5655.8173828125,114276.53125,0.0429663360118866,0,3.1392715754918754e-05,119.26319885253906,0,0.0002616529818624258,2.8350639695418067e-05,0,0,23.700000762939453,0,0,1600,0,50,0,0,0,50,50,200,0.0,0.0,0.0,0.0
66,158.13711547851562,309.69110107421875,325.049560546875,325.0019836425781,294.30731201171875,294.3548278808594,16515.818359375,33031.63671875,71.54145812988281,71.54125213623047,1656.9471435546875,3305.715087890625,1598.2562255859375,3185.9638671875,284.52764892578125,61.938560485839844,3.5703546927834395e-06,0,0,2574.828369140625,1304.401611328125,0,5.72490930557251,2452.131103515625,12.017301559448242,12.026514053344727,823.4163818359375,1641.6376953125,52.08207321166992,52.13824462890625,89.07787322998047,0,0,346.3469543457031,0,7.924896240234375,21.297405242919922,21.34497833251953,0,1.034000039100647,0.9067617654800415,50,2.799999952316284,2.5371811389923096,0,0,0,0,15.892384351592892,0,0,0,-0.04365893825888634,0.06976907700300217,-0.03095890022814274,-0.004848760552704334,90.01677703857422,90.65179443359375,744.1023559570312,744.6022338867188,744.6022338867188,527.1466674804688,0,0,5.72490930557251,0.0010999999940395355,0.02200000174343586,0.03299999609589577,0.04399999603629112,5655.8173828125,114276.53125,0.0429663360118866,0,3.1392715754918754e-05,121.08401489257812,0,0.0002616529818624258,2.8350639695418067e-05,0,0,23.700000762939453,0,0,1600,0,50,0,0,0,50,50,200,0.0,0.0,0.0,0.0
67,158.12191772460938,309.6908874511719,325.02001953125,324.97235107421875,294.34124755859375,294.3887939453125,16515.818359375,33031.63671875,71.5796890258789,71.57948303222656,1653.8001708984375,3299.3349609375,1595.271484375,3179.99267578125,284.5178527832031,61.913841247558594,3.6902085867041023e-06,0,0,2574.873046875,1304.5858154296875,0,5.71882963180542,2446.49560546875,12.02096176147461,12.030235290527344,821.7216796875,1638.2388916015625,52.13926315307617,52.19633102416992,88.91112518310547,0,0,346.3393249511719,0,7.924896240234375,21.31930923461914,21.366985321044922,0,1.034000039100647,0.9067617654800415,50,2.799999952316284,2.543025493621826,0,0,0,0,20.16313136300902,0,0,0,-0.04364272579550743,0.07134348154067993,-0.032565344125032425,-0.004864591173827648,89.80889129638672,90.4434585571289,743.10302734375,743.6026000976562,743.6026000976562,526.6467895507812,0,0,5.71882963180542,0.0010999999940395355,0.02200000174343586,0.03299999609589577,0.04399999603629112,5655.8173828125,114276.53125,0.0429663360118866,0,3.1392715754918754e-05,122.90483093261719,0,0.0002616529818624258,2.8350639695418067e-05,0,0,23.700000762939453,0,0,1600,0,50,0,0,0,50,50,200,0.0,0.0,0.0,0.0
68,158.1061248779297,309.6900939941406,324.9900817871094,324.9422912597656,294.37457275390625,294.4222106933594,16515.818359375,33031.63671875,71.617431640625,71.61724090576172,1650.6368408203125,3292.92333984375,1592.292724609375,3174.015869140625,284.5076599121094,61.8880615234375,1.825928393373033e-06,0,0,2574.919189453125,1304.7655029296875,0,5.714023113250732,2440.861083984375,12.024605751037598,12.033937454223633,820.0326538085938,1634.8516845703125,52.19635772705078,52.25429916381836,88.74436950683594,0,0,346.3313903808594,0,7.924896240234375,21.34131622314453,21.38909339904785,0,1.034000039100647,0.9067617654800415,50,2.799999952316284,2.5488955974578857,0,0,0,0,24.6025873591751,0,0,0,-0.04357787221670151,0.07291809469461441,-0.034207943826913834,-0.004867726005613804,89.59984588623047,90.23516082763672,742.1026611328125,742.6028442382812,742.6028442382812,526.1466674804688,0,0,5.714023113250732,0.0010999999940395355,0.02200000174343586,0.03299999609589577,0.04399999603629112,5655.8173828125,114276.53125,0.0429663360118866,0,3.1392715754918754e-05,124.72564697265625,0,0.0002616529818624258,2.8350639695418067e-05,0,0,23.700000762939453,0,0,1600,0,50,0,0,0,50,50,200,0.0,0.0,0.0,0.0
69,158.0897674560547,309.6887512207031,324.959716796875,324.9118957519531,294.4072570800781,294.4549865722656,16515.818359375,33031.63671875,71.65469360351562,71.65450286865234,1647.4583740234375,3286.482177734375,1589.3082275390625,3168.04443359375,284.4970397949219,61.86122131347656,-2.0224865693307947e-06,0,0,2574.967529296875,1304.943115234375,0,5.713197231292725,2435.229248046875,12.02823257446289,12.03762149810791,818.3356323242188,1631.447998046875,52.25334167480469,52.3121452331543,88.57762145996094,0,0,346.3231506347656,0,7.924896240234375,21.36342430114746,21.41126823425293,0,1.034000039100647,0.9067617654800415,50,2.799999952316284,2.5547902584075928,0,0,0,0,29.205930933753567,0,0,0,-0.043472494930028915,0.07449302822351456,-0.035886142402887344,-0.004865608178079128,89.39278411865234,90.02696228027344,741.1036987304688,741.6028442382812,741.6028442382812,525.6461791992188,0,0,5.713197231292725,0.0010999999940395355,0.02200000174343586,0.03299999609589577,0.04399999603629112,5655.8173828125,114276.53125,0.0429663360118866,0,3.1392715754918754e-05,126.54646301269531,0,0.0002616529818624258,2.8350639695418067e-05,0,0,23.700000762939453,0,0,1600,0,50,0,0,0,50,50,200,0.0,0.0,0.0,0.0
70,158.07284545898438,309.68701171875,324.9290771484375,324.88116455078125,294.43927001953125,294.4871520996094,16515.818359375,33031.63671875,71.69145965576172,71.69126892089844,1644.268310546875,3280.014404296875,1586.324462890625,3162.072265625,284.48602294921875,61.8333625793457,-1.463950525248947e-06,0,0,2575.01708984375,1305.1182861328125,0,5.712258338928223,2429.611083984375,12.031840324401855,12.041285514831543,816.6410522460938,1628.0482177734375,52.3101806640625,52.36969757080078,88.41087341308594,0,0,346.31463623046875,0,7.924896240234375,21.38556671142578,21.43347930908203,0,1.034000039100647,0.9067617654800415,50,2.799999952316284,2.5606982707977295,0,0,0,0,33.96834369818673,0,0,0,-0.043331991881132126,0.07606486976146698,-0.037599317729473114,-0.004866437986493111,89.18608856201172,89.81925964355469,740.1064453125,740.6048583984375,740.6048583984375,525.1464233398438,0,0,5.712258338928223,0.0010999999940395355,0.02200000174343586,0.03299999609589577,0.04399999603629112,5655.8173828125,114276.53125,0.0429663360118866,0,3.1392715754918754e-05,128.36727905273438,0,0.0002616529818624258,2.8350639695418067e-05,0,0,23.700000762939453,0,0,1600,0,50,0,0,0,50,50,200,0.0,0.0,0.0,0.0
71,158.05538940429688,309.68475341796875,324.8980407714844,324.85003662109375,294.470703125,294.5186767578125,16515.818359375,33031.63671875,71.72772216796875,71.72754669189453,1641.0638427734375,3273.5224609375,1583.345703125,3156.094970703125,284.47454833984375,61.80447769165039,2.339521188332583e-06,0,0,2575.068359375,1305.290771484375,0,5.7165045738220215,2424.003662109375,12.035429954528809,12.044928550720215,814.9454345703125,1624.64794921875,52.36671447753906,52.42707061767578,88.24412536621094,0,0,346.3058166503906,0,7.924896240234375,21.40777587890625,21.455791473388672,0,1.034000039100647,0.9067617654800415,50,2.799999952316284,2.5666215419769287,0,0,0,0,38.89464404103228,0,0,0,-0.04315366968512535,0.07763435691595078,-0.03934681415557861,-0.00486612506210804,88.97986602783203,89.61196899414062,739.1107788085938,739.6083984375,739.6083984375,524.6471557617188,0,0,5.7165045738220215,0.0010999999940395355,0.02200000174343586,0.03299999609589577,0.04399999603629112,5655.8173828125,114276.53125,0.0429663360118866,0,3.1392715754918754e-05,130.18807983398438,0,0.0002616529818624258,2.8350639695418067e-05,0,0,23.700000762939453,0,0,1600,0,50,0,0,0,50,50,200,0.0,0.0,0.0,0.0
72,158.03741455078125,309.68206787109375,324.86663818359375,324.81854248046875,294.5015563964844,294.5495910644531,16515.818359375,33031.63671875,71.76348114013672,71.7633056640625,1637.846435546875,3267.0048828125,1580.362548828125,3150.122314453125,284.4627685546875,61.77461624145508,-4.330441242927918e-06,0,0,2575.121337890625,1305.46044921875,0,5.717778205871582,2418.4091796875,12.039000511169434,12.048551559448242,813.2508544921875,1621.2467041015625,52.42306900024414,52.48419189453125,88.0773696899414,0,0,346.2967834472656,0,7.924896240234375,21.43012237548828,21.478239059448242,0,1.034000039100647,0.9067617654800415,50,2.799999952316284,2.572559118270874,0,0,0,0,43.9655563962062,0,0,0,-0.042940232902765274,0.07920107245445251,-0.04112802818417549,-0.004867192357778549,88.77425384521484,89.40514373779297,738.1170043945312,738.6136474609375,738.6136474609375,524.1485595703125,0,0,5.717778205871582,0.0010999999940395355,0.02200000174343586,0.03299999609589577,0.04399999603629112,5655.8173828125,114276.53125,0.0429663360118866,0,3.1392715754918754e-05,132.00888061523438,0,0.0002616529818624258,2.8350639695418067e-05,0,0,23.700000762939453,0,0,1600,0,50,0,0,0,50,50,200,0.0,0.0,0.0,0.0
73,158.01893615722656,309.6789245605469,324.8348693847656,324.78668212890625,294.53179931640625,294.5799255371094,16515.818359375,33031.63671875,71.79872131347656,71.79854583740234,1634.6175537109375,3260.463134765625,1577.3846435546875,3144.144287109375,284.4505310058594,61.74378204345703,3.786411184591998e-07,0,0,2575.176025390625,1305.6275634765625,0,5.707743167877197,2412.826904296875,12.042550086975098,12.052149772644043,811.557373046875,1617.8494873046875,52.47922134399414,52.54100036621094,87.9106216430664,0,0,346.28741455078125,0,7.924896240234375,21.45253562927246,21.50071907043457,0,1.034000039100647,0.9067617654800415,50,2.799999952316284,2.5785107612609863,0,0,0,0,49.18589311670642,0,0,0,-0.04268898814916611,0.0807650089263916,-0.04292802885174751,-0.004852015525102615,88.5691909790039,89.19877624511719,737.1250610351562,737.6206665039062,737.6206665039062,523.6505737304688,0,0,5.707743167877197,0.0010999999940395355,0.02200000174343586,0.03299999609589577,0.04399999603629112,5655.8173828125,114276.53125,0.0429663360118866,0,3.1392715754918754e-05,133.82968139648438,0,0.0002616529818624258,2.8350639695418067e-05,0,0,23.700000762939453,0,0,1600,0,50,0,0,0,50,50,200,0.0,0.0,0.0,0.0
74,157.9999542236328,309.67535400390625,324.80279541015625,324.7545166015625,294.5614013671875,294.609619140625,16515.818359375,33031.63671875,71.83345031738281,71.83328247070312,1631.37939453125,3253.901611328125,1574.40087890625,3138.172607421875,284.4379577636719,61.712013244628906,1.0053751111627207e-06,0,0,2575.232177734375,1305.7921142578125,0,5.725623607635498,2407.265380859375,12.0460786819458,12.055727005004883,809.8660888671875,1614.4564208984375,52.53504943847656,52.597476959228516,87.7438735961914,0,0,346.2778015136719,0,7.924896240234375,21.475017547607422,21.52330207824707,0,1.034000039100647,0.9067617654800415,50,2.799999952316284,2.584468126296997,0,0,0,0,54.55083782582849,0,0,0,-0.042405348271131516,0.08232391625642776,-0.04472803324460983,-0.004809466190636158,88.36802673339844,88.99317169189453,736.1387939453125,736.630859375,736.630859375,523.154052734375,0,0,5.725623607635498,0.0010999999940395355,0.02200000174343586,0.03299999609589577,0.04399999603629112,5655.8173828125,114276.53125,0.0429663360118866,0,3.1392715754918754e-05,135.65048217773438,0,0.0002616529818624258,2.8350639695418067e-05,0,0,23.700000762939453,0,0,1600,0,50,0,0,0,50,50,200,0.0,0.0,0.0,0.0
75,157.9805145263672,309.67138671875,324.77044677734375,324.7220153808594,294.59039306640625,294.6387023925781,16515.818359375,33031.63671875,71.86767578125,71.86751556396484,1628.1348876953125,3247.332275390625,1571.423828125,3132.193603515625,284.4250183105469,61.6793212890625,-7.072156904541771e-07,0,0,2575.28955078125,1305.9537353515625,0,5.732262134552002,2401.751953125,12.049585342407227,12.05927848815918,808.177978515625,1611.0684814453125,52.590267181396484,52.65340805053711,87.5771255493164,0,0,346.2679748535156,0,7.924896240234375,21.49753189086914,21.54595375061035,0,1.034000039100647,0.9067617654800415,50,2.799999952316284,2.5904009342193604,0,0,0,0,60.050749722750524,0,0,0,-0.0420893169939518,0.08386990427970886,-0.046528033912181854,-0.004747445695102215,88.17147827148438,88.78935241699219,735.1629028320312,735.6492919921875,735.6492919921875,522.661376953125,0,0,5.732262134552002,0.0010999999940395355,0.02200000174343586,0.03299999609589577,0.04399999603629112,5655.8173828125,114276.53125,0.0429663360118866,0,3.1392715754918754e-05,137.47128295898438,0,0.0002616529818624258,2.8350639695418067e-05,0,0,23.700000762939453,0,0,1600,0,50,0,0,0,50,50,200,0.0,0.0,0.0,0.0
76,157.9606475830078,309.66705322265625,324.7377624511719,324.6892395019531,294.6188049316406,294.667236328125,16515.818359375,33031.63671875,71.90142822265625,71.9012680053711,1624.88818359375,3240.760986328125,1568.4376220703125,3126.223876953125,284.4117126464844,61.645751953125,2.2129618173494237e-06,0,0,2575.348388671875,1306.11328125,0,5.73827600479126,2396.310302734375,12.053071022033691,12.062808990478516,806.4912109375,1607.687744140625,52.64476013183594,52.708595275878906,87.41036987304688,0,0,346.2579040527344,0,7.924896240234375,21.52014923095703,21.56867218017578,0,1.034000039100647,0.9067617654800415,50,2.799999952316284,2.596283197402954,0,0,0,0,65.68080840706159,0,0,0,-0.041743602603673935,0.08539656549692154,-0.048328034579753876,-0.004675073549151421,87.97958374023438,88.58818054199219,734.200927734375,734.6799926757812,734.6799926757812,522.1746215820312,0,0,5.73827600479126,0.0010999999940395355,0.02200000174343586,0.03299999609589577,0.04399999603629112,5655.8173828125,114276.53125,0.0429663360118866,0,3.1392715754918754e-05,139.29208374023438,0,0.0002616529818624258,2.8350639695418067e-05,0,0,23.700000762939453,0,0,1600,0,50,0,0,0,50,50,200,0.0,0.0,0.0,0.0
77,157.94039916992188,309.6623840332031,324.704833984375,324.6562194824219,294.6466369628906,294.69512939453125,16515.818359375,33031.63671875,71.93470001220703,71.9345474243164,1621.643798828125,3234.190185546875,1565.455322265625,3120.25048828125,284.3981018066406,61.61139678955078,2.43862427851127e-06,0,0,2575.408447265625,1306.2698974609375,0,5.736666679382324,2390.95556640625,12.056535720825195,12.066316604614258,804.811279296875,1604.314697265625,52.6984748840332,52.76287078857422,87.24362182617188,0,0,346.2476501464844,0,7.924896240234375,21.54279899597168,21.5914249420166,0,1.034000039100647,0.9067617654800415,50,2.799999952316284,2.602097988128662,0,0,0,0,71.42655267752883,0,0,0,-0.04137092083692551,0.08689950406551361,-0.0501280315220356,-0.004599443636834621,87.79815673828125,88.39022064208984,733.2597045898438,733.7257690429688,733.7257690429688,521.6952514648438,0,0,5.736666679382324,0.0010999999940395355,0.02200000174343586,0.03299999609589577,0.04399999603629112,5655.8173828125,114276.53125,0.0429663360118866,0,3.1392715754918754e-05,141.11288452148438,0,0.0002616529818624258,2.8350639695418067e-05,0,0,23.700000762939453,0,0,1600,0,50,0,0,0,50,50,200,0.0,0.0,0.0,0.0
78,157.91989135742188,309.657470703125,324.671630859375,324.6229553222656,294.6739196777344,294.7225036621094,16515.818359375,33031.63671875,71.96751403808594,71.96736145019531,1618.4046630859375,3227.634521484375,1562.4766845703125,3114.273193359375,284.38421630859375,61.57635498046875,4.440238626557402e-06,0,0,2575.46923828125,1306.4249267578125,0,5.7298264503479,2385.724365234375,12.059979438781738,12.06980037689209,803.1365356445312,1600.9560546875,52.750953674316406,52.81598663330078,87.07687377929688,0,0,346.2371826171875,0,7.924896240234375,21.5655517578125,21.61424446105957,0,1.034000039100647,0.9067617654800415,50,2.799999952316284,2.6078035831451416,0,0,0,0,77.26870093250847,0,0,0,-0.04097936674952507,0.08836837857961655,-0.05192802846431732,-0.004539015702903271,87.61420440673828,88.19683074951172,732.33447265625,732.7931518554688,732.7931518554688,521.2265625,0,0,5.7298264503479,0.0010999999940395355,0.02200000174343586,0.03299999609589577,0.04399999603629112,5655.8173828125,114276.53125,0.0429663360118866,0,3.1392715754918754e-05,142.93368530273438,0,0.0002616529818624258,2.8350639695418067e-05,0,0,23.700000762939453,0,0,1600,0,50,0,0,0,50,50,200,0.0,0.0,0.0,0.0
79,157.89918518066406,309.65240478515625,324.63824462890625,324.5894775390625,294.70062255859375,294.7493591308594,16515.818359375,33031.63671875,71.99989318847656,71.99974822998047,1615.1666259765625,3221.080322265625,1559.4970703125,3108.296875,284.3701477050781,61.540794372558594,1.8749410628515761e-06,0,0,2575.531005859375,1306.5780029296875,0,5.707832336425781,2380.574462890625,12.063403129577637,12.073263168334961,801.4710083007812,1597.6170654296875,52.80267333984375,52.86825180053711,86.91012573242188,0,0,346.22662353515625,0,7.924896240234375,21.5883731842041,21.63713264465332,0,1.034000039100647,0.9067617654800415,50,2.799999952316284,2.6134450435638428,0,0,0,0,83.17351439283041,0,0,0,-0.040577057749032974,0.08981481939554214,-0.053728025406599045,-0.00449026096612215,87.43184661865234,88.0064468383789,731.4224243164062,731.874755859375,731.874755859375,520.7648315429688,0,0,5.707832336425781,0.0010999999940395355,0.02200000174343586,0.03299999609589577,0.04399999603629112,5655.8173828125,114276.53125,0.0429663360118866,0,3.1392715754918754e-05,144.75448608398438,0,0.0002616529818624258,2.8350639695418067e-05,0,0,23.700000762939453,0,0,1600,0,50,0,0,0,50,50,200,0.0,0.0,0.0,0.0
80,157.87835693359375,309.6472473144531,324.6047058105469,324.55584716796875,294.7268981933594,294.7757263183594,16515.818359375,33031.63671875,72.0318832397461,72.03173828125,1611.92626953125,3214.52587890625,1556.5140380859375,3102.32421875,284.35589599609375,61.50484085083008,3.280253849879955e-06,0,0,2575.593017578125,1306.729248046875,0,5.670057773590088,2375.494140625,12.06680679321289,12.076702117919922,799.8165893554688,1594.2960205078125,52.85362243652344,52.91979217529297,86.74337005615234,0,0,346.2159729003906,0,7.924896240234375,21.61126136779785,21.660123825073242,0,1.034000039100647,0.9067617654800415,50,2.799999952316284,2.6190342903137207,0,0,0,0,89.12171145685086,0,0,0,-0.040166694670915604,0.09124203771352768,-0.05552802234888077,-0.004452679306268692,87.25090026855469,87.81863403320312,730.5216674804688,730.9685668945312,730.9685668945312,520.3092041015625,0,0,5.670057773590088,0.0010999999940395355,0.02200000174343586,0.03299999609589577,0.04399999603629112,5655.8173828125,114276.53125,0.0429663360118866,0,3.1392715754918754e-05,146.57528686523438,0,0.0002616529818624258,2.8350639695418067e-05,0,0,23.700000762939453,0,0,1600,0,50,0,0,0,50,50,200,0.0,0.0,0.0,0.0
81,157.85745239257812,309.64202880859375,324.57110595703125,324.5220947265625,294.7527160644531,294.8016357421875,16515.818359375,33031.63671875,72.06350708007812,72.0633773803711,1608.6844482421875,3207.962646484375,1553.5316162109375,3096.350830078125,284.341552734375,61.46860122680664,3.6529240787785966e-06,0,0,2575.6552734375,1306.879150390625,0,5.618760585784912,2370.471923828125,12.070189476013184,12.080122947692871,798.1737060546875,1590.9970703125,52.90403747558594,52.97068405151367,86.57662200927734,0,0,346.2052917480469,0,7.924896240234375,21.634183883666992,21.68317985534668,0,1.034000039100647,0.9067617654800415,50,2.799999952316284,2.6245830059051514,0,0,0,0,95.09883092333699,0,0,0,-0.03975097835063934,0.09265312552452087,-0.05732801929116249,-0.004425873979926109,87.07062530517578,87.63297271728516,729.6299438476562,730.0726318359375,730.0726318359375,519.858642578125,0,0,5.618760585784912,0.0010999999940395355,0.02200000174343586,0.03299999609589577,0.04399999603629112,5655.8173828125,114276.53125,0.0429663360118866,0,3.1392715754918754e-05,148.39608764648438,0,0.0002616529818624258,2.8350639695418067e-05,0,0,23.700000762939453,0,0,1600,0,50,0,0,0,50,50,200,0.0,0.0,0.0,0.0
82,157.83651733398438,309.6367492675781,324.5374450683594,324.48834228515625,294.778076171875,294.8271179199219,16515.818359375,33031.63671875,72.09481048583984,72.09467315673828,1605.436279296875,3201.392333984375,1550.552978515625,3090.37353515625,284.3271179199219,61.43212127685547,-6.70690496917814e-07,0,0,2575.718017578125,1307.02734375,0,5.565809726715088,2365.4951171875,12.073554992675781,12.083521842956543,796.5402221679688,1587.7205810546875,52.953857421875,53.02106475830078,86.40987396240234,0,0,346.194580078125,0,7.924896240234375,21.65713882446289,21.70623779296875,0,1.034000039100647,0.9067617654800415,50,2.799999952316284,2.6301047801971436,0,0,0,0,101.09041159105597,0,0,0,-0.03932990878820419,0.09405161440372467,-0.059128016233444214,-0.00440631341189146,86.89095306396484,87.44898986816406,728.7454223632812,729.1847534179688,729.1847534179688,519.4120483398438,0,0,5.565809726715088,0.0010999999940395355,0.02200000174343586,0.03299999609589577,0.04399999603629112,5655.8173828125,114276.53125,0.0429663360118866,0,3.1392715754918754e-05,150.21688842773438,0,0.0002616529818624258,2.8350639695418067e-05,0,0,23.700000762939453,0,0,1600,0,50,0,0,0,50,50,200,0.0,0.0,0.0,0.0
83,157.81552124023438,309.6313781738281,324.50396728515625,324.4548034667969,294.8028259277344,294.8519592285156,16515.818359375,33031.63671875,72.1259765625,72.12584686279297,1602.1815185546875,3194.807861328125,1547.56884765625,3084.40185546875,284.3125915527344,61.39545440673828,-1.5564804698442458e-06,0,0,2575.780517578125,1307.1671142578125,0,5.505571365356445,2360.554931640625,12.076902389526367,12.086901664733887,794.9811401367188,1584.59130859375,53.00333023071289,53.07097244262695,86.24312591552734,0,0,346.1838073730469,0,7.924896240234375,21.67985725402832,21.72902488708496,0,1.034000039100647,0.9067617654800415,50,2.799999952316284,2.6356091499328613,0,0,0,0,107.09162501218378,0,0,0,-0.03890348970890045,0.09543994814157486,-0.06092801317572594,-0.004391558468341827,86.71158599853516,87.266357421875,727.8665161132812,728.30322265625,728.30322265625,518.9686279296875,0,0,5.505571365356445,0.0010999999940395355,0.02200000174343586,0.03299999609589577,0.04399999603629112,5655.8173828125,114276.53125,0.0429663360118866,0,3.1392715754918754e-05,152.03768920898438,0,0.0002616529818624258,2.8350639695418067e-05,0,0,23.700000762939453,0,0,1600,0,50,0,0,0,50,50,200,0.0,0.0,0.0,0.0
84,157.79440307617188,309.6258544921875,324.4706115722656,324.42132568359375,294.8271179199219,294.8763427734375,16515.818359375,33031.63671875,72.15705871582031,72.15693664550781,1598.9188232421875,3188.20947265625,1544.5904541015625,3078.42431640625,284.2979736328125,61.358497619628906,-4.05592072638683e-06,0,0,2575.84326171875,1307.3065185546875,0,5.451501846313477,2355.64453125,12.08023452758789,12.090264320373535,793.4178466796875,1581.454345703125,53.052406311035156,53.120540618896484,86.07637023925781,0,0,346.17303466796875,0,7.924896240234375,21.70244026184082,21.751708984375,0,1.034000039100647,0.9067617654800415,50,2.799999952316284,2.6411032676696777,0,0,0,0,113.11694848277938,0,0,0,-0.03846362978219986,0.09682026505470276,-0.06272801011800766,-0.004371374845504761,86.53353881835938,87.08482360839844,726.9928588867188,727.4268188476562,727.4268188476562,518.5277709960938,0,0,5.451501846313477,0.0010999999940395355,0.02200000174343586,0.03299999609589577,0.04399999603629112,5655.8173828125,114276.53125,0.0429663360118866,0,3.1392715754918754e-05,153.85848999023438,0,0.0002616529818624258,2.8350639695418067e-05,0,0,23.700000762939453,0,0,1600,0,50,0,0,0,50,50,200,0.0,0.0,0.0,0.0
85,157.7731170654297,309.6201171875,324.4373474121094,324.387939453125,294.8509216308594,294.90020751953125,16515.818359375,33031.63671875,72.18804168701172,72.18792724609375,1595.6553955078125,3181.61181640625,1541.6119384765625,3072.447021484375,284.2831726074219,61.321144104003906,-3.165759153489489e-06,0,0,2575.906494140625,1307.4449462890625,0,5.416254043579102,2350.795654296875,12.083550453186035,12.093610763549805,791.8505859375,1578.3096923828125,53.100860595703125,53.16950225830078,85.90962219238281,0,0,346.1622009277344,0,7.924896240234375,21.724853515625,21.774259567260742,0,1.034000039100647,0.9067617654800415,50,2.799999952316284,2.6465508937835693,0,0,0,0,119.19046791007138,0,0,0,-0.03800763189792633,0.09818360954523087,-0.06452801078557968,-0.004352029412984848,86.35277557373047,86.90557098388672,726.1260375976562,726.5612182617188,726.5612182617188,518.0921020507812,0,0,5.416254043579102,0.0010999999940395355,0.02200000174343586,0.03299999609589577,0.04399999603629112,5655.8173828125,114276.53125,0.0429663360118866,0,3.1392715754918754e-05,155.67929077148438,0,0.0002616529818624258,2.8350639695418067e-05,0,0,23.700000762939453,0,0,1600,0,50,0,0,0,50,50,200,0.0,0.0,0.0,0.0
86,157.75172424316406,309.61431884765625,324.4040832519531,324.35455322265625,294.8742980957031,294.9237365722656,16515.818359375,33031.63671875,72.21893310546875,72.21881866455078,1592.381103515625,3174.989501953125,1538.62158203125,3066.4814453125,284.2682189941406,61.28340530395508,2.857028221114888e-06,0,0,2575.970458984375,1307.5833740234375,0,5.385207176208496,2345.953369140625,12.086851119995117,12.096940040588379,790.2821044921875,1575.1614990234375,53.149208068847656,53.21824645996094,85.74287414550781,0,0,346.1512756347656,0,7.924896240234375,21.74720001220703,21.79670524597168,0,1.034000039100647,0.9067617654800415,50,2.799999952316284,2.6520137786865234,0,0,0,0,125.302558588064,0,0,0,-0.037546295672655106,0.09954535961151123,-0.0663280040025711,-0.004328942857682705,86.18407440185547,86.72655487060547,725.2695922851562,725.6966552734375,725.6966552734375,517.6569213867188,0,0,5.385207176208496,0.0010999999940395355,0.02200000174343586,0.03299999609589577,0.04399999603629112,5655.8173828125,114276.53125,0.0429663360118866,0,3.1392715754918754e-05,157.50009155273438,0,0.0002616529818624258,2.8350639695418067e-05,0,0,23.700000762939453,0,0,1600,0,50,0,0,0,50,50,200,0.0,0.0,0.0,0.0
87,157.7302703857422,309.6084289550781,324.370849609375,324.3212585449219,294.8973388671875,294.9468688964844,16515.818359375,33031.63671875,72.24971771240234,72.24960327148438,1589.10498046875,3168.36279296875,1535.6435546875,3060.503662109375,284.253173828125,61.24537658691406,-3.3695698675728636e-06,0,0,2576.034423828125,1307.72119140625,0,5.340615272521973,2341.178955078125,12.09013557434082,12.100250244140625,788.7136840820312,1572.0140380859375,53.19689178466797,53.266292572021484,85.57612609863281,0,0,346.1402893066406,0,7.924896240234375,21.76944351196289,21.81901741027832,0,1.034000039100647,0.9067617654800415,50,2.799999952316284,2.657421827316284,0,0,0,0,131.4387432206983,0,0,0,-0.0370769277215004,0.10088829696178436,-0.06812800467014313,-0.0043166326358914375,86.01097106933594,86.55005645751953,724.4195556640625,724.843994140625,724.843994140625,517.2276611328125,0,0,5.340615272521973,0.0010999999940395355,0.02200000174343586,0.03299999609589577,0.04399999603629112,5655.8173828125,114276.53125,0.0429663360118866,0,3.1392715754918754e-05,159.32089233398438,0,0.0002616529818624258,2.8350639695418067e-05,0,0,23.700000762939453,0,0,1600,0,50,0,0,0,50,50,200,0.0,0.0,0.0,0.0
88,157.7087860107422,309.6025390625,324.3376770019531,324.2879638671875,294.9200439453125,294.9696960449219,16515.818359375,33031.63671875,72.28040313720703,72.2802963256836,1585.8214111328125,3161.72412109375,1532.6654052734375,3054.526123046875,284.2380065917969,61.207122802734375,-1.3326863381735166e-06,0,0,2576.098388671875,1307.858642578125,0,5.293006420135498,2336.4326171875,12.093402862548828,12.103543281555176,787.1475830078125,1568.8709716796875,53.24421310424805,53.31398010253906,85.40937042236328,0,0,346.1292724609375,0,7.924896240234375,21.79158592224121,21.84129524230957,0,1.034000039100647,0.9067617654800415,50,2.799999952316284,2.662820339202881,0,0,0,0,137.58938905456546,0,0,0,-0.036607615649700165,0.10222344100475311,-0.06992799788713455,-0.004312170669436455,85.83784484863281,86.37458801269531,723.5737915039062,723.9962768554688,723.9962768554688,516.8009033203125,0,0,5.293006420135498,0.0010999999940395355,0.02200000174343586,0.03299999609589577,0.04399999603629112,5655.8173828125,114276.53125,0.0429663360118866,0,3.1392715754918754e-05,161.14169311523438,0,0.0002616529818624258,2.8350639695418067e-05,0,0,23.700000762939453,0,0,1600,0,50,0,0,0,50,50,200,0.0,0.0,0.0,0.0
89,157.6873321533203,309.59661865234375,324.30450439453125,324.25469970703125,294.9425048828125,294.9922790527344,16515.818359375,33031.63671875,72.31100463867188,72.31089782714844,1582.5283203125,3155.06982421875,1529.68701171875,3048.54833984375,284.2228088378906,61.168724060058594,-1.0262786531711754e-07,0,0,2576.16259765625,1307.9957275390625,0,5.220341205596924,2331.705078125,12.096653938293457,12.106817245483398,785.5835571289062,1565.732421875,53.291221618652344,53.361385345458984,85.24262237548828,0,0,346.1182861328125,0,7.924896240234375,21.813762664794922,21.86357307434082,0,1.034000039100647,0.9067617654800415,50,2.799999952316284,2.6682193279266357,0,0,0,0,143.74004293584565,0,0,0,-0.03613836318254471,0.10355334728956223,-0.07172799855470657,-0.004313008859753609,85.66458892822266,86.19981384277344,722.7305297851562,723.15185546875,723.15185546875,516.375732421875,0,0,5.220341205596924,0.0010999999940395355,0.02200000174343586,0.03299999609589577,0.04399999603629112,5655.8173828125,114276.53125,0.0429663360118866,0,3.1392715754918754e-05,162.96249389648438,0,0.0002616529818624258,2.8350639695418067e-05,0,0,23.700000762939453,0,0,1600,0,50,0,0,0,50,50,200,0.0,0.0,0.0,0.0
90,157.6658935546875,309.5907287597656,324.2713928222656,324.221435546875,294.9647521972656,295.0146484375,16515.818359375,33031.63671875,72.34152221679688,72.34142303466797,1579.2269287109375,3148.397705078125,1526.702880859375,3042.57666015625,284.20758056640625,61.130218505859375,-4.5050519474898465e-06,0,0,2576.2265625,1308.1328125,0,5.173871994018555,2326.98974609375,12.099886894226074,12.11007308959961,784.0219116210938,1562.5980224609375,53.338050842285156,53.408512115478516,85.07587432861328,0,0,346.1072998046875,0,7.924896240234375,21.835905075073242,21.88585090637207,0,1.034000039100647,0.9067617654800415,50,2.799999952316284,2.673626184463501,0,0,0,0,149.88103992147785,0,0,0,-0.03566917032003403,0.10487984865903854,-0.073527991771698,-0.004317314364016056,85.49124145507812,86.02549743652344,721.8890991210938,722.3096313476562,722.3096313476562,515.95166015625,0,0,5.173871994018555,0.0010999999940395355,0.02200000174343586,0.03299999609589577,0.04399999603629112,5655.8173828125,114276.53125,0.0429663360118866,0,3.1392715754918754e-05,164.78329467773438,0,0.0002616529818624258,2.8350639695418067e-05,0,0,23.700000762939453,0,0,1600,0,50,0,0,0,50,50,200,0.0,0.0,0.0,0.0
91,157.64450073242188,309.5848388671875,324.23828125,324.1882019042969,294.98681640625,295.03680419921875,16515.818359375,33031.63671875,72.37198638916016,72.37187957763672,1575.91552734375,3141.707763671875,1523.7181396484375,3036.605712890625,284.1922912597656,61.09163284301758,1.6283084391943703e-07,0,0,2576.29052734375,1308.269775390625,0,5.108962535858154,2322.281982421875,12.103102684020996,12.113308906555176,782.4619750976562,1559.46826171875,53.384586334228516,53.45545196533203,84.90912628173828,0,0,346.0963439941406,0,7.924896240234375,21.85804557800293,21.90812873840332,0,1.034000039100647,0.9067617654800415,50,2.799999952316284,2.679046154022217,0,0,0,0,156.01241220111424,0,0,0,-0.03520003706216812,0.10620419681072235,-0.07532799243927002,-0.004323827102780342,85.31779479980469,85.85145568847656,721.0486450195312,721.4688110351562,721.4688110351562,515.5283203125,0,0,5.108962535858154,0.0010999999940395355,0.02200000174343586,0.03299999609589577,0.04399999603629112,5655.8173828125,114276.53125,0.0429663360118866,0,3.1392715754918754e-05,166.60409545898438,0,0.0002616529818624258,2.8350639695418067e-05,0,0,23.700000762939453,0,0,1600,0,50,0,0,0,50,50,200,0.0,0.0,0.0,0.0
92,157.62315368652344,309.57891845703125,324.2052001953125,324.1550598144531,295.00872802734375,295.0588073730469,16515.818359375,33031.63671875,72.40237426757812,72.40228271484375,1572.594482421875,3134.997802734375,1520.739990234375,3030.6279296875,284.1769714355469,61.052978515625,5.008309017284773e-06,0,0,2576.35400390625,1308.40625,0,5.044365406036377,2317.578857421875,12.106302261352539,12.116525650024414,780.9044799804688,1556.3421630859375,53.43104934692383,53.50216293334961,84.74237060546875,0,0,346.08538818359375,0,7.924896240234375,21.88018798828125,21.930339813232422,0,1.034000039100647,0.9067617654800415,50,2.799999952316284,2.6844828128814697,0,0,0,0,162.12931523210477,0,0,0,-0.03473096340894699,0.10752727836370468,-0.07712798565626144,-0.004331672564148903,85.1442642211914,85.6775894165039,720.2089233398438,720.6287231445312,720.6287231445312,515.1053466796875,0,0,5.044365406036377,0.0010999999940395355,0.02200000174343586,0.03299999609589577,0.04399999603629112,5655.8173828125,114276.53125,0.0429663360118866,0,3.1392715754918754e-05,168.42489624023438,0,0.0002616529818624258,2.8350639695418067e-05,0,0,23.700000762939453,0,0,1600,0,50,0,0,0,50,50,200,0.0,0.0,0.0,0.0
93,157.60186767578125,309.5730285644531,324.17218017578125,324.1219177246094,295.03045654296875,295.08062744140625,16515.818359375,33031.63671875,72.4327163696289,72.43262481689453,1569.2633056640625,3128.26953125,1517.76318359375,3024.648681640625,284.1616516113281,61.01424026489258,-2.928384219558211e-06,0,0,2576.417724609375,1308.54248046875,0,4.980015277862549,2312.87841796875,12.109480857849121,12.11972427368164,779.3487548828125,1553.2178955078125,53.477264404296875,53.54872512817383,84.57562255859375,0,0,346.074462890625,0,7.924896240234375,21.90229606628418,21.95254898071289,0,1.034000039100647,0.9067617654800415,50,2.799999952316284,2.6899383068084717,0,0,0,0,168.2365774622734,0,0,0,-0.034261949360370636,0.10884959250688553,-0.07892798632383347,-0.004340336658060551,84.97066497802734,85.50382232666016,719.3694458007812,719.7891845703125,719.7891845703125,514.6825561523438,0,0,4.980015277862549,0.0010999999940395355,0.02200000174343586,0.03299999609589577,0.04399999603629112,5655.8173828125,114276.53125,0.0429663360118866,0,3.1392715754918754e-05,170.24569702148438,0,0.0002616529818624258,2.8350639695418067e-05,0,0,23.700000762939453,0,0,1600,0,50,0,0,0,50,50,200,0.0,0.0,0.0,0.0
94,157.5806121826172,309.567138671875,324.1391296386719,324.0887451171875,295.0521240234375,295.1024169921875,16515.818359375,33031.63671875,72.4630126953125,72.46292114257812,1565.921875,3121.521484375,1514.779296875,3018.677001953125,284.1462707519531,60.97544479370117,1.691276452220336e-06,0,0,2576.481201171875,1308.6787109375,0,4.913249969482422,2308.178955078125,12.112643241882324,12.122902870178223,777.7943725585938,1550.097412109375,53.523399353027344,53.59506607055664,84.40887451171875,0,0,346.06353759765625,0,7.924896240234375,21.924406051635742,21.97479248046875,0,1.034000039100647,0.9067617654800415,50,2.799999952316284,2.6954150199890137,0,0,0,0,174.32938653862223,0,0,0,-0.033792994916439056,0.1101716086268425,-0.08072797954082489,-0.0043493639677762985,84.79705047607422,85.33009338378906,718.5302124023438,718.9498291015625,718.9498291015625,514.2599487304688,0,0,4.913249969482422,0.0010999999940395355,0.02200000174343586,0.03299999609589577,0.04399999603629112,5655.8173828125,114276.53125,0.0429663360118866,0,3.1392715754918754e-05,172.06649780273438,0,0.0002616529818624258,2.8350639695418067e-05,0,0,23.700000762939453,0,0,1600,0,50,0,0,0,50,50,200,0.0,0.0,0.0,0.0
95,157.5594024658203,309.56121826171875,324.1061096191406,324.0556640625,295.0736999511719,295.1240539550781,16515.818359375,33031.63671875,72.4932632446289,72.49317932128906,1562.5718994140625,3114.755126953125,1511.8056640625,3012.694580078125,284.130859375,60.93656921386719,4.745508704218082e-06,0,0,2576.54443359375,1308.81494140625,0,4.849436283111572,2303.48095703125,12.115785598754883,12.126059532165527,776.2391967773438,1546.97900390625,53.56930923461914,53.641231536865234,84.24212646484375,0,0,346.0527038574219,0,7.924896240234375,21.94658088684082,21.997037887573242,0,1.034000039100647,0.9067617654800415,50,2.799999952316284,2.7009124755859375,0,0,0,0,180.4077263663252,0,0,0,-0.033324096351861954,0.11149328947067261,-0.08252798020839691,-0.004358782432973385,84.62336730957031,85.15641021728516,717.6910400390625,718.1106567382812,718.1106567382812,513.83740234375,0,0,4.849436283111572,0.0010999999940395355,0.02200000174343586,0.03299999609589577,0.04399999603629112,5655.8173828125,114276.53125,0.0429663360118866,0,3.1392715754918754e-05,173.88729858398438,0,0.0002616529818624258,2.8350639695418067e-05,0,0,23.700000762939453,0,0,1600,0,50,0,0,0,50,50,200,0.0,0.0,0.0,0.0
96,157.53823852539062,309.5553283691406,324.0731506347656,324.0226135253906,295.0951232910156,295.1455993652344,16515.818359375,33031.63671875,72.52348327636719,72.52339935302734,1559.210205078125,3107.97021484375,1508.8228759765625,3006.7216796875,284.1154479980469,60.897613525390625,-4.401421847433085e-06,0,0,2576.607421875,1308.9508056640625,0,4.785911560058594,2298.782470703125,12.11890983581543,12.129196166992188,774.6873779296875,1543.8621826171875,53.61506652832031,53.68723678588867,84.07537078857422,0,0,346.04180908203125,0,7.924896240234375,21.968656539916992,22.01921272277832,0,1.034000039100647,0.9067617654800415,50,2.799999952316284,2.706433057785034,0,0,0,0,186.47642539320626,0,0,0,-0.032855261117219925,0.11281508207321167,-0.08432797342538834,-0.004368150606751442,84.44964599609375,84.98271179199219,716.8517456054688,717.2714233398438,717.2714233398438,513.4148559570312,0,0,4.785911560058594,0.0010999999940395355,0.02200000174343586,0.03299999609589577,0.04399999603629112,5655.8173828125,114276.53125,0.0429663360118866,0,3.1392715754918754e-05,175.70809936523438,0,0.0002616529818624258,2.8350639695418067e-05,0,0,23.700000762939453,0,0,1600,0,50,0,0,0,50,50,200,0.0,0.0,0.0,0.0
97,157.51712036132812,309.5494384765625,324.0401306152344,323.989501953125,295.1165466308594,295.16717529296875,16515.818359375,33031.63671875,72.55367279052734,72.5535888671875,1555.840087890625,3101.167724609375,1505.84326171875,3000.74560546875,284.1000061035156,60.858577728271484,-4.478045866562752e-06,0,0,2576.670654296875,1309.0869140625,0,4.718634128570557,2294.08349609375,12.122013092041016,12.13231086730957,773.1340942382812,1540.7469482421875,53.66065979003906,53.7330322265625,83.90862274169922,0,0,346.031005859375,0,7.924896240234375,21.99086570739746,22.04149055480957,0,1.034000039100647,0.9067617654800415,50,2.799999952316284,2.7119762897491455,0,0,0,0,192.53067126626752,0,0,0,-0.03238648548722267,0.11413698643445969,-0.08612796664237976,-0.00437746848911047,84.27593231201172,84.80900573730469,716.012451171875,716.43212890625,716.43212890625,512.9922485351562,0,0,4.718634128570557,0.0010999999940395355,0.02200000174343586,0.03299999609589577,0.04399999603629112,5655.8173828125,114276.53125,0.0429663360118866,0,3.1392715754918754e-05,177.52890014648438,0,0.0002616529818624258,2.8350639695418067e-05,0,0,23.700000762939453,0,0,1600,0,50,0,0,0,50,50,200,0.0,0.0,0.0,0.0
98,157.4960174560547,309.54351806640625,324.0071716308594,323.9564514160156,295.1379089355469,295.1886291503906,16515.818359375,33031.63671875,72.58383178710938,72.58374786376953,1552.4620361328125,3094.345703125,1502.8671875,2994.765869140625,284.0845031738281,60.81946563720703,5.096645054436522e-06,0,0,2576.733642578125,1309.2227783203125,0,4.654349327087402,2289.384765625,12.12509536743164,12.135405540466309,771.5830078125,1537.630859375,53.70610809326172,53.778621673583984,83.74187469482422,0,0,346.0201721191406,0,7.924896240234375,22.01300811767578,22.06373405456543,0,1.034000039100647,0.9067617654800415,50,2.799999952316284,2.7175426483154297,0,0,0,0,198.57526024368082,0,0,0,-0.031917765736579895,0.1154588833451271,-0.08792796730995178,-0.00438685342669487,84.10221099853516,84.63529205322266,715.1731567382812,715.5928344726562,715.5928344726562,512.5696411132812,0,0,4.654349327087402,0.0010999999940395355,0.02200000174343586,0.03299999609589577,0.04399999603629112,5655.8173828125,114276.53125,0.0429663360118866,0,3.1392715754918754e-05,179.34970092773438,0,0.0002616529818624258,2.8350639695418067e-05,0,0,23.700000762939453,0,0,1600,0,50,0,0,0,50,50,200,0.0,0.0,0.0,0.0
99,157.47496032714844,309.5376281738281,323.9742736816406,323.9234313964844,295.1591796875,295.2099914550781,16515.818359375,33031.63671875,72.61396026611328,72.61388397216797,1549.0743408203125,3087.507080078125,1499.88330078125,2988.793701171875,284.0689697265625,60.780250549316406,-1.0158737495657988e-06,0,0,2576.79638671875,1309.3585205078125,0,4.594447612762451,2284.685791015625,12.128156661987305,12.138477325439453,770.0327758789062,1534.518798828125,53.75135803222656,53.82402038574219,83.57512664794922,0,0,346.0093994140625,0,7.924896240234375,22.03511619567871,22.085979461669922,0,1.034000039100647,0.9067617654800415,50,2.799999952316284,2.7231318950653076,0,0,0,0,204.6102245150983,0,0,0,-0.03144910931587219,0.11678078770637512,-0.0897279605269432,-0.004396288655698299,83.92847442626953,84.46157836914062,714.3338623046875,714.7534790039062,714.7534790039062,512.1470336914062,0,0,4.594447612762451,0.0010999999940395355,0.02200000174343586,0.03299999609589577,0.04399999603629112,5655.8173828125,114276.53125,0.0429663360118866,0,3.1392715754918754e-05,181.17050170898438,0,0.0002616529818624258,2.8350639695418067e-05,0,0,23.700000762939453,0,0,1600,0,50,0,0,0,50,50,200,0.0,0.0,0.0,0.0
100,157.45391845703125,309.53173828125,323.94134521484375,323.890380859375,295.180419921875,295.2313537597656,16515.818359375,33031.63671875,72.64407348632812,72.64399719238281,1545.67724609375,3080.65283203125,1496.90478515625,2982.81640625,284.05340576171875,60.74094772338867,7.79898641667387e-07,0,0,2576.859375,1309.494140625,0,4.533561706542969,2279.98681640625,12.131196975708008,12.14152717590332,768.4818115234375,1531.4066162109375,53.79633712768555,53.8692512512207,83.40837097167969,0,0,345.9986267089844,0,7.924896240234375,22.05725860595703,22.10822296142578,0,1.034000039100647,0.9067617654800415,50,2.799999952316284,2.7287440299987793,0,0,0,0,210.63554798569388,0,0,0,-0.030980510637164116,0.11810267716646194,-0.09152796119451523,-0.004405793733894825,83.75472259521484,84.2878646850586,713.4945068359375,713.9141845703125,713.9141845703125,511.7244567871094,0,0,4.533561706542969,0.0010999999940395355,0.02200000174343586,0.03299999609589577,0.04399999603629112,5655.8173828125,114276.53125,0.0429663360118866,0,3.1392715754918754e-05,182.99130249023438,0,0.0002616529818624258,2.8350639695418067e-05,0,0,23.700000762939453,0,0,1600,0,50,0,0,0,50,50,200,0.0,0.0,0.0,0.0
101,157.43292236328125,309.5257873535156,323.9084167480469,323.85736083984375,295.20166015625,295.2527160644531,16515.818359375,33031.63671875,72.67416381835938,72.6740951538086,1542.2716064453125,3073.781494140625,1493.927001953125,2976.83837890625,284.0378112792969,60.701541900634766,-2.475803739798721e-06,0,0,2576.921875,1309.6297607421875,0,4.4743733406066895,2275.287109375,12.134218215942383,12.14455509185791,766.9320678710938,1528.2957763671875,53.841224670410156,53.914241790771484,83.24162292480469,0,0,345.9878234863281,0,7.924896240234375,22.07940101623535,22.13046646118164,0,1.034000039100647,0.9067617654800415,50,2.799999952316284,2.7343802452087402,0,0,0,0,216.6560430084655,0,0,0,-0.030509280040860176,0.11942479759454727,-0.09332795441150665,-0.0044124433770775795,83.5809555053711,84.11412811279297,712.655029296875,713.0747680664062,713.0747680664062,511.3017578125,0,0,4.4743733406066895,0.0010999999940395355,0.02200000174343586,0.03299999609589577,0.04399999603629112,5655.8173828125,114276.53125,0.0429663360118866,0,3.1392715754918754e-05,184.81210327148438,0,0.0002616529818624258,2.8350639695418067e-05,0,0,23.700000762939453,0,0,1600,0,50,0,0,0,50,50,200,0.0,0.0,0.0,0.0
102,157.4119415283203,309.51983642578125,323.87554931640625,323.8243408203125,295.22283935546875,295.2740173339844,16515.818359375,33031.63671875,72.70423126220703,72.70417022705078,1538.8575439453125,3066.894775390625,1490.9425048828125,2970.866943359375,284.02215576171875,60.66204833984375,2.1767853013443528e-06,0,0,2576.984130859375,1309.765380859375,0,4.415565490722656,2270.589111328125,12.137215614318848,12.147560119628906,765.3792724609375,1525.1795654296875,53.88581085205078,53.95905303955078,83.07487487792969,0,0,345.9770812988281,0,7.924896240234375,22.101543426513672,22.15274429321289,0,1.034000039100647,0.9067617654800415,50,2.799999952316284,2.7400381565093994,0,0,0,0,222.6669133252413,0,0,0,-0.030035417526960373,0.12074659019708633,-0.09512796252965927,-0.0044167907908558846,83.40778350830078,83.94044494628906,711.8162231445312,712.2355346679688,712.2355346679688,510.8791809082031,0,0,4.415565490722656,0.0010999999940395355,0.02200000174343586,0.03299999609589577,0.04399999603629112,5655.8173828125,114276.53125,0.0429663360118866,0,3.1392715754918754e-05,186.63290405273438,0,0.0002616529818624258,2.8350639695418067e-05,0,0,23.700000762939453,0,0,1600,0,50,0,0,0,50,50,200,0.0,0.0,0.0,0.0
103,157.39100646972656,309.51385498046875,323.8426208496094,323.79132080078125,295.2439880371094,295.2952880859375,16515.818359375,33031.63671875,72.73429107666016,72.73422241210938,1535.437255859375,3059.99462890625,1487.966064453125,2964.88720703125,284.0064697265625,60.6224479675293,1.196891957988555e-06,0,0,2577.046875,1309.9005126953125,0,4.355731010437012,2265.8955078125,12.140191078186035,12.150540351867676,763.82763671875,1522.062744140625,53.930213928222656,54.003543853759766,82.90811920166016,0,0,345.96636962890625,0,7.924896240234375,22.12375259399414,22.17505645751953,0,1.034000039100647,0.9067617654800415,50,2.799999952316284,2.745713710784912,0,0,0,0,228.6681267463691,0,0,0,-0.029561614617705345,0.12206709384918213,-0.09692797064781189,-0.0044224876910448074,83.2347183227539,83.76692962646484,710.9781494140625,711.3970947265625,711.3970947265625,510.45697021484375,0,0,4.355731010437012,0.0010999999940395355,0.02200000174343586,0.03299999609589577,0.04399999603629112,5655.8173828125,114276.53125,0.0429663360118866,0,3.1392715754918754e-05,188.45370483398438,0,0.0002616529818624258,2.8350639695418067e-05,0,0,23.700000762939453,0,0,1600,0,50,0,0,0,50,50,200,0.0,0.0,0.0,0.0
104,157.37010192871094,309.5079040527344,323.8096923828125,323.7582702636719,295.2651062011719,295.3164978027344,16515.818359375,33031.63671875,72.76432800292969,72.7642593383789,1532.01025390625,3053.080078125,1484.9805908203125,2958.9169921875,283.99078369140625,60.582767486572266,-1.348429691461206e-06,0,0,2577.109130859375,1310.036376953125,0,4.294933319091797,2261.205322265625,12.143143653869629,12.153497695922852,762.2759399414062,1518.9500732421875,53.97439193725586,54.04777145385742,82.74137115478516,0,0,345.95562744140625,0,7.924896240234375,22.14592933654785,22.19733428955078,0,1.034000039100647,0.9067617654800415,50,2.799999952316284,2.751408815383911,0,0,0,0,234.65969936667503,0,0,0,-0.029087871313095093,0.12338665127754211,-0.09872797876596451,-0.004429196007549763,83.06169128417969,83.59354400634766,710.140625,710.559326171875,710.559326171875,510.0350646972656,0,0,4.294933319091797,0.0010999999940395355,0.02200000174343586,0.03299999609589577,0.04399999603629112,5655.8173828125,114276.53125,0.0429663360118866,0,3.1392715754918754e-05,190.27450561523438,0,0.0002616529818624258,2.8350639695418067e-05,0,0,23.700000762939453,0,0,1600,0,50,0,0,0,50,50,200,0.0,0.0,0.0,0.0
105,157.34922790527344,309.5019226074219,323.7767639160156,323.7252197265625,295.2862243652344,295.3377380371094,16515.818359375,33031.63671875,72.79434204101562,72.79428100585938,1528.5760498046875,3046.151611328125,1482.004150390625,2952.9375,283.9750061035156,60.542999267578125,4.014540081698215e-06,0,0,2577.17138671875,1310.1717529296875,0,4.235545635223389,2256.51806640625,12.146072387695312,12.156431198120117,760.7249145507812,1515.8345947265625,54.018280029296875,54.09177017211914,82.57461547851562,0,0,345.9449462890625,0,7.924896240234375,22.16817283630371,22.21971321105957,0,1.034000039100647,0.9067617654800415,50,2.799999952316284,2.7571239471435547,0,0,0,0,240.64164728098515,0,0,0,-0.028614191338419914,0.12470533698797226,-0.10052798688411713,-0.004436837509274483,82.8886947631836,83.4202651977539,709.3035888671875,709.7220458984375,709.7220458984375,509.61346435546875,0,0,4.235545635223389,0.0010999999940395355,0.02200000174343586,0.03299999609589577,0.04399999603629112,5655.8173828125,114276.53125,0.0429663360118866,0,3.1392715754918754e-05,192.09530639648438,0,0.0002616529818624258,2.8350639695418067e-05,0,0,23.700000762939453,0,0,1600,0,50,0,0,0,50,50,200,0.0,0.0,0.0,0.0
106,157.32839965820312,309.4959716796875,323.7438049316406,323.6921691894531,295.30731201171875,295.35894775390625,16515.818359375,33031.63671875,72.82435607910156,72.82429504394531,1525.133544921875,3039.21240234375,1479.0257568359375,2946.9599609375,283.9592590332031,60.50315475463867,-2.242645678052213e-06,0,0,2577.2333984375,1310.3072509765625,0,4.17401123046875,2251.833984375,12.148979187011719,12.15933895111084,759.1735229492188,1512.72119140625,54.0618896484375,54.13551330566406,82.40786743164062,0,0,345.93426513671875,0,7.924896240234375,22.19045066833496,22.242094039916992,0,1.034000039100647,0.9067617654800415,50,2.799999952316284,2.762859344482422,0,0,0,0,246.6139382996473,0,0,0,-0.02814057096838951,0.1260232925415039,-0.10232799500226974,-0.004445278085768223,82.7156753540039,83.2470932006836,708.4668579101562,708.88525390625,708.88525390625,509.1921081542969,0,0,4.17401123046875,0.0010999999940395355,0.02200000174343586,0.03299999609589577,0.04399999603629112,5655.8173828125,114276.53125,0.0429663360118866,0,3.1392715754918754e-05,193.91610717773438,0,0.0002616529818624258,2.8350639695418067e-05,0,0,23.700000762939453,0,0,1600,0,50,0,0,0,50,50,200,0.0,0.0,0.0,0.0
107,157.30763244628906,309.489990234375,323.71087646484375,323.6591491699219,295.328369140625,295.380126953125,16515.818359375,33031.63671875,72.8543472290039,72.85428619384766,1521.6846923828125,3032.25830078125,1476.046630859375,2940.9833984375,283.94342041015625,60.46324920654297,3.4755146316456376e-06,0,0,2577.29541015625,1310.442626953125,0,4.110040664672852,2247.150146484375,12.151861190795898,12.162222862243652,757.6221923828125,1509.6094970703125,54.10531997680664,54.178977966308594,82.24111938476562,0,0,345.9236145019531,0,7.924896240234375,22.21272850036621,22.26447296142578,0,1.034000039100647,0.9067617654800415,50,2.799999952316284,2.768617868423462,0,0,0,0,252.56694771666565,0,0,0,-0.027667010203003883,0.12734101712703705,-0.10412800312042236,-0.004453989677131176,82.54264068603516,83.07394409179688,707.63037109375,708.048583984375,708.048583984375,508.770751953125,0,0,4.110040664672852,0.0010999999940395355,0.02200000174343586,0.03299999609589577,0.04399999603629112,5655.8173828125,114276.53125,0.0429663360118866,0,3.1392715754918754e-05,195.73690795898438,0,0.0002616529818624258,2.8350639695418067e-05,0,0,23.700000762939453,0,0,1600,0,50,0,0,0,50,50,200,0.0,0.0,0.0,0.0
108,157.2869110107422,309.4841003417969,323.6779479980469,323.6260986328125,295.3494567871094,295.40130615234375,16515.818359375,33031.63671875,72.88433837890625,72.88428497314453,1518.2298583984375,3025.29150390625,1473.064453125,2935.009521484375,283.9276123046875,60.42327117919922,-1.84547309345362e-06,0,0,2577.35693359375,1310.5780029296875,0,4.0503830909729,2242.467529296875,12.154719352722168,12.165081977844238,756.0731811523438,1506.4969482421875,54.148521423339844,54.2221794128418,82.07437133789062,0,0,345.9129638671875,0,7.924896240234375,22.23500633239746,22.28685188293457,0,1.034000039100647,0.9067617654800415,50,2.799999952316284,2.7743992805480957,0,0,0,0,258.5103324276882,0,0,0,-0.02719889208674431,0.12865842878818512,-0.10592801123857498,-0.004468468017876148,82.3693618774414,82.90083312988281,706.7937622070312,707.212158203125,707.212158203125,508.3495788574219,0,0,4.0503830909729,0.0010999999940395355,0.02200000174343586,0.03299999609589577,0.04399999603629112,5655.8173828125,114276.53125,0.0429663360118866,0,3.1392715754918754e-05,197.55770874023438,0,0.0002616529818624258,2.8350639695418067e-05,0,0,23.700000762939453,0,0,1600,0,50,0,0,0,50,50,200,0.0,0.0,0.0,0.0
109,157.26622009277344,309.4781799316406,323.6449890136719,323.59307861328125,295.37054443359375,295.42254638671875,16515.818359375,33031.63671875,72.9143295288086,72.9142837524414,1514.7669677734375,3018.310791015625,1470.08447265625,2929.033447265625,283.9117431640625,60.38322448730469,3.6468697999225697e-06,0,0,2577.418701171875,1310.7137451171875,0,3.9882900714874268,2237.781982421875,12.157552719116211,12.167916297912598,754.5233764648438,1503.389404296875,54.191410064697266,54.26520919799805,81.9076156616211,0,0,345.90234375,0,7.924896240234375,22.257352828979492,22.30926513671875,0,1.034000039100647,0.9067617654800415,50,2.799999952316284,2.7802083492279053,0,0,0,0,264.43924789006485,0,0,0,-0.02673083357512951,0.12997660040855408,-0.1077280193567276,-0.00448225624859333,82.19562530517578,82.72761535644531,705.9564208984375,706.3751831054688,706.3751831054688,507.92816162109375,0,0,3.9882900714874268,0.0010999999940395355,0.02200000174343586,0.03299999609589577,0.04399999603629112,5655.8173828125,114276.53125,0.0429663360118866,0,3.1392715754918754e-05,199.37850952148438,0,0.0002616529818624258,2.8350639695418067e-05,0,0,23.700000762939453,0,0,1600,0,50,0,0,0,50,50,200,0.0,0.0,0.0,0.0
110,157.24557495117188,309.4722900390625,323.6120910644531,323.5600891113281,295.3916015625,295.4436950683594,16515.818359375,33031.63671875,72.9443130493164,72.94426727294922,1511.29736328125,3011.31689453125,1467.108154296875,2923.053955078125,283.8958740234375,60.34309768676758,-3.0619507924711797e-06,0,0,2577.480224609375,1310.8492431640625,0,3.926443576812744,2233.091796875,12.16036319732666,12.170722961425781,752.9747924804688,1500.278564453125,54.23418045043945,54.30795669555664,81.7408676147461,0,0,345.8917541503906,0,7.924896240234375,22.2796630859375,22.33167839050293,0,1.034000039100647,0.9067617654800415,50,2.799999952316284,2.7860476970672607,0,0,0,0,270.3585064567936,0,0,0,-0.026262832805514336,0.1312960386276245,-0.10952802747488022,-0.004494817927479744,82.02182006835938,82.55422973632812,705.1183471679688,705.5374755859375,705.5374755859375,507.50634765625,0,0,3.926443576812744,0.0010999999940395355,0.02200000174343586,0.03299999609589577,0.04399999603629112,5655.8173828125,114276.53125,0.0429663360118866,0,3.1392715754918754e-05,201.19931030273438,0,0.0002616529818624258,2.8350639695418067e-05,0,0,23.700000762939453,0,0,1600,0,50,0,0,0,50,50,200,0.0,0.0,0.0,0.0
111,157.22494506835938,309.46630859375,323.5791931152344,323.5270690917969,295.4127197265625,295.46490478515625,16515.818359375,33031.63671875,72.97429656982422,72.97425079345703,1507.8194580078125,3004.310791015625,1464.1300048828125,2917.076416015625,283.87994384765625,60.30289077758789,-7.004643407526601e-07,0,0,2577.54150390625,1310.9844970703125,0,3.8689773082733154,2228.3984375,12.163147926330566,12.173505783081055,751.424560546875,1497.167236328125,54.27665710449219,54.35051345825195,81.5741195678711,0,0,345.8811950683594,0,7.924896240234375,22.30200958251953,22.3541259765625,0,1.034000039100647,0.9067617654800415,50,2.799999952316284,2.7919154167175293,0,0,0,0,276.26814031752644,0,0,0,-0.025789514183998108,0.13261644542217255,-0.11132803559303284,-0.004501101560890675,81.84823608398438,82.38072204589844,704.2799682617188,704.6990966796875,704.6990966796875,507.084228515625,0,0,3.8689773082733154,0.0010999999940395355,0.02200000174343586,0.03299999609589577,0.04399999603629112,5655.8173828125,114276.53125,0.0429663360118866,0,3.1392715754918754e-05,203.02011108398438,0,0.0002616529818624258,2.8350639695418067e-05,0,0,23.700000762939453,0,0,1600,0,50,0,0,0,50,50,200,0.0,0.0,0.0,0.0
112,157.20436096191406,309.4603576660156,323.5462646484375,323.4939880371094,295.43377685546875,295.486083984375,16515.818359375,33031.63671875,73.00428009033203,73.00422668457031,1504.338134765625,2997.290771484375,1461.153076171875,2911.097412109375,283.8639831542969,60.262596130371094,-1.0664215324140969e-06,0,0,2577.602783203125,1311.119873046875,0,3.8104593753814697,2223.706298828125,12.16590690612793,12.176262855529785,749.87353515625,1494.052490234375,54.319000244140625,54.39273452758789,81.4073715209961,0,0,345.8706359863281,0,7.924896240234375,22.32438850402832,22.37664222717285,0,1.034000039100647,0.9067617654800415,50,2.799999952316284,2.797806739807129,0,0,0,0,282.1681494722635,0,0,0,-0.025316255167126656,0.13393664360046387,-0.11312804371118546,-0.004507656209170818,81.67508697509766,82.2072525024414,703.4420166015625,703.8609008789062,703.8609008789062,506.6621398925781,0,0,3.8104593753814697,0.0010999999940395355,0.02200000174343586,0.03299999609589577,0.04399999603629112,5655.8173828125,114276.53125,0.0429663360118866,0,3.1392715754918754e-05,204.84091186523438,0,0.0002616529818624258,2.8350639695418067e-05,0,0,23.700000762939453,0,0,1600,0,50,0,0,0,50,50,200,0.0,0.0,0.0,0.0
113,157.18380737304688,309.4543762207031,323.5133056640625,323.4609375,295.4548645019531,295.5072326660156,16515.818359375,33031.63671875,73.03424835205078,73.0342025756836,1500.851318359375,2990.263916015625,1458.169189453125,2905.125244140625,283.8479919433594,60.22220993041992,-4.740830263472162e-06,0,0,2577.664306640625,1311.2552490234375,0,3.75225567817688,2219.0166015625,12.16864013671875,12.178990364074707,748.3219604492188,1490.9376220703125,54.3609733581543,54.43465805053711,81.24061584472656,0,0,345.860107421875,0,7.924896240234375,22.3468017578125,22.39915657043457,0,1.034000039100647,0.9067617654800415,50,2.799999952316284,2.8037195205688477,0,0,0,0,288.05850173135264,0,0,0,-0.024843057617545128,0.13525597751140594,-0.11492805182933807,-0.004515132866799831,81.50199127197266,82.03388977050781,702.6045532226562,703.0232543945312,703.0232543945312,506.2403259277344,0,0,3.75225567817688,0.0010999999940395355,0.02200000174343586,0.03299999609589577,0.04399999603629112,5655.8173828125,114276.53125,0.0429663360118866,0,3.1392715754918754e-05,206.66171264648438,0,0.0002616529818624258,2.8350639695418067e-05,0,0,23.700000762939453,0,0,1600,0,50,0,0,0,50,50,200,0.0,0.0,0.0,0.0
114,157.16331481933594,309.44842529296875,323.4803466796875,323.4278564453125,295.4759521484375,295.5284729003906,16515.818359375,33031.63671875,73.06421661376953,73.0641860961914,1497.358154296875,2983.22607421875,1455.1907958984375,2899.14794921875,283.83197021484375,60.1817626953125,3.560106961231213e-06,0,0,2577.72509765625,1311.390869140625,0,3.6957736015319824,2214.329345703125,12.171347618103027,12.181694030761719,746.769775390625,1487.822998046875,54.40260314941406,54.47635269165039,81.07386779785156,0,0,345.8495788574219,0,7.924896240234375,22.36924934387207,22.42173957824707,0,1.034000039100647,0.9067617654800415,50,2.799999952316284,2.809654474258423,0,0,0,0,293.93440083662193,0,0,0,-0.024369921535253525,0.13657477498054504,-0.11672805994749069,-0.004523207433521748,81.32889556884766,81.86060333251953,701.767333984375,702.1859130859375,702.1859130859375,505.8186340332031,0,0,3.6957736015319824,0.0010999999940395355,0.02200000174343586,0.03299999609589577,0.04399999603629112,5655.8173828125,114276.53125,0.0429663360118866,0,3.1392715754918754e-05,208.48251342773438,0,0.0002616529818624258,2.8350639695418067e-05,0,0,23.700000762939453,0,0,1600,0,50,0,0,0,50,50,200,0.0,0.0,0.0,0.0
115,157.14283752441406,309.44244384765625,323.4473571777344,323.3947448730469,295.4970397949219,295.5496520996094,16515.818359375,33031.63671875,73.09418487548828,73.09414672851562,1493.8592529296875,2976.1806640625,1452.2125244140625,2893.17041015625,283.81591796875,60.141212463378906,-3.826165993814357e-06,0,0,2577.7861328125,1311.5262451171875,0,3.639514207839966,2209.643310546875,12.174029350280762,12.184368133544922,745.217529296875,1484.7080078125,54.44394302368164,54.517723083496094,80.90711975097656,0,0,345.839111328125,0,7.924896240234375,22.391765594482422,22.44435691833496,0,1.034000039100647,0.9067617654800415,50,2.799999952316284,2.81561279296875,0,0,0,0,299.8006430462433,0,0,0,-0.023896846920251846,0.13789314031600952,-0.11852806806564331,-0.004531768150627613,81.15581512451172,81.68737030029297,700.930419921875,701.3488159179688,701.3488159179688,505.39715576171875,0,0,3.639514207839966,0.0010999999940395355,0.02200000174343586,0.03299999609589577,0.04399999603629112,5655.8173828125,114276.53125,0.0429663360118866,0,3.1392715754918754e-05,210.30331420898438,0,0.0002616529818624258,2.8350639695418067e-05,0,0,23.700000762939453,0,0,1600,0,50,0,0,0,50,50,200,0.0,0.0,0.0,0.0
116,157.12242126464844,309.4364929199219,323.4143371582031,323.3616638183594,295.51812744140625,295.5708923339844,16515.818359375,33031.63671875,73.1241683959961,73.1241226196289,1490.3570556640625,2969.1240234375,1449.2291259765625,2887.19775390625,283.7998352050781,60.10060119628906,7.629071774317708e-07,0,0,2577.846923828125,1311.66162109375,0,3.5781800746917725,2204.958984375,12.17668342590332,12.187015533447266,743.6669921875,1481.59423828125,54.4851188659668,54.558738708496094,80.74037170410156,0,0,345.8286437988281,0,7.924896240234375,22.41427993774414,22.46697425842285,0,1.034000039100647,0.9067617654800415,50,2.799999952316284,2.821594476699829,0,0,0,0,305.6572605498688,0,0,0,-0.023423831909894943,0.13921108841896057,-0.12032807618379593,-0.004540812224149704,80.98274993896484,81.51419830322266,700.0936889648438,700.5120239257812,700.5120239257812,504.9757385253906,0,0,3.5781800746917725,0.0010999999940395355,0.02200000174343586,0.03299999609589577,0.04399999603629112,5655.8173828125,114276.53125,0.0429663360118866,0,3.1392715754918754e-05,212.12411499023438,0,0.0002616529818624258,2.8350639695418067e-05,0,0,23.700000762939453,0,0,1600,0,50,0,0,0,50,50,200,0.0,0.0,0.0,0.0
117,157.10203552246094,309.4305725097656,323.38134765625,323.3285217285156,295.5392150878906,295.59210205078125,16515.818359375,33031.63671875,73.15415954589844,73.15412902832031,1486.8497314453125,2962.0576171875,1446.2515869140625,2881.2197265625,283.7837219238281,60.05992889404297,-3.944144282286288e-06,0,0,2577.907470703125,1311.7974853515625,0,3.5211617946624756,2200.27490234375,12.179312705993652,12.18963623046875,742.11474609375,1478.478271484375,54.52596664428711,54.5994987487793,80.57361602783203,0,0,345.81817626953125,0,7.924896240234375,22.43682861328125,22.48965835571289,0,1.034000039100647,0.9067617654800415,50,2.799999952316284,2.827601194381714,0,0,0,0,311.49939271002233,0,0,0,-0.022956252098083496,0.14052894711494446,-0.12212808430194855,-0.0045553939417004585,80.80941009521484,81.34103393554688,699.2568359375,699.67529296875,699.67529296875,504.5544128417969,0,0,3.5211617946624756,0.0010999999940395355,0.02200000174343586,0.03299999609589577,0.04399999603629112,5655.8173828125,114276.53125,0.0429663360118866,0,3.1392715754918754e-05,213.94491577148438,0,0.0002616529818624258,2.8350639695418067e-05,0,0,23.700000762939453,0,0,1600,0,50,0,0,0,50,50,200,0.0,0.0,0.0,0.0
118,157.08168029785156,309.4246826171875,323.3483581542969,323.2954406738281,295.5603332519531,295.61334228515625,16515.818359375,33031.63671875,73.1841812133789,73.18415069580078,1483.3363037109375,2954.981201171875,1443.27490234375,2875.240478515625,283.767578125,60.0191764831543,4.191115579033067e-07,0,0,2577.968017578125,1311.9332275390625,0,3.463024854660034,2195.587890625,12.181913375854492,12.192230224609375,740.564453125,1475.364501953125,54.56649398803711,54.6400260925293,80.40686798095703,0,0,345.8077392578125,0,7.924896240234375,22.459379196166992,22.512310028076172,0,1.034000039100647,0.9067617654800415,50,2.799999952316284,2.8336377143859863,0,0,0,0,314.99998519276,0,0,0,-0.022488730028271675,0.14184752106666565,-0.12392809242010117,-0.0045692953281104565,80.63568115234375,81.16775512695312,698.4192504882812,698.838134765625,698.838134765625,504.13287353515625,0,0,3.463024854660034,0.0010999999940395355,0.02200000174343586,0.03299999609589577,0.04399999603629112,5655.8173828125,114276.53125,0.0429663360118866,0,3.1392715754918754e-05,215.76571655273438,0,0.0002616529818624258,2.8350639695418067e-05,0,0,23.700000762939453,0,0,1600,0,50,0,0,0,50,50,200,0.0,0.0,0.0,0.0
119,157.061279296875,309.4187927246094,323.31536865234375,323.2623291015625,295.58148193359375,295.63458251953125,16515.818359375,33031.63671875,73.2142333984375,73.21420288085938,1479.8177490234375,2947.896484375,1440.2958984375,2869.263427734375,283.75140380859375,59.978355407714844,4.959962552675279e-06,0,0,2578.02880859375,1312.0692138671875,0,3.4038150310516357,2190.897216796875,12.184489250183105,12.194795608520508,739.011962890625,1472.25,54.60683822631836,54.68023681640625,80.24011993408203,0,0,345.79730224609375,0,7.924896240234375,22.4819278717041,22.53495979309082,0,1.034000039100647,0.9067617654800415,50,2.799999952316284,2.8397042751312256,0,0,0,0,314.99998519276,0,0,0,-0.02202126942574978,0.14316707849502563,-0.12572810053825378,-0.004582295659929514,80.46189880371094,80.99435424804688,697.5811157226562,698.0003051757812,698.0003051757812,503.7110290527344,0,0,3.4038150310516357,0.0010999999940395355,0.02200000174343586,0.03299999609589577,0.04399999603629112,5655.8173828125,114276.53125,0.0429663360118866,0,3.1392715754918754e-05,217.58651733398438,0,0.0002616529818624258,2.8350639695418067e-05,0,0,23.700000762939453,0,0,1600,0,50,0,0,0,50,50,200,0.0,0.0,0.0,0.0
120,157.04083251953125,309.4128723144531,323.2823791503906,323.2292175292969,295.6026306152344,295.65582275390625,16515.818359375,33031.63671875,73.24430084228516,73.24427795410156,1476.293701171875,2940.80322265625,1437.3114013671875,2863.292236328125,283.7352294921875,59.93745803833008,-2.119342298101401e-06,0,0,2578.08935546875,1312.2052001953125,0,3.347599983215332,2186.203369140625,12.187036514282227,12.197332382202148,737.4588012695312,1469.133056640625,54.64683532714844,54.72021484375,80.07337188720703,0,0,345.786865234375,0,7.924896240234375,22.50447654724121,22.557645797729492,0,1.034000039100647,0.9067617654800415,50,2.799999952316284,2.84580135345459,0,0,0,0,314.99998519276,0,0,0,-0.021553868427872658,0.14448758959770203,-0.1275281012058258,-0.0045943837612867355,80.28807830810547,80.8208236694336,696.7424926757812,697.161865234375,697.161865234375,503.2888488769531,0,0,3.347599983215332,0.0010999999940395355,0.02200000174343586,0.03299999609589577,0.04399999603629112,5655.8173828125,114276.53125,0.0429663360118866,0,3.1392715754918754e-05,219.40731811523438,0,0.0002616529818624258,2.8350639695418067e-05,0,0,23.700000762939453,0,0,1600,0,50,0,0,0,50,50,200,0.0,0.0,0.0,0.0
121,157.0203094482422,309.406982421875,323.2493896484375,323.1960754394531,295.6237487792969,295.6770935058594,16515.818359375,33031.63671875,73.27310943603516,73.27308654785156,1472.7998046875,2933.765625,1436.01611328125,2860.647216796875,283.718994140625,59.89647674560547,-7.093476597219706e-07,0,0,2578.150146484375,1312.339599609375,0,4.098596096038818,2181.50732421875,12.189550399780273,12.199835777282715,735.9181518554688,1466.0404052734375,54.688560485839844,54.76179122924805,80.0,0,0,345.7763671875,0,7.924896240234375,22.52699089050293,22.58029556274414,0,1.034000039100647,0.9067617654800415,50,2.799999952316284,2.8519275188446045,0,0,0,0,314.99998519276,0,0,0,-0.021086525171995163,0.14580874145030975,-0.12932811677455902,-0.004605904687196016,80.1142578125,80.647216796875,695.903564453125,696.3230590820312,696.3230590820312,502.8664855957031,0,0,4.098596096038818,0.0010999999940395355,0.02200000174343586,0.03299999609589577,0.04399999603629112,5655.8173828125,114276.53125,0.0429663360118866,0,3.1392715754918754e-05,221.22811889648438,0,0.0002616529818624258,2.8350639695418067e-05,0,0,23.700000762939453,0,0,1600,0,50,0,0,0,50,50,200,0.0,0.0,0.0,0.0
122,157.0002899169922,309.39959716796875,323.21697998046875,323.1635437011719,295.6440734863281,295.6974792480469,16515.818359375,33031.63671875,73.29833984375,73.29832458496094,1469.700439453125,2927.51904296875,1436.01318359375,2860.650146484375,283.7027587890625,59.855506896972656,2.443670155116706e-06,0,0,2578.211181640625,1312.4368896484375,0,10.032604217529297,2176.810302734375,12.19187068939209,12.202146530151367,734.6422119140625,1463.483642578125,54.75917434692383,54.832210540771484,80.0,0,0,345.765869140625,0,7.924896240234375,22.54889678955078,22.602336883544922,0,1.034000039100647,0.9067617654800415,50,2.799999952316284,2.858081102371216,0,0,0,0,314.99998519276,0,0,0,-0.020501088351011276,0.1471303105354309,-0.13112811744213104,-0.004498895723372698,79.94159698486328,80.47357940673828,695.065185546875,695.4839477539062,695.4839477539062,502.4439392089844,0,0,10.032604217529297,0.0010999999940395355,0.02200000174343586,0.03299999609589577,0.04399999603629112,5655.8173828125,114276.53125,0.0429663360118866,0,3.1392715754918754e-05,223.04891967773438,0,0.0002616529818624258,2.8350639695418067e-05,0,0,23.700000762939453,0,0,1600,0,50,0,0,0,50,50,200,0.0,0.0,0.0,0.0
123,156.98094177246094,309.3902893066406,323.18499755859375,323.1314392089844,295.6628723144531,295.7164001464844,16515.818359375,33031.63671875,73.32025146484375,73.32025146484375,1466.6396484375,2921.351318359375,1436.0101318359375,2860.653076171875,283.68719482421875,59.816162109375,-2.151642775061191e-06,0,0,2578.268798828125,1312.521240234375,0,10.018522262573242,2172.177978515625,12.193974494934082,12.20423698425293,733.3837280273438,1460.962158203125,54.8262939453125,54.89927673339844,80.0,0,0,345.7558898925781,0,7.924896240234375,22.570903778076172,22.62444496154785,0,1.034000039100647,0.9067617654800415,50,2.799999952316284,2.864176034927368,0,0,0,0,314.99998519276,0,0,0,-0.019765395671129227,0.1484382301568985,-0.13292813301086426,-0.004255298059433699,79.79154205322266,80.30233001708984,694.25146484375,694.653564453125,694.653564453125,502.0242919921875,0,0,10.018522262573242,0.0010999999940395355,0.02200000174343586,0.03299999609589577,0.04399999603629112,5655.8173828125,114276.53125,0.0429663360118866,0,3.1392715754918754e-05,224.86972045898438,0,0.0002616529818624258,2.8350639695418067e-05,0,0,23.700000762939453,0,0,1600,0,50,0,0,0,50,50,200,0.0,0.0,0.0,0.0
124,156.961181640625,309.38018798828125,323.1534729003906,323.099853515625,295.68011474609375,295.7336730957031,16515.818359375,33031.63671875,73.3390121459961,73.33901977539062,1463.658935546875,2915.349365234375,1436.0111083984375,2860.65234375,283.671630859375,59.77685546875,-9.368781093144207e-07,0,0,2578.32666015625,1312.5921630859375,0,10.11289119720459,2167.756591796875,12.195866584777832,12.206113815307617,732.2044067382812,1458.601806640625,54.888816833496094,54.96178436279297,80.0,0,0,345.7459411621094,0,7.924896240234375,22.59246826171875,22.64607810974121,0,1.034000039100647,0.9067617654800415,50,2.799999952316284,2.8700180053710938,0,0,0,0,314.99998519276,0,0,0,-0.018965428695082664,0.14968855679035187,-0.13472813367843628,-0.004005006048828363,79.65467834472656,80.13887786865234,693.4785766601562,693.8596801757812,693.8596801757812,501.6225280761719,0,0,10.11289119720459,0.0010999999940395355,0.02200000174343586,0.03299999609589577,0.04399999603629112,5655.8173828125,114276.53125,0.0429663360118866,0,3.1392715754918754e-05,226.69052124023438,0,0.0002616529818624258,2.8350639695418067e-05,0,0,23.700000762939453,0,0,1600,0,50,0,0,0,50,50,200,0.0,0.0,0.0,0.0
125,156.94064331054688,309.3692321777344,323.1224670410156,323.06878662109375,295.69549560546875,295.7491455078125,16515.818359375,33031.63671875,73.35484313964844,73.35487365722656,1460.7685546875,2909.525146484375,1436.00634765625,2860.656982421875,283.6556396484375,59.736488342285156,-1.7062479855667334e-06,0,0,2578.386474609375,1312.6502685546875,0,10.366649627685547,2163.57861328125,12.197550773620605,12.207784652709961,731.1011962890625,1456.3922119140625,54.94663619995117,55.01949691772461,80.0,0,0,345.735595703125,0,7.924896240234375,22.61311912536621,22.66679573059082,0,1.034000039100647,0.9067617654800415,50,2.799999952316284,2.8755602836608887,0,0,0,0,314.99998519276,0,0,0,-0.01809854805469513,0.15087224543094635,-0.1365281492471695,-0.0037544528022408485,79.5274887084961,79.98442077636719,692.7484130859375,693.108154296875,693.108154296875,501.241455078125,0,0,10.366649627685547,0.0010999999940395355,0.02200000174343586,0.03299999609589577,0.04399999603629112,5655.8173828125,114276.53125,0.0429663360118866,0,3.1392715754918754e-05,228.51132202148438,0,0.0002616529818624258,2.8350639695418067e-05,0,0,23.700000762939453,0,0,1600,0,50,0,0,0,50,50,200,0.0,0.0,0.0,0.0
126,156.91925048828125,309.3574523925781,323.0920104980469,323.03826904296875,295.7090759277344,295.7627868652344,16515.818359375,33031.63671875,73.36795043945312,73.36798858642578,1457.966064453125,2903.884765625,1436.007568359375,2860.655517578125,283.6391296386719,59.69478988647461,-3.1683637189416913e-06,0,0,2578.44873046875,1312.6959228515625,0,10.666633605957031,2159.648193359375,12.199039459228516,12.209256172180176,730.064208984375,1454.3150634765625,54.99961853027344,55.072574615478516,80.0,0,0,345.7248840332031,0,7.924896240234375,22.632854461669922,22.68659782409668,0,1.034000039100647,0.9067617654800415,50,2.799999952316284,2.880793571472168,0,0,0,0,314.99998519276,0,0,0,-0.017164800316095352,0.15198810398578644,-0.13832814991474152,-0.0035048467107117176,79.40996551513672,79.83911895751953,692.0618286132812,692.399658203125,692.399658203125,500.8815612792969,0,0,10.666633605957031,0.0010999999940395355,0.02200000174343586,0.03299999609589577,0.04399999603629112,5655.8173828125,114276.53125,0.0429663360118866,0,3.1392715754918754e-05,230.33212280273438,0,0.0002616529818624258,2.8350639695418067e-05,0,0,23.700000762939453,0,0,1600,0,50,0,0,0,50,50,200,0.0,0.0,0.0,0.0
127,156.89700317382812,309.3448181152344,323.0621337890625,323.0083312988281,295.7206726074219,295.7744445800781,16515.818359375,33031.63671875,73.37850189208984,73.37854766845703,1455.2620849609375,2898.436767578125,1436.00927734375,2860.654296875,283.6220703125,59.651710510253906,-2.240591584268259e-06,0,0,2578.513671875,1312.730224609375,0,10.98253059387207,2155.997314453125,12.200340270996094,12.210538864135742,729.0904541015625,1452.36328125,55.0479736328125,55.120670318603516,80.0,0,0,345.71368408203125,0,7.924896240234375,22.65153694152832,22.705350875854492,0,1.034000039100647,0.9067617654800415,50,2.799999952316284,2.885671615600586,0,0,0,0,314.99998519276,0,0,0,-0.016166917979717255,0.15302716195583344,-0.14012816548347473,-0.00326791824772954,79.30357360839844,79.70415496826172,691.424560546875,691.7399291992188,691.7399291992188,500.54559326171875,0,0,10.98253059387207,0.0010999999940395355,0.02200000174343586,0.03299999609589577,0.04399999603629112,5655.8173828125,114276.53125,0.0429663360118866,0,3.1392715754918754e-05,232.15292358398438,0,0.0002616529818624258,2.8350639695418067e-05,0,0,23.700000762939453,0,0,1600,0,50,0,0,0,50,50,200,0.0,0.0,0.0,0.0
128,156.87399291992188,309.3314208984375,323.0328369140625,322.9789733886719,295.73028564453125,295.7841491699219,16515.818359375,33031.63671875,73.38666534423828,73.38671875,1452.643310546875,2893.16357421875,1436.0047607421875,2860.658447265625,283.6044921875,59.607337951660156,3.804512289207196e-06,0,0,2578.580810546875,1312.75390625,0,11.2981595993042,2152.595703125,12.201459884643555,12.211640357971191,728.1735229492188,1450.5244140625,55.09170150756836,55.16431427001953,80.0,0,0,345.70208740234375,0,7.924896240234375,22.66923713684082,22.72311782836914,0,1.034000039100647,0.9067617654800415,50,2.799999952316284,2.8902316093444824,0,0,0,0,314.99998519276,0,0,0,-0.015107637271285057,0.15399786829948425,-0.14192816615104675,-0.003037942573428154,79.21031951904297,79.57839965820312,690.8338012695312,691.1235961914062,691.1235961914062,500.2309265136719,0,0,11.2981595993042,0.0010999999940395355,0.02200000174343586,0.03299999609589577,0.04399999603629112,5655.8173828125,114276.53125,0.0429663360118866,0,3.1392715754918754e-05,233.97372436523438,0,0.0002616529818624258,2.8350639695418067e-05,0,0,23.700000762939453,0,0,1600,0,50,0,0,0,50,50,200,0.0,0.0,0.0,0.0
129,156.85031127929688,309.3173828125,323.0040588378906,322.9501037597656,295.73797607421875,295.7918701171875,16515.818359375,33031.63671875,73.39258575439453,73.39264678955078,1450.11572265625,2888.071044921875,1436.0113525390625,2860.65185546875,283.58648681640625,59.561824798583984,-4.335681296652183e-06,0,0,2578.650146484375,1312.767822265625,0,11.596800804138184,2149.462158203125,12.202404022216797,12.212565422058105,727.3116455078125,1448.7977294921875,55.13087463378906,55.203330993652344,80.0,0,0,345.69012451171875,0,7.924896240234375,22.68605613708496,22.74000358581543,0,1.034000039100647,0.9067617654800415,50,2.799999952316284,2.8944451808929443,0,0,0,0,314.99998519276,0,0,0,-0.013997730799019337,0.1548948734998703,-0.14372818171977997,-0.002831035293638706,79.11918640136719,79.46255493164062,690.2837524414062,690.5540771484375,690.5540771484375,499.93927001953125,0,0,11.596800804138184,0.0010999999940395355,0.02200000174343586,0.03299999609589577,0.04399999603629112,5655.8173828125,114276.53125,0.0429663360118866,0,3.1392715754918754e-05,235.79452514648438,0,0.0002616529818624258,2.8350639695418067e-05,0,0,23.700000762939453,0,0,1600,0,50,0,0,0,50,50,200,0.0,0.0,0.0,0.0
130,156.82603454589844,309.30279541015625,322.9758605957031,322.9218444824219,295.7437438964844,295.7976989746094,16515.818359375,33031.63671875,73.39642333984375,73.39649963378906,1447.6705322265625,2883.14208984375,1436.0078125,2860.655517578125,283.5680847167969,59.51533508300781,-1.677838668001641e-06,0,0,2578.72119140625,1312.7724609375,0,11.884736061096191,2146.54541015625,12.203182220458984,12.213323593139648,726.505859375,1447.1790771484375,55.166080474853516,55.23823547363281,80.0,0,0,345.6778259277344,0,7.924896240234375,22.701993942260742,22.756010055541992,0,1.034000039100647,0.9067617654800415,50,2.799999952316284,2.8983781337738037,0,0,0,0,314.99998519276,0,0,0,-0.012842603959143162,0.1557321697473526,-0.145528182387352,-0.00263862032443285,79.03374481201172,79.35472869873047,689.769775390625,690.0224609375,690.0224609375,499.66632080078125,0,0,11.884736061096191,0.0010999999940395355,0.02200000174343586,0.03299999609589577,0.04399999603629112,5655.8173828125,114276.53125,0.0429663360118866,0,3.1392715754918754e-05,237.61532592773438,0,0.0002616529818624258,2.8350639695418067e-05,0,0,23.700000762939453,0,0,1600,0,50,0,0,0,50,50,200,0.0,0.0,0.0,0.0
131,156.80126953125,309.28765869140625,322.94818115234375,322.89410400390625,295.7476501464844,295.8016662597656,16515.818359375,33031.63671875,73.39833068847656,73.3984146118164,1445.30078125,2878.36962890625,1436.01171875,2860.651611328125,283.54931640625,59.46800231933594,2.0610733031389827e-07,0,0,2578.7939453125,1312.76904296875,0,12.158612251281738,2143.82763671875,12.203802108764648,12.213922500610352,725.7472534179688,1445.6619873046875,55.19734573364258,55.269405364990234,80.0,0,0,345.6652526855469,0,7.924896240234375,22.717082977294922,22.77116584777832,0,1.034000039100647,0.9067617654800415,50,2.799999952316284,2.902052402496338,0,0,0,0,314.99998519276,0,0,0,-0.011647659353911877,0.15651477873325348,-0.1473281979560852,-0.002461082534864545,78.95425415039062,79.25425720214844,689.2894287109375,689.5255737304688,689.5255737304688,499.410400390625,0,0,12.158612251281738,0.0010999999940395355,0.02200000174343586,0.03299999609589577,0.04399999603629112,5655.8173828125,114276.53125,0.0429663360118866,0,3.1392715754918754e-05,239.43612670898438,0,0.0002616529818624258,2.8350639695418067e-05,0,0,23.700000762939453,0,0,1600,0,50,0,0,0,50,50,200,0.0,0.0,0.0,0.0
132,156.77606201171875,309.27203369140625,322.9210510253906,322.8669128417969,295.7497253417969,295.8038024902344,16515.818359375,33031.63671875,73.39854431152344,73.39862823486328,1443.0057373046875,2873.747802734375,1436.01318359375,2860.650146484375,283.5303039550781,59.419925689697266,-4.849111519433791e-06,0,0,2578.868408203125,1312.7574462890625,0,12.423367500305176,2141.295166015625,12.204267501831055,12.214365005493164,725.0381469726562,1444.23779296875,55.22504806518555,55.29688262939453,80.0,0,0,345.6524658203125,0,7.924896240234375,22.731426239013672,22.78557777404785,0,1.034000039100647,0.9067617654800415,50,2.799999952316284,2.905484676361084,0,0,0,0,314.99998519276,0,0,0,-0.01041293516755104,0.1572464406490326,-0.14912819862365723,-0.0022947045508772135,78.880126953125,79.16063690185547,688.8402099609375,689.06103515625,689.06103515625,499.17047119140625,0,0,12.423367500305176,0.0010999999940395355,0.02200000174343586,0.03299999609589577,0.04399999603629112,5655.8173828125,114276.53125,0.0429663360118866,0,3.1392715754918754e-05,241.25692749023438,0,0.0002616529818624258,2.8350639695418067e-05,0,0,23.700000762939453,0,0,1600,0,50,0,0,0,50,50,200,0.0,0.0,0.0,0.0
133,156.75045776367188,309.2559814453125,322.89447021484375,322.8402404785156,295.7500915527344,295.80426025390625,16515.818359375,33031.63671875,73.3969497680664,73.39704895019531,1440.783447265625,2869.26806640625,1436.011962890625,2860.6513671875,283.510986328125,59.37119674682617,-2.8993085834372323e-06,0,0,2578.94384765625,1312.7388916015625,0,12.680010795593262,2138.935546875,12.20458698272705,12.214661598205566,724.3696899414062,1442.8985595703125,55.24940872192383,55.320899963378906,80.0,0,0,345.63946533203125,0,7.924896240234375,22.7449893951416,22.79920768737793,0,1.034000039100647,0.9067617654800415,50,2.799999952316284,2.9086899757385254,0,0,0,0,314.99998519276,0,0,0,-0.00914650410413742,0.15793056786060333,-0.15092821419239044,-0.0021441502030938864,78.81087493896484,79.07340240478516,688.4200439453125,688.6266479492188,688.6266479492188,498.94537353515625,0,0,12.680010795593262,0.0010999999940395355,0.02200000174343586,0.03299999609589577,0.04399999603629112,5655.8173828125,114276.53125,0.0429663360118866,0,3.1392715754918754e-05,243.07772827148438,0,0.0002616529818624258,2.8350639695418067e-05,0,0,23.700000762939453,0,0,1600,0,50,0,0,0,50,50,200,0.0,0.0,0.0,0.0
134,156.72451782226562,309.2395324707031,322.8684387207031,322.81414794921875,295.748779296875,295.802978515625,16515.818359375,33031.63671875,73.393798828125,73.3938980102539,1438.6285400390625,2864.927978515625,1436.0125732421875,2860.650634765625,283.4914855957031,59.32191467285156,-1.0975181652383981e-07,0,0,2579.02001953125,1312.712890625,0,12.928182601928711,2136.734130859375,12.20476245880127,12.214814186096191,723.7481079101562,1441.650390625,55.27037811279297,55.341705322265625,80.0,0,0,345.626220703125,0,7.924896240234375,22.7578067779541,22.81209373474121,0,1.034000039100647,0.9067617654800415,50,2.799999952316284,2.911686658859253,0,0,0,0,314.99998519276,0,0,0,-0.007848397828638554,0.15857110917568207,-0.15272821485996246,-0.0020055072382092476,78.7523193359375,78.99201965332031,688.0313110351562,688.219970703125,688.219970703125,498.73388671875,0,0,12.928182601928711,0.0010999999940395355,0.02200000174343586,0.03299999609589577,0.04399999603629112,5655.8173828125,114276.53125,0.0429663360118866,0,3.1392715754918754e-05,244.89852905273438,0,0.0002616529818624258,2.8350639695418067e-05,0,0,23.700000762939453,0,0,1600,0,50,0,0,0,50,50,200,0.0,0.0,0.0,0.0
135,156.69827270507812,309.22271728515625,322.8428955078125,322.78857421875,295.7458801269531,295.8001403808594,16515.818359375,33031.63671875,73.38919830322266,73.38931274414062,1436.5452880859375,2860.728271484375,1436.012451171875,2860.650634765625,283.4717712402344,59.27212142944336,-7.250911266964977e-07,0,0,2579.09765625,1312.6806640625,0,13.172979354858398,2134.712646484375,12.204803466796875,12.21483039855957,723.1651611328125,1440.4798583984375,55.28812789916992,55.359092712402344,80.0,0,0,345.6128845214844,0,7.924896240234375,22.76997947692871,22.82430076599121,0,1.034000039100647,0.9067617654800415,50,2.799999952316284,2.9144439697265625,0,0,0,0,314.99998519276,0,0,0,-0.006521326024085283,0.1591619849205017,-0.15452823042869568,-0.001887564081698656,78.69247436523438,78.91728973388672,687.6677856445312,687.8447875976562,687.8447875976562,498.5379943847656,0,0,13.172979354858398,0.0010999999940395355,0.02200000174343586,0.03299999609589577,0.04399999603629112,5655.8173828125,114276.53125,0.0429663360118866,0,3.1392715754918754e-05,246.71932983398438,0,0.0002616529818624258,2.8350639695418067e-05,0,0,23.700000762939453,0,0,1600,0,50,0,0,0,50,50,200,0.0,0.0,0.0,0.0
136,156.68667602539062,309.20574951171875,322.8179016113281,322.7635192871094,295.74151611328125,295.79583740234375,16515.818359375,33031.63671875,73.38326263427734,73.38338470458984,1434.5201416015625,2856.656982421875,1436.0111083984375,2860.652099609375,283.4523010253906,59.22296142578125,-6.147558906377526e-07,0,0,2579.153076171875,1312.64306640625,0,13.411516189575195,2132.8203125,12.204719543457031,12.214713096618652,722.6177978515625,1439.38232421875,55.30299377441406,55.37364959716797,80.0,0,0,345.6032409667969,0,7.924896240234375,22.78533935546875,22.83972930908203,0,1.034000039100647,0.9067617654800415,50,2.799999952316284,2.917029857635498,0,0,0,0,1176.9999527455907,0,0,0,-0.005181366112083197,0.15971742570400238,-0.1563282310962677,-0.00179218256380409,78.63526916503906,78.84732818603516,687.3251953125,687.4921264648438,687.4921264648438,498.3531494140625,0,0,13.411516189575195,0.0010999999940395355,0.02200000174343586,0.03299999609589577,0.04399999603629112,5655.8173828125,114276.53125,0.0429663360118866,0,3.1392715754918754e-05,248.54013061523438,0,0.0002616529818624258,2.8350639695418067e-05,0,0,23.700000762939453,0,0,1600,0,50,0,0,0,50,50,200,0.0,0.0,0.0,0.0
137,156.6741180419922,309.1886901855469,322.7934875488281,322.7391052246094,295.7357482910156,295.79010009765625,16515.818359375,33031.63671875,73.37610626220703,73.37623596191406,1432.5570068359375,2852.699951171875,1436.0120849609375,2860.651123046875,283.4326171875,59.17329788208008,-2.7473010959511157e-06,0,0,2579.189453125,1312.5994873046875,0,13.503159523010254,2131.034912109375,12.204503059387207,12.214469909667969,722.118896484375,1438.377685546875,55.31526565551758,55.38555908203125,80.0,0,0,345.5970458984375,0,7.924896240234375,22.80354881286621,22.857938766479492,0,1.034000039100647,0.9067617654800415,50,2.799999952316284,2.919473648071289,0,0,0,0,1176.9999527455907,0,0,0,-0.003836550284177065,0.16024282574653625,-0.15812824666500092,-0.0017219750443473458,78.57893371582031,78.78132629394531,686.999267578125,687.1585693359375,687.1585693359375,498.17791748046875,0,0,13.503159523010254,0.0010999999940395355,0.02200000174343586,0.03299999609589577,0.04399999603629112,5655.8173828125,114276.53125,0.0429663360118866,0,3.1392715754918754e-05,250.36093139648438,0,0.0002616529818624258,2.8350639695418067e-05,0,0,23.700000762939453,0,0,1600,0,50,0,0,0,50,50,200,0.0,0.0,0.0,0.0
138,156.66104125976562,309.17132568359375,322.7696838378906,322.7152404785156,295.7286376953125,295.7830505371094,16515.818359375,33031.63671875,73.36784362792969,73.36797332763672,1430.6451416015625,2848.8486328125,1436.0155029296875,2860.647705078125,283.41253662109375,59.122520446777344,-4.3623545025184285e-06,0,0,2579.227294921875,1312.5511474609375,0,13.835284233093262,2129.332763671875,12.204167366027832,12.214107513427734,721.650634765625,1437.43994140625,55.32517623901367,55.395172119140625,80.0,0,0,345.5904235839844,0,7.924896240234375,22.82073974609375,22.87519645690918,0,1.034000039100647,0.9067617654800415,50,2.799999952316284,2.9218075275421143,0,0,0,0,1176.9999527455907,0,0,0,-0.002468181075528264,0.16074536740779877,-0.15992824733257294,-0.0016510684508830309,78.52404022216797,78.71839904785156,686.6864624023438,686.8394775390625,686.8394775390625,498.009765625,0,0,13.835284233093262,0.0010999999940395355,0.02200000174343586,0.03299999609589577,0.04399999603629112,5655.8173828125,114276.53125,0.0429663360118866,0,3.1392715754918754e-05,252.18173217773438,0,0.0002616529818624258,2.8350639695418067e-05,0,0,23.700000762939453,0,0,1600,0,50,0,0,0,50,50,200,0.0,0.0,0.0,0.0
139,156.64764404296875,309.1535949707031,322.74639892578125,322.6918640136719,295.7202453613281,295.7747497558594,16515.818359375,33031.63671875,73.35853576660156,73.35867309570312,1428.792236328125,2845.113037109375,1436.0228271484375,2860.640380859375,283.3921813964844,59.071136474609375,-2.6360278297943296e-06,0,0,2579.2666015625,1312.497314453125,0,14.10205078125,2127.731689453125,12.203713417053223,12.21362590789795,721.2098999023438,1436.551025390625,55.33273696899414,55.402286529541016,80.0,0,0,345.5836486816406,0,7.924896240234375,22.83725357055664,22.89177894592285,0,1.034000039100647,0.9067617654800415,50,2.799999952316284,2.924006223678589,0,0,0,0,1176.9999527455907,0,0,0,-0.0010709427297115326,0.1612202525138855,-0.16172826290130615,-0.0015789532335475087,78.47510528564453,78.65921020507812,686.39306640625,686.5379638671875,686.5379638671875,497.8502197265625,0,0,14.10205078125,0.0010999999940395355,0.02200000174343586,0.03299999609589577,0.04399999603629112,5655.8173828125,114276.53125,0.0429663360118866,0,3.1392715754918754e-05,254.00253295898438,0,0.0002616529818624258,2.8350639695418067e-05,0,0,23.700000762939453,0,0,1600,0,50,0,0,0,50,50,200,0.0,0.0,0.0,0.0
140,156.6339874267578,309.135498046875,322.7235107421875,322.6689147949219,295.710693359375,295.7652587890625,16515.818359375,33031.63671875,73.34825134277344,73.348388671875,1426.98876953125,2841.480224609375,1436.0216064453125,2860.6416015625,283.37164306640625,59.019309997558594,-4.492192601901479e-06,0,0,2579.306640625,1312.4390869140625,0,14.347920417785645,2126.216552734375,12.203146934509277,12.213032722473145,720.7911987304688,1435.7095947265625,55.33796310424805,55.407203674316406,80.0,0,0,345.57672119140625,0,7.924896240234375,22.85322380065918,22.907817840576172,0,1.034000039100647,0.9067617654800415,50,2.799999952316284,2.9260895252227783,0,0,0,0,1176.9999527455907,0,0,0,0.00035246097831986845,0.16167163848876953,-0.16352826356887817,-0.0015041640726849437,78.42720794677734,78.60320281982422,686.1128540039062,686.2514038085938,686.2514038085938,497.6979675292969,0,0,14.347920417785645,0.0010999999940395355,0.02200000174343586,0.03299999609589577,0.04399999603629112,5655.8173828125,114276.53125,0.0429663360118866,0,3.1392715754918754e-05,255.82333374023438,0,0.0002616529818624258,2.8350639695418067e-05,0,0,23.700000762939453,0,0,1600,0,50,0,0,0,50,50,200,0.0,0.0,0.0,0.0
141,156.62010192871094,309.11712646484375,322.7010192871094,322.6463928222656,295.6999816894531,295.7546081542969,16515.818359375,33031.63671875,73.33704376220703,73.3371810913086,1425.2357177734375,2837.946533203125,1436.01904296875,2860.644287109375,283.3509826660156,58.96711349487305,1.1082994433309068e-06,0,0,2579.34765625,1312.3768310546875,0,14.587262153625488,2124.775146484375,12.202472686767578,12.212329864501953,720.3936767578125,1434.9124755859375,55.341163635253906,55.409976959228516,80.0,0,0,345.5696716308594,0,7.924896240234375,22.86865234375,22.92327880859375,0,1.034000039100647,0.9067617654800415,50,2.799999952316284,2.928074836730957,0,0,0,0,1176.9999527455907,0,0,0,0.0017993299989029765,0.1621030569076538,-0.1653282791376114,-0.0014258921146392822,78.38204193115234,78.54991149902344,685.8452758789062,685.9774780273438,685.9774780273438,497.5518798828125,0,0,14.587262153625488,0.0010999999940395355,0.02200000174343586,0.03299999609589577,0.04399999603629112,5655.8173828125,114276.53125,0.0429663360118866,0,3.1392715754918754e-05,257.6441345214844,0,0.0002616529818624258,2.8350639695418067e-05,0,0,23.700000762939453,0,0,1600,0,50,0,0,0,50,50,200,0.0,0.0,0.0,0.0
142,156.60601806640625,309.09844970703125,322.6789245605469,322.62420654296875,295.6882019042969,295.742919921875,16515.818359375,33031.63671875,73.32498168945312,73.32512664794922,1423.53125,2834.513427734375,1436.0250244140625,2860.63818359375,283.3301696777344,58.91458511352539,-1.295944457524456e-06,0,0,2579.38916015625,1312.310302734375,0,14.82253646850586,2123.407470703125,12.201692581176758,12.211520195007324,720.0191650390625,1434.157470703125,55.34223937988281,55.410728454589844,80.0,0,0,345.5624694824219,0,7.924896240234375,22.883573532104492,22.93826675415039,0,1.034000039100647,0.9067617654800415,50,2.799999952316284,2.9299607276916504,0,0,0,0,1176.9999527455907,0,0,0,0.003269635373726487,0.16251426935195923,-0.1671282798051834,-0.0013443786883726716,78.33964538574219,78.49935150146484,685.5906372070312,685.7163696289062,685.7163696289062,497.412109375,0,0,14.82253646850586,0.0010999999940395355,0.02200000174343586,0.03299999609589577,0.04399999603629112,5655.8173828125,114276.53125,0.0429663360118866,0,3.1392715754918754e-05,259.4649353027344,0,0.0002616529818624258,2.8350639695418067e-05,0,0,23.700000762939453,0,0,1600,0,50,0,0,0,50,50,200,0.0,0.0,0.0,0.0
143,156.5917205810547,309.0794677734375,322.6571044921875,322.60235595703125,295.67547607421875,295.730224609375,16515.818359375,33031.63671875,73.31210327148438,73.312255859375,1421.8763427734375,2831.177734375,1436.030029296875,2860.633056640625,283.3092346191406,58.86174011230469,1.2548420045277453e-06,0,0,2579.43115234375,1312.2401123046875,0,15.05633544921875,2122.114990234375,12.200811386108398,12.210609436035156,719.6622924804688,1433.43896484375,55.34138870239258,55.40943908691406,80.0,0,0,345.55523681640625,0,7.924896240234375,22.89811897277832,22.952880859375,0,1.034000039100647,0.9067617654800415,50,2.799999952316284,2.9317452907562256,0,0,0,0,1176.9999527455907,0,0,0,0.004763348959386349,0.1629049926996231,-0.16892829537391663,-0.0012599537149071693,78.3003921508789,78.45156860351562,685.3493041992188,685.4683227539062,685.4683227539062,497.2786560058594,0,0,15.05633544921875,0.0010999999940395355,0.02200000174343586,0.03299999609589577,0.04399999603629112,5655.8173828125,114276.53125,0.0429663360118866,0,3.1392715754918754e-05,261.2857360839844,0,0.0002616529818624258,2.8350639695418067e-05,0,0,23.700000762939453,0,0,1600,0,50,0,0,0,50,50,200,0.0,0.0,0.0,0.0
144,156.5772705078125,309.0602111816406,322.6356201171875,322.5807800292969,295.6617431640625,295.716552734375,16515.818359375,33031.63671875,73.2984619140625,73.29862213134766,1420.269775390625,2827.94140625,1436.0284423828125,2860.635009765625,283.2882080078125,58.80860137939453,1.6109702301037032e-06,0,0,2579.473876953125,1312.1666259765625,0,15.287229537963867,2120.89990234375,12.199831008911133,12.209600448608398,719.3235473632812,1432.757568359375,55.33849334716797,55.40617752075195,80.0,0,0,345.5478820800781,0,7.924896240234375,22.912260055541992,22.96708869934082,0,1.034000039100647,0.9067617654800415,50,2.799999952316284,2.933424949645996,0,0,0,0,1176.9999527455907,0,0,0,0.006277774926275015,0.16327455639839172,-0.17072829604148865,-0.0011759719345718622,78.26408386230469,78.40664672851562,685.1213989257812,685.233642578125,685.233642578125,497.1517639160156,0,0,15.287229537963867,0.0010999999940395355,0.02200000174343586,0.03299999609589577,0.04399999603629112,5655.8173828125,114276.53125,0.0429663360118866,0,3.1392715754918754e-05,263.1065368652344,0,0.0002616529818624258,2.8350639695418067e-05,0,0,23.700000762939453,0,0,1600,0,50,0,0,0,50,50,200,0.0,0.0,0.0,0.0
145,156.56265258789062,309.0406799316406,322.6143798828125,322.55950927734375,295.64703369140625,295.7019348144531,16515.818359375,33031.63671875,73.28410339355469,73.28426361083984,1418.7110595703125,2824.80419921875,1436.0321044921875,2860.631103515625,283.2670593261719,58.755226135253906,-2.1481782823684625e-06,0,0,2579.516845703125,1312.08935546875,0,15.51649284362793,2119.7626953125,12.19875717163086,12.20849323272705,719.0029296875,1432.11328125,55.333614349365234,55.40095520019531,80.0,0,0,345.5404052734375,0,7.924896240234375,22.926025390625,22.98089027404785,0,1.034000039100647,0.9067617654800415,50,2.799999952316284,2.9349985122680664,0,0,0,0,1176.9999527455907,0,0,0,0.00781288743019104,0.16362276673316956,-0.17252831161022186,-0.0010926614049822092,78.2370376586914,78.36460876464844,684.912109375,685.0125732421875,685.0125732421875,497.0315246582031,0,0,15.51649284362793,0.0010999999940395355,0.02200000174343586,0.03299999609589577,0.04399999603629112,5655.8173828125,114276.53125,0.0429663360118866,0,3.1392715754918754e-05,264.9273376464844,0,0.0002616529818624258,2.8350639695418067e-05,0,0,23.700000762939453,0,0,1600,0,50,0,0,0,50,50,200,0.0,0.0,0.0,0.0
146,156.5479278564453,309.02093505859375,322.5934143066406,322.5384826660156,295.6315612792969,295.6864929199219,16515.818359375,33031.63671875,73.2690658569336,73.26923370361328,1417.207275390625,2821.773681640625,1436.0245361328125,2860.638671875,283.2458190917969,58.701622009277344,1.775147438820568e-06,0,0,2579.560302734375,1312.0091552734375,0,15.742557525634766,2118.7412109375,12.197590827941895,12.207297325134277,718.6991577148438,1431.5010986328125,55.32660675048828,55.393497467041016,80.0,0,0,345.5328674316406,0,7.924896240234375,22.939453125,22.994384765625,0,1.034000039100647,0.9067617654800415,50,2.799999952316284,2.9364137649536133,0,0,0,0,1176.9999527455907,0,0,0,0.009363330900669098,0.16393904387950897,-0.17432831227779388,-0.001025948440656066,78.20156860351562,78.32684326171875,684.713134765625,684.811767578125,684.811767578125,496.9212951660156,0,0,15.742557525634766,0.0010999999940395355,0.02200000174343586,0.03299999609589577,0.04399999603629112,5655.8173828125,114276.53125,0.0429663360118866,0,3.1392715754918754e-05,266.7481384277344,0,0.0002616529818624258,2.8350639695418067e-05,0,0,23.700000762939453,0,0,1600,0,50,0,0,0,50,50,200,0.0,0.0,0.0,0.0
147,156.53309631347656,309.00103759765625,322.5726623535156,322.5176696777344,295.615234375,295.67022705078125,16515.818359375,33031.63671875,73.25338745117188,73.2535629272461,1415.750732421875,2818.838134765625,1436.028076171875,2860.635009765625,283.2245788574219,58.647884368896484,-4.001063643954694e-06,0,0,2579.60400390625,1311.9261474609375,0,15.961291313171387,2117.78173828125,12.19633674621582,12.206010818481445,718.41162109375,1430.923095703125,55.31782913208008,55.38432693481445,80.0,0,0,345.52532958984375,0,7.924896240234375,22.95264434814453,23.00764274597168,0,1.034000039100647,0.9067617654800415,50,2.799999952316284,2.937743902206421,0,0,0,0,1176.9999527455907,0,0,0,0.010926425457000732,0.1642383188009262,-0.1761283278465271,-0.0009635835886001587,78.17488098144531,78.29137420654297,684.530029296875,684.6217651367188,684.6217651367188,496.81634521484375,0,0,15.961291313171387,0.0010999999940395355,0.02200000174343586,0.03299999609589577,0.04399999603629112,5655.8173828125,114276.53125,0.0429663360118866,0,3.1392715754918754e-05,268.5689392089844,0,0.0002616529818624258,2.8350639695418067e-05,0,0,23.700000762939453,0,0,1600,0,50,0,0,0,50,50,200,0.0,0.0,0.0,0.0
148,156.5182342529297,308.98095703125,322.55218505859375,322.49713134765625,295.59814453125,295.6532287597656,16515.818359375,33031.63671875,73.23713684082031,73.2373046875,1414.3387451171875,2815.9912109375,1436.0341796875,2860.629150390625,283.2032470703125,58.59404754638672,-3.6120070490142098e-06,0,0,2579.648193359375,1311.8402099609375,0,16.175085067749023,2116.894287109375,12.19499683380127,12.20464038848877,718.14306640625,1430.379150390625,55.30732345581055,55.37336730957031,80.0,0,0,345.5177307128906,0,7.924896240234375,22.96552848815918,23.020597457885742,0,1.034000039100647,0.9067617654800415,50,2.799999952316284,2.9389755725860596,0,0,0,0,1176.9999527455907,0,0,0,0.012502151541411877,0.16451764106750488,-0.17792832851409912,-0.0009085466153919697,78.1485595703125,78.2585678100586,684.3577880859375,684.4443969726562,684.4443969726562,496.71771240234375,0,0,16.175085067749023,0.0010999999940395355,0.02200000174343586,0.03299999609589577,0.04399999603629112,5655.8173828125,114276.53125,0.0429663360118866,0,3.1392715754918754e-05,270.3897399902344,0,0.0002616529818624258,2.8350639695418067e-05,0,0,23.700000762939453,0,0,1600,0,50,0,0,0,50,50,200,0.0,0.0,0.0,0.0
149,156.50335693359375,308.9607238769531,322.53192138671875,322.4767761230469,295.58038330078125,295.6355285644531,16515.818359375,33031.63671875,73.22032165527344,73.22049713134766,1412.9683837890625,2813.23046875,1436.0364990234375,2860.626708984375,283.181884765625,58.54017639160156,2.183714968850836e-06,0,0,2579.692138671875,1311.7520751953125,0,16.3837833404541,2116.06298828125,12.193575859069824,12.20318603515625,717.8864135742188,1429.8643798828125,55.29524230957031,55.36080551147461,80.0,0,0,345.5101013183594,0,7.924896240234375,22.978178024291992,23.03331184387207,0,1.034000039100647,0.9067617654800415,50,2.799999952316284,2.9401299953460693,0,0,0,0,1176.9999527455907,0,0,0,0.014090493321418762,0.16478165984153748,-0.17972834408283234,-0.0008561834692955017,78.1298599243164,78.22783660888672,684.1996459960938,684.2767333984375,684.2767333984375,496.6238098144531,0,0,16.3837833404541,0.0010999999940395355,0.02200000174343586,0.03299999609589577,0.04399999603629112,5655.8173828125,114276.53125,0.0429663360118866,0,3.1392715754918754e-05,272.2105407714844,0,0.0002616529818624258,2.8350639695418067e-05,0,0,23.700000762939453,0,0,1600,0,50,0,0,0,50,50,200,0.0,0.0,0.0,0.0
150,156.48846435546875,308.94036865234375,322.5118408203125,322.4566345214844,295.5618896484375,295.6170959472656,16515.818359375,33031.63671875,73.20299530029297,73.20317077636719,1411.637451171875,2810.551513671875,1436.0355224609375,2860.627685546875,283.16058349609375,58.48629379272461,-4.399321824166691e-06,0,0,2579.736328125,1311.6612548828125,0,16.587162017822266,2115.294921875,12.192075729370117,12.201653480529785,717.6467895507812,1429.37939453125,55.281494140625,55.346675872802734,80.0,0,0,345.5024719238281,0,7.924896240234375,22.99062156677246,23.04582405090332,0,1.034000039100647,0.9067617654800415,50,2.799999952316284,2.941197633743286,0,0,0,0,1176.9999527455907,0,0,0,0.015686115249991417,0.16502819955348969,-0.18152834475040436,-0.000814040657132864,78.10440826416016,78.1994400024414,684.04541015625,684.1202392578125,684.1202392578125,496.535400390625,0,0,16.587162017822266,0.0010999999940395355,0.02200000174343586,0.03299999609589577,0.04399999603629112,5655.8173828125,114276.53125,0.0429663360118866,0,3.1392715754918754e-05,274.0313415527344,0,0.0002616529818624258,2.8350639695418067e-05,0,0,23.700000762939453,0,0,1600,0,50,0,0,0,50,50,200,0.0,0.0,0.0,0.0
151,156.47360229492188,308.919921875,322.49200439453125,322.4367370605469,295.5428466796875,295.59808349609375,16515.818359375,33031.63671875,73.18519592285156,73.18537139892578,1410.3544921875,2807.965087890625,1436.0396728515625,2860.623779296875,283.13922119140625,58.43244934082031,5.463454726850614e-06,0,0,2579.7802734375,1311.56787109375,0,16.785131454467773,2114.584716796875,12.190499305725098,12.200042724609375,717.422607421875,1428.927001953125,55.266300201416016,55.330963134765625,80.0,0,0,345.4948425292969,0,7.924896240234375,23.00282859802246,23.0580997467041,0,1.034000039100647,0.9067617654800415,50,2.799999952316284,2.942185401916504,0,0,0,0,1176.9999527455907,0,0,0,0.01728900708258152,0.16525869071483612,-0.18332836031913757,-0.000780654139816761,78.08526611328125,78.17318725585938,683.9046630859375,683.973876953125,683.973876953125,496.4520263671875,0,0,16.785131454467773,0.0010999999940395355,0.02200000174343586,0.03299999609589577,0.04399999603629112,5655.8173828125,114276.53125,0.0429663360118866,0,3.1392715754918754e-05,275.8521423339844,0,0.0002616529818624258,2.8350639695418067e-05,0,0,23.700000762939453,0,0,1600,0,50,0,0,0,50,50,200,0.0,0.0,0.0,0.0
152,156.45877075195312,308.89935302734375,322.472412109375,322.4170837402344,295.523193359375,295.5784912109375,16515.818359375,33031.63671875,73.16694641113281,73.16712951660156,1409.1109619140625,2805.458251953125,1436.0372314453125,2860.626220703125,283.1179504394531,58.37864303588867,-1.3516147134851053e-07,0,0,2579.82421875,1311.4727783203125,0,16.984331130981445,2113.929931640625,12.188849449157715,12.198359489440918,717.2105102539062,1428.498779296875,55.249629974365234,55.31379318237305,80.0,0,0,345.48724365234375,0,7.924896240234375,23.01483154296875,23.070171356201172,0,1.034000039100647,0.9067617654800415,50,2.799999952316284,2.943096876144409,0,0,0,0,1176.9999527455907,0,0,0,0.01890181563794613,0.16547392308712006,-0.1851283609867096,-0.0007526292465627193,78.05879974365234,78.14897918701172,683.7662353515625,683.8372192382812,683.8372192382812,496.3734436035156,0,0,16.984331130981445,0.0010999999940395355,0.02200000174343586,0.03299999609589577,0.04399999603629112,5655.8173828125,114276.53125,0.0429663360118866,0,3.1392715754918754e-05,277.6729431152344,0,0.0002616529818624258,2.8350639695418067e-05,0,0,23.700000762939453,0,0,1600,0,50,0,0,0,50,50,200,0.0,0.0,0.0,0.0
153,156.44398498535156,308.8786926269531,322.45263671875,322.39727783203125,295.5032958984375,295.5586853027344,16515.818359375,33031.63671875,73.14830017089844,73.14848327636719,1407.8961181640625,2803.01220703125,1436.040283203125,2860.623046875,283.0966491699219,58.32490158081055,4.14335454479442e-06,0,0,2579.868408203125,1311.3759765625,0,17.177919387817383,2113.265869140625,12.187127113342285,12.196603775024414,717.0094604492188,1428.09375,55.23198318481445,55.29576110839844,80.0,0,0,345.4796447753906,0,7.924896240234375,23.027006149291992,23.082378387451172,0,1.034000039100647,0.9067617654800415,50,2.799999952316284,2.944021701812744,0,0,0,0,1176.9999527455907,0,0,0,0.020519215613603592,0.16569191217422485,-0.1869283765554428,-0.0007172408513724804,78.04206085205078,78.12442779541016,683.6339721679688,683.6987915039062,683.6987915039062,496.2939147949219,0,0,17.177919387817383,0.0010999999940395355,0.02200000174343586,0.03299999609589577,0.04399999603629112,5655.8173828125,114276.53125,0.0429663360118866,0,3.1392715754918754e-05,279.4937438964844,0,0.0002616529818624258,2.8350639695418067e-05,0,0,23.700000762939453,0,0,1600,0,50,0,0,0,50,50,200,0.0,0.0,0.0,0.0
154,156.42919921875,308.85791015625,322.4318542480469,322.37640380859375,295.4841613769531,295.5395812988281,16515.818359375,33031.63671875,73.12925720214844,73.12945556640625,1406.72314453125,2800.64794921875,1436.0439453125,2860.619384765625,283.0754089355469,58.271217346191406,-4.134482878725976e-06,0,0,2579.911865234375,1311.2772216796875,0,17.37262535095215,2112.662109375,12.185336112976074,12.194779396057129,716.8207397460938,1427.7125244140625,55.21297073364258,55.276248931884766,80.0,0,0,345.4720764160156,0,7.924896240234375,23.04022979736328,23.095670700073242,0,1.034000039100647,0.9067617654800415,50,2.799999952316284,2.9448628425598145,0,0,0,0,1176.9999527455907,0,0,0,0.02214650809764862,0.16589315235614777,-0.18872836232185364,-0.000688701868057251,78.02410888671875,78.10211181640625,683.5097045898438,683.571044921875,683.571044921875,496.2196960449219,0,0,17.37262535095215,0.0010999999940395355,0.02200000174343586,0.03299999609589577,0.04399999603629112,5655.8173828125,114276.53125,0.0429663360118866,0,3.1392715754918754e-05,281.3145446777344,0,0.0002616529818624258,2.8350639695418067e-05,0,0,23.700000762939453,0,0,1600,0,50,0,0,0,50,50,200,0.0,0.0,0.0,0.0
155,156.4144744873047,308.8370361328125,322.41015625,322.3546447753906,295.465576171875,295.5210876464844,16515.818359375,33031.63671875,73.10987091064453,73.11006164550781,1405.585693359375,2798.358642578125,1436.04052734375,2860.622802734375,283.0541687011719,58.21759033203125,-3.697203965202789e-06,0,0,2579.95556640625,1311.1766357421875,0,17.567129135131836,2112.094482421875,12.183479309082031,12.192888259887695,716.6432495117188,1427.3548583984375,55.19268798828125,55.25556564331055,80.0,0,0,345.4645080566406,0,7.924896240234375,23.05436897277832,23.10987663269043,0,1.034000039100647,0.9067617654800415,50,2.799999952316284,2.9456546306610107,0,0,0,0,1176.9999527455907,0,0,0,0.023778371512889862,0.16608455777168274,-0.19052834808826447,-0.0006654141470789909,78.00611114501953,78.08112335205078,683.3904418945312,683.4495239257812,683.4495239257812,496.14849853515625,0,0,17.567129135131836,0.0010999999940395355,0.02200000174343586,0.03299999609589577,0.04399999603629112,5655.8173828125,114276.53125,0.0429663360118866,0,3.1392715754918754e-05,283.1353454589844,0,0.0002616529818624258,2.8350639695418067e-05,0,0,23.700000762939453,0,0,1600,0,50,0,0,0,50,50,200,0.0,0.0,0.0,0.0
156,156.3997802734375,308.81610107421875,322.3877868652344,322.3322448730469,295.4473876953125,295.5029296875,16515.818359375,33031.63671875,73.09014129638672,73.09033203125,1404.483642578125,2796.13720703125,1436.0439453125,2860.619140625,283.032958984375,58.16404724121094,-1.1134892474728986e-06,0,0,2579.9990234375,1311.07470703125,0,17.760047912597656,2111.5517578125,12.181559562683105,12.190934181213379,716.47412109375,1427.012939453125,55.17139434814453,55.2337760925293,80.0,0,0,345.4570007324219,0,7.924896240234375,23.06922149658203,23.12476348876953,0,1.034000039100647,0.9067617654800415,50,2.799999952316284,2.946411371231079,0,0,0,0,1176.9999527455907,0,0,0,0.025417456403374672,0.16626901924610138,-0.1923283338546753,-0.0006418582051992416,77.9885025024414,78.06106567382812,683.2753295898438,683.3323974609375,683.3323974609375,496.0794982910156,0,0,17.760047912597656,0.0010999999940395355,0.02200000174343586,0.03299999609589577,0.04399999603629112,5655.8173828125,114276.53125,0.0429663360118866,0,3.1392715754918754e-05,284.9561462402344,0,0.0002616529818624258,2.8350639695418067e-05,0,0,23.700000762939453,0,0,1600,0,50,0,0,0,50,50,200,0.0,0.0,0.0,0.0
157,156.3851318359375,308.7950439453125,322.36480712890625,322.3092346191406,295.4295654296875,295.4851379394531,16515.818359375,33031.63671875,73.07009887695312,73.07029724121094,1403.4141845703125,2793.98388671875,1436.048828125,2860.614501953125,283.01177978515625,58.1105842590332,3.0356538900377927e-06,0,0,2580.04248046875,1310.970703125,0,17.952651977539062,2111.03125,12.17957878112793,12.188915252685547,716.3164672851562,1426.6915283203125,55.14909362792969,55.21092987060547,80.0,0,0,345.449462890625,0,7.924896240234375,23.08465003967285,23.140226364135742,0,1.034000039100647,0.9067617654800415,50,2.799999952316284,2.9471378326416016,0,0,0,0,1176.9999527455907,0,0,0,0.02706374228000641,0.1664475053548813,-0.19412831962108612,-0.0006170673295855522,77.9714584350586,78.04182434082031,683.1636962890625,683.2190551757812,683.2190551757812,496.0123291015625,0,0,17.952651977539062,0.0010999999940395355,0.02200000174343586,0.03299999609589577,0.04399999603629112,5655.8173828125,114276.53125,0.0429663360118866,0,3.1392715754918754e-05,286.7769470214844,0,0.0002616529818624258,2.8350639695418067e-05,0,0,23.700000762939453,0,0,1600,0,50,0,0,0,50,50,200,0.0,0.0,0.0,0.0
158,156.3705291748047,308.77386474609375,322.3414001464844,322.2857971191406,295.4118957519531,295.467529296875,16515.818359375,33031.63671875,73.04975891113281,73.0499496459961,1402.377685546875,2791.895751953125,1436.0504150390625,2860.612548828125,282.99066162109375,58.05718231201172,-4.790548700839281e-06,0,0,2580.085693359375,1310.865478515625,0,18.146329879760742,2110.53076171875,12.177536964416504,12.18683910369873,716.1642456054688,1426.385986328125,55.12580108642578,55.1871223449707,80.0,0,0,345.4419860839844,0,7.924896240234375,23.1005859375,23.15616226196289,0,1.034000039100647,0.9067617654800415,50,2.799999952316284,2.9478368759155273,0,0,0,0,1176.9999527455907,0,0,0,0.028717227280139923,0.1666206419467926,-0.19592830538749695,-0.0005904324352741241,77.9552230834961,78.0233154296875,683.0556030273438,683.109130859375,683.109130859375,495.9468078613281,0,0,18.146329879760742,0.0010999999940395355,0.02200000174343586,0.03299999609589577,0.04399999603629112,5655.8173828125,114276.53125,0.0429663360118866,0,3.1392715754918754e-05,288.5977478027344,0,0.0002616529818624258,2.8350639695418067e-05,0,0,23.700000762939453,0,0,1600,0,50,0,0,0,50,50,200,0.0,0.0,0.0,0.0
159,156.35594177246094,308.75262451171875,322.317626953125,322.2619934082031,295.39434814453125,295.4500732421875,16515.818359375,33031.63671875,73.02912902832031,73.02933502197266,1401.3746337890625,2789.873291015625,1436.05517578125,2860.60791015625,282.9695129394531,58.00385284423828,-1.5776040527271107e-06,0,0,2580.12890625,1310.7587890625,0,18.338397979736328,2110.05078125,12.175436019897461,12.18470287322998,716.0223388671875,1426.0963134765625,55.10152053833008,55.16233444213867,80.0,0,0,345.43450927734375,0,7.924896240234375,23.11689567565918,23.17250633239746,0,1.034000039100647,0.9067617654800415,50,2.799999952316284,2.948507308959961,0,0,0,0,1176.9999527455907,0,0,0,0.03037789650261402,0.1667880117893219,-0.19772829115390778,-0.0005623782053589821,77.93976593017578,78.00557708740234,682.9510498046875,683.0028686523438,683.0028686523438,495.883056640625,0,0,18.338397979736328,0.0010999999940395355,0.02200000174343586,0.03299999609589577,0.04399999603629112,5655.8173828125,114276.53125,0.0429663360118866,0,3.1392715754918754e-05,290.4185485839844,0,0.0002616529818624258,2.8350639695418067e-05,0,0,23.700000762939453,0,0,1600,0,50,0,0,0,50,50,200,0.0,0.0,0.0,0.0
160,156.34140014648438,308.73126220703125,322.2935485839844,322.23785400390625,295.37689208984375,295.4326477050781,16515.818359375,33031.63671875,73.00823211669922,73.00843048095703,1400.401611328125,2787.9169921875,1436.0574951171875,2860.605712890625,282.94842529296875,57.9505729675293,-1.447293129785976e-06,0,0,2580.172119140625,1310.650634765625,0,18.53156280517578,2109.59228515625,12.1732816696167,12.182511329650879,715.8853759765625,1425.820068359375,55.07627487182617,55.13664245605469,80.0,0,0,345.42706298828125,0,7.924896240234375,23.133512496948242,23.189189910888672,0,1.034000039100647,0.9067617654800415,50,2.799999952316284,2.949148178100586,0,0,0,0,1176.9999527455907,0,0,0,0.03204574063420296,0.16694971919059753,-0.1995282769203186,-0.0005328068509697914,77.92526245117188,77.9886245727539,682.850341796875,682.9002075195312,682.9002075195312,495.8210754394531,0,0,18.53156280517578,0.0010999999940395355,0.02200000174343586,0.03299999609589577,0.04399999603629112,5655.8173828125,114276.53125,0.0429663360118866,0,3.1392715754918754e-05,292.2393493652344,0,0.0002616529818624258,2.8350639695418067e-05,0,0,23.700000762939453,0,0,1600,0,50,0,0,0,50,50,200,0.0,0.0,0.0,0.0
161,156.32687377929688,308.70977783203125,322.2692565917969,322.2135314941406,295.35943603515625,295.41522216796875,16515.818359375,33031.63671875,72.9870834350586,72.9872817993164,1399.4617919921875,2786.024169921875,1436.0545654296875,2860.60888671875,282.9273681640625,57.89735794067383,-2.0755851437570527e-06,0,0,2580.21533203125,1310.541259765625,0,18.721820831298828,2109.15625,12.171072006225586,12.180264472961426,715.7567138671875,1425.55908203125,55.050174713134766,55.109981536865234,80.0,0,0,345.4195861816406,0,7.924896240234375,23.15032958984375,23.20607566833496,0,1.034000039100647,0.9067617654800415,50,2.799999952316284,2.9497580528259277,0,0,0,0,1176.9999527455907,0,0,0,0.033720746636390686,0.16710524260997772,-0.20132826268672943,-0.0005022604018449783,77.91161346435547,77.97250366210938,682.7535400390625,682.8014526367188,682.8014526367188,495.760986328125,0,0,18.721820831298828,0.0010999999940395355,0.02200000174343586,0.03299999609589577,0.04399999603629112,5655.8173828125,114276.53125,0.0429663360118866,0,3.1392715754918754e-05,294.0601501464844,0,0.0002616529818624258,2.8350639695418067e-05,0,0,23.700000762939453,0,0,1600,0,50,0,0,0,50,50,200,0.0,0.0,0.0,0.0
162,156.3123779296875,308.6882019042969,322.2447204589844,322.1889343261719,295.34197998046875,295.3977966308594,16515.818359375,33031.63671875,72.96569061279297,72.96588897705078,1398.5537109375,2784.19482421875,1436.0570068359375,2860.606201171875,282.90631103515625,57.84420394897461,-4.043487933813594e-06,0,0,2580.258056640625,1310.4302978515625,0,18.915924072265625,2108.74267578125,12.168810844421387,12.177966117858887,715.6331176757812,1425.309326171875,55.023128509521484,55.08243942260742,80.0,0,0,345.41217041015625,0,7.924896240234375,23.16745376586914,23.223234176635742,0,1.034000039100647,0.9067617654800415,50,2.799999952316284,2.950336456298828,0,0,0,0,1176.9999527455907,0,0,0,0.03540555015206337,0.16725467145442963,-0.20312824845314026,-0.0004680231213569641,77.89896392822266,77.95721435546875,682.6607666015625,682.7066040039062,682.7066040039062,495.7027893066406,0,0,18.915924072265625,0.0010999999940395355,0.02200000174343586,0.03299999609589577,0.04399999603629112,5655.8173828125,114276.53125,0.0429663360118866,0,3.1392715754918754e-05,295.8809509277344,0,0.0002616529818624258,2.8350639695418067e-05,0,0,23.700000762939453,0,0,1600,0,50,0,0,0,50,50,200,0.0,0.0,0.0,0.0
163,156.2979278564453,308.6665344238281,322.2200012207031,322.1642150878906,295.3244323730469,295.3802490234375,16515.818359375,33031.63671875,72.94406127929688,72.94425964355469,1397.6771240234375,2782.429443359375,1436.05810546875,2860.605224609375,282.88525390625,57.79109573364258,9.607024367142003e-07,0,0,2580.30078125,1310.318603515625,0,19.10980224609375,2108.353759765625,12.166499137878418,12.175617218017578,715.5150756835938,1425.0726318359375,54.99522399902344,55.053993225097656,80.0,0,0,345.4047546386719,0,7.924896240234375,23.18474769592285,23.24052619934082,0,1.034000039100647,0.9067617654800415,50,2.799999952316284,2.950880527496338,0,0,0,0,1176.9999527455907,0,0,0,0.0370948500931263,0.1673973798751831,-0.2049282342195511,-0.00043600425124168396,77.88738250732422,77.94284057617188,682.5723266601562,682.615966796875,682.615966796875,495.64666748046875,0,0,19.10980224609375,0.0010999999940395355,0.02200000174343586,0.03299999609589577,0.04399999603629112,5655.8173828125,114276.53125,0.0429663360118866,0,3.1392715754918754e-05,297.7017517089844,0,0.0002616529818624258,2.8350639695418067e-05,0,0,23.700000762939453,0,0,1600,0,50,0,0,0,50,50,200,0.0,0.0,0.0,0.0
164,156.2834930419922,308.6447448730469,322.19512939453125,322.1393737792969,295.3068542480469,295.3626708984375,16515.818359375,33031.63671875,72.92220306396484,72.92240905761719,1396.83251953125,2780.726806640625,1436.060791015625,2860.6025390625,282.8642883300781,57.73807144165039,-2.5244062271667644e-06,0,0,2580.343505859375,1310.2054443359375,0,19.3007755279541,2107.989990234375,12.164137840270996,12.173219680786133,715.4024047851562,1424.8441162109375,54.96644592285156,55.0246696472168,80.0,0,0,345.3973388671875,0,7.924896240234375,23.20220947265625,23.25798988342285,0,1.034000039100647,0.9067617654800415,50,2.799999952316284,2.951389789581299,0,0,0,0,1176.9999527455907,0,0,0,0.03879127651453018,0.16753323376178741,-0.20672821998596191,-0.0004036976024508476,77.8767318725586,77.92938995361328,682.48828125,682.5297241210938,682.5297241210938,495.5926513671875,0,0,19.3007755279541,0.0010999999940395355,0.02200000174343586,0.03299999609589577,0.04399999603629112,5655.8173828125,114276.53125,0.0429663360118866,0,3.1392715754918754e-05,299.5225524902344,0,0.0002616529818624258,2.8350639695418067e-05,0,0,23.700000762939453,0,0,1600,0,50,0,0,0,50,50,200,0.0,0.0,0.0,0.0
165,156.26913452148438,308.6228942871094,322.1701965332031,322.1144104003906,295.2891540527344,295.344970703125,16515.818359375,33031.63671875,72.90013885498047,72.90034484863281,1396.0172119140625,2779.088134765625,1436.064208984375,2860.59912109375,282.8432922363281,57.68511199951172,3.86761712434236e-06,0,0,2580.385986328125,1310.0911865234375,0,19.491436004638672,2107.65185546875,12.161730766296387,12.170775413513184,715.2969970703125,1424.629150390625,54.936729431152344,54.99454879760742,80.0,0,0,345.3899841308594,0,7.924896240234375,23.21980857849121,23.27558708190918,0,1.034000039100647,0.9067617654800415,50,2.799999952316284,2.9518635272979736,0,0,0,0,1176.9999527455907,0,0,0,0.040494825690984726,0.16766205430030823,-0.2085046023130417,-0.00034771766513586044,77.86727142333984,77.91688537597656,682.4088745117188,682.4479370117188,682.4479370117188,495.5408935546875,0,0,19.491436004638672,0.0010999999940395355,0.02200000174343586,0.03299999609589577,0.04399999603629112,5655.8173828125,114276.53125,0.0429663360118866,0,3.1392715754918754e-05,301.3433532714844,0,0.0002616529818624258,2.8350639695418067e-05,0,0,23.700000762939453,0,0,1600,0,50,0,0,0,50,50,200,0.0,0.0,0.0,0.0
166,156.25485229492188,308.6009521484375,322.1451110839844,322.08935546875,295.2713317871094,295.3271484375,16515.818359375,33031.63671875,72.87786865234375,72.87808227539062,1395.2354736328125,2777.51171875,1436.0672607421875,2860.595947265625,282.8223876953125,57.632266998291016,-4.217331479594577e-06,0,0,2580.428466796875,1309.9757080078125,0,19.6763973236084,2107.34423828125,12.159278869628906,12.168286323547363,715.196533203125,1424.4244384765625,54.90629959106445,54.96347427368164,80.0,0,0,345.38262939453125,0,7.924896240234375,23.23750877380371,23.29328727722168,0,1.034000039100647,0.9067617654800415,50,2.799999952316284,2.95229434967041,0,0,0,0,1176.9999527455907,0,0,0,0.042202841490507126,0.16778242588043213,-0.21024304628372192,-0.00025777705013751984,77.86076354980469,77.905517578125,682.3363037109375,682.3715209960938,682.3715209960938,495.4917297363281,0,0,19.6763973236084,0.0010999999940395355,0.02200000174343586,0.03299999609589577,0.04399999603629112,5655.8173828125,114276.53125,0.0429663360118866,0,3.1392715754918754e-05,303.1641540527344,0,0.0002616529818624258,2.8350639695418067e-05,0,0,23.700000762939453,0,0,1600,0,50,0,0,0,50,50,200,0.0,0.0,0.0,0.0
167,156.24063110351562,308.5789794921875,322.1200256347656,322.0641784667969,295.25341796875,295.30926513671875,16515.818359375,33031.63671875,72.85541534423828,72.85562133789062,1394.4874267578125,2776.00732421875,1436.0692138671875,2860.593994140625,282.8014831542969,57.57952880859375,3.965937594330171e-06,0,0,2580.470458984375,1309.8594970703125,0,19.863658905029297,2107.0859375,12.156782150268555,12.165752410888672,715.1008911132812,1424.231201171875,54.87473678588867,54.931453704833984,80.0,0,0,345.3753356933594,0,7.924896240234375,23.25531005859375,23.3111572265625,0,1.034000039100647,0.9067617654800415,50,2.799999952316284,2.9526562690734863,0,0,0,0,1176.9999527455907,0,0,0,0.043912678956985474,0.16788925230503082,-0.21194757521152496,-0.00014564115554094315,77.85841369628906,77.89596557617188,682.2741088867188,682.3037109375,682.3037109375,495.44683837890625,0,0,19.863658905029297,0.0010999999940395355,0.02200000174343586,0.03299999609589577,0.04399999603629112,5655.8173828125,114276.53125,0.0429663360118866,0,3.1392715754918754e-05,304.9849548339844,0,0.0002616529818624258,2.8350639695418067e-05,0,0,23.700000762939453,0,0,1600,0,50,0,0,0,50,50,200,0.0,0.0,0.0,0.0
168,156.2264862060547,308.55694580078125,322.0948791503906,322.03900146484375,295.2353515625,295.29119873046875,16515.818359375,33031.63671875,72.83277893066406,72.8329849243164,1393.77783203125,2774.5751953125,1436.0643310546875,2860.59912109375,282.7806396484375,57.52693557739258,2.3202967440738576e-06,0,0,2580.5126953125,1309.7421875,0,20.045066833496094,2106.8955078125,12.15424633026123,12.163179397583008,715.0126342773438,1424.053466796875,54.842185974121094,54.89826202392578,80.0,0,0,345.3680725097656,0,7.924896240234375,23.27321434020996,23.3290958404541,0,1.034000039100647,0.9067617654800415,50,2.799999952316284,2.952923059463501,0,0,0,0,1176.9999527455907,0,0,0,0.04562697932124138,0.16797704994678497,-0.2136223465204239,-1.831725239753723e-05,77.86044311523438,77.88893127441406,682.2255249023438,682.2479248046875,682.2479248046875,495.4079284667969,0,0,20.045066833496094,0.0010999999940395355,0.02200000174343586,0.03299999609589577,0.04399999603629112,5655.8173828125,114276.53125,0.0429663360118866,0,3.1392715754918754e-05,306.8057556152344,0,0.0002616529818624258,2.8350639695418067e-05,0,0,23.700000762939453,0,0,1600,0,50,0,0,0,50,50,200,0.0,0.0,0.0,0.0
169,156.2125244140625,308.53497314453125,322.0696716308594,322.0137939453125,295.2171936035156,295.2730407714844,16515.818359375,33031.63671875,72.80997467041016,72.81018829345703,1393.1063232421875,2773.2236328125,1436.0672607421875,2860.595947265625,282.7599182128906,57.474552154541016,7.228778713397332e-07,0,0,2580.553955078125,1309.6243896484375,0,20.221847534179688,2106.78857421875,12.151670455932617,12.160567283630371,714.9318237304688,1423.8880615234375,54.808258056640625,54.863914489746094,80.0,0,0,345.3608703613281,0,7.924896240234375,23.29118537902832,23.34706687927246,0,1.034000039100647,0.9067617654800415,50,2.799999952316284,2.9530727863311768,0,0,0,0,1176.9999527455907,0,0,0,0.0473351813852787,0.16804155707359314,-0.21527154743671417,0.0001051928848028183,77.86668395996094,77.88497924804688,682.192626953125,682.2069702148438,682.2069702148438,495.37646484375,0,0,20.221847534179688,0.0010999999940395355,0.02200000174343586,0.03299999609589577,0.04399999603629112,5655.8173828125,114276.53125,0.0429663360118866,0,3.1392715754918754e-05,308.6265563964844,0,0.0002616529818624258,2.8350639695418067e-05,0,0,23.700000762939453,0,0,1600,0,50,0,0,0,50,50,200,0.0,0.0,0.0,0.0
170,156.19874572753906,308.5130920410156,322.0445556640625,321.9886779785156,295.1988525390625,295.2547607421875,16515.818359375,33031.63671875,72.78703308105469,72.78724670410156,1392.474609375,2771.95166015625,1436.069091796875,2860.593994140625,282.7392883300781,57.422447204589844,-1.003913780550647e-06,0,0,2580.594970703125,1309.5062255859375,0,20.38964080810547,2106.772705078125,12.149059295654297,12.157917976379395,714.8607177734375,1423.74365234375,54.77315902709961,54.828277587890625,80.0,0,0,345.3537292480469,0,7.924896240234375,23.30919075012207,23.36507225036621,0,1.034000039100647,0.9067617654800415,50,2.799999952316284,2.9530951976776123,0,0,0,0,1176.9999527455907,0,0,0,0.049034662544727325,0.16808053851127625,-0.21689866483211517,0.00021654926240444183,77.87635803222656,77.88439178466797,682.1759033203125,682.1822509765625,682.1822509765625,495.3531494140625,0,0,20.38964080810547,0.0010999999940395355,0.02200000174343586,0.03299999609589577,0.04399999603629112,5655.8173828125,114276.53125,0.0429663360118866,0,3.1392715754918754e-05,310.4473571777344,0,0.0002616529818624258,2.8350639695418067e-05,0,0,23.700000762939453,0,0,1600,0,50,0,0,0,50,50,200,0.0,0.0,0.0,0.0
171,156.18527221679688,308.4913635253906,322.01953125,321.963623046875,295.180419921875,295.23638916015625,16515.818359375,33031.63671875,72.76396179199219,72.76417541503906,1391.8819580078125,2770.758056640625,1436.071044921875,2860.59228515625,282.71881103515625,57.37074661254883,-4.958291810908122e-06,0,0,2580.635498046875,1309.3873291015625,0,20.54140853881836,2106.845947265625,12.14641284942627,12.155234336853027,714.8015747070312,1423.623046875,54.736846923828125,54.79143142700195,80.0,0,0,345.3467712402344,0,7.924896240234375,23.32723045349121,23.383146286010742,0,1.034000039100647,0.9067617654800415,50,2.799999952316284,2.9529924392700195,0,0,0,0,1176.9999527455907,0,0,0,0.05072280764579773,0.1680944263935089,-0.21850638091564178,0.0003108568489551544,77.8885726928711,77.88710021972656,682.174560546875,682.1734008789062,682.1734008789062,495.3377990722656,0,0,20.54140853881836,0.0010999999940395355,0.02200000174343586,0.03299999609589577,0.04399999603629112,5655.8173828125,114276.53125,0.0429663360118866,0,3.1392715754918754e-05,312.2681579589844,0,0.0002616529818624258,2.8350639695418067e-05,0,0,23.700000762939453,0,0,1600,0,50,0,0,0,50,50,200,0.0,0.0,0.0,0.0
172,156.172119140625,308.46978759765625,321.9946594238281,321.938720703125,295.1618957519531,295.21783447265625,16515.818359375,33031.63671875,72.74080657958984,72.74102020263672,1391.3255615234375,2769.63818359375,1436.0667724609375,2860.596435546875,282.6985168457031,57.31953430175781,1.641914195715799e-06,0,0,2580.6748046875,1309.2684326171875,0,20.682111740112305,2107.00048828125,12.143735885620117,12.152519226074219,714.7529296875,1423.5235595703125,54.69945526123047,54.75348663330078,80.0,0,0,345.3399353027344,0,7.924896240234375,23.34527015686035,23.40121841430664,0,1.034000039100647,0.9067617654800415,50,2.799999952316284,2.9527759552001953,0,0,0,0,1176.9999527455907,0,0,0,0.0523969903588295,0.16808545589447021,-0.22009670734405518,0.0003857407718896866,77.90262603759766,77.89280700683594,682.1868286132812,682.1791381835938,682.1791381835938,495.3298034667969,0,0,20.682111740112305,0.0010999999940395355,0.02200000174343586,0.03299999609589577,0.04399999603629112,5655.8173828125,114276.53125,0.0429663360118866,0,3.1392715754918754e-05,314.0889587402344,0,0.0002616529818624258,2.8350639695418067e-05,0,0,23.700000762939453,0,0,1600,0,50,0,0,0,50,50,200,0.0,0.0,0.0,0.0
173,156.15936279296875,308.4484558105469,321.9700012207031,321.9140319824219,295.1432800292969,295.19921875,16515.818359375,33031.63671875,72.71759033203125,72.71780395507812,1390.80322265625,2768.588134765625,1436.073486328125,2860.589599609375,282.678466796875,57.26890563964844,1.414693656442978e-06,0,0,2580.713134765625,1309.1494140625,0,20.808713912963867,2107.22412109375,12.141029357910156,12.149774551391602,714.7154541015625,1423.4478759765625,54.66100311279297,54.714595794677734,80.0,0,0,345.3333435058594,0,7.924896240234375,23.36334228515625,23.419292449951172,0,1.034000039100647,0.9067617654800415,50,2.799999952316284,2.952462673187256,0,0,0,0,1176.9999527455907,0,0,0,0.05405198037624359,0.16805671155452728,-0.2216709405183792,0.0004377644509077072,77.91765594482422,77.90107727050781,682.2103881835938,682.1973266601562,682.1973266601562,495.3282470703125,0,0,20.808713912963867,0.0010999999940395355,0.02200000174343586,0.03299999609589577,0.04399999603629112,5655.8173828125,114276.53125,0.0429663360118866,0,3.1392715754918754e-05,315.9097595214844,0,0.0002616529818624258,2.8350639695418067e-05,0,0,23.700000762939453,0,0,1600,0,50,0,0,0,50,50,200,0.0,0.0,0.0,0.0
174,156.14703369140625,308.4273986816406,321.9455261230469,321.8895568847656,295.1246337890625,295.1805725097656,16515.818359375,33031.63671875,72.6943359375,72.6945571899414,1390.3131103515625,2767.60009765625,1436.075927734375,2860.587158203125,282.65869140625,57.21893310546875,-5.236540800979128e-06,0,0,2580.750244140625,1309.03076171875,0,20.926305770874023,2107.502685546875,12.138296127319336,12.147002220153809,714.6903076171875,1423.39404296875,54.62188720703125,54.67481994628906,80.0,0,0,345.3268737792969,0,7.924896240234375,23.38134765625,23.43733024597168,0,1.034000039100647,0.9067617654800415,50,2.799999952316284,2.9520721435546875,0,0,0,0,1176.9999527455907,0,0,0,0.05568516254425049,0.16801229119300842,-0.22322984039783478,0.0004676207900047302,77.93309020996094,77.911376953125,682.24267578125,682.2255859375,682.2255859375,495.3316955566406,0,0,20.926305770874023,0.0010999999940395355,0.02200000174343586,0.03299999609589577,0.04399999603629112,5655.8173828125,114276.53125,0.0429663360118866,0,3.1392715754918754e-05,317.7305603027344,0,0.0002616529818624258,2.8350639695418067e-05,0,0,23.700000762939453,0,0,1600,0,50,0,0,0,50,50,200,0.0,0.0,0.0,0.0
175,156.1351776123047,308.4066467285156,321.92138671875,321.86541748046875,295.10589599609375,295.161865234375,16515.818359375,33031.63671875,72.67108917236328,72.67130279541016,1389.849853515625,2766.669677734375,1436.07666015625,2860.58642578125,282.6391906738281,57.169677734375,1.62007029302913e-06,0,0,2580.785888671875,1308.912353515625,0,21.03325843811035,2107.8212890625,12.135538101196289,12.144206047058105,714.6780395507812,1423.3685302734375,54.581974029541016,54.63445281982422,80.0,0,0,345.3206787109375,0,7.924896240234375,23.3992862701416,23.45526885986328,0,1.034000039100647,0.9067617654800415,50,2.799999952316284,2.9516260623931885,0,0,0,0,1176.9999527455907,0,0,0,0.05729394033551216,0.16795621812343597,-0.22477340698242188,0.0004767514765262604,77.94808959960938,77.92315673828125,682.28076171875,682.2611694335938,682.2611694335938,495.339111328125,0,0,21.03325843811035,0.0010999999940395355,0.02200000174343586,0.03299999609589577,0.04399999603629112,5655.8173828125,114276.53125,0.0429663360118866,0,3.1392715754918754e-05,319.5513610839844,0,0.0002616529818624258,2.8350639695418067e-05,0,0,23.700000762939453,0,0,1600,0,50,0,0,0,50,50,200,0.0,0.0,0.0,0.0
176,156.123779296875,308.38616943359375,321.8976135253906,321.84161376953125,295.0871276855469,295.1430969238281,16515.818359375,33031.63671875,72.64787292480469,72.64808654785156,1389.41259765625,2765.788330078125,1436.0787353515625,2860.58447265625,282.6199645996094,57.12114715576172,1.8750721437754692e-06,0,0,2580.8203125,1308.7943115234375,0,21.134803771972656,2108.162841796875,12.132756233215332,12.141386032104492,714.6776123046875,1423.3646240234375,54.54167938232422,54.593536376953125,80.0,0,0,345.31475830078125,0,7.924896240234375,23.41712188720703,23.4731388092041,0,1.034000039100647,0.9067617654800415,50,2.799999952316284,2.95114803314209,0,0,0,0,1176.9999527455907,0,0,0,0.05888097360730171,0.16789330542087555,-0.22630132734775543,0.0004729572683572769,77.96234130859375,77.93577575683594,682.322021484375,682.3010864257812,682.3010864257812,495.3487243652344,0,0,21.134803771972656,0.0010999999940395355,0.02200000174343586,0.03299999609589577,0.04399999603629112,5655.8173828125,114276.53125,0.0429663360118866,0,3.1392715754918754e-05,321.3721618652344,0,0.0002616529818624258,2.8350639695418067e-05,0,0,23.700000762939453,0,0,1600,0,50,0,0,0,50,50,200,0.0,0.0,0.0,0.0
177,156.1128387451172,308.365966796875,321.87420654296875,321.8181457519531,295.0683288574219,295.1243591308594,16515.818359375,33031.63671875,72.62471771240234,72.62493896484375,1388.99755859375,2764.954345703125,1436.079345703125,2860.583984375,282.6010437011719,57.073360443115234,-1.5664962802475202e-06,0,0,2580.853271484375,1308.6767578125,0,21.230894088745117,2108.5146484375,12.129953384399414,12.138545036315918,714.686279296875,1423.3809814453125,54.50090408325195,54.55228805541992,80.0,0,0,345.30902099609375,0,7.924896240234375,23.43482208251953,23.490873336791992,0,1.034000039100647,0.9067617654800415,50,2.799999952316284,2.950655698776245,0,0,0,0,1176.9999527455907,0,0,0,0.060446299612522125,0.1678270697593689,-0.22781316936016083,0.0004602055996656418,77.97576904296875,77.94878387451172,682.3643798828125,682.3431396484375,682.3431396484375,495.3595886230469,0,0,21.230894088745117,0.0010999999940395355,0.02200000174343586,0.03299999609589577,0.04399999603629112,5655.8173828125,114276.53125,0.0429663360118866,0,3.1392715754918754e-05,323.1929626464844,0,0.0002616529818624258,2.8350639695418067e-05,0,0,23.700000762939453,0,0,1600,0,50,0,0,0,50,50,200,0.0,0.0,0.0,0.0
178,156.10232543945312,308.34600830078125,321.85113525390625,321.7950744628906,295.049560546875,295.1055908203125,16515.818359375,33031.63671875,72.60164642333984,72.60186767578125,1388.6029052734375,2764.16015625,1436.0745849609375,2860.588623046875,282.5823974609375,57.02627182006836,-5.040993073635036e-06,0,0,2580.885009765625,1308.5599365234375,0,21.32964324951172,2108.8662109375,12.127131462097168,12.135685920715332,714.7024536132812,1423.4112548828125,54.45993423461914,54.51078414916992,80.0,0,0,345.30352783203125,0,7.924896240234375,23.4523868560791,23.50843620300293,0,1.034000039100647,0.9067617654800415,50,2.799999952316284,2.9501636028289795,0,0,0,0,1176.9999527455907,0,0,0,0.061989933252334595,0.16776041686534882,-0.22930558025836945,0.00044478289783000946,77.98832702636719,77.96178436279297,682.4063720703125,682.385498046875,682.385498046875,495.3706970214844,0,0,21.32964324951172,0.0010999999940395355,0.02200000174343586,0.03299999609589577,0.04399999603629112,5655.8173828125,114276.53125,0.0429663360118866,0,3.1392715754918754e-05,325.0137634277344,0,0.0002616529818624258,2.8350639695418067e-05,0,0,23.700000762939453,0,0,1600,0,50,0,0,0,50,50,200,0.0,0.0,0.0,0.0
179,156.09222412109375,308.3262939453125,321.8284606933594,321.77239990234375,295.0307922363281,295.0868835449219,16515.818359375,33031.63671875,72.57868957519531,72.57889556884766,1388.2276611328125,2763.40576171875,1436.0755615234375,2860.58740234375,282.56402587890625,56.97986602783203,-2.367144276149702e-07,0,0,2580.915283203125,1308.4434814453125,0,21.428504943847656,2109.212158203125,12.12429141998291,12.132805824279785,714.7257080078125,1423.4561767578125,54.41877365112305,54.46906280517578,80.0,0,0,345.2982482910156,0,7.924896240234375,23.46978187561035,23.52583122253418,0,1.034000039100647,0.9067617654800415,50,2.799999952316284,2.9496798515319824,0,0,0,0,1176.9999527455907,0,0,0,0.06351715326309204,0.1676950603723526,-0.2307741492986679,0.00043806061148643494,78.00042724609375,77.97457122802734,682.4473266601562,682.427001953125,682.427001953125,495.3815612792969,0,0,21.428504943847656,0.0010999999940395355,0.02200000174343586,0.03299999609589577,0.04399999603629112,5655.8173828125,114276.53125,0.0429663360118866,0,3.1392715754918754e-05,326.8345642089844,0,0.0002616529818624258,2.8350639695418067e-05,0,0,23.700000762939453,0,0,1600,0,50,0,0,0,50,50,200,0.0,0.0,0.0,0.0
180,156.08253479003906,308.3067932128906,321.8061828613281,321.7501220703125,295.0120544433594,295.06817626953125,16515.818359375,33031.63671875,72.55583953857422,72.5560531616211,1387.872802734375,2762.687744140625,1436.0833740234375,2860.579833984375,282.5458679199219,56.93408966064453,4.7122307478275616e-06,0,0,2580.944580078125,1308.32763671875,0,21.527545928955078,2109.551513671875,12.121434211730957,12.129910469055176,714.7551879882812,1423.5123291015625,54.377498626708984,54.427154541015625,80.0,0,0,345.2931823730469,0,7.924896240234375,23.48700714111328,23.543058395385742,0,1.034000039100647,0.9067617654800415,50,2.799999952316284,2.9492053985595703,0,0,0,0,1176.9999527455907,0,0,0,0.06502535939216614,0.16763117909431458,-0.2322169840335846,0.000439569354057312,78.01265716552734,77.98711395263672,682.4876098632812,682.467529296875,682.467529296875,495.39202880859375,0,0,21.527545928955078,0.0010999999940395355,0.02200000174343586,0.03299999609589577,0.04399999603629112,5655.8173828125,114276.53125,0.0429663360118866,0,3.1392715754918754e-05,328.6553649902344,0,0.0002616529818624258,2.8350639695418067e-05,0,0,23.700000762939453,0,0,1600,0,50,0,0,0,50,50,200,0.0,0.0,0.0,0.0
181,156.0731964111328,308.2874755859375,321.78424072265625,321.7281188964844,294.993408203125,295.04949951171875,16515.818359375,33031.63671875,72.53311157226562,72.53333282470703,1387.533935546875,2762.010986328125,1436.077880859375,2860.585205078125,282.5279846191406,56.88890075683594,3.414757429709425e-06,0,0,2580.97265625,1308.2125244140625,0,21.631032943725586,2109.8876953125,12.118561744689941,12.126998901367188,714.78759765625,1423.5760498046875,54.3359375,54.38512420654297,80.0,0,0,345.2882995605469,0,7.924896240234375,23.50406265258789,23.5601806640625,0,1.034000039100647,0.9067617654800415,50,2.799999952316284,2.948735475540161,0,0,0,0,1176.9999527455907,0,0,0,0.06651981920003891,0.16756784915924072,-0.23363441228866577,0.00045325979590415955,78.02550506591797,77.99954223632812,682.5281372070312,682.5077514648438,682.5077514648438,495.4024353027344,0,0,21.631032943725586,0.0010999999940395355,0.02200000174343586,0.03299999609589577,0.04399999603629112,5655.8173828125,114276.53125,0.0429663360118866,0,3.1392715754918754e-05,330.4761657714844,0,0.0002616529818624258,2.8350639695418067e-05,0,0,23.700000762939453,0,0,1600,0,50,0,0,0,50,50,200,0.0,0.0,0.0,0.0
182,156.06419372558594,308.268310546875,321.76263427734375,321.7065124511719,294.9747314453125,295.0308532714844,16515.818359375,33031.63671875,72.51053619384766,72.5107421875,1387.2174072265625,2761.373046875,1436.0787353515625,2860.58447265625,282.51031494140625,56.844276428222656,3.0205537768779323e-06,0,0,2580.999755859375,1308.0977783203125,0,21.736400604248047,2110.228515625,12.115674018859863,12.124073028564453,714.8236694335938,1423.6466064453125,54.29417419433594,54.34284591674805,80.0,0,0,345.28363037109375,0,7.924896240234375,23.52098274230957,23.57710075378418,0,1.034000039100647,0.9067617654800415,50,2.799999952316284,2.948259115219116,0,0,0,0,1176.9999527455907,0,0,0,0.06800054758787155,0.16750290989875793,-0.23502691090106964,0.00047655031085014343,78.03926849365234,78.01214599609375,682.5703735351562,682.5490112304688,682.5490112304688,495.4134216308594,0,0,21.736400604248047,0.0010999999940395355,0.02200000174343586,0.03299999609589577,0.04399999603629112,5655.8173828125,114276.53125,0.0429663360118866,0,3.1392715754918754e-05,332.2969665527344,0,0.0002616529818624258,2.8350639695418067e-05,0,0,23.700000762939453,0,0,1600,0,50,0,0,0,50,50,200,0.0,0.0,0.0,0.0
183,156.05551147460938,308.2493591308594,321.7413330078125,321.6852111816406,294.9561767578125,295.0123291015625,16515.818359375,33031.63671875,72.48808288574219,72.48829650878906,1386.9217529296875,2760.777587890625,1436.0799560546875,2860.583251953125,282.49285888671875,56.800167083740234,-4.023481778858695e-06,0,0,2581.02587890625,1307.9840087890625,0,21.8437557220459,2110.58056640625,12.112773895263672,12.121132850646973,714.8623657226562,1423.7218017578125,54.252227783203125,54.30025100708008,80.0,0,0,345.2790832519531,0,7.924896240234375,23.53773307800293,23.593852996826172,0,1.034000039100647,0.9067617654800415,50,2.799999952316284,2.9477672576904297,0,0,0,0,1176.9999527455907,0,0,0,0.06946494430303574,0.16743454337120056,-0.2363949418067932,0.0005045458674430847,78.05418395996094,78.02516174316406,682.615234375,682.5924072265625,682.5924072265625,495.42559814453125,0,0,21.8437557220459,0.0010999999940395355,0.02200000174343586,0.03299999609589577,0.04399999603629112,5655.8173828125,114276.53125,0.0429663360118866,0,3.1392715754918754e-05,334.1177673339844,0,0.0002616529818624258,2.8350639695418067e-05,0,0,23.700000762939453,0,0,1600,0,50,0,0,0,50,50,200,0.0,0.0,0.0,0.0
184,156.04718017578125,308.2305603027344,321.72039794921875,321.6642761230469,294.9376525878906,294.9938049316406,16515.818359375,33031.63671875,72.46578216552734,72.46599578857422,1386.647705078125,2760.225830078125,1436.0870361328125,2860.576171875,282.4756164550781,56.756591796875,-4.176574293524027e-06,0,0,2581.051025390625,1307.8709716796875,0,21.949167251586914,2110.949951171875,12.109861373901367,12.118182182312012,714.9044799804688,1423.80419921875,54.209938049316406,54.25739288330078,80.0,0,0,345.2747497558594,0,7.924896240234375,23.554349899291992,23.6104679107666,0,1.034000039100647,0.9067617654800415,50,2.799999952316284,2.947251558303833,0,0,0,0,1176.9999527455907,0,0,0,0.07091563940048218,0.16736117005348206,-0.23773902654647827,0.0005377829074859619,78.07027435302734,78.03881072998047,682.6637573242188,682.6389770507812,682.6389770507812,495.439453125,0,0,21.949167251586914,0.0010999999940395355,0.02200000174343586,0.03299999609589577,0.04399999603629112,5655.8173828125,114276.53125,0.0429663360118866,0,3.1392715754918754e-05,335.9385681152344,0,0.0002616529818624258,2.8350639695418067e-05,0,0,23.700000762939453,0,0,1600,0,50,0,0,0,50,50,200,0.0,0.0,0.0,0.0
185,156.0391845703125,308.21197509765625,321.6997375488281,321.6435852050781,294.91925048828125,294.97540283203125,16515.818359375,33031.63671875,72.44363403320312,72.44384002685547,1386.3941650390625,2759.718505859375,1436.087890625,2860.575439453125,282.45855712890625,56.713531494140625,-3.437630198277475e-07,0,0,2581.0751953125,1307.7586669921875,0,22.052589416503906,2111.340576171875,12.10693645477295,12.115219116210938,714.948974609375,1423.8916015625,54.16729736328125,54.21422576904297,80.0,0,0,345.2705383300781,0,7.924896240234375,23.5707950592041,23.6269474029541,0,1.034000039100647,0.9067617654800415,50,2.799999952316284,2.9467062950134277,0,0,0,0,1176.9999527455907,0,0,0,0.07235004007816315,0.16728147864341736,-0.23905962705612183,0.0005718916654586792,78.08753204345703,78.05325317382812,682.716552734375,682.6895751953125,682.6895751953125,495.4554138183594,0,0,22.052589416503906,0.0010999999940395355,0.02200000174343586,0.03299999609589577,0.04399999603629112,5655.8173828125,114276.53125,0.0429663360118866,0,3.1392715754918754e-05,337.7593688964844,0,0.0002616529818624258,2.8350639695418067e-05,0,0,23.700000762939453,0,0,1600,0,50,0,0,0,50,50,200,0.0,0.0,0.0,0.0
186,156.03152465820312,308.193603515625,321.67938232421875,321.62322998046875,294.9008483886719,294.95703125,16515.818359375,33031.63671875,72.42163848876953,72.4218521118164,1386.163818359375,2759.254638671875,1436.0887451171875,2860.574462890625,282.44171142578125,56.67101287841797,9.06271054645913e-07,0,0,2581.09814453125,1307.6468505859375,0,22.15270233154297,2111.755615234375,12.104001998901367,12.112247467041016,714.9983520507812,1423.9886474609375,54.12434768676758,54.17072296142578,80.0,0,0,345.26654052734375,0,7.924896240234375,23.587139129638672,23.643291473388672,0,1.034000039100647,0.9067617654800415,50,2.799999952316284,2.94612717628479,0,0,0,0,1176.9999527455907,0,0,0,0.07376815378665924,0.1671946495771408,-0.24035727977752686,0.0006055198609828949,78.10582733154297,78.06859588623047,682.7739868164062,682.7446899414062,682.7446899414062,495.4737243652344,0,0,22.15270233154297,0.0010999999940395355,0.02200000174343586,0.03299999609589577,0.04399999603629112,5655.8173828125,114276.53125,0.0429663360118866,0,3.1392715754918754e-05,339.5801696777344,0,0.0002616529818624258,2.8350639695418067e-05,0,0,23.700000762939453,0,0,1600,0,50,0,0,0,50,50,200,0.0,0.0,0.0,0.0
187,156.0242462158203,308.1754150390625,321.6593322753906,321.6031799316406,294.88262939453125,294.9388122558594,16515.818359375,33031.63671875,72.39981842041016,72.4000244140625,1385.9539794921875,2758.834716796875,1436.089111328125,2860.57421875,282.4250793457031,56.62904357910156,7.355437787737173e-07,0,0,2581.1201171875,1307.5362548828125,0,22.249439239501953,2112.195556640625,12.101058959960938,12.10926628112793,715.0499877929688,1424.0908203125,54.0810546875,54.12691879272461,80.0,0,0,345.2626953125,0,7.924896240234375,23.60338020324707,23.65953254699707,0,1.034000039100647,0.9067617654800415,50,2.799999952316284,2.9455134868621826,0,0,0,0,1176.9999527455907,0,0,0,0.07517001777887344,0.16710054874420166,-0.24163244664669037,0.0006381142884492874,78.12508392333984,78.0848617553711,682.8361206054688,682.804443359375,682.804443359375,495.4944763183594,0,0,22.249439239501953,0.0010999999940395355,0.02200000174343586,0.03299999609589577,0.04399999603629112,5655.8173828125,114276.53125,0.0429663360118866,0,3.1392715754918754e-05,341.4009704589844,0,0.0002616529818624258,2.8350639695418067e-05,0,0,23.700000762939453,0,0,1600,0,50,0,0,0,50,50,200,0.0,0.0,0.0,0.0
188,156.01731872558594,308.157470703125,321.6395568847656,321.5834045410156,294.8644714355469,294.920654296875,16515.818359375,33031.63671875,72.37815856933594,72.37837219238281,1385.765869140625,2758.45703125,1436.08984375,2860.573486328125,282.40869140625,56.587646484375,2.630101562317577e-06,0,0,2581.14111328125,1307.4261474609375,0,22.342735290527344,2112.660888671875,12.09811019897461,12.106277465820312,715.1041259765625,1424.1976318359375,54.037513732910156,54.082801818847656,80.0,0,0,345.2590637207031,0,7.924896240234375,23.61952018737793,23.67567253112793,0,1.034000039100647,0.9067617654800415,50,2.799999952316284,2.9448647499084473,0,0,0,0,1176.9999527455907,0,0,0,0.07655563950538635,0.1669989675283432,-0.24288690090179443,0.0006677135825157166,78.15180206298828,78.10206604003906,682.9080810546875,682.8689575195312,682.8689575195312,495.5176696777344,0,0,22.342735290527344,0.0010999999940395355,0.02200000174343586,0.03299999609589577,0.04399999603629112,5655.8173828125,114276.53125,0.0429663360118866,0,3.1392715754918754e-05,343.2217712402344,0,0.0002616529818624258,2.8350639695418067e-05,0,0,23.700000762939453,0,0,1600,0,50,0,0,0,50,50,200,0.0,0.0,0.0,0.0
189,156.0108184814453,308.1397705078125,321.6200866699219,321.5639343261719,294.846435546875,294.9026184082031,16515.818359375,33031.63671875,72.35667419433594,72.35688781738281,1385.606201171875,2758.13623046875,1436.0904541015625,2860.57275390625,282.3925476074219,56.54685974121094,1.7642873899603728e-06,0,0,2581.160888671875,1307.3175048828125,0,22.42843246459961,2113.195556640625,12.095152854919434,12.103283882141113,715.1634521484375,1424.3148193359375,53.9932746887207,54.03805160522461,80.0,0,0,345.255615234375,0,7.924896240234375,23.635526657104492,23.691679000854492,0,1.034000039100647,0.9067617654800415,50,2.799999952316284,2.944119453430176,0,0,0,0,1176.9999527455907,0,0,0,0.07791981846094131,0.16687774658203125,-0.24411916732788086,0.0006783921271562576,78.16935729980469,78.12183380126953,682.9833374023438,682.9459228515625,682.9459228515625,495.5472412109375,0,0,22.42843246459961,0.0010999999940395355,0.02200000174343586,0.03299999609589577,0.04399999603629112,5655.8173828125,114276.53125,0.0429663360118866,0,3.1392715754918754e-05,345.0425720214844,0,0.0002616529818624258,2.8350639695418067e-05,0,0,23.700000762939453,0,0,1600,0,50,0,0,0,50,50,200,0.0,0.0,0.0,0.0
190,156.0047149658203,308.122314453125,321.6009216308594,321.5447692871094,294.8285217285156,294.88470458984375,16515.818359375,33031.63671875,72.33538055419922,72.3355941772461,1385.4599609375,2757.8427734375,1436.0908203125,2860.572509765625,282.37664794921875,56.50672912597656,5.110194251756184e-06,0,0,2581.1796875,1307.20947265625,0,22.50775909423828,2113.71630859375,12.092192649841309,12.100284576416016,715.2272338867188,1424.4412841796875,53.949127197265625,53.993370056152344,80.0,0,0,345.25238037109375,0,7.924896240234375,23.65146255493164,23.70761489868164,0,1.034000039100647,0.9067617654800415,50,2.799999952316284,2.943394184112549,0,0,0,0,1176.9999527455907,0,0,0,0.07926256954669952,0.1667599231004715,-0.2453300803899765,0.0006924234330654144,78.1889419555664,78.14108276367188,683.0584106445312,683.0206909179688,683.0206909179688,495.5758361816406,0,0,22.50775909423828,0.0010999999940395355,0.02200000174343586,0.03299999609589577,0.04399999603629112,5655.8173828125,114276.53125,0.0429663360118866,0,3.1392715754918754e-05,346.8633728027344,0,0.0002616529818624258,2.8350639695418067e-05,0,0,23.700000762939453,0,0,1600,0,50,0,0,0,50,50,200,0.0,0.0,0.0,0.0
191,155.9990692138672,308.10516357421875,321.5820617675781,321.5259094238281,294.8107604980469,294.866943359375,16515.818359375,33031.63671875,72.31429290771484,72.31449890136719,1385.3369140625,2757.597900390625,1436.0894775390625,2860.57373046875,282.3610534667969,56.46727752685547,-5.117601631354773e-06,0,0,2581.197021484375,1307.10302734375,0,22.581899642944336,2114.27001953125,12.089228630065918,12.097281455993652,715.2942504882812,1424.576904296875,53.9046745300293,53.948360443115234,80.0,0,0,345.2493591308594,0,7.924896240234375,23.66729736328125,23.72344970703125,0,1.034000039100647,0.9067617654800415,50,2.799999952316284,2.9426233768463135,0,0,0,0,1176.9999527455907,0,0,0,0.08058392256498337,0.1666325032711029,-0.24652108550071716,0.0006953347474336624,78.2140121459961,78.16155242919922,683.1429443359375,683.1016235351562,683.1016235351562,495.607666015625,0,0,22.581899642944336,0.0010999999940395355,0.02200000174343586,0.03299999609589577,0.04399999603629112,5655.8173828125,114276.53125,0.0429663360118866,0,3.1392715754918754e-05,348.6841735839844,0,0.0002616529818624258,2.8350639695418067e-05,0,0,23.700000762939453,0,0,1600,0,50,0,0,0,50,50,200,0.0,0.0,0.0,0.0
192,155.9938507080078,308.0883483886719,321.5635986328125,321.5074157714844,294.7931213378906,294.84930419921875,16515.818359375,33031.63671875,72.29340362548828,72.29360961914062,1385.226318359375,2757.376708984375,1436.0911865234375,2860.572021484375,282.3456726074219,56.428497314453125,1.8260901697431109e-06,0,0,2581.213134765625,1306.997314453125,0,22.653491973876953,2114.82568359375,12.086260795593262,12.09427547454834,715.3685913085938,1424.7222900390625,53.86016082763672,53.903316497802734,80.0,0,0,345.24658203125,0,7.924896240234375,23.68299674987793,23.73918342590332,0,1.034000039100647,0.9067617654800415,50,2.799999952316284,2.941850185394287,0,0,0,0,1176.9999527455907,0,0,0,0.08187868446111679,0.16650399565696716,-0.24769137799739838,0.0006913002580404282,78.23249053955078,78.18209838867188,683.222900390625,683.1832275390625,683.1832275390625,495.63995361328125,0,0,22.653491973876953,0.0010999999940395355,0.02200000174343586,0.03299999609589577,0.04399999603629112,5655.8173828125,114276.53125,0.0429663360118866,0,3.1392715754918754e-05,350.5049743652344,0,0.0002616529818624258,2.8350639695418067e-05,0,0,23.700000762939453,0,0,1600,0,50,0,0,0,50,50,200,0.0,0.0,0.0,0.0
193,155.9890594482422,308.0718078613281,321.5454406738281,321.4892578125,294.775634765625,294.83184814453125,16515.818359375,33031.63671875,72.27273559570312,72.27294921875,1385.1292724609375,2757.1826171875,1436.091552734375,2860.57177734375,282.3305969238281,56.390411376953125,-2.479889644746436e-06,0,0,2581.227783203125,1306.893310546875,0,22.719831466674805,2115.365234375,12.083292961120605,12.091270446777344,715.4461669921875,1424.8763427734375,53.81577682495117,53.85841369628906,80.0,0,0,345.2440490722656,0,7.924896240234375,23.69859504699707,23.75478172302246,0,1.034000039100647,0.9067617654800415,50,2.799999952316284,2.9410998821258545,0,0,0,0,1176.9999527455907,0,0,0,0.08315209299325943,0.16637957096099854,-0.2488415390253067,0.0006901267915964127,78.25186920166016,78.20204162597656,683.3013916015625,683.26220703125,683.26220703125,495.671142578125,0,0,22.719831466674805,0.0010999999940395355,0.02200000174343586,0.03299999609589577,0.04399999603629112,5655.8173828125,114276.53125,0.0429663360118866,0,3.1392715754918754e-05,352.3257751464844,0,0.0002616529818624258,2.8350639695418067e-05,0,0,23.700000762939453,0,0,1600,0,50,0,0,0,50,50,200,0.0,0.0,0.0,0.0
194,155.98468017578125,308.05548095703125,321.5276794433594,321.47149658203125,294.75830078125,294.81451416015625,16515.818359375,33031.63671875,72.25231170654297,72.25252532958984,1385.0462646484375,2757.018798828125,1436.091552734375,2860.57177734375,282.3157958984375,56.35298538208008,-1.993140131162363e-06,0,0,2581.241455078125,1306.7896728515625,0,22.784942626953125,2115.899658203125,12.080324172973633,12.088263511657715,715.5266723632812,1425.03662109375,53.77142333984375,53.81355285644531,80.0,0,0,345.2416687011719,0,7.924896240234375,23.7139892578125,23.77017593383789,0,1.034000039100647,0.9067617654800415,50,2.799999952316284,2.940356969833374,0,0,0,0,1176.9999527455907,0,0,0,0.084406778216362,0.1662560999393463,-0.24997200071811676,0.0006908811628818512,78.27155303955078,78.2218017578125,683.3797607421875,683.3406372070312,683.3406372070312,495.7021179199219,0,0,22.784942626953125,0.0010999999940395355,0.02200000174343586,0.03299999609589577,0.04399999603629112,5655.8173828125,114276.53125,0.0429663360118866,0,3.1392715754918754e-05,354.1465759277344,0,0.0002616529818624258,2.8350639695418067e-05,0,0,23.700000762939453,0,0,1600,0,50,0,0,0,50,50,200,0.0,0.0,0.0,0.0
195,155.980712890625,308.0394287109375,321.5102233886719,321.45404052734375,294.7411193847656,294.7973327636719,16515.818359375,33031.63671875,72.23212432861328,72.23233032226562,1384.9779052734375,2756.88427734375,1436.0916748046875,2860.571533203125,282.30120849609375,56.3161735534668,-3.685755245896871e-06,0,0,2581.253662109375,1306.6876220703125,0,22.854389190673828,2116.432861328125,12.07735538482666,12.085256576538086,715.608154296875,1425.1986083984375,53.727108001708984,53.768707275390625,80.0,0,0,345.2395324707031,0,7.924896240234375,23.72931671142578,23.785503387451172,0,1.034000039100647,0.9067617654800415,50,2.799999952316284,2.9396162033081055,0,0,0,0,1176.9999527455907,0,0,0,0.08564277738332748,0.16613273322582245,-0.251083105802536,0.0006924010813236237,78.2914810180664,78.24150848388672,683.458251953125,683.4189453125,683.4189453125,495.7331848144531,0,0,22.854389190673828,0.0010999999940395355,0.02200000174343586,0.03299999609589577,0.04399999603629112,5655.8173828125,114276.53125,0.0429663360118866,0,3.1392715754918754e-05,355.9673767089844,0,0.0002616529818624258,2.8350639695418067e-05,0,0,23.700000762939453,0,0,1600,0,50,0,0,0,50,50,200,0.0,0.0,0.0,0.0
196,155.97711181640625,308.0235900878906,321.49310302734375,321.4368896484375,294.72412109375,294.78033447265625,16515.818359375,33031.63671875,72.21216583251953,72.2123794555664,1384.92529296875,2756.77880859375,1436.09033203125,2860.572998046875,282.286865234375,56.279964447021484,1.334976786893094e-06,0,0,2581.264892578125,1306.5867919921875,0,22.921533584594727,2116.966796875,12.074387550354004,12.082250595092773,715.6917114257812,1425.3670654296875,53.68280792236328,53.7238655090332,80.0,0,0,345.23760986328125,0,7.924896240234375,23.7445068359375,23.80072784423828,0,1.034000039100647,0.9067617654800415,50,2.799999952316284,2.9388747215270996,0,0,0,0,1176.9999527455907,0,0,0,0.08686009049415588,0.1660086214542389,-0.2521752417087555,0.0006934795528650284,78.31144714355469,78.2612533569336,683.5372924804688,683.4977416992188,683.4977416992188,495.7646179199219,0,0,22.921533584594727,0.0010999999940395355,0.02200000174343586,0.03299999609589577,0.04399999603629112,5655.8173828125,114276.53125,0.0429663360118866,0,3.1392715754918754e-05,357.7881774902344,0,0.0002616529818624258,2.8350639695418067e-05,0,0,23.700000762939453,0,0,1600,0,50,0,0,0,50,50,200,0.0,0.0,0.0,0.0
197,155.973876953125,308.00799560546875,321.4762878417969,321.4200744628906,294.707275390625,294.76348876953125,16515.818359375,33031.63671875,72.19244384765625,72.19265747070312,1384.89306640625,2756.7158203125,1436.0904541015625,2860.57275390625,282.27276611328125,56.24433898925781,-4.7171749884000747e-07,0,0,2581.27490234375,1306.4873046875,0,22.99051284790039,2117.530517578125,12.07142162322998,12.07924747467041,715.7759399414062,1425.5347900390625,53.6382942199707,53.678836822509766,80.0,0,0,345.2358703613281,0,7.924896240234375,23.75959587097168,23.81581687927246,0,1.034000039100647,0.9067617654800415,50,2.799999952316284,2.9380924701690674,0,0,0,0,1176.9999527455907,0,0,0,0.08805874735116959,0.16587595641613007,-0.2532496452331543,0.0006850641220808029,78.3360366821289,78.28208923339844,683.6244506835938,683.5819702148438,683.5819702148438,495.7988586425781,0,0,22.99051284790039,0.0010999999940395355,0.02200000174343586,0.03299999609589577,0.04399999603629112,5655.8173828125,114276.53125,0.0429663360118866,0,3.1392715754918754e-05,359.6089782714844,0,0.0002616529818624258,2.8350639695418067e-05,0,0,23.700000762939453,0,0,1600,0,50,0,0,0,50,50,200,0.0,0.0,0.0,0.0
198,155.97105407714844,307.99267578125,321.4598388671875,321.4035949707031,294.6905822753906,294.746826171875,16515.818359375,33031.63671875,72.1729736328125,72.17317962646484,1384.869384765625,2756.671630859375,1436.09814453125,2860.565185546875,282.2588806152344,56.20929718017578,1.5298967355192872e-06,0,0,2581.283935546875,1306.3887939453125,0,23.05866241455078,2118.0888671875,12.068458557128906,12.07624626159668,715.86376953125,1425.7073974609375,53.5938835144043,53.63389205932617,80.0,0,0,345.23431396484375,0,7.924896240234375,23.77448272705078,23.83073616027832,0,1.034000039100647,0.9067617654800415,50,2.799999952316284,2.9373180866241455,0,0,0,0,1176.9999527455907,0,0,0,0.08923615515232086,0.1657443642616272,-0.25430533289909363,0.0006751958280801773,78.35377502441406,78.30272674560547,683.7057495117188,683.66552734375,683.66552734375,495.8329162597656,0,0,23.05866241455078,0.0010999999940395355,0.02200000174343586,0.03299999609589577,0.04399999603629112,5655.8173828125,114276.53125,0.0429663360118866,0,3.1392715754918754e-05,361.4297790527344,0,0.0002616529818624258,2.8350639695418067e-05,0,0,23.700000762939453,0,0,1600,0,50,0,0,0,50,50,200,0.0,0.0,0.0,0.0
199,155.96859741210938,307.9775390625,321.4436950683594,321.3874206542969,294.6741027832031,294.7303466796875,16515.818359375,33031.63671875,72.15374755859375,72.1539535522461,1384.856689453125,2756.650146484375,1436.09228515625,2860.571044921875,282.2452392578125,56.17487335205078,1.933154180733254e-06,0,0,2581.29150390625,1306.291259765625,0,23.119169235229492,2118.624755859375,12.065498352050781,12.073248863220215,715.9522705078125,1425.883056640625,53.54969787597656,53.58918380737305,80.0,0,0,345.23297119140625,0,7.924896240234375,23.78926658630371,23.84555435180664,0,1.034000039100647,0.9067617654800415,50,2.799999952316284,2.936574935913086,0,0,0,0,1176.9999527455907,0,0,0,0.09039755165576935,0.1656186431646347,-0.25534284114837646,0.0006733741611242294,78.37244415283203,78.32254028320312,683.7846069335938,683.745361328125,683.745361328125,495.865234375,0,0,23.119169235229492,0.0010999999940395355,0.02200000174343586,0.03299999609589577,0.04399999603629112,5655.8173828125,114276.53125,0.0429663360118866,0,3.1392715754918754e-05,363.2505798339844,0,0.0002616529818624258,2.8350639695418067e-05,0,0,23.700000762939453,0,0,1600,0,50,0,0,0,50,50,200,0.0,0.0,0.0,0.0
200,155.96649169921875,307.962646484375,321.4278259277344,321.3715515136719,294.6578063964844,294.7140197753906,16515.818359375,33031.63671875,72.13475799560547,72.13496398925781,1384.857666015625,2756.65087890625,1436.0985107421875,2860.564697265625,282.2318420410156,56.14102554321289,4.982704922440462e-06,0,0,2581.29833984375,1306.195068359375,0,23.181440353393555,2119.151123046875,12.062542915344238,12.070256233215332,716.041259765625,1426.060302734375,53.50569534301758,53.54460525512695,80.0,0,0,345.2318115234375,0,7.924896240234375,23.803983688354492,23.860271453857422,0,1.034000039100647,0.9067617654800415,50,2.799999952316284,2.935845375061035,0,0,0,0,1176.9999527455907,0,0,0,0.09154034405946732,0.16549517214298248,-0.25636252760887146,0.0006729718297719955,78.39156341552734,78.34200286865234,683.8627319335938,683.82373046875,683.82373046875,495.8968811035156,0,0,23.181440353393555,0.0010999999940395355,0.02200000174343586,0.03299999609589577,0.04399999603629112,5655.8173828125,114276.53125,0.0429663360118866,0,3.1392715754918754e-05,365.0713806152344,0,0.0002616529818624258,2.8350639695418067e-05,0,0,23.700000762939453,0,0,1600,0,50,0,0,0,50,50,200,0.0,0.0,0.0,0.0
201,155.96475219726562,307.9479675292969,321.41229248046875,321.35601806640625,294.6416320800781,294.6978759765625,16515.818359375,33031.63671875,72.11602783203125,72.11621856689453,1384.8697509765625,2756.6796875,1436.0970458984375,2860.566162109375,282.2186584472656,56.107723236083984,-4.6052491597947665e-06,0,0,2581.303955078125,1306.100341796875,0,23.244293212890625,2119.67431640625,12.059591293334961,12.067266464233398,716.1297607421875,1426.23876953125,53.46175765991211,53.500125885009766,80.0,0,0,345.2308349609375,0,7.924896240234375,23.81852912902832,23.87481689453125,0,1.034000039100647,0.9067617654800415,50,2.799999952316284,2.9351208209991455,0,0,0,0,1176.9999527455907,0,0,0,0.09266714751720428,0.1653723418712616,-0.25736483931541443,0.0006746593862771988,78.41089630126953,78.36134338378906,683.9407348632812,683.9017333984375,683.9017333984375,495.9284973144531,0,0,23.244293212890625,0.0010999999940395355,0.02200000174343586,0.03299999609589577,0.04399999603629112,5655.8173828125,114276.53125,0.0429663360118866,0,3.1392715754918754e-05,366.8921813964844,0,0.0002616529818624258,2.8350639695418067e-05,0,0,23.700000762939453,0,0,1600,0,50,0,0,0,50,50,200,0.0,0.0,0.0,0.0
202,155.96336364746094,307.9335021972656,321.3970031738281,321.3407287597656,294.62567138671875,294.6819152832031,16515.818359375,33031.63671875,72.09752655029297,72.09773254394531,1384.8963623046875,2756.732421875,1436.09765625,2860.565673828125,282.2056579589844,56.07495880126953,3.914482476830017e-06,0,0,2581.308837890625,1306.0064697265625,0,23.307817459106445,2120.197021484375,12.056645393371582,12.06428337097168,716.21923828125,1426.416015625,53.417964935302734,53.4556999206543,80.0,0,0,345.2300109863281,0,7.924896240234375,23.8330078125,23.88929557800293,0,1.034000039100647,0.9067617654800415,50,2.799999952316284,2.9343972206115723,0,0,0,0,1176.9999527455907,0,0,0,0.09377798438072205,0.1652492880821228,-0.25835004448890686,0.0006772354245185852,78.430419921875,78.38066864013672,684.0189819335938,683.9798583984375,683.9798583984375,495.9602966308594,0,0,23.307817459106445,0.0010999999940395355,0.02200000174343586,0.03299999609589577,0.04399999603629112,5655.8173828125,114276.53125,0.0429663360118866,0,3.1392715754918754e-05,368.7129821777344,0,0.0002616529818624258,2.8350639695418067e-05,0,0,23.700000762939453,0,0,1600,0,50,0,0,0,50,50,200,0.0,0.0,0.0,0.0
203,155.9622802734375,307.91925048828125,321.3819885253906,321.32568359375,294.6098937988281,294.6661376953125,16515.818359375,33031.63671875,72.07926940917969,72.07947540283203,1384.93310546875,2756.8115234375,1436.09814453125,2860.565185546875,282.19293212890625,56.04271697998047,-3.689336381285102e-06,0,0,2581.312255859375,1305.9140625,0,23.37069320678711,2120.720458984375,12.053704261779785,12.061306953430176,716.3085327148438,1426.59326171875,53.374088287353516,53.41145706176758,80.0,0,0,345.2293701171875,0,7.924896240234375,23.84738540649414,23.90367317199707,0,1.034000039100647,0.9067617654800415,50,2.799999952316284,2.9336729049682617,0,0,0,0,1176.9999527455907,0,0,0,0.09487026929855347,0.16512571275234222,-0.259318470954895,0.0006775148212909698,78.45008087158203,78.40001678466797,684.0977172851562,684.0582885742188,684.0582885742188,495.9923095703125,0,0,23.37069320678711,0.0010999999940395355,0.02200000174343586,0.03299999609589577,0.04399999603629112,5655.8173828125,114276.53125,0.0429663360118866,0,3.1392715754918754e-05,370.5337829589844,0,0.0002616529818624258,2.8350639695418067e-05,0,0,23.700000762939453,0,0,1600,0,50,0,0,0,50,50,200,0.0,0.0,0.0,0.0
204,155.96153259277344,307.90521240234375,321.3672790527344,321.31097412109375,294.59429931640625,294.6505432128906,16515.818359375,33031.63671875,72.06129455566406,72.06148529052734,1384.9832763671875,2756.915771484375,1436.1025390625,2860.560546875,282.1803283691406,56.01097869873047,1.585459585839999e-06,0,0,2581.31494140625,1305.8206787109375,0,23.434328079223633,2121.244873046875,12.05077075958252,12.05833625793457,716.4160766601562,1426.8096923828125,53.33041000366211,53.36724090576172,80.0,0,0,345.2288818359375,0,7.924896240234375,23.86162757873535,23.91791534423828,0,1.034000039100647,0.9067617654800415,50,2.799999952316284,2.932947874069214,0,0,0,0,1176.9999527455907,0,0,0,0.09594661742448807,0.16500148177146912,-0.26027044653892517,0.0006776489317417145,78.46966552734375,78.41940307617188,684.1766967773438,684.13720703125,684.13720703125,496.0246887207031,0,0,23.434328079223633,0.0010999999940395355,0.02200000174343586,0.03299999609589577,0.04399999603629112,5655.8173828125,114276.53125,0.0429663360118866,0,3.1392715754918754e-05,372.3545837402344,0,0.0002616529818624258,2.8350639695418067e-05,0,0,23.700000762939453,0,0,1600,0,50,0,0,0,50,50,200,0.0,0.0,0.0,0.0
205,155.9610595703125,307.8912658691406,321.3528747558594,321.2966003417969,294.5787658691406,294.635009765625,16515.818359375,33031.63671875,72.04367065429688,72.04386138916016,1385.0457763671875,2757.04296875,1436.1031494140625,2860.56005859375,282.16796875,55.979736328125,-2.694614522624761e-06,0,0,2581.316650390625,1305.7261962890625,0,23.494722366333008,2121.769775390625,12.047844886779785,12.055373191833496,716.5402221679688,1427.05615234375,53.28688430786133,53.3231086730957,80.0,0,0,345.22857666015625,0,7.924896240234375,23.875699996948242,23.931987762451172,0,1.034000039100647,0.9067617654800415,50,2.799999952316284,2.9322221279144287,0,0,0,0,1176.9999527455907,0,0,0,0.09701482951641083,0.16487683355808258,-0.26120617985725403,0.0006854832172393799,78.48934936523438,78.43881225585938,684.2561645507812,684.21630859375,684.21630859375,496.0572814941406,0,0,23.494722366333008,0.0010999999940395355,0.02200000174343586,0.03299999609589577,0.04399999603629112,5655.8173828125,114276.53125,0.0429663360118866,0,3.1392715754918754e-05,374.1753845214844,0,0.0002616529818624258,2.8350639695418067e-05,0,0,23.700000762939453,0,0,1600,0,50,0,0,0,50,50,200,0.0,0.0,0.0,0.0
206,155.96083068847656,307.8774719238281,321.33880615234375,321.28253173828125,294.5633239746094,294.6195983886719,16515.818359375,33031.63671875,72.0263671875,72.02656555175781,1385.1259765625,2757.207763671875,1436.0965576171875,2860.566650390625,282.15576171875,55.94889450073242,8.524521604158508e-07,0,0,2581.31787109375,1305.6331787109375,0,23.56416893005371,2122.326904296875,12.044929504394531,12.052420616149902,716.656005859375,1427.2874755859375,53.24317169189453,53.2789192199707,80.0,0,0,345.2284240722656,0,7.924896240234375,23.88960075378418,23.945890426635742,0,1.034000039100647,0.9067617654800415,50,2.799999952316284,2.931452512741089,0,0,0,0,1176.9999527455907,0,0,0,0.09807232022285461,0.164743110537529,-0.2621268630027771,0.0006885789334774017,78.51411437988281,78.45940399169922,684.3442993164062,684.3012084960938,684.3012084960938,496.0928039550781,0,0,23.56416893005371,0.0010999999940395355,0.02200000174343586,0.03299999609589577,0.04399999603629112,5655.8173828125,114276.53125,0.0429663360118866,0,3.1392715754918754e-05,375.9961853027344,0,0.0002616529818624258,2.8350639695418067e-05,0,0,23.700000762939453,0,0,1600,0,50,0,0,0,50,50,200,0.0,0.0,0.0,0.0
207,155.96090698242188,307.8638916015625,321.3249816894531,321.2687072753906,294.54803466796875,294.60430908203125,16515.818359375,33031.63671875,72.00938415527344,72.00957489013672,1385.2125244140625,2757.38720703125,1436.1014404296875,2860.5615234375,282.1437072753906,55.91843032836914,-1.8951222955365665e-06,0,0,2581.31787109375,1305.5418701171875,0,23.638914108276367,2122.883544921875,12.042023658752441,12.049478530883789,716.7678833007812,1427.511962890625,53.199562072753906,53.234886169433594,80.0,0,0,345.2283935546875,0,7.924896240234375,23.90340232849121,23.95969009399414,0,1.034000039100647,0.9067617654800415,50,2.799999952316284,2.9306838512420654,0,0,0,0,1176.9999527455907,0,0,0,0.09911392629146576,0.1646091639995575,-0.2630314528942108,0.0006916411221027374,78.53255462646484,78.47998046875,684.4276733398438,684.3862915039062,684.3862915039062,496.12847900390625,0,0,23.638914108276367,0.0010999999940395355,0.02200000174343586,0.03299999609589577,0.04399999603629112,5655.8173828125,114276.53125,0.0429663360118866,0,3.1392715754918754e-05,377.8169860839844,0,0.0002616529818624258,2.8350639695418067e-05,0,0,23.700000762939453,0,0,1600,0,50,0,0,0,50,50,200,0.0,0.0,0.0,0.0
208,155.96124267578125,307.85040283203125,321.31134033203125,321.25506591796875,294.53289794921875,294.5891418457031,16515.818359375,33031.63671875,71.99269104003906,71.99288940429688,1385.3099365234375,2757.585205078125,1436.101806640625,2860.561279296875,282.1318054199219,55.88840103149414,-2.2222211555344984e-06,0,0,2581.317626953125,1305.4520263671875,0,23.70270538330078,2123.425537109375,12.039127349853516,12.046546936035156,716.8758544921875,1427.7265625,53.15631103515625,53.191078186035156,80.0,0,0,345.2284851074219,0,7.924896240234375,23.91713523864746,23.97342300415039,0,1.034000039100647,0.9067617654800415,50,2.799999952316284,2.9299356937408447,0,0,0,0,1176.9999527455907,0,0,0,0.10014481842517853,0.1644790768623352,-0.2639217674732208,0.0007021352648735046,78.55889892578125,78.5000228881836,684.5151977539062,684.4688720703125,684.4688720703125,496.1629943847656,0,0,23.70270538330078,0.0010999999940395355,0.02200000174343586,0.03299999609589577,0.04399999603629112,5655.8173828125,114276.53125,0.0429663360118866,0,3.1392715754918754e-05,379.6377868652344,0,0.0002616529818624258,2.8350639695418067e-05,0,0,23.700000762939453,0,0,1600,0,50,0,0,0,50,50,200,0.0,0.0,0.0,0.0
209,155.9618682861328,307.837158203125,321.2980041503906,321.24169921875,294.5178527832031,294.5741271972656,16515.818359375,33031.63671875,71.97628021240234,71.97647857666016,1385.4254150390625,2757.8212890625,1436.101318359375,2860.561767578125,282.1200866699219,55.85881423950195,1.0331712019251427e-06,0,0,2581.31591796875,1305.36328125,0,23.76486587524414,2124.01171875,12.03624153137207,12.043624877929688,716.9807739257812,1427.9364013671875,53.1128044128418,53.14707946777344,80.0,0,0,345.2287292480469,0,7.924896240234375,23.93073272705078,23.98702049255371,0,1.034000039100647,0.9067617654800415,50,2.799999952316284,2.9291272163391113,0,0,0,0,1176.9999527455907,0,0,0,0.10115984827280045,0.16433636844158173,-0.26479634642601013,0.0006998777389526367,78.5763931274414,78.52169036865234,684.6025390625,684.5595092773438,684.5595092773438,496.2016296386719,0,0,23.76486587524414,0.0010999999940395355,0.02200000174343586,0.03299999609589577,0.04399999603629112,5655.8173828125,114276.53125,0.0429663360118866,0,3.1392715754918754e-05,381.4585876464844,0,0.0002616529818624258,2.8350639695418067e-05,0,0,23.700000762939453,0,0,1600,0,50,0,0,0,50,50,200,0.0,0.0,0.0,0.0
210,155.9628143310547,307.8241271972656,321.2848205566406,321.2285461425781,294.5030212402344,294.55926513671875,16515.818359375,33031.63671875,71.96014404296875,71.96034240722656,1385.546142578125,2758.067626953125,1436.10693359375,2860.556396484375,282.1085510253906,55.829708099365234,3.0453970794042107e-06,0,0,2581.31396484375,1305.2763671875,0,23.822643280029297,2124.568603515625,12.033367156982422,12.040714263916016,717.0836791992188,1428.1422119140625,53.069698333740234,53.103485107421875,80.0,0,0,345.2291259765625,0,7.924896240234375,23.94429588317871,24.00058364868164,0,1.034000039100647,0.9067617654800415,50,2.799999952316284,2.9283595085144043,0,0,0,0,1176.9999527455907,0,0,0,0.10215640068054199,0.16420158743858337,-0.26565590500831604,0.0007020793855190277,78.5959243774414,78.54227447509766,684.6873168945312,684.6450805664062,684.6450805664062,496.23785400390625,0,0,23.822643280029297,0.0010999999940395355,0.02200000174343586,0.03299999609589577,0.04399999603629112,5655.8173828125,114276.53125,0.0429663360118866,0,3.1392715754918754e-05,383.2793884277344,0,0.0002616529818624258,2.8350639695418067e-05,0,0,23.700000762939453,0,0,1600,0,50,0,0,0,50,50,200,0.0,0.0,0.0,0.0
211,155.96408081054688,307.811279296875,321.2718811035156,321.2156066894531,294.48834228515625,294.5445861816406,16515.818359375,33031.63671875,71.94429016113281,71.94447326660156,1385.682373046875,2758.34619140625,1436.1004638671875,2860.5625,282.09722900390625,55.80111312866211,-2.173215989387245e-06,0,0,2581.310546875,1305.190185546875,0,23.873159408569336,2125.14599609375,12.030503273010254,12.037816047668457,717.1860961914062,1428.346435546875,53.02658462524414,53.05988693237305,80.0,0,0,345.2297058105469,0,7.924896240234375,23.95782470703125,24.01411247253418,0,1.034000039100647,0.9067617654800415,50,2.799999952316284,2.9275639057159424,0,0,0,0,1176.9999527455907,0,0,0,0.10313970595598221,0.1640605926513672,-0.2665017247200012,0.0006985589861869812,78.62068176269531,78.5636215209961,684.7794799804688,684.7345581054688,684.7345581054688,496.276123046875,0,0,23.873159408569336,0.0010999999940395355,0.02200000174343586,0.03299999609589577,0.04399999603629112,5655.8173828125,114276.53125,0.0429663360118866,0,3.1392715754918754e-05,385.1001892089844,0,0.0002616529818624258,2.8350639695418067e-05,0,0,23.700000762939453,0,0,1600,0,50,0,0,0,50,50,200,0.0,0.0,0.0,0.0
212,155.96568298339844,307.7986755371094,321.2591247558594,321.2028503417969,294.4738464355469,294.53009033203125,16515.818359375,33031.63671875,71.9286880493164,71.92887115478516,1385.8253173828125,2758.634765625,1436.1065673828125,2860.556884765625,282.0860900878906,55.773014068603516,4.324770998209715e-06,0,0,2581.305908203125,1305.10595703125,0,23.925865173339844,2125.716796875,12.027652740478516,12.034927368164062,717.285888671875,1428.54541015625,52.98375701904297,53.01646423339844,80.0,0,0,345.23040771484375,0,7.924896240234375,23.97128677368164,24.02757453918457,0,1.034000039100647,0.9067617654800415,50,2.799999952316284,2.9267776012420654,0,0,0,0,1176.9999527455907,0,0,0,0.10410458594560623,0.16392120718955994,-0.26733291149139404,0.0006928816437721252,78.63905334472656,78.58472442626953,684.8659057617188,684.8230590820312,684.8230590820312,496.31402587890625,0,0,23.925865173339844,0.0010999999940395355,0.02200000174343586,0.03299999609589577,0.04399999603629112,5655.8173828125,114276.53125,0.0429663360118866,0,3.1392715754918754e-05,386.9209899902344,0,0.0002616529818624258,2.8350639695418067e-05,0,0,23.700000762939453,0,0,1600,0,50,0,0,0,50,50,200,0.0,0.0,0.0,0.0
213,155.96762084960938,307.7862854003906,321.24658203125,321.1903076171875,294.4595642089844,294.515869140625,16515.818359375,33031.63671875,71.91334533691406,71.91353607177734,1385.9744873046875,2758.93994140625,1436.1060791015625,2860.55712890625,282.0751647949219,55.74543380737305,4.753933808387956e-06,0,0,2581.301025390625,1305.0228271484375,0,23.97123908996582,2126.26708984375,12.024812698364258,12.032052040100098,717.386962890625,1428.747314453125,52.94120407104492,52.973411560058594,80.0,0,0,345.2313232421875,0,7.924896240234375,23.98474884033203,24.04103660583496,0,1.034000039100647,0.9067617654800415,50,2.799999952316284,2.9260199069976807,0,0,0,0,1176.9999527455907,0,0,0,0.10505104064941406,0.1637871414422989,-0.2681499421596527,0.0006882324814796448,78.65834045410156,78.60507202148438,684.9501342773438,684.908203125,684.908203125,496.3503112792969,0,0,23.97123908996582,0.0010999999940395355,0.02200000174343586,0.03299999609589577,0.04399999603629112,5655.8173828125,114276.53125,0.0429663360118866,0,3.1392715754918754e-05,388.7417907714844,0,0.0002616529818624258,2.8350639695418067e-05,0,0,23.700000762939453,0,0,1600,0,50,0,0,0,50,50,200,0.0,0.0,0.0,0.0
214,155.9698944091797,307.77410888671875,321.2342834472656,321.177978515625,294.44549560546875,294.5018005371094,16515.818359375,33031.63671875,71.89826965332031,71.89845275878906,1386.132080078125,2759.2626953125,1436.1065673828125,2860.556884765625,282.0644836425781,55.718379974365234,2.7628900056697603e-07,0,0,2581.294677734375,1304.94091796875,0,24.0133056640625,2126.80810546875,12.021984100341797,12.029189109802246,717.4868774414062,1428.9456787109375,52.8988151550293,52.93064498901367,80.0,0,0,345.232421875,0,7.924896240234375,23.99814224243164,24.05443000793457,0,1.034000039100647,0.9067617654800415,50,2.799999952316284,2.9252758026123047,0,0,0,0,1176.9999527455907,0,0,0,0.10598168522119522,0.1636553406715393,-0.26895320415496826,0.0006838180124759674,78.67786407470703,78.62506866455078,685.033447265625,684.9918823242188,684.9918823242188,496.38604736328125,0,0,24.0133056640625,0.0010999999940395355,0.02200000174343586,0.03299999609589577,0.04399999603629112,5655.8173828125,114276.53125,0.0429663360118866,0,3.1392715754918754e-05,390.5625915527344,0,0.0002616529818624258,2.8350639695418067e-05,0,0,23.700000762939453,0,0,1600,0,50,0,0,0,50,50,200,0.0,0.0,0.0,0.0
215,155.9724884033203,307.76214599609375,321.22216796875,321.1658935546875,294.431640625,294.4879150390625,16515.818359375,33031.63671875,71.88343811035156,71.88362884521484,1386.2989501953125,2759.6005859375,1436.1065673828125,2860.556884765625,282.053955078125,55.69181442260742,-4.282506779418327e-06,0,0,2581.28759765625,1304.860595703125,0,24.058856964111328,2127.34423828125,12.019169807434082,12.02634048461914,717.5855102539062,1429.14208984375,52.856781005859375,52.888065338134766,80.0,0,0,345.2336730957031,0,7.924896240234375,24.011503219604492,24.067790985107422,0,1.034000039100647,0.9067617654800415,50,2.799999952316284,2.9245386123657227,0,0,0,0,1176.9999527455907,0,0,0,0.1068965420126915,0.1635245978832245,-0.2697429955005646,0.0006781630218029022,78.69733428955078,78.64488983154297,685.1162109375,685.0748901367188,685.0748901367188,496.4215087890625,0,0,24.058856964111328,0.0010999999940395355,0.02200000174343586,0.03299999609589577,0.04399999603629112,5655.8173828125,114276.53125,0.0429663360118866,0,3.1392715754918754e-05,392.3833923339844,0,0.0002616529818624258,2.8350639695418067e-05,0,0,23.700000762939453,0,0,1600,0,50,0,0,0,50,50,200,0.0,0.0,0.0,0.0
216,155.97537231445312,307.7503967285156,321.2102355957031,321.1539611816406,294.41796875,294.4742431640625,16515.818359375,33031.63671875,71.86886596679688,71.8690414428711,1386.473876953125,2759.956787109375,1436.1041259765625,2860.55908203125,282.0436096191406,55.665733337402344,1.1322744057906675e-06,0,0,2581.279541015625,1304.7813720703125,0,24.102577209472656,2127.8759765625,12.016368865966797,12.023504257202148,717.6818237304688,1429.3375244140625,52.814910888671875,52.84571075439453,80.0,0,0,345.2350769042969,0,7.924896240234375,24.02482795715332,24.08111572265625,0,1.034000039100647,0.9067617654800415,50,2.799999952316284,2.9238076210021973,0,0,0,0,1176.9999527455907,0,0,0,0.1077956110239029,0.1633947193622589,-0.270519495010376,0.0006708428263664246,78.71661376953125,78.66455078125,685.1983032226562,685.1573486328125,685.1573486328125,496.456787109375,0,0,24.102577209472656,0.0010999999940395355,0.02200000174343586,0.03299999609589577,0.04399999603629112,5655.8173828125,114276.53125,0.0429663360118866,0,3.1392715754918754e-05,394.2041931152344,0,0.0002616529818624258,2.8350639695418067e-05,0,0,23.700000762939453,0,0,1600,0,50,0,0,0,50,50,200,0.0,0.0,0.0,0.0
217,155.97857666015625,307.73883056640625,321.1985778808594,321.14227294921875,294.4044494628906,294.4607238769531,16515.818359375,33031.63671875,71.85452270507812,71.85470581054688,1386.6585693359375,2760.327880859375,1436.1041259765625,2860.55908203125,282.0334777832031,55.64011764526367,2.9798579816997517e-06,0,0,2581.2705078125,1304.703369140625,0,24.147212982177734,2128.403076171875,12.013580322265625,12.020681381225586,717.7789916992188,1429.5311279296875,52.773311614990234,52.80357360839844,80.0,0,0,345.23663330078125,0,7.924896240234375,24.038053512573242,24.094341278076172,0,1.034000039100647,0.9067617654800415,50,2.799999952316284,2.923083782196045,0,0,0,0,1176.9999527455907,0,0,0,0.1086789071559906,0.1632658988237381,-0.27128300070762634,0.0006618127226829529,78.73560333251953,78.68402862548828,685.27978515625,685.2391357421875,685.2391357421875,496.4918518066406,0,0,24.147212982177734,0.0010999999940395355,0.02200000174343586,0.03299999609589577,0.04399999603629112,5655.8173828125,114276.53125,0.0429663360118866,0,3.1392715754918754e-05,396.0249938964844,0,0.0002616529818624258,2.8350639695418067e-05,0,0,23.700000762939453,0,0,1600,0,50,0,0,0,50,50,200,0.0,0.0,0.0,0.0
218,155.98207092285156,307.72747802734375,321.18707275390625,321.1308288574219,294.3911437988281,294.44744873046875,16515.818359375,33031.63671875,71.8404312133789,71.84061431884766,1386.8489990234375,2760.71728515625,1436.1025390625,2860.560791015625,282.0235290527344,55.61497116088867,1.841252128542692e-06,0,0,2581.2607421875,1304.6263427734375,0,24.188720703125,2128.92431640625,12.010805130004883,12.01787281036377,717.8746337890625,1429.7239990234375,52.73183059692383,52.76172637939453,80.0,0,0,345.23834228515625,0,7.924896240234375,24.05127716064453,24.10753059387207,0,1.034000039100647,0.9067617654800415,50,2.799999952316284,2.922368049621582,0,0,0,0,1176.9999527455907,0,0,0,0.10954644531011581,0.16313837468624115,-0.27203369140625,0.0006511174142360687,78.75423431396484,78.70330047607422,685.3601684570312,685.3201293945312,685.3201293945312,496.5266418457031,0,0,24.188720703125,0.0010999999940395355,0.02200000174343586,0.03299999609589577,0.04399999603629112,5655.8173828125,114276.53125,0.0429663360118866,0,3.1392715754918754e-05,397.8457946777344,0,0.0002616529818624258,2.8350639695418067e-05,0,0,23.700000762939453,0,0,1600,0,50,0,0,0,50,50,200,0.0,0.0,0.0,0.0
219,155.9858856201172,307.7162780761719,321.1758117675781,321.11956787109375,294.3780517578125,294.4343566894531,16515.818359375,33031.63671875,71.82656860351562,71.82675170898438,1387.04833984375,2761.120361328125,1436.108642578125,2860.5546875,282.0137634277344,55.590293884277344,-2.283543381054187e-06,0,0,2581.249755859375,1304.5509033203125,0,24.228485107421875,2129.4384765625,12.008045196533203,12.015077590942383,717.9690551757812,1429.9119873046875,52.690738677978516,52.720062255859375,80.0,0,0,345.2402038574219,0,7.924896240234375,24.06439971923828,24.12065315246582,0,1.034000039100647,0.9067617654800415,50,2.799999952316284,2.9216623306274414,0,0,0,0,1176.9999527455907,0,0,0,0.11040081828832626,0.16301244497299194,-0.27277183532714844,0.0006414391100406647,78.7725830078125,78.7223129272461,685.439697265625,685.4000854492188,685.4000854492188,496.5609436035156,0,0,24.228485107421875,0.0010999999940395355,0.02200000174343586,0.03299999609589577,0.04399999603629112,5655.8173828125,114276.53125,0.0429663360118866,0,3.1392715754918754e-05,399.6665954589844,0,0.0002616529818624258,2.8350639695418067e-05,0,0,23.700000762939453,0,0,1600,0,50,0,0,0,50,50,200,0.0,0.0,0.0,0.0
220,155.989990234375,307.7052917480469,321.16473388671875,321.1084899902344,294.36517333984375,294.42144775390625,16515.818359375,33031.63671875,71.81294250488281,71.81312561035156,1387.25341796875,2761.5390625,1436.1080322265625,2860.55517578125,282.004150390625,55.566078186035156,7.919097555486587e-08,0,0,2581.238037109375,1304.476318359375,0,24.270572662353516,2129.94580078125,12.00529956817627,12.012297630310059,718.0625,1430.0989990234375,52.64985275268555,52.6786994934082,80.0,0,0,345.24224853515625,0,7.924896240234375,24.07752227783203,24.13377571105957,0,1.034000039100647,0.9067617654800415,50,2.799999952316284,2.920966386795044,0,0,0,0,1176.9999527455907,0,0,0,0.11123945564031601,0.16288822889328003,-0.2734975516796112,0.0006301179528236389,78.79060363769531,78.7410659790039,685.5179443359375,685.4789428710938,685.4789428710938,496.5948486328125,0,0,24.270572662353516,0.0010999999940395355,0.02200000174343586,0.03299999609589577,0.04399999603629112,5655.8173828125,114276.53125,0.0429663360118866,0,3.1392715754918754e-05,401.4873962402344,0,0.0002616529818624258,2.8350639695418067e-05,0,0,23.700000762939453,0,0,1600,0,50,0,0,0,50,50,200,0.0,0.0,0.0,0.0
221,155.994384765625,307.6944580078125,321.1538391113281,321.09759521484375,294.35247802734375,294.40875244140625,16515.818359375,33031.63671875,71.79954528808594,71.79972076416016,1387.4659423828125,2761.97119140625,1436.1072998046875,2860.555908203125,281.9947509765625,55.542301177978516,-5.192326170799788e-06,0,0,2581.2255859375,1304.403076171875,0,24.3095760345459,2130.445068359375,12.002569198608398,12.00953197479248,718.1549682617188,1430.2843017578125,52.609214782714844,52.637611389160156,80.0,0,0,345.2444152832031,0,7.924896240234375,24.090576171875,24.146831512451172,0,1.034000039100647,0.9067617654800415,50,2.799999952316284,2.9202821254730225,0,0,0,0,1176.9999527455907,0,0,0,0.11206495016813278,0.16276592016220093,-0.2742111384868622,0.0006197243928909302,78.8082275390625,78.759521484375,685.5949096679688,685.5565795898438,685.5565795898438,496.62823486328125,0,0,24.3095760345459,0.0010999999940395355,0.02200000174343586,0.03299999609589577,0.04399999603629112,5655.8173828125,114276.53125,0.0429663360118866,0,3.1392715754918754e-05,403.3081970214844,0,0.0002616529818624258,2.8350639695418067e-05,0,0,23.700000762939453,0,0,1600,0,50,0,0,0,50,50,200,0.0,0.0,0.0,0.0
222,155.9990692138672,307.6838684082031,321.14312744140625,321.0868835449219,294.3400573730469,294.3962707519531,16515.818359375,33031.63671875,71.786376953125,71.78655242919922,1387.6849365234375,2762.416259765625,1436.108154296875,2860.55517578125,281.9855041503906,55.51897430419922,4.916397756460356e-06,0,0,2581.212158203125,1304.3309326171875,0,24.346925735473633,2130.93603515625,11.999852180480957,12.006783485412598,718.247802734375,1430.468017578125,52.56885528564453,52.59681701660156,80.0,0,0,345.2467346191406,0,7.924896240234375,24.10359764099121,24.15985107421875,0,1.034000039100647,0.9067617654800415,50,2.799999952316284,2.9196090698242188,0,0,0,0,1176.9999527455907,0,0,0,0.11287473142147064,0.16264565289020538,-0.2749127745628357,0.0006076209247112274,78.8255615234375,78.77767181396484,685.670654296875,685.6329345703125,685.6329345703125,496.6610412597656,0,0,24.346925735473633,0.0010999999940395355,0.02200000174343586,0.03299999609589577,0.04399999603629112,5655.8173828125,114276.53125,0.0429663360118866,0,3.1392715754918754e-05,405.1289978027344,0,0.0002616529818624258,2.8350639695418067e-05,0,0,23.700000762939453,0,0,1600,0,50,0,0,0,50,50,200,0.0,0.0,0.0,0.0
223,156.00401306152344,307.67340087890625,321.13262939453125,321.07635498046875,294.3277587890625,294.3840026855469,16515.818359375,33031.63671875,71.77342224121094,71.77359771728516,1387.9105224609375,2762.875732421875,1436.1055908203125,2860.557861328125,281.9764404296875,55.49605941772461,3.3238161449844483e-06,0,0,2581.197998046875,1304.2601318359375,0,24.385326385498047,2131.418701171875,11.997151374816895,12.004047393798828,718.33740234375,1430.650146484375,52.528770446777344,52.55626678466797,80.0,0,0,345.24920654296875,0,7.924896240234375,24.11658477783203,24.17283821105957,0,1.034000039100647,0.9067617654800415,50,2.799999952316284,2.91894793510437,0,0,0,0,1176.9999527455907,0,0,0,0.11367139220237732,0.1625274121761322,-0.2756026089191437,0.0005961991846561432,78.84256744384766,78.79551696777344,685.7450561523438,685.7080078125,685.7080078125,496.6933288574219,0,0,24.385326385498047,0.0010999999940395355,0.02200000174343586,0.03299999609589577,0.04399999603629112,5655.8173828125,114276.53125,0.0429663360118866,0,3.1392715754918754e-05,406.9497985839844,0,0.0002616529818624258,2.8350639695418067e-05,0,0,23.700000762939453,0,0,1600,0,50,0,0,0,50,50,200,0.0,0.0,0.0,0.0
224,156.0092315673828,307.66314697265625,321.122314453125,321.0660705566406,294.315673828125,294.37188720703125,16515.818359375,33031.63671875,71.76068878173828,71.76085662841797,1388.1429443359375,2763.3466796875,1436.1048583984375,2860.558349609375,281.967529296875,55.47357940673828,4.151710072619608e-06,0,0,2581.18310546875,1304.1903076171875,0,24.422163009643555,2131.892822265625,11.994465827941895,12.00132942199707,718.4274291992188,1430.83056640625,52.488983154296875,52.516021728515625,80.0,0,0,345.2518005371094,0,7.924896240234375,24.12950325012207,24.185758590698242,0,1.034000039100647,0.9067617654800415,50,2.799999952316284,2.9182989597320557,0,0,0,0,1176.9999527455907,0,0,0,0.11445493996143341,0.16241130232810974,-0.27628085017204285,0.0005854032933712006,78.85919189453125,78.81304168701172,685.818115234375,685.78173828125,685.78173828125,496.7250061035156,0,0,24.422163009643555,0.0010999999940395355,0.02200000174343586,0.03299999609589577,0.04399999603629112,5655.8173828125,114276.53125,0.0429663360118866,0,3.1392715754918754e-05,408.7705993652344,0,0.0002616529818624258,2.8350639695418067e-05,0,0,23.700000762939453,0,0,1600,0,50,0,0,0,50,50,200,0.0,0.0,0.0,0.0
225,156.01470947265625,307.6530456542969,321.1122131347656,321.0559387207031,294.3037109375,294.35992431640625,16515.818359375,33031.63671875,71.7481689453125,71.74833679199219,1388.381103515625,2763.82861328125,1436.10888671875,2860.554443359375,281.9587707519531,55.451507568359375,3.33302523358725e-06,0,0,2581.167236328125,1304.1214599609375,0,24.46147918701172,2132.358154296875,11.99179744720459,11.998626708984375,718.5155029296875,1431.0091552734375,52.44953536987305,52.476051330566406,80.0,0,0,345.2545471191406,0,7.924896240234375,24.14235496520996,24.1986083984375,0,1.034000039100647,0.9067617654800415,50,2.799999952316284,2.9176619052886963,0,0,0,0,1176.9999527455907,0,0,0,0.11522538214921951,0.1622973382472992,-0.27694767713546753,0.0005750544369220734,78.8756103515625,78.83024597167969,685.8898315429688,685.8541259765625,685.8541259765625,496.7560729980469,0,0,24.46147918701172,0.0010999999940395355,0.02200000174343586,0.03299999609589577,0.04399999603629112,5655.8173828125,114276.53125,0.0429663360118866,0,3.1392715754918754e-05,410.5914001464844,0,0.0002616529818624258,2.8350639695418067e-05,0,0,23.700000762939453,0,0,1600,0,50,0,0,0,50,50,200,0.0,0.0,0.0,0.0
226,156.0204620361328,307.6430969238281,321.10223388671875,321.0460205078125,294.2919616699219,294.34814453125,16515.818359375,33031.63671875,71.73584747314453,71.73602294921875,1388.624755859375,2764.32421875,1436.1097412109375,2860.5537109375,281.9501953125,55.42982864379883,-1.456269728805637e-06,0,0,2581.150634765625,1304.0537109375,0,24.49789047241211,2132.815673828125,11.989142417907715,11.995940208435059,718.60498046875,1431.18603515625,52.410301208496094,52.436378479003906,80.0,0,0,345.2574462890625,0,7.924896240234375,24.15520668029785,24.21142578125,0,1.034000039100647,0.9067617654800415,50,2.799999952316284,2.9170360565185547,0,0,0,0,1176.9999527455907,0,0,0,0.11598272621631622,0.16218529641628265,-0.27760326862335205,0.0005647614598274231,78.89167022705078,78.84716033935547,685.9603271484375,685.9252319335938,685.9252319335938,496.7866516113281,0,0,24.49789047241211,0.0010999999940395355,0.02200000174343586,0.03299999609589577,0.04399999603629112,5655.8173828125,114276.53125,0.0429663360118866,0,3.1392715754918754e-05,412.4122009277344,0,0.0002616529818624258,2.8350639695418067e-05,0,0,23.700000762939453,0,0,1600,0,50,0,0,0,50,50,200,0.0,0.0,0.0,0.0
227,156.0264434814453,307.63330078125,321.0924377441406,321.0362243652344,294.2803955078125,294.3365783691406,16515.818359375,33031.63671875,71.7237319946289,71.7238998413086,1388.8724365234375,2764.83203125,1436.108154296875,2860.554931640625,281.9417724609375,55.408538818359375,-1.6144737458034797e-07,0,0,2581.133056640625,1303.98681640625,0,24.534189224243164,2133.2646484375,11.986506462097168,11.993269920349121,718.6907958984375,1431.3592529296875,52.371315002441406,52.39704513549805,80.0,0,0,345.26043701171875,0,7.924896240234375,24.16798973083496,24.224210739135742,0,1.034000039100647,0.9067617654800415,50,2.799999952316284,2.916422128677368,0,0,0,0,1176.9999527455907,0,0,0,0.11672957986593246,0.16207538545131683,-0.2782478332519531,0.00055713951587677,78.90751647949219,78.86376190185547,686.0294799804688,685.9950561523438,685.9950561523438,496.8166198730469,0,0,24.534189224243164,0.0010999999940395355,0.02200000174343586,0.03299999609589577,0.04399999603629112,5655.8173828125,114276.53125,0.0429663360118866,0,3.1392715754918754e-05,414.2330017089844,0,0.0002616529818624258,2.8350639695418067e-05,0,0,23.700000762939453,0,0,1600,0,50,0,0,0,50,50,200,0.0,0.0,0.0,0.0
228,156.03268432617188,307.62371826171875,321.0827941894531,321.0265808105469,294.26904296875,294.3252258300781,16515.818359375,33031.63671875,71.7118148803711,71.71198272705078,1389.1282958984375,2765.35009765625,1436.106201171875,2860.556884765625,281.9334716796875,55.38762283325195,4.893461209576344e-06,0,0,2581.115234375,1303.9212646484375,0,24.570398330688477,2133.706298828125,11.983884811401367,11.990616798400879,718.7763061523438,1431.5325927734375,52.332698822021484,52.357940673828125,80.0,0,0,345.2635803222656,0,7.924896240234375,24.18077278137207,24.23699378967285,0,1.034000039100647,0.9067617654800415,50,2.799999952316284,2.915818452835083,0,0,0,0,1176.9999527455907,0,0,0,0.11746077239513397,0.16196729242801666,-0.2788815498352051,0.0005465224385261536,78.92315673828125,78.88008880615234,686.0975952148438,686.0636596679688,686.0636596679688,496.8460693359375,0,0,24.570398330688477,0.0010999999940395355,0.02200000174343586,0.03299999609589577,0.04399999603629112,5655.8173828125,114276.53125,0.0429663360118866,0,3.1392715754918754e-05,416.0538024902344,0,0.0002616529818624258,2.8350639695418067e-05,0,0,23.700000762939453,0,0,1600,0,50,0,0,0,50,50,200,0.0,0.0,0.0,0.0
229,156.0391387939453,307.6142578125,321.0733337402344,321.0171203613281,294.25787353515625,294.3140869140625,16515.818359375,33031.63671875,71.70010375976562,71.70027160644531,1389.3892822265625,2765.879638671875,1436.10693359375,2860.556396484375,281.92535400390625,55.3670768737793,2.4917135306168348e-06,0,0,2581.0966796875,1303.856689453125,0,24.607927322387695,2134.14111328125,11.981280326843262,11.987979888916016,718.8618774414062,1431.701904296875,52.294342041015625,52.31913375854492,80.0,0,0,345.2668151855469,0,7.924896240234375,24.19345474243164,24.249675750732422,0,1.034000039100647,0.9067617654800415,50,2.799999952316284,2.915224552154541,0,0,0,0,1176.9999527455907,0,0,0,0.11818146705627441,0.16186091303825378,-0.27950456738471985,0.0005378052592277527,78.9384765625,78.89615631103516,686.1644897460938,686.1312255859375,686.1312255859375,496.8750915527344,0,0,24.607927322387695,0.0010999999940395355,0.02200000174343586,0.03299999609589577,0.04399999603629112,5655.8173828125,114276.53125,0.0429663360118866,0,3.1392715754918754e-05,417.8746032714844,0,0.0002616529818624258,2.8350639695418067e-05,0,0,23.700000762939453,0,0,1600,0,50,0,0,0,50,50,200,0.0,0.0,0.0,0.0
230,156.04583740234375,307.60491943359375,321.0640869140625,321.00787353515625,294.2468566894531,294.30303955078125,16515.818359375,33031.63671875,71.68858337402344,71.6887435913086,1389.65576171875,2766.42041015625,1436.10595703125,2860.55712890625,281.9173583984375,55.346893310546875,2.107028421960422e-06,0,0,2581.0771484375,1303.792724609375,0,24.64270782470703,2134.568115234375,11.978692054748535,11.985360145568848,718.9453125,1431.8695068359375,52.256256103515625,52.2806282043457,80.0,0,0,345.27020263671875,0,7.924896240234375,24.20610237121582,24.2623233795166,0,1.034000039100647,0.9067617654800415,50,2.799999952316284,2.9146411418914795,0,0,0,0,1176.9999527455907,0,0,0,0.11889169365167618,0.16175635159015656,-0.28011706471443176,0.0005309656262397766,78.95362091064453,78.91194915771484,686.2304077148438,686.1975708007812,686.1975708007812,496.903564453125,0,0,24.64270782470703,0.0010999999940395355,0.02200000174343586,0.03299999609589577,0.04399999603629112,5655.8173828125,114276.53125,0.0429663360118866,0,3.1392715754918754e-05,419.6954040527344,0,0.0002616529818624258,2.8350639695418067e-05,0,0,23.700000762939453,0,0,1600,0,50,0,0,0,50,50,200,0.0,0.0,0.0,0.0
231,156.05276489257812,307.5957336425781,321.054931640625,320.9987487792969,294.2360534667969,294.292236328125,16515.818359375,33031.63671875,71.67724609375,71.67742156982422,1389.927978515625,2766.970703125,1436.1116943359375,2860.551513671875,281.9095153808594,55.327064514160156,2.577391114755301e-06,0,0,2581.056640625,1303.72998046875,0,24.678850173950195,2134.989501953125,11.976122856140137,11.982758522033691,719.0281372070312,1432.03515625,52.21854019165039,52.24238204956055,80.0,0,0,345.273681640625,0,7.924896240234375,24.21875,24.27493667602539,0,1.034000039100647,0.9067617654800415,50,2.799999952316284,2.9140660762786865,0,0,0,0,1176.9999527455907,0,0,0,0.11959143728017807,0.16165326535701752,-0.28071925044059753,0.0005254559218883514,78.96865844726562,78.92752075195312,686.2954711914062,686.2630615234375,686.2630615234375,496.9316711425781,0,0,24.678850173950195,0.0010999999940395355,0.02200000174343586,0.03299999609589577,0.04399999603629112,5655.8173828125,114276.53125,0.0429663360118866,0,3.1392715754918754e-05,421.5162048339844,0,0.0002616529818624258,2.8350639695418067e-05,0,0,23.700000762939453,0,0,1600,0,50,0,0,0,50,50,200,0.0,0.0,0.0,0.0
232,156.05990600585938,307.586669921875,321.04595947265625,320.9897766113281,294.22540283203125,294.28155517578125,16515.818359375,33031.63671875,71.66610717773438,71.66626739501953,1390.203369140625,2767.53271484375,1436.10400390625,2860.55908203125,281.90179443359375,55.30756759643555,4.1675431816656783e-07,0,0,2581.036376953125,1303.6680908203125,0,24.715038299560547,2135.4052734375,11.9735689163208,11.98017406463623,719.1082763671875,1432.197021484375,52.18096160888672,52.204498291015625,80.0,0,0,345.27728271484375,0,7.924896240234375,24.23133087158203,24.287517547607422,0,1.034000039100647,0.9067617654800415,50,2.799999952316284,2.913498640060425,0,0,0,0,1176.9999527455907,0,0,0,0.12028072029352188,0.16155147552490234,-0.2813112735748291,0.0005209408700466156,78.98359680175781,78.9428939819336,686.3596801757812,686.3276977539062,686.3276977539062,496.9594421386719,0,0,24.715038299560547,0.0010999999940395355,0.02200000174343586,0.03299999609589577,0.04399999603629112,5655.8173828125,114276.53125,0.0429663360118866,0,3.1392715754918754e-05,423.3370056152344,0,0.0002616529818624258,2.8350639695418067e-05,0,0,23.700000762939453,0,0,1600,0,50,0,0,0,50,50,200,0.0,0.0,0.0,0.0
233,156.06729125976562,307.5777587890625,321.037109375,320.98095703125,294.21490478515625,294.27105712890625,16515.818359375,33031.63671875,71.65514373779297,71.6552963256836,1390.486328125,2768.1044921875,1436.1094970703125,2860.5537109375,281.89422607421875,55.28841781616211,-2.050850525847636e-06,0,0,2581.014404296875,1303.6068115234375,0,24.74724769592285,2135.816650390625,11.971033096313477,11.977606773376465,719.18798828125,1432.3568115234375,52.143760681152344,52.16682052612305,80.0,0,0,345.281005859375,0,7.924896240234375,24.24390983581543,24.30006217956543,0,1.034000039100647,0.9067617654800415,50,2.799999952316284,2.912937641143799,0,0,0,0,1176.9999527455907,0,0,0,0.12095954269170761,0.16145075857639313,-0.2818932831287384,0.0005170181393623352,78.99846649169922,78.95809936523438,686.4234008789062,686.3916015625,686.3916015625,496.9869079589844,0,0,24.74724769592285,0.0010999999940395355,0.02200000174343586,0.03299999609589577,0.04399999603629112,5655.8173828125,114276.53125,0.0429663360118866,0,3.1392715754918754e-05,425.1578063964844,0,0.0002616529818624258,2.8350639695418067e-05,0,0,23.700000762939453,0,0,1600,0,50,0,0,0,50,50,200,0.0,0.0,0.0,0.0
234,156.0748748779297,307.5690002441406,321.02838134765625,320.97222900390625,294.2045593261719,294.2607116699219,16515.818359375,33031.63671875,71.64434051513672,71.64450073242188,1390.7733154296875,2768.6865234375,1436.108642578125,2860.5546875,281.8867492675781,55.26960372924805,4.06728850066429e-06,0,0,2580.99267578125,1303.5469970703125,0,24.779521942138672,2136.224365234375,11.968515396118164,11.975058555603027,719.2667236328125,1432.5147705078125,52.10682678222656,52.12943649291992,80.0,0,0,345.28485107421875,0,7.924896240234375,24.25645637512207,24.31260871887207,0,1.034000039100647,0.9067617654800415,50,2.799999952316284,2.912381410598755,0,0,0,0,1176.9999527455907,0,0,0,0.12162533402442932,0.1613507717847824,-0.28246551752090454,0.000510580837726593,79.01325988769531,78.97317504882812,686.4866333007812,686.455078125,686.455078125,497.0142517089844,0,0,24.779521942138672,0.0010999999940395355,0.02200000174343586,0.03299999609589577,0.04399999603629112,5655.8173828125,114276.53125,0.0429663360118866,0,3.1392715754918754e-05,426.9786071777344,0,0.0002616529818624258,2.8350639695418067e-05,0,0,23.700000762939453,0,0,1600,0,50,0,0,0,50,50,200,0.0,0.0,0.0,0.0
235,156.0826873779297,307.5604248046875,321.01983642578125,320.96368408203125,294.1943664550781,294.2505187988281,16515.818359375,33031.63671875,71.63372802734375,71.6338882446289,1391.06494140625,2769.281005859375,1436.1058349609375,2860.557373046875,281.87945556640625,55.251129150390625,-1.919291662488831e-06,0,0,2580.9697265625,1303.4879150390625,0,24.810523986816406,2136.6279296875,11.966015815734863,11.972525596618652,719.3455200195312,1432.6759033203125,52.07012176513672,52.09233093261719,80.0,0,0,345.2887878417969,0,7.924896240234375,24.26893424987793,24.32508659362793,0,1.034000039100647,0.9067617654800415,50,2.799999952316284,2.9118316173553467,0,0,0,0,1176.9999527455907,0,0,0,0.12227808684110641,0.16125164926052094,-0.2830282151699066,0.0005015283823013306,79.0276870727539,78.98809051513672,686.5492553710938,686.5180053710938,686.5180053710938,497.0413818359375,0,0,24.810523986816406,0.0010999999940395355,0.02200000174343586,0.03299999609589577,0.04399999603629112,5655.8173828125,114276.53125,0.0429663360118866,0,3.1392715754918754e-05,428.7994079589844,0,0.0002616529818624258,2.8350639695418067e-05,0,0,23.700000762939453,0,0,1600,0,50,0,0,0,50,50,200,0.0,0.0,0.0,0.0
236,156.09071350097656,307.552001953125,321.011474609375,320.955322265625,294.1842956542969,294.2404479980469,16515.818359375,33031.63671875,71.62328338623047,71.62344360351562,1391.3614501953125,2769.883544921875,1436.104736328125,2860.55859375,281.87225341796875,55.23298263549805,-4.821434913537814e-07,0,0,2580.946533203125,1303.4295654296875,0,24.841638565063477,2137.026123046875,11.963533401489258,11.970013618469238,719.4246215820312,1432.835205078125,52.033714294433594,52.0555305480957,80.0,0,0,345.2928466796875,0,7.924896240234375,24.28137969970703,24.33753204345703,0,1.034000039100647,0.9067617654800415,50,2.799999952316284,2.9112887382507324,0,0,0,0,1176.9999527455907,0,0,0,0.12292040884494781,0.16115382313728333,-0.2835814356803894,0.0004927888512611389,79.04179382324219,79.00281524658203,686.6107788085938,686.5801391601562,686.5801391601562,497.0681457519531,0,0,24.841638565063477,0.0010999999940395355,0.02200000174343586,0.03299999609589577,0.04399999603629112,5655.8173828125,114276.53125,0.0429663360118866,0,3.1392715754918754e-05,430.6202087402344,0,0.0002616529818624258,2.8350639695418067e-05,0,0,23.700000762939453,0,0,1600,0,50,0,0,0,50,50,200,0.0,0.0,0.0,0.0
237,156.0989532470703,307.5436096191406,321.00323486328125,320.9471130371094,294.1744079589844,294.2305603027344,16515.818359375,33031.63671875,71.6130142211914,71.61316680908203,1391.66259765625,2770.493408203125,1436.1099853515625,2860.553466796875,281.8652038574219,55.21516036987305,-2.838010232153465e-06,0,0,2580.92236328125,1303.3720703125,0,24.87422752380371,2137.41796875,11.96107006072998,11.967520713806152,719.5016479492188,1432.9901123046875,51.99762725830078,52.019039154052734,80.0,0,0,345.2970275878906,0,7.924896240234375,24.293790817260742,24.34990882873535,0,1.034000039100647,0.9067617654800415,50,2.799999952316284,2.910755157470703,0,0,0,0,1176.9999527455907,0,0,0,0.1235574409365654,0.16105757653713226,-0.28412529826164246,0.0004897154867649078,79.05574035644531,79.01730346679688,686.6715087890625,686.6412353515625,686.6412353515625,497.09454345703125,0,0,24.87422752380371,0.0010999999940395355,0.02200000174343586,0.03299999609589577,0.04399999603629112,5655.8173828125,114276.53125,0.0429663360118866,0,3.1392715754918754e-05,432.4410095214844,0,0.0002616529818624258,2.8350639695418067e-05,0,0,23.700000762939453,0,0,1600,0,50,0,0,0,50,50,200,0.0,0.0,0.0,0.0
238,156.1073760986328,307.5353698730469,320.9951171875,320.9389953613281,294.1646423339844,294.22076416015625,16515.818359375,33031.63671875,71.60289764404297,71.60305786132812,1391.96826171875,2771.112548828125,1436.109619140625,2860.5537109375,281.8582763671875,55.19765090942383,-9.417968271918653e-08,0,0,2580.897705078125,1303.3153076171875,0,24.905609130859375,2137.80517578125,11.958624839782715,11.965044975280762,719.5768432617188,1433.140380859375,51.961875915527344,51.98280715942383,80.0,0,0,345.3013000488281,0,7.924896240234375,24.30616569519043,24.362285614013672,0,1.034000039100647,0.9067617654800415,50,2.799999952316284,2.9102280139923096,0,0,0,0,1176.9999527455907,0,0,0,0.12418404966592789,0.16096250712871552,-0.2846599817276001,0.00048658624291419983,79.06974792480469,79.0316162109375,686.7316284179688,686.7015991210938,686.7015991210938,497.12054443359375,0,0,24.905609130859375,0.0010999999940395355,0.02200000174343586,0.03299999609589577,0.04399999603629112,5655.8173828125,114276.53125,0.0429663360118866,0,3.1392715754918754e-05,434.2618103027344,0,0.0002616529818624258,2.8350639695418067e-05,0,0,23.700000762939453,0,0,1600,0,50,0,0,0,50,50,200,0.0,0.0,0.0,0.0
239,156.1160125732422,307.52728271484375,320.9871520996094,320.9310302734375,294.155029296875,294.2111511230469,16515.818359375,33031.63671875,71.59294891357422,71.59310150146484,1392.27734375,2771.741943359375,1436.1077880859375,2860.555419921875,281.8514709472656,55.18044662475586,-4.048402843181975e-06,0,0,2580.87255859375,1303.2596435546875,0,24.935829162597656,2138.189208984375,11.956197738647461,11.9625883102417,719.650390625,1433.28955078125,51.926292419433594,51.946903228759766,80.0,0,0,345.3056640625,0,7.924896240234375,24.318510055541992,24.3746280670166,0,1.034000039100647,0.9067617654800415,50,2.799999952316284,2.90970516204834,0,0,0,0,1176.9999527455907,0,0,0,0.12480024248361588,0.1608680933713913,-0.28518569469451904,0.00048265233635902405,79.08368682861328,79.04581451416016,686.7913818359375,686.7615356445312,686.7615356445312,497.14642333984375,0,0,24.935829162597656,0.0010999999940395355,0.02200000174343586,0.03299999609589577,0.04399999603629112,5655.8173828125,114276.53125,0.0429663360118866,0,3.1392715754918754e-05,436.0826110839844,0,0.0002616529818624258,2.8350639695418067e-05,0,0,23.700000762939453,0,0,1600,0,50,0,0,0,50,50,200,0.0,0.0,0.0,0.0
240,156.12484741210938,307.519287109375,320.979248046875,320.9231262207031,294.1456298828125,294.20172119140625,16515.818359375,33031.63671875,71.5831527709961,71.58330535888672,1392.59228515625,2772.38037109375,1436.1070556640625,2860.55615234375,281.8447570800781,55.1635627746582,-1.740913603498484e-06,0,0,2580.846923828125,1303.20458984375,0,24.96352195739746,2138.570556640625,11.953789710998535,11.960148811340332,719.7246704101562,1433.4385986328125,51.891090393066406,51.911216735839844,80.0,0,0,345.3101501464844,0,7.924896240234375,24.33088493347168,24.387004852294922,0,1.034000039100647,0.9067617654800415,50,2.799999952316284,2.909186601638794,0,0,0,0,1176.9999527455907,0,0,0,0.12540599703788757,0.16077430546283722,-0.28570258617401123,0.0004777349531650543,79.09748077392578,79.05990600585938,686.8506469726562,686.8211059570312,686.8211059570312,497.17218017578125,0,0,24.96352195739746,0.0010999999940395355,0.02200000174343586,0.03299999609589577,0.04399999603629112,5655.8173828125,114276.53125,0.0429663360118866,0,3.1392715754918754e-05,437.9034118652344,0,0.0002616529818624258,2.8350639695418067e-05,0,0,23.700000762939453,0,0,1600,0,50,0,0,0,50,50,200,0.0,0.0,0.0,0.0
241,156.13389587402344,307.511474609375,320.9715576171875,320.9154357910156,294.13629150390625,294.1924133300781,16515.818359375,33031.63671875,71.5735092163086,71.57366943359375,1392.910888671875,2773.025634765625,1436.106201171875,2860.556884765625,281.83819580078125,55.14698028564453,3.923249551007757e-06,0,0,2580.820556640625,1303.1502685546875,0,24.991395950317383,2138.947998046875,11.951400756835938,11.957730293273926,719.7991333007812,1433.588134765625,51.856136322021484,51.875858306884766,80.0,0,0,345.3147277832031,0,7.924896240234375,24.34316062927246,24.39927864074707,0,1.034000039100647,0.9067617654800415,50,2.799999952316284,2.908673048019409,0,0,0,0,1176.9999527455907,0,0,0,0.12600134313106537,0.16068127751350403,-0.2862107753753662,0.00047184526920318604,79.11111450195312,79.07386016845703,686.9094848632812,686.8801879882812,686.8801879882812,497.19775390625,0,0,24.991395950317383,0.0010999999940395355,0.02200000174343586,0.03299999609589577,0.04399999603629112,5655.8173828125,114276.53125,0.0429663360118866,0,3.1392715754918754e-05,439.7242126464844,0,0.0002616529818624258,2.8350639695418067e-05,0,0,23.700000762939453,0,0,1600,0,50,0,0,0,50,50,200,0.0,0.0,0.0,0.0
242,156.14312744140625,307.5037841796875,320.96392822265625,320.9078369140625,294.1271057128906,294.1832275390625,16515.818359375,33031.63671875,71.56402587890625,71.56417846679688,1393.232177734375,2773.680908203125,1436.0997314453125,2860.5634765625,281.8317565917969,55.130706787109375,3.4703666642599273e-06,0,0,2580.793701171875,1303.096923828125,0,25.01812744140625,2139.3212890625,11.949029922485352,11.955330848693848,719.8721313476562,1433.7340087890625,51.821380615234375,51.84082794189453,80.0,0,0,345.31939697265625,0,7.924896240234375,24.35546875,24.41155433654785,0,1.034000039100647,0.9067617654800415,50,2.799999952316284,2.908165454864502,0,0,0,0,1176.9999527455907,0,0,0,0.12658628821372986,0.16058921813964844,-0.2867104709148407,0.00046502798795700073,79.12449645996094,79.08766174316406,686.9676513671875,686.9386596679688,686.9386596679688,497.2231140136719,0,0,25.01812744140625,0.0010999999940395355,0.02200000174343586,0.03299999609589577,0.04399999603629112,5655.8173828125,114276.53125,0.0429663360118866,0,3.1392715754918754e-05,441.5450134277344,0,0.0002616529818624258,2.8350639695418067e-05,0,0,23.700000762939453,0,0,1600,0,50,0,0,0,50,50,200,0.0,0.0,0.0,0.0
243,156.15257263183594,307.4962158203125,320.9564514160156,320.900390625,294.1180725097656,294.1741638183594,16515.818359375,33031.63671875,71.55469512939453,71.5548324584961,1393.558349609375,2774.34033203125,1436.105224609375,2860.557861328125,281.825439453125,55.11474609375,-2.518554310881882e-06,0,0,2580.765869140625,1303.04443359375,0,25.043697357177734,2139.6904296875,11.946680068969727,11.952951431274414,719.9459228515625,1433.8819580078125,51.78707504272461,51.806053161621094,80.0,0,0,345.3241882324219,0,7.924896240234375,24.36771011352539,24.423795700073242,0,1.034000039100647,0.9067617654800415,50,2.799999952316284,2.9076638221740723,0,0,0,0,1176.9999527455907,0,0,0,0.12716083228588104,0.16049809753894806,-0.28720179200172424,0.0004571378231048584,79.13764190673828,79.10131072998047,687.0250854492188,686.9964599609375,686.9964599609375,497.2481994628906,0,0,25.043697357177734,0.0010999999940395355,0.02200000174343586,0.03299999609589577,0.04399999603629112,5655.8173828125,114276.53125,0.0429663360118866,0,3.1392715754918754e-05,443.3658142089844,0,0.0002616529818624258,2.8350639695418067e-05,0,0,23.700000762939453,0,0,1600,0,50,0,0,0,50,50,200,0.0,0.0,0.0,0.0
244,156.16221618652344,307.48876953125,320.9491271972656,320.8930969238281,294.10919189453125,294.1652526855469,16515.818359375,33031.63671875,71.54550170898438,71.54564666748047,1393.8883056640625,2775.0068359375,1436.10302734375,2860.56005859375,281.8192138671875,55.09907531738281,3.741910177268437e-06,0,0,2580.737548828125,1302.9925537109375,0,25.070833206176758,2140.05419921875,11.944347381591797,11.950591087341309,720.018798828125,1434.0303955078125,51.753047943115234,51.771575927734375,80.0,0,0,345.3290710449219,0,7.924896240234375,24.37991714477539,24.43596839904785,0,1.034000039100647,0.9067617654800415,50,2.799999952316284,2.9071693420410156,0,0,0,0,1176.9999527455907,0,0,0,0.12772497534751892,0.16040827333927155,-0.28768491744995117,0.00044833123683929443,79.15050506591797,79.11476135253906,687.0816650390625,687.0535278320312,687.0535278320312,497.27301025390625,0,0,25.070833206176758,0.0010999999940395355,0.02200000174343586,0.03299999609589577,0.04399999603629112,5655.8173828125,114276.53125,0.0429663360118866,0,3.1392715754918754e-05,445.1866149902344,0,0.0002616529818624258,2.8350639695418067e-05,0,0,23.700000762939453,0,0,1600,0,50,0,0,0,50,50,200,0.0,0.0,0.0,0.0
245,156.17202758789062,307.48150634765625,320.9419860839844,320.88592529296875,294.10040283203125,294.1564636230469,16515.818359375,33031.63671875,71.53645324707031,71.53660583496094,1394.2208251953125,2775.6806640625,1436.1016845703125,2860.5615234375,281.8131408691406,55.08367919921875,-1.3437409052130533e-06,0,0,2580.708984375,1302.9417724609375,0,25.096872329711914,2140.41162109375,11.942034721374512,11.948250770568848,720.0914306640625,1434.177001953125,51.71928024291992,51.737449645996094,80.0,0,0,345.33404541015625,0,7.924896240234375,24.392057418823242,24.44810676574707,0,1.034000039100647,0.9067617654800415,50,2.799999952316284,2.906683921813965,0,0,0,0,1176.9999527455907,0,0,0,0.1282787173986435,0.16032004356384277,-0.28815993666648865,0.00043883174657821655,79.1630630493164,79.12797546386719,687.1371459960938,687.1095581054688,687.1095581054688,497.29730224609375,0,0,25.096872329711914,0.0010999999940395355,0.02200000174343586,0.03299999609589577,0.04399999603629112,5655.8173828125,114276.53125,0.0429663360118866,0,3.1392715754918754e-05,447.0074157714844,0,0.0002616529818624258,2.8350639695418067e-05,0,0,23.700000762939453,0,0,1600,0,50,0,0,0,50,50,200,0.0,0.0,0.0,0.0
246,156.18203735351562,307.4742736816406,320.9349365234375,320.8788757324219,294.0917663574219,294.1478271484375,16515.818359375,33031.63671875,71.5275650024414,71.52771759033203,1394.5545654296875,2776.36083984375,1436.0999755859375,2860.563232421875,281.8071594238281,55.068580627441406,-3.6537262531055603e-06,0,0,2580.679443359375,1302.89111328125,0,25.120519638061523,2140.762451171875,11.939743041992188,11.945929527282715,720.1629028320312,1434.3218994140625,51.685794830322266,51.70366668701172,80.0,0,0,345.3391418457031,0,7.924896240234375,24.40419578552246,24.460247039794922,0,1.034000039100647,0.9067617654800415,50,2.799999952316284,2.906207799911499,0,0,0,0,1176.9999527455907,0,0,0,0.12882721424102783,0.1602335274219513,-0.28862690925598145,0.00043382495641708374,79.17539978027344,79.14093780517578,687.1915893554688,687.1644897460938,687.1644897460938,497.3211669921875,0,0,25.120519638061523,0.0010999999940395355,0.02200000174343586,0.03299999609589577,0.04399999603629112,5655.8173828125,114276.53125,0.0429663360118866,0,3.1392715754918754e-05,448.8282165527344,0,0.0002616529818624258,2.8350639695418067e-05,0,0,23.700000762939453,0,0,1600,0,50,0,0,0,50,50,200,0.0,0.0,0.0,0.0
247,156.19219970703125,307.4671936035156,320.927978515625,320.8719177246094,294.0832824707031,294.1393127441406,16515.818359375,33031.63671875,71.51881408691406,71.51896667480469,1394.89208984375,2777.0478515625,1436.1002197265625,2860.563232421875,281.80126953125,55.05373001098633,-1.0541166517441525e-07,0,0,2580.649658203125,1302.8416748046875,0,25.14850425720215,2141.107421875,11.937469482421875,11.94362735748291,720.2332763671875,1434.4619140625,51.65264129638672,51.670166015625,80.0,0,0,345.3442687988281,0,7.924896240234375,24.416301727294922,24.47235107421875,0,1.034000039100647,0.9067617654800415,50,2.799999952316284,2.9057395458221436,0,0,0,0,1176.9999527455907,0,0,0,0.12936532497406006,0.16014839708805084,-0.28908607363700867,0.0004276558756828308,79.18769073486328,79.15369415283203,687.2453002929688,687.218505859375,687.218505859375,497.3446044921875,0,0,25.14850425720215,0.0010999999940395355,0.02200000174343586,0.03299999609589577,0.04399999603629112,5655.8173828125,114276.53125,0.0429663360118866,0,3.1392715754918754e-05,450.6490173339844,0,0.0002616529818624258,2.8350639695418067e-05,0,0,23.700000762939453,0,0,1600,0,50,0,0,0,50,50,200,0.0,0.0,0.0,0.0
248,156.20252990722656,307.460205078125,320.9211730957031,320.8651123046875,294.0749206542969,294.13092041015625,16515.818359375,33031.63671875,71.51020050048828,71.5103530883789,1395.232177734375,2777.73876953125,1436.103515625,2860.559814453125,281.7955017089844,55.03915023803711,2.151514536308241e-06,0,0,2580.619384765625,1302.792724609375,0,25.174209594726562,2141.447998046875,11.93521785736084,11.941347122192383,720.3029174804688,1434.6048583984375,51.61983108520508,51.636993408203125,80.0,0,0,345.34954833984375,0,7.924896240234375,24.428373336791992,24.48442268371582,0,1.034000039100647,0.9067617654800415,50,2.799999952316284,2.9052774906158447,0,0,0,0,1176.9999527455907,0,0,0,0.1298956423997879,0.16006433963775635,-0.2895375192165375,0.0004224814474582672,79.19978332519531,79.1662826538086,687.2982788085938,687.2719116210938,687.2719116210938,497.3677673339844,0,0,25.174209594726562,0.0010999999940395355,0.02200000174343586,0.03299999609589577,0.04399999603629112,5655.8173828125,114276.53125,0.0429663360118866,0,3.1392715754918754e-05,452.4698181152344,0,0.0002616529818624258,2.8350639695418067e-05,0,0,23.700000762939453,0,0,1600,0,50,0,0,0,50,50,200,0.0,0.0,0.0,0.0
249,156.21304321289062,307.45330810546875,320.9144592285156,320.8584289550781,294.0666809082031,294.1226501464844,16515.818359375,33031.63671875,71.50172424316406,71.50186920166016,1395.5745849609375,2778.43701171875,1436.1025390625,2860.560791015625,281.7898254394531,55.02482223510742,2.120132478466985e-07,0,0,2580.5888671875,1302.74462890625,0,25.20024871826172,2141.78369140625,11.932985305786133,11.939085960388184,720.3715209960938,1434.7430419921875,51.58732604980469,51.60410690307617,80.0,0,0,345.3548583984375,0,7.924896240234375,24.440410614013672,24.496427536010742,0,1.034000039100647,0.9067617654800415,50,2.799999952316284,2.9048218727111816,0,0,0,0,1176.9999527455907,0,0,0,0.13041815161705017,0.15998144447803497,-0.28998133540153503,0.00041827932000160217,79.21183013916016,79.17869567871094,687.3506469726562,687.3245239257812,687.3245239257812,497.390625,0,0,25.20024871826172,0.0010999999940395355,0.02200000174343586,0.03299999609589577,0.04399999603629112,5655.8173828125,114276.53125,0.0429663360118866,0,3.1392715754918754e-05,454.2906188964844,0,0.0002616529818624258,2.8350639695418067e-05,0,0,23.700000762939453,0,0,1600,0,50,0,0,0,50,50,200,0.0,0.0,0.0,0.0
250,156.2237091064453,307.4465637207031,320.9078369140625,320.85186767578125,294.0585632324219,294.1145324707031,16515.818359375,33031.63671875,71.49337768554688,71.49352264404297,1395.9215087890625,2779.13818359375,1436.101806640625,2860.5615234375,281.7842712402344,55.0107536315918,-4.761899617733434e-06,0,0,2580.557373046875,1302.6971435546875,0,25.223987579345703,2142.11572265625,11.930771827697754,11.936844825744629,720.4404907226562,1434.8814697265625,51.555179595947266,51.571502685546875,80.0,0,0,345.36029052734375,0,7.924896240234375,24.45244789123535,24.50843048095703,0,1.034000039100647,0.9067617654800415,50,2.799999952316284,2.904371738433838,0,0,0,0,1176.9999527455907,0,0,0,0.13093028962612152,0.15989941358566284,-0.29041773080825806,0.0004119873046875,79.22373962402344,79.19097137451172,687.40234375,687.3765869140625,687.3765869140625,497.41326904296875,0,0,25.223987579345703,0.0010999999940395355,0.02200000174343586,0.03299999609589577,0.04399999603629112,5655.8173828125,114276.53125,0.0429663360118866,0,3.1392715754918754e-05,456.1114196777344,0,0.0002616529818624258,2.8350639695418067e-05,0,0,23.700000762939453,0,0,1600,0,50,0,0,0,50,50,200,0.0,0.0,0.0,0.0
251,156.23455810546875,307.43988037109375,320.9013671875,320.8453674316406,294.05059814453125,294.1064758300781,16515.818359375,33031.63671875,71.48516082763672,71.48530578613281,1396.2706298828125,2779.84619140625,1436.1005859375,2860.5625,281.7787780761719,54.99693298339844,-3.877512881445e-06,0,0,2580.525634765625,1302.650146484375,0,25.249467849731445,2142.443603515625,11.92857837677002,11.934624671936035,720.5081176757812,1435.0179443359375,51.523258209228516,51.53923416137695,80.0,0,0,345.3658142089844,0,7.924896240234375,24.46445083618164,24.52043342590332,0,1.034000039100647,0.9067617654800415,50,2.799999952316284,2.9039273262023926,0,0,0,0,1176.9999527455907,0,0,0,0.13143719732761383,0.15981845557689667,-0.2908467650413513,0.00040890276432037354,79.23548126220703,79.20308685302734,687.4534912109375,687.427978515625,687.427978515625,497.4355773925781,0,0,25.249467849731445,0.0010999999940395355,0.02200000174343586,0.03299999609589577,0.04399999603629112,5655.8173828125,114276.53125,0.0429663360118866,0,3.1392715754918754e-05,457.9322204589844,0,0.0002616529818624258,2.8350639695418067e-05,0,0,23.700000762939453,0,0,1600,0,50,0,0,0,50,50,200,0.0,0.0,0.0,0.0
252,156.24554443359375,307.433349609375,320.8949890136719,320.83905029296875,294.0426940917969,294.0986328125,16515.818359375,33031.63671875,71.47708129882812,71.47722625732422,1396.6214599609375,2780.55859375,1436.0992431640625,2860.56396484375,281.7734069824219,54.98335266113281,1.7031585457516485e-06,0,0,2580.493408203125,1302.604248046875,0,25.271305084228516,2142.767578125,11.926405906677246,11.932424545288086,720.5746459960938,1435.1524658203125,51.49166488647461,51.50727844238281,80.0,0,0,345.3713684082031,0,7.924896240234375,24.47638702392578,24.53233528137207,0,1.034000039100647,0.9067617654800415,50,2.799999952316284,2.9034883975982666,0,0,0,0,1176.9999527455907,0,0,0,0.1319337636232376,0.15973834693431854,-0.29126861691474915,0.0004035048186779022,79.24715423583984,79.2150650024414,687.5040893554688,687.4788818359375,687.4788818359375,497.4577331542969,0,0,25.271305084228516,0.0010999999940395355,0.02200000174343586,0.03299999609589577,0.04399999603629112,5655.8173828125,114276.53125,0.0429663360118866,0,3.1392715754918754e-05,459.7530212402344,0,0.0002616529818624258,2.8350639695418067e-05,0,0,23.700000762939453,0,0,1600,0,50,0,0,0,50,50,200,0.0,0.0,0.0,0.0
253,156.25668334960938,307.4268798828125,320.8887634277344,320.8327941894531,294.0349426269531,294.0908203125,16515.818359375,33031.63671875,71.46913146972656,71.46926879882812,1396.97509765625,2781.27490234375,1436.1038818359375,2860.559326171875,281.76812744140625,54.97001266479492,1.3443791431200225e-06,0,0,2580.46044921875,1302.5584716796875,0,25.294954299926758,2143.08837890625,11.924254417419434,11.930246353149414,720.6412353515625,1435.287353515625,51.460357666015625,51.475650787353516,80.0,0,0,345.3770751953125,0,7.924896240234375,24.488323211669922,24.54427146911621,0,1.034000039100647,0.9067617654800415,50,2.799999952316284,2.9030535221099854,0,0,0,0,1176.9999527455907,0,0,0,0.13242508471012115,0.1596589982509613,-0.2916833758354187,0.000400688499212265,79.2586898803711,79.2269287109375,687.5542602539062,687.5292358398438,687.5292358398438,497.47967529296875,0,0,25.294954299926758,0.0010999999940395355,0.02200000174343586,0.03299999609589577,0.04399999603629112,5655.8173828125,114276.53125,0.0429663360118866,0,3.1392715754918754e-05,461.5738220214844,0,0.0002616529818624258,2.8350639695418067e-05,0,0,23.700000762939453,0,0,1600,0,50,0,0,0,50,50,200,0.0,0.0,0.0,0.0
254,156.2679901123047,307.4205017089844,320.8825988769531,320.82666015625,294.02728271484375,294.0831298828125,16515.818359375,33031.63671875,71.46129608154297,71.46143341064453,1397.33154296875,2781.99658203125,1436.097412109375,2860.56591796875,281.762939453125,54.956912994384766,-4.953850748279365e-06,0,0,2580.427490234375,1302.513427734375,0,25.317707061767578,2143.406005859375,11.92212200164795,11.92808723449707,720.707275390625,1435.41943359375,51.42942428588867,51.44425964355469,80.0,0,0,345.3828125,0,7.924896240234375,24.50019073486328,24.55613899230957,0,1.034000039100647,0.9067617654800415,50,2.799999952316284,2.902623414993286,0,0,0,0,1176.9999527455907,0,0,0,0.1329086273908615,0.15958037972450256,-0.29209116101264954,0.00039783865213394165,79.27014923095703,79.2386703491211,687.6039428710938,687.5791625976562,687.5791625976562,497.5014343261719,0,0,25.317707061767578,0.0010999999940395355,0.02200000174343586,0.03299999609589577,0.04399999603629112,5655.8173828125,114276.53125,0.0429663360118866,0,3.1392715754918754e-05,463.3946228027344,0,0.0002616529818624258,2.8350639695418067e-05,0,0,23.700000762939453,0,0,1600,0,50,0,0,0,50,50,200,0.0,0.0,0.0,0.0
255,156.2794647216797,307.4142150878906,320.8765563964844,320.82061767578125,294.01971435546875,294.0755615234375,16515.818359375,33031.63671875,71.45357513427734,71.4537124633789,1397.6904296875,2782.722412109375,1436.10205078125,2860.561279296875,281.7578430175781,54.94403839111328,1.7559076468387502e-06,0,0,2580.39404296875,1302.46923828125,0,25.340930938720703,2143.720703125,11.920008659362793,11.925949096679688,720.7705078125,1435.547607421875,51.39870071411133,51.4132194519043,80.0,0,0,345.3886413574219,0,7.924896240234375,24.51209259033203,24.56800651550293,0,1.034000039100647,0.9067617654800415,50,2.799999952316284,2.9021971225738525,0,0,0,0,1176.9999527455907,0,0,0,0.13338439166545868,0.15950240194797516,-0.292492151260376,0.0003946647047996521,79.28160858154297,79.25030517578125,687.6532592773438,687.628662109375,687.628662109375,497.52301025390625,0,0,25.340930938720703,0.0010999999940395355,0.02200000174343586,0.03299999609589577,0.04399999603629112,5655.8173828125,114276.53125,0.0429663360118866,0,3.1392715754918754e-05,465.2154235839844,0,0.0002616529818624258,2.8350639695418067e-05,0,0,23.700000762939453,0,0,1600,0,50,0,0,0,50,50,200,0.0,0.0,0.0,0.0
256,156.29107666015625,307.4080505371094,320.8705749511719,320.814697265625,294.01226806640625,294.068115234375,16515.818359375,33031.63671875,71.44597625732422,71.44612121582031,1398.05029296875,2783.453369140625,1436.0992431640625,2860.56396484375,281.7528381347656,54.9314079284668,3.1072231649886817e-06,0,0,2580.359619140625,1302.42578125,0,25.359214782714844,2144.032958984375,11.917917251586914,11.923831939697266,720.835205078125,1435.6806640625,51.36829376220703,51.38247299194336,80.0,0,0,345.3945617675781,0,7.924896240234375,24.52399444580078,24.579875946044922,0,1.034000039100647,0.9067617654800415,50,2.799999952316284,2.9017746448516846,0,0,0,0,1176.9999527455907,0,0,0,0.13385239243507385,0.15942497551441193,-0.2928864061832428,0.00039095431566238403,79.29290008544922,79.26184844970703,687.7022705078125,687.6778564453125,687.6778564453125,497.54449462890625,0,0,25.359214782714844,0.0010999999940395355,0.02200000174343586,0.03299999609589577,0.04399999603629112,5655.8173828125,114276.53125,0.0429663360118866,0,3.1392715754918754e-05,467.0362243652344,0,0.0002616529818624258,2.8350639695418067e-05,0,0,23.700000762939453,0,0,1600,0,50,0,0,0,50,50,200,0.0,0.0,0.0,0.0
257,156.30284118652344,307.4019775390625,320.8647155761719,320.808837890625,294.0049743652344,294.060791015625,16515.818359375,33031.63671875,71.43850708007812,71.43863677978516,1398.4111328125,2784.189453125,1436.0927734375,2860.570556640625,281.7479248046875,54.91900634765625,-3.22393520946207e-06,0,0,2580.3251953125,1302.3829345703125,0,25.380672454833984,2144.342529296875,11.91584587097168,11.921735763549805,720.8984375,1435.80712890625,51.33810806274414,51.35206985473633,80.0,0,0,345.4005432128906,0,7.924896240234375,24.53582763671875,24.59170913696289,0,1.034000039100647,0.9067617654800415,50,2.799999952316284,2.901355743408203,0,0,0,0,1176.9999527455907,0,0,0,0.13431259989738464,0.15934817492961884,-0.29327404499053955,0.00038671866059303284,79.30411529541016,79.2732925415039,687.7508544921875,687.7266235351562,687.7266235351562,497.5657958984375,0,0,25.380672454833984,0.0010999999940395355,0.02200000174343586,0.03299999609589577,0.04399999603629112,5655.8173828125,114276.53125,0.0429663360118866,0,3.1392715754918754e-05,468.8570251464844,0,0.0002616529818624258,2.8350639695418067e-05,0,0,23.700000762939453,0,0,1600,0,50,0,0,0,50,50,200,0.0,0.0,0.0,0.0
258,156.31475830078125,307.39599609375,320.85894775390625,320.8031005859375,293.99774169921875,294.0535583496094,16515.818359375,33031.63671875,71.43113708496094,71.4312744140625,1398.7757568359375,2784.927490234375,1436.096435546875,2860.566650390625,281.74310302734375,54.906837463378906,4.614910267264349e-06,0,0,2580.2900390625,1302.34033203125,0,25.402645111083984,2144.6494140625,11.913797378540039,11.919658660888672,720.9622802734375,1435.93798828125,51.308380126953125,51.32189178466797,80.0,0,0,345.4066162109375,0,7.924896240234375,24.54766273498535,24.6035099029541,0,1.034000039100647,0.9067617654800415,50,2.799999952316284,2.900940418243408,0,0,0,0,1176.9999527455907,0,0,0,0.13476502895355225,0.15927191078662872,-0.29365524649620056,0.00038170069456100464,79.31510925292969,79.28463745117188,687.7990112304688,687.7750244140625,687.7750244140625,497.5870361328125,0,0,25.402645111083984,0.0010999999940395355,0.02200000174343586,0.03299999609589577,0.04399999603629112,5655.8173828125,114276.53125,0.0429663360118866,0,3.1392715754918754e-05,470.6778259277344,0,0.0002616529818624258,2.8350639695418067e-05,0,0,23.700000762939453,0,0,1600,0,50,0,0,0,50,50,200,0.0,0.0,0.0,0.0
259,156.32681274414062,307.39013671875,320.853271484375,320.79742431640625,293.9906311035156,294.04644775390625,16515.818359375,33031.63671875,71.42388153076172,71.42401885986328,1399.1409912109375,2785.6689453125,1436.1031494140625,2860.56005859375,281.7383728027344,54.89488220214844,2.4472506083839107e-06,0,0,2580.254638671875,1302.29833984375,0,25.423721313476562,2144.952880859375,11.911768913269043,11.917604446411133,721.026123046875,1436.064453125,51.278892517089844,51.29206848144531,80.0,0,0,345.4127502441406,0,7.924896240234375,24.55946159362793,24.61530876159668,0,1.034000039100647,0.9067617654800415,50,2.799999952316284,2.9005300998687744,0,0,0,0,1176.9999527455907,0,0,0,0.13520969450473785,0.15919649600982666,-0.2940300405025482,0.00037613511085510254,79.32598114013672,79.29585266113281,687.8466186523438,687.8228759765625,687.8228759765625,497.60797119140625,0,0,25.423721313476562,0.0010999999940395355,0.02200000174343586,0.03299999609589577,0.04399999603629112,5655.8173828125,114276.53125,0.0429663360118866,0,3.1392715754918754e-05,472.4986267089844,0,0.0002616529818624258,2.8350639695418067e-05,0,0,23.700000762939453,0,0,1600,0,50,0,0,0,50,50,200,0.0,0.0,0.0,0.0
260,156.3390350341797,307.38433837890625,320.8477478027344,320.7919006347656,293.9836120605469,294.03936767578125,16515.818359375,33031.63671875,71.416748046875,71.41688537597656,1399.5074462890625,2786.414306640625,1436.0955810546875,2860.567626953125,281.73370361328125,54.88315963745117,3.8138598483783426e-06,0,0,2580.21875,1302.2569580078125,0,25.44265365600586,2145.252685546875,11.909759521484375,11.915570259094238,721.0888061523438,1436.191162109375,51.249698638916016,51.262550354003906,80.0,0,0,345.4189758300781,0,7.924896240234375,24.57122802734375,24.6270751953125,0,1.034000039100647,0.9067617654800415,50,2.799999952316284,2.9001247882843018,0,0,0,0,1176.9999527455907,0,0,0,0.1356491595506668,0.15912193059921265,-0.29439860582351685,0.0003724917769432068,79.33670043945312,79.30693817138672,687.8936157226562,687.8702392578125,687.8702392578125,497.62872314453125,0,0,25.44265365600586,0.0010999999940395355,0.02200000174343586,0.03299999609589577,0.04399999603629112,5655.8173828125,114276.53125,0.0429663360118866,0,3.1392715754918754e-05,474.3194274902344,0,0.0002616529818624258,2.8350639695418067e-05,0,0,23.700000762939453,0,0,1600,0,50,0,0,0,50,50,200,0.0,0.0,0.0,0.0
261,156.35137939453125,307.378662109375,320.8422546386719,320.78643798828125,293.9766845703125,294.032470703125,16515.818359375,33031.63671875,71.40972137451172,71.40985870361328,1399.8758544921875,2787.16162109375,1436.09423828125,2860.56884765625,281.7291564941406,54.87164306640625,4.647683454095386e-06,0,0,2580.18212890625,1302.216552734375,0,25.462078094482422,2145.54833984375,11.907772064208984,11.913558006286621,721.1502685546875,1436.315673828125,51.22081756591797,51.23335647583008,80.0,0,0,345.4252624511719,0,7.924896240234375,24.58299446105957,24.63880729675293,0,1.034000039100647,0.9067617654800415,50,2.799999952316284,2.8997249603271484,0,0,0,0,1176.9999527455907,0,0,0,0.13608086109161377,0.15904834866523743,-0.29476097226142883,0.0003682337701320648,79.34729766845703,79.31787109375,687.9401245117188,687.9169311523438,687.9169311523438,497.6492004394531,0,0,25.462078094482422,0.0010999999940395355,0.02200000174343586,0.03299999609589577,0.04399999603629112,5655.8173828125,114276.53125,0.0429663360118866,0,3.1392715754918754e-05,476.1402282714844,0,0.0002616529818624258,2.8350639695418067e-05,0,0,23.700000762939453,0,0,1600,0,50,0,0,0,50,50,200,0.0,0.0,0.0,0.0
262,156.36387634277344,307.373046875,320.8368835449219,320.78106689453125,293.9698791503906,294.025634765625,16515.818359375,33031.63671875,71.40280151367188,71.4029312133789,1400.245361328125,2787.911376953125,1436.0927734375,2860.570556640625,281.7247009277344,54.86033630371094,-5.106005573907169e-06,0,0,2580.1455078125,1302.1766357421875,0,25.47935676574707,2145.841064453125,11.905804634094238,11.911565780639648,721.2117309570312,1436.4403076171875,51.192237854003906,51.204471588134766,80.0,0,0,345.431640625,0,7.924896240234375,24.59476089477539,24.65057373046875,0,1.034000039100647,0.9067617654800415,50,2.799999952316284,2.899329662322998,0,0,0,0,1176.9999527455907,0,0,0,0.13650481402873993,0.1589754968881607,-0.2951173186302185,0.0003630034625530243,79.3578109741211,79.32868957519531,687.9861450195312,687.9631958007812,687.9631958007812,497.6695251464844,0,0,25.47935676574707,0.0010999999940395355,0.02200000174343586,0.03299999609589577,0.04399999603629112,5655.8173828125,114276.53125,0.0429663360118866,0,3.1392715754918754e-05,477.9610290527344,0,0.0002616529818624258,2.8350639695418067e-05,0,0,23.700000762939453,0,0,1600,0,50,0,0,0,50,50,200,0.0,0.0,0.0,0.0
263,156.37649536132812,307.3675231933594,320.83160400390625,320.7757873535156,293.9631652832031,294.0189208984375,16515.818359375,33031.63671875,71.39598846435547,71.3961181640625,1400.617431640625,2788.662841796875,1436.0921630859375,2860.571044921875,281.7203063964844,54.8492546081543,-1.8517062017053831e-06,0,0,2580.1083984375,1302.136962890625,0,25.495851516723633,2146.130126953125,11.903858184814453,11.909595489501953,721.2724609375,1436.562255859375,51.164039611816406,51.17585754394531,80.0,0,0,345.4380798339844,0,7.924896240234375,24.60645866394043,24.662273406982422,0,1.034000039100647,0.9067617654800415,50,2.799999952316284,2.8989388942718506,0,0,0,0,1176.9999527455907,0,0,0,0.13692356646060944,0.15890350937843323,-0.29546770453453064,0.0003593824803829193,79.3681640625,79.3393783569336,688.0315551757812,688.0089111328125,688.0089111328125,497.6896057128906,0,0,25.495851516723633,0.0010999999940395355,0.02200000174343586,0.03299999609589577,0.04399999603629112,5655.8173828125,114276.53125,0.0429663360118866,0,3.1392715754918754e-05,479.7818298339844,0,0.0002616529818624258,2.8350639695418067e-05,0,0,23.700000762939453,0,0,1600,0,50,0,0,0,50,50,200,0.0,0.0,0.0,0.0
264,156.38926696777344,307.3620910644531,320.826416015625,320.7705993652344,293.95654296875,294.0123291015625,16515.818359375,33031.63671875,71.38927459716797,71.38941192626953,1400.988525390625,2789.41845703125,1436.090087890625,2860.5732421875,281.71600341796875,54.83836364746094,-1.4542234794134856e-06,0,0,2580.07080078125,1302.097900390625,0,25.516952514648438,2146.416015625,11.901932716369629,11.907645225524902,721.3338012695312,1436.6876220703125,51.136009216308594,51.147621154785156,80.0,0,0,345.4445495605469,0,7.924896240234375,24.61812400817871,24.67393684387207,0,1.034000039100647,0.9067617654800415,50,2.799999952316284,2.898552894592285,0,0,0,0,1176.9999527455907,0,0,0,0.13733455538749695,0.15883226692676544,-0.2958122491836548,0.00035457685589790344,79.37837982177734,79.34994506835938,688.0765380859375,688.0541381835938,688.0541381835938,497.7095031738281,0,0,25.516952514648438,0.0010999999940395355,0.02200000174343586,0.03299999609589577,0.04399999603629112,5655.8173828125,114276.53125,0.0429663360118866,0,3.1392715754918754e-05,481.6026306152344,0,0.0002616529818624258,2.8350639695418067e-05,0,0,23.700000762939453,0,0,1600,0,50,0,0,0,50,50,200,0.0,0.0,0.0,0.0
265,156.40216064453125,307.3567810058594,320.82135009765625,320.7655334472656,293.9500427246094,294.00579833984375,16515.818359375,33031.63671875,71.38267517089844,71.38280487060547,1401.3604736328125,2790.174072265625,1436.0948486328125,2860.568603515625,281.7117614746094,54.82768249511719,-1.0085185522257234e-06,0,0,2580.032958984375,1302.0595703125,0,25.533245086669922,2146.697998046875,11.900029182434082,11.905717849731445,721.3931274414062,1436.807861328125,51.108375549316406,51.11967849731445,80.0,0,0,345.4511413574219,0,7.924896240234375,24.629789352416992,24.68560218811035,0,1.034000039100647,0.9067617654800415,50,2.799999952316284,2.898172378540039,0,0,0,0,1176.9999527455907,0,0,0,0.13773779571056366,0.15876197814941406,-0.2961510419845581,0.0003487206995487213,79.38847351074219,79.36036682128906,688.1209106445312,688.0987548828125,688.0987548828125,497.7290954589844,0,0,25.533245086669922,0.0010999999940395355,0.02200000174343586,0.03299999609589577,0.04399999603629112,5655.8173828125,114276.53125,0.0429663360118866,0,3.1392715754918754e-05,483.4234313964844,0,0.0002616529818624258,2.8350639695418067e-05,0,0,23.700000762939453,0,0,1600,0,50,0,0,0,50,50,200,0.0,0.0,0.0,0.0
266,156.41517639160156,307.3515319824219,320.81634521484375,320.7605285644531,293.943603515625,293.9993591308594,16515.818359375,33031.63671875,71.37617492675781,71.37629699707031,1401.7340087890625,2790.932373046875,1436.092529296875,2860.57080078125,281.7076110839844,54.81719970703125,-2.2576148239750182e-06,0,0,2579.99462890625,1302.02197265625,0,25.551485061645508,2146.976318359375,11.89814567565918,11.903809547424316,721.4528198242188,1436.93017578125,51.08109664916992,51.092002868652344,80.0,0,0,345.457763671875,0,7.924896240234375,24.64141845703125,24.697233200073242,0,1.034000039100647,0.9067617654800415,50,2.799999952316284,2.897796392440796,0,0,0,0,1176.9999527455907,0,0,0,0.1381358504295349,0.15869255363941193,-0.29648417234420776,0.00034422799944877625,79.39838409423828,79.37065887451172,688.1646728515625,688.1428833007812,688.1428833007812,497.7485046386719,0,0,25.551485061645508,0.0010999999940395355,0.02200000174343586,0.03299999609589577,0.04399999603629112,5655.8173828125,114276.53125,0.0429663360118866,0,3.1392715754918754e-05,485.2442321777344,0,0.0002616529818624258,2.8350639695418067e-05,0,0,23.700000762939453,0,0,1600,0,50,0,0,0,50,50,200,0.0,0.0,0.0,0.0
267,156.42831420898438,307.3463439941406,320.8114318847656,320.755615234375,293.9372863769531,293.9930419921875,16515.818359375,33031.63671875,71.36976623535156,71.3698959350586,1402.1090087890625,2791.690673828125,1436.0928955078125,2860.5703125,281.7035217285156,54.80690002441406,3.110191983068944e-06,0,0,2579.955810546875,1301.9842529296875,0,25.568984985351562,2147.251220703125,11.896282196044922,11.901924133300781,721.5123291015625,1437.048095703125,51.05406951904297,51.064674377441406,80.0,0,0,345.4644775390625,0,7.924896240234375,24.65304946899414,24.7088623046875,0,1.034000039100647,0.9067617654800415,50,2.799999952316284,2.897425413131714,0,0,0,0,1176.9999527455907,0,0,0,0.1385287344455719,0.15862397849559784,-0.2968117594718933,0.0003409646451473236,79.40819549560547,79.38082122802734,688.2079467773438,688.1864013671875,688.1864013671875,497.76763916015625,0,0,25.568984985351562,0.0010999999940395355,0.02200000174343586,0.03299999609589577,0.04399999603629112,5655.8173828125,114276.53125,0.0429663360118866,0,3.1392715754918754e-05,487.0650329589844,0,0.0002616529818624258,2.8350639695418067e-05,0,0,23.700000762939453,0,0,1600,0,50,0,0,0,50,50,200,0.0,0.0,0.0,0.0
268,156.4415740966797,307.34124755859375,320.80657958984375,320.7508239746094,293.93109130859375,293.9867858886719,16515.818359375,33031.63671875,71.36346435546875,71.36359405517578,1402.48388671875,2792.45166015625,1436.0916748046875,2860.571533203125,281.69952392578125,54.796791076660156,-5.014553153159795e-06,0,0,2579.916748046875,1301.947509765625,0,25.587158203125,2147.522705078125,11.894440650939941,11.90005874633789,721.57177734375,1437.16845703125,51.0273551940918,51.037662506103516,80.0,0,0,345.4712219238281,0,7.924896240234375,24.66464614868164,24.720426559448242,0,1.034000039100647,0.9067617654800415,50,2.799999952316284,2.897059440612793,0,0,0,0,1176.9999527455907,0,0,0,0.1389138549566269,0.158556267619133,-0.2971338629722595,0.0003362707793712616,79.41788482666016,79.39085388183594,688.2506713867188,688.2293701171875,688.2293701171875,497.78662109375,0,0,25.587158203125,0.0010999999940395355,0.02200000174343586,0.03299999609589577,0.04399999603629112,5655.8173828125,114276.53125,0.0429663360118866,0,3.1392715754918754e-05,488.8858337402344,0,0.0002616529818624258,2.8350639695418067e-05,0,0,23.700000762939453,0,0,1600,0,50,0,0,0,50,50,200,0.0,0.0,0.0,0.0
269,156.45497131347656,307.33624267578125,320.8018798828125,320.74609375,293.9248962402344,293.9806213378906,16515.818359375,33031.63671875,71.35726165771484,71.35739135742188,1402.8587646484375,2793.213134765625,1436.090087890625,2860.5732421875,281.6955871582031,54.786865234375,4.1133398553938605e-06,0,0,2579.87744140625,1301.9110107421875,0,25.60325050354004,2147.79052734375,11.892621040344238,11.898214340209961,721.6300048828125,1437.2864990234375,51.00096130371094,51.01095962524414,80.0,0,0,345.4780578613281,0,7.924896240234375,24.676176071166992,24.73195457458496,0,1.034000039100647,0.9067617654800415,50,2.799999952316284,2.896697998046875,0,0,0,0,1176.9999527455907,0,0,0,0.13929380476474762,0.1584894061088562,-0.29745057225227356,0.00033262744545936584,79.42745971679688,79.4007568359375,688.2928466796875,688.2718505859375,688.2718505859375,497.8052978515625,0,0,25.60325050354004,0.0010999999940395355,0.02200000174343586,0.03299999609589577,0.04399999603629112,5655.8173828125,114276.53125,0.0429663360118866,0,3.1392715754918754e-05,490.7066345214844,0,0.0002616529818624258,2.8350639695418067e-05,0,0,23.700000762939453,0,0,1600,0,50,0,0,0,50,50,200,0.0,0.0,0.0,0.0
270,156.46847534179688,307.3312683105469,320.7971496582031,320.741455078125,293.91888427734375,293.97454833984375,16515.818359375,33031.63671875,71.35115814208984,71.35128021240234,1403.234375,2793.976806640625,1436.0870361328125,2860.576171875,281.6917419433594,54.77712631225586,-8.323264637510874e-07,0,0,2579.83740234375,1301.8753662109375,0,25.61865234375,2148.05517578125,11.890819549560547,11.896391868591309,721.6857299804688,1437.40234375,50.974822998046875,50.98457336425781,80.0,0,0,345.4849548339844,0,7.924896240234375,24.68780517578125,24.74351692199707,0,1.034000039100647,0.9067617654800415,50,2.799999952316284,2.896340847015381,0,0,0,0,1176.9999527455907,0,0,0,0.13966858386993408,0.1584232896566391,-0.29776203632354736,0.0003298334777355194,79.43697357177734,79.4105453491211,688.3346557617188,688.3138427734375,688.3138427734375,497.8237609863281,0,0,25.61865234375,0.0010999999940395355,0.02200000174343586,0.03299999609589577,0.04399999603629112,5655.8173828125,114276.53125,0.0429663360118866,0,3.1392715754918754e-05,492.5274353027344,0,0.0002616529818624258,2.8350639695418067e-05,0,0,23.700000762939453,0,0,1600,0,50,0,0,0,50,50,200,0.0,0.0,0.0,0.0
271,156.4821014404297,307.3263854980469,320.7925720214844,320.7369079589844,293.9128723144531,293.9685363769531,16515.818359375,33031.63671875,71.34513854980469,71.34526062011719,1403.6116943359375,2794.73828125,1436.09423828125,2860.56884765625,281.6879577636719,54.76756286621094,-3.231055245578318e-07,0,0,2579.797119140625,1301.83984375,0,25.634723663330078,2148.3173828125,11.889041900634766,11.894590377807617,721.7432250976562,1437.5152587890625,50.94912338256836,50.95845413208008,80.0,0,0,345.49188232421875,0,7.924896240234375,24.69930076599121,24.75497817993164,0,1.034000039100647,0.9067617654800415,50,2.799999952316284,2.8959875106811523,0,0,0,0,1176.9999527455907,0,0,0,0.14003819227218628,0.15835781395435333,-0.2980682849884033,0.0003277212381362915,79.4464340209961,79.42023468017578,688.3760375976562,688.3554077148438,688.3554077148438,497.84210205078125,0,0,25.634723663330078,0.0010999999940395355,0.02200000174343586,0.03299999609589577,0.04399999603629112,5655.8173828125,114276.53125,0.0429663360118866,0,3.1392715754918754e-05,494.3482360839844,0,0.0002616529818624258,2.8350639695418067e-05,0,0,23.700000762939453,0,0,1600,0,50,0,0,0,50,50,200,0.0,0.0,0.0,0.0
272,156.495849609375,307.3216247558594,320.7880859375,320.7323913574219,293.9070129394531,293.9626159667969,16515.818359375,33031.63671875,71.33921813964844,71.3393325805664,1403.98779296875,2795.503173828125,1436.0867919921875,2860.576416015625,281.6842346191406,54.758174896240234,-4.994732535124058e-06,0,0,2579.757080078125,1301.8052978515625,0,25.650144577026367,2148.57666015625,11.887283325195312,11.89280891418457,721.7991943359375,1437.628662109375,50.92363739013672,50.93265914916992,80.0,0,0,345.4989013671875,0,7.924896240234375,24.71082878112793,24.766508102416992,0,1.034000039100647,0.9067617654800415,50,2.799999952316284,2.8956379890441895,0,0,0,0,1176.9999527455907,0,0,0,0.14040005207061768,0.1582929790019989,-0.2983694076538086,0.00032360851764678955,79.45588684082031,79.42982482910156,688.4171142578125,688.3965454101562,688.3965454101562,497.8602600097656,0,0,25.650144577026367,0.0010999999940395355,0.02200000174343586,0.03299999609589577,0.04399999603629112,5655.8173828125,114276.53125,0.0429663360118866,0,3.1392715754918754e-05,496.1690368652344,0,0.0002616529818624258,2.8350639695418067e-05,0,0,23.700000762939453,0,0,1600,0,50,0,0,0,50,50,200,0.0,0.0,0.0,0.0
273,156.50970458984375,307.31689453125,320.78363037109375,320.72796630859375,293.9012145996094,293.9568176269531,16515.818359375,33031.63671875,71.3333740234375,71.33350372314453,1404.3646240234375,2796.268310546875,1436.0897216796875,2860.573486328125,281.68060302734375,54.74896240234375,-4.211471605231054e-06,0,0,2579.7158203125,1301.7708740234375,0,25.666259765625,2148.83447265625,11.885546684265137,11.8910493850708,721.8538208007812,1437.7421875,50.89841079711914,50.90719223022461,80.0,0,0,345.5059814453125,0,7.924896240234375,24.72235870361328,24.77803611755371,0,1.034000039100647,0.9067617654800415,50,2.799999952316284,2.8952906131744385,0,0,0,0,1176.9999527455907,0,0,0,0.1407567411661148,0.15822845697402954,-0.2986655533313751,0.0003196410834789276,79.46514892578125,79.4393539428711,688.4578247070312,688.4375,688.4375,497.87835693359375,0,0,25.666259765625,0.0010999999940395355,0.02200000174343586,0.03299999609589577,0.04399999603629112,5655.8173828125,114276.53125,0.0429663360118866,0,3.1392715754918754e-05,497.9898376464844,0,0.0002616529818624258,2.8350639695418067e-05,0,0,23.700000762939453,0,0,1600,0,50,0,0,0,50,50,200,0.0,0.0,0.0,0.0
274,156.52366638183594,307.312255859375,320.7792663574219,320.7236633300781,293.8954772949219,293.9510498046875,16515.818359375,33031.63671875,71.32763671875,71.32775115966797,1404.739990234375,2797.03369140625,1436.0877685546875,2860.575439453125,281.677001953125,54.73991775512695,8.646605920148431e-07,0,0,2579.6748046875,1301.73681640625,0,25.681705474853516,2149.089111328125,11.883830070495605,11.889312744140625,721.909423828125,1437.85595703125,50.87344741821289,50.8820686340332,80.0,0,0,345.51312255859375,0,7.924896240234375,24.733854293823242,24.78946304321289,0,1.034000039100647,0.9067617654800415,50,2.799999952316284,2.8949475288391113,0,0,0,0,1176.9999527455907,0,0,0,0.14110825955867767,0.15816469490528107,-0.2989567816257477,0.0003161877393722534,79.47429656982422,79.44876861572266,688.4981079101562,688.47802734375,688.47802734375,497.8962707519531,0,0,25.681705474853516,0.0010999999940395355,0.02200000174343586,0.03299999609589577,0.04399999603629112,5655.8173828125,114276.53125,0.0429663360118866,0,3.1392715754918754e-05,499.8106384277344,0,0.0002616529818624258,2.8350639695418067e-05,0,0,23.700000762939453,0,0,1600,0,50,0,0,0,50,50,200,0.0,0.0,0.0,0.0
275,156.53773498535156,307.30767822265625,320.7749938964844,320.7193908691406,293.8898010253906,293.94537353515625,16515.818359375,33031.63671875,71.32198333740234,71.32209777832031,1405.1173095703125,2797.797119140625,1436.0887451171875,2860.574462890625,281.6734924316406,54.731048583984375,7.599452374051907e-07,0,0,2579.63330078125,1301.703369140625,0,25.69382095336914,2149.341064453125,11.882135391235352,11.887596130371094,721.9645385742188,1437.96435546875,50.84892272949219,50.857181549072266,80.0,0,0,345.5202941894531,0,7.924896240234375,24.74531364440918,24.80092430114746,0,1.034000039100647,0.9067617654800415,50,2.799999952316284,2.894608497619629,0,0,0,0,1176.9999527455907,0,0,0,0.14145462214946747,0.15810157358646393,-0.29924318194389343,0.00031301379203796387,79.48335266113281,79.45807647705078,688.5379638671875,688.51806640625,688.51806640625,497.9140319824219,0,0,25.69382095336914,0.0010999999940395355,0.02200000174343586,0.03299999609589577,0.04399999603629112,5655.8173828125,114276.53125,0.0429663360118866,0,3.1392715754918754e-05,501.6314392089844,0,0.0002616529818624258,2.8350639695418067e-05,0,0,23.700000762939453,0,0,1600,0,50,0,0,0,50,50,200,0.0,0.0,0.0,0.0
276,156.5519256591797,307.30316162109375,320.7707824707031,320.7151794433594,293.8842468261719,293.9397888183594,16515.818359375,33031.63671875,71.31640625,71.3165283203125,1405.494873046875,2798.56298828125,1436.0858154296875,2860.577392578125,281.6700439453125,54.72234344482422,4.367093879409367e-06,0,0,2579.59130859375,1301.67041015625,0,25.7093563079834,2149.59033203125,11.880459785461426,11.88589859008789,722.0181274414062,1438.075439453125,50.82463836669922,50.83258819580078,80.0,0,0,345.52752685546875,0,7.924896240234375,24.756742477416992,24.81235122680664,0,1.034000039100647,0.9067617654800415,50,2.799999952316284,2.894272565841675,0,0,0,0,1176.9999527455907,0,0,0,0.141795814037323,0.15803907811641693,-0.29952481389045715,0.0003100968897342682,79.49234008789062,79.46729278564453,688.5775146484375,688.5577392578125,688.5577392578125,497.9316101074219,0,0,25.7093563079834,0.0010999999940395355,0.02200000174343586,0.03299999609589577,0.04399999603629112,5655.8173828125,114276.53125,0.0429663360118866,0,3.1392715754918754e-05,503.4522399902344,0,0.0002616529818624258,2.8350639695418067e-05,0,0,23.700000762939453,0,0,1600,0,50,0,0,0,50,50,200,0.0,0.0,0.0,0.0
277,156.56622314453125,307.2987365722656,320.7666320800781,320.7110595703125,293.8787536621094,293.9342956542969,16515.818359375,33031.63671875,71.31092071533203,71.31103515625,1405.8720703125,2799.327880859375,1436.0843505859375,2860.578857421875,281.6666564941406,54.713802337646484,1.0503715657250723e-06,0,0,2579.54931640625,1301.6380615234375,0,25.722900390625,2149.83740234375,11.878805160522461,11.884224891662598,722.071533203125,1438.18408203125,50.80060958862305,50.808345794677734,80.0,0,0,345.5348205566406,0,7.924896240234375,24.768169403076172,24.82374382019043,0,1.034000039100647,0.9067617654800415,50,2.799999952316284,2.8939402103424072,0,0,0,0,1176.9999527455907,0,0,0,0.14213183522224426,0.1579771339893341,-0.2998017370700836,0.00030723586678504944,79.50125122070312,79.47642517089844,688.6166381835938,688.5971069335938,688.5971069335938,497.94903564453125,0,0,25.722900390625,0.0010999999940395355,0.02200000174343586,0.03299999609589577,0.04399999603629112,5655.8173828125,114276.53125,0.0429663360118866,0,3.1392715754918754e-05,505.2730407714844,0,0.0002616529818624258,2.8350639695418067e-05,0,0,23.700000762939453,0,0,1600,0,50,0,0,0,50,50,200,0.0,0.0,0.0,0.0
278,156.58062744140625,307.2943420410156,320.7625427246094,320.70703125,293.8733215332031,293.9288635253906,16515.818359375,33031.63671875,71.3055191040039,71.30562591552734,1406.24853515625,2800.092041015625,1436.089111328125,2860.57421875,281.663330078125,54.70542907714844,2.0265210878278594e-06,0,0,2579.506591796875,1301.6055908203125,0,25.73720359802246,2150.08203125,11.87717342376709,11.882570266723633,722.1250610351562,1438.292724609375,50.77695083618164,50.78437042236328,80.0,0,0,345.54217529296875,0,7.924896240234375,24.779630661010742,24.83513832092285,0,1.034000039100647,0.9067617654800415,50,2.799999952316284,2.893610715866089,0,0,0,0,1176.9999527455907,0,0,0,0.14246270060539246,0.15791571140289307,-0.3000740706920624,0.00030434131622314453,79.51007843017578,79.4854736328125,688.6554565429688,688.6361083984375,688.6361083984375,497.96630859375,0,0,25.73720359802246,0.0010999999940395355,0.02200000174343586,0.03299999609589577,0.04399999603629112,5655.8173828125,114276.53125,0.0429663360118866,0,3.1392715754918754e-05,507.0938415527344,0,0.0002616529818624258,2.8350639695418067e-05,0,0,23.700000762939453,0,0,1600,0,50,0,0,0,50,50,200,0.0,0.0,0.0,0.0
279,156.5951385498047,307.2900390625,320.758544921875,320.7030334472656,293.8680114746094,293.9235534667969,16515.818359375,33031.63671875,71.3001937866211,71.30030822753906,1406.625244140625,2800.85546875,1436.0823974609375,2860.580810546875,281.66009521484375,54.69721603393555,-4.5022084123047534e-06,0,0,2579.4638671875,1301.573974609375,0,25.748157501220703,2150.324462890625,11.875560760498047,11.880937576293945,722.177734375,1438.3985595703125,50.753604888916016,50.760684967041016,80.0,0,0,345.549560546875,0,7.924896240234375,24.79102325439453,24.84653091430664,0,1.034000039100647,0.9067617654800415,50,2.799999952316284,2.893284320831299,0,0,0,0,1176.9999527455907,0,0,0,0.14278841018676758,0.1578548401594162,-0.3003419041633606,0.00030133500695228577,79.5188217163086,79.49443817138672,688.6939086914062,688.6747436523438,688.6747436523438,497.9834899902344,0,0,25.748157501220703,0.0010999999940395355,0.02200000174343586,0.03299999609589577,0.04399999603629112,5655.8173828125,114276.53125,0.0429663360118866,0,3.1392715754918754e-05,508.9146423339844,0,0.0002616529818624258,2.8350639695418067e-05,0,0,23.700000762939453,0,0,1600,0,50,0,0,0,50,50,200,0.0,0.0,0.0,0.0
280,156.60975646972656,307.28582763671875,320.75457763671875,320.6990966796875,293.86279296875,293.9183349609375,16515.818359375,33031.63671875,71.2949447631836,71.2950668334961,1407.00048828125,2801.619384765625,1436.080078125,2860.5830078125,281.6568908691406,54.68916320800781,2.735653879426536e-06,0,0,2579.4208984375,1301.5428466796875,0,25.759870529174805,2150.564453125,11.873969078063965,11.879324913024902,722.2307739257812,1438.507568359375,50.73042297363281,50.73735809326172,80.0,0,0,345.5570373535156,0,7.924896240234375,24.80245018005371,24.85792350769043,0,1.034000039100647,0.9067617654800415,50,2.799999952316284,2.8929617404937744,0,0,0,0,1176.9999527455907,0,0,0,0.1431063860654831,0.15779449045658112,-0.3006053566932678,0.0002955235540866852,79.52738189697266,79.50330352783203,688.7319946289062,688.7130737304688,688.7130737304688,498.00048828125,0,0,25.759870529174805,0.0010999999940395355,0.02200000174343586,0.03299999609589577,0.04399999603629112,5655.8173828125,114276.53125,0.0429663360118866,0,3.1392715754918754e-05,510.7354431152344,0,0.0002616529818624258,2.8350639695418067e-05,0,0,23.700000762939453,0,0,1600,0,50,0,0,0,50,50,200,0.0,0.0,0.0,0.0
281,156.6244659423828,307.28167724609375,320.7507019042969,320.6952819824219,293.85760498046875,293.91314697265625,16515.818359375,33031.63671875,71.28978729248047,71.2898941040039,1407.375732421875,2802.3818359375,1436.080322265625,2860.5830078125,281.6537780761719,54.68126678466797,1.8876291960623348e-06,0,0,2579.377197265625,1301.511962890625,0,25.772342681884766,2150.80078125,11.872398376464844,11.87773323059082,722.2830200195312,1438.611328125,50.70762252807617,50.71430206298828,80.0,0,0,345.5645446777344,0,7.924896240234375,24.8138427734375,24.86928367614746,0,1.034000039100647,0.9067617654800415,50,2.799999952316284,2.892643928527832,0,0,0,0,1176.9999527455907,0,0,0,0.14342176914215088,0.15773509442806244,-0.30086439847946167,0.0002924613654613495,79.53580474853516,79.51203918457031,688.7694702148438,688.7507934570312,688.7507934570312,498.0172424316406,0,0,25.772342681884766,0.0010999999940395355,0.02200000174343586,0.03299999609589577,0.04399999603629112,5655.8173828125,114276.53125,0.0429663360118866,0,3.1392715754918754e-05,512.5562744140625,0,0.0002616529818624258,2.8350639695418067e-05,0,0,23.700000762939453,0,0,1600,0,50,0,0,0,50,50,200,0.0,0.0,0.0,0.0
282,156.6392822265625,307.2775573730469,320.7469482421875,320.6914978027344,293.8525085449219,293.90802001953125,16515.818359375,33031.63671875,71.28470611572266,71.2848129272461,1407.7520751953125,2803.14111328125,1436.08447265625,2860.57861328125,281.65069580078125,54.67351531982422,1.8464298818798852e-06,0,0,2579.33349609375,1301.481689453125,0,25.78559684753418,2151.034423828125,11.870847702026367,11.876163482666016,722.33447265625,1438.716796875,50.68519973754883,50.6915168762207,80.0,0,0,345.5721130371094,0,7.924896240234375,24.82516860961914,24.8806095123291,0,1.034000039100647,0.9067617654800415,50,2.799999952316284,2.892329454421997,0,0,0,0,1176.9999527455907,0,0,0,0.1437319964170456,0.1576763540506363,-0.3011191487312317,0.00028920918703079224,79.54418182373047,79.52068328857422,688.8065795898438,688.7880859375,688.7880859375,498.0338439941406,0,0,25.78559684753418,0.0010999999940395355,0.02200000174343586,0.03299999609589577,0.04399999603629112,5655.8173828125,114276.53125,0.0429663360118866,0,3.1392715754918754e-05,514.3770751953125,0,0.0002616529818624258,2.8350639695418067e-05,0,0,23.700000762939453,0,0,1600,0,50,0,0,0,50,50,200,0.0,0.0,0.0,0.0
283,156.65419006347656,307.2735290527344,320.74322509765625,320.6877746582031,293.8475036621094,293.9029541015625,16515.818359375,33031.63671875,71.27969360351562,71.2798080444336,1408.1256103515625,2803.901123046875,1436.0830078125,2860.580322265625,281.6476745605469,54.665924072265625,4.936086952511687e-06,0,0,2579.289306640625,1301.451904296875,0,25.79692840576172,2151.265380859375,11.869318008422852,11.874613761901855,722.3853149414062,1438.8204345703125,50.66299819946289,50.6690673828125,80.0,0,0,345.5797119140625,0,7.924896240234375,24.83649444580078,24.891935348510742,0,1.034000039100647,0.9067617654800415,50,2.799999952316284,2.892019033432007,0,0,0,0,1176.9999527455907,0,0,0,0.14403708279132843,0.15761823952198029,-0.30136969685554504,0.0002856329083442688,79.55247497558594,79.52922058105469,688.84326171875,688.824951171875,688.824951171875,498.05023193359375,0,0,25.79692840576172,0.0010999999940395355,0.02200000174343586,0.03299999609589577,0.04399999603629112,5655.8173828125,114276.53125,0.0429663360118866,0,3.1392715754918754e-05,516.1978759765625,0,0.0002616529818624258,2.8350639695418067e-05,0,0,23.700000762939453,0,0,1600,0,50,0,0,0,50,50,200,0.0,0.0,0.0,0.0
284,156.66920471191406,307.2695617675781,320.73956298828125,320.6841125488281,293.842529296875,293.89801025390625,16515.818359375,33031.63671875,71.27476501464844,71.27487182617188,1408.499267578125,2804.659423828125,1436.0816650390625,2860.58154296875,281.6447448730469,54.65847396850586,-2.384173967584502e-06,0,0,2579.244873046875,1301.422119140625,0,25.809043884277344,2151.49365234375,11.86780834197998,11.87308406829834,722.436279296875,1438.923828125,50.641075134277344,50.646915435791016,80.0,0,0,345.5873718261719,0,7.924896240234375,24.847820281982422,24.90325927734375,0,1.034000039100647,0.9067617654800415,50,2.799999952316284,2.891712188720703,0,0,0,0,1176.9999527455907,0,0,0,0.144336998462677,0.1575607806444168,-0.3016161024570465,0.00028167665004730225,79.56063842773438,79.53765869140625,688.8795776367188,688.8614501953125,688.8614501953125,498.0664978027344,0,0,25.809043884277344,0.0010999999940395355,0.02200000174343586,0.03299999609589577,0.04399999603629112,5655.8173828125,114276.53125,0.0429663360118866,0,3.1392715754918754e-05,518.0186767578125,0,0.0002616529818624258,2.8350639695418067e-05,0,0,23.700000762939453,0,0,1600,0,50,0,0,0,50,50,200,0.0,0.0,0.0,0.0
285,156.68429565429688,307.2656555175781,320.7359619140625,320.6805114746094,293.837646484375,293.8930969238281,16515.818359375,33031.63671875,71.26990509033203,71.27001953125,1408.8720703125,2805.415771484375,1436.0804443359375,2860.582763671875,281.641845703125,54.65116500854492,1.1571178220037837e-06,0,0,2579.200439453125,1301.39306640625,0,25.820621490478516,2151.71923828125,11.86631965637207,11.871576309204102,722.4872436523438,1439.0272216796875,50.61948776245117,50.625057220458984,80.0,0,0,345.5950927734375,0,7.924896240234375,24.85914421081543,24.91458511352539,0,1.034000039100647,0.9067617654800415,50,2.799999952316284,2.891408920288086,0,0,0,0,1176.9999527455907,0,0,0,0.1446317732334137,0.15750396251678467,-0.30185842514038086,0.00027729570865631104,79.56865692138672,79.5459976196289,688.9153442382812,688.8975219726562,688.8975219726562,498.0825500488281,0,0,25.820621490478516,0.0010999999940395355,0.02200000174343586,0.03299999609589577,0.04399999603629112,5655.8173828125,114276.53125,0.0429663360118866,0,3.1392715754918754e-05,519.8394775390625,0,0.0002616529818624258,2.8350639695418067e-05,0,0,23.700000762939453,0,0,1600,0,50,0,0,0,50,50,200,0.0,0.0,0.0,0.0
286,156.6995086669922,307.2618408203125,320.732421875,320.6770324707031,293.83282470703125,293.88824462890625,16515.818359375,33031.63671875,71.26512908935547,71.2652359008789,1409.243408203125,2806.171142578125,1436.078857421875,2860.584228515625,281.6390380859375,54.644012451171875,-3.3874769087560708e-06,0,0,2579.155517578125,1301.3643798828125,0,25.830299377441406,2151.94140625,11.864850997924805,11.870087623596191,722.5367431640625,1439.128173828125,50.5981559753418,50.60350799560547,80.0,0,0,345.6028747558594,0,7.924896240234375,24.87043571472168,24.92584228515625,0,1.034000039100647,0.9067617654800415,50,2.799999952316284,2.89111065864563,0,0,0,0,1176.9999527455907,0,0,0,0.14492137730121613,0.15744799375534058,-0.30209678411483765,0.000272601842880249,79.5765380859375,79.55420684814453,688.9506225585938,688.9330444335938,688.9330444335938,498.098388671875,0,0,25.830299377441406,0.0010999999940395355,0.02200000174343586,0.03299999609589577,0.04399999603629112,5655.8173828125,114276.53125,0.0429663360118866,0,3.1392715754918754e-05,521.6602783203125,0,0.0002616529818624258,2.8350639695418067e-05,0,0,23.700000762939453,0,0,1600,0,50,0,0,0,50,50,200,0.0,0.0,0.0,0.0
287,156.70712280273438,307.2580261230469,320.7289733886719,320.6735534667969,293.8280944824219,293.88348388671875,16515.818359375,33031.63671875,71.26042175292969,71.26053619384766,1409.6143798828125,2806.923828125,1436.0821533203125,2860.5810546875,281.63623046875,54.63697814941406,-5.565659648709698e-07,0,0,2579.1103515625,1301.3359375,0,25.843488693237305,2152.16015625,11.863402366638184,11.868620872497559,722.5863647460938,1439.2314453125,50.57713317871094,50.58225631713867,80.0,0,0,345.61065673828125,0,7.924896240234375,24.881694793701172,24.937101364135742,0,1.034000039100647,0.9067617654800415,50,2.799999952316284,2.8908166885375977,0,0,0,0,314.99998519276,0,0,0,0.1452084183692932,0.15739287436008453,-0.3023311197757721,0.00027015432715415955,79.58426666259766,79.56229400634766,688.9853515625,688.9680786132812,688.9680786132812,498.1139831542969,0,0,25.843488693237305,0.0010999999940395355,0.02200000174343586,0.03299999609589577,0.04399999603629112,5655.8173828125,114276.53125,0.0429663360118866,0,3.1392715754918754e-05,523.4810791015625,0,0.0002616529818624258,2.8350639695418067e-05,0,0,23.700000762939453,0,0,1600,0,50,0,0,0,50,50,200,0.0,0.0,0.0,0.0
288,156.70762634277344,307.25390625,320.7254943847656,320.67010498046875,293.8233642578125,293.87872314453125,16515.818359375,33031.63671875,71.25577545166016,71.25587463378906,1409.98388671875,2807.67431640625,1436.08251953125,2860.580810546875,281.6330261230469,54.628902435302734,3.1952495191944763e-06,0,0,2579.10986328125,1301.307373046875,0,26.034841537475586,2152.377197265625,11.861974716186523,11.867175102233887,722.6286010742188,1439.3150634765625,50.55641174316406,50.56131362915039,80.0,0,0,345.6107482910156,0,7.924896240234375,24.88525390625,24.94062614440918,0,1.034000039100647,0.9067617654800415,50,2.799999952316284,2.8905251026153564,0,0,0,0,314.99998519276,0,0,0,0.14552104473114014,0.15733851492404938,-0.30256128311157227,0.0002982728183269501,79.59259033203125,79.57032012939453,689.0201416015625,689.0025634765625,689.0025634765625,498.1292724609375,0,0,26.034841537475586,0.0010999999940395355,0.02200000174343586,0.03299999609589577,0.04399999603629112,5655.8173828125,114276.53125,0.0429663360118866,0,3.1392715754918754e-05,525.3018798828125,0,0.0002616529818624258,2.8350639695418067e-05,0,0,23.700000762939453,0,0,1600,0,50,0,0,0,50,50,200,0.0,0.0,0.0,0.0
289,156.708740234375,307.2497863769531,320.7219543457031,320.6665954589844,293.81866455078125,293.8740539550781,16515.818359375,33031.63671875,71.25115203857422,71.25125885009766,1410.35546875,2808.426513671875,1436.0819091796875,2860.58154296875,281.6303405761719,54.622108459472656,8.670980378155946e-08,0,0,2579.107666015625,1301.2796630859375,0,25.894695281982422,2152.6015625,11.860566139221191,11.865747451782227,722.662841796875,1439.3841552734375,50.53596878051758,50.54051971435547,80.0,0,0,345.6111755371094,0,7.924896240234375,24.88922119140625,24.94459342956543,0,1.034000039100647,0.9067617654800415,50,2.799999952316284,2.890223979949951,0,0,0,0,314.99998519276,0,0,0,0.14583109319210052,0.15728232264518738,-0.3027874529361725,0.00032594427466392517,79.60262298583984,79.57861328125,689.0571899414062,689.0382690429688,689.0382690429688,498.14501953125,0,0,25.894695281982422,0.0010999999940395355,0.02200000174343586,0.03299999609589577,0.04399999603629112,5655.8173828125,114276.53125,0.0429663360118866,0,3.1392715754918754e-05,527.1226806640625,0,0.0002616529818624258,2.8350639695418067e-05,0,0,23.700000762939453,0,0,1600,0,50,0,0,0,50,50,200,0.0,0.0,0.0,0.0
290,156.71014404296875,307.2458190917969,320.7184143066406,320.6630554199219,293.81402587890625,293.869384765625,16515.818359375,33031.63671875,71.24655151367188,71.24666595458984,1410.7271728515625,2809.183837890625,1436.079833984375,2860.58349609375,281.6279296875,54.615943908691406,-2.8771632969437633e-06,0,0,2579.103515625,1301.2523193359375,0,25.832916259765625,2152.841796875,11.859176635742188,11.864340782165527,722.699951171875,1439.461181640625,50.5155143737793,50.519954681396484,80.0,0,0,345.6118469238281,0,7.924896240234375,24.8934268951416,24.94879913330078,0,1.034000039100647,0.9067617654800415,50,2.799999952316284,2.8899011611938477,0,0,0,0,314.99998519276,0,0,0,0.14613084495067596,0.15722154080867767,-0.3030100166797638,0.0003423728048801422,79.61346435546875,79.5875015258789,689.0972290039062,689.0768432617188,689.0768432617188,498.1623229980469,0,0,25.832916259765625,0.0010999999940395355,0.02200000174343586,0.03299999609589577,0.04399999603629112,5655.8173828125,114276.53125,0.0429663360118866,0,3.1392715754918754e-05,528.9434814453125,0,0.0002616529818624258,2.8350639695418067e-05,0,0,23.700000762939453,0,0,1600,0,50,0,0,0,50,50,200,0.0,0.0,0.0,0.0
291,156.71170043945312,307.24200439453125,320.71490478515625,320.6595764160156,293.8094482421875,293.8647766113281,16515.818359375,33031.63671875,71.24201202392578,71.24211120605469,1411.1009521484375,2809.943115234375,1436.0721435546875,2860.591064453125,281.6255798339844,54.61011505126953,2.74470767180901e-06,0,0,2579.099365234375,1301.2254638671875,0,25.81376075744629,2153.097900390625,11.857808113098145,11.862955093383789,722.7399291992188,1439.5428466796875,50.49529266357422,50.49951934814453,80.0,0,0,345.61260986328125,0,7.924896240234375,24.8976993560791,24.95303726196289,0,1.034000039100647,0.9067617654800415,50,2.799999952316284,2.8895576000213623,0,0,0,0,314.99998519276,0,0,0,0.14642032980918884,0.15715618431568146,-0.30322912335395813,0.0003474019467830658,79.62432098388672,79.59696197509766,689.139892578125,689.1183471679688,689.1183471679688,498.18109130859375,0,0,25.81376075744629,0.0010999999940395355,0.02200000174343586,0.03299999609589577,0.04399999603629112,5655.8173828125,114276.53125,0.0429663360118866,0,3.1392715754918754e-05,530.7642822265625,0,0.0002616529818624258,2.8350639695418067e-05,0,0,23.700000762939453,0,0,1600,0,50,0,0,0,50,50,200,0.0,0.0,0.0,0.0
292,156.71343994140625,307.2383117675781,320.7113952636719,320.6560974121094,293.804931640625,293.86029052734375,16515.818359375,33031.63671875,71.23750305175781,71.23760986328125,1411.4765625,2810.702392578125,1436.0775146484375,2860.5859375,281.6233825683594,54.60453796386719,4.1701509871927556e-06,0,0,2579.09423828125,1301.198974609375,0,25.806987762451172,2153.36376953125,11.856459617614746,11.861587524414062,722.7838745117188,1439.6318359375,50.475311279296875,50.47924041748047,80.0,0,0,345.6134338378906,0,7.924896240234375,24.90203857421875,24.95734405517578,0,1.034000039100647,0.9067617654800415,50,2.799999952316284,2.8892006874084473,0,0,0,0,314.99998519276,0,0,0,0.14669954776763916,0.15708783268928528,-0.30344489216804504,0.00034248456358909607,79.63475036621094,79.60679626464844,689.1837158203125,689.1617431640625,689.1617431640625,498.200927734375,0,0,25.806987762451172,0.0010999999940395355,0.02200000174343586,0.03299999609589577,0.04399999603629112,5655.8173828125,114276.53125,0.0429663360118866,0,3.1392715754918754e-05,532.5850830078125,0,0.0002616529818624258,2.8350639695418067e-05,0,0,23.700000762939453,0,0,1600,0,50,0,0,0,50,50,200,0.0,0.0,0.0,0.0
293,156.71533203125,307.2347106933594,320.7080078125,320.6527099609375,293.8005065917969,293.8558044433594,16515.818359375,33031.63671875,71.23306274414062,71.23316192626953,1411.8511962890625,2811.46142578125,1436.0765380859375,2860.5869140625,281.62127685546875,54.59920883178711,8.181591510947328e-07,0,0,2579.0888671875,1301.1728515625,0,25.79927635192871,2153.63232421875,11.85512924194336,11.860240936279297,722.831298828125,1439.72802734375,50.45553970336914,50.459232330322266,80.0,0,0,345.6143493652344,0,7.924896240234375,24.90634536743164,24.961650848388672,0,1.034000039100647,0.9067617654800415,50,2.799999952316284,2.888840436935425,0,0,0,0,314.99998519276,0,0,0,0.14697107672691345,0.1570184975862503,-0.3036573827266693,0.0003322027623653412,79.64450073242188,79.6167221069336,689.2276000976562,689.2057495117188,689.2057495117188,498.2210998535156,0,0,25.79927635192871,0.0010999999940395355,0.02200000174343586,0.03299999609589577,0.04399999603629112,5655.8173828125,114276.53125,0.0429663360118866,0,3.1392715754918754e-05,534.4058837890625,0,0.0002616529818624258,2.8350639695418067e-05,0,0,23.700000762939453,0,0,1600,0,50,0,0,0,50,50,200,0.0,0.0,0.0,0.0
294,156.7173614501953,307.231201171875,320.7046813964844,320.6494140625,293.79608154296875,293.8513488769531,16515.818359375,33031.63671875,71.22868347167969,71.2287826538086,1412.2235107421875,2812.217041015625,1436.0750732421875,2860.58837890625,281.6192626953125,54.59410095214844,-7.425870762745035e-07,0,0,2579.0830078125,1301.147216796875,0,25.793352127075195,2153.89794921875,11.853821754455566,11.858915328979492,722.8785400390625,1439.8240966796875,50.436065673828125,50.439537048339844,80.0,0,0,345.6153869628906,0,7.924896240234375,24.910686492919922,24.96595573425293,0,1.034000039100647,0.9067617654800415,50,2.799999952316284,2.888484239578247,0,0,0,0,314.99998519276,0,0,0,0.14723487198352814,0.15694992244243622,-0.30386656522750854,0.0003182440996170044,79.6537094116211,79.62654113769531,689.2706298828125,689.249267578125,689.249267578125,498.2411193847656,0,0,25.793352127075195,0.0010999999940395355,0.02200000174343586,0.03299999609589577,0.04399999603629112,5655.8173828125,114276.53125,0.0429663360118866,0,3.1392715754918754e-05,536.2266845703125,0,0.0002616529818624258,2.8350639695418067e-05,0,0,23.700000762939453,0,0,1600,0,50,0,0,0,50,50,200,0.0,0.0,0.0,0.0
295,156.71954345703125,307.22784423828125,320.70147705078125,320.6462097167969,293.791748046875,293.8470153808594,16515.818359375,33031.63671875,71.2243881225586,71.2244873046875,1412.5933837890625,2812.96826171875,1436.07373046875,2860.589599609375,281.6173095703125,54.58921813964844,6.892004478231684e-08,0,0,2579.076904296875,1301.1219482421875,0,25.786602020263672,2154.15625,11.852533340454102,11.857609748840332,722.9280395507812,1439.9248046875,50.416908264160156,50.420166015625,80.0,0,0,345.616455078125,0,7.924896240234375,24.91499137878418,24.97026252746582,0,1.034000039100647,0.9067617654800415,50,2.799999952316284,2.8881378173828125,0,0,0,0,314.99998519276,0,0,0,0.14748843014240265,0.15688318014144897,-0.3040725290775299,0.00029906630516052246,79.66222381591797,79.63609313964844,689.3121948242188,689.2916870117188,689.2916870117188,498.2605895996094,0,0,25.786602020263672,0.0010999999940395355,0.02200000174343586,0.03299999609589577,0.04399999603629112,5655.8173828125,114276.53125,0.0429663360118866,0,3.1392715754918754e-05,538.0474853515625,0,0.0002616529818624258,2.8350639695418067e-05,0,0,23.700000762939453,0,0,1600,0,50,0,0,0,50,50,200,0.0,0.0,0.0,0.0
296,156.7218780517578,307.2245788574219,320.6983337402344,320.6430969238281,293.7875061035156,293.8427429199219,16515.818359375,33031.63671875,71.22016143798828,71.22026062011719,1412.960205078125,2813.71337890625,1436.0723876953125,2860.5908203125,281.615478515625,54.58454895019531,1.5096570677997079e-06,0,0,2579.070068359375,1301.0972900390625,0,25.779003143310547,2154.404052734375,11.851265907287598,11.856325149536133,722.9774780273438,1440.025146484375,50.398109436035156,50.40115737915039,80.0,0,0,345.61761474609375,0,7.924896240234375,24.91929817199707,24.97453498840332,0,1.034000039100647,0.9067617654800415,50,2.799999952316284,2.887805938720703,0,0,0,0,314.99998519276,0,0,0,0.1477368175983429,0.1568191945552826,-0.3042752742767334,0.00028072670102119446,79.67001342773438,79.64524841308594,689.3517456054688,689.332275390625,689.332275390625,498.27923583984375,0,0,25.779003143310547,0.0010999999940395355,0.02200000174343586,0.03299999609589577,0.04399999603629112,5655.8173828125,114276.53125,0.0429663360118866,0,3.1392715754918754e-05,539.8682861328125,0,0.0002616529818624258,2.8350639695418067e-05,0,0,23.700000762939453,0,0,1600,0,50,0,0,0,50,50,200,0.0,0.0,0.0,0.0
297,156.7243194580078,307.22137451171875,320.6953125,320.6401062011719,293.7832946777344,293.8385009765625,16515.818359375,33031.63671875,71.21601867675781,71.21611022949219,1413.3245849609375,2814.45263671875,1436.0772705078125,2860.586181640625,281.61370849609375,54.58008575439453,2.417608584437403e-06,0,0,2579.06298828125,1301.0728759765625,0,25.773324966430664,2154.638671875,11.850016593933105,11.855059623718262,723.0291137695312,1440.1300048828125,50.379661560058594,50.382511138916016,80.0,0,0,345.61883544921875,0,7.924896240234375,24.92353630065918,24.978740692138672,0,1.034000039100647,0.9067617654800415,50,2.799999952316284,2.887491464614868,0,0,0,0,314.99998519276,0,0,0,0.1479775309562683,0.15675872564315796,-0.3044756352901459,0.0002606324851512909,79.6771469116211,79.65392303466797,689.3889770507812,689.3706665039062,689.3706665039062,498.29681396484375,0,0,25.773324966430664,0.0010999999940395355,0.02200000174343586,0.03299999609589577,0.04399999603629112,5655.8173828125,114276.53125,0.0429663360118866,0,3.1392715754918754e-05,541.6890869140625,0,0.0002616529818624258,2.8350639695418067e-05,0,0,23.700000762939453,0,0,1600,0,50,0,0,0,50,50,200,0.0,0.0,0.0,0.0
298,156.7268524169922,307.21826171875,320.6923828125,320.63720703125,293.7791748046875,293.8343811035156,16515.818359375,33031.63671875,71.21194458007812,71.21204376220703,1413.685546875,2815.18359375,1436.07666015625,2860.586669921875,281.6120300292969,54.575775146484375,-5.3413341447594576e-06,0,0,2579.055419921875,1301.0489501953125,0,25.772342681884766,2154.859130859375,11.84878921508789,11.853816032409668,723.0797729492188,1440.2318115234375,50.36167907714844,50.36421203613281,80.0,0,0,345.6201171875,0,7.924896240234375,24.92774200439453,24.98291015625,0,1.034000039100647,0.9067617654800415,50,2.799999952316284,2.8871960639953613,0,0,0,0,314.99998519276,0,0,0,0.14821308851242065,0.15670213103294373,-0.3046756386756897,0.00023958832025527954,79.68364715576172,79.66207122802734,689.423583984375,689.4066162109375,689.4066162109375,498.3132019042969,0,0,25.772342681884766,0.0010999999940395355,0.02200000174343586,0.03299999609589577,0.04399999603629112,5655.8173828125,114276.53125,0.0429663360118866,0,3.1392715754918754e-05,543.5098876953125,0,0.0002616529818624258,2.8350639695418067e-05,0,0,23.700000762939453,0,0,1600,0,50,0,0,0,50,50,200,0.0,0.0,0.0,0.0
299,156.72947692871094,307.2152099609375,320.6895751953125,320.6343994140625,293.77508544921875,293.8302917480469,16515.818359375,33031.63671875,71.20796203613281,71.20805358886719,1414.0408935546875,2815.90966796875,1436.068603515625,2860.5947265625,281.6103515625,54.57160568237305,-2.238724391645519e-06,0,0,2579.048095703125,1301.025634765625,0,25.770776748657227,2155.064208984375,11.847580909729004,11.85258960723877,723.1295166015625,1440.333740234375,50.343929290771484,50.346351623535156,80.0,0,0,345.6214599609375,0,7.924896240234375,24.9318790435791,24.98704719543457,0,1.034000039100647,0.9067617654800415,50,2.799999952316284,2.8869211673736572,0,0,0,0,314.99998519276,0,0,0,0.14844352006912231,0.15664967894554138,-0.3048756420612335,0.00021757185459136963,79.6894760131836,79.6696548461914,689.4555053710938,689.43994140625,689.43994140625,498.3283386230469,0,0,25.770776748657227,0.0010999999940395355,0.02200000174343586,0.03299999609589577,0.04399999603629112,5655.8173828125,114276.53125,0.0429663360118866,0,3.1392715754918754e-05,545.3306884765625,0,0.0002616529818624258,2.8350639695418067e-05,0,0,23.700000762939453,0,0,1600,0,50,0,0,0,50,50,200,0.0,0.0,0.0,0.0
