TIME,P,TAVG,THA,THB,TCA,TCB,WRCA,WRCB,PSGA,PSGB,WFWA,WFWB,WSTA,WSTB,VOL,LVPZ,VOID,WLR,WUP,HUP,HLW,WHPI,WECS,QMWT,LSGA,LSGB,QMGA,QMGB,NSGA,NSGB,TBLD,WTRA,WTRB,TSAT,QRHR,LVCR,SCMA,SCMB,FRCL,PRB,PRBA,TRB,LWRB,DNBR,QFCL,WBK,WSPY,WCSP,HTR,MH2,CNH2,RHBR,RHMT,RHFL,RHRD,RH,PWNT,PWR,TFSB,TFPK,TF,TPCT,WCFT,WLPI,WCHG,RM1,RM2,RM3,RM4,RC87,RC131,STRB,STSG,STTB,RBLK,SGLK,DTHY,DWB,WRLA,WRLB,WLD,MBK,EBK,TKLV,FRZR,TDBR,MDBR,MCRT,MGAS,TCRT,TSLP,PPM,Pad_Col_0,Pad_Col_1,Pad_Col_2,Pad_Col_3
0,158.1999969482422,309.1399841308594,326.1538391113281,326.11614990234375,292.1261291503906,292.1638488769531,16515.818359375,33031.63671875,69.00464630126953,69.0042495727539,1790.2763671875,3580.552734375,1792.9256591796875,3577.9033203125,284.552001953125,62.0,1.8346643173572375e-06,0,0,2574.662353515625,1291.7806396484375,0,23.700000762939453,2705.0,11.830000877380371,11.830000877380371,910.2337036132812,1816.4324951171875,50.0,50.0,100,0,0,346.3753967285156,0,7.924896240234375,20.2215576171875,20.25926399230957,0,1.034000039100647,0.9067617654800415,50,2.799999952316284,2.3000001907348633,0,0,0,0,0.0,0,0,0,0.0,0.0,0.0,0.0,100.0,100.0,788.9000244140625,788.9000244140625,788.9000244140625,549.02001953125,0,0,23.700000762939453,0.0010999999940395355,0.02200000174343586,0.03299999609589577,0.04399999603629112,5655.8173828125,114276.53125,0.0429663360118866,0,3.1392715754918754e-05,0.9104048013687134,0,0.0002616529818624258,2.8350639695418067e-05,0,0,23.700000762939453,0,0,1600,0,50,0,0,0,50,50,800,0.0,0.0,0.0,0.0
1,158.18841552734375,309.1293029785156,326.15203857421875,326.1136169433594,292.124755859375,292.16314697265625,16515.818359375,33031.63671875,69.01226043701172,69.01177978515625,1790.602783203125,3580.143310546875,1793.5780029296875,3577.251220703125,284.549560546875,61.99385070800781,1.1948225164815085e-06,0,0,2574.67333984375,1291.7650146484375,0,-5.413074859461631e-07,2705.042236328125,11.830011367797852,11.830208778381348,909.8095703125,1815.0777587890625,50.035274505615234,49.98440170288086,100,0,0,346.37347412109375,0,7.924896240234375,20.22142219543457,20.25984001159668,0,1.034000039100647,0.9067617654800415,50,2.799999952316284,2.299964189529419,0,0,0,0,1.0797373766589098,0,0,0,0.0006594851147383451,0.0,-0.0015600001206621528,-0.0009005150059238076,99.96749114990234,100.0015640258789,788.8731689453125,788.9000244140625,788.9000244140625,549.0162353515625,0,0,-5.413074859461631e-07,0.0010999999940395355,0.02200000174343586,0.03299999609589577,0.04399999603629112,5655.8173828125,114276.53125,0.0429663360118866,0,3.1392715754918754e-05,2.7312145233154297,0,0.0002616529818624258,2.8350639695418067e-05,0,0,23.700000762939453,0,0,1600,0,50,0,0,0,50,50,800,0.0,0.0,0.0,0.0
2,158.1675262451172,309.12493896484375,326.1483154296875,326.1091613769531,292.1241760253906,292.1632995605469,16515.818359375,33031.63671875,69.01803588867188,69.0175552368164,1790.5333251953125,3579.734130859375,1793.615478515625,3577.21337890625,284.5380859375,61.96484375,-2.958219738502521e-06,0,0,2574.7265625,1291.7884521484375,0,-5.413074859461631e-07,2704.3740234375,11.82996940612793,11.830388069152832,909.370849609375,1814.1856689453125,50.041473388671875,49.99057388305664,100,0,0,346.3643798828125,0,7.924896240234375,20.216064453125,20.255229949951172,0,1.034000039100647,0.9067617654800415,50,2.799999952316284,2.300532579421997,0,0,0,0,6.150646839793775,0,0,0,0.0009295160416513681,0.00015318569785449654,-0.0031200002413243055,-0.002037298632785678,99.76207733154297,99.97686004638672,788.60693359375,788.7760009765625,788.7760009765625,548.9514770507812,0,0,-5.413074859461631e-07,0.0010999999940395355,0.02200000174343586,0.03299999609589577,0.04399999603629112,5655.8173828125,114276.53125,0.0429663360118866,0,3.1392715754918754e-05,4.552023887634277,0,0.0002616529818624258,2.8350639695418067e-05,0,0,23.700000762939453,0,0,1600,0,50,0,0,0,50,50,800,0.0,0.0,0.0,0.0
3,158.1438446044922,309.1209716796875,326.1436462402344,326.1038513183594,292.1239013671875,292.1636657714844,16515.818359375,33031.63671875,69.02269744873047,69.02222442626953,1790.1976318359375,3578.908203125,1793.61767578125,3577.21142578125,284.52337646484375,61.92770767211914,-8.578200549891335e-07,0,0,2574.794189453125,1291.8045654296875,0,-5.413074859461631e-07,2702.1162109375,11.82989501953125,11.830533981323242,909.0242309570312,1813.486572265625,50.05743408203125,50.00893020629883,100,0,0,346.3528137207031,0,7.924896240234375,20.20918083190918,20.24895668029785,0,1.034000039100647,0.9067617654800415,50,2.799999952316284,2.302454948425293,0,0,0,0,12.62425044785463,0,0,0,0.0011744056828320026,0.0006526096258312464,-0.0046800002455711365,-0.0028529844712466,99.5141372680664,99.89338684082031,788.0730590820312,788.37158203125,788.37158203125,548.747314453125,0,0,-5.413074859461631e-07,0.0010999999940395355,0.02200000174343586,0.03299999609589577,0.04399999603629112,5655.8173828125,114276.53125,0.0429663360118866,0,3.1392715754918754e-05,6.372833251953125,0,0.0002616529818624258,2.8350639695418067e-05,0,0,23.700000762939453,0,0,1600,0,50,0,0,0,50,50,800,0.0,0.0,0.0,0.0
4,158.11827087402344,309.1155700683594,326.13812255859375,326.09783935546875,292.1236267089844,292.16387939453125,16515.818359375,33031.63671875,69.0263671875,69.02590942382812,1789.6734619140625,3577.73681640625,1793.615478515625,3577.213623046875,284.50732421875,61.88718032836914,-4.758046088682022e-06,0,0,2574.867919921875,1291.8121337890625,0,-5.413074859461631e-07,2698.53466796875,11.829784393310547,11.830638885498047,908.6812133789062,1812.7967529296875,50.08257293701172,50.03666305541992,100,0,0,346.3402099609375,0,7.924896240234375,20.20209503173828,20.24237823486328,0,1.034000039100647,0.9067617654800415,50,2.799999952316284,2.3055105209350586,0,0,0,0,19.6666442036544,0,0,0,0.0015071709640324116,0.001442659180611372,-0.006240000016987324,-0.00329016987234354,99.28265380859375,99.760986328125,787.3553466796875,787.7318725585938,787.7318725585938,548.4252319335938,0,0,-5.413074859461631e-07,0.0010999999940395355,0.02200000174343586,0.03299999609589577,0.04399999603629112,5655.8173828125,114276.53125,0.0429663360118866,0,3.1392715754918754e-05,8.193642616271973,0,0.0002616529818624258,2.8350639695418067e-05,0,0,23.700000762939453,0,0,1600,0,50,0,0,0,50,50,800,0.0,0.0,0.0,0.0
5,158.09019470214844,309.107666015625,326.13153076171875,326.0908508300781,292.1228332519531,292.1635437011719,16515.818359375,33031.63671875,69.02896118164062,69.02851104736328,1789.0499267578125,3576.37060546875,1793.614013671875,3577.21484375,284.4898376464844,61.84299087524414,-2.7317742024024483e-06,0,0,2574.94775390625,1291.81005859375,0,-5.413074859461631e-07,2694.180419921875,11.829629898071289,11.830697059631348,908.2930297851562,1812.015380859375,50.112945556640625,50.06955337524414,100,0,0,346.3265380859375,0,7.924896240234375,20.19500732421875,20.235698699951172,0,1.034000039100647,0.9067617654800415,50,2.799999952316284,2.309236764907837,0,0,0,0,27.32121070496497,0,0,0,0.0019947378896176815,0.002404487691819668,-0.007799999788403511,-0.003400773974135518,99.0687026977539,99.60001373291016,786.5348510742188,786.9530639648438,786.9530639648438,548.0325317382812,0,0,-5.413074859461631e-07,0.0010999999940395355,0.02200000174343586,0.03299999609589577,0.04399999603629112,5655.8173828125,114276.53125,0.0429663360118866,0,3.1392715754918754e-05,10.014452934265137,0,0.0002616529818624258,2.8350639695418067e-05,0,0,23.700000762939453,0,0,1600,0,50,0,0,0,50,50,800,0.0,0.0,0.0,0.0
6,158.05894470214844,309.09686279296875,326.12353515625,326.08245849609375,292.1212463378906,292.1623229980469,16515.818359375,33031.63671875,69.0302734375,69.02983093261719,1788.3912353515625,3574.938232421875,1793.612060546875,3577.217041015625,284.47039794921875,61.793922424316406,6.87012288835831e-07,0,0,2575.036376953125,1291.7984619140625,0,-5.413074859461631e-07,2689.47900390625,11.829421043395996,11.83069896697998,907.8403930664062,1811.106201171875,50.14519119262695,50.1043701171875,100,0,0,346.3113708496094,0,7.924896240234375,20.18785285949707,20.22891616821289,0,1.034000039100647,0.9067617654800415,50,2.799999952316284,2.3132734298706055,0,0,0,0,35.7952231457505,0,0,0,0.0026621303986757994,0.0034457987640053034,-0.009359999559819698,-0.0032520703971385956,98.88802337646484,99.42620849609375,785.686279296875,786.1099243164062,786.1099243164062,547.6062622070312,0,0,-5.413074859461631e-07,0.0010999999940395355,0.02200000174343586,0.03299999609589577,0.04399999603629112,5655.8173828125,114276.53125,0.0429663360118866,0,3.1392715754918754e-05,11.8352632522583,0,0.0002616529818624258,2.8350639695418067e-05,0,0,23.700000762939453,0,0,1600,0,50,0,0,0,50,50,800,0.0,0.0,0.0,0.0
7,158.02418518066406,309.08306884765625,326.11383056640625,326.0724792480469,292.1184997558594,292.15985107421875,16515.818359375,33031.63671875,69.03003692626953,69.02960205078125,1787.76123046875,3573.559814453125,1793.6112060546875,3577.218017578125,284.44866943359375,61.739112854003906,1.8193782125308644e-06,0,0,2575.135009765625,1291.7762451171875,0,-5.413074859461631e-07,2684.847412109375,11.829155921936035,11.830642700195312,907.328369140625,1810.077392578125,50.17629623413086,50.1379508972168,100,0,0,346.2944641113281,0,7.924896240234375,20.180631637573242,20.22199821472168,0,1.034000039100647,0.9067617654800415,50,2.799999952316284,2.3172640800476074,0,0,0,0,45.24292226804169,0,0,0,0.0035134044010192156,0.0044755516573786736,-0.01092000026255846,-0.002931043738499284,98.75253295898438,99.25498962402344,784.880615234375,785.276123046875,785.276123046875,547.1832275390625,0,0,-5.413074859461631e-07,0.0010999999940395355,0.02200000174343586,0.03299999609589577,0.04399999603629112,5655.8173828125,114276.53125,0.0429663360118866,0,3.1392715754918754e-05,13.656073570251465,0,0.0002616529818624258,2.8350639695418067e-05,0,0,23.700000762939453,0,0,1600,0,50,0,0,0,50,50,800,0.0,0.0,0.0,0.0
8,157.9860076904297,309.066650390625,326.1023254394531,326.0606994628906,292.11419677734375,292.1557922363281,16515.818359375,33031.63671875,69.02820587158203,69.02778625488281,1787.1925048828125,3572.30859375,1793.6090087890625,3577.22021484375,284.42462158203125,61.67833709716797,-1.7069298792193877e-06,0,0,2575.244140625,1291.7445068359375,0,-5.413074859461631e-07,2680.5732421875,11.828834533691406,11.830523490905762,906.7678833007812,1808.953369140625,50.204010009765625,50.16819381713867,100,0,0,346.2757873535156,0,7.924896240234375,20.173442840576172,20.2150821685791,0,1.034000039100647,0.9067617654800415,50,2.799999952316284,2.3209588527679443,0,0,0,0,55.69805691027495,0,0,0,0.004525399766862392,0.0054305121302604675,-0.012480000033974648,-0.0025240874383598566,98.65017700195312,99.09697723388672,784.1511840820312,784.5028686523438,784.5028686523438,546.7890014648438,0,0,-5.413074859461631e-07,0.0010999999940395355,0.02200000174343586,0.03299999609589577,0.04399999603629112,5655.8173828125,114276.53125,0.0429663360118866,0,3.1392715754918754e-05,15.476883888244629,0,0.0002616529818624258,2.8350639695418067e-05,0,0,23.700000762939453,0,0,1600,0,50,0,0,0,50,50,800,0.0,0.0,0.0,0.0
9,157.94485473632812,309.0480651855469,326.0888977050781,326.04705810546875,292.1083068847656,292.150146484375,16515.818359375,33031.63671875,69.02459716796875,69.0241928100586,1786.7166748046875,3571.2412109375,1793.6063232421875,3577.222412109375,284.39837646484375,61.61204528808594,-5.147405317984521e-06,0,0,2575.36279296875,1291.70263671875,0,-5.413074859461631e-07,2676.840576171875,11.828454971313477,11.830347061157227,906.1849975585938,1807.78125,50.227108001708984,50.193702697753906,100,0,0,346.2554016113281,0,7.924896240234375,20.16649055480957,20.20833396911621,0,1.034000039100647,0.9067617654800415,50,2.799999952316284,2.324195384979248,0,0,0,0,67.07386388875977,0,0,0,0.005670780315995216,0.006269809324294329,-0.014039999805390835,-0.0020994096994400024,98.5724868774414,98.958984375,783.51904296875,783.8232421875,783.8232421875,546.4404296875,0,0,-5.413074859461631e-07,0.0010999999940395355,0.02200000174343586,0.03299999609589577,0.04399999603629112,5655.8173828125,114276.53125,0.0429663360118866,0,3.1392715754918754e-05,17.297693252563477,0,0.0002616529818624258,2.8350639695418067e-05,0,0,23.700000762939453,0,0,1600,0,50,0,0,0,50,50,800,0.0,0.0,0.0,0.0
10,157.9013214111328,309.0278625488281,326.07373046875,326.03167724609375,292.1005859375,292.1426696777344,16515.818359375,33031.63671875,69.01917266845703,69.01876831054688,1786.3348388671875,3570.36181640625,1793.6014404296875,3577.227294921875,284.3702697753906,61.541072845458984,1.7455681700084824e-06,0,0,2575.489990234375,1291.6517333984375,0,-5.413074859461631e-07,2673.68408203125,11.828023910522461,11.830114364624023,905.6011962890625,1806.6103515625,50.24528121948242,50.21430206298828,100,0,0,346.2336730957031,0,7.924896240234375,20.15994644165039,20.201993942260742,0,1.034000039100647,0.9067617654800415,50,2.799999952316284,2.326939344406128,0,0,0,0,79.22572716746126,0,0,0,0.006915962789207697,0.006985234562307596,-0.015599999576807022,-0.0016988021088764071,98.52466583251953,98.84229278564453,782.9939575195312,783.2439575195312,783.2439575195312,546.1410522460938,0,0,-5.413074859461631e-07,0.0010999999940395355,0.02200000174343586,0.03299999609589577,0.04399999603629112,5655.8173828125,114276.53125,0.0429663360118866,0,3.1392715754918754e-05,19.118501663208008,0,0.0002616529818624258,2.8350639695418067e-05,0,0,23.700000762939453,0,0,1600,0,50,0,0,0,50,50,800,0.0,0.0,0.0,0.0
11,157.85604858398438,309.0065612792969,326.0570373535156,326.0148010253906,292.091064453125,292.13336181640625,16515.818359375,33031.63671875,69.01194763183594,69.01155090332031,1786.042724609375,3569.66357421875,1793.5994873046875,3577.229248046875,284.3407287597656,61.466468811035156,-2.058368409052491e-06,0,0,2575.622802734375,1291.59228515625,0,-5.413074859461631e-07,2671.109130859375,11.827545166015625,11.829828262329102,905.03759765625,1805.47998046875,50.25859832763672,50.22996139526367,100,0,0,346.2109069824219,0,7.924896240234375,20.15387725830078,20.19612693786621,0,1.034000039100647,0.9067617654800415,50,2.799999952316284,2.3291823863983154,0,0,0,0,91.96084682476764,0,0,0,0.008227411657571793,0.007574944291263819,-0.017159998416900635,-0.0013576425844803452,98.4845199584961,98.74710083007812,782.5597534179688,782.7664794921875,782.7664794921875,545.891845703125,0,0,-5.413074859461631e-07,0.0010999999940395355,0.02200000174343586,0.03299999609589577,0.04399999603629112,5655.8173828125,114276.53125,0.0429663360118866,0,3.1392715754918754e-05,20.93931007385254,0,0.0002616529818624258,2.8350639695418067e-05,0,0,23.700000762939453,0,0,1600,0,50,0,0,0,50,50,800,0.0,0.0,0.0,0.0
12,157.8096466064453,308.9845886230469,326.0390930175781,325.9966735839844,292.0798034667969,292.1222229003906,16515.818359375,33031.63671875,69.00301361083984,69.00262451171875,1785.8328857421875,3569.130126953125,1793.598876953125,3577.229736328125,284.3101501464844,61.389244079589844,-8.567116651647666e-07,0,0,2575.759521484375,1291.525146484375,0,-5.413074859461631e-07,2669.03857421875,11.827021598815918,11.829497337341309,904.5108642578125,1804.4208984375,50.267662048339844,50.24134826660156,100,0,0,346.1873779296875,0,7.924896240234375,20.148283004760742,20.190702438354492,0,1.034000039100647,0.9067617654800415,50,2.799999952316284,2.330989360809326,0,0,0,0,105.10568442217836,0,0,0,0.009579993784427643,0.00805527251213789,-0.018719999119639397,-0.0010847324738278985,98.45745086669922,98.6705551147461,782.2097778320312,782.3775634765625,782.3775634765625,545.6865844726562,0,0,-5.413074859461631e-07,0.0010999999940395355,0.02200000174343586,0.03299999609589577,0.04399999603629112,5655.8173828125,114276.53125,0.0429663360118866,0,3.1392715754918754e-05,22.76011848449707,0,0.0002616529818624258,2.8350639695418067e-05,0,0,23.700000762939453,0,0,1600,0,50,0,0,0,50,50,800,0.0,0.0,0.0,0.0
13,157.7626190185547,308.9622802734375,326.02020263671875,325.9776611328125,292.06683349609375,292.109375,16515.818359375,33031.63671875,68.99248504638672,68.99211120605469,1785.6865234375,3568.7255859375,1793.593505859375,3577.2353515625,284.27886962890625,61.310302734375,4.784824795933673e-06,0,0,2575.8994140625,1291.451416015625,0,-5.413074859461631e-07,2667.379150390625,11.826460838317871,11.829124450683594,904.0283813476562,1803.452880859375,50.27323913574219,50.249210357666016,100,0,0,346.1634216308594,0,7.924896240234375,20.14319610595703,20.18575096130371,0,1.034000039100647,0.9067617654800415,50,2.799999952316284,2.332439661026001,0,0,0,0,118.50117479354523,0,0,0,0.010952791199088097,0.00844615139067173,-0.02027999795973301,-0.0008810562430880964,98.4400863647461,98.60920715332031,781.9279174804688,782.06103515625,782.06103515625,545.5172729492188,0,0,-5.413074859461631e-07,0.0010999999940395355,0.02200000174343586,0.03299999609589577,0.04399999603629112,5655.8173828125,114276.53125,0.0429663360118866,0,3.1392715754918754e-05,24.5809268951416,0,0.0002616529818624258,2.8350639695418067e-05,0,0,23.700000762939453,0,0,1600,0,50,0,0,0,50,50,800,0.0,0.0,0.0,0.0
14,157.71533203125,308.9398193359375,326.0006408691406,325.95794677734375,292.0522766113281,292.0949401855469,16515.818359375,33031.63671875,68.98050689697266,68.98014831542969,1785.596923828125,3568.435546875,1793.5909423828125,3577.238037109375,284.2472229003906,61.23037338256836,-1.7900961211125832e-06,0,0,2576.040283203125,1291.37109375,0,-5.413074859461631e-07,2666.076904296875,11.8258695602417,11.828718185424805,903.595703125,1802.5845947265625,50.275760650634766,50.2540283203125,100,0,0,346.13922119140625,0,7.924896240234375,20.13858413696289,20.1812744140625,0,1.034000039100647,0.9067617654800415,50,2.799999952316284,2.3335788249969482,0,0,0,0,132.01717517518574,0,0,0,0.012333263643085957,0.008759056217968464,-0.02184000052511692,-0.0007476797327399254,98.42189025878906,98.56106567382812,781.6980590820312,781.8076782226562,781.8076782226562,545.37939453125,0,0,-5.413074859461631e-07,0.0010999999940395355,0.02200000174343586,0.03299999609589577,0.04399999603629112,5655.8173828125,114276.53125,0.0429663360118866,0,3.1392715754918754e-05,26.401735305786133,0,0.0002616529818624258,2.8350639695418067e-05,0,0,23.700000762939453,0,0,1600,0,50,0,0,0,50,50,800,0.0,0.0,0.0,0.0
15,157.66810607910156,308.91741943359375,325.980712890625,325.9379577636719,292.03619384765625,292.0789794921875,16515.818359375,33031.63671875,68.96724700927734,68.96688842773438,1785.546875,3568.224609375,1793.590087890625,3577.23876953125,284.21539306640625,61.150001525878906,-1.3117726211930858e-06,0,0,2576.181640625,1291.28564453125,0,-5.413074859461631e-07,2665.017333984375,11.825250625610352,11.828280448913574,903.2147827148438,1801.8170166015625,50.276206970214844,50.25667953491211,100,0,0,346.1150207519531,0,7.924896240234375,20.13431167602539,20.17707061767578,0,1.034000039100647,0.9067617654800415,50,2.799999952316284,2.3345065116882324,0,0,0,0,145.557277558881,0,0,0,0.013710983097553253,0.009018860757350922,-0.023400001227855682,-0.0006701585953123868,98.40299987792969,98.52189636230469,781.5037231445312,781.5972900390625,781.5972900390625,545.262939453125,0,0,-5.413074859461631e-07,0.0010999999940395355,0.02200000174343586,0.03299999609589577,0.04399999603629112,5655.8173828125,114276.53125,0.0429663360118866,0,3.1392715754918754e-05,28.222543716430664,0,0.0002616529818624258,2.8350639695418067e-05,0,0,23.700000762939453,0,0,1600,0,50,0,0,0,50,50,800,0.0,0.0,0.0,0.0
16,157.62109375,308.8951110839844,325.96063232421875,325.9178161621094,292.0187683105469,292.0616149902344,16515.818359375,33031.63671875,68.95283508300781,68.9524917602539,1785.524658203125,3568.069091796875,1793.587890625,3577.24072265625,284.18353271484375,61.06957244873047,1.0871691529246164e-06,0,0,2576.322021484375,1291.1954345703125,0,-5.413074859461631e-07,2664.119873046875,11.824609756469727,11.827818870544434,902.882568359375,1801.1485595703125,50.27520751953125,50.25782775878906,100,0,0,346.09088134765625,0,7.924896240234375,20.1302433013916,20.17306900024414,0,1.034000039100647,0.9067617654800415,50,2.799999952316284,2.3352928161621094,0,0,0,0,159.0539963388777,0,0,0,0.015081784687936306,0.009242985397577286,-0.024960003793239594,-0.000635234173387289,98.37557220458984,98.48872375488281,781.3267822265625,781.4158325195312,781.4158325195312,545.1610717773438,0,0,-5.413074859461631e-07,0.0010999999940395355,0.02200000174343586,0.03299999609589577,0.04399999603629112,5655.8173828125,114276.53125,0.0429663360118866,0,3.1392715754918754e-05,30.043352127075195,0,0.0002616529818624258,2.8350639695418067e-05,0,0,23.700000762939453,0,0,1600,0,50,0,0,0,50,50,800,0.0,0.0,0.0,0.0
17,157.57432556152344,308.87286376953125,325.9397888183594,325.8968200683594,292.00091552734375,292.04388427734375,16515.818359375,33031.63671875,68.93743133544922,68.93709564208984,1785.5128173828125,3567.93603515625,1793.5819091796875,3577.246826171875,284.1517333984375,60.98924255371094,-2.679157205420779e-06,0,0,2576.4619140625,1291.1009521484375,0,-5.413074859461631e-07,2663.273681640625,11.823949813842773,11.827336311340332,902.5924682617188,1800.5655517578125,50.27354049682617,50.25837707519531,100,0,0,346.0668640136719,0,7.924896240234375,20.12708854675293,20.17005157470703,0,1.034000039100647,0.9067617654800415,50,2.799999952316284,2.3360350131988525,0,0,0,0,172.48322951312122,0,0,0,0.0164477601647377,0.009455887600779533,-0.026520006358623505,-0.0006163590587675571,98.35675048828125,98.45743560791016,781.1641845703125,781.2434692382812,781.2434692382812,545.063720703125,0,0,-5.413074859461631e-07,0.0010999999940395355,0.02200000174343586,0.03299999609589577,0.04399999603629112,5655.8173828125,114276.53125,0.0429663360118866,0,3.1392715754918754e-05,31.864160537719727,0,0.0002616529818624258,2.8350639695418067e-05,0,0,23.700000762939453,0,0,1600,0,50,0,0,0,50,50,800,0.0,0.0,0.0,0.0
18,157.52783203125,308.8506774902344,325.9175109863281,325.87445068359375,291.9835205078125,292.02655029296875,16515.818359375,33031.63671875,68.92115020751953,68.92082214355469,1785.511962890625,3567.8251953125,1793.5792236328125,3577.25,284.1199645996094,60.9090461730957,3.254053353884956e-06,0,0,2576.60107421875,1291.00244140625,0,-5.413074859461631e-07,2662.48828125,11.823273658752441,11.82683277130127,902.3402709960938,1800.057373046875,50.271270751953125,50.258209228515625,100,0,0,346.04296875,0,7.924896240234375,20.12546157836914,20.16852569580078,0,1.034000039100647,0.9067617654800415,50,2.799999952316284,2.336724042892456,0,0,0,0,185.83533628078956,0,0,0,0.01780891604721546,0.009655389003455639,-0.028080008924007416,-0.0006157040479592979,98.32926940917969,98.42839813232422,781.0038452148438,781.0819091796875,781.0819091796875,544.9718627929688,0,0,-5.413074859461631e-07,0.0010999999940395355,0.02200000174343586,0.03299999609589577,0.04399999603629112,5655.8173828125,114276.53125,0.0429663360118866,0,3.1392715754918754e-05,33.68497085571289,0,0.0002616529818624258,2.8350639695418067e-05,0,0,23.700000762939453,0,0,1600,0,50,0,0,0,50,50,800,0.0,0.0,0.0,0.0
19,157.48155212402344,308.82843017578125,325.8940734863281,325.8509521484375,291.9664001464844,292.0094909667969,16515.818359375,33031.63671875,68.90409851074219,68.9037857055664,1785.5181884765625,3567.7275390625,1793.58154296875,3577.24755859375,284.0882568359375,60.828948974609375,3.021996235474944e-06,0,0,2576.7392578125,1290.9005126953125,0,-5.413074859461631e-07,2661.7158203125,11.822586059570312,11.826314926147461,902.1188354492188,1799.607666015625,50.26878356933594,50.25774383544922,100,0,0,346.01922607421875,0,7.924896240234375,20.12515640258789,20.16828727722168,0,1.034000039100647,0.9067617654800415,50,2.799999952316284,2.337402105331421,0,0,0,0,199.11512899488068,0,0,0,0.019173577427864075,0.00985195953398943,-0.029640011489391327,-0.0006144745857454836,98.302001953125,98.39984893798828,780.845703125,780.9227294921875,780.9227294921875,544.881103515625,0,0,-5.413074859461631e-07,0.0010999999940395355,0.02200000174343586,0.03299999609589577,0.04399999603629112,5655.8173828125,114276.53125,0.0429663360118866,0,3.1392715754918754e-05,35.50577926635742,0,0.0002616529818624258,2.8350639695418067e-05,0,0,23.700000762939453,0,0,1600,0,50,0,0,0,50,50,800,0.0,0.0,0.0,0.0
20,157.4353790283203,308.80609130859375,325.8698425292969,325.8266296386719,291.94940185546875,291.9925537109375,16515.818359375,33031.63671875,68.88636779785156,68.88605499267578,1785.529052734375,3567.64306640625,1793.5755615234375,3577.253173828125,284.0565185546875,60.748817443847656,-2.439131094433833e-06,0,0,2576.876953125,1290.7952880859375,0,-5.413074859461631e-07,2660.955322265625,11.821884155273438,11.825780868530273,901.9202270507812,1799.20654296875,50.266014099121094,50.25703430175781,100,0,0,345.9955139160156,0,7.924896240234375,20.125699996948242,20.16889762878418,0,1.034000039100647,0.9067617654800415,50,2.799999952316284,2.3380703926086426,0,0,0,0,212.35156224751242,0,0,0,0.020543815568089485,0.010046101175248623,-0.03120001219213009,-0.000610096612945199,98.27487182617188,98.3717269897461,780.6893310546875,780.7655639648438,780.7655639648438,544.7913818359375,0,0,-5.413074859461631e-07,0.0010999999940395355,0.02200000174343586,0.03299999609589577,0.04399999603629112,5655.8173828125,114276.53125,0.0429663360118866,0,3.1392715754918754e-05,37.32658767700195,0,0.0002616529818624258,2.8350639695418067e-05,0,0,23.700000762939453,0,0,1600,0,50,0,0,0,50,50,800,0.0,0.0,0.0,0.0
21,157.38926696777344,308.7835998535156,325.84490966796875,325.8016662597656,291.9324035644531,291.97564697265625,16515.818359375,33031.63671875,68.86800384521484,68.8676986694336,1785.5450439453125,3567.567626953125,1793.572998046875,3577.256103515625,284.02471923828125,60.66853332519531,7.666357078051078e-07,0,0,2577.014404296875,1290.6873779296875,0,-5.413074859461631e-07,2660.204345703125,11.821175575256348,11.825234413146973,901.7409057617188,1798.8438720703125,50.263092041015625,50.25608444213867,100,0,0,345.9718933105469,0,7.924896240234375,20.12698745727539,20.17022132873535,0,1.034000039100647,0.9067617654800415,50,2.799999952316284,2.3387300968170166,0,0,0,0,225.56388545067637,0,0,0,0.021921701729297638,0.010238232091069221,-0.03276001662015915,-0.0006000821595080197,98.24827575683594,98.3439712524414,780.5346069335938,780.6099853515625,780.6099853515625,544.7024536132812,0,0,-5.413074859461631e-07,0.0010999999940395355,0.02200000174343586,0.03299999609589577,0.04399999603629112,5655.8173828125,114276.53125,0.0429663360118866,0,3.1392715754918754e-05,39.147396087646484,0,0.0002616529818624258,2.8350639695418067e-05,0,0,23.700000762939453,0,0,1600,0,50,0,0,0,50,50,800,0.0,0.0,0.0,0.0
22,157.34317016601562,308.76092529296875,325.8194885253906,325.7762145996094,291.91534423828125,291.9586486816406,16515.818359375,33031.63671875,68.84906768798828,68.8487777709961,1785.5667724609375,3567.50244140625,1793.5723876953125,3577.2568359375,283.99285888671875,60.5880126953125,-1.4287387273270724e-07,0,0,2577.151611328125,1290.5760498046875,0,-5.413074859461631e-07,2659.46630859375,11.820454597473145,11.824676513671875,901.5784912109375,1798.5118408203125,50.25996017456055,50.25489044189453,100,0,0,345.94830322265625,0,7.924896240234375,20.12881851196289,20.172086715698242,0,1.034000039100647,0.9067617654800415,50,2.799999952316284,2.339379072189331,0,0,0,0,238.76173940519445,0,0,0,0.023311376571655273,0.010427766479551792,-0.03432001918554306,-0.0005808740970678627,98.22265625,98.31668853759766,780.3825073242188,780.4564819335938,780.4564819335938,544.6143798828125,0,0,-5.413074859461631e-07,0.0010999999940395355,0.02200000174343586,0.03299999609589577,0.04399999603629112,5655.8173828125,114276.53125,0.0429663360118866,0,3.1392715754918754e-05,40.968204498291016,0,0.0002616529818624258,2.8350639695418067e-05,0,0,23.700000762939453,0,0,1600,0,50,0,0,0,50,50,800,0.0,0.0,0.0,0.0
23,157.29701232910156,308.738037109375,325.7936096191406,325.7502746582031,291.8981628417969,291.9415283203125,16515.818359375,33031.63671875,68.82960510253906,68.82931518554688,1785.5992431640625,3567.464111328125,1793.5721435546875,3577.2568359375,283.9608154296875,60.50714111328125,-1.3264231029097573e-06,0,0,2577.2890625,1290.4627685546875,0,-5.413074859461631e-07,2658.776611328125,11.819727897644043,11.824106216430664,901.4273071289062,1798.2059326171875,50.25633239746094,50.253231048583984,100,0,0,345.9246520996094,0,7.924896240234375,20.13105583190918,20.17439079284668,0,1.034000039100647,0.9067617654800415,50,2.799999952316284,2.3399860858917236,0,0,0,0,251.97406260835842,0,0,0,0.0247128214687109,0.010606999509036541,-0.03588001802563667,-0.0005601986194960773,98.20347595214844,98.29119110107422,780.2423095703125,780.3113403320312,780.3113403320312,544.5304565429688,0,0,-5.413074859461631e-07,0.0010999999940395355,0.02200000174343586,0.03299999609589577,0.04399999603629112,5655.8173828125,114276.53125,0.0429663360118866,0,3.1392715754918754e-05,42.78901290893555,0,0.0002616529818624258,2.8350639695418067e-05,0,0,23.700000762939453,0,0,1600,0,50,0,0,0,50,50,800,0.0,0.0,0.0,0.0
24,157.2508087158203,308.7149353027344,325.7674255371094,325.7240295410156,291.88079833984375,291.9241943359375,16515.818359375,33031.63671875,68.80964660644531,68.80936431884766,1785.6414794921875,3567.44140625,1793.5694580078125,3577.259521484375,283.92864990234375,60.42589569091797,4.365675977169303e-06,0,0,2577.426513671875,1290.3466796875,0,-5.413074859461631e-07,2658.136962890625,11.818992614746094,11.823528289794922,901.28857421875,1797.9239501953125,50.25230026245117,50.25107192993164,100,0,0,345.9010314941406,0,7.924896240234375,20.13360023498535,20.177001953125,0,1.034000039100647,0.9067617654800415,50,2.799999952316284,2.3405492305755615,0,0,0,0,265.19602661234427,0,0,0,0.026126019656658173,0.010775513015687466,-0.037440020591020584,-0.0005384904216043651,98.18364715576172,98.26753997802734,780.10888671875,780.1749267578125,780.1749267578125,544.45068359375,0,0,-5.413074859461631e-07,0.0010999999940395355,0.02200000174343586,0.03299999609589577,0.04399999603629112,5655.8173828125,114276.53125,0.0429663360118866,0,3.1392715754918754e-05,44.60982131958008,0,0.0002616529818624258,2.8350639695418067e-05,0,0,23.700000762939453,0,0,1600,0,50,0,0,0,50,50,800,0.0,0.0,0.0,0.0
25,157.2045440673828,308.691650390625,325.7409362792969,325.6974792480469,291.8632507324219,291.90667724609375,16515.818359375,33031.63671875,68.78922271728516,68.78895568847656,1785.690673828125,3567.435302734375,1793.566650390625,3577.262451171875,283.89630126953125,60.344268798828125,5.135673745826352e-06,0,0,2577.56396484375,1290.228271484375,0,-5.413074859461631e-07,2657.5302734375,11.81825065612793,11.8229398727417,901.16015625,1797.6629638671875,50.24790573120117,50.248558044433594,100,0,0,345.8773193359375,0,7.924896240234375,20.136381149291992,20.179851531982422,0,1.034000039100647,0.9067617654800415,50,2.799999952316284,2.341083526611328,0,0,0,0,278.4372722179739,0,0,0,0.027550948783755302,0.010937073267996311,-0.039000023156404495,-0.0005120023270137608,98.16436004638672,98.24510955810547,779.9805297851562,780.0441284179688,780.0441284179688,544.3737182617188,0,0,-5.413074859461631e-07,0.0010999999940395355,0.02200000174343586,0.03299999609589577,0.04399999603629112,5655.8173828125,114276.53125,0.0429663360118866,0,3.1392715754918754e-05,46.43062973022461,0,0.0002616529818624258,2.8350639695418067e-05,0,0,23.700000762939453,0,0,1600,0,50,0,0,0,50,50,800,0.0,0.0,0.0,0.0
26,157.1582489013672,308.6681823730469,325.7142333984375,325.6706848144531,291.8454284667969,291.888916015625,16515.818359375,33031.63671875,68.76837158203125,68.76811218261719,1785.7457275390625,3567.44091796875,1793.5638427734375,3577.26513671875,283.8638610839844,60.26226806640625,2.145585312973708e-06,0,0,2577.701904296875,1290.108154296875,0,-5.413074859461631e-07,2656.9521484375,11.817506790161133,11.822345733642578,901.0409545898438,1797.4205322265625,50.24327087402344,50.245765686035156,100,0,0,345.8536071777344,0,7.924896240234375,20.1393985748291,20.18293571472168,0,1.034000039100647,0.9067617654800415,50,2.799999952316284,2.341593027114868,0,0,0,0,291.68814252959936,0,0,0,0.02898552082479,0.01109252031892538,-0.040560025721788406,-0.00048198617878369987,98.14617919921875,98.22373962402344,779.857177734375,779.918212890625,779.918212890625,544.299072265625,0,0,-5.413074859461631e-07,0.0010999999940395355,0.02200000174343586,0.03299999609589577,0.04399999603629112,5655.8173828125,114276.53125,0.0429663360118866,0,3.1392715754918754e-05,48.25143814086914,0,0.0002616529818624258,2.8350639695418067e-05,0,0,23.700000762939453,0,0,1600,0,50,0,0,0,50,50,800,0.0,0.0,0.0,0.0
27,157.11190795898438,308.6445617675781,325.6872863769531,325.64373779296875,291.82733154296875,291.8708801269531,16515.818359375,33031.63671875,68.74711608886719,68.74686431884766,1785.806884765625,3567.462158203125,1793.562255859375,3577.266845703125,283.83123779296875,60.17991256713867,-1.6995505802697153e-06,0,0,2577.839599609375,1289.98583984375,0,-5.413074859461631e-07,2656.404541015625,11.81675910949707,11.821743965148926,900.9308471679688,1797.1939697265625,50.23836135864258,50.24264907836914,100,0,0,345.82989501953125,0,7.924896240234375,20.14258575439453,20.1861572265625,0,1.034000039100647,0.9067617654800415,50,2.799999952316284,2.342075824737549,0,0,0,0,304.95349818469674,0,0,0,0.030429717153310776,0.011241601780056953,-0.04212002456188202,-0.0004487071419134736,98.12945556640625,98.2034912109375,779.7392578125,779.7975463867188,779.7975463867188,544.2269897460938,0,0,-5.413074859461631e-07,0.0010999999940395355,0.02200000174343586,0.03299999609589577,0.04399999603629112,5655.8173828125,114276.53125,0.0429663360118866,0,3.1392715754918754e-05,50.07224655151367,0,0.0002616529818624258,2.8350639695418067e-05,0,0,23.700000762939453,0,0,1600,0,50,0,0,0,50,50,800,0.0,0.0,0.0,0.0
28,157.06549072265625,308.6207275390625,325.6601867675781,325.6165771484375,291.80902099609375,291.8526306152344,16515.818359375,33031.63671875,68.72547912597656,68.72523498535156,1785.875732421875,3567.496826171875,1793.5606689453125,3577.268310546875,283.7984619140625,60.09719467163086,3.0739854537387146e-06,0,0,2577.9775390625,1289.861328125,0,-5.413074859461631e-07,2655.889404296875,11.816006660461426,11.821136474609375,900.8275756835938,1796.9857177734375,50.23318099975586,50.239227294921875,100,0,0,345.80615234375,0,7.924896240234375,20.145977020263672,20.18958282470703,0,1.034000039100647,0.9067617654800415,50,2.799999952316284,2.3425300121307373,0,0,0,0,314.99998519276,0,0,0,0.031885597854852676,0.011383731849491596,-0.04368002340197563,-0.0004106941632926464,98.1142807006836,98.1844482421875,779.6272583007812,779.6824340820312,779.6824340820312,544.1575317382812,0,0,-5.413074859461631e-07,0.0010999999940395355,0.02200000174343586,0.03299999609589577,0.04399999603629112,5655.8173828125,114276.53125,0.0429663360118866,0,3.1392715754918754e-05,51.8930549621582,0,0.0002616529818624258,2.8350639695418067e-05,0,0,23.700000762939453,0,0,1600,0,50,0,0,0,50,50,800,0.0,0.0,0.0,0.0
29,157.0188751220703,308.59674072265625,325.63287353515625,325.5892639160156,291.7904357910156,291.8341064453125,16515.818359375,33031.63671875,68.7034912109375,68.7032470703125,1785.952392578125,3567.546875,1793.5594482421875,3577.26953125,283.7655944824219,60.01411819458008,-4.22426865043235e-06,0,0,2578.11572265625,1289.7354736328125,0,-5.413074859461631e-07,2655.410888671875,11.815252304077148,11.820524215698242,900.7335205078125,1796.790771484375,50.22771453857422,50.235450744628906,100,0,0,345.7823181152344,0,7.924896240234375,20.14943504333496,20.19304084777832,0,1.034000039100647,0.9067617654800415,50,2.799999952316284,2.342952013015747,0,0,0,0,314.99998519276,0,0,0,0.03334899991750717,0.01151807326823473,-0.045240022242069244,-0.0003729487943928689,98.10079956054688,98.16676330566406,779.521728515625,779.5736694335938,779.5736694335938,544.0911865234375,0,0,-5.413074859461631e-07,0.0010999999940395355,0.02200000174343586,0.03299999609589577,0.04399999603629112,5655.8173828125,114276.53125,0.0429663360118866,0,3.1392715754918754e-05,53.713863372802734,0,0.0002616529818624258,2.8350639695418067e-05,0,0,23.700000762939453,0,0,1600,0,50,0,0,0,50,50,800,0.0,0.0,0.0,0.0
30,156.97198486328125,308.57257080078125,325.60546875,325.56182861328125,291.77154541015625,291.81524658203125,16515.818359375,33031.63671875,68.68115997314453,68.6809310913086,1786.0355224609375,3567.613525390625,1793.556396484375,3577.272705078125,283.7325439453125,59.930686950683594,-1.7418352626918931e-06,0,0,2578.25439453125,1289.6075439453125,0,-5.413074859461631e-07,2654.970703125,11.814496994018555,11.819907188415527,900.6448364257812,1796.6092529296875,50.22191619873047,50.231353759765625,100,0,0,345.75836181640625,0,7.924896240234375,20.15289306640625,20.196533203125,0,1.034000039100647,0.9067617654800415,50,2.799999952316284,2.3433403968811035,0,0,0,0,314.99998519276,0,0,0,0.03482404723763466,0.011644206009805202,-0.04680001735687256,-0.00033176495344378054,98.08895111083984,98.1504898071289,779.423095703125,779.4714965820312,779.4714965820312,544.028076171875,0,0,-5.413074859461631e-07,0.0010999999940395355,0.02200000174343586,0.03299999609589577,0.04399999603629112,5655.8173828125,114276.53125,0.0429663360118866,0,3.1392715754918754e-05,55.534671783447266,0,0.0002616529818624258,2.8350639695418067e-05,0,0,23.700000762939453,0,0,1600,0,50,0,0,0,50,50,800,0.0,0.0,0.0,0.0
31,156.92491149902344,308.5482482910156,325.57794189453125,325.5342712402344,291.75244140625,291.796142578125,16515.818359375,33031.63671875,68.65851593017578,68.65828704833984,1786.1263427734375,3567.695556640625,1793.557861328125,3577.271240234375,283.69940185546875,59.84695053100586,-3.1970830605132505e-06,0,0,2578.39404296875,1289.478271484375,0,-5.413074859461631e-07,2654.571533203125,11.813739776611328,11.819286346435547,900.562744140625,1796.438720703125,50.215797424316406,50.22692108154297,100,0,0,345.7342834472656,0,7.924896240234375,20.156352996826172,20.20002555847168,0,1.034000039100647,0.9067617654800415,50,2.799999952316284,2.3436930179595947,0,0,0,0,314.99998519276,0,0,0,0.03630658611655235,0.011761629022657871,-0.04836001619696617,-0.0002917991077993065,98.07881164550781,98.13572692871094,779.3316040039062,779.37646484375,779.37646484375,543.9684448242188,0,0,-5.413074859461631e-07,0.0010999999940395355,0.02200000174343586,0.03299999609589577,0.04399999603629112,5655.8173828125,114276.53125,0.0429663360118866,0,3.1392715754918754e-05,57.3554801940918,0,0.0002616529818624258,2.8350639695418067e-05,0,0,23.700000762939453,0,0,1600,0,50,0,0,0,50,50,800,0.0,0.0,0.0,0.0
32,156.8776397705078,308.5238037109375,325.5502624511719,325.5065612792969,291.7330322265625,291.77679443359375,16515.818359375,33031.63671875,68.63557434082031,68.6353530883789,1786.2252197265625,3567.79443359375,1793.553466796875,3577.27587890625,283.6661376953125,59.76295471191406,-1.617919338059437e-06,0,0,2578.533935546875,1289.347412109375,0,-5.413074859461631e-07,2654.2138671875,11.812982559204102,11.8186616897583,900.486328125,1796.283935546875,50.20941162109375,50.22211456298828,100,0,0,345.7101135253906,0,7.924896240234375,20.15984535217285,20.20355224609375,0,1.034000039100647,0.9067617654800415,50,2.799999952316284,2.344008684158325,0,0,0,0,314.99998519276,0,0,0,0.03779660910367966,0.01187009084969759,-0.049920011311769485,-0.0002533115621190518,98.07019805908203,98.12250518798828,779.2474365234375,779.2886352539062,779.2886352539062,543.912353515625,0,0,-5.413074859461631e-07,0.0010999999940395355,0.02200000174343586,0.03299999609589577,0.04399999603629112,5655.8173828125,114276.53125,0.0429663360118866,0,3.1392715754918754e-05,59.17628860473633,0,0.0002616529818624258,2.8350639695418067e-05,0,0,23.700000762939453,0,0,1600,0,50,0,0,0,50,50,800,0.0,0.0,0.0,0.0
33,156.8302459716797,308.4992980957031,325.5224914550781,325.4787902832031,291.7134094238281,291.7572021484375,16515.818359375,33031.63671875,68.61234283447266,68.61212921142578,1786.3314208984375,3567.908935546875,1793.5546875,3577.2744140625,283.6327819824219,59.678733825683594,-2.4110088361339876e-06,0,0,2578.6748046875,1289.2154541015625,0,-5.413074859461631e-07,2653.8974609375,11.812225341796875,11.818035125732422,900.4176025390625,1796.1402587890625,50.20267868041992,50.21699523925781,100,0,0,345.6858825683594,0,7.924896240234375,20.163372039794922,20.20707893371582,0,1.034000039100647,0.9067617654800415,50,2.799999952316284,2.3442881107330322,0,0,0,0,314.99998519276,0,0,0,0.039289966225624084,0.011969590559601784,-0.0514800101518631,-0.00022045262448955327,98.06294250488281,98.11080932617188,779.1703491210938,779.2080688476562,779.2080688476562,543.8598022460938,0,0,-5.413074859461631e-07,0.0010999999940395355,0.02200000174343586,0.03299999609589577,0.04399999603629112,5655.8173828125,114276.53125,0.0429663360118866,0,3.1392715754918754e-05,60.99709701538086,0,0.0002616529818624258,2.8350639695418067e-05,0,0,23.700000762939453,0,0,1600,0,50,0,0,0,50,50,800,0.0,0.0,0.0,0.0
34,156.78269958496094,308.47467041015625,325.49468994140625,325.450927734375,291.69354248046875,291.73736572265625,16515.818359375,33031.63671875,68.58885955810547,68.58865356445312,1786.4453125,3568.037353515625,1793.5518798828125,3577.277587890625,283.5993347167969,59.59433364868164,1.3957416058474337e-06,0,0,2578.8154296875,1289.0819091796875,0,-5.413074859461631e-07,2653.6201171875,11.811470031738281,11.81740665435791,900.3558959960938,1796.0123291015625,50.19572830200195,50.2115478515625,100,0,0,345.66156005859375,0,7.924896240234375,20.1668643951416,20.21063995361328,0,1.034000039100647,0.9067617654800415,50,2.799999952316284,2.3445332050323486,0,0,0,0,314.99998519276,0,0,0,0.040788717567920685,0.012060713954269886,-0.05304000899195671,-0.00019057448662351817,98.05673217773438,98.10055541992188,779.0997314453125,779.13427734375,779.13427734375,543.8106689453125,0,0,-5.413074859461631e-07,0.0010999999940395355,0.02200000174343586,0.03299999609589577,0.04399999603629112,5655.8173828125,114276.53125,0.0429663360118866,0,3.1392715754918754e-05,62.81790542602539,0,0.0002616529818624258,2.8350639695418067e-05,0,0,23.700000762939453,0,0,1600,0,50,0,0,0,50,50,800,0.0,0.0,0.0,0.0
35,156.73504638671875,308.4499816894531,325.4668884277344,325.4230651855469,291.67340087890625,291.71722412109375,16515.818359375,33031.63671875,68.56513977050781,68.56494140625,1786.5648193359375,3568.17919921875,1793.550048828125,3577.27880859375,283.56585693359375,59.5097770690918,2.6526436158746947e-06,0,0,2578.956787109375,1288.947509765625,0,-5.413074859461631e-07,2653.378173828125,11.810715675354004,11.816779136657715,900.3005981445312,1795.895263671875,50.188480377197266,50.20586395263672,100,0,0,345.6371765136719,0,7.924896240234375,20.1702880859375,20.21413230895996,0,1.034000039100647,0.9067617654800415,50,2.799999952316284,2.3447470664978027,0,0,0,0,314.99998519276,0,0,0,0.04229079559445381,0.012144132517278194,-0.054600004106760025,-0.0001650767371756956,98.05140686035156,98.09161376953125,779.0350341796875,779.0667114257812,779.0667114257812,543.7645263671875,0,0,-5.413074859461631e-07,0.0010999999940395355,0.02200000174343586,0.03299999609589577,0.04399999603629112,5655.8173828125,114276.53125,0.0429663360118866,0,3.1392715754918754e-05,64.63871765136719,0,0.0002616529818624258,2.8350639695418067e-05,0,0,23.700000762939453,0,0,1600,0,50,0,0,0,50,50,800,0.0,0.0,0.0,0.0
36,156.6873016357422,308.42523193359375,325.43896484375,325.3951110839844,291.6530456542969,291.69696044921875,16515.818359375,33031.63671875,68.54120635986328,68.54100799560547,1786.690185546875,3568.334228515625,1793.546630859375,3577.281982421875,283.5323486328125,59.42512893676758,6.010940296619083e-07,0,0,2579.09814453125,1288.81201171875,0,-5.413074859461631e-07,2653.167724609375,11.809964179992676,11.816149711608887,900.250732421875,1795.7916259765625,50.18105697631836,50.199928283691406,100,0,0,345.61273193359375,0,7.924896240234375,20.17378044128418,20.21762466430664,0,1.034000039100647,0.9067617654800415,50,2.799999952316284,2.344933032989502,0,0,0,0,314.99998519276,0,0,0,0.04379618540406227,0.012220767326653004,-0.05616000294685364,-0.00014305012882687151,98.04679870605469,98.08383178710938,778.9755249023438,779.0046997070312,779.0046997070312,543.7211303710938,0,0,-5.413074859461631e-07,0.0010999999940395355,0.02200000174343586,0.03299999609589577,0.04399999603629112,5655.8173828125,114276.53125,0.0429663360118866,0,3.1392715754918754e-05,66.45953369140625,0,0.0002616529818624258,2.8350639695418067e-05,0,0,23.700000762939453,0,0,1600,0,50,0,0,0,50,50,800,0.0,0.0,0.0,0.0
37,156.65432739257812,308.400634765625,325.41107177734375,325.3672180175781,291.6324462890625,291.67645263671875,16515.818359375,33031.63671875,68.51705932617188,68.51687622070312,1786.820556640625,3568.498046875,1793.5450439453125,3577.283935546875,283.4991760253906,59.3414306640625,4.955923486704705e-06,0,0,2579.217529296875,1288.676513671875,0,-5.413074859461631e-07,2652.985107421875,11.809216499328613,11.815523147583008,900.20751953125,1795.7034912109375,50.17348098754883,50.19380187988281,100,0,0,345.5921630859375,0,7.924896240234375,20.181072235107422,20.22494888305664,0,1.034000039100647,0.9067617654800415,50,2.799999952316284,2.3450944423675537,0,0,0,0,1176.9999527455907,0,0,0,0.04529046267271042,0.012291371822357178,-0.05772000178694725,-0.00013816366845276207,98.04270935058594,98.07707977294922,778.9204711914062,778.947509765625,778.947509765625,543.68017578125,0,0,-5.413074859461631e-07,0.0010999999940395355,0.02200000174343586,0.03299999609589577,0.04399999603629112,5655.8173828125,114276.53125,0.0429663360118866,0,3.1392715754918754e-05,68.28034973144531,0,0.0002616529818624258,2.8350639695418067e-05,0,0,23.700000762939453,0,0,1600,0,50,0,0,0,50,50,800,0.0,0.0,0.0,0.0
38,156.6205596923828,308.376220703125,325.3833312988281,325.3393859863281,291.6116943359375,291.6557312011719,16515.818359375,33031.63671875,68.4927749633789,68.49259185791016,1786.953857421875,3568.670654296875,1793.5430908203125,3577.285400390625,283.4659729003906,59.25756072998047,4.436873950908193e-06,0,0,2579.31689453125,1288.539306640625,0,-5.413074859461631e-07,2652.820556640625,11.8084716796875,11.814895629882812,900.1845703125,1795.6513671875,50.165771484375,50.18755340576172,100,0,0,345.5749816894531,0,7.924896240234375,20.191650390625,20.235595703125,0,1.034000039100647,0.9067617654800415,50,2.799999952316284,2.3452398777008057,0,0,0,0,1176.9999527455907,0,0,0,0.04677363857626915,0.012357537634670734,-0.059279996901750565,-0.00014882041432429105,98.0374755859375,98.07099914550781,778.8675537109375,778.8939208984375,778.8939208984375,543.6411743164062,0,0,-5.413074859461631e-07,0.0010999999940395355,0.02200000174343586,0.03299999609589577,0.04399999603629112,5655.8173828125,114276.53125,0.0429663360118866,0,3.1392715754918754e-05,70.10116577148438,0,0.0002616529818624258,2.8350639695418067e-05,0,0,23.700000762939453,0,0,1600,0,50,0,0,0,50,50,800,0.0,0.0,0.0,0.0
39,156.58645629882812,308.35174560546875,325.35565185546875,325.3116760253906,291.5908203125,291.6348571777344,16515.818359375,33031.63671875,68.4683609008789,68.46819305419922,1787.0877685546875,3568.845703125,1793.5428466796875,3577.285888671875,283.4324645996094,59.17290496826172,1.2233088000357384e-06,0,0,2579.41748046875,1288.4013671875,0,-5.413074859461631e-07,2652.66064453125,11.807731628417969,11.814270973205566,900.1644287109375,1795.60693359375,50.15810775756836,50.181297302246094,100,0,0,345.5575866699219,0,7.924896240234375,20.20195960998535,20.245939254760742,0,1.034000039100647,0.9067617654800415,50,2.799999952316284,2.345381259918213,0,0,0,0,1176.9999527455907,0,0,0,0.048260144889354706,0.012422782368957996,-0.06083999574184418,-0.00015706662088632584,98.0312271118164,98.0650863647461,778.814453125,778.8411254882812,778.8411254882812,543.6025390625,0,0,-5.413074859461631e-07,0.0010999999940395355,0.02200000174343586,0.03299999609589577,0.04399999603629112,5655.8173828125,114276.53125,0.0429663360118866,0,3.1392715754918754e-05,71.92198181152344,0,0.0002616529818624258,2.8350639695418067e-05,0,0,23.700000762939453,0,0,1600,0,50,0,0,0,50,50,800,0.0,0.0,0.0,0.0
40,156.55215454101562,308.3271789550781,325.32806396484375,325.2840270996094,291.5697326660156,291.61383056640625,16515.818359375,33031.63671875,68.44384002685547,68.44367218017578,1787.22216796875,3569.02099609375,1793.5408935546875,3577.288330078125,283.3988037109375,59.08789825439453,-2.264295972054242e-06,0,0,2579.518798828125,1288.2626953125,0,-5.413074859461631e-07,2652.4970703125,11.806997299194336,11.81364917755127,900.146728515625,1795.5653076171875,50.15053176879883,50.17509460449219,100,0,0,345.5400695800781,0,7.924896240234375,20.21199607849121,20.25604248046875,0,1.034000039100647,0.9067617654800415,50,2.799999952316284,2.3455257415771484,0,0,0,0,1176.9999527455907,0,0,0,0.04975202679634094,0.012488863430917263,-0.06239999085664749,-0.00015910062938928604,98.02462768554688,98.05904388427734,778.7605590820312,778.78759765625,778.78759765625,543.5635375976562,0,0,-5.413074859461631e-07,0.0010999999940395355,0.02200000174343586,0.03299999609589577,0.04399999603629112,5655.8173828125,114276.53125,0.0429663360118866,0,3.1392715754918754e-05,73.7427978515625,0,0.0002616529818624258,2.8350639695418067e-05,0,0,23.700000762939453,0,0,1600,0,50,0,0,0,50,50,800,0.0,0.0,0.0,0.0
41,156.51771545410156,308.3025207519531,325.300537109375,325.2564697265625,291.5484619140625,291.5926513671875,16515.818359375,33031.63671875,68.41919708251953,68.41902923583984,1787.3570556640625,3569.197265625,1793.5390625,3577.28955078125,283.36505126953125,59.00265121459961,1.8755011410576117e-07,0,0,2579.620849609375,1288.123291015625,0,-5.413074859461631e-07,2652.330078125,11.806266784667969,11.813029289245605,900.1280517578125,1795.52587890625,50.143070220947266,50.16893005371094,100,0,0,345.5224609375,0,7.924896240234375,20.22193145751953,20.26601219177246,0,1.034000039100647,0.9067617654800415,50,2.799999952316284,2.3456735610961914,0,0,0,0,1176.9999527455907,0,0,0,0.05124722421169281,0.012555866502225399,-0.0639599859714508,-0.00015689955034758896,98.01823425292969,98.05286407470703,778.7060546875,778.7333374023438,778.7333374023438,543.5241088867188,0,0,-5.413074859461631e-07,0.0010999999940395355,0.02200000174343586,0.03299999609589577,0.04399999603629112,5655.8173828125,114276.53125,0.0429663360118866,0,3.1392715754918754e-05,75.56361389160156,0,0.0002616529818624258,2.8350639695418067e-05,0,0,23.700000762939453,0,0,1600,0,50,0,0,0,50,50,800,0.0,0.0,0.0,0.0
42,156.48313903808594,308.27777099609375,325.27301025390625,325.2288513183594,291.5271301269531,291.5713195800781,16515.818359375,33031.63671875,68.39443969726562,68.39427947998047,1787.4918212890625,3569.375732421875,1793.54052734375,3577.28857421875,283.33123779296875,58.9172477722168,8.954756225421079e-08,0,0,2579.72265625,1287.9833984375,0,-5.413074859461631e-07,2652.162109375,11.8055419921875,11.81241226196289,900.1116333007812,1795.4866943359375,50.135643005371094,50.162811279296875,100,0,0,345.5047912597656,0,7.924896240234375,20.23179817199707,20.27594757080078,0,1.034000039100647,0.9067617654800415,50,2.799999952316284,2.3458220958709717,0,0,0,0,1176.9999527455907,0,0,0,0.052747778594493866,0.012623121030628681,-0.06551998853683472,-0.00014908677258063108,98.01232147216797,98.04666137695312,778.6517944335938,778.6788940429688,778.6788940429688,543.4844970703125,0,0,-5.413074859461631e-07,0.0010999999940395355,0.02200000174343586,0.03299999609589577,0.04399999603629112,5655.8173828125,114276.53125,0.0429663360118866,0,3.1392715754918754e-05,77.38442993164062,0,0.0002616529818624258,2.8350639695418067e-05,0,0,23.700000762939453,0,0,1600,0,50,0,0,0,50,50,800,0.0,0.0,0.0,0.0
43,156.44842529296875,308.2528991699219,325.2454833984375,325.2012634277344,291.50567626953125,291.54986572265625,16515.818359375,33031.63671875,68.36957550048828,68.36942291259766,1787.6275634765625,3569.557373046875,1793.5367431640625,3577.291748046875,283.2973327636719,58.831661224365234,4.010376869700849e-06,0,0,2579.8251953125,1287.8427734375,0,-5.413074859461631e-07,2651.99853515625,11.80482292175293,11.811798095703125,900.0952758789062,1795.4503173828125,50.12822723388672,50.15671920776367,100,0,0,345.4870300292969,0,7.924896240234375,20.24156379699707,20.28577995300293,0,1.034000039100647,0.9067617654800415,50,2.799999952316284,2.3459668159484863,0,0,0,0,1176.9999527455907,0,0,0,0.05425368621945381,0.012689621187746525,-0.06707998365163803,-0.00013667689927387983,98.00700378417969,98.04061126708984,778.5985717773438,778.6250610351562,778.6250610351562,543.4451904296875,0,0,-5.413074859461631e-07,0.0010999999940395355,0.02200000174343586,0.03299999609589577,0.04399999603629112,5655.8173828125,114276.53125,0.0429663360118866,0,3.1392715754918754e-05,79.20524597167969,0,0.0002616529818624258,2.8350639695418067e-05,0,0,23.700000762939453,0,0,1600,0,50,0,0,0,50,50,800,0.0,0.0,0.0,0.0
44,156.41358947753906,308.2279968261719,325.2179260253906,325.1736755371094,291.4840393066406,291.52825927734375,16515.818359375,33031.63671875,68.3446044921875,68.3444595336914,1787.765869140625,3569.742919921875,1793.5367431640625,3577.292236328125,283.26336669921875,58.74591064453125,4.219342827127548e-06,0,0,2579.92822265625,1287.70166015625,0,-5.413074859461631e-07,2651.843017578125,11.804107666015625,11.811185836791992,900.0804443359375,1795.4163818359375,50.120853424072266,50.15056228637695,100,0,0,345.46923828125,0,7.924896240234375,20.25129508972168,20.29554557800293,0,1.034000039100647,0.9067617654800415,50,2.799999952316284,2.346104145050049,0,0,0,0,1176.9999527455907,0,0,0,0.0557628832757473,0.012754363007843494,-0.06863997876644135,-0.00012273667380213737,98.00245666503906,98.03486633300781,778.547119140625,778.5726318359375,778.5726318359375,543.406494140625,0,0,-5.413074859461631e-07,0.0010999999940395355,0.02200000174343586,0.03299999609589577,0.04399999603629112,5655.8173828125,114276.53125,0.0429663360118866,0,3.1392715754918754e-05,81.02606201171875,0,0.0002616529818624258,2.8350639695418067e-05,0,0,23.700000762939453,0,0,1600,0,50,0,0,0,50,50,800,0.0,0.0,0.0,0.0
45,156.37863159179688,308.2029724121094,325.1903991699219,325.1461181640625,291.4622802734375,291.50653076171875,16515.818359375,33031.63671875,68.31952667236328,68.31938934326172,1787.9053955078125,3569.9345703125,1793.532958984375,3577.296142578125,283.2293395996094,58.659996032714844,7.16444333193067e-07,0,0,2580.031494140625,1287.5601806640625,0,-5.413074859461631e-07,2651.69970703125,11.803399085998535,11.810577392578125,900.0641479492188,1795.3802490234375,50.113426208496094,50.144371032714844,100,0,0,345.45135498046875,0,7.924896240234375,20.26095962524414,20.30524444580078,0,1.034000039100647,0.9067617654800415,50,2.799999952316284,2.34623122215271,0,0,0,0,1176.9999527455907,0,0,0,0.057277411222457886,0.012816676869988441,-0.07019998133182526,-0.00010589315206743777,97.99870300292969,98.0295639038086,778.4978637695312,778.5221557617188,778.5221557617188,543.3688354492188,0,0,-5.413074859461631e-07,0.0010999999940395355,0.02200000174343586,0.03299999609589577,0.04399999603629112,5655.8173828125,114276.53125,0.0429663360118866,0,3.1392715754918754e-05,82.84687805175781,0,0.0002616529818624258,2.8350639695418067e-05,0,0,23.700000762939453,0,0,1600,0,50,0,0,0,50,50,800,0.0,0.0,0.0,0.0
46,156.3435821533203,308.1778564453125,325.162841796875,325.1185302734375,291.4403991699219,291.48468017578125,16515.818359375,33031.63671875,68.29434204101562,68.29420471191406,1788.048095703125,3570.13232421875,1793.5355224609375,3577.2939453125,283.1952819824219,58.57393264770508,-4.174287369096419e-06,0,0,2580.13525390625,1287.41796875,0,-5.413074859461631e-07,2651.571044921875,11.802696228027344,11.80997085571289,900.0507202148438,1795.349609375,50.10597229003906,50.138099670410156,100,0,0,345.4334411621094,0,7.924896240234375,20.27058982849121,20.314908981323242,0,1.034000039100647,0.9067617654800415,50,2.799999952316284,2.3463451862335205,0,0,0,0,1176.9999527455907,0,0,0,0.05879520997405052,0.012875806540250778,-0.07175997644662857,-8.895881910575554e-05,97.99573516845703,98.0248031616211,778.451416015625,778.4743041992188,778.4743041992188,543.3323364257812,0,0,-5.413074859461631e-07,0.0010999999940395355,0.02200000174343586,0.03299999609589577,0.04399999603629112,5655.8173828125,114276.53125,0.0429663360118866,0,3.1392715754918754e-05,84.66769409179688,0,0.0002616529818624258,2.8350639695418067e-05,0,0,23.700000762939453,0,0,1600,0,50,0,0,0,50,50,800,0.0,0.0,0.0,0.0
47,156.30841064453125,308.1527099609375,325.13519287109375,325.0908508300781,291.4184265136719,291.4627380371094,16515.818359375,33031.63671875,68.26905059814453,68.2689208984375,1788.1934814453125,3570.334716796875,1793.53369140625,3577.295166015625,283.1611328125,58.48774719238281,4.249937774147838e-06,0,0,2580.239013671875,1287.27490234375,0,-5.413074859461631e-07,2651.458740234375,11.801997184753418,11.809370040893555,900.0386962890625,1795.3189697265625,50.09846115112305,50.13175964355469,100,0,0,345.4154357910156,0,7.924896240234375,20.28022003173828,20.32457160949707,0,1.034000039100647,0.9067617654800415,50,2.799999952316284,2.3464443683624268,0,0,0,0,1176.9999527455907,0,0,0,0.06031627580523491,0.012931418605148792,-0.07331997156143188,-7.227873720694333e-05,97.99345397949219,98.0206527709961,778.4078369140625,778.4292602539062,778.4292602539062,543.2972412109375,0,0,-5.413074859461631e-07,0.0010999999940395355,0.02200000174343586,0.03299999609589577,0.04399999603629112,5655.8173828125,114276.53125,0.0429663360118866,0,3.1392715754918754e-05,86.48851013183594,0,0.0002616529818624258,2.8350639695418067e-05,0,0,23.700000762939453,0,0,1600,0,50,0,0,0,50,50,800,0.0,0.0,0.0,0.0
48,156.27316284179688,308.1274719238281,325.1075439453125,325.0631408691406,291.3963623046875,291.4407043457031,16515.818359375,33031.63671875,68.24366760253906,68.24354553222656,1788.342041015625,3570.543701171875,1793.53173828125,3577.297119140625,283.1269836425781,58.40145492553711,-3.594054533095914e-06,0,0,2580.34326171875,1287.1317138671875,0,-5.413074859461631e-07,2651.36328125,11.801305770874023,11.808772087097168,900.0269165039062,1795.293701171875,50.09092712402344,50.125328063964844,100,0,0,345.3974304199219,0,7.924896240234375,20.289884567260742,20.334270477294922,0,1.034000039100647,0.9067617654800415,50,2.799999952316284,2.3465287685394287,0,0,0,0,1176.9999527455907,0,0,0,0.06184060499072075,0.012983430176973343,-0.0748799741268158,-5.593523383140564e-05,97.99181365966797,98.01712799072266,778.3671875,778.3871459960938,778.3871459960938,543.2636108398438,0,0,-5.413074859461631e-07,0.0010999999940395355,0.02200000174343586,0.03299999609589577,0.04399999603629112,5655.8173828125,114276.53125,0.0429663360118866,0,3.1392715754918754e-05,88.309326171875,0,0.0002616529818624258,2.8350639695418067e-05,0,0,23.700000762939453,0,0,1600,0,50,0,0,0,50,50,800,0.0,0.0,0.0,0.0
49,156.2378387451172,308.1021728515625,325.079833984375,325.035400390625,291.3741455078125,291.41851806640625,16515.818359375,33031.63671875,68.21819305419922,68.21807098388672,1788.4923095703125,3570.760009765625,1793.53076171875,3577.298583984375,283.0927429199219,58.3150634765625,5.362956471799407e-06,0,0,2580.44775390625,1286.98779296875,0,-5.413074859461631e-07,2651.28515625,11.800619125366211,11.80817699432373,900.01611328125,1795.2691650390625,50.08325958251953,50.11883544921875,100,0,0,345.3793029785156,0,7.924896240234375,20.299480438232422,20.343900680541992,0,1.034000039100647,0.9067617654800415,50,2.799999952316284,2.3465981483459473,0,0,0,0,1176.9999527455907,0,0,0,0.06336818635463715,0.013031755574047565,-0.07643996924161911,-4.00275930587668e-05,97.9908218383789,98.01423645019531,778.3295288085938,778.3480224609375,778.3480224609375,543.2314453125,0,0,-5.413074859461631e-07,0.0010999999940395355,0.02200000174343586,0.03299999609589577,0.04399999603629112,5655.8173828125,114276.53125,0.0429663360118866,0,3.1392715754918754e-05,90.13014221191406,0,0.0002616529818624258,2.8350639695418067e-05,0,0,23.700000762939453,0,0,1600,0,50,0,0,0,50,50,800,0.0,0.0,0.0,0.0
50,156.2024688720703,308.076904296875,325.0520935058594,325.00762939453125,291.35186767578125,291.3963317871094,16515.818359375,33031.63671875,68.192626953125,68.19251251220703,1788.646484375,3570.982177734375,1793.527099609375,3577.3017578125,283.05853271484375,58.22861862182617,-4.449877451406792e-06,0,0,2580.552001953125,1286.84375,0,-5.413074859461631e-07,2651.22412109375,11.799938201904297,11.807586669921875,900.00830078125,1795.24951171875,50.07559585571289,50.112239837646484,100,0,0,345.3612060546875,0,7.924896240234375,20.309110641479492,20.35356330871582,0,1.034000039100647,0.9067617654800415,50,2.799999952316284,2.346652030944824,0,0,0,0,1176.9999527455907,0,0,0,0.0648949146270752,0.01307639665901661,-0.07799584418535233,-2.4531595045118593e-05,97.9903335571289,98.01197814941406,778.2948608398438,778.3118286132812,778.3118286132812,543.20068359375,0,0,-5.413074859461631e-07,0.0010999999940395355,0.02200000174343586,0.03299999609589577,0.04399999603629112,5655.8173828125,114276.53125,0.0429663360118866,0,3.1392715754918754e-05,91.95095825195312,0,0.0002616529818624258,2.8350639695418067e-05,0,0,23.700000762939453,0,0,1600,0,50,0,0,0,50,50,800,0.0,0.0,0.0,0.0
51,156.16705322265625,308.05157470703125,325.0243225097656,324.9798278808594,291.32952880859375,291.3740234375,16515.818359375,33031.63671875,68.16697692871094,68.1668701171875,1788.8021240234375,3571.2099609375,1793.5279541015625,3577.301025390625,283.0242919921875,58.14213562011719,1.1986820709353196e-06,0,0,2580.656494140625,1286.69873046875,0,-5.413074859461631e-07,2651.1787109375,11.79926586151123,11.806999206542969,900.0042114257812,1795.2354736328125,50.06788635253906,50.1055793762207,100,0,0,345.3431091308594,0,7.924896240234375,20.31877326965332,20.363262176513672,0,1.034000039100647,0.9067617654800415,50,2.799999952316284,2.3466920852661133,0,0,0,0,1176.9999527455907,0,0,0,0.06642285734415054,0.013117519207298756,-0.07952186465263367,1.8509477740735747e-05,97.99101257324219,98.01030731201172,778.2633666992188,778.278564453125,778.278564453125,543.17138671875,0,0,-5.413074859461631e-07,0.0010999999940395355,0.02200000174343586,0.03299999609589577,0.04399999603629112,5655.8173828125,114276.53125,0.0429663360118866,0,3.1392715754918754e-05,93.77177429199219,0,0.0002616529818624258,2.8350639695418067e-05,0,0,23.700000762939453,0,0,1600,0,50,0,0,0,50,50,800,0.0,0.0,0.0,0.0
52,156.13160705566406,308.02618408203125,324.99658203125,324.9520263671875,291.3070373535156,291.3515930175781,16515.818359375,33031.63671875,68.14125061035156,68.14115142822266,1788.9620361328125,3571.447998046875,1793.52734375,3577.3017578125,282.9900207519531,58.055641174316406,5.104217962070834e-06,0,0,2580.76123046875,1286.553955078125,0,-5.413074859461631e-07,2651.159423828125,11.798598289489746,11.806416511535645,899.9991455078125,1795.2216796875,50.06005096435547,50.098793029785156,100,0,0,345.3249206542969,0,7.924896240234375,20.328336715698242,20.372892379760742,0,1.034000039100647,0.9067617654800415,50,2.799999952316284,2.3467092514038086,0,0,0,0,1176.9999527455907,0,0,0,0.0679519847035408,0.01315311435610056,-0.08101729303598404,8.780136704444885e-05,97.99501037597656,98.00959014892578,778.23828125,778.249755859375,778.249755859375,543.144287109375,0,0,-5.413074859461631e-07,0.0010999999940395355,0.02200000174343586,0.03299999609589577,0.04399999603629112,5655.8173828125,114276.53125,0.0429663360118866,0,3.1392715754918754e-05,95.59259033203125,0,0.0002616529818624258,2.8350639695418067e-05,0,0,23.700000762939453,0,0,1600,0,50,0,0,0,50,50,800,0.0,0.0,0.0,0.0
53,156.0961456298828,308.0008544921875,324.9687805175781,324.9241943359375,291.2845153808594,291.3291015625,16515.818359375,33031.63671875,68.11544799804688,68.1153564453125,1789.129638671875,3571.700439453125,1793.5267333984375,3577.30224609375,282.9557800292969,57.969139099121094,-2.7879968911292963e-06,0,0,2580.8662109375,1286.408935546875,0,-5.413074859461631e-07,2651.187744140625,11.79793930053711,11.805840492248535,899.9982299804688,1795.2159423828125,50.051998138427734,50.091705322265625,100,0,0,345.3067932128906,0,7.924896240234375,20.33799934387207,20.38258934020996,0,1.034000039100647,0.9067617654800415,50,2.799999952316284,2.346684217453003,0,0,0,0,1176.9999527455907,0,0,0,0.06947822123765945,0.01317824050784111,-0.08248249441385269,0.00017396705516148359,98.00332641601562,98.01063537597656,778.2236328125,778.2293701171875,778.2293701171875,543.1214599609375,0,0,-5.413074859461631e-07,0.0010999999940395355,0.02200000174343586,0.03299999609589577,0.04399999603629112,5655.8173828125,114276.53125,0.0429663360118866,0,3.1392715754918754e-05,97.41340637207031,0,0.0002616529818624258,2.8350639695418067e-05,0,0,23.700000762939453,0,0,1600,0,50,0,0,0,50,50,800,0.0,0.0,0.0,0.0
54,156.0607147216797,307.9755859375,324.9410095214844,324.89642333984375,291.2619323730469,291.3065185546875,16515.818359375,33031.63671875,68.08959197998047,68.08950805664062,1789.3070068359375,3571.975341796875,1793.5225830078125,3577.30615234375,282.9215393066406,57.8826904296875,-2.5461026780249085e-06,0,0,2580.970947265625,1286.263427734375,0,-5.413074859461631e-07,2651.28466796875,11.797286987304688,11.805268287658691,900.0025634765625,1795.2218017578125,50.04344940185547,50.08420181274414,100,0,0,345.2886047363281,0,7.924896240234375,20.34759521484375,20.39218521118164,0,1.034000039100647,0.9067617654800415,50,2.799999952316284,2.3465983867645264,0,0,0,0,1176.9999527455907,0,0,0,0.0710015743970871,0.013188207522034645,-0.08391746133565903,0.00027232104912400246,98.01619720458984,98.01422119140625,778.222900390625,778.2213134765625,778.2213134765625,543.1047973632812,0,0,-5.413074859461631e-07,0.0010999999940395355,0.02200000174343586,0.03299999609589577,0.04399999603629112,5655.8173828125,114276.53125,0.0429663360118866,0,3.1392715754918754e-05,99.23422241210938,0,0.0002616529818624258,2.8350639695418067e-05,0,0,23.700000762939453,0,0,1600,0,50,0,0,0,50,50,800,0.0,0.0,0.0,0.0
55,156.02537536621094,307.95037841796875,324.91326904296875,324.86865234375,291.2392883300781,291.283935546875,16515.818359375,33031.63671875,68.0636978149414,68.06360626220703,1789.4979248046875,3572.275634765625,1793.5185546875,3577.310302734375,282.8873596191406,57.79637145996094,-3.821414793492295e-06,0,0,2581.075439453125,1286.1180419921875,0,-5.413074859461631e-07,2651.46826171875,11.79664421081543,11.804702758789062,900.0101928710938,1795.2333984375,50.034454345703125,50.07612228393555,100,0,0,345.2705078125,0,7.924896240234375,20.35722541809082,20.4018497467041,0,1.034000039100647,0.9067617654800415,50,2.799999952316284,2.346436023712158,0,0,0,0,1176.9999527455907,0,0,0,0.07251795381307602,0.01317924540489912,-0.08532274514436722,0.00037445491761900485,98.03376770019531,98.02100372314453,778.2385864257812,778.2285766601562,778.2285766601562,543.0957641601562,0,0,-5.413074859461631e-07,0.0010999999940395355,0.02200000174343586,0.03299999609589577,0.04399999603629112,5655.8173828125,114276.53125,0.0429663360118866,0,3.1392715754918754e-05,101.05503845214844,0,0.0002616529818624258,2.8350639695418067e-05,0,0,23.700000762939453,0,0,1600,0,50,0,0,0,50,50,800,0.0,0.0,0.0,0.0
56,155.99017333984375,307.92535400390625,324.8856506347656,324.84100341796875,291.21661376953125,291.2612609863281,16515.818359375,33031.63671875,68.03775787353516,68.03768157958984,1789.7098388671875,3572.61962890625,1793.517822265625,3577.311279296875,282.853271484375,57.71026611328125,-4.467496637516888e-06,0,0,2581.1796875,1285.9727783203125,0,-5.413074859461631e-07,2651.780517578125,11.796009063720703,11.804143905639648,900.0247192382812,1795.25927734375,50.02459716796875,50.067176818847656,100,0,0,345.2524108886719,0,7.924896240234375,20.366788864135742,20.41141128540039,0,1.034000039100647,0.9067617654800415,50,2.799999952316284,2.3461596965789795,0,0,0,0,1176.9999527455907,0,0,0,0.0740233063697815,0.013141892850399017,-0.08669956773519516,0.00046563177602365613,98.06102752685547,98.03254699707031,778.28125,778.2588500976562,778.2588500976562,543.0983276367188,0,0,-5.413074859461631e-07,0.0010999999940395355,0.02200000174343586,0.03299999609589577,0.04399999603629112,5655.8173828125,114276.53125,0.0429663360118866,0,3.1392715754918754e-05,102.8758544921875,0,0.0002616529818624258,2.8350639695418067e-05,0,0,23.700000762939453,0,0,1600,0,50,0,0,0,50,50,800,0.0,0.0,0.0,0.0
57,155.9552459716797,307.9006042480469,324.8581237792969,324.8134765625,291.1938781738281,291.2386169433594,16515.818359375,33031.63671875,68.0118179321289,68.0117416381836,1789.93798828125,3572.998291015625,1793.52001953125,3577.309326171875,282.8193054199219,57.62453079223633,-1.9344997781445272e-06,0,0,2581.282958984375,1285.827880859375,0,-5.413074859461631e-07,2652.223388671875,11.79538631439209,11.803593635559082,900.0504760742188,1795.307373046875,50.01390838623047,50.057395935058594,100,0,0,345.2344665527344,0,7.924896240234375,20.37631607055664,20.42097282409668,0,1.034000039100647,0.9067617654800415,50,2.799999952316284,2.3457677364349365,0,0,0,0,1176.9999527455907,0,0,0,0.07551152259111404,0.01307555940002203,-0.08804909884929657,0.0005379843642003834,98.09672546386719,98.0489273071289,778.3501586914062,778.3125610351562,778.3125610351562,543.1127319335938,0,0,-5.413074859461631e-07,0.0010999999940395355,0.02200000174343586,0.03299999609589577,0.04399999603629112,5655.8173828125,114276.53125,0.0429663360118866,0,3.1392715754918754e-05,104.69667053222656,0,0.0002616529818624258,2.8350639695418067e-05,0,0,23.700000762939453,0,0,1600,0,50,0,0,0,50,50,800,0.0,0.0,0.0,0.0
58,155.9207000732422,307.876220703125,324.83087158203125,324.7862243652344,291.1711730957031,291.21588134765625,16515.818359375,33031.63671875,67.98590850830078,67.98583984375,1790.1795654296875,3573.40478515625,1793.517333984375,3577.311279296875,282.78558349609375,57.53935623168945,9.207588504978048e-07,0,0,2581.385498046875,1285.6839599609375,0,-5.413074859461631e-07,2652.78369140625,11.794774055480957,11.80305290222168,900.0888061523438,1795.3779296875,50.00254440307617,50.046844482421875,100,0,0,345.2166442871094,0,7.924896240234375,20.38577651977539,20.43043327331543,0,1.034000039100647,0.9067617654800415,50,2.799999952316284,2.3452723026275635,0,0,0,0,1176.9999527455907,0,0,0,0.07697653025388718,0.012983177788555622,-0.08937106281518936,0.0005886469152756035,98.1256332397461,98.06964111328125,778.431396484375,778.3873291015625,778.3873291015625,543.1378173828125,0,0,-5.413074859461631e-07,0.0010999999940395355,0.02200000174343586,0.03299999609589577,0.04399999603629112,5655.8173828125,114276.53125,0.0429663360118866,0,3.1392715754918754e-05,106.51748657226562,0,0.0002616529818624258,2.8350639695418067e-05,0,0,23.700000762939453,0,0,1600,0,50,0,0,0,50,50,800,0.0,0.0,0.0,0.0
59,155.88665771484375,307.852294921875,324.8039245605469,324.7592468261719,291.1484375,291.19317626953125,16515.818359375,33031.63671875,67.96007537841797,67.96000671386719,1790.4373779296875,3573.845703125,1793.5162353515625,3577.3125,282.75213623046875,57.45489501953125,-4.568615167954704e-06,0,0,2581.48681640625,1285.5408935546875,0,-5.413074859461631e-07,2653.443603515625,11.794177055358887,11.802525520324707,900.1399536132812,1795.4771728515625,49.99056625366211,50.0357551574707,100,0,0,345.1990661621094,0,7.924896240234375,20.3951358795166,20.43979263305664,0,1.034000039100647,0.9067617654800415,50,2.799999952316284,2.344689130783081,0,0,0,0,1176.9999527455907,0,0,0,0.07841428369283676,0.012868519872426987,-0.09066585451364517,0.0006169499247334898,98.15321350097656,98.09403228759766,778.5267944335938,778.4801635742188,778.4801635742188,543.1721801757812,0,0,-5.413074859461631e-07,0.0010999999940395355,0.02200000174343586,0.03299999609589577,0.04399999603629112,5655.8173828125,114276.53125,0.0429663360118866,0,3.1392715754918754e-05,108.33830261230469,0,0.0002616529818624258,2.8350639695418067e-05,0,0,23.700000762939453,0,0,1600,0,50,0,0,0,50,50,800,0.0,0.0,0.0,0.0
60,155.8531494140625,307.82879638671875,324.77734375,324.7326354980469,291.12579345703125,291.1705627441406,16515.818359375,33031.63671875,67.9343490600586,67.93428802490234,1790.6981201171875,3574.2900390625,1793.515380859375,3577.3134765625,282.7190246582031,57.371299743652344,4.837689175474225e-06,0,0,2581.58642578125,1285.3990478515625,0,-5.413074859461631e-07,2654.13330078125,11.793591499328613,11.802008628845215,900.2069091796875,1795.607177734375,49.97859573364258,50.0245475769043,100,0,0,345.1817626953125,0,7.924896240234375,20.40442657470703,20.44911766052246,0,1.034000039100647,0.9067617654800415,50,2.799999952316284,2.3440799713134766,0,0,0,0,1176.9999527455907,0,0,0,0.07982482761144638,0.012746741995215416,-0.09193497151136398,0.0006366035086102784,98.18972778320312,98.1195297241211,778.634033203125,778.5787963867188,778.5787963867188,543.2096557617188,0,0,-5.413074859461631e-07,0.0010999999940395355,0.02200000174343586,0.03299999609589577,0.04399999603629112,5655.8173828125,114276.53125,0.0429663360118866,0,3.1392715754918754e-05,110.15911865234375,0,0.0002616529818624258,2.8350639695418067e-05,0,0,23.700000762939453,0,0,1600,0,50,0,0,0,50,50,800,0.0,0.0,0.0,0.0
61,155.82022094726562,307.8057556152344,324.7512512207031,324.70654296875,291.1031494140625,291.14794921875,16515.818359375,33031.63671875,67.90878295898438,67.90872192382812,1790.960205078125,3574.73974609375,1793.517333984375,3577.311767578125,282.686279296875,57.28862380981445,5.3665758059651125e-06,0,0,2581.684326171875,1285.2584228515625,0,-5.413074859461631e-07,2654.868896484375,11.793025970458984,11.801506042480469,900.2844848632812,1795.7589111328125,49.96647644042969,50.01319122314453,100,0,0,345.16473388671875,0,7.924896240234375,20.413480758666992,20.45820426940918,0,1.034000039100647,0.9067617654800415,50,2.799999952316284,2.343430519104004,0,0,0,0,1176.9999527455907,0,0,0,0.08120617270469666,0.012614326551556587,-0.09317812323570251,0.0006423750310204923,98.21807098388672,98.14672088623047,778.7421264648438,778.6859741210938,778.6859741210938,543.2516479492188,0,0,-5.413074859461631e-07,0.0010999999940395355,0.02200000174343586,0.03299999609589577,0.04399999603629112,5655.8173828125,114276.53125,0.0429663360118866,0,3.1392715754918754e-05,111.97993469238281,0,0.0002616529818624258,2.8350639695418067e-05,0,0,23.700000762939453,0,0,1600,0,50,0,0,0,50,50,800,0.0,0.0,0.0,0.0
62,155.78787231445312,307.7831726074219,324.72564697265625,324.6808776855469,291.0805969238281,291.1254577636719,16515.818359375,33031.63671875,67.8833999633789,67.88334655761719,1791.2230224609375,3575.193359375,1793.51318359375,3577.315673828125,282.6539306640625,57.20689392089844,1.085098801922868e-06,0,0,2581.780517578125,1285.118896484375,0,-5.413074859461631e-07,2655.6123046875,11.792474746704102,11.801017761230469,900.373291015625,1795.9329833984375,49.95448684692383,50.001949310302734,100,0,0,345.14801025390625,0,7.924896240234375,20.42236328125,20.4671573638916,0,1.034000039100647,0.9067617654800415,50,2.799999952316284,2.3427743911743164,0,0,0,0,1176.9999527455907,0,0,0,0.08256039023399353,0.012479650788009167,-0.09439593553543091,0.0006441039149649441,98.24694061279297,98.17420959472656,778.852294921875,778.7950439453125,778.7950439453125,543.2947387695312,0,0,-5.413074859461631e-07,0.0010999999940395355,0.02200000174343586,0.03299999609589577,0.04399999603629112,5655.8173828125,114276.53125,0.0429663360118866,0,3.1392715754918754e-05,113.80075073242188,0,0.0002616529818624258,2.8350639695418067e-05,0,0,23.700000762939453,0,0,1600,0,50,0,0,0,50,50,800,0.0,0.0,0.0,0.0
63,155.756103515625,307.76104736328125,324.7005615234375,324.6557312011719,291.0581970214844,291.10308837890625,16515.818359375,33031.63671875,67.85823822021484,67.85819244384766,1791.486572265625,3575.64697265625,1793.5135498046875,3577.3154296875,282.6219177246094,57.126121520996094,4.372016519482713e-06,0,0,2581.875244140625,1284.9810791015625,0,-5.413074859461631e-07,2656.364501953125,11.791939735412598,11.800544738769531,900.4721069335938,1796.1248779296875,49.942623138427734,49.990821838378906,100,0,0,345.1316223144531,0,7.924896240234375,20.43104362487793,20.475872039794922,0,1.034000039100647,0.9067617654800415,50,2.799999952316284,2.3421108722686768,0,0,0,0,1176.9999527455907,0,0,0,0.08388751745223999,0.012342462316155434,-0.09558892250061035,0.0006410625646822155,98.2754898071289,98.20201873779297,778.9639892578125,778.9061279296875,778.9061279296875,543.339111328125,0,0,-5.413074859461631e-07,0.0010999999940395355,0.02200000174343586,0.03299999609589577,0.04399999603629112,5655.8173828125,114276.53125,0.0429663360118866,0,3.1392715754918754e-05,115.62156677246094,0,0.0002616529818624258,2.8350639695418067e-05,0,0,23.700000762939453,0,0,1600,0,50,0,0,0,50,50,800,0.0,0.0,0.0,0.0
64,155.72486877441406,307.7392883300781,324.6759948730469,324.6311340332031,291.03594970703125,291.0808410644531,16515.818359375,33031.63671875,67.83332061767578,67.8332748413086,1791.7486572265625,3576.098876953125,1793.515625,3577.31298828125,282.59033203125,57.04625701904297,-2.9615071071020793e-06,0,0,2581.9677734375,1284.8448486328125,0,-5.413074859461631e-07,2657.120361328125,11.791421890258789,11.800086975097656,900.577392578125,1796.3316650390625,49.930965423583984,49.97983932495117,100,0,0,345.115478515625,0,7.924896240234375,20.43948745727539,20.48434829711914,0,1.034000039100647,0.9067617654800415,50,2.799999952316284,2.341444730758667,0,0,0,0,1176.9999527455907,0,0,0,0.08518963307142258,0.012204017490148544,-0.09675755351781845,0.0006360974512062967,98.30364990234375,98.2299575805664,779.0762329101562,779.0182495117188,779.0182495117188,543.3841552734375,0,0,-5.413074859461631e-07,0.0010999999940395355,0.02200000174343586,0.03299999609589577,0.04399999603629112,5655.8173828125,114276.53125,0.0429663360118866,0,3.1392715754918754e-05,117.4423828125,0,0.0002616529818624258,2.8350639695418067e-05,0,0,23.700000762939453,0,0,1600,0,50,0,0,0,50,50,800,0.0,0.0,0.0,0.0
65,155.6941680908203,307.71795654296875,324.6519775390625,324.6070556640625,291.0137939453125,291.05877685546875,16515.818359375,33031.63671875,67.80867004394531,67.80863189697266,1792.0079345703125,3576.54736328125,1793.51123046875,3577.31787109375,282.5590515136719,56.967281341552734,-2.549040800658986e-06,0,0,2582.05908203125,1284.71044921875,0,-5.413074859461631e-07,2657.875,11.790923118591309,11.79964542388916,900.6887817382812,1796.55126953125,49.91952133178711,49.96907424926758,100,0,0,345.099609375,0,7.924896240234375,20.4476261138916,20.4925537109375,0,1.034000039100647,0.9067617654800415,50,2.799999952316284,2.3407797813415527,0,0,0,0,1176.9999527455907,0,0,0,0.08646676689386368,0.012065321207046509,-0.0979023203253746,0.0006297665531747043,98.3314437866211,98.25785827636719,779.1884765625,779.1305541992188,779.1305541992188,543.4295654296875,0,0,-5.413074859461631e-07,0.0010999999940395355,0.02200000174343586,0.03299999609589577,0.04399999603629112,5655.8173828125,114276.53125,0.0429663360118866,0,3.1392715754918754e-05,119.26319885253906,0,0.0002616529818624258,2.8350639695418067e-05,0,0,23.700000762939453,0,0,1600,0,50,0,0,0,50,50,800,0.0,0.0,0.0,0.0
66,155.6639862060547,307.6969909667969,324.6285095214844,324.5835266113281,290.9918518066406,291.0368347167969,16515.818359375,33031.63671875,67.78429412841797,67.78425598144531,1792.2647705078125,3576.99169921875,1793.508056640625,3577.321044921875,282.5281066894531,56.88915252685547,-7.816698257556709e-07,0,0,2582.14892578125,1284.5775146484375,0,-5.413074859461631e-07,2658.6259765625,11.790440559387207,11.799219131469727,900.8024291992188,1796.7781982421875,49.908260345458984,49.95854949951172,100,0,0,345.0840148925781,0,7.924896240234375,20.45549201965332,20.50048828125,0,1.034000039100647,0.9067617654800415,50,2.799999952316284,2.340118646621704,0,0,0,0,1176.9999527455907,0,0,0,0.087723009288311,0.011926960200071335,-0.09902362525463104,0.0006263474933803082,98.3589859008789,98.2856216430664,779.3003540039062,779.2425537109375,779.2425537109375,543.4750366210938,0,0,-5.413074859461631e-07,0.0010999999940395355,0.02200000174343586,0.03299999609589577,0.04399999603629112,5655.8173828125,114276.53125,0.0429663360118866,0,3.1392715754918754e-05,121.08401489257812,0,0.0002616529818624258,2.8350639695418067e-05,0,0,23.700000762939453,0,0,1600,0,50,0,0,0,50,50,800,0.0,0.0,0.0,0.0
67,155.63429260253906,307.6763610839844,324.6055603027344,324.5605163574219,290.9700622558594,291.0150451660156,16515.818359375,33031.63671875,67.76021575927734,67.76017761230469,1792.520263671875,3577.4306640625,1793.5118408203125,3577.3173828125,282.49749755859375,56.81182098388672,-5.2124955800536554e-06,0,0,2582.2373046875,1284.4461669921875,0,-5.413074859461631e-07,2659.373291015625,11.789976119995117,11.798810005187988,900.92138671875,1797.0096435546875,49.89730453491211,49.94821548461914,100,0,0,345.06866455078125,0,7.924896240234375,20.46312141418457,20.50815200805664,0,1.034000039100647,0.9067617654800415,50,2.799999952316284,2.339461088180542,0,0,0,0,1176.9999527455907,0,0,0,0.08895636349916458,0.011788933537900448,-0.10012193024158478,0.0006233691237866879,98.3864517211914,98.31324768066406,779.4119873046875,779.3543090820312,779.3543090820312,543.5205078125,0,0,-5.413074859461631e-07,0.0010999999940395355,0.02200000174343586,0.03299999609589577,0.04399999603629112,5655.8173828125,114276.53125,0.0429663360118866,0,3.1392715754918754e-05,122.90483093261719,0,0.0002616529818624258,2.8350639695418067e-05,0,0,23.700000762939453,0,0,1600,0,50,0,0,0,50,50,800,0.0,0.0,0.0,0.0
68,155.60507202148438,307.6561279296875,324.5830993652344,324.5380554199219,290.9484558105469,290.9934997558594,16515.818359375,33031.63671875,67.7364273071289,67.73639678955078,1792.7724609375,3577.86669921875,1793.5103759765625,3577.318603515625,282.4671936035156,56.73529052734375,-4.6247751015471295e-06,0,0,2582.323974609375,1284.31689453125,0,-5.413074859461631e-07,2660.117431640625,11.789528846740723,11.798416137695312,901.0413208007812,1797.24609375,49.88656997680664,49.93809509277344,100,0,0,345.0535888671875,0,7.924896240234375,20.47047996520996,20.515544891357422,0,1.034000039100647,0.9067617654800415,50,2.799999952316284,2.338806629180908,0,0,0,0,1176.9999527455907,0,0,0,0.09016687422990799,0.011651158332824707,-0.10119767487049103,0.0006203520460985601,98.41397094726562,98.34075927734375,779.5235595703125,779.4658813476562,779.4658813476562,543.5660400390625,0,0,-5.413074859461631e-07,0.0010999999940395355,0.02200000174343586,0.03299999609589577,0.04399999603629112,5655.8173828125,114276.53125,0.0429663360118866,0,3.1392715754918754e-05,124.72564697265625,0,0.0002616529818624258,2.8350639695418067e-05,0,0,23.700000762939453,0,0,1600,0,50,0,0,0,50,50,800,0.0,0.0,0.0,0.0
69,155.57630920410156,307.63623046875,324.56109619140625,324.5159912109375,290.9271240234375,290.97216796875,16515.818359375,33031.63671875,67.71294403076172,67.71292114257812,1793.022705078125,3578.299072265625,1793.5091552734375,3577.31982421875,282.4371643066406,56.65951919555664,5.2261411838117056e-06,0,0,2582.4091796875,1284.189208984375,0,-5.413074859461631e-07,2660.85986328125,11.78909969329834,11.798036575317383,901.1651000976562,1797.489990234375,49.87608337402344,49.928157806396484,100,0,0,345.0387268066406,0,7.924896240234375,20.47763442993164,20.522733688354492,0,1.034000039100647,0.9067617654800415,50,2.799999952316284,2.3381540775299072,0,0,0,0,1176.9999527455907,0,0,0,0.091356560587883,0.011513383127748966,-0.1022513136267662,0.0006186328246258199,98.44139862060547,98.36820220947266,779.6350708007812,779.5774536132812,779.5774536132812,543.61181640625,0,0,-5.413074859461631e-07,0.0010999999940395355,0.02200000174343586,0.03299999609589577,0.04399999603629112,5655.8173828125,114276.53125,0.0429663360118866,0,3.1392715754918754e-05,126.54646301269531,0,0.0002616529818624258,2.8350639695418067e-05,0,0,23.700000762939453,0,0,1600,0,50,0,0,0,50,50,800,0.0,0.0,0.0,0.0
70,155.54800415039062,307.61663818359375,324.5395812988281,324.4944763183594,290.9060363769531,290.9510803222656,16515.818359375,33031.63671875,67.68978118896484,67.68975067138672,1793.2694091796875,3578.727294921875,1793.5078125,3577.3212890625,282.4074401855469,56.584476470947266,-1.5792785461599124e-06,0,0,2582.4931640625,1284.0633544921875,0,-5.413074859461631e-07,2661.60009765625,11.788689613342285,11.797675132751465,901.2897338867188,1797.7362060546875,49.865787506103516,49.9184684753418,100,0,0,345.02410888671875,0,7.924896240234375,20.48455238342285,20.52964973449707,0,1.034000039100647,0.9067617654800415,50,2.799999952316284,2.337503671646118,0,0,0,0,1176.9999527455907,0,0,0,0.09252548217773438,0.011375607922673225,-0.10328325629234314,0.0006178337498567998,98.4688491821289,98.39556884765625,779.7467041015625,779.6890258789062,779.6890258789062,543.65771484375,0,0,-5.413074859461631e-07,0.0010999999940395355,0.02200000174343586,0.03299999609589577,0.04399999603629112,5655.8173828125,114276.53125,0.0429663360118866,0,3.1392715754918754e-05,128.36727905273438,0,0.0002616529818624258,2.8350639695418067e-05,0,0,23.700000762939453,0,0,1600,0,50,0,0,0,50,50,800,0.0,0.0,0.0,0.0
71,155.52012634277344,307.5973815917969,324.5184631347656,324.4733581542969,290.88519287109375,290.93023681640625,16515.818359375,33031.63671875,67.66692352294922,67.66690063476562,1793.514404296875,3579.150146484375,1793.506591796875,3577.322509765625,282.3780212402344,56.510154724121094,-4.931580406264402e-06,0,0,2582.575927734375,1283.9388427734375,0,-5.413074859461631e-07,2662.339111328125,11.788297653198242,11.797329902648926,901.41455078125,1797.982177734375,49.85577392578125,49.908958435058594,100,0,0,345.0097351074219,0,7.924896240234375,20.49126625061035,20.53639793395996,0,1.034000039100647,0.9067617654800415,50,2.799999952316284,2.336854934692383,0,0,0,0,1176.9999527455907,0,0,0,0.09367568045854568,0.011237666010856628,-0.10429391264915466,0.0006194342859089375,98.49634552001953,98.42288970947266,779.8585815429688,779.8007202148438,779.8007202148438,543.703857421875,0,0,-5.413074859461631e-07,0.0010999999940395355,0.02200000174343586,0.03299999609589577,0.04399999603629112,5655.8173828125,114276.53125,0.0429663360118866,0,3.1392715754918754e-05,130.18807983398438,0,0.0002616529818624258,2.8350639695418067e-05,0,0,23.700000762939453,0,0,1600,0,50,0,0,0,50,50,800,0.0,0.0,0.0,0.0
72,155.49269104003906,307.5784606933594,324.4978942871094,324.4527282714844,290.864501953125,290.9096374511719,16515.818359375,33031.63671875,67.6443862915039,67.64437103271484,1793.7569580078125,3579.570556640625,1793.508056640625,3577.321044921875,282.3488464355469,56.43655014038086,5.223962944000959e-06,0,0,2582.6572265625,1283.8162841796875,0,-5.413074859461631e-07,2663.078857421875,11.787921905517578,11.79699993133545,901.5402221679688,1798.2305908203125,49.84589385986328,49.89965057373047,100,0,0,344.9955749511719,0,7.924896240234375,20.4976749420166,20.5428409576416,0,1.034000039100647,0.9067617654800415,50,2.799999952316284,2.3362059593200684,0,0,0,0,1176.9999527455907,0,0,0,0.09480515122413635,0.011099220253527164,-0.105283722281456,0.0006206474499776959,98.52408599853516,98.45023345947266,779.970947265625,779.9127807617188,779.9127807617188,543.7503662109375,0,0,-5.413074859461631e-07,0.0010999999940395355,0.02200000174343586,0.03299999609589577,0.04399999603629112,5655.8173828125,114276.53125,0.0429663360118866,0,3.1392715754918754e-05,132.00888061523438,0,0.0002616529818624258,2.8350639695418067e-05,0,0,23.700000762939453,0,0,1600,0,50,0,0,0,50,50,800,0.0,0.0,0.0,0.0
73,155.46566772460938,307.55987548828125,324.47772216796875,324.43255615234375,290.8440856933594,290.8892517089844,16515.818359375,33031.63671875,67.62217712402344,67.62215423583984,1793.9976806640625,3579.988037109375,1793.5068359375,3577.322265625,282.3199768066406,56.363643646240234,4.710843313660007e-06,0,0,2582.7373046875,1283.696044921875,0,-5.413074859461631e-07,2663.819580078125,11.787564277648926,11.796684265136719,901.666015625,1798.478759765625,49.83625411987305,49.89049530029297,100,0,0,344.98162841796875,0,7.924896240234375,20.50391387939453,20.54907989501953,0,1.034000039100647,0.9067617654800415,50,2.799999952316284,2.3355560302734375,0,0,0,0,1176.9999527455907,0,0,0,0.09591391682624817,0.010960105806589127,-0.10625308752059937,0.0006209307466633618,98.5518569946289,98.47762298583984,780.0839233398438,780.0254516601562,780.0254516601562,543.7973022460938,0,0,-5.413074859461631e-07,0.0010999999940395355,0.02200000174343586,0.03299999609589577,0.04399999603629112,5655.8173828125,114276.53125,0.0429663360118866,0,3.1392715754918754e-05,133.82968139648438,0,0.0002616529818624258,2.8350639695418067e-05,0,0,23.700000762939453,0,0,1600,0,50,0,0,0,50,50,800,0.0,0.0,0.0,0.0
74,155.4390869140625,307.5416259765625,324.45794677734375,324.4127502441406,290.8239440917969,290.8691711425781,16515.818359375,33031.63671875,67.60028076171875,67.60026550292969,1794.2364501953125,3580.40087890625,1793.5103759765625,3577.318603515625,282.2913818359375,56.29143142700195,3.583787020033924e-06,0,0,2582.816162109375,1283.5772705078125,0,-5.413074859461631e-07,2664.562255859375,11.787224769592285,11.79638671875,901.7930297851562,1798.7265625,49.826839447021484,49.88153076171875,100,0,0,344.9678955078125,0,7.924896240234375,20.50994873046875,20.55514907836914,0,1.034000039100647,0.9067617654800415,50,2.799999952316284,2.3349051475524902,0,0,0,0,1176.9999527455907,0,0,0,0.09700403362512589,0.01082023698836565,-0.1072024330496788,0.0006218436174094677,98.5797348022461,98.50507354736328,780.197509765625,780.1387329101562,780.1387329101562,543.8446655273438,0,0,-5.413074859461631e-07,0.0010999999940395355,0.02200000174343586,0.03299999609589577,0.04399999603629112,5655.8173828125,114276.53125,0.0429663360118866,0,3.1392715754918754e-05,135.65048217773438,0,0.0002616529818624258,2.8350639695418067e-05,0,0,23.700000762939453,0,0,1600,0,50,0,0,0,50,50,800,0.0,0.0,0.0,0.0
75,155.41294860839844,307.523681640625,324.4386291503906,324.3933410644531,290.8040466308594,290.8493347167969,16515.818359375,33031.63671875,67.57870483398438,67.57869720458984,1794.472412109375,3580.810791015625,1793.505615234375,3577.3232421875,282.2630615234375,56.21991729736328,2.423802470730152e-06,0,0,2582.893798828125,1283.4603271484375,0,-5.413074859461631e-07,2665.306396484375,11.786901473999023,11.79610538482666,901.9197387695312,1798.9771728515625,49.81755828857422,49.872772216796875,100,0,0,344.9543762207031,0,7.924896240234375,20.5157470703125,20.561016082763672,0,1.034000039100647,0.9067617654800415,50,2.799999952316284,2.3342533111572266,0,0,0,0,1176.9999527455907,0,0,0,0.09807349741458893,0.010679613798856735,-0.10813215374946594,0.0006209574057720602,98.60758209228516,98.53258514404297,780.3116455078125,780.2525634765625,780.2525634765625,543.892578125,0,0,-5.413074859461631e-07,0.0010999999940395355,0.02200000174343586,0.03299999609589577,0.04399999603629112,5655.8173828125,114276.53125,0.0429663360118866,0,3.1392715754918754e-05,137.47128295898438,0,0.0002616529818624258,2.8350639695418067e-05,0,0,23.700000762939453,0,0,1600,0,50,0,0,0,50,50,800,0.0,0.0,0.0,0.0
76,155.38722229003906,307.5060729980469,324.4197082519531,324.3743896484375,290.784423828125,290.8297424316406,16515.818359375,33031.63671875,67.55746459960938,67.55744934082031,1794.70654296875,3581.215576171875,1793.5072021484375,3577.32177734375,282.23504638671875,56.14910125732422,1.230889324688178e-06,0,0,2582.969970703125,1283.3455810546875,0,-5.413074859461631e-07,2666.05126953125,11.786595344543457,11.795839309692383,902.0464477539062,1799.2274169921875,49.80851364135742,49.86418151855469,100,0,0,344.94110107421875,0,7.924896240234375,20.52140998840332,20.56671142578125,0,1.034000039100647,0.9067617654800415,50,2.799999952316284,2.333601236343384,0,0,0,0,1176.9999527455907,0,0,0,0.09912233799695969,0.010538405738770962,-0.10904266685247421,0.0006180807249620557,98.63524627685547,98.56011962890625,780.426025390625,780.3668823242188,780.3668823242188,543.9408569335938,0,0,-5.413074859461631e-07,0.0010999999940395355,0.02200000174343586,0.03299999609589577,0.04399999603629112,5655.8173828125,114276.53125,0.0429663360118866,0,3.1392715754918754e-05,139.29208374023438,0,0.0002616529818624258,2.8350639695418067e-05,0,0,23.700000762939453,0,0,1600,0,50,0,0,0,50,50,800,0.0,0.0,0.0,0.0
77,155.36195373535156,307.48883056640625,324.4011535644531,324.3558044433594,290.76507568359375,290.8104248046875,16515.818359375,33031.63671875,67.53652954101562,67.5365219116211,1794.938232421875,3581.6181640625,1793.5091552734375,3577.31982421875,282.207275390625,56.078983306884766,5.047728013352071e-09,0,0,2583.044921875,1283.232177734375,0,-5.413074859461631e-07,2666.794921875,11.786308288574219,11.795586585998535,902.1757202148438,1799.482177734375,49.799720764160156,49.85574722290039,100,0,0,344.9280700683594,0,7.924896240234375,20.52690315246582,20.57223892211914,0,1.034000039100647,0.9067617654800415,50,2.799999952316284,2.3329503536224365,0,0,0,0,1176.9999527455907,0,0,0,0.10015057772397995,0.010397028177976608,-0.10993435233831406,0.0006132535636425018,98.66262817382812,98.58761596679688,780.5404663085938,780.4813842773438,780.4813842773438,543.9893798828125,0,0,-5.413074859461631e-07,0.0010999999940395355,0.02200000174343586,0.03299999609589577,0.04399999603629112,5655.8173828125,114276.53125,0.0429663360118866,0,3.1392715754918754e-05,141.11288452148438,0,0.0002616529818624258,2.8350639695418067e-05,0,0,23.700000762939453,0,0,1600,0,50,0,0,0,50,50,800,0.0,0.0,0.0,0.0
78,155.3370819091797,307.47186279296875,324.3829650878906,324.337646484375,290.74603271484375,290.7913818359375,16515.818359375,33031.63671875,67.51591491699219,67.51591491699219,1795.166015625,3582.015625,1793.5042724609375,3577.324462890625,282.1797790527344,56.009544372558594,-4.158760930295102e-06,0,0,2583.118896484375,1283.12060546875,0,-5.413074859461631e-07,2667.535400390625,11.78603744506836,11.795351028442383,902.3045043945312,1799.737060546875,49.79108428955078,49.84756088256836,100,0,0,344.9151916503906,0,7.924896240234375,20.5322265625,20.57756233215332,0,1.034000039100647,0.9067617654800415,50,2.799999952316284,2.3323028087615967,0,0,0,0,1176.9999527455907,0,0,0,0.10116025060415268,0.010255903005599976,-0.11080759763717651,0.0006085620261728764,98.68962097167969,98.614990234375,780.6543579101562,780.5956420898438,780.5956420898438,544.0379638671875,0,0,-5.413074859461631e-07,0.0010999999940395355,0.02200000174343586,0.03299999609589577,0.04399999603629112,5655.8173828125,114276.53125,0.0429663360118866,0,3.1392715754918754e-05,142.93368530273438,0,0.0002616529818624258,2.8350639695418067e-05,0,0,23.700000762939453,0,0,1600,0,50,0,0,0,50,50,800,0.0,0.0,0.0,0.0
79,155.31263732910156,307.4552001953125,324.36517333984375,324.3198547363281,290.72723388671875,290.7726135253906,16515.818359375,33031.63671875,67.49562072753906,67.49562072753906,1795.3916015625,3582.40576171875,1793.505859375,3577.322998046875,282.1525573730469,55.9407958984375,1.1182208936588722e-06,0,0,2583.191162109375,1283.0111083984375,0,-5.413074859461631e-07,2668.270751953125,11.785782814025879,11.79513168334961,902.4320678710938,1799.9891357421875,49.78271484375,49.83959197998047,100,0,0,344.9025573730469,0,7.924896240234375,20.537382125854492,20.58271598815918,0,1.034000039100647,0.9067617654800415,50,2.799999952316284,2.331660032272339,0,0,0,0,1176.9999527455907,0,0,0,0.10215137898921967,0.010115616023540497,-0.11166272312402725,0.0006042724708095193,98.71653747558594,98.64217376708984,780.7677612304688,780.709228515625,780.709228515625,544.0863647460938,0,0,-5.413074859461631e-07,0.0010999999940395355,0.02200000174343586,0.03299999609589577,0.04399999603629112,5655.8173828125,114276.53125,0.0429663360118866,0,3.1392715754918754e-05,144.75448608398438,0,0.0002616529818624258,2.8350639695418067e-05,0,0,23.700000762939453,0,0,1600,0,50,0,0,0,50,50,800,0.0,0.0,0.0,0.0
80,155.28860473632812,307.43890380859375,324.3477478027344,324.3023986816406,290.7087707519531,290.7541198730469,16515.818359375,33031.63671875,67.47563934326172,67.47564697265625,1795.61376953125,3582.79052734375,1793.507568359375,3577.3212890625,282.1255798339844,55.87271499633789,1.714212430670159e-06,0,0,2583.26220703125,1282.9031982421875,0,-5.413074859461631e-07,2669.001953125,11.785545349121094,11.794926643371582,902.5608520507812,1800.243408203125,49.77460861206055,49.831817626953125,100,0,0,344.89013671875,0,7.924896240234375,20.542400360107422,20.587736129760742,0,1.034000039100647,0.9067617654800415,50,2.799999952316284,2.331021308898926,0,0,0,0,1176.9999527455907,0,0,0,0.10312197357416153,0.009975831024348736,-0.1125001311302185,0.0005976764368824661,98.74317169189453,98.66920471191406,780.8806762695312,780.8224487304688,780.8224487304688,544.134765625,0,0,-5.413074859461631e-07,0.0010999999940395355,0.02200000174343586,0.03299999609589577,0.04399999603629112,5655.8173828125,114276.53125,0.0429663360118866,0,3.1392715754918754e-05,146.57528686523438,0,0.0002616529818624258,2.8350639695418067e-05,0,0,23.700000762939453,0,0,1600,0,50,0,0,0,50,50,800,0.0,0.0,0.0,0.0
81,155.26498413085938,307.42291259765625,324.3307189941406,324.2853698730469,290.6905212402344,290.7359313964844,16515.818359375,33031.63671875,67.45598602294922,67.45599365234375,1795.832275390625,3583.170654296875,1793.505859375,3577.322998046875,282.0989074707031,55.80529022216797,-4.113810064154677e-06,0,0,2583.33203125,1282.7972412109375,0,-5.413074859461631e-07,2669.7275390625,11.785325050354004,11.7947359085083,902.6905517578125,1800.5,49.766700744628906,49.824275970458984,100,0,0,344.8779296875,0,7.924896240234375,20.54721450805664,20.59258460998535,0,1.034000039100647,0.9067617654800415,50,2.799999952316284,2.330387592315674,0,0,0,0,1176.9999527455907,0,0,0,0.10407406836748123,0.009836800396442413,-0.11332018673419952,0.0005906815058551729,98.76932525634766,98.69602966308594,780.9927368164062,780.9349975585938,780.9349975585938,544.1829833984375,0,0,-5.413074859461631e-07,0.0010999999940395355,0.02200000174343586,0.03299999609589577,0.04399999603629112,5655.8173828125,114276.53125,0.0429663360118866,0,3.1392715754918754e-05,148.39608764648438,0,0.0002616529818624258,2.8350639695418067e-05,0,0,23.700000762939453,0,0,1600,0,50,0,0,0,50,50,800,0.0,0.0,0.0,0.0
82,155.24179077148438,307.4071960449219,324.3140869140625,324.2686462402344,290.67254638671875,290.718017578125,16515.818359375,33031.63671875,67.4366455078125,67.43666076660156,1796.0472412109375,3583.5439453125,1793.505859375,3577.322998046875,282.07244873046875,55.73853302001953,-3.9870883483672515e-06,0,0,2583.40087890625,1282.6929931640625,0,-5.413074859461631e-07,2670.4462890625,11.785120010375977,11.794561386108398,902.8189086914062,1800.7510986328125,49.759033203125,49.81697463989258,100,0,0,344.865966796875,0,7.924896240234375,20.55189323425293,20.597332000732422,0,1.034000039100647,0.9067617654800415,50,2.799999952316284,2.3297605514526367,0,0,0,0,1176.9999527455907,0,0,0,0.10500767827033997,0.009699025191366673,-0.11412322521209717,0.0005834801704622805,98.7952651977539,98.72259521484375,781.1038208007812,781.0465698242188,781.0465698242188,544.2307739257812,0,0,-5.413074859461631e-07,0.0010999999940395355,0.02200000174343586,0.03299999609589577,0.04399999603629112,5655.8173828125,114276.53125,0.0429663360118866,0,3.1392715754918754e-05,150.21688842773438,0,0.0002616529818624258,2.8350639695418067e-05,0,0,23.700000762939453,0,0,1600,0,50,0,0,0,50,50,800,0.0,0.0,0.0,0.0
83,155.21896362304688,307.3918151855469,324.29779052734375,324.2523498535156,290.6548767089844,290.7003479003906,16515.818359375,33031.63671875,67.41764068603516,67.41765594482422,1796.2587890625,3583.91015625,1793.502685546875,3577.32666015625,282.0462646484375,55.672420501708984,-1.3916685475123813e-06,0,0,2583.46875,1282.590576171875,0,-5.413074859461631e-07,2671.156982421875,11.784932136535645,11.794401168823242,902.9470825195312,1801.007080078125,49.75164031982422,49.80988693237305,100,0,0,344.8541564941406,0,7.924896240234375,20.55636978149414,20.601806640625,0,1.034000039100647,0.9067617654800415,50,2.799999952316284,2.3291406631469727,0,0,0,0,1176.9999527455907,0,0,0,0.10592282563447952,0.009562506340444088,-0.11490888148546219,0.0005764501402154565,98.81385803222656,98.74887084960938,781.208251953125,781.1571044921875,781.1571044921875,544.2783203125,0,0,-5.413074859461631e-07,0.0010999999940395355,0.02200000174343586,0.03299999609589577,0.04399999603629112,5655.8173828125,114276.53125,0.0429663360118866,0,3.1392715754918754e-05,152.03768920898438,0,0.0002616529818624258,2.8350639695418067e-05,0,0,23.700000762939453,0,0,1600,0,50,0,0,0,50,50,800,0.0,0.0,0.0,0.0
84,155.196533203125,307.3766784667969,324.2818298339844,324.23638916015625,290.63751220703125,290.6829833984375,16515.818359375,33031.63671875,67.3989486694336,67.39896392822266,1796.4664306640625,3584.269775390625,1793.5042724609375,3577.324951171875,282.02032470703125,55.60692596435547,-3.9460545053771057e-07,0,0,2583.53515625,1282.4898681640625,0,-5.413074859461631e-07,2671.842529296875,11.784759521484375,11.794254302978516,903.0735473632812,1801.2569580078125,49.74461364746094,49.80315399169922,100,0,0,344.8425598144531,0,7.924896240234375,20.56074333190918,20.606182098388672,0,1.034000039100647,0.9067617654800415,50,2.799999952316284,2.328542947769165,0,0,0,0,1176.9999527455907,0,0,0,0.10682153701782227,0.009431179612874985,-0.11567835509777069,0.0005743610090576112,98.8405990600586,98.77421569824219,781.3157348632812,781.263427734375,781.263427734375,544.3237915039062,0,0,-5.413074859461631e-07,0.0010999999940395355,0.02200000174343586,0.03299999609589577,0.04399999603629112,5655.8173828125,114276.53125,0.0429663360118866,0,3.1392715754918754e-05,153.85848999023438,0,0.0002616529818624258,2.8350639695418067e-05,0,0,23.700000762939453,0,0,1600,0,50,0,0,0,50,50,800,0.0,0.0,0.0,0.0
85,155.17446899414062,307.36181640625,324.2662048339844,324.2207336425781,290.62042236328125,290.6658935546875,16515.818359375,33031.63671875,67.38057708740234,67.3805923461914,1796.66455078125,3584.610595703125,1793.50439453125,3577.324951171875,281.9946594238281,55.54202651977539,-4.4819453250966035e-06,0,0,2583.6005859375,1282.390869140625,0,-5.413074859461631e-07,2672.5048828125,11.784603118896484,11.794121742248535,903.1988525390625,1801.5018310546875,49.73796081542969,49.79674530029297,100,0,0,344.8311767578125,0,7.924896240234375,20.564983367919922,20.610454559326172,0,1.034000039100647,0.9067617654800415,50,2.799999952316284,2.3279659748077393,0,0,0,0,1176.9999527455907,0,0,0,0.10770384222269058,0.00930462870746851,-0.11643212288618088,0.0005763490335084498,98.8687744140625,98.79869842529297,781.4210815429688,781.3659057617188,781.3659057617188,544.3675537109375,0,0,-5.413074859461631e-07,0.0010999999940395355,0.02200000174343586,0.03299999609589577,0.04399999603629112,5655.8173828125,114276.53125,0.0429663360118866,0,3.1392715754918754e-05,155.67929077148438,0,0.0002616529818624258,2.8350639695418067e-05,0,0,23.700000762939453,0,0,1600,0,50,0,0,0,50,50,800,0.0,0.0,0.0,0.0
86,155.15277099609375,307.3472595214844,324.2508850097656,324.2054138183594,290.6036071777344,290.6490783691406,16515.818359375,33031.63671875,67.36251831054688,67.36254119873047,1796.8643798828125,3584.957275390625,1793.50244140625,3577.326171875,281.96917724609375,55.47772216796875,-3.0179539862729143e-06,0,0,2583.66455078125,1282.2935791015625,0,-5.413074859461631e-07,2673.19189453125,11.78446102142334,11.794004440307617,903.3225708007812,1801.7467041015625,49.73125457763672,49.79035949707031,100,0,0,344.8199768066406,0,7.924896240234375,20.569120407104492,20.614591598510742,0,1.034000039100647,0.9067617654800415,50,2.799999952316284,2.3273677825927734,0,0,0,0,1176.9999527455907,0,0,0,0.10856975615024567,0.009172297082841396,-0.1171703115105629,0.0005717440508306026,98.89505004882812,98.8240966796875,781.5289306640625,781.4730834960938,781.4730834960938,544.413818359375,0,0,-5.413074859461631e-07,0.0010999999940395355,0.02200000174343586,0.03299999609589577,0.04399999603629112,5655.8173828125,114276.53125,0.0429663360118866,0,3.1392715754918754e-05,157.50009155273438,0,0.0002616529818624258,2.8350639695418067e-05,0,0,23.700000762939453,0,0,1600,0,50,0,0,0,50,50,800,0.0,0.0,0.0,0.0
87,155.13143920898438,307.33294677734375,324.23583984375,324.1903381347656,290.5870666503906,290.632568359375,16515.818359375,33031.63671875,67.34476470947266,67.34479522705078,1797.0628662109375,3585.300048828125,1793.502197265625,3577.32666015625,281.9439392089844,55.41399002075195,5.113229235576e-07,0,0,2583.727783203125,1282.197998046875,0,-5.413074859461631e-07,2673.883056640625,11.784335136413574,11.793902397155762,903.44384765625,1801.9888916015625,49.72473907470703,49.78411102294922,100,0,0,344.8089599609375,0,7.924896240234375,20.5731201171875,20.61862564086914,0,1.034000039100647,0.9067617654800415,50,2.799999952316284,2.326766014099121,0,0,0,0,1176.9999527455907,0,0,0,0.10941928625106812,0.009038710035383701,-0.11789248138666153,0.0005655143177136779,98.91356658935547,98.84965515136719,781.6315307617188,781.5812377929688,781.5812377929688,544.460693359375,0,0,-5.413074859461631e-07,0.0010999999940395355,0.02200000174343586,0.03299999609589577,0.04399999603629112,5655.8173828125,114276.53125,0.0429663360118866,0,3.1392715754918754e-05,159.32089233398438,0,0.0002616529818624258,2.8350639695418067e-05,0,0,23.700000762939453,0,0,1600,0,50,0,0,0,50,50,800,0.0,0.0,0.0,0.0
88,155.11048889160156,307.31890869140625,324.2211608886719,324.1756286621094,290.57080078125,290.6163024902344,16515.818359375,33031.63671875,67.32733154296875,67.32735443115234,1797.258056640625,3585.63720703125,1793.50048828125,3577.32861328125,281.9189453125,55.350852966308594,-1.0438034223625436e-06,0,0,2583.789794921875,1282.1041259765625,0,-5.413074859461631e-07,2674.553466796875,11.784224510192871,11.793811798095703,903.5645751953125,1802.2276611328125,49.718563079833984,49.77814865112305,100,0,0,344.7981262207031,0,7.924896240234375,20.57695198059082,20.62249183654785,0,1.034000039100647,0.9067617654800415,50,2.799999952316284,2.3261828422546387,0,0,0,0,1176.9999527455907,0,0,0,0.11025244742631912,0.008909394033253193,-0.1185997724533081,0.0005620649899356067,98.93992614746094,98.87443542480469,781.7374877929688,781.6859741210938,781.6859741210938,544.5059204101562,0,0,-5.413074859461631e-07,0.0010999999940395355,0.02200000174343586,0.03299999609589577,0.04399999603629112,5655.8173828125,114276.53125,0.0429663360118866,0,3.1392715754918754e-05,161.14169311523438,0,0.0002616529818624258,2.8350639695418067e-05,0,0,23.700000762939453,0,0,1600,0,50,0,0,0,50,50,800,0.0,0.0,0.0,0.0
89,155.08990478515625,307.3052062988281,324.206787109375,324.1612548828125,290.5547790527344,290.6003112792969,16515.818359375,33031.63671875,67.31019592285156,67.31022644042969,1797.443603515625,3585.955810546875,1793.5020751953125,3577.326904296875,281.8941650390625,55.28830337524414,1.7903864772961242e-06,0,0,2583.85107421875,1282.01220703125,0,-5.413074859461631e-07,2675.201416015625,11.78412914276123,11.79373550415039,903.6854858398438,1802.466552734375,49.71274185180664,49.772525787353516,100,0,0,344.7874755859375,0,7.924896240234375,20.5806827545166,20.626220703125,0,1.034000039100647,0.9067617654800415,50,2.799999952316284,2.3256194591522217,0,0,0,0,1176.9999527455907,0,0,0,0.11106523871421814,0.008784600533545017,-0.11929268389940262,0.0005571524961851537,98.96720886230469,98.89839172363281,781.8411865234375,781.7869873046875,781.7869873046875,544.5494995117188,0,0,-5.413074859461631e-07,0.0010999999940395355,0.02200000174343586,0.03299999609589577,0.04399999603629112,5655.8173828125,114276.53125,0.0429663360118866,0,3.1392715754918754e-05,162.96249389648438,0,0.0002616529818624258,2.8350639695418067e-05,0,0,23.700000762939453,0,0,1600,0,50,0,0,0,50,50,800,0.0,0.0,0.0,0.0
90,155.06967163085938,307.2917175292969,324.1927490234375,324.1471862792969,290.53900146484375,290.5845947265625,16515.818359375,33031.63671875,67.29337310791016,67.29339599609375,1797.6307373046875,3586.280517578125,1793.5018310546875,3577.326904296875,281.86962890625,55.22633361816406,-2.783858008115203e-06,0,0,2583.910888671875,1281.92138671875,0,-5.413074859461631e-07,2675.870849609375,11.784048080444336,11.793671607971191,903.80615234375,1802.7027587890625,49.70690155029297,49.76689529418945,100,0,0,344.77703857421875,0,7.924896240234375,20.58427619934082,20.629850387573242,0,1.034000039100647,0.9067617654800415,50,2.799999952316284,2.325037717819214,0,0,0,0,1176.9999527455907,0,0,0,0.11186571419239044,0.008654782548546791,-0.11997056752443314,0.0005499268881976604,98.98548889160156,98.92313385009766,781.9412231445312,781.89208984375,781.89208984375,544.5952758789062,0,0,-5.413074859461631e-07,0.0010999999940395355,0.02200000174343586,0.03299999609589577,0.04399999603629112,5655.8173828125,114276.53125,0.0429663360118866,0,3.1392715754918754e-05,164.78329467773438,0,0.0002616529818624258,2.8350639695418067e-05,0,0,23.700000762939453,0,0,1600,0,50,0,0,0,50,50,800,0.0,0.0,0.0,0.0
91,155.04978942871094,307.2784729003906,324.1758728027344,324.1329650878906,290.5266418457031,290.569580078125,16557.640625,33042.79296875,67.2771987915039,67.27715301513672,1797.80908203125,3586.5859375,1794.0294189453125,3576.799560546875,281.8453063964844,55.1649284362793,4.180902578809764e-06,0,0,2583.9697265625,1282.031005859375,0,-5.413074859461631e-07,2676.4921875,11.783980369567871,11.793622016906738,904.3820190429688,1803.054931640625,49.70160675048828,49.76176834106445,100,0,0,344.7667541503906,0,7.924896240234375,20.59088897705078,20.6337833404541,0,1.034000039100647,0.9067617654800415,50,2.799999952316284,2.3268659114837646,0,0,0,0,1176.9999527455907,0,0,0,0.11264986544847488,0.008535182103514671,-0.1206347644329071,0.0005502846906892955,99.01341247558594,98.94610595703125,782.0419311523438,781.9889526367188,781.9889526367188,544.636962890625,0,0,-5.413074859461631e-07,0.0010999999940395355,0.02200000174343586,0.03299999609589577,0.04399999603629112,5655.8173828125,114276.53125,0.0429663360118866,0,3.1392715754918754e-05,166.60409545898438,0,0.0002616529818624258,2.8350639695418067e-05,0,0,23.700000762939453,0,0,1600,0,50,0,0,0,50,50,800,0.0,0.0,0.0,0.0
92,155.0299530029297,307.2650146484375,324.1569519042969,324.1185302734375,290.5167236328125,290.5551452636719,16557.640625,33042.79296875,67.26152801513672,67.26146697998047,1798.0576171875,3586.82275390625,1794.158935546875,3576.67041015625,281.8211669921875,55.10391616821289,-3.460682364675449e-06,0,0,2584.02783203125,1281.9407958984375,0,-5.413074859461631e-07,2677.148193359375,11.783910751342773,11.793607711791992,904.4994506835938,1803.1885986328125,49.70305633544922,49.75330352783203,100,0,0,344.7566223144531,0,7.924896240234375,20.59967041015625,20.638090133666992,0,1.034000039100647,0.9067617654800415,50,2.799999952316284,2.3262953758239746,0,0,0,0,1176.9999527455907,0,0,0,0.11344785988330841,0.008407959714531898,-0.12128493934869766,0.0005708862445317209,99.03976440429688,98.9703598022461,782.1466064453125,782.0919799804688,782.0919799804688,544.6818237304688,0,0,-5.413074859461631e-07,0.0010999999940395355,0.02200000174343586,0.03299999609589577,0.04399999603629112,5655.8173828125,114276.53125,0.0429663360118866,0,3.1392715754918754e-05,168.42489624023438,0,0.0002616529818624258,2.8350639695418067e-05,0,0,23.700000762939453,0,0,1600,0,50,0,0,0,50,50,800,0.0,0.0,0.0,0.0
93,155.01031494140625,307.251953125,324.13909912109375,324.1043395996094,290.5061950683594,290.54095458984375,16557.640625,33042.79296875,67.24602508544922,67.2459716796875,1798.2548828125,3587.11376953125,1794.1678466796875,3576.661376953125,281.7970275878906,55.0429573059082,-2.9681582418561447e-06,0,0,2584.085693359375,1281.856689453125,0,-5.413074859461631e-07,2677.82275390625,11.783851623535156,11.793606758117676,904.583251953125,1803.3465576171875,49.69782638549805,49.74818420410156,100,0,0,344.7464904785156,0,7.924896240234375,20.60736846923828,20.64212417602539,0,1.034000039100647,0.9067617654800415,50,2.799999952316284,2.3257088661193848,0,0,0,0,1176.9999527455907,0,0,0,0.11422151327133179,0.008276550099253654,-0.12192147225141525,0.0005765881505794823,99.06678009033203,98.99530029296875,782.254638671875,782.1983642578125,782.1983642578125,544.7283935546875,0,0,-5.413074859461631e-07,0.0010999999940395355,0.02200000174343586,0.03299999609589577,0.04399999603629112,5655.8173828125,114276.53125,0.0429663360118866,0,3.1392715754918754e-05,170.24569702148438,0,0.0002616529818624258,2.8350639695418067e-05,0,0,23.700000762939453,0,0,1600,0,50,0,0,0,50,50,800,0.0,0.0,0.0,0.0
94,154.9910430908203,307.2392578125,324.1221923828125,324.0904541015625,290.4952087402344,290.52691650390625,16557.640625,33042.79296875,67.2307357788086,67.23068237304688,1798.44384765625,3587.414306640625,1794.1649169921875,3576.66455078125,281.7730712890625,54.982505798339844,3.4825404782168334e-07,0,0,2584.142822265625,1281.7738037109375,0,-5.413074859461631e-07,2678.511962890625,11.783803939819336,11.79361629486084,904.6708374023438,1803.5211181640625,49.69225311279297,49.74327850341797,100,0,0,344.73651123046875,0,7.924896240234375,20.61431884765625,20.64605712890625,0,1.034000039100647,0.9067617654800415,50,2.799999952316284,2.3251101970672607,0,0,0,0,1176.9999527455907,0,0,0,0.11497484147548676,0.008141539059579372,-0.12254475057125092,0.0005716278101317585,99.09306335449219,99.0207748413086,782.3645629882812,782.3076782226562,782.3076782226562,544.776611328125,0,0,-5.413074859461631e-07,0.0010999999940395355,0.02200000174343586,0.03299999609589577,0.04399999603629112,5655.8173828125,114276.53125,0.0429663360118866,0,3.1392715754918754e-05,172.06649780273438,0,0.0002616529818624258,2.8350639695418067e-05,0,0,23.700000762939453,0,0,1600,0,50,0,0,0,50,50,800,0.0,0.0,0.0,0.0
95,154.9722442626953,307.2269287109375,324.10614013671875,324.0768737792969,290.48388671875,290.5130615234375,16557.640625,33042.79296875,67.21566772460938,67.21562194824219,1798.6290283203125,3587.71240234375,1794.1634521484375,3576.665283203125,281.7493896484375,54.92273712158203,1.30770672512881e-06,0,0,2584.19873046875,1281.69287109375,0,-5.413074859461631e-07,2679.203857421875,11.783770561218262,11.7936372756958,904.7659301757812,1803.7080078125,49.68681716918945,49.738487243652344,100,0,0,344.72674560546875,0,7.924896240234375,20.62059211730957,20.64985466003418,0,1.034000039100647,0.9067617654800415,50,2.799999952316284,2.324509382247925,0,0,0,0,1176.9999527455907,0,0,0,0.11570386588573456,0.008005439303815365,-0.12315443158149719,0.0005548757035285234,99.11134338378906,99.04635620117188,782.4690551757812,782.4179077148438,782.4179077148438,544.825439453125,0,0,-5.413074859461631e-07,0.0010999999940395355,0.02200000174343586,0.03299999609589577,0.04399999603629112,5655.8173828125,114276.53125,0.0429663360118866,0,3.1392715754918754e-05,173.88729858398438,0,0.0002616529818624258,2.8350639695418067e-05,0,0,23.700000762939453,0,0,1600,0,50,0,0,0,50,50,800,0.0,0.0,0.0,0.0
96,154.9539031982422,307.2149963378906,324.0909118652344,324.06329345703125,290.4723205566406,290.4998779296875,16557.640625,33053.92578125,67.20091247558594,67.20088195800781,1798.802734375,3587.99072265625,1794.083251953125,3576.745361328125,281.72601318359375,54.86371612548828,-8.484030331601389e-07,0,0,2584.253173828125,1281.6131591796875,0,-5.413074859461631e-07,2679.8388671875,11.7837495803833,11.793668746948242,904.8670043945312,1804.02587890625,49.68194580078125,49.73423767089844,100,0,0,344.7172546386719,0,7.924896240234375,20.626323699951172,20.653959274291992,0,1.034000039100647,0.9067617654800415,50,2.799999952316284,2.3244552612304688,0,0,0,0,1176.9999527455907,0,0,0,0.11641062051057816,0.007881316356360912,-0.12375190854072571,0.0005400274530984461,99.1384048461914,99.06982421875,782.5723876953125,782.5183715820312,782.5183715820312,544.8696899414062,0,0,-5.413074859461631e-07,0.0010999999940395355,0.02200000174343586,0.03299999609589577,0.04399999603629112,5655.8173828125,114276.53125,0.0429663360118866,0,3.1392715754918754e-05,175.70809936523438,0,0.0002616529818624258,2.8350639695418067e-05,0,0,23.700000762939453,0,0,1600,0,50,0,0,0,50,50,800,0.0,0.0,0.0,0.0
97,154.93592834472656,307.2032470703125,324.076416015625,324.0497741699219,290.4605712890625,290.4871826171875,16557.640625,33053.92578125,67.18647003173828,67.18643951416016,1798.9664306640625,3588.28076171875,1794.0653076171875,3576.763671875,281.7029113769531,54.80535125732422,1.2072082427039277e-06,0,0,2584.30615234375,1281.53564453125,0,-5.413074859461631e-07,2680.4951171875,11.783746719360352,11.79371166229248,904.9577026367188,1804.2198486328125,49.676082611083984,49.730499267578125,100,0,0,344.70794677734375,0,7.924896240234375,20.63154411315918,20.6581974029541,0,1.034000039100647,0.9067617654800415,50,2.799999952316284,2.323885679244995,0,0,0,0,1176.9999527455907,0,0,0,0.11710713803768158,0.007752251345664263,-0.12433642148971558,0.0005229684174992144,99.15570068359375,99.09408569335938,782.67138671875,782.6229248046875,782.6229248046875,544.916015625,0,0,-5.413074859461631e-07,0.0010999999940395355,0.02200000174343586,0.03299999609589577,0.04399999603629112,5655.8173828125,114276.53125,0.0429663360118866,0,3.1392715754918754e-05,177.52890014648438,0,0.0002616529818624258,2.8350639695418067e-05,0,0,23.700000762939453,0,0,1600,0,50,0,0,0,50,50,800,0.0,0.0,0.0,0.0
98,154.91831970214844,307.1917724609375,324.0624694824219,324.03668212890625,290.4488525390625,290.4745788574219,16557.640625,33053.92578125,67.1722640991211,67.1722412109375,1799.127197265625,3588.54296875,1794.062255859375,3576.766845703125,281.6800231933594,54.7475471496582,3.5850814583682222e-06,0,0,2584.358642578125,1281.458984375,0,-5.413074859461631e-07,2681.09716796875,11.783758163452148,11.7937650680542,905.0543823242188,1804.4075927734375,49.67180633544922,49.72676467895508,100,0,0,344.6988220214844,0,7.924896240234375,20.63636016845703,20.66216468811035,0,1.034000039100647,0.9067617654800415,50,2.799999952316284,2.3233633041381836,0,0,0,0,1176.9999527455907,0,0,0,0.11778542399406433,0.0076346611604094505,-0.12490850687026978,0.0005115828244015574,99.17454528808594,99.11634826660156,782.7639770507812,782.7181396484375,782.7181396484375,544.9578247070312,0,0,-5.413074859461631e-07,0.0010999999940395355,0.02200000174343586,0.03299999609589577,0.04399999603629112,5655.8173828125,114276.53125,0.0429663360118866,0,3.1392715754918754e-05,179.34970092773438,0,0.0002616529818624258,2.8350639695418067e-05,0,0,23.700000762939453,0,0,1600,0,50,0,0,0,50,50,800,0.0,0.0,0.0,0.0
99,154.90110778808594,307.18060302734375,324.0491027832031,324.0240173339844,290.4370422363281,290.462158203125,16557.640625,33053.92578125,67.15830993652344,67.15829467773438,1799.28271484375,3588.791748046875,1794.0625,3576.766845703125,281.6573791503906,54.690338134765625,8.785513045950211e-07,0,0,2584.409423828125,1281.3843994140625,0,-5.413074859461631e-07,2681.671875,11.783782958984375,11.793829917907715,905.1508178710938,1804.5997314453125,49.66790771484375,49.72336196899414,100,0,0,344.6899108886719,0,7.924896240234375,20.64080238342285,20.6658935546875,0,1.034000039100647,0.9067617654800415,50,2.799999952316284,2.3228652477264404,0,0,0,0,1176.9999527455907,0,0,0,0.11844749748706818,0.007522766012698412,-0.12546853721141815,0.0005017269286327064,99.19384002685547,99.13758850097656,782.85302734375,782.8087158203125,782.8087158203125,544.9974365234375,0,0,-5.413074859461631e-07,0.0010999999940395355,0.02200000174343586,0.03299999609589577,0.04399999603629112,5655.8173828125,114276.53125,0.0429663360118866,0,3.1392715754918754e-05,181.17050170898438,0,0.0002616529818624258,2.8350639695418067e-05,0,0,23.700000762939453,0,0,1600,0,50,0,0,0,50,50,800,0.0,0.0,0.0,0.0
100,154.88421630859375,307.169677734375,324.0362548828125,324.0117492675781,290.42529296875,290.4498291015625,16557.640625,33053.92578125,67.14461517333984,67.14459228515625,1799.43359375,3589.0322265625,1794.0609130859375,3576.76806640625,281.63494873046875,54.63370132446289,2.3730642340069608e-07,0,0,2584.45947265625,1281.31103515625,0,-5.413074859461631e-07,2682.2294921875,11.783819198608398,11.793904304504395,905.24951171875,1804.7939453125,49.66427230834961,49.720184326171875,100,0,0,344.6811828613281,0,7.924896240234375,20.64490509033203,20.66942024230957,0,1.034000039100647,0.9067617654800415,50,2.799999952316284,2.3223819732666016,0,0,0,0,1176.9999527455907,0,0,0,0.11909335106611252,0.007414305116981268,-0.12601684033870697,0.0004908207920379937,99.21305084228516,99.158203125,782.9397583007812,782.8965454101562,782.8965454101562,545.0358276367188,0,0,-5.413074859461631e-07,0.0010999999940395355,0.02200000174343586,0.03299999609589577,0.04399999603629112,5655.8173828125,114276.53125,0.0429663360118866,0,3.1392715754918754e-05,182.99130249023438,0,0.0002616529818624258,2.8350639695418067e-05,0,0,23.700000762939453,0,0,1600,0,50,0,0,0,50,50,800,0.0,0.0,0.0,0.0
101,154.86767578125,307.15899658203125,324.0239562988281,323.9998779296875,290.4135437011719,290.4376220703125,16557.640625,33053.92578125,67.13117218017578,67.13115692138672,1799.580810546875,3589.26416015625,1794.0631103515625,3576.76611328125,281.61273193359375,54.57760238647461,-3.5677230698638596e-06,0,0,2584.50830078125,1281.2386474609375,0,-5.413074859461631e-07,2682.7734375,11.783866882324219,11.793989181518555,905.3482055664062,1804.9874267578125,49.66090393066406,49.71721267700195,100,0,0,344.6726379394531,0,7.924896240234375,20.64866828918457,20.67274284362793,0,1.034000039100647,0.9067617654800415,50,2.799999952316284,2.3219106197357178,0,0,0,0,1176.9999527455907,0,0,0,0.11972501873970032,0.0073084402829408646,-0.12655368447303772,0.00047976995119825006,99.2318344116211,99.17831420898438,783.0243530273438,782.9822387695312,782.9822387695312,545.0733032226562,0,0,-5.413074859461631e-07,0.0010999999940395355,0.02200000174343586,0.03299999609589577,0.04399999603629112,5655.8173828125,114276.53125,0.0429663360118866,0,3.1392715754918754e-05,184.81210327148438,0,0.0002616529818624258,2.8350639695418067e-05,0,0,23.700000762939453,0,0,1600,0,50,0,0,0,50,50,800,0.0,0.0,0.0,0.0
102,154.85142517089844,307.14849853515625,324.0120849609375,323.98797607421875,290.4018859863281,290.4259948730469,16557.640625,33065.05859375,67.11803436279297,67.11803436279297,1799.723876953125,3589.488037109375,1793.98095703125,3576.847900390625,281.5906982421875,54.5219841003418,2.019816065512714e-06,0,0,2584.556640625,1281.16796875,0,-5.413074859461631e-07,2683.3046875,11.78392505645752,11.794084548950195,905.4452514648438,1805.300048828125,49.65774154663086,49.71446228027344,100,0,0,344.6642150878906,0,7.924896240234375,20.652128219604492,20.676237106323242,0,1.034000039100647,0.9067617654800415,50,2.799999952316284,2.321946144104004,0,0,0,0,1176.9999527455907,0,0,0,0.12034450471401215,0.007205171976238489,-0.1270793080329895,0.0004703662998508662,99.25025939941406,99.19795227050781,783.1070556640625,783.0658569335938,783.0658569335938,545.1098022460938,0,0,-5.413074859461631e-07,0.0010999999940395355,0.02200000174343586,0.03299999609589577,0.04399999603629112,5655.8173828125,114276.53125,0.0429663360118866,0,3.1392715754918754e-05,186.63290405273438,0,0.0002616529818624258,2.8350639695418067e-05,0,0,23.700000762939453,0,0,1600,0,50,0,0,0,50,50,800,0.0,0.0,0.0,0.0
103,154.8354034423828,307.13812255859375,324.0005798339844,323.9761047363281,290.39031982421875,290.414794921875,16557.640625,33065.05859375,67.1052017211914,67.10520935058594,1799.85107421875,3589.714599609375,1793.9608154296875,3576.8681640625,281.56884765625,54.466800689697266,-6.07904325988784e-07,0,0,2584.603515625,1281.0989990234375,0,-5.413074859461631e-07,2683.82470703125,11.784000396728516,11.794190406799316,905.5289306640625,1805.4783935546875,49.653751373291016,49.71247863769531,100,0,0,344.65594482421875,0,7.924896240234375,20.65534782409668,20.67983055114746,0,1.034000039100647,0.9067617654800415,50,2.799999952316284,2.321495771408081,0,0,0,0,1176.9999527455907,0,0,0,0.12095783650875092,0.00710416492074728,-0.12759384512901306,0.00046816340181976557,99.26860046386719,99.21717834472656,783.1881713867188,783.1476440429688,783.1476440429688,545.1455078125,0,0,-5.413074859461631e-07,0.0010999999940395355,0.02200000174343586,0.03299999609589577,0.04399999603629112,5655.8173828125,114276.53125,0.0429663360118866,0,3.1392715754918754e-05,188.45370483398438,0,0.0002616529818624258,2.8350639695418067e-05,0,0,23.700000762939453,0,0,1600,0,50,0,0,0,50,50,800,0.0,0.0,0.0,0.0
104,154.8196258544922,307.1280212402344,323.98944091796875,323.96466064453125,290.37890625,290.4037170410156,16557.640625,33065.05859375,67.09259033203125,67.09259796142578,1799.9830322265625,3589.927490234375,1793.959228515625,3576.86962890625,281.5471496582031,54.411964416503906,-3.5425928217591718e-06,0,0,2584.650390625,1281.0316162109375,0,-5.413074859461631e-07,2684.33642578125,11.784089088439941,11.794304847717285,905.6152954101562,1805.6484375,49.65102767944336,49.71011734008789,100,0,0,344.6477966308594,0,7.924896240234375,20.658367156982422,20.68315315246582,0,1.034000039100647,0.9067617654800415,50,2.799999952316284,2.3210527896881104,0,0,0,0,1176.9999527455907,0,0,0,0.12155499309301376,0.007004665210843086,-0.1280975639820099,0.0004620928375516087,99.28700256347656,99.23609924316406,783.268310546875,783.2282104492188,783.2282104492188,545.1806640625,0,0,-5.413074859461631e-07,0.0010999999940395355,0.02200000174343586,0.03299999609589577,0.04399999603629112,5655.8173828125,114276.53125,0.0429663360118866,0,3.1392715754918754e-05,190.27450561523438,0,0.0002616529818624258,2.8350639695418067e-05,0,0,23.700000762939453,0,0,1600,0,50,0,0,0,50,50,800,0.0,0.0,0.0,0.0
105,154.8041534423828,307.1181335449219,323.97857666015625,323.9535217285156,290.3676452636719,290.3927307128906,16557.640625,33065.05859375,67.08021545410156,67.0802230834961,1800.11279296875,3590.133544921875,1793.959228515625,3576.86962890625,281.5256042480469,54.35757064819336,-2.8947902137588244e-06,0,0,2584.69580078125,1280.965087890625,0,0.2717313766479492,2684.8427734375,11.784187316894531,11.794427871704102,905.7041015625,1805.820556640625,49.64849853515625,49.7078971862793,100,0,0,344.6398010253906,0,7.924896240234375,20.66121482849121,20.6862735748291,0,1.034000039100647,0.9067617654800415,50,2.799999952316284,2.320614814758301,0,0,0,0,1176.9999527455907,0,0,0,0.12214000523090363,0.00690617086365819,-0.12859076261520386,0.0004554193583317101,99.30509948730469,99.25481414794922,783.3475952148438,783.3079833984375,783.3079833984375,545.2155151367188,0,0,0.2717313766479492,0.0010999999940395355,0.02200000174343586,0.03299999609589577,0.04399999603629112,5655.8173828125,114276.53125,0.0429663360118866,0,3.1392715754918754e-05,192.09530639648438,0,0.0002616529818624258,2.8350639695418067e-05,0,0,23.700000762939453,0,0,1600,0,50,0,0,0,50,50,800,0.0,0.0,0.0,0.0
106,154.7914581298828,307.1034851074219,323.9675598144531,323.9422607421875,290.3561096191406,290.38140869140625,16557.640625,33065.05859375,67.06805419921875,67.06806945800781,1800.2401123046875,3590.33349609375,1793.9564208984375,3576.873046875,281.5042419433594,54.303646087646484,-5.233177034824621e-06,0,0,2584.740966796875,1280.87109375,0,29.602357864379883,2685.342041015625,11.784296035766602,11.794559478759766,905.7891235351562,1805.9898681640625,49.64617156982422,49.70580291748047,100,0,0,344.6319580078125,0,7.924896240234375,20.66440200805664,20.689697265625,0,1.034000039100647,0.9067617654800415,50,2.799999952316284,2.320183038711548,0,0,0,0,1176.9999527455907,0,0,0,0.12300526350736618,0.006808932404965162,-0.12907050549983978,0.0007436837768182158,99.3229751586914,99.27326965332031,783.4258422851562,783.38671875,783.38671875,545.25,0,0,29.602357864379883,0.0010999999940395355,0.02200000174343586,0.03299999609589577,0.04399999603629112,5655.8173828125,114276.53125,0.0429663360118866,0,3.1392715754918754e-05,193.91610717773438,0,0.0002616529818624258,2.8350639695418067e-05,0,0,23.700000762939453,0,0,1600,0,50,0,0,0,50,50,800,0.0,0.0,0.0,0.0
107,154.7854766845703,307.0841979980469,323.9541015625,323.92864990234375,290.3441467285156,290.36962890625,16557.640625,33065.05859375,67.05525970458984,67.05528259277344,1800.419677734375,3590.6396484375,1793.9576416015625,3576.871337890625,281.4869689941406,54.26000213623047,-5.2086743380641565e-06,0,0,2584.76611328125,1280.788330078125,0,28.881515502929688,2686.09814453125,11.784409523010254,11.794694900512695,905.516357421875,1805.44384765625,49.64200973510742,49.701908111572266,100,0,0,344.6275634765625,0,7.924896240234375,20.6734561920166,20.69892120361328,0,1.034000039100647,0.9067617654800415,50,2.799999952316284,2.3195297718048096,0,0,0,0,1176.9999527455907,0,0,0,0.12414449453353882,0.00666738860309124,-0.12953828275203705,0.001273595029488206,99.44123077392578,99.30122375488281,783.6115112304688,783.5013427734375,783.5013427734375,545.2975463867188,0,0,28.881515502929688,0.0010999999940395355,0.02200000174343586,0.03299999609589577,0.04399999603629112,5655.8173828125,114276.53125,0.0429663360118866,0,3.1392715754918754e-05,195.73690795898438,0,0.0002616529818624258,2.8350639695418067e-05,0,0,23.700000762939453,0,0,1600,0,50,0,0,0,50,50,800,0.0,0.0,0.0,0.0
108,154.78285217285156,307.066650390625,323.9388427734375,323.9132080078125,290.3321838378906,290.35784912109375,16557.640625,33065.05859375,67.04169464111328,67.04170989990234,1800.7086181640625,3591.165771484375,1793.952392578125,3576.876220703125,281.472412109375,54.22331237792969,1.0552239473327063e-06,0,0,2584.778076171875,1280.707763671875,0,28.119388580322266,2687.60791015625,11.78451919555664,11.79482650756836,905.3162841796875,1805.043212890625,49.632320404052734,49.69245910644531,100,0,0,344.6254577636719,0,7.924896240234375,20.686613082885742,20.712247848510742,0,1.034000039100647,0.9067617654800415,50,2.799999952316284,2.3182265758514404,0,0,0,0,1176.9999527455907,0,0,0,0.12517918646335602,0.006359593477100134,-0.12999604642391205,0.0015427222242578864,99.56226348876953,99.35704040527344,783.912109375,783.7505493164062,783.7505493164062,545.4129028320312,0,0,28.119388580322266,0.0010999999940395355,0.02200000174343586,0.03299999609589577,0.04399999603629112,5655.8173828125,114276.53125,0.0429663360118866,0,3.1392715754918754e-05,197.55770874023438,0,0.0002616529818624258,2.8350639695418067e-05,0,0,23.700000762939453,0,0,1600,0,50,0,0,0,50,50,800,0.0,0.0,0.0,0.0
109,154.7830047607422,307.05126953125,323.9228515625,323.89703369140625,290.3201904296875,290.34600830078125,16557.640625,33065.05859375,67.02764892578125,67.02767181396484,1801.061767578125,3591.821044921875,1793.9534912109375,3576.875244140625,281.4595947265625,54.1909294128418,3.861322511511389e-06,0,0,2584.781494140625,1280.628173828125,0,27.74432373046875,2689.60546875,11.78463363647461,11.794960021972656,905.220458984375,1804.8507080078125,49.61916732788086,49.67947769165039,100,0,0,344.6248779296875,0,7.924896240234375,20.70203971862793,20.72784423828125,0,1.034000039100647,0.9067617654800415,50,2.799999952316284,2.316504955291748,0,0,0,0,1176.9999527455907,0,0,0,0.12608745694160461,0.005942415911704302,-0.1304439753293991,0.0015858892584219575,99.65937042236328,99.4308853149414,784.2681884765625,784.08837890625,784.08837890625,545.5735473632812,0,0,27.74432373046875,0.0010999999940395355,0.02200000174343586,0.03299999609589577,0.04399999603629112,5655.8173828125,114276.53125,0.0429663360118866,0,3.1392715754918754e-05,199.37850952148438,0,0.0002616529818624258,2.8350639695418067e-05,0,0,23.700000762939453,0,0,1600,0,50,0,0,0,50,50,800,0.0,0.0,0.0,0.0
110,154.78550720214844,307.0379943847656,323.9068908691406,323.8810119628906,290.3081970214844,290.3341369628906,16557.640625,33065.05859375,67.01343536376953,67.01346588134766,1801.422607421875,3592.495849609375,1793.952880859375,3576.875732421875,281.4482727050781,54.162376403808594,5.033794877817854e-06,0,0,2584.778076171875,1280.550537109375,0,27.419912338256836,2691.72265625,11.784762382507324,11.795105934143066,905.2200927734375,1804.8460693359375,49.60525894165039,49.665771484375,100,0,0,344.6255187988281,0,7.924896240234375,20.7186222076416,20.74452781677246,0,1.034000039100647,0.9067617654800415,50,2.799999952316284,2.314682960510254,0,0,0,0,1176.9999527455907,0,0,0,0.12686944007873535,0.005496342666447163,-0.13088282942771912,0.0014829532010480762,99.73802947998047,99.5091552734375,784.6297607421875,784.4495239257812,784.4495239257812,545.7469482421875,0,0,27.419912338256836,0.0010999999940395355,0.02200000174343586,0.03299999609589577,0.04399999603629112,5655.8173828125,114276.53125,0.0429663360118866,0,3.1392715754918754e-05,201.19931030273438,0,0.0002616529818624258,2.8350639695418067e-05,0,0,23.700000762939453,0,0,1600,0,50,0,0,0,50,50,800,0.0,0.0,0.0,0.0
111,154.79042053222656,307.0267028808594,323.8917236328125,323.8656921386719,290.2962341308594,290.322265625,16557.640625,33065.05859375,66.99930572509766,66.99934387207031,1801.7723388671875,3593.147705078125,1793.9476318359375,3576.88134765625,281.4385070800781,54.13763427734375,1.667602191446349e-06,0,0,2584.766845703125,1280.4759521484375,0,27.083850860595703,2693.793701171875,11.784908294677734,11.795268058776855,905.2971801757812,1804.998291015625,49.591941833496094,49.652591705322266,100,0,0,344.6274108886719,0,7.924896240234375,20.7357120513916,20.76171875,0,1.034000039100647,0.9067617654800415,50,2.799999952316284,2.312903642654419,0,0,0,0,1176.9999527455907,0,0,0,0.12753525376319885,0.005057808011770248,-0.1313125640153885,0.001280499156564474,99.79174041748047,99.5857162475586,784.966796875,784.8046264648438,784.8046264648438,545.9183959960938,0,0,27.083850860595703,0.0010999999940395355,0.02200000174343586,0.03299999609589577,0.04399999603629112,5655.8173828125,114276.53125,0.0429663360118866,0,3.1392715754918754e-05,203.02011108398438,0,0.0002616529818624258,2.8350639695418067e-05,0,0,23.700000762939453,0,0,1600,0,50,0,0,0,50,50,800,0.0,0.0,0.0,0.0
112,154.7974853515625,307.0170593261719,323.8775939941406,323.8515319824219,290.2843933105469,290.310546875,16557.640625,33065.05859375,66.98548126220703,66.98551177978516,1802.0792236328125,3593.714111328125,1793.95166015625,3576.87744140625,281.4300842285156,54.11640548706055,1.6228138974838657e-06,0,0,2584.7490234375,1280.404541015625,0,26.7662353515625,2695.614013671875,11.785075187683105,11.795448303222656,905.4334106445312,1805.268798828125,49.580650329589844,49.641456604003906,100,0,0,344.6305236816406,0,7.924896240234375,20.75290298461914,20.77897834777832,0,1.034000039100647,0.9067617654800415,50,2.799999952316284,2.3113417625427246,0,0,0,0,1176.9999527455907,0,0,0,0.12810495495796204,0.004671954549849033,-0.13173362612724304,0.0010432929266244173,99.8291244506836,99.65301513671875,785.2556762695312,785.1170654296875,785.1170654296875,546.0693969726562,0,0,26.7662353515625,0.0010999999940395355,0.02200000174343586,0.03299999609589577,0.04399999603629112,5655.8173828125,114276.53125,0.0429663360118866,0,3.1392715754918754e-05,204.84091186523438,0,0.0002616529818624258,2.8350639695418067e-05,0,0,23.700000762939453,0,0,1600,0,50,0,0,0,50,50,800,0.0,0.0,0.0,0.0
113,154.80624389648438,307.0086364746094,323.8648376464844,323.83868408203125,290.2727355957031,290.2989501953125,16557.640625,33065.05859375,66.97209167480469,66.97212982177734,1802.337890625,3594.18359375,1793.9498291015625,3576.87939453125,281.4228515625,54.09812927246094,4.5771676013828255e-06,0,0,2584.725830078125,1280.3360595703125,0,26.487260818481445,2697.13232421875,11.785262107849121,11.79565143585205,905.6072387695312,1805.61328125,49.57184600830078,49.63275909423828,100,0,0,344.63458251953125,0,7.924896240234375,20.769756317138672,20.7958984375,0,1.034000039100647,0.9067617654800415,50,2.799999952316284,2.3100409507751465,0,0,0,0,1176.9999527455907,0,0,0,0.128600612282753,0.004350507166236639,-0.13214550912380219,0.0008055984508246183,99.8455581665039,99.70914459228516,785.4846801757812,785.3773803710938,785.3773803710938,546.1950073242188,0,0,26.487260818481445,0.0010999999940395355,0.02200000174343586,0.03299999609589577,0.04399999603629112,5655.8173828125,114276.53125,0.0429663360118866,0,3.1392715754918754e-05,206.66171264648438,0,0.0002616529818624258,2.8350639695418067e-05,0,0,23.700000762939453,0,0,1600,0,50,0,0,0,50,50,800,0.0,0.0,0.0,0.0
114,154.81629943847656,307.0010681152344,323.8533935546875,323.8271789550781,290.2612609863281,290.28753662109375,16557.640625,33065.05859375,66.95924377441406,66.95927429199219,1802.54638671875,3594.55322265625,1793.95068359375,3576.878173828125,281.4165344238281,54.08217239379883,-8.307452503686363e-07,0,0,2584.6982421875,1280.2701416015625,0,26.270830154418945,2698.315673828125,11.785470008850098,11.79587173461914,905.801025390625,1805.9981689453125,49.56568145751953,49.62674331665039,100,0,0,344.6394348144531,0,7.924896240234375,20.78603172302246,20.81224250793457,0,1.034000039100647,0.9067617654800415,50,2.799999952316284,2.309027910232544,0,0,0,0,1176.9999527455907,0,0,0,0.12904620170593262,0.004101088270545006,-0.13254909217357635,0.000598196464125067,99.85858154296875,99.75289154052734,785.6625366210938,785.5792846679688,785.5792846679688,546.2920532226562,0,0,26.270830154418945,0.0010999999940395355,0.02200000174343586,0.03299999609589577,0.04399999603629112,5655.8173828125,114276.53125,0.0429663360118866,0,3.1392715754918754e-05,208.48251342773438,0,0.0002616529818624258,2.8350639695418067e-05,0,0,23.700000762939453,0,0,1600,0,50,0,0,0,50,50,800,0.0,0.0,0.0,0.0
115,154.82720947265625,306.9940490722656,323.8432312011719,323.8169860839844,290.25,290.2763671875,16557.640625,33065.05859375,66.94694519042969,66.94698333740234,1802.71435546875,3594.841796875,1793.9490966796875,3576.879638671875,281.41082763671875,54.067813873291016,3.217426410628832e-06,0,0,2584.66748046875,1280.20751953125,0,26.128875732421875,2699.23486328125,11.785697937011719,11.796110153198242,905.9967651367188,1806.3861083984375,49.56171798706055,49.62282943725586,100,0,0,344.6448059082031,0,7.924896240234375,20.80159568786621,20.82784080505371,0,1.034000039100647,0.9067617654800415,50,2.799999952316284,2.308241844177246,0,0,0,0,1176.9999527455907,0,0,0,0.12945976853370667,0.003908705897629261,-0.13294461369514465,0.00042385864071547985,99.86681365966797,99.78687286376953,785.7980346679688,785.735107421875,785.735107421875,546.3663330078125,0,0,26.128875732421875,0.0010999999940395355,0.02200000174343586,0.03299999609589577,0.04399999603629112,5655.8173828125,114276.53125,0.0429663360118866,0,3.1392715754918754e-05,210.30331420898438,0,0.0002616529818624258,2.8350639695418067e-05,0,0,23.700000762939453,0,0,1600,0,50,0,0,0,50,50,800,0.0,0.0,0.0,0.0
116,154.838623046875,306.9873046875,323.8341064453125,323.8078308105469,290.2391052246094,290.2654724121094,16557.640625,33065.05859375,66.9352035522461,66.93524169921875,1802.8475341796875,3595.061767578125,1793.950439453125,3576.87841796875,281.4055480957031,54.054473876953125,2.8586471216840437e-06,0,0,2584.634765625,1280.146728515625,0,26.050464630126953,2699.932373046875,11.785942077636719,11.796364784240723,906.1866455078125,1806.7628173828125,49.55952453613281,49.62074279785156,100,0,0,344.65057373046875,0,7.924896240234375,20.81648063659668,20.84276008605957,0,1.034000039100647,0.9067617654800415,50,2.799999952316284,2.307645797729492,0,0,0,0,1176.9999527455907,0,0,0,0.12985728681087494,0.0037643983960151672,-0.13333207368850708,0.0002896046789828688,99.87097930908203,99.81266021728516,785.8978271484375,785.8519287109375,785.8519287109375,546.4213256835938,0,0,26.050464630126953,0.0010999999940395355,0.02200000174343586,0.03299999609589577,0.04399999603629112,5655.8173828125,114276.53125,0.0429663360118866,0,3.1392715754918754e-05,212.12411499023438,0,0.0002616529818624258,2.8350639695418067e-05,0,0,23.700000762939453,0,0,1600,0,50,0,0,0,50,50,800,0.0,0.0,0.0,0.0
117,154.85028076171875,306.98065185546875,323.825927734375,323.7995910644531,290.2284240722656,290.25482177734375,16557.640625,33065.05859375,66.92398071289062,66.92401885986328,1802.951416015625,3595.2236328125,1793.951904296875,3576.87744140625,281.4005126953125,54.04171371459961,-4.90856655233074e-06,0,0,2584.600830078125,1280.0882568359375,0,26.02413558959961,2700.446533203125,11.786202430725098,11.79663372039795,906.361083984375,1807.1085205078125,49.55887222290039,49.620147705078125,100,0,0,344.656494140625,0,7.924896240234375,20.83055305480957,20.856901168823242,0,1.034000039100647,0.9067617654800415,50,2.799999952316284,2.307206869125366,0,0,0,0,1176.9999527455907,0,0,0,0.1302487552165985,0.003660040907561779,-0.13371141254901886,0.0001973835751414299,99.87277221679688,99.8316650390625,785.9688110351562,785.9364624023438,785.9364624023438,546.460205078125,0,0,26.02413558959961,0.0010999999940395355,0.02200000174343586,0.03299999609589577,0.04399999603629112,5655.8173828125,114276.53125,0.0429663360118866,0,3.1392715754918754e-05,213.94491577148438,0,0.0002616529818624258,2.8350639695418067e-05,0,0,23.700000762939453,0,0,1600,0,50,0,0,0,50,50,800,0.0,0.0,0.0,0.0
118,154.86203002929688,306.9739990234375,323.8183898925781,323.7920227050781,290.2180480957031,290.2444763183594,16557.640625,33065.05859375,66.91322326660156,66.91326141357422,1803.0323486328125,3595.338623046875,1793.9503173828125,3576.87890625,281.3955383300781,54.02919006347656,2.0752315776917385e-06,0,0,2584.566162109375,1280.0316162109375,0,26.037904739379883,2700.81787109375,11.786476135253906,11.796916007995605,906.5178833007812,1807.418701171875,49.55940628051758,49.620758056640625,100,0,0,344.6624755859375,0,7.924896240234375,20.844083786010742,20.870464324951172,0,1.034000039100647,0.9067617654800415,50,2.799999952316284,2.3068900108337402,0,0,0,0,1176.9999527455907,0,0,0,0.13064216077327728,0.003586923936381936,-0.13408255577087402,0.00014653397374786437,99.8739242553711,99.84539031982422,786.01806640625,785.9956665039062,785.9956665039062,546.4865112304688,0,0,26.037904739379883,0.0010999999940395355,0.02200000174343586,0.03299999609589577,0.04399999603629112,5655.8173828125,114276.53125,0.0429663360118866,0,3.1392715754918754e-05,215.76571655273438,0,0.0002616529818624258,2.8350639695418067e-05,0,0,23.700000762939453,0,0,1600,0,50,0,0,0,50,50,800,0.0,0.0,0.0,0.0
119,154.8737335205078,306.9671630859375,323.8113098144531,323.784912109375,290.2079772949219,290.23443603515625,16557.640625,33065.05859375,66.90287780761719,66.90291595458984,1803.096435546875,3595.421630859375,1793.9512939453125,3576.877685546875,281.3905944824219,54.016666412353516,-1.576705471961759e-06,0,0,2584.531982421875,1279.976318359375,0,26.079410552978516,2701.08837890625,11.786759376525879,11.797207832336426,906.6531372070312,1807.6866455078125,49.560760498046875,49.622230529785156,100,0,0,344.66851806640625,0,7.924896240234375,20.857206344604492,20.88361930847168,0,1.034000039100647,0.9067617654800415,50,2.799999952316284,2.30665922164917,0,0,0,0,1176.9999527455907,0,0,0,0.13104349374771118,0.0035360015463083982,-0.134445458650589,0.00013403511547949165,99.87606048583984,99.85539245605469,786.0531616210938,786.036865234375,786.036865234375,546.5037231445312,0,0,26.079410552978516,0.0010999999940395355,0.02200000174343586,0.03299999609589577,0.04399999603629112,5655.8173828125,114276.53125,0.0429663360118866,0,3.1392715754918754e-05,217.58651733398438,0,0.0002616529818624258,2.8350639695418067e-05,0,0,23.700000762939453,0,0,1600,0,50,0,0,0,50,50,800,0.0,0.0,0.0,0.0
120,154.88534545898438,306.960205078125,323.8045654296875,323.778076171875,290.19818115234375,290.2246398925781,16557.640625,33065.05859375,66.89288330078125,66.8929214477539,1803.14990234375,3595.485107421875,1793.952880859375,3576.876220703125,281.3855895996094,54.00403594970703,-2.2538992539011815e-07,0,0,2584.497802734375,1279.92236328125,0,26.134552001953125,2701.2998046875,11.787054061889648,11.797506332397461,906.7689819335938,1807.915283203125,49.562705993652344,49.62419509887695,100,0,0,344.67449951171875,0,7.924896240234375,20.86992073059082,20.896404266357422,0,1.034000039100647,0.9067617654800415,50,2.799999952316284,2.30647873878479,0,0,0,0,1176.9999527455907,0,0,0,0.1314527541399002,0.0034981449134647846,-0.13480016589164734,0.0001507285051047802,99.8803482055664,99.86321258544922,786.0809936523438,786.0675048828125,786.0675048828125,546.515625,0,0,26.134552001953125,0.0010999999940395355,0.02200000174343586,0.03299999609589577,0.04399999603629112,5655.8173828125,114276.53125,0.0429663360118866,0,3.1392715754918754e-05,219.40731811523438,0,0.0002616529818624258,2.8350639695418067e-05,0,0,23.700000762939453,0,0,1600,0,50,0,0,0,50,50,800,0.0,0.0,0.0,0.0
121,154.89682006835938,306.953125,323.7980041503906,323.7714538574219,290.1886291503906,290.2151184082031,16557.640625,33065.05859375,66.88318634033203,66.88323211669922,1803.1988525390625,3595.53759765625,1793.95166015625,3576.877685546875,281.3805236816406,53.991233825683594,-3.747954224309069e-06,0,0,2584.4638671875,1279.86962890625,0,26.202367782592773,2701.4892578125,11.787354469299316,11.797813415527344,906.8679809570312,1808.110107421875,49.56490707397461,49.62641143798828,100,0,0,344.6803894042969,0,7.924896240234375,20.88239860534668,20.90894889831543,0,1.034000039100647,0.9067617654800415,50,2.799999952316284,2.3063173294067383,0,0,0,0,1176.9999527455907,0,0,0,0.13186992704868317,0.0034653134644031525,-0.13514681160449982,0.00018842879217118025,99.88741302490234,99.8702163696289,786.107666015625,786.0941162109375,786.0941162109375,546.525390625,0,0,26.202367782592773,0.0010999999940395355,0.02200000174343586,0.03299999609589577,0.04399999603629112,5655.8173828125,114276.53125,0.0429663360118866,0,3.1392715754918754e-05,221.22811889648438,0,0.0002616529818624258,2.8350639695418067e-05,0,0,23.700000762939453,0,0,1600,0,50,0,0,0,50,50,800,0.0,0.0,0.0,0.0
122,154.90821838378906,306.94598388671875,323.79144287109375,323.7648620605469,290.1793518066406,290.20587158203125,16557.640625,33065.05859375,66.87373352050781,66.873779296875,1803.24658203125,3595.591064453125,1793.952880859375,3576.87646484375,281.3753967285156,53.978240966796875,-4.413701390149072e-06,0,0,2584.43017578125,1279.81787109375,0,26.274921417236328,2701.686767578125,11.787663459777832,11.798125267028809,906.9526977539062,1808.2772216796875,49.56708526611328,49.62864685058594,100,0,0,344.6862487792969,0,7.924896240234375,20.89480972290039,20.92139434814453,0,1.034000039100647,0.9067617654800415,50,2.799999952316284,2.3061492443084717,0,0,0,0,1176.9999527455907,0,0,0,0.1322910338640213,0.003430890617892146,-0.13548557460308075,0.00023634452372789383,99.89746856689453,99.87751007080078,786.1376953125,786.1220092773438,786.1220092773438,546.5357666015625,0,0,26.274921417236328,0.0010999999940395355,0.02200000174343586,0.03299999609589577,0.04399999603629112,5655.8173828125,114276.53125,0.0429663360118866,0,3.1392715754918754e-05,223.04891967773438,0,0.0002616529818624258,2.8350639695418067e-05,0,0,23.700000762939453,0,0,1600,0,50,0,0,0,50,50,800,0.0,0.0,0.0,0.0
123,154.9195556640625,306.9387512207031,323.784912109375,323.7582702636719,290.1702880859375,290.1968688964844,16557.640625,33065.05859375,66.86449432373047,66.86454772949219,1803.2965087890625,3595.64794921875,1793.952392578125,3576.87646484375,281.37017822265625,53.96514129638672,-7.619635056244078e-08,0,0,2584.39697265625,1279.7667236328125,0,26.33455467224121,2701.9130859375,11.78797721862793,11.798443794250488,907.02734375,1808.421630859375,49.569129943847656,49.6307487487793,100,0,0,344.69207763671875,0,7.924896240234375,20.90718650817871,20.933805465698242,0,1.034000039100647,0.9067617654800415,50,2.799999952316284,2.3059563636779785,0,0,0,0,1176.9999527455907,0,0,0,0.13271605968475342,0.003390186233446002,-0.13581669330596924,0.0002895629149861634,99.91029357910156,99.88587951660156,786.1741333007812,786.1549682617188,786.1549682617188,546.5487060546875,0,0,26.33455467224121,0.0010999999940395355,0.02200000174343586,0.03299999609589577,0.04399999603629112,5655.8173828125,114276.53125,0.0429663360118866,0,3.1392715754918754e-05,224.86972045898438,0,0.0002616529818624258,2.8350639695418067e-05,0,0,23.700000762939453,0,0,1600,0,50,0,0,0,50,50,800,0.0,0.0,0.0,0.0
124,154.93087768554688,306.9315185546875,323.7782897949219,323.7516784667969,290.1614990234375,290.1881103515625,16557.640625,33065.05859375,66.85543823242188,66.8554916381836,1803.350341796875,3595.714599609375,1793.953857421875,3576.875244140625,281.364990234375,53.95198440551758,-4.4538078327605035e-06,0,0,2584.364013671875,1279.7169189453125,0,26.393230438232422,2702.181884765625,11.788297653198242,11.798766136169434,907.092041015625,1808.5484619140625,49.570953369140625,49.63257598876953,100,0,0,344.6978759765625,0,7.924896240234375,20.919597625732422,20.94621467590332,0,1.034000039100647,0.9067617654800415,50,2.799999952316284,2.305727005004883,0,0,0,0,1176.9999527455907,0,0,0,0.13314101099967957,0.0033402692060917616,-0.1361403614282608,0.0003409298078622669,99.92572021484375,99.89582061767578,786.2188720703125,786.1953735351562,786.1953735351562,546.5652465820312,0,0,26.393230438232422,0.0010999999940395355,0.02200000174343586,0.03299999609589577,0.04399999603629112,5655.8173828125,114276.53125,0.0429663360118866,0,3.1392715754918754e-05,226.69052124023438,0,0.0002616529818624258,2.8350639695418067e-05,0,0,23.700000762939453,0,0,1600,0,50,0,0,0,50,50,800,0.0,0.0,0.0,0.0
125,154.94229125976562,306.92437744140625,323.77166748046875,323.7450256347656,290.1529235839844,290.17950439453125,16557.640625,33065.05859375,66.8465576171875,66.84661102294922,1803.4083251953125,3595.792724609375,1793.95166015625,3576.87744140625,281.35980224609375,53.938899993896484,2.2077283574617468e-06,0,0,2584.330810546875,1279.66796875,0,26.43710708618164,2702.5,11.78862476348877,11.799092292785645,907.1529541015625,1808.6685791015625,49.572444915771484,49.63412094116211,100,0,0,344.70367431640625,0,7.924896240234375,20.9320068359375,20.958660125732422,0,1.034000039100647,0.9067617654800415,50,2.799999952316284,2.3054559230804443,0,0,0,0,1176.9999527455907,0,0,0,0.13356192409992218,0.003279463853687048,-0.13645686209201813,0.0003845175087917596,99.94303894042969,99.90757751464844,786.2725219726562,786.2445678710938,786.2445678710938,546.5862426757812,0,0,26.43710708618164,0.0010999999940395355,0.02200000174343586,0.03299999609589577,0.04399999603629112,5655.8173828125,114276.53125,0.0429663360118866,0,3.1392715754918754e-05,228.51132202148438,0,0.0002616529818624258,2.8350639695418067e-05,0,0,23.700000762939453,0,0,1600,0,50,0,0,0,50,50,800,0.0,0.0,0.0,0.0
126,154.953857421875,306.9173583984375,323.7651062011719,323.7384033203125,290.14453125,290.1711120605469,16557.640625,33065.05859375,66.83782958984375,66.83788299560547,1803.4722900390625,3595.879150390625,1793.952880859375,3576.875732421875,281.35467529296875,53.92599868774414,4.850432105740765e-06,0,0,2584.296875,1279.619873046875,0,26.468442916870117,2702.865966796875,11.788957595825195,11.79942512512207,907.2117919921875,1808.783935546875,49.573726654052734,49.635345458984375,100,0,0,344.7095947265625,0,7.924896240234375,20.944486618041992,20.971172332763672,0,1.034000039100647,0.9067617654800415,50,2.799999952316284,2.3051440715789795,0,0,0,0,1176.9999527455907,0,0,0,0.13397477567195892,0.0032080216333270073,-0.1367664933204651,0.000416306167608127,99.9615707397461,99.92111206054688,786.3342895507812,786.3024291992188,786.3024291992188,546.6116333007812,0,0,26.468442916870117,0.0010999999940395355,0.02200000174343586,0.03299999609589577,0.04399999603629112,5655.8173828125,114276.53125,0.0429663360118866,0,3.1392715754918754e-05,230.33212280273438,0,0.0002616529818624258,2.8350639695418067e-05,0,0,23.700000762939453,0,0,1600,0,50,0,0,0,50,50,800,0.0,0.0,0.0,0.0
127,154.96563720703125,306.9105224609375,323.7585144042969,323.7318115234375,290.1363220214844,290.16290283203125,16557.640625,33065.05859375,66.82925415039062,66.82930755615234,1803.5401611328125,3595.975341796875,1793.9544677734375,3576.87451171875,281.3497009277344,53.913368225097656,-4.433987214724766e-06,0,0,2584.262451171875,1279.5728759765625,0,26.490928649902344,2703.2734375,11.789294242858887,11.799760818481445,907.2709350585938,1808.8995361328125,49.574745178222656,49.636314392089844,100,0,0,344.7155456542969,0,7.924896240234375,20.95703125,20.98375129699707,0,1.034000039100647,0.9067617654800415,50,2.799999952316284,2.3047969341278076,0,0,0,0,1176.9999527455907,0,0,0,0.1343776136636734,0.0031273667700588703,-0.1370694786310196,0.0004355018027126789,99.98062133789062,99.93617248535156,786.4027709960938,786.3677368164062,786.3677368164062,546.640869140625,0,0,26.490928649902344,0.0010999999940395355,0.02200000174343586,0.03299999609589577,0.04399999603629112,5655.8173828125,114276.53125,0.0429663360118866,0,3.1392715754918754e-05,232.15292358398438,0,0.0002616529818624258,2.8350639695418067e-05,0,0,23.700000762939453,0,0,1600,0,50,0,0,0,50,50,800,0.0,0.0,0.0,0.0
128,154.97767639160156,306.90386962890625,323.75201416015625,323.7252502441406,290.1282958984375,290.1549072265625,16557.640625,33065.05859375,66.82083892822266,66.8208999633789,1803.6092529296875,3596.07568359375,1793.952392578125,3576.87646484375,281.3448181152344,53.90108871459961,-2.808632189044147e-06,0,0,2584.227783203125,1279.526611328125,0,26.5001163482666,2703.712158203125,11.78963851928711,11.800103187561035,907.331298828125,1809.018310546875,49.57560348510742,49.63713455200195,100,0,0,344.7216491699219,0,7.924896240234375,20.969646453857422,20.99639892578125,0,1.034000039100647,0.9067617654800415,50,2.799999952316284,2.3044230937957764,0,0,0,0,1176.9999527455907,0,0,0,0.13476841151714325,0.003039592644199729,-0.13736605644226074,0.00044195071677677333,99.99951934814453,99.952392578125,786.4758911132812,786.4388427734375,786.4388427734375,546.6729736328125,0,0,26.5001163482666,0.0010999999940395355,0.02200000174343586,0.03299999609589577,0.04399999603629112,5655.8173828125,114276.53125,0.0429663360118866,0,3.1392715754918754e-05,233.97372436523438,0,0.0002616529818624258,2.8350639695418067e-05,0,0,23.700000762939453,0,0,1600,0,50,0,0,0,50,50,800,0.0,0.0,0.0,0.0
129,154.989990234375,306.8974609375,323.74560546875,323.71881103515625,290.1203918457031,290.1470642089844,16557.640625,33065.05859375,66.8125991821289,66.81266021728516,1803.6788330078125,3596.17822265625,1793.948486328125,3576.880615234375,281.3401184082031,53.88922882080078,-1.086832412511285e-06,0,0,2584.1923828125,1279.4814453125,0,26.498437881469727,2704.1708984375,11.789989471435547,11.80044937133789,907.3942260742188,1809.1448974609375,49.57637405395508,49.637874603271484,100,0,0,344.7279052734375,0,7.924896240234375,20.9822940826416,21.00908088684082,0,1.034000039100647,0.9067617654800415,50,2.799999952316284,2.304032802581787,0,0,0,0,1176.9999527455907,0,0,0,0.1351451873779297,0.002947212429717183,-0.13765646517276764,0.00043594796443358064,100.01774597167969,99.96934509277344,786.5517578125,786.5136108398438,786.5136108398438,546.7071533203125,0,0,26.498437881469727,0.0010999999940395355,0.02200000174343586,0.03299999609589577,0.04399999603629112,5655.8173828125,114276.53125,0.0429663360118866,0,3.1392715754918754e-05,235.79452514648438,0,0.0002616529818624258,2.8350639695418067e-05,0,0,23.700000762939453,0,0,1600,0,50,0,0,0,50,50,800,0.0,0.0,0.0,0.0
130,155.0026397705078,306.89129638671875,323.73931884765625,323.7124938964844,290.11273193359375,290.139404296875,16557.640625,33065.05859375,66.80452728271484,66.8045883178711,1803.747314453125,3596.278564453125,1793.9510498046875,3576.877685546875,281.33563232421875,53.87782287597656,-4.67525342173758e-06,0,0,2584.15576171875,1279.4376220703125,0,26.491107940673828,2704.63623046875,11.790346145629883,11.800802230834961,907.4596557617188,1809.271484375,49.577178955078125,49.63862228393555,100,0,0,344.7342834472656,0,7.924896240234375,20.99494171142578,21.02176284790039,0,1.034000039100647,0.9067617654800415,50,2.799999952316284,2.3036365509033203,0,0,0,0,1176.9999527455907,0,0,0,0.1355079710483551,0.0028530731797218323,-0.13794083893299103,0.0004202052659820765,100.03491973876953,99.9865493774414,786.6278686523438,786.58984375,786.58984375,546.7420654296875,0,0,26.491107940673828,0.0010999999940395355,0.02200000174343586,0.03299999609589577,0.04399999603629112,5655.8173828125,114276.53125,0.0429663360118866,0,3.1392715754918754e-05,237.61532592773438,0,0.0002616529818624258,2.8350639695418067e-05,0,0,23.700000762939453,0,0,1600,0,50,0,0,0,50,50,800,0.0,0.0,0.0,0.0
131,155.0155792236328,306.8853759765625,323.7331848144531,323.70635986328125,290.105224609375,290.1319885253906,16557.640625,33065.05859375,66.79664611816406,66.79670715332031,1803.81298828125,3596.373779296875,1793.952392578125,3576.87646484375,281.3312683105469,53.86689758300781,1.1288943824183661e-06,0,0,2584.1181640625,1279.39501953125,0,26.479326248168945,2705.0966796875,11.790709495544434,11.801158905029297,907.5277099609375,1809.4051513671875,49.57810974121094,49.63944625854492,100,0,0,344.7408142089844,0,7.924896240234375,21.00762367248535,21.03444480895996,0,1.034000039100647,0.9067617654800415,50,2.799999952316284,2.3032445907592773,0,0,0,0,1176.9999527455907,0,0,0,0.13585476577281952,0.0027596037834882736,-0.13821941614151,0.0003949526872020215,100.0506820678711,100.00357818603516,786.70263671875,786.66552734375,786.66552734375,546.7769165039062,0,0,26.479326248168945,0.0010999999940395355,0.02200000174343586,0.03299999609589577,0.04399999603629112,5655.8173828125,114276.53125,0.0429663360118866,0,3.1392715754918754e-05,239.43612670898438,0,0.0002616529818624258,2.8350639695418067e-05,0,0,23.700000762939453,0,0,1600,0,50,0,0,0,50,50,800,0.0,0.0,0.0,0.0
132,155.02883911132812,306.87969970703125,323.7272644042969,323.7004089355469,290.0979309082031,290.12469482421875,16557.640625,33065.05859375,66.78895568847656,66.78902435302734,1803.873779296875,3596.45947265625,1793.95361328125,3576.875244140625,281.3271484375,53.8564567565918,-4.364851065474795e-06,0,0,2584.07958984375,1279.3533935546875,0,26.46575927734375,2705.54248046875,11.7910795211792,11.801523208618164,907.59814453125,1809.5435791015625,49.5792236328125,49.64046096801758,100,0,0,344.74755859375,0,7.924896240234375,21.020305633544922,21.047161102294922,0,1.034000039100647,0.9067617654800415,50,2.799999952316284,2.302865505218506,0,0,0,0,1176.9999527455907,0,0,0,0.1361895501613617,0.0026691497769206762,-0.13849228620529175,0.0003664196701720357,100.06488037109375,100.02005767822266,786.7740478515625,786.73876953125,786.73876953125,546.8106689453125,0,0,26.46575927734375,0.0010999999940395355,0.02200000174343586,0.03299999609589577,0.04399999603629112,5655.8173828125,114276.53125,0.0429663360118866,0,3.1392715754918754e-05,241.25692749023438,0,0.0002616529818624258,2.8350639695418067e-05,0,0,23.700000762939453,0,0,1600,0,50,0,0,0,50,50,800,0.0,0.0,0.0,0.0
133,155.04237365722656,306.87420654296875,323.72149658203125,323.6946105957031,290.0908203125,290.1176452636719,16557.640625,33065.05859375,66.78146362304688,66.78153228759766,1803.9287109375,3596.5341796875,1793.9532470703125,3576.875732421875,281.32318115234375,53.84645462036133,3.778621248784475e-06,0,0,2584.040283203125,1279.3128662109375,0,26.453109741210938,2705.96533203125,11.79145622253418,11.801892280578613,907.668212890625,1809.6842041015625,49.58059310913086,49.64171600341797,100,0,0,344.7544250488281,0,7.924896240234375,21.03291893005371,21.0598087310791,0,1.034000039100647,0.9067617654800415,50,2.799999952316284,2.3025059700012207,0,0,0,0,1176.9999527455907,0,0,0,0.13651233911514282,0.002583469729870558,-0.1387595534324646,0.00033625823562033474,100.07762145996094,100.03568267822266,786.8411865234375,786.8081665039062,786.8081665039062,546.842529296875,0,0,26.453109741210938,0.0010999999940395355,0.02200000174343586,0.03299999609589577,0.04399999603629112,5655.8173828125,114276.53125,0.0429663360118866,0,3.1392715754918754e-05,243.07772827148438,0,0.0002616529818624258,2.8350639695418067e-05,0,0,23.700000762939453,0,0,1600,0,50,0,0,0,50,50,800,0.0,0.0,0.0,0.0
134,155.05618286132812,306.868896484375,323.71600341796875,323.6890869140625,290.0838317871094,290.1106872558594,16557.640625,33065.05859375,66.774169921875,66.77423858642578,1803.9775390625,3596.5986328125,1793.952392578125,3576.87646484375,281.31939697265625,53.836856842041016,-9.412277108822309e-07,0,0,2584.000244140625,1279.273193359375,0,26.444255828857422,2706.3603515625,11.791837692260742,11.802266120910645,907.7391967773438,1809.82177734375,49.582176208496094,49.643226623535156,100,0,0,344.7613830566406,0,7.924896240234375,21.04539680480957,21.07232093811035,0,1.034000039100647,0.9067617654800415,50,2.799999952316284,2.3021702766418457,0,0,0,0,1176.9999527455907,0,0,0,0.1368231475353241,0.0025035685393959284,-0.13902132213115692,0.0003053864056710154,100.08898162841797,100.05029296875,786.9033203125,786.8728637695312,786.8728637695312,546.8721923828125,0,0,26.444255828857422,0.0010999999940395355,0.02200000174343586,0.03299999609589577,0.04399999603629112,5655.8173828125,114276.53125,0.0429663360118866,0,3.1392715754918754e-05,244.89852905273438,0,0.0002616529818624258,2.8350639695418067e-05,0,0,23.700000762939453,0,0,1600,0,50,0,0,0,50,50,800,0.0,0.0,0.0,0.0
135,155.07020568847656,306.86376953125,323.7106628417969,323.6837463378906,290.0770568847656,290.1039123535156,16557.640625,33065.05859375,66.76707458496094,66.76714324951172,1804.020263671875,3596.649658203125,1793.95361328125,3576.875244140625,281.31573486328125,53.827632904052734,-1.9009904690392432e-06,0,0,2583.95947265625,1279.2349853515625,0,26.435251235961914,2706.725341796875,11.792223930358887,11.802644729614258,907.8099365234375,1809.9610595703125,49.584083557128906,49.64501190185547,100,0,0,344.7685546875,0,7.924896240234375,21.05787467956543,21.08479881286621,0,1.034000039100647,0.9067617654800415,50,2.799999952316284,2.3018600940704346,0,0,0,0,1176.9999527455907,0,0,0,0.1371239423751831,0.002430032705888152,-0.13927771151065826,0.0002762695075944066,100.09906768798828,100.06378173828125,786.960205078125,786.932373046875,786.932373046875,546.8993530273438,0,0,26.435251235961914,0.0010999999940395355,0.02200000174343586,0.03299999609589577,0.04399999603629112,5655.8173828125,114276.53125,0.0429663360118866,0,3.1392715754918754e-05,246.71932983398438,0,0.0002616529818624258,2.8350639695418067e-05,0,0,23.700000762939453,0,0,1600,0,50,0,0,0,50,50,800,0.0,0.0,0.0,0.0
136,155.0844268798828,306.8587951660156,323.7055358886719,323.6785888671875,290.0704345703125,290.0973205566406,16557.640625,33065.05859375,66.76017761230469,66.76024627685547,1804.0562744140625,3596.6884765625,1793.951904296875,3576.87744140625,281.31219482421875,53.8187255859375,2.8199515327287372e-06,0,0,2583.91796875,1279.197509765625,0,26.431673049926758,2707.059326171875,11.792617797851562,11.803028106689453,907.8778076171875,1810.0948486328125,49.586280822753906,49.647071838378906,100,0,0,344.7757873535156,0,7.924896240234375,21.07025146484375,21.09717559814453,0,1.034000039100647,0.9067617654800415,50,2.799999952316284,2.3015763759613037,0,0,0,0,1176.9999527455907,0,0,0,0.1374167501926422,0.0023631134536117315,-0.1395287662744522,0.00025109577109105885,100.10810089111328,100.07613372802734,787.01171875,786.986572265625,786.986572265625,546.9238891601562,0,0,26.431673049926758,0.0010999999940395355,0.02200000174343586,0.03299999609589577,0.04399999603629112,5655.8173828125,114276.53125,0.0429663360118866,0,3.1392715754918754e-05,248.54013061523438,0,0.0002616529818624258,2.8350639695418067e-05,0,0,23.700000762939453,0,0,1600,0,50,0,0,0,50,50,800,0.0,0.0,0.0,0.0
137,155.09881591796875,306.8539123535156,323.7005615234375,323.6736145019531,290.0639953613281,290.09088134765625,16557.640625,33065.05859375,66.75347137451172,66.7535400390625,1804.0855712890625,3596.715087890625,1793.95263671875,3576.87646484375,281.3088073730469,53.81010818481445,-1.4811911341894302e-06,0,0,2583.8759765625,1279.1611328125,0,26.430980682373047,2707.363525390625,11.793015480041504,11.803415298461914,907.9440307617188,1810.2255859375,49.588722229003906,49.6494140625,100,0,0,344.7831115722656,0,7.924896240234375,21.08252716064453,21.10948371887207,0,1.034000039100647,0.9067617654800415,50,2.799999952316284,2.301318407058716,0,0,0,0,1176.9999527455907,0,0,0,0.137703537940979,0.0023025593254715204,-0.13977456092834473,0.00023154160589911044,100.11639404296875,100.08737182617188,787.0584716796875,787.0355834960938,787.0355834960938,546.9459838867188,0,0,26.430980682373047,0.0010999999940395355,0.02200000174343586,0.03299999609589577,0.04399999603629112,5655.8173828125,114276.53125,0.0429663360118866,0,3.1392715754918754e-05,250.36093139648438,0,0.0002616529818624258,2.8350639695418067e-05,0,0,23.700000762939453,0,0,1600,0,50,0,0,0,50,50,800,0.0,0.0,0.0,0.0
138,155.1133575439453,306.84912109375,323.6957702636719,323.6687927246094,290.0577087402344,290.0845947265625,16557.640625,33065.05859375,66.74694061279297,66.74701690673828,1804.1092529296875,3596.73095703125,1793.95361328125,3576.875244140625,281.30548095703125,53.80171585083008,-3.410080807952909e-06,0,0,2583.83349609375,1279.125732421875,0,26.436031341552734,2707.642333984375,11.793418884277344,11.803807258605957,908.0050048828125,1810.345458984375,49.5914421081543,49.651973724365234,100,0,0,344.79052734375,0,7.924896240234375,21.094768524169922,21.12172508239746,0,1.034000039100647,0.9067617654800415,50,2.799999952316284,2.301081657409668,0,0,0,0,1176.9999527455907,0,0,0,0.13798433542251587,0.0022474494762718678,-0.14001516997814178,0.0002166081394534558,100.12432098388672,100.09768676757812,787.1011962890625,787.0802612304688,787.0802612304688,546.9658813476562,0,0,26.436031341552734,0.0010999999940395355,0.02200000174343586,0.03299999609589577,0.04399999603629112,5655.8173828125,114276.53125,0.0429663360118866,0,3.1392715754918754e-05,252.18173217773438,0,0.0002616529818624258,2.8350639695418067e-05,0,0,23.700000762939453,0,0,1600,0,50,0,0,0,50,50,800,0.0,0.0,0.0,0.0
139,155.12802124023438,306.84442138671875,323.6910705566406,323.66412353515625,290.05157470703125,290.0784606933594,16557.640625,33065.05859375,66.74058532714844,66.74066162109375,1804.1278076171875,3596.739013671875,1793.951416015625,3576.877685546875,281.30224609375,53.79353713989258,-4.7097396418394055e-06,0,0,2583.790771484375,1279.0909423828125,0,26.442960739135742,2707.901123046875,11.793825149536133,11.80420207977295,908.06298828125,1810.4598388671875,49.59431838989258,49.654727935791016,100,0,0,344.7980041503906,0,7.924896240234375,21.10694122314453,21.13389778137207,0,1.034000039100647,0.9067617654800415,50,2.799999952316284,2.3008620738983154,0,0,0,0,1176.9999527455907,0,0,0,0.1382610946893692,0.002196694491431117,-0.14025068283081055,0.0002071145863737911,100.13201141357422,100.10724639892578,787.1408081054688,787.121337890625,787.121337890625,546.9840698242188,0,0,26.442960739135742,0.0010999999940395355,0.02200000174343586,0.03299999609589577,0.04399999603629112,5655.8173828125,114276.53125,0.0429663360118866,0,3.1392715754918754e-05,254.00253295898438,0,0.0002616529818624258,2.8350639695418067e-05,0,0,23.700000762939453,0,0,1600,0,50,0,0,0,50,50,800,0.0,0.0,0.0,0.0
140,155.14280700683594,306.83978271484375,323.68646240234375,323.65948486328125,290.045654296875,290.07257080078125,16557.640625,33065.05859375,66.73439025878906,66.73445892333984,1804.1429443359375,3596.738525390625,1793.9541015625,3576.875,281.299072265625,53.785526275634766,-1.716527549433522e-06,0,0,2583.747314453125,1279.0570068359375,0,26.454538345336914,2708.143310546875,11.794236183166504,11.804597854614258,908.1184692382812,1810.5662841796875,49.59738540649414,49.65761184692383,100,0,0,344.8055419921875,0,7.924896240234375,21.11907958984375,21.14607048034668,0,1.034000039100647,0.9067617654800415,50,2.799999952316284,2.30065655708313,0,0,0,0,1176.9999527455907,0,0,0,0.13853387534618378,0.002149373758584261,-0.1404811590909958,0.00020209145441185683,100.13967895507812,100.11620330810547,787.1781005859375,787.15966796875,787.15966796875,547.0008544921875,0,0,26.454538345336914,0.0010999999940395355,0.02200000174343586,0.03299999609589577,0.04399999603629112,5655.8173828125,114276.53125,0.0429663360118866,0,3.1392715754918754e-05,255.82333374023438,0,0.0002616529818624258,2.8350639695418067e-05,0,0,23.700000762939453,0,0,1600,0,50,0,0,0,50,50,800,0.0,0.0,0.0,0.0
141,155.15768432617188,306.835205078125,323.68194580078125,323.6549377441406,290.03985595703125,290.0667724609375,16557.640625,33065.05859375,66.72834014892578,66.7284164428711,1804.1549072265625,3596.732177734375,1793.9520263671875,3576.876953125,281.29595947265625,53.77768325805664,-5.066178346169181e-06,0,0,2583.7041015625,1279.0235595703125,0,26.465490341186523,2708.375,11.794649124145508,11.804998397827148,908.169921875,1810.667236328125,49.600563049316406,49.66061019897461,100,0,0,344.8131408691406,0,7.924896240234375,21.13118553161621,21.15821075439453,0,1.034000039100647,0.9067617654800415,50,2.799999952316284,2.30046010017395,0,0,0,0,1176.9999527455907,0,0,0,0.13880261778831482,0.0021043140441179276,-0.14070670306682587,0.00020023027900606394,100.14744567871094,100.12477111816406,787.2139892578125,787.1961059570312,787.1961059570312,547.016845703125,0,0,26.465490341186523,0.0010999999940395355,0.02200000174343586,0.03299999609589577,0.04399999603629112,5655.8173828125,114276.53125,0.0429663360118866,0,3.1392715754918754e-05,257.6441345214844,0,0.0002616529818624258,2.8350639695418067e-05,0,0,23.700000762939453,0,0,1600,0,50,0,0,0,50,50,800,0.0,0.0,0.0,0.0
142,155.17266845703125,306.8306884765625,323.6775207519531,323.6504821777344,290.0341796875,290.06109619140625,16557.640625,33065.05859375,66.72244262695312,66.72251892089844,1804.1640625,3596.72119140625,1793.9510498046875,3576.877685546875,281.29290771484375,53.769989013671875,3.6077387903787894e-06,0,0,2583.66015625,1278.991455078125,0,26.47581672668457,2708.60009765625,11.795064926147461,11.805400848388672,908.2172241210938,1810.762939453125,49.60378646850586,49.663700103759766,100,0,0,344.8207702636719,0,7.924896240234375,21.14325714111328,21.1702823638916,0,1.034000039100647,0.9067617654800415,50,2.799999952316284,2.300269365310669,0,0,0,0,1176.9999527455907,0,0,0,0.1390673667192459,0.0020605947356671095,-0.14092741906642914,0.00020054234482813627,100.15538024902344,100.13309478759766,787.2490844726562,787.2315063476562,787.2315063476562,547.0322265625,0,0,26.47581672668457,0.0010999999940395355,0.02200000174343586,0.03299999609589577,0.04399999603629112,5655.8173828125,114276.53125,0.0429663360118866,0,3.1392715754918754e-05,259.4649353027344,0,0.0002616529818624258,2.8350639695418067e-05,0,0,23.700000762939453,0,0,1600,0,50,0,0,0,50,50,800,0.0,0.0,0.0,0.0
143,155.187744140625,306.82623291015625,323.6731262207031,323.6461181640625,290.0286560058594,290.0555725097656,16557.640625,33065.05859375,66.71666717529297,66.71675109863281,1804.171630859375,3596.705810546875,1793.9522705078125,3576.87646484375,281.2899169921875,53.762447357177734,3.61476190846588e-06,0,0,2583.615966796875,1278.9595947265625,0,26.486949920654297,2708.822998046875,11.795483589172363,11.805805206298828,908.263427734375,1810.853271484375,49.60710906982422,49.666812896728516,100,0,0,344.8284912109375,0,7.924896240234375,21.155363082885742,21.18238639831543,0,1.034000039100647,0.9067617654800415,50,2.799999952316284,2.3000805377960205,0,0,0,0,1176.9999527455907,0,0,0,0.13932810723781586,0.0020173778757452965,-0.14114341139793396,0.00020207359921187162,100.16348266601562,100.14132690429688,787.283935546875,787.2665405273438,787.2665405273438,547.0474853515625,0,0,26.486949920654297,0.0010999999940395355,0.02200000174343586,0.03299999609589577,0.04399999603629112,5655.8173828125,114276.53125,0.0429663360118866,0,3.1392715754918754e-05,261.2857360839844,0,0.0002616529818624258,2.8350639695418067e-05,0,0,23.700000762939453,0,0,1600,0,50,0,0,0,50,50,800,0.0,0.0,0.0,0.0
144,155.2029266357422,306.8218688964844,323.6688232421875,323.64178466796875,290.02325439453125,290.0502014160156,16557.640625,33065.05859375,66.71102905273438,66.71110534667969,1804.177001953125,3596.68798828125,1793.9532470703125,3576.875732421875,281.2870178222656,53.755069732666016,-3.3020864975696895e-06,0,0,2583.571533203125,1278.928466796875,0,26.497499465942383,2709.044189453125,11.795906066894531,11.8062105178833,908.306884765625,1810.9384765625,49.610469818115234,49.66995620727539,100,0,0,344.83624267578125,0,7.924896240234375,21.167400360107422,21.1944580078125,0,1.034000039100647,0.9067617654800415,50,2.799999952316284,2.2998931407928467,0,0,0,0,1176.9999527455907,0,0,0,0.13958485424518585,0.001974328188225627,-0.1413547843694687,0.00020440181833691895,100.17176055908203,100.14950561523438,787.3189086914062,787.3013916015625,787.3013916015625,547.062744140625,0,0,26.497499465942383,0.0010999999940395355,0.02200000174343586,0.03299999609589577,0.04399999603629112,5655.8173828125,114276.53125,0.0429663360118866,0,3.1392715754918754e-05,263.1065368652344,0,0.0002616529818624258,2.8350639695418067e-05,0,0,23.700000762939453,0,0,1600,0,50,0,0,0,50,50,800,0.0,0.0,0.0,0.0
145,155.2182159423828,306.8175964355469,323.66455078125,323.63751220703125,290.01800537109375,290.04498291015625,16557.640625,33065.05859375,66.70551300048828,66.7055892944336,1804.1806640625,3596.667724609375,1793.9556884765625,3576.873046875,281.2841491699219,53.74784469604492,2.3856414372858126e-06,0,0,2583.526611328125,1278.897705078125,0,26.50881004333496,2709.26611328125,11.796330451965332,11.806618690490723,908.3502197265625,1811.0211181640625,49.61383056640625,49.67313003540039,100,0,0,344.8440246582031,0,7.924896240234375,21.179471969604492,21.20652961730957,0,1.034000039100647,0.9067617654800415,50,2.799999952316284,2.2997050285339355,0,0,0,0,1176.9999527455907,0,0,0,0.13983558118343353,0.0019310276256874204,-0.14156165719032288,0.00020495829812716693,100.1800765991211,100.15771484375,787.3540649414062,787.33642578125,787.33642578125,547.0780639648438,0,0,26.50881004333496,0.0010999999940395355,0.02200000174343586,0.03299999609589577,0.04399999603629112,5655.8173828125,114276.53125,0.0429663360118866,0,3.1392715754918754e-05,264.9273376464844,0,0.0002616529818624258,2.8350639695418067e-05,0,0,23.700000762939453,0,0,1600,0,50,0,0,0,50,50,800,0.0,0.0,0.0,0.0
146,155.23362731933594,306.8133850097656,323.6603698730469,323.63330078125,290.01287841796875,290.03985595703125,16557.640625,33065.05859375,66.70010375976562,66.70018768310547,1804.182861328125,3596.64501953125,1793.95703125,3576.871826171875,281.2813415527344,53.74079513549805,2.8925212518515764e-06,0,0,2583.481689453125,1278.867919921875,0,26.516809463500977,2709.488525390625,11.796756744384766,11.807028770446777,908.39111328125,1811.1007080078125,49.61725616455078,49.67629623413086,100,0,0,344.8518981933594,0,7.924896240234375,21.19154167175293,21.21860122680664,0,1.034000039100647,0.9067617654800415,50,2.799999952316284,2.2995166778564453,0,0,0,0,1176.9999527455907,0,0,0,0.14008232951164246,0.0018875593086704612,-0.14176413416862488,0.0002057538804365322,100.18840026855469,100.16593170166016,787.3893432617188,787.3716430664062,787.3716430664062,547.0935668945312,0,0,26.516809463500977,0.0010999999940395355,0.02200000174343586,0.03299999609589577,0.04399999603629112,5655.8173828125,114276.53125,0.0429663360118866,0,3.1392715754918754e-05,266.7481384277344,0,0.0002616529818624258,2.8350639695418067e-05,0,0,23.700000762939453,0,0,1600,0,50,0,0,0,50,50,800,0.0,0.0,0.0,0.0
147,155.2491455078125,306.8092956542969,323.6562194824219,323.629150390625,290.00787353515625,290.03485107421875,16557.640625,33065.05859375,66.69482421875,66.69490814208984,1804.182861328125,3596.62060546875,1793.95263671875,3576.876220703125,281.27862548828125,53.73392105102539,-1.7814464854382095e-06,0,0,2583.43603515625,1278.8387451171875,0,26.522802352905273,2709.71142578125,11.797184944152832,11.807438850402832,908.4290161132812,1811.1781005859375,49.62061309814453,49.67950439453125,100,0,0,344.8598327636719,0,7.924896240234375,21.20361328125,21.23067283630371,0,1.034000039100647,0.9067617654800415,50,2.799999952316284,2.299327850341797,0,0,0,0,1176.9999527455907,0,0,0,0.14032307267189026,0.0018438397673889995,-0.14196230471134186,0.0002046129375230521,100.19676208496094,100.17417907714844,787.4248046875,787.4070434570312,787.4070434570312,547.1091918945312,0,0,26.522802352905273,0.0010999999940395355,0.02200000174343586,0.03299999609589577,0.04399999603629112,5655.8173828125,114276.53125,0.0429663360118866,0,3.1392715754918754e-05,268.5689392089844,0,0.0002616529818624258,2.8350639695418067e-05,0,0,23.700000762939453,0,0,1600,0,50,0,0,0,50,50,800,0.0,0.0,0.0,0.0
148,155.26480102539062,306.8052673339844,323.6521911621094,323.6251220703125,290.0029296875,290.0299377441406,16557.640625,33065.05859375,66.68965148925781,66.68973541259766,1804.1824951171875,3596.593017578125,1793.9520263671875,3576.876953125,281.2759704589844,53.72723388671875,7.424963541780016e-07,0,0,2583.390380859375,1278.81005859375,0,26.526756286621094,2709.9345703125,11.797614097595215,11.80785083770752,908.4683837890625,1811.2528076171875,49.6240348815918,49.68270492553711,100,0,0,344.8677978515625,0,7.924896240234375,21.215618133544922,21.24267578125,0,1.034000039100647,0.9067617654800415,50,2.799999952316284,2.2991387844085693,0,0,0,0,1176.9999527455907,0,0,0,0.1405598223209381,0.0018000365234911442,-0.14215625822544098,0.0002036013756878674,100.20499420166016,100.18242645263672,787.4602661132812,787.4425048828125,787.4425048828125,547.1248779296875,0,0,26.526756286621094,0.0010999999940395355,0.02200000174343586,0.03299999609589577,0.04399999603629112,5655.8173828125,114276.53125,0.0429663360118866,0,3.1392715754918754e-05,270.3897399902344,0,0.0002616529818624258,2.8350639695418067e-05,0,0,23.700000762939453,0,0,1600,0,50,0,0,0,50,50,800,0.0,0.0,0.0,0.0
149,155.2805938720703,306.8013610839844,323.6482238769531,323.62115478515625,289.9981384277344,290.0251770019531,16557.640625,33065.05859375,66.68458557128906,66.68467712402344,1804.1798095703125,3596.562744140625,1793.952880859375,3576.876220703125,281.2734069824219,53.720741271972656,9.90630383057578e-07,0,0,2583.34423828125,1278.7822265625,0,26.531383514404297,2710.156982421875,11.798046112060547,11.808262825012207,908.5062866210938,1811.3272705078125,49.62748336791992,49.68592834472656,100,0,0,344.8758850097656,0,7.924896240234375,21.2276554107666,21.25471305847168,0,1.034000039100647,0.9067617654800415,50,2.799999952316284,2.298950672149658,0,0,0,0,1176.9999527455907,0,0,0,0.14078858494758606,0.0017562333960086107,-0.14234614372253418,0.00019866709772031754,100.21306610107422,100.19064331054688,787.49560546875,787.4779663085938,787.4779663085938,547.140625,0,0,26.531383514404297,0.0010999999940395355,0.02200000174343586,0.03299999609589577,0.04399999603629112,5655.8173828125,114276.53125,0.0429663360118866,0,3.1392715754918754e-05,272.2105407714844,0,0.0002616529818624258,2.8350639695418067e-05,0,0,23.700000762939453,0,0,1600,0,50,0,0,0,50,50,800,0.0,0.0,0.0,0.0
150,155.29652404785156,306.7975158691406,323.6443176269531,323.61724853515625,289.99346923828125,290.0204772949219,16557.640625,33065.05859375,66.67964172363281,66.67972564697266,1804.175048828125,3596.52978515625,1793.9534912109375,3576.875244140625,281.2709045410156,53.714447021484375,-4.560365880479367e-07,0,0,2583.297607421875,1278.7547607421875,0,26.531185150146484,2710.376708984375,11.798480033874512,11.808676719665527,908.5441284179688,1811.401611328125,49.63096618652344,49.689186096191406,100,0,0,344.88397216796875,0,7.924896240234375,21.23965835571289,21.2667179107666,0,1.034000039100647,0.9067617654800415,50,2.799999952316284,2.298764705657959,0,0,0,0,1176.9999527455907,0,0,0,0.14101335406303406,0.001712848898023367,-0.14253203570842743,0.00019417093426454812,100.22081756591797,100.19876861572266,787.5304565429688,787.5131225585938,787.5131225585938,547.15625,0,0,26.531185150146484,0.0010999999940395355,0.02200000174343586,0.03299999609589577,0.04399999603629112,5655.8173828125,114276.53125,0.0429663360118866,0,3.1392715754918754e-05,274.0313415527344,0,0.0002616529818624258,2.8350639695418067e-05,0,0,23.700000762939453,0,0,1600,0,50,0,0,0,50,50,800,0.0,0.0,0.0,0.0
151,155.3125762939453,306.7937927246094,323.6405334472656,323.6134338378906,289.9888916015625,290.0158996582031,16557.640625,33065.05859375,66.67479705810547,66.67488861083984,1804.16845703125,3596.4921875,1793.9530029296875,3576.876220703125,281.2685241699219,53.708351135253906,-3.597504928620765e-06,0,0,2583.25048828125,1278.7281494140625,0,26.53160858154297,2710.592529296875,11.79891586303711,11.80909252166748,908.5808715820312,1811.4755859375,49.63454055786133,49.692466735839844,100,0,0,344.8921813964844,0,7.924896240234375,21.25166130065918,21.27875518798828,0,1.034000039100647,0.9067617654800415,50,2.799999952316284,2.298581838607788,0,0,0,0,1176.9999527455907,0,0,0,0.14123213291168213,0.0016702181892469525,-0.1427140235900879,0.0001883364748209715,100.228271484375,100.20674896240234,787.5645751953125,787.547607421875,787.547607421875,547.171630859375,0,0,26.53160858154297,0.0010999999940395355,0.02200000174343586,0.03299999609589577,0.04399999603629112,5655.8173828125,114276.53125,0.0429663360118866,0,3.1392715754918754e-05,275.8521423339844,0,0.0002616529818624258,2.8350639695418067e-05,0,0,23.700000762939453,0,0,1600,0,50,0,0,0,50,50,800,0.0,0.0,0.0,0.0
152,155.32875061035156,306.7901611328125,323.6367492675781,323.6096496582031,289.9844055175781,290.011474609375,16557.640625,33065.05859375,66.6700668334961,66.67015838623047,1804.1605224609375,3596.45166015625,1793.950439453125,3576.87841796875,281.26617431640625,53.702449798583984,1.6209532986977138e-06,0,0,2583.203369140625,1278.7020263671875,0,26.53129768371582,2710.802978515625,11.79935073852539,11.809507369995117,908.6172485351562,1811.5469970703125,49.638118743896484,49.69579315185547,100,0,0,344.90045166015625,0,7.924896240234375,21.263700485229492,21.29079246520996,0,1.034000039100647,0.9067617654800415,50,2.799999952316284,2.298403739929199,0,0,0,0,1176.9999527455907,0,0,0,0.14144493639469147,0.0016286763129755855,-0.14289218187332153,0.00018143083434551954,100.23548889160156,100.21453094482422,787.5977172851562,787.5812377929688,787.5812377929688,547.1866455078125,0,0,26.53129768371582,0.0010999999940395355,0.02200000174343586,0.03299999609589577,0.04399999603629112,5655.8173828125,114276.53125,0.0429663360118866,0,3.1392715754918754e-05,277.6729431152344,0,0.0002616529818624258,2.8350639695418067e-05,0,0,23.700000762939453,0,0,1600,0,50,0,0,0,50,50,800,0.0,0.0,0.0,0.0
153,155.3450469970703,306.78662109375,323.63311767578125,323.60595703125,289.98004150390625,290.00714111328125,16557.640625,33065.05859375,66.66544342041016,66.66553497314453,1804.149169921875,3596.406982421875,1793.955810546875,3576.873046875,281.2638854980469,53.69673538208008,3.401587264306727e-06,0,0,2583.155517578125,1278.6763916015625,0,26.53433609008789,2711.007568359375,11.799789428710938,11.80992317199707,908.6534423828125,1811.6158447265625,49.641746520996094,49.69919967651367,100,0,0,344.90875244140625,0,7.924896240234375,21.275634765625,21.30279541015625,0,1.034000039100647,0.9067617654800415,50,2.799999952316284,2.2982308864593506,0,0,0,0,1176.9999527455907,0,0,0,0.14165374636650085,0.0015883069718256593,-0.14306741952896118,0.00017463233962189406,100.2423324584961,100.22209167480469,787.6298828125,787.6139526367188,787.6139526367188,547.201171875,0,0,26.53433609008789,0.0010999999940395355,0.02200000174343586,0.03299999609589577,0.04399999603629112,5655.8173828125,114276.53125,0.0429663360118866,0,3.1392715754918754e-05,279.4937438964844,0,0.0002616529818624258,2.8350639695418067e-05,0,0,23.700000762939453,0,0,1600,0,50,0,0,0,50,50,800,0.0,0.0,0.0,0.0
154,155.36148071289062,306.78314208984375,323.62957763671875,323.6024169921875,289.9757385253906,290.0028991699219,16557.640625,33065.05859375,66.66091918945312,66.6610107421875,1804.13525390625,3596.3583984375,1793.95361328125,3576.875244140625,281.26171875,53.69120788574219,1.7443963997720857e-06,0,0,2583.107421875,1278.6512451171875,0,26.53395652770996,2711.205078125,11.8002290725708,11.810340881347656,908.6884155273438,1811.6842041015625,49.645477294921875,49.70264434814453,100,0,0,344.9171447753906,0,7.924896240234375,21.28757095336914,21.31473159790039,0,1.034000039100647,0.9067617654800415,50,2.799999952316284,2.2980637550354004,0,0,0,0,1176.9999527455907,0,0,0,0.14185656607151031,0.0015493615064769983,-0.1432407796382904,0.0001651412167120725,100.24874114990234,100.2293930053711,787.6607666015625,787.6455078125,787.6455078125,547.2152099609375,0,0,26.53395652770996,0.0010999999940395355,0.02200000174343586,0.03299999609589577,0.04399999603629112,5655.8173828125,114276.53125,0.0429663360118866,0,3.1392715754918754e-05,281.3145446777344,0,0.0002616529818624258,2.8350639695418067e-05,0,0,23.700000762939453,0,0,1600,0,50,0,0,0,50,50,800,0.0,0.0,0.0,0.0
155,155.3780059814453,306.7797546386719,323.62603759765625,323.598876953125,289.9715576171875,289.9987487792969,16557.640625,33065.05859375,66.65650177001953,66.6565933227539,1804.1192626953125,3596.30419921875,1793.9544677734375,3576.87451171875,281.2596130371094,53.685855865478516,-5.093642357678618e-06,0,0,2583.05908203125,1278.6268310546875,0,26.534223556518555,2711.394287109375,11.80066967010498,11.810758590698242,908.7232666015625,1811.75244140625,49.64927673339844,49.70615768432617,100,0,0,344.9255676269531,0,7.924896240234375,21.299541473388672,21.326702117919922,0,1.034000039100647,0.9067617654800415,50,2.799999952316284,2.2979037761688232,0,0,0,0,1176.9999527455907,0,0,0,0.14205539226531982,0.0015121748438104987,-0.14341410994529724,0.00015344748680945486,100.25465393066406,100.23638916015625,787.6900024414062,787.6755981445312,787.6755981445312,547.228515625,0,0,26.534223556518555,0.0010999999940395355,0.02200000174343586,0.03299999609589577,0.04399999603629112,5655.8173828125,114276.53125,0.0429663360118866,0,3.1392715754918754e-05,283.1353454589844,0,0.0002616529818624258,2.8350639695418067e-05,0,0,23.700000762939453,0,0,1600,0,50,0,0,0,50,50,800,0.0,0.0,0.0,0.0
156,155.39463806152344,306.7764587402344,323.62261962890625,323.595458984375,289.9674987792969,289.99468994140625,16557.640625,33065.05859375,66.65218353271484,66.65227508544922,1804.1005859375,3596.24462890625,1793.95361328125,3576.875244140625,281.2575378417969,53.68065643310547,6.728954531354248e-07,0,0,2583.010498046875,1278.6031494140625,0,26.535207748413086,2711.57275390625,11.801109313964844,11.811175346374512,908.7554321289062,1811.81787109375,49.65314483642578,49.709747314453125,100,0,0,344.9340515136719,0,7.924896240234375,21.311443328857422,21.338603973388672,0,1.034000039100647,0.9067617654800415,50,2.799999952316284,2.297753095626831,0,0,0,0,1176.9999527455907,0,0,0,0.1422482430934906,0.0014772495487704873,-0.14358745515346527,0.00013803895853925496,100.25994110107422,100.24298095703125,787.7172241210938,787.703857421875,787.703857421875,547.240966796875,0,0,26.535207748413086,0.0010999999940395355,0.02200000174343586,0.03299999609589577,0.04399999603629112,5655.8173828125,114276.53125,0.0429663360118866,0,3.1392715754918754e-05,284.9561462402344,0,0.0002616529818624258,2.8350639695418067e-05,0,0,23.700000762939453,0,0,1600,0,50,0,0,0,50,50,800,0.0,0.0,0.0,0.0
157,155.41136169433594,306.77325439453125,323.6192932128906,323.5921325683594,289.9635009765625,289.99072265625,16557.640625,33065.05859375,66.64796447753906,66.64806365966797,1804.078369140625,3596.178955078125,1793.9560546875,3576.873046875,281.25555419921875,53.675628662109375,6.775773613298952e-07,0,0,2582.96142578125,1278.5797119140625,0,26.53697395324707,2711.738037109375,11.80155086517334,11.811594009399414,908.7886962890625,1811.880615234375,49.657135009765625,49.713443756103516,100,0,0,344.9425964355469,0,7.924896240234375,21.32331085205078,21.35047149658203,0,1.034000039100647,0.9067617654800415,50,2.799999952316284,2.2976133823394775,0,0,0,0,1176.9999527455907,0,0,0,0.14243710041046143,0.0014450043672695756,-0.1437607854604721,0.00012131998664699495,100.26441955566406,100.24909973144531,787.7420654296875,787.72998046875,787.72998046875,547.25244140625,0,0,26.53697395324707,0.0010999999940395355,0.02200000174343586,0.03299999609589577,0.04399999603629112,5655.8173828125,114276.53125,0.0429663360118866,0,3.1392715754918754e-05,286.7769470214844,0,0.0002616529818624258,2.8350639695418067e-05,0,0,23.700000762939453,0,0,1600,0,50,0,0,0,50,50,800,0.0,0.0,0.0,0.0
158,155.4281768798828,306.7700500488281,323.61602783203125,323.5888671875,289.9595947265625,289.9868469238281,16557.640625,33065.05859375,66.64384460449219,66.6439437866211,1804.0517578125,3596.107666015625,1793.9566650390625,3576.8720703125,281.25360107421875,53.67072677612305,-1.415954329786473e-06,0,0,2582.912109375,1278.5565185546875,0,26.539478302001953,2711.887939453125,11.801993370056152,11.81201171875,908.8204956054688,1811.9429931640625,49.661231994628906,49.71725082397461,100,0,0,344.9512023925781,0,7.924896240234375,21.33517837524414,21.36233901977539,0,1.034000039100647,0.9067617654800415,50,2.799999952316284,2.2974867820739746,0,0,0,0,1176.9999527455907,0,0,0,0.14262396097183228,0.0014161092694848776,-0.14393413066864014,0.00010594626655802131,100.26810455322266,100.254638671875,787.7639770507812,787.7533569335938,787.7533569335938,547.2625122070312,0,0,26.539478302001953,0.0010999999940395355,0.02200000174343586,0.03299999609589577,0.04399999603629112,5655.8173828125,114276.53125,0.0429663360118866,0,3.1392715754918754e-05,288.5977478027344,0,0.0002616529818624258,2.8350639695418067e-05,0,0,23.700000762939453,0,0,1600,0,50,0,0,0,50,50,800,0.0,0.0,0.0,0.0
159,155.445068359375,306.7669372558594,323.61285400390625,323.5856628417969,289.9557800292969,289.9830627441406,16557.640625,33065.05859375,66.63982391357422,66.6399154663086,1804.02197265625,3596.02880859375,1793.9542236328125,3576.875,281.2517395019531,53.665958404541016,-4.445684226084268e-06,0,0,2582.8623046875,1278.5341796875,0,26.541488647460938,2712.021240234375,11.802435874938965,11.812430381774902,908.8495483398438,1812.0,49.66543960571289,49.721195220947266,100,0,0,344.9598388671875,0,7.924896240234375,21.34697914123535,21.374174118041992,0,1.034000039100647,0.9067617654800415,50,2.799999952316284,2.2973742485046387,0,0,0,0,1176.9999527455907,0,0,0,0.14280684292316437,0.0013908155960962176,-0.14410746097564697,9.019299614010379e-05,100.27120208740234,100.25956726074219,787.7830200195312,787.7738647460938,787.7738647460938,547.2711791992188,0,0,26.541488647460938,0.0010999999940395355,0.02200000174343586,0.03299999609589577,0.04399999603629112,5655.8173828125,114276.53125,0.0429663360118866,0,3.1392715754918754e-05,290.4185485839844,0,0.0002616529818624258,2.8350639695418067e-05,0,0,23.700000762939453,0,0,1600,0,50,0,0,0,50,50,800,0.0,0.0,0.0,0.0
160,155.46202087402344,306.7638244628906,323.6097412109375,323.5825500488281,289.9520568847656,289.97930908203125,16557.640625,33065.05859375,66.63587951660156,66.63597869873047,1803.98876953125,3595.942138671875,1793.9500732421875,3576.87890625,281.2498779296875,53.661285400390625,-3.585955028029275e-06,0,0,2582.812744140625,1278.51220703125,0,26.5484619140625,2712.137939453125,11.802877426147461,11.812848091125488,908.8758544921875,1812.05419921875,49.669761657714844,49.72524642944336,100,0,0,344.968505859375,0,7.924896240234375,21.35877799987793,21.38597297668457,0,1.034000039100647,0.9067617654800415,50,2.799999952316284,2.2972757816314697,0,0,0,0,1176.9999527455907,0,0,0,0.14298969507217407,0.0013691233471035957,-0.1442807912826538,7.802193431416526e-05,100.27375030517578,100.26387786865234,787.7992553710938,787.7914428710938,787.7914428710938,547.2783813476562,0,0,26.5484619140625,0.0010999999940395355,0.02200000174343586,0.03299999609589577,0.04399999603629112,5655.8173828125,114276.53125,0.0429663360118866,0,3.1392715754918754e-05,292.2393493652344,0,0.0002616529818624258,2.8350639695418067e-05,0,0,23.700000762939453,0,0,1600,0,50,0,0,0,50,50,800,0.0,0.0,0.0,0.0
161,155.47903442382812,306.7607727050781,323.6065979003906,323.57940673828125,289.94842529296875,289.9757080078125,16557.640625,33065.05859375,66.63202667236328,66.63211822509766,1803.952880859375,3595.85009765625,1793.9556884765625,3576.873291015625,281.248046875,53.65669631958008,-5.79789684707066e-07,0,0,2582.7626953125,1278.49072265625,0,26.556442260742188,2712.239501953125,11.803319931030273,11.813263893127441,908.9021606445312,1812.102783203125,49.67424392700195,49.72937774658203,100,0,0,344.97723388671875,0,7.924896240234375,21.37061309814453,21.397808074951172,0,1.034000039100647,0.9067617654800415,50,2.799999952316284,2.2971901893615723,0,0,0,0,1176.9999527455907,0,0,0,0.14316856861114502,0.001350697479210794,-0.14445413649082184,6.512656545965001e-05,100.27592468261719,100.26763153076172,787.8128662109375,787.8063354492188,787.8063354492188,547.2843017578125,0,0,26.556442260742188,0.0010999999940395355,0.02200000174343586,0.03299999609589577,0.04399999603629112,5655.8173828125,114276.53125,0.0429663360118866,0,3.1392715754918754e-05,294.0601501464844,0,0.0002616529818624258,2.8350639695418067e-05,0,0,23.700000762939453,0,0,1600,0,50,0,0,0,50,50,800,0.0,0.0,0.0,0.0
162,155.49607849121094,306.7577209472656,323.603515625,323.5763244628906,289.9449157714844,289.97216796875,16557.640625,33065.05859375,66.62823486328125,66.62833404541016,1803.912841796875,3595.75244140625,1793.954833984375,3576.8740234375,281.2462463378906,53.652191162109375,4.572811576508684e-06,0,0,2582.71240234375,1278.469482421875,0,26.564105987548828,2712.32666015625,11.803762435913086,11.813680648803711,908.9244995117188,1812.1485595703125,49.678810119628906,49.733619689941406,100,0,0,344.9859313964844,0,7.924896240234375,21.382413864135742,21.40960693359375,0,1.034000039100647,0.9067617654800415,50,2.799999952316284,2.297116756439209,0,0,0,0,1176.9999527455907,0,0,0,0.14334742724895477,0.0013353704707697034,-0.14462746679782867,5.5330179748125374e-05,100.27764892578125,100.27085876464844,787.8240966796875,787.8187866210938,787.8187866210938,547.2890014648438,0,0,26.564105987548828,0.0010999999940395355,0.02200000174343586,0.03299999609589577,0.04399999603629112,5655.8173828125,114276.53125,0.0429663360118866,0,3.1392715754918754e-05,295.8809509277344,0,0.0002616529818624258,2.8350639695418067e-05,0,0,23.700000762939453,0,0,1600,0,50,0,0,0,50,50,800,0.0,0.0,0.0,0.0
163,155.51316833496094,306.7546691894531,323.6004638671875,323.5732727050781,289.94140625,289.96868896484375,16557.640625,33065.05859375,66.62451934814453,66.62461853027344,1803.8699951171875,3595.650390625,1793.95361328125,3576.875244140625,281.2444763183594,53.647727966308594,5.4807633205200545e-06,0,0,2582.662353515625,1278.4481201171875,0,26.57555389404297,2712.401123046875,11.80420207977295,11.814092636108398,908.9451293945312,1812.186767578125,49.68339920043945,49.73793411254883,100,0,0,344.99468994140625,0,7.924896240234375,21.39421272277832,21.42140769958496,0,1.034000039100647,0.9067617654800415,50,2.799999952316284,2.2970540523529053,0,0,0,0,1176.9999527455907,0,0,0,0.14352627098560333,0.0013228075113147497,-0.1448008120059967,4.827834345633164e-05,100.27916717529297,100.27361297607422,787.833251953125,787.8289184570312,787.8289184570312,547.2925415039062,0,0,26.57555389404297,0.0010999999940395355,0.02200000174343586,0.03299999609589577,0.04399999603629112,5655.8173828125,114276.53125,0.0429663360118866,0,3.1392715754918754e-05,297.7017517089844,0,0.0002616529818624258,2.8350639695418067e-05,0,0,23.700000762939453,0,0,1600,0,50,0,0,0,50,50,800,0.0,0.0,0.0,0.0
164,155.5302734375,306.7516174316406,323.5974426269531,323.5702209472656,289.93798828125,289.9652404785156,16557.640625,33065.05859375,66.62086486816406,66.62096405029297,1803.8240966796875,3595.543701171875,1793.9542236328125,3576.87451171875,281.24273681640625,53.643314361572266,3.3060807709262008e-06,0,0,2582.61181640625,1278.427490234375,0,26.585474014282227,2712.46533203125,11.804642677307129,11.814505577087402,908.9632568359375,1812.2220458984375,49.68809127807617,49.74231719970703,100,0,0,345.0034484863281,0,7.924896240234375,21.40597915649414,21.433208465576172,0,1.034000039100647,0.9067617654800415,50,2.799999952316284,2.2970001697540283,0,0,0,0,1176.9999527455907,0,0,0,0.1437050998210907,0.0013125058030709624,-0.14497414231300354,4.346845889813267e-05,100.28059387207031,100.27598571777344,787.8408813476562,787.8372802734375,787.8372802734375,547.2952270507812,0,0,26.585474014282227,0.0010999999940395355,0.02200000174343586,0.03299999609589577,0.04399999603629112,5655.8173828125,114276.53125,0.0429663360118866,0,3.1392715754918754e-05,299.5225524902344,0,0.0002616529818624258,2.8350639695418067e-05,0,0,23.700000762939453,0,0,1600,0,50,0,0,0,50,50,800,0.0,0.0,0.0,0.0
165,155.5474090576172,306.7485656738281,323.5943908691406,323.5671691894531,289.93463134765625,289.9619140625,16557.640625,33065.05859375,66.61726379394531,66.61736297607422,1803.7777099609375,3595.432373046875,1793.955078125,3576.873779296875,281.24102783203125,53.63893508911133,-4.275267201592214e-06,0,0,2582.5615234375,1278.40673828125,0,26.599288940429688,2712.521484375,11.805079460144043,11.814916610717773,908.980224609375,1812.25439453125,49.69283676147461,49.746707916259766,100,0,0,345.01220703125,0,7.924896240234375,21.417814254760742,21.44504165649414,0,1.034000039100647,0.9067617654800415,50,2.799999952316284,2.296952962875366,0,0,0,0,1176.9999527455907,0,0,0,0.14388392865657806,0.0013039628975093365,-0.14514747262001038,4.041744614369236e-05,100.28197479248047,100.27806091308594,787.8472290039062,787.8441772460938,787.8441772460938,547.297119140625,0,0,26.599288940429688,0.0010999999940395355,0.02200000174343586,0.03299999609589577,0.04399999603629112,5655.8173828125,114276.53125,0.0429663360118866,0,3.1392715754918754e-05,301.3433532714844,0,0.0002616529818624258,2.8350639695418067e-05,0,0,23.700000762939453,0,0,1600,0,50,0,0,0,50,50,800,0.0,0.0,0.0,0.0
166,155.56454467773438,306.74554443359375,323.59130859375,323.5640869140625,289.9313659667969,289.95867919921875,16557.640625,33065.05859375,66.61370849609375,66.61381530761719,1803.729248046875,3595.318115234375,1793.952880859375,3576.876220703125,281.2392883300781,53.63457107543945,1.1031514759451966e-06,0,0,2582.510986328125,1278.38671875,0,26.612991333007812,2712.572021484375,11.80551528930664,11.815325736999512,908.9931640625,1812.2791748046875,49.697593688964844,49.75114059448242,100,0,0,345.02099609375,0,7.924896240234375,21.4296817779541,21.4569091796875,0,1.034000039100647,0.9067617654800415,50,2.799999952316284,2.296910524368286,0,0,0,0,1176.9999527455907,0,0,0,0.14406076073646545,0.0012966763461008668,-0.1453208178281784,3.6617751902667806e-05,100.28337860107422,100.2799301147461,787.852783203125,787.85009765625,787.85009765625,547.298583984375,0,0,26.612991333007812,0.0010999999940395355,0.02200000174343586,0.03299999609589577,0.04399999603629112,5655.8173828125,114276.53125,0.0429663360118866,0,3.1392715754918754e-05,303.1641540527344,0,0.0002616529818624258,2.8350639695418067e-05,0,0,23.700000762939453,0,0,1600,0,50,0,0,0,50,50,800,0.0,0.0,0.0,0.0
167,155.5817108154297,306.7425537109375,323.5882568359375,323.5610046386719,289.92816162109375,289.9554443359375,16557.640625,33065.05859375,66.6102066040039,66.61030578613281,1803.6785888671875,3595.202880859375,1793.9530029296875,3576.875732421875,281.2375793457031,53.6302375793457,4.938972324453061e-07,0,0,2582.460693359375,1278.3665771484375,0,26.62799072265625,2712.618408203125,11.805950164794922,11.815731048583984,909.0083618164062,1812.30908203125,49.70233154296875,49.755577087402344,100,0,0,345.02978515625,0,7.924896240234375,21.44151496887207,21.468778610229492,0,1.034000039100647,0.9067617654800415,50,2.799999952316284,2.2968719005584717,0,0,0,0,1176.9999527455907,0,0,0,0.14423558115959167,0.00129022728651762,-0.14549414813518524,3.166031092405319e-05,100.28455352783203,100.2816390991211,787.8576049804688,787.8552856445312,787.8552856445312,547.2996826171875,0,0,26.62799072265625,0.0010999999940395355,0.02200000174343586,0.03299999609589577,0.04399999603629112,5655.8173828125,114276.53125,0.0429663360118866,0,3.1392715754918754e-05,304.9849548339844,0,0.0002616529818624258,2.8350639695418067e-05,0,0,23.700000762939453,0,0,1600,0,50,0,0,0,50,50,800,0.0,0.0,0.0,0.0
168,155.598876953125,306.7395324707031,323.5851745605469,323.5578918457031,289.92498779296875,289.9523010253906,16557.640625,33065.05859375,66.60674285888672,66.60684967041016,1803.627197265625,3595.083984375,1793.95361328125,3576.875244140625,281.23583984375,53.62592315673828,2.7896817300643306e-06,0,0,2582.41015625,1278.3468017578125,0,26.637420654296875,2712.659912109375,11.80638313293457,11.816136360168457,909.0198364257812,1812.3310546875,49.707115173339844,49.76002502441406,100,0,0,345.03857421875,0,7.924896240234375,21.45338249206543,21.480680465698242,0,1.034000039100647,0.9067617654800415,50,2.799999952316284,2.296837091445923,0,0,0,0,1176.9999527455907,0,0,0,0.14441238343715668,0.0012848670594394207,-0.14566749334335327,2.9757817173958756e-05,100.28560638427734,100.28317260742188,787.861572265625,787.8596801757812,787.8596801757812,547.3003540039062,0,0,26.637420654296875,0.0010999999940395355,0.02200000174343586,0.03299999609589577,0.04399999603629112,5655.8173828125,114276.53125,0.0429663360118866,0,3.1392715754918754e-05,306.8057556152344,0,0.0002616529818624258,2.8350639695418067e-05,0,0,23.700000762939453,0,0,1600,0,50,0,0,0,50,50,800,0.0,0.0,0.0,0.0
169,155.6160888671875,306.736572265625,323.5821228027344,323.5548400878906,289.921875,289.9491882324219,16557.640625,33065.05859375,66.60332489013672,66.60343170166016,1803.573974609375,3594.96240234375,1793.9544677734375,3576.87451171875,281.2341613769531,53.621639251708984,-9.022065796671086e-07,0,0,2582.359619140625,1278.3271484375,0,26.652240753173828,2712.697265625,11.806814193725586,11.816537857055664,909.03125,1812.352783203125,49.711910247802734,49.76446533203125,100,0,0,345.0473937988281,0,7.924896240234375,21.465251922607422,21.4925479888916,0,1.034000039100647,0.9067617654800415,50,2.799999952316284,2.2968058586120605,0,0,0,0,1176.9999527455907,0,0,0,0.1445871889591217,0.0012803443241864443,-0.1458408236503601,2.670741014298983e-05,100.28657531738281,100.28456115722656,787.8648681640625,787.8633422851562,787.8633422851562,547.3007202148438,0,0,26.652240753173828,0.0010999999940395355,0.02200000174343586,0.03299999609589577,0.04399999603629112,5655.8173828125,114276.53125,0.0429663360118866,0,3.1392715754918754e-05,308.6265563964844,0,0.0002616529818624258,2.8350639695418067e-05,0,0,23.700000762939453,0,0,1600,0,50,0,0,0,50,50,800,0.0,0.0,0.0,0.0
170,155.63328552246094,306.73358154296875,323.5790710449219,323.5517883300781,289.91876220703125,289.94610595703125,16557.640625,33065.05859375,66.59994506835938,66.60005187988281,1803.5191650390625,3594.83837890625,1793.955078125,3576.8740234375,281.23248291015625,53.61737060546875,-2.270063987452886e-06,0,0,2582.308837890625,1278.3074951171875,0,26.66558265686035,2712.73095703125,11.807243347167969,11.816938400268555,909.0413818359375,1812.3720703125,49.716712951660156,49.76891326904297,100,0,0,345.0561828613281,0,7.924896240234375,21.47711944580078,21.50441551208496,0,1.034000039100647,0.9067617654800415,50,2.799999952316284,2.2967777252197266,0,0,0,0,1176.9999527455907,0,0,0,0.14476197957992554,0.0012766590807586908,-0.14601415395736694,2.447499537083786e-05,100.28744506835938,100.28580474853516,787.8676147460938,787.8662719726562,787.8662719726562,547.3007202148438,0,0,26.66558265686035,0.0010999999940395355,0.02200000174343586,0.03299999609589577,0.04399999603629112,5655.8173828125,114276.53125,0.0429663360118866,0,3.1392715754918754e-05,310.4473571777344,0,0.0002616529818624258,2.8350639695418067e-05,0,0,23.700000762939453,0,0,1600,0,50,0,0,0,50,50,800,0.0,0.0,0.0,0.0
171,155.6505126953125,306.7305908203125,323.5760192871094,323.5487365722656,289.91571044921875,289.94305419921875,16557.640625,33065.05859375,66.59658813476562,66.5967025756836,1803.46337890625,3594.713623046875,1793.9556884765625,3576.873291015625,281.2308044433594,53.61311340332031,-1.894897877718904e-06,0,0,2582.258056640625,1278.2882080078125,0,26.681589126586914,2712.761474609375,11.807670593261719,11.81733512878418,909.0488891601562,1812.3861083984375,49.72150802612305,49.773338317871094,100,0,0,345.06500244140625,0,7.924896240234375,21.48898696899414,21.51628303527832,0,1.034000039100647,0.9067617654800415,50,2.799999952316284,2.2967522144317627,0,0,0,0,1176.9999527455907,0,0,0,0.14493675529956818,0.0012736439239233732,-0.14618749916553497,2.2903026547282934e-05,100.28828430175781,100.28693389892578,787.8698120117188,787.8687133789062,787.8687133789062,547.3004150390625,0,0,26.681589126586914,0.0010999999940395355,0.02200000174343586,0.03299999609589577,0.04399999603629112,5655.8173828125,114276.53125,0.0429663360118866,0,3.1392715754918754e-05,312.2681579589844,0,0.0002616529818624258,2.8350639695418067e-05,0,0,23.700000762939453,0,0,1600,0,50,0,0,0,50,50,800,0.0,0.0,0.0,0.0
172,155.66773986816406,306.72760009765625,323.5729064941406,323.5456237792969,289.9127197265625,289.9400634765625,16557.640625,33065.05859375,66.59326934814453,66.59337615966797,1803.4066162109375,3594.586181640625,1793.9560546875,3576.873046875,281.2290954589844,53.608882904052734,2.5473225377936615e-06,0,0,2582.20751953125,1278.26904296875,0,26.694820404052734,2712.789794921875,11.80809497833252,11.817729949951172,909.0562133789062,1812.4000244140625,49.72627258300781,49.77777862548828,100,0,0,345.0738220214844,0,7.924896240234375,21.50092315673828,21.52821922302246,0,1.034000039100647,0.9067617654800415,50,2.799999952316284,2.2967286109924316,0,0,0,0,1176.9999527455907,0,0,0,0.14511151611804962,0.0012711314484477043,-0.1463608294725418,2.1814286810695194e-05,100.28909301757812,100.28797912597656,787.8716430664062,787.8707885742188,787.8707885742188,547.2999267578125,0,0,26.694820404052734,0.0010999999940395355,0.02200000174343586,0.03299999609589577,0.04399999603629112,5655.8173828125,114276.53125,0.0429663360118866,0,3.1392715754918754e-05,314.0889587402344,0,0.0002616529818624258,2.8350639695418067e-05,0,0,23.700000762939453,0,0,1600,0,50,0,0,0,50,50,800,0.0,0.0,0.0,0.0
173,155.6849822998047,306.724609375,323.56982421875,323.54248046875,289.9097900390625,289.9371032714844,16557.640625,33065.05859375,66.58997344970703,66.59007263183594,1803.3489990234375,3594.458740234375,1793.9564208984375,3576.87255859375,281.2274475097656,53.60466766357422,-1.322160983363574e-06,0,0,2582.15673828125,1278.249755859375,0,26.707962036132812,2712.816162109375,11.808515548706055,11.818120956420898,909.0635375976562,1812.4140625,49.73100662231445,49.78218078613281,100,0,0,345.0826416015625,0,7.924896240234375,21.51282501220703,21.5401554107666,0,1.034000039100647,0.9067617654800415,50,2.799999952316284,2.2967066764831543,0,0,0,0,1176.9999527455907,0,0,0,0.14528627693653107,0.0012690374860540032,-0.14653417468070984,2.1144229322089814e-05,100.28990173339844,100.28895568847656,787.8732299804688,787.8724975585938,787.8724975585938,547.2992553710938,0,0,26.707962036132812,0.0010999999940395355,0.02200000174343586,0.03299999609589577,0.04399999603629112,5655.8173828125,114276.53125,0.0429663360118866,0,3.1392715754918754e-05,315.9097595214844,0,0.0002616529818624258,2.8350639695418067e-05,0,0,23.700000762939453,0,0,1600,0,50,0,0,0,50,50,800,0.0,0.0,0.0,0.0
174,155.70225524902344,306.7216491699219,323.56671142578125,323.53936767578125,289.9068298339844,289.9342041015625,16557.640625,33065.05859375,66.58670043945312,66.58680725097656,1803.290771484375,3594.32861328125,1793.9542236328125,3576.875,281.2257995605469,53.60047912597656,-1.124590085055388e-06,0,0,2582.10595703125,1278.2308349609375,0,26.722402572631836,2712.841064453125,11.808935165405273,11.818510055541992,909.0685424804688,1812.422607421875,49.73579788208008,49.78654861450195,100,0,0,345.09149169921875,0,7.924896240234375,21.52479362487793,21.5521240234375,0,1.034000039100647,0.9067617654800415,50,2.799999952316284,2.2966861724853516,0,0,0,0,1176.9999527455907,0,0,0,0.14546102285385132,0.001267278683371842,-0.14670750498771667,2.0789868358406238e-05,100.29071044921875,100.28987121582031,787.8745727539062,787.8739013671875,787.8739013671875,547.2985229492188,0,0,26.722402572631836,0.0010999999940395355,0.02200000174343586,0.03299999609589577,0.04399999603629112,5655.8173828125,114276.53125,0.0429663360118866,0,3.1392715754918754e-05,317.7305603027344,0,0.0002616529818624258,2.8350639695418067e-05,0,0,23.700000762939453,0,0,1600,0,50,0,0,0,50,50,800,0.0,0.0,0.0,0.0
175,155.7195281982422,306.7186584472656,323.5635681152344,323.5362548828125,289.9039001464844,289.9312744140625,16557.640625,33065.05859375,66.58344268798828,66.58355712890625,1803.2314453125,3594.197998046875,1793.9542236328125,3576.87451171875,281.22412109375,53.59630584716797,1.3970118288852973e-06,0,0,2582.05517578125,1278.2119140625,0,26.734027862548828,2712.865234375,11.809351921081543,11.818896293640137,909.0731201171875,1812.4315185546875,49.740474700927734,49.79092025756836,100,0,0,345.100341796875,0,7.924896240234375,21.53676414489746,21.56409454345703,0,1.034000039100647,0.9067617654800415,50,2.799999952316284,2.296666145324707,0,0,0,0,1176.9999527455907,0,0,0,0.14563575387001038,0.0012656874023377895,-0.1468808352947235,2.0593277440639213e-05,100.2915267944336,100.29076385498047,787.8757934570312,787.8751831054688,787.8751831054688,547.2976684570312,0,0,26.734027862548828,0.0010999999940395355,0.02200000174343586,0.03299999609589577,0.04399999603629112,5655.8173828125,114276.53125,0.0429663360118866,0,3.1392715754918754e-05,319.5513610839844,0,0.0002616529818624258,2.8350639695418067e-05,0,0,23.700000762939453,0,0,1600,0,50,0,0,0,50,50,800,0.0,0.0,0.0,0.0
176,155.73683166503906,306.7156677246094,323.5603942871094,323.5330505371094,289.90106201171875,289.9284362792969,16557.640625,33065.05859375,66.58020782470703,66.58031463623047,1803.171630859375,3594.06640625,1793.955078125,3576.873779296875,281.2225036621094,53.59217071533203,-9.070436135516502e-07,0,0,2582.004150390625,1278.19287109375,0,26.746944427490234,2712.888427734375,11.80976676940918,11.819278717041016,909.07666015625,1812.4373779296875,49.745201110839844,49.79522705078125,100,0,0,345.10919189453125,0,7.924896240234375,21.54880142211914,21.57613182067871,0,1.034000039100647,0.9067617654800415,50,2.799999952316284,2.2966468334198,0,0,0,0,1176.9999527455907,0,0,0,0.14581046998500824,0.0012642636429518461,-0.14705418050289154,2.055453478533309e-05,100.29235076904297,100.2916259765625,787.8768920898438,787.8763427734375,787.8763427734375,547.2967529296875,0,0,26.746944427490234,0.0010999999940395355,0.02200000174343586,0.03299999609589577,0.04399999603629112,5655.8173828125,114276.53125,0.0429663360118866,0,3.1392715754918754e-05,321.3721618652344,0,0.0002616529818624258,2.8350639695418067e-05,0,0,23.700000762939453,0,0,1600,0,50,0,0,0,50,50,800,0.0,0.0,0.0,0.0
177,155.75413513183594,306.7126770019531,323.5572814941406,323.5299072265625,289.898193359375,289.9255676269531,16557.640625,33065.05859375,66.57698822021484,66.57709503173828,1803.1112060546875,3593.93408203125,1793.9554443359375,3576.873779296875,281.2208557128906,53.588043212890625,-2.0490833776420914e-06,0,0,2581.953125,1278.1741943359375,0,26.76109504699707,2712.911376953125,11.810176849365234,11.819659233093262,909.0800170898438,1812.443603515625,49.74984359741211,49.799530029296875,100,0,0,345.1180419921875,0,7.924896240234375,21.560771942138672,21.588134765625,0,1.034000039100647,0.9067617654800415,50,2.799999952316284,2.296627998352051,0,0,0,0,1176.9999527455907,0,0,0,0.1459851861000061,0.0012629235861822963,-0.14722751080989838,2.0589872292475775e-05,100.2931900024414,100.29247283935547,787.8779907226562,787.87744140625,787.87744140625,547.2958374023438,0,0,26.76109504699707,0.0010999999940395355,0.02200000174343586,0.03299999609589577,0.04399999603629112,5655.8173828125,114276.53125,0.0429663360118866,0,3.1392715754918754e-05,323.1929626464844,0,0.0002616529818624258,2.8350639695418067e-05,0,0,23.700000762939453,0,0,1600,0,50,0,0,0,50,50,800,0.0,0.0,0.0,0.0
178,155.77146911621094,306.709716796875,323.5541076660156,323.5267333984375,289.89532470703125,289.9227294921875,16557.640625,33065.05859375,66.57378387451172,66.57389831542969,1803.0501708984375,3593.80126953125,1793.955810546875,3576.873291015625,281.21923828125,53.583953857421875,2.6189545678789727e-06,0,0,2581.902099609375,1278.1556396484375,0,26.772470474243164,2712.9345703125,11.810585021972656,11.820035934448242,909.0821533203125,1812.4471435546875,49.75446701049805,49.80377960205078,100,0,0,345.1269226074219,0,7.924896240234375,21.57280921936035,21.60020637512207,0,1.034000039100647,0.9067617654800415,50,2.799999952316284,2.2966086864471436,0,0,0,0,1176.9999527455907,0,0,0,0.14615988731384277,0.0012615834129974246,-0.1474008560180664,2.0615449102479033e-05,100.29401397705078,100.29332733154297,787.8790283203125,787.8784790039062,787.8784790039062,547.2948608398438,0,0,26.772470474243164,0.0010999999940395355,0.02200000174343586,0.03299999609589577,0.04399999603629112,5655.8173828125,114276.53125,0.0429663360118866,0,3.1392715754918754e-05,325.0137634277344,0,0.0002616529818624258,2.8350639695418067e-05,0,0,23.700000762939453,0,0,1600,0,50,0,0,0,50,50,800,0.0,0.0,0.0,0.0
179,155.788818359375,306.70672607421875,323.5509338378906,323.5235290527344,289.8924865722656,289.919921875,16557.640625,33065.05859375,66.57058715820312,66.5707015991211,1802.9884033203125,3593.668701171875,1793.9530029296875,3576.876220703125,281.2176208496094,53.57990264892578,2.4613350433355663e-06,0,0,2581.85107421875,1278.1365966796875,0,26.782350540161133,2712.95751953125,11.810991287231445,11.820408821105957,909.0841064453125,1812.4508056640625,49.759037017822266,49.80801010131836,100,0,0,345.13580322265625,0,7.924896240234375,21.584880828857422,21.61227798461914,0,1.034000039100647,0.9067617654800415,50,2.799999952316284,2.2965898513793945,0,0,0,0,1176.9999527455907,0,0,0,0.14633455872535706,0.0012602433562278748,-0.14757418632507324,2.0621728253900073e-05,100.29485321044922,100.29417419433594,787.880126953125,787.8795776367188,787.8795776367188,547.2939453125,0,0,26.782350540161133,0.0010999999940395355,0.02200000174343586,0.03299999609589577,0.04399999603629112,5655.8173828125,114276.53125,0.0429663360118866,0,3.1392715754918754e-05,326.8345642089844,0,0.0002616529818624258,2.8350639695418067e-05,0,0,23.700000762939453,0,0,1600,0,50,0,0,0,50,50,800,0.0,0.0,0.0,0.0
180,155.80621337890625,306.7037353515625,323.5477600097656,323.5203552246094,289.8896484375,289.9171142578125,16557.640625,33065.05859375,66.56741333007812,66.56752014160156,1802.92626953125,3593.53466796875,1793.9534912109375,3576.875732421875,281.216064453125,53.57588577270508,-3.102949676758726e-06,0,0,2581.7998046875,1278.1182861328125,0,26.794822692871094,2712.980224609375,11.811394691467285,11.820778846740723,909.086181640625,1812.454345703125,49.76361083984375,49.81217956542969,100,0,0,345.1446838378906,0,7.924896240234375,21.596952438354492,21.62434959411621,0,1.034000039100647,0.9067617654800415,50,2.799999952316284,2.2965707778930664,0,0,0,0,1176.9999527455907,0,0,0,0.14650924503803253,0.001258903299458325,-0.14774751663208008,2.0618323105736636e-05,100.29568481445312,100.2950210571289,787.8812255859375,787.8806762695312,787.8806762695312,547.29296875,0,0,26.794822692871094,0.0010999999940395355,0.02200000174343586,0.03299999609589577,0.04399999603629112,5655.8173828125,114276.53125,0.0429663360118866,0,3.1392715754918754e-05,328.6553649902344,0,0.0002616529818624258,2.8350639695418067e-05,0,0,23.700000762939453,0,0,1600,0,50,0,0,0,50,50,800,0.0,0.0,0.0,0.0
181,155.8236083984375,306.7008056640625,323.5445556640625,323.51715087890625,289.8868408203125,289.914306640625,16557.640625,33065.05859375,66.56423950195312,66.5643539428711,1802.8642578125,3593.399658203125,1793.9542236328125,3576.875,281.2144775390625,53.57191467285156,-1.6951411225818447e-06,0,0,2581.748291015625,1278.099853515625,0,26.805795669555664,2713.0029296875,11.81179428100586,11.821146011352539,909.08837890625,1812.4576416015625,49.76817321777344,49.816307067871094,100,0,0,345.15362548828125,0,7.924896240234375,21.60905647277832,21.636455535888672,0,1.034000039100647,0.9067617654800415,50,2.799999952316284,2.2965519428253174,0,0,0,0,1176.9999527455907,0,0,0,0.14667993783950806,0.001257563242688775,-0.1479208618402481,1.663399780227337e-05,100.29643249511719,100.29586029052734,787.8822631835938,787.8817749023438,787.8817749023438,547.2919921875,0,0,26.805795669555664,0.0010999999940395355,0.02200000174343586,0.03299999609589577,0.04399999603629112,5655.8173828125,114276.53125,0.0429663360118866,0,3.1392715754918754e-05,330.4761657714844,0,0.0002616529818624258,2.8350639695418067e-05,0,0,23.700000762939453,0,0,1600,0,50,0,0,0,50,50,800,0.0,0.0,0.0,0.0
182,155.84104919433594,306.6979064941406,323.5414123535156,323.51397705078125,289.88409423828125,289.91156005859375,16557.640625,33065.05859375,66.56108856201172,66.56120300292969,1802.8009033203125,3593.263671875,1793.9544677734375,3576.87451171875,281.212890625,53.567970275878906,3.779722192120971e-06,0,0,2581.697021484375,1278.0814208984375,0,26.816593170166016,2713.024169921875,11.812191009521484,11.821511268615723,909.0916137695312,1812.4635009765625,49.772666931152344,49.8204460144043,100,0,0,345.1625671386719,0,7.924896240234375,21.62116241455078,21.64859390258789,0,1.034000039100647,0.9067617654800415,50,2.799999952316284,2.296534538269043,0,0,0,0,1176.9999527455907,0,0,0,0.1468506157398224,0.0012565582292154431,-0.14809419214725494,1.2975052413821686e-05,100.29689025878906,100.29663848876953,787.8827514648438,787.882568359375,787.882568359375,547.2909545898438,0,0,26.816593170166016,0.0010999999940395355,0.02200000174343586,0.03299999609589577,0.04399999603629112,5655.8173828125,114276.53125,0.0429663360118866,0,3.1392715754918754e-05,332.2969665527344,0,0.0002616529818624258,2.8350639695418067e-05,0,0,23.700000762939453,0,0,1600,0,50,0,0,0,50,50,800,0.0,0.0,0.0,0.0
183,155.85850524902344,306.6949768066406,323.5382080078125,323.5107727050781,289.8813171386719,289.9087829589844,16557.640625,33065.05859375,66.55795288085938,66.55806732177734,1802.7369384765625,3593.126953125,1793.9564208984375,3576.87255859375,281.21136474609375,53.56406021118164,3.847920197586063e-06,0,0,2581.6455078125,1278.0631103515625,0,26.827299118041992,2713.0419921875,11.812583923339844,11.821871757507324,909.0948486328125,1812.4669189453125,49.77713394165039,49.82455062866211,100,0,0,345.1714782714844,0,7.924896240234375,21.633268356323242,21.66069984436035,0,1.034000039100647,0.9067617654800415,50,2.799999952316284,2.2965197563171387,0,0,0,0,1176.9999527455907,0,0,0,0.14702127873897552,0.0012562231859192252,-0.14826753735542297,9.976479304896202e-06,100.29718780517578,100.29730224609375,787.8827514648438,787.8828735351562,787.8828735351562,547.2896728515625,0,0,26.827299118041992,0.0010999999940395355,0.02200000174343586,0.03299999609589577,0.04399999603629112,5655.8173828125,114276.53125,0.0429663360118866,0,3.1392715754918754e-05,334.1177673339844,0,0.0002616529818624258,2.8350639695418067e-05,0,0,23.700000762939453,0,0,1600,0,50,0,0,0,50,50,800,0.0,0.0,0.0,0.0
184,155.8759765625,306.69207763671875,323.5350341796875,323.5075988769531,289.87860107421875,289.90606689453125,16557.640625,33065.05859375,66.5548324584961,66.55494689941406,1802.6715087890625,3592.989501953125,1793.9554443359375,3576.873779296875,281.2098388671875,53.560184478759766,-1.4905474472470814e-06,0,0,2581.593994140625,1278.0447998046875,0,26.837871551513672,2713.056884765625,11.812975883483887,11.82222843170166,909.0956420898438,1812.4700927734375,49.78165054321289,49.82862091064453,100,0,0,345.1804504394531,0,7.924896240234375,21.64540672302246,21.67283821105957,0,1.034000039100647,0.9067617654800415,50,2.799999952316284,2.2965075969696045,0,0,0,0,1176.9999527455907,0,0,0,0.14719194173812866,0.0012565582292154431,-0.1484408676624298,7.638201168447267e-06,100.2973861694336,100.2978515625,787.8822631835938,787.882568359375,787.882568359375,547.2880249023438,0,0,26.837871551513672,0.0010999999940395355,0.02200000174343586,0.03299999609589577,0.04399999603629112,5655.8173828125,114276.53125,0.0429663360118866,0,3.1392715754918754e-05,335.9385681152344,0,0.0002616529818624258,2.8350639695418067e-05,0,0,23.700000762939453,0,0,1600,0,50,0,0,0,50,50,800,0.0,0.0,0.0,0.0
185,155.89349365234375,306.68914794921875,323.5318298339844,323.5044250488281,289.87591552734375,289.90338134765625,16557.640625,33065.05859375,66.55171966552734,66.55183410644531,1802.6058349609375,3592.849853515625,1793.9556884765625,3576.873291015625,281.20831298828125,53.55633544921875,-2.7619601041806163e-06,0,0,2581.54248046875,1278.026611328125,0,26.849672317504883,2713.06884765625,11.813363075256348,11.822583198547363,909.097412109375,1812.473388671875,49.786094665527344,49.83270263671875,100,0,0,345.18939208984375,0,7.924896240234375,21.65754508972168,21.684978485107422,0,1.034000039100647,0.9067617654800415,50,2.799999952316284,2.2964980602264404,0,0,0,0,1176.9999527455907,0,0,0,0.1473625898361206,0.001257563242688775,-0.14861419796943665,5.950610102445353e-06,100.29754638671875,100.29829406738281,787.8811645507812,787.8817749023438,787.8817749023438,547.2861938476562,0,0,26.849672317504883,0.0010999999940395355,0.02200000174343586,0.03299999609589577,0.04399999603629112,5655.8173828125,114276.53125,0.0429663360118866,0,3.1392715754918754e-05,337.7593688964844,0,0.0002616529818624258,2.8350639695418067e-05,0,0,23.700000762939453,0,0,1600,0,50,0,0,0,50,50,800,0.0,0.0,0.0,0.0
186,155.91099548339844,306.6862487792969,323.5286560058594,323.501220703125,289.8731994628906,289.90069580078125,16557.640625,33065.05859375,66.54862213134766,66.54873657226562,1802.5394287109375,3592.70849609375,1793.956298828125,3576.873046875,281.206787109375,53.552520751953125,1.1956969956372632e-06,0,0,2581.490966796875,1278.00830078125,0,26.858659744262695,2713.077880859375,11.81374740600586,11.8229341506958,909.0980834960938,1812.4739990234375,49.79057312011719,49.83675003051758,100,0,0,345.1983642578125,0,7.924896240234375,21.669719696044922,21.69715118408203,0,1.034000039100647,0.9067617654800415,50,2.799999952316284,2.2964906692504883,0,0,0,0,1176.9999527455907,0,0,0,0.14753322303295135,0.0012591545237228274,-0.14878754317760468,4.839623670704896e-06,100.29768371582031,100.29862976074219,787.8796997070312,787.8804931640625,787.8804931640625,547.2840576171875,0,0,26.858659744262695,0.0010999999940395355,0.02200000174343586,0.03299999609589577,0.04399999603629112,5655.8173828125,114276.53125,0.0429663360118866,0,3.1392715754918754e-05,339.5801696777344,0,0.0002616529818624258,2.8350639695418067e-05,0,0,23.700000762939453,0,0,1600,0,50,0,0,0,50,50,800,0.0,0.0,0.0,0.0
187,155.9285125732422,306.6833190917969,323.5254821777344,323.498046875,289.8705139160156,289.89801025390625,16557.640625,33065.05859375,66.5455322265625,66.54564666748047,1802.472412109375,3592.56689453125,1793.9530029296875,3576.875732421875,281.2052917480469,53.548709869384766,-4.901373358734418e-06,0,0,2581.439453125,1277.9903564453125,0,26.872962951660156,2713.08544921875,11.814127922058105,11.823282241821289,909.0986328125,1812.4747314453125,49.79496383666992,49.840782165527344,100,0,0,345.20733642578125,0,7.924896240234375,21.68185806274414,21.70928955078125,0,1.034000039100647,0.9067617654800415,50,2.799999952316284,2.2964847087860107,0,0,0,0,1176.9999527455907,0,0,0,0.1477038562297821,0.0012610809644684196,-0.1489608734846115,4.063628239237005e-06,100.29779815673828,100.29891204833984,787.8780517578125,787.87890625,787.87890625,547.2818603515625,0,0,26.872962951660156,0.0010999999940395355,0.02200000174343586,0.03299999609589577,0.04399999603629112,5655.8173828125,114276.53125,0.0429663360118866,0,3.1392715754918754e-05,341.4009704589844,0,0.0002616529818624258,2.8350639695418067e-05,0,0,23.700000762939453,0,0,1600,0,50,0,0,0,50,50,800,0.0,0.0,0.0,0.0
188,155.94606018066406,306.680419921875,323.52227783203125,323.4948425292969,289.8678283691406,289.89532470703125,16557.640625,33065.05859375,66.54244995117188,66.54256439208984,1802.404541015625,3592.425048828125,1793.9566650390625,3576.87255859375,281.2037658691406,53.544925689697266,3.704345999722136e-06,0,0,2581.387451171875,1277.9722900390625,0,26.884519577026367,2713.091796875,11.814507484436035,11.823626518249512,909.0990600585938,1812.4752197265625,49.799354553222656,49.844783782958984,100,0,0,345.21630859375,0,7.924896240234375,21.69403076171875,21.721464157104492,0,1.034000039100647,0.9067617654800415,50,2.799999952316284,2.2964799404144287,0,0,0,0,1176.9999527455907,0,0,0,0.14787447452545166,0.0012633423320949078,-0.14913421869277954,3.603327968448866e-06,100.29791259765625,100.29914093017578,787.8761596679688,787.8770751953125,787.8770751953125,547.2794799804688,0,0,26.884519577026367,0.0010999999940395355,0.02200000174343586,0.03299999609589577,0.04399999603629112,5655.8173828125,114276.53125,0.0429663360118866,0,3.1392715754918754e-05,343.2217712402344,0,0.0002616529818624258,2.8350639695418067e-05,0,0,23.700000762939453,0,0,1600,0,50,0,0,0,50,50,800,0.0,0.0,0.0,0.0
189,155.96359252929688,306.677490234375,323.51910400390625,323.49163818359375,289.86517333984375,289.8927001953125,16557.640625,33065.05859375,66.53936767578125,66.53948211669922,1802.3367919921875,3592.283447265625,1793.9588623046875,3576.87060546875,281.2023010253906,53.54116439819336,-5.475358193507418e-06,0,0,2581.335693359375,1277.9539794921875,0,26.89598846435547,2713.09716796875,11.814881324768066,11.823966026306152,909.0997314453125,1812.4732666015625,49.803733825683594,49.84872055053711,100,0,0,345.2253112792969,0,7.924896240234375,21.706205368041992,21.733671188354492,0,1.034000039100647,0.9067617654800415,50,2.799999952316284,2.296475648880005,0,0,0,0,1176.9999527455907,0,0,0,0.14804507791996002,0.001265771104954183,-0.14930754899978638,3.3007993351930054e-06,100.29803466796875,100.2993392944336,787.8740844726562,787.8751220703125,787.8751220703125,547.2770385742188,0,0,26.89598846435547,0.0010999999940395355,0.02200000174343586,0.03299999609589577,0.04399999603629112,5655.8173828125,114276.53125,0.0429663360118866,0,3.1392715754918754e-05,345.0425720214844,0,0.0002616529818624258,2.8350639695418067e-05,0,0,23.700000762939453,0,0,1600,0,50,0,0,0,50,50,800,0.0,0.0,0.0,0.0
190,155.98117065429688,306.674560546875,323.5158996582031,323.4884338378906,289.8625183105469,289.8900146484375,16557.640625,33065.05859375,66.53630065917969,66.53641510009766,1802.267822265625,3592.140869140625,1793.957275390625,3576.8720703125,281.2008056640625,53.53741455078125,-2.27630403060175e-06,0,0,2581.283935546875,1277.93603515625,0,26.908727645874023,2713.1015625,11.815252304077148,11.824304580688477,909.0988159179688,1812.473876953125,49.80802536010742,49.8526725769043,100,0,0,345.2342834472656,0,7.924896240234375,21.7183780670166,21.7458438873291,0,1.034000039100647,0.9067617654800415,50,2.799999952316284,2.2964723110198975,0,0,0,0,1176.9999527455907,0,0,0,0.14821568131446838,0.0012683675158768892,-0.1494808793067932,3.1561182822770206e-06,100.29815673828125,100.29950714111328,787.8719482421875,787.8729858398438,787.8729858398438,547.2745361328125,0,0,26.908727645874023,0.0010999999940395355,0.02200000174343586,0.03299999609589577,0.04399999603629112,5655.8173828125,114276.53125,0.0429663360118866,0,3.1392715754918754e-05,346.8633728027344,0,0.0002616529818624258,2.8350639695418067e-05,0,0,23.700000762939453,0,0,1600,0,50,0,0,0,50,50,800,0.0,0.0,0.0,0.0
191,155.99874877929688,306.6716613769531,323.5127258300781,323.4852600097656,289.85986328125,289.8873596191406,16557.640625,33065.05859375,66.53323364257812,66.53335571289062,1802.198974609375,3591.997802734375,1793.9544677734375,3576.87451171875,281.1993103027344,53.53369140625,4.989804892829852e-06,0,0,2581.23193359375,1277.9180908203125,0,26.9186954498291,2713.10595703125,11.815621376037598,11.824638366699219,909.0980224609375,1812.4716796875,49.81232452392578,49.85655975341797,100,0,0,345.2433166503906,0,7.924896240234375,21.7305850982666,21.7580509185791,0,1.034000039100647,0.9067617654800415,50,2.799999952316284,2.29646897315979,0,0,0,0,1176.9999527455907,0,0,0,0.14838625490665436,0.0012710477458313107,-0.14965422451496124,3.0758326374780154e-06,100.29827880859375,100.29966735839844,787.8697509765625,787.870849609375,787.870849609375,547.27197265625,0,0,26.9186954498291,0.0010999999940395355,0.02200000174343586,0.03299999609589577,0.04399999603629112,5655.8173828125,114276.53125,0.0429663360118866,0,3.1392715754918754e-05,348.6841735839844,0,0.0002616529818624258,2.8350639695418067e-05,0,0,23.700000762939453,0,0,1600,0,50,0,0,0,50,50,800,0.0,0.0,0.0,0.0
192,156.0163116455078,306.6687316894531,323.5095520019531,323.4820861816406,289.8571472167969,289.8846435546875,16557.640625,33065.05859375,66.53018188476562,66.5302963256836,1802.1302490234375,3591.8544921875,1793.9544677734375,3576.8740234375,281.1978454589844,53.52997589111328,2.782193860184634e-06,0,0,2581.18017578125,1277.9000244140625,0,26.93266487121582,2713.110107421875,11.815985679626465,11.824968338012695,909.09716796875,1812.4698486328125,49.81657791137695,49.86040496826172,100,0,0,345.2522888183594,0,7.924896240234375,21.74272346496582,21.77018928527832,0,1.034000039100647,0.9067617654800415,50,2.799999952316284,2.296466112136841,0,0,0,0,1176.9999527455907,0,0,0,0.14855682849884033,0.0012737277429550886,-0.14982755482196808,2.995471049871412e-06,100.29839324951172,100.29981994628906,787.8674926757812,787.86865234375,787.86865234375,547.2694091796875,0,0,26.93266487121582,0.0010999999940395355,0.02200000174343586,0.03299999609589577,0.04399999603629112,5655.8173828125,114276.53125,0.0429663360118866,0,3.1392715754918754e-05,350.5049743652344,0,0.0002616529818624258,2.8350639695418067e-05,0,0,23.700000762939453,0,0,1600,0,50,0,0,0,50,50,800,0.0,0.0,0.0,0.0
193,156.03392028808594,306.66583251953125,323.5063781738281,323.4789123535156,289.8544921875,289.88201904296875,16557.640625,33065.05859375,66.52713012695312,66.5272445678711,1802.0615234375,3591.7119140625,1793.95458984375,3576.8740234375,281.1963806152344,53.52628707885742,4.6416371333179995e-06,0,0,2581.12841796875,1277.882080078125,0,26.943862915039062,2713.11376953125,11.816346168518066,11.82529354095459,909.0963134765625,1812.4677734375,49.82078552246094,49.86419677734375,100,0,0,345.2613220214844,0,7.924896240234375,21.75493049621582,21.78239631652832,0,1.034000039100647,0.9067617654800415,50,2.799999952316284,2.2964632511138916,0,0,0,0,1176.9999527455907,0,0,0,0.1487273871898651,0.0012764916755259037,-0.1500009000301361,2.9795803584420355e-06,100.29853820800781,100.29995727539062,787.8653564453125,787.866455078125,787.866455078125,547.266845703125,0,0,26.943862915039062,0.0010999999940395355,0.02200000174343586,0.03299999609589577,0.04399999603629112,5655.8173828125,114276.53125,0.0429663360118866,0,3.1392715754918754e-05,352.3257751464844,0,0.0002616529818624258,2.8350639695418067e-05,0,0,23.700000762939453,0,0,1600,0,50,0,0,0,50,50,800,0.0,0.0,0.0,0.0
194,156.05152893066406,306.66290283203125,323.5032043457031,323.4757385253906,289.85186767578125,289.8793640136719,16557.640625,33065.05859375,66.52407836914062,66.52420043945312,1801.9927978515625,3591.568115234375,1793.95703125,3576.871826171875,281.1949462890625,53.52261734008789,-1.2296154636715073e-06,0,0,2581.076171875,1277.864013671875,0,26.956335067749023,2713.11767578125,11.816704750061035,11.825616836547852,909.095703125,1812.4630126953125,49.82500076293945,49.86794662475586,100,0,0,345.27032470703125,0,7.924896240234375,21.76713752746582,21.79460334777832,0,1.034000039100647,0.9067617654800415,50,2.799999952316284,2.2964603900909424,0,0,0,0,1176.9999527455907,0,0,0,0.1488979309797287,0.001279255491681397,-0.15017423033714294,2.953852572318283e-06,100.29866790771484,100.30010223388672,787.863037109375,787.8641967773438,787.8641967773438,547.2642822265625,0,0,26.956335067749023,0.0010999999940395355,0.02200000174343586,0.03299999609589577,0.04399999603629112,5655.8173828125,114276.53125,0.0429663360118866,0,3.1392715754918754e-05,354.1465759277344,0,0.0002616529818624258,2.8350639695418067e-05,0,0,23.700000762939453,0,0,1600,0,50,0,0,0,50,50,800,0.0,0.0,0.0,0.0
195,156.0691680908203,306.6600036621094,323.5,323.4725036621094,289.8492126464844,289.876708984375,16557.640625,33065.05859375,66.52103424072266,66.52114868164062,1801.9228515625,3591.424560546875,1793.9556884765625,3576.873291015625,281.1935119628906,53.51896286010742,-4.776837158715352e-06,0,0,2581.0244140625,1277.8463134765625,0,26.968740463256836,2713.121337890625,11.817059516906738,11.825936317443848,909.0935668945312,1812.4609375,49.82912826538086,49.871681213378906,100,0,0,345.27935791015625,0,7.924896240234375,21.77934455871582,21.80684471130371,0,1.034000039100647,0.9067617654800415,50,2.799999952316284,2.2964577674865723,0,0,0,0,1176.9999527455907,0,0,0,0.1490684598684311,0.0012821031268686056,-0.15034756064414978,3.002281346198288e-06,100.29878234863281,100.30023193359375,787.8607177734375,787.8618774414062,787.8618774414062,547.2616577148438,0,0,26.968740463256836,0.0010999999940395355,0.02200000174343586,0.03299999609589577,0.04399999603629112,5655.8173828125,114276.53125,0.0429663360118866,0,3.1392715754918754e-05,355.9673767089844,0,0.0002616529818624258,2.8350639695418067e-05,0,0,23.700000762939453,0,0,1600,0,50,0,0,0,50,50,800,0.0,0.0,0.0,0.0
196,156.08680725097656,306.6570739746094,323.4967956542969,323.4692687988281,289.84661865234375,289.8741149902344,16557.640625,33065.05859375,66.51799774169922,66.51811218261719,1801.8526611328125,3591.281005859375,1793.9556884765625,3576.873046875,281.19207763671875,53.51533126831055,-4.838012500840705e-06,0,0,2580.972412109375,1277.8282470703125,0,26.97698974609375,2713.12451171875,11.817410469055176,11.826252937316895,909.0926513671875,1812.4588623046875,49.83320999145508,49.8753776550293,100,0,0,345.28839111328125,0,7.924896240234375,21.7916202545166,21.819120407104492,0,1.034000039100647,0.9067617654800415,50,2.799999952316284,2.2964553833007812,0,0,0,0,1176.9999527455907,0,0,0,0.14923898875713348,0.0012849506456404924,-0.1505209058523178,3.041024456251762e-06,100.2989273071289,100.30035400390625,787.8584594726562,787.8595581054688,787.8595581054688,547.259033203125,0,0,26.97698974609375,0.0010999999940395355,0.02200000174343586,0.03299999609589577,0.04399999603629112,5655.8173828125,114276.53125,0.0429663360118866,0,3.1392715754918754e-05,357.7881774902344,0,0.0002616529818624258,2.8350639695418067e-05,0,0,23.700000762939453,0,0,1600,0,50,0,0,0,50,50,800,0.0,0.0,0.0,0.0
197,156.10446166992188,306.6541748046875,323.4935302734375,323.4660339355469,289.8440246582031,289.87152099609375,16557.640625,33065.05859375,66.51495361328125,66.51507568359375,1801.7830810546875,3591.137939453125,1793.9560546875,3576.87255859375,281.1906433105469,53.51172637939453,-8.321328550664475e-07,0,0,2580.920166015625,1277.8104248046875,0,26.989238739013672,2713.128173828125,11.817757606506348,11.82656478881836,909.090576171875,1812.454345703125,49.83728790283203,49.878997802734375,100,0,0,345.29742431640625,0,7.924896240234375,21.80389404296875,21.83139419555664,0,1.034000039100647,0.9067617654800415,50,2.799999952316284,2.2964529991149902,0,0,0,0,1176.9999527455907,0,0,0,0.14940951764583588,0.0012877985136583447,-0.15069423615932465,3.0702328785991995e-06,100.299072265625,100.30048370361328,787.856201171875,787.8572998046875,787.8572998046875,547.2564697265625,0,0,26.989238739013672,0.0010999999940395355,0.02200000174343586,0.03299999609589577,0.04399999603629112,5655.8173828125,114276.53125,0.0429663360118866,0,3.1392715754918754e-05,359.6089782714844,0,0.0002616529818624258,2.8350639695418067e-05,0,0,23.700000762939453,0,0,1600,0,50,0,0,0,50,50,800,0.0,0.0,0.0,0.0
198,156.1221466064453,306.6512451171875,323.49029541015625,323.4627685546875,289.8414306640625,289.8689270019531,16557.640625,33065.05859375,66.51191711425781,66.51203918457031,1801.713134765625,3590.99609375,1793.9578857421875,3576.870849609375,281.1892395019531,53.508140563964844,-4.556949534162413e-06,0,0,2580.86767578125,1277.79248046875,0,27.00139808654785,2713.13232421875,11.81810188293457,11.826872825622559,909.0896606445312,1812.4498291015625,49.84128189086914,49.882591247558594,100,0,0,345.3064880371094,0,7.924896240234375,21.81616973876953,21.84370231628418,0,1.034000039100647,0.9067617654800415,50,2.799999952316284,2.296449899673462,0,0,0,0,1176.9999527455907,0,0,0,0.14958001673221588,0.0012904785107821226,-0.15086758136749268,2.9220711894595297e-06,100.29920959472656,100.3006362915039,787.8539428710938,787.8551025390625,787.8551025390625,547.25390625,0,0,27.00139808654785,0.0010999999940395355,0.02200000174343586,0.03299999609589577,0.04399999603629112,5655.8173828125,114276.53125,0.0429663360118866,0,3.1392715754918754e-05,361.4297790527344,0,0.0002616529818624258,2.8350639695418067e-05,0,0,23.700000762939453,0,0,1600,0,50,0,0,0,50,50,800,0.0,0.0,0.0,0.0
199,156.1398162841797,306.6484069824219,323.487060546875,323.4595031738281,289.8388366699219,289.8663330078125,16557.640625,33065.05859375,66.5088882446289,66.50900268554688,1801.642578125,3590.85302734375,1793.9532470703125,3576.875732421875,281.18780517578125,53.504573822021484,-5.376727585826302e-06,0,0,2580.815673828125,1277.7750244140625,0,27.009397506713867,2713.135498046875,11.818443298339844,11.827178955078125,909.0888061523438,1812.4501953125,49.84526062011719,49.88615798950195,100,0,0,345.3155212402344,0,7.924896240234375,21.82847785949707,21.85601234436035,0,1.034000039100647,0.9067617654800415,50,2.799999952316284,2.296447515487671,0,0,0,0,1176.9999527455907,0,0,0,0.14974655210971832,0.0012933261459693313,-0.1510409116744995,-1.0394026048743399e-06,100.29924011230469,100.3007583618164,787.8515625,787.852783203125,787.852783203125,547.2513427734375,0,0,27.009397506713867,0.0010999999940395355,0.02200000174343586,0.03299999609589577,0.04399999603629112,5655.8173828125,114276.53125,0.0429663360118866,0,3.1392715754918754e-05,363.2505798339844,0,0.0002616529818624258,2.8350639695418067e-05,0,0,23.700000762939453,0,0,1600,0,50,0,0,0,50,50,800,0.0,0.0,0.0,0.0
200,156.15753173828125,306.6455383300781,323.48382568359375,323.4563293457031,289.8362731933594,289.86376953125,16557.640625,33065.05859375,66.50586700439453,66.5059814453125,1801.5723876953125,3590.708251953125,1793.9564208984375,3576.8720703125,281.1864013671875,53.501033782958984,-2.129451331711607e-06,0,0,2580.76318359375,1277.7569580078125,0,27.02276611328125,2713.137451171875,11.818778991699219,11.827481269836426,909.089111328125,1812.4508056640625,49.84918975830078,49.88969421386719,100,0,0,345.3245849609375,0,7.924896240234375,21.84075355529785,21.868253707885742,0,1.034000039100647,0.9067617654800415,50,2.799999952316284,2.2964463233947754,0,0,0,0,1176.9999527455907,0,0,0,0.14991305768489838,0.0012964250054210424,-0.15121424198150635,-4.75933802590589e-06,100.29898834228516,100.30082702636719,787.848876953125,787.8502807617188,787.8502807617188,547.2485961914062,0,0,27.02276611328125,0.0010999999940395355,0.02200000174343586,0.03299999609589577,0.04399999603629112,5655.8173828125,114276.53125,0.0429663360118866,0,3.1392715754918754e-05,365.0713806152344,0,0.0002616529818624258,2.8350639695418067e-05,0,0,23.700000762939453,0,0,1600,0,50,0,0,0,50,50,800,0.0,0.0,0.0,0.0
201,156.17523193359375,306.64263916015625,323.4806213378906,323.4530944824219,289.83367919921875,289.8611755371094,16557.640625,33065.05859375,66.50285339355469,66.50297546386719,1801.501220703125,3590.564453125,1793.9583740234375,3576.87060546875,281.18499755859375,53.49750518798828,2.860848553609685e-06,0,0,2580.7109375,1277.7391357421875,0,27.03331756591797,2713.136474609375,11.819112777709961,11.827778816223145,909.0882568359375,1812.4461669921875,49.853118896484375,49.893192291259766,100,0,0,345.33367919921875,0,7.924896240234375,21.85306167602539,21.88056182861328,0,1.034000039100647,0.9067617654800415,50,2.799999952316284,2.296447515487671,0,0,0,0,1176.9999527455907,0,0,0,0.150083526968956,0.0013001939514651895,-0.15138758718967438,-3.8573521123907994e-06,100.29865264892578,100.30079650878906,787.8455200195312,787.8472290039062,787.8472290039062,547.2456665039062,0,0,27.03331756591797,0.0010999999940395355,0.02200000174343586,0.03299999609589577,0.04399999603629112,5655.8173828125,114276.53125,0.0429663360118866,0,3.1392715754918754e-05,366.8921813964844,0,0.0002616529818624258,2.8350639695418067e-05,0,0,23.700000762939453,0,0,1600,0,50,0,0,0,50,50,800,0.0,0.0,0.0,0.0
202,156.1929473876953,306.63970947265625,323.4773864746094,323.44989013671875,289.83111572265625,289.8586120605469,16557.640625,33065.05859375,66.49983978271484,66.49996185302734,1801.429931640625,3590.419189453125,1793.95703125,3576.871826171875,281.1836242675781,53.49398422241211,-1.6225712897721678e-06,0,0,2580.65869140625,1277.7213134765625,0,27.045185089111328,2713.1337890625,11.819442749023438,11.828073501586914,909.0848388671875,1812.44140625,49.85702133178711,49.89667892456055,100,0,0,345.34271240234375,0,7.924896240234375,21.865337371826172,21.89283561706543,0,1.034000039100647,0.9067617654800415,50,2.799999952316284,2.296450138092041,0,0,0,0,1176.9999527455907,0,0,0,0.1502539962530136,0.001304381643421948,-0.1515609174966812,-2.5462941266596317e-06,100.29852294921875,100.30069732666016,787.8421630859375,787.8438720703125,787.8438720703125,547.2424926757812,0,0,27.045185089111328,0.0010999999940395355,0.02200000174343586,0.03299999609589577,0.04399999603629112,5655.8173828125,114276.53125,0.0429663360118866,0,3.1392715754918754e-05,368.7129821777344,0,0.0002616529818624258,2.8350639695418067e-05,0,0,23.700000762939453,0,0,1600,0,50,0,0,0,50,50,800,0.0,0.0,0.0,0.0
203,156.21066284179688,306.6368103027344,323.4741516113281,323.4466552734375,289.8285217285156,289.85601806640625,16557.640625,33065.05859375,66.496826171875,66.4969482421875,1801.3590087890625,3590.275390625,1793.957275390625,3576.871337890625,281.1822204589844,53.49047088623047,-4.943975454807514e-06,0,0,2580.6064453125,1277.70361328125,0,27.057029724121094,2713.131103515625,11.819769859313965,11.828364372253418,909.0826416015625,1812.4366455078125,49.86089324951172,49.90010070800781,100,0,0,345.351806640625,0,7.924896240234375,21.87764549255371,21.9051456451416,0,1.034000039100647,0.9067617654800415,50,2.799999952316284,2.296452760696411,0,0,0,0,1176.9999527455907,0,0,0,0.15042445063591003,0.0013085694517940283,-0.15173426270484924,-1.244922145815508e-06,100.29850006103516,100.30059814453125,787.8388061523438,787.8404541015625,787.8404541015625,547.2393798828125,0,0,27.057029724121094,0.0010999999940395355,0.02200000174343586,0.03299999609589577,0.04399999603629112,5655.8173828125,114276.53125,0.0429663360118866,0,3.1392715754918754e-05,370.5337829589844,0,0.0002616529818624258,2.8350639695418067e-05,0,0,23.700000762939453,0,0,1600,0,50,0,0,0,50,50,800,0.0,0.0,0.0,0.0
204,156.22840881347656,306.6339111328125,323.4709777832031,323.4434509277344,289.825927734375,289.8534240722656,16557.640625,33065.05859375,66.49381256103516,66.49393463134766,1801.287841796875,3590.13134765625,1793.958984375,3576.86962890625,281.18084716796875,53.48698425292969,-4.198325768811628e-06,0,0,2580.553955078125,1277.6859130859375,0,27.067468643188477,2713.12939453125,11.820091247558594,11.828651428222656,909.0804443359375,1812.4296875,49.86467361450195,49.90349578857422,100,0,0,345.36090087890625,0,7.924896240234375,21.889921188354492,21.91745376586914,0,1.034000039100647,0.9067617654800415,50,2.799999952316284,2.296454906463623,0,0,0,0,1176.9999527455907,0,0,0,0.15059290826320648,0.001312589505687356,-0.15190759301185608,-2.0968145690858364e-06,100.29854583740234,100.30052947998047,787.8356323242188,787.8372192382812,787.8372192382812,547.2362670898438,0,0,27.067468643188477,0.0010999999940395355,0.02200000174343586,0.03299999609589577,0.04399999603629112,5655.8173828125,114276.53125,0.0429663360118866,0,3.1392715754918754e-05,372.3545837402344,0,0.0002616529818624258,2.8350639695418067e-05,0,0,23.700000762939453,0,0,1600,0,50,0,0,0,50,50,800,0.0,0.0,0.0,0.0
205,156.24615478515625,306.63104248046875,323.4677429199219,323.4402160644531,289.8233337402344,289.850830078125,16557.640625,33065.05859375,66.49080657958984,66.49092102050781,1801.21630859375,3589.988037109375,1793.9573974609375,3576.871337890625,281.1794738769531,53.4835205078125,3.337137144399094e-08,0,0,2580.501220703125,1277.668212890625,0,27.077816009521484,2713.127685546875,11.820411682128906,11.828935623168945,909.0795288085938,1812.4300537109375,49.868446350097656,49.906837463378906,100,0,0,345.3699951171875,0,7.924896240234375,21.90222930908203,21.92976188659668,0,1.034000039100647,0.9067617654800415,50,2.799999952316284,2.2964565753936768,0,0,0,0,1176.9999527455907,0,0,0,0.15076135098934174,0.0013164422707632184,-0.15208092331886292,-3.135309043500456e-06,100.29838562011719,100.30046844482422,787.8324584960938,787.8341064453125,787.8341064453125,547.2332763671875,0,0,27.077816009521484,0.0010999999940395355,0.02200000174343586,0.03299999609589577,0.04399999603629112,5655.8173828125,114276.53125,0.0429663360118866,0,3.1392715754918754e-05,374.1753845214844,0,0.0002616529818624258,2.8350639695418067e-05,0,0,23.700000762939453,0,0,1600,0,50,0,0,0,50,50,800,0.0,0.0,0.0,0.0
206,156.26390075683594,306.62811279296875,323.46453857421875,323.43701171875,289.8207702636719,289.8482666015625,16557.640625,33065.05859375,66.48780059814453,66.4879150390625,1801.1448974609375,3589.844970703125,1793.9560546875,3576.87255859375,281.1781005859375,53.48006057739258,4.846076080866624e-06,0,0,2580.448974609375,1277.650390625,0,27.092166900634766,2713.12548828125,11.820727348327637,11.829216003417969,909.0773315429688,1812.4229736328125,49.87217330932617,49.9101448059082,100,0,0,345.3790588378906,0,7.924896240234375,21.91453742980957,21.94207191467285,0,1.034000039100647,0.9067617654800415,50,2.799999952316284,2.2964589595794678,0,0,0,0,1176.9999527455907,0,0,0,0.15093176066875458,0.0013205461436882615,-0.15225426852703094,-1.9565225102269324e-06,100.29827880859375,100.30038452148438,787.8291625976562,787.8307495117188,787.8307495117188,547.2301635742188,0,0,27.092166900634766,0.0010999999940395355,0.02200000174343586,0.03299999609589577,0.04399999603629112,5655.8173828125,114276.53125,0.0429663360118866,0,3.1392715754918754e-05,375.9961853027344,0,0.0002616529818624258,2.8350639695418067e-05,0,0,23.700000762939453,0,0,1600,0,50,0,0,0,50,50,800,0.0,0.0,0.0,0.0
207,156.28167724609375,306.6252136230469,323.4612731933594,323.4337463378906,289.81817626953125,289.8457336425781,16557.640625,33065.05859375,66.48478698730469,66.48490905761719,1801.0743408203125,3589.70166015625,1793.9544677734375,3576.8740234375,281.1767272949219,53.47661209106445,7.660686947019713e-07,0,0,2580.396484375,1277.6326904296875,0,27.102426528930664,2713.12353515625,11.821038246154785,11.829492568969727,909.0738525390625,1812.41845703125,49.87583541870117,49.91341018676758,100,0,0,345.38818359375,0,7.924896240234375,21.92691421508789,21.954448699951172,0,1.034000039100647,0.9067617654800415,50,2.799999952316284,2.2964611053466797,0,0,0,0,1176.9999527455907,0,0,0,0.15110217034816742,0.001324566313996911,-0.15242759883403778,-8.614268267592706e-07,100.29826354980469,100.3003158569336,787.8258666992188,787.8275146484375,787.8275146484375,547.2271118164062,0,0,27.102426528930664,0.0010999999940395355,0.02200000174343586,0.03299999609589577,0.04399999603629112,5655.8173828125,114276.53125,0.0429663360118866,0,3.1392715754918754e-05,377.8169860839844,0,0.0002616529818624258,2.8350639695418067e-05,0,0,23.700000762939453,0,0,1600,0,50,0,0,0,50,50,800,0.0,0.0,0.0,0.0
208,156.29945373535156,306.6223449707031,323.4580993652344,323.4305725097656,289.81561279296875,289.8431396484375,16557.640625,33065.05859375,66.48178100585938,66.48189544677734,1801.0030517578125,3589.559814453125,1793.95947265625,3576.869384765625,281.1753845214844,53.47318649291992,1.721081588357265e-07,0,0,2580.34375,1277.6151123046875,0,27.112619400024414,2713.12158203125,11.8213472366333,11.829764366149902,909.0729370117188,1812.413818359375,49.879478454589844,49.9166145324707,100,0,0,345.39727783203125,0,7.924896240234375,21.939189910888672,21.96672248840332,0,1.034000039100647,0.9067617654800415,50,2.799999952316284,2.2964630126953125,0,0,0,0,1176.9999527455907,0,0,0,0.1512686014175415,0.0013285026652738452,-0.1526009440422058,-3.831018602795666e-06,100.29822540283203,100.30024719238281,787.82275390625,787.8243408203125,787.8243408203125,547.2240600585938,0,0,27.112619400024414,0.0010999999940395355,0.02200000174343586,0.03299999609589577,0.04399999603629112,5655.8173828125,114276.53125,0.0429663360118866,0,3.1392715754918754e-05,379.6377868652344,0,0.0002616529818624258,2.8350639695418067e-05,0,0,23.700000762939453,0,0,1600,0,50,0,0,0,50,50,800,0.0,0.0,0.0,0.0
209,156.31723022460938,306.6194763183594,323.4548645019531,323.4273376464844,289.81304931640625,289.8406066894531,16557.640625,33065.05859375,66.4787826538086,66.4789047241211,1800.9315185546875,3589.417236328125,1793.954833984375,3576.873779296875,281.17401123046875,53.46977233886719,1.3211708846938564e-06,0,0,2580.29150390625,1277.5972900390625,0,27.124107360839844,2713.119384765625,11.82165241241455,11.830034255981445,909.0720825195312,1812.4141845703125,49.88307571411133,49.919795989990234,100,0,0,345.4064025878906,0,7.924896240234375,21.9515323638916,21.97906494140625,0,1.034000039100647,0.9067617654800415,50,2.799999952316284,2.2964653968811035,0,0,0,0,1176.9999527455907,0,0,0,0.15143699944019318,0.0013325228355824947,-0.15277427434921265,-4.750560037791729e-06,100.29792785644531,100.30016326904297,787.8192749023438,787.821044921875,787.821044921875,547.2210083007812,0,0,27.124107360839844,0.0010999999940395355,0.02200000174343586,0.03299999609589577,0.04399999603629112,5655.8173828125,114276.53125,0.0429663360118866,0,3.1392715754918754e-05,381.4585876464844,0,0.0002616529818624258,2.8350639695418067e-05,0,0,23.700000762939453,0,0,1600,0,50,0,0,0,50,50,800,0.0,0.0,0.0,0.0
210,156.3350372314453,306.6165466308594,323.4516906738281,323.4241638183594,289.8104553222656,289.8380126953125,16557.640625,33065.05859375,66.47577667236328,66.47589874267578,1800.860107421875,3589.27490234375,1793.9578857421875,3576.870849609375,281.17266845703125,53.466373443603516,4.794264896190725e-06,0,0,2580.23876953125,1277.5794677734375,0,27.13555145263672,2713.1162109375,11.821952819824219,11.830300331115723,909.068359375,1812.4073486328125,49.886600494384766,49.92296600341797,100,0,0,345.4154968261719,0,7.924896240234375,21.96380615234375,21.99134063720703,0,1.034000039100647,0.9067617654800415,50,2.799999952316284,2.296468734741211,0,0,0,0,1176.9999527455907,0,0,0,0.15160737931728363,0.001336878165602684,-0.15294760465621948,-3.359140919201309e-06,100.2977523803711,100.30004119873047,787.8157348632812,787.8175659179688,787.8175659179688,547.2177734375,0,0,27.13555145263672,0.0010999999940395355,0.02200000174343586,0.03299999609589577,0.04399999603629112,5655.8173828125,114276.53125,0.0429663360118866,0,3.1392715754918754e-05,383.2793884277344,0,0.0002616529818624258,2.8350639695418067e-05,0,0,23.700000762939453,0,0,1600,0,50,0,0,0,50,50,800,0.0,0.0,0.0,0.0
211,156.35284423828125,306.6136474609375,323.44842529296875,323.4208984375,289.8078918457031,289.83544921875,16557.640625,33065.05859375,66.4727783203125,66.47289276123047,1800.78857421875,3589.132080078125,1793.9598388671875,3576.868896484375,281.17132568359375,53.462989807128906,-4.43454162279977e-08,0,0,2580.18603515625,1277.5615234375,0,27.14829444885254,2713.1123046875,11.82225227355957,11.83056354522705,909.0663452148438,1812.400146484375,49.890159606933594,49.92607116699219,100,0,0,345.42462158203125,0,7.924896240234375,21.97618293762207,22.00371742248535,0,1.034000039100647,0.9067617654800415,50,2.799999952316284,2.2964723110198975,0,0,0,0,1176.9999527455907,0,0,0,0.1517777442932129,0.001341317081823945,-0.1531209498643875,-1.893716444101301e-06,100.29769897460938,100.29989624023438,787.8121948242188,787.81396484375,787.81396484375,547.2144775390625,0,0,27.14829444885254,0.0010999999940395355,0.02200000174343586,0.03299999609589577,0.04399999603629112,5655.8173828125,114276.53125,0.0429663360118866,0,3.1392715754918754e-05,385.1001892089844,0,0.0002616529818624258,2.8350639695418067e-05,0,0,23.700000762939453,0,0,1600,0,50,0,0,0,50,50,800,0.0,0.0,0.0,0.0
212,156.37066650390625,306.6107482910156,323.4452209472656,323.41766357421875,289.8052978515625,289.8328857421875,16557.640625,33065.05859375,66.46977233886719,66.46989440917969,1800.71826171875,3588.991455078125,1793.9583740234375,3576.8701171875,281.1700134277344,53.45961380004883,-3.7209399579296587e-06,0,0,2580.13330078125,1277.544189453125,0,27.159626007080078,2713.109130859375,11.822545051574707,11.830820083618164,909.0630493164062,1812.3956298828125,49.89365768432617,49.9290885925293,100,0,0,345.43377685546875,0,7.924896240234375,21.98855972290039,22.016094207763672,0,1.034000039100647,0.9067617654800415,50,2.799999952316284,2.296475410461426,0,0,0,0,1176.9999527455907,0,0,0,0.15194611251354218,0.0013455884763970971,-0.15329428017139435,-2.5814049422479e-06,100.29773712158203,100.2997817993164,787.808837890625,787.8104858398438,787.8104858398438,547.2113037109375,0,0,27.159626007080078,0.0010999999940395355,0.02200000174343586,0.03299999609589577,0.04399999603629112,5655.8173828125,114276.53125,0.0429663360118866,0,3.1392715754918754e-05,386.9209899902344,0,0.0002616529818624258,2.8350639695418067e-05,0,0,23.700000762939453,0,0,1600,0,50,0,0,0,50,50,800,0.0,0.0,0.0,0.0
213,156.38848876953125,306.60784912109375,323.4419860839844,323.4144592285156,289.802734375,289.8302917480469,16557.640625,33065.05859375,66.4667739868164,66.46688842773438,1800.6473388671875,3588.850341796875,1793.9552001953125,3576.873291015625,281.1686706542969,53.45625305175781,-5.07350341649726e-06,0,0,2580.080322265625,1277.5262451171875,0,27.1695499420166,2713.10693359375,11.822835922241211,11.831075668334961,909.0607299804688,1812.39111328125,49.897071838378906,49.9321174621582,100,0,0,345.4429016113281,0,7.924896240234375,22.00090217590332,22.0284366607666,0,1.034000039100647,0.9067617654800415,50,2.799999952316284,2.2964775562286377,0,0,0,0,1176.9999527455907,0,0,0,0.15211644768714905,0.0013496087631210685,-0.15346762537956238,-1.5637954220437678e-06,100.29764556884766,100.2997055053711,787.8056030273438,787.8072509765625,787.8072509765625,547.208251953125,0,0,27.1695499420166,0.0010999999940395355,0.02200000174343586,0.03299999609589577,0.04399999603629112,5655.8173828125,114276.53125,0.0429663360118866,0,3.1392715754918754e-05,388.7417907714844,0,0.0002616529818624258,2.8350639695418067e-05,0,0,23.700000762939453,0,0,1600,0,50,0,0,0,50,50,800,0.0,0.0,0.0,0.0
214,156.4063262939453,306.60498046875,323.4387512207031,323.4112243652344,289.8001403808594,289.8277282714844,16557.640625,33065.05859375,66.46377563476562,66.4638900756836,1800.5771484375,3588.71044921875,1793.960205078125,3576.86865234375,281.1673583984375,53.45290756225586,-4.102036200492876e-06,0,0,2580.02783203125,1277.508544921875,0,27.1807918548584,2713.10498046875,11.82312297821045,11.831327438354492,909.0598754882812,1812.38671875,49.90047073364258,49.93507385253906,100,0,0,345.4519958496094,0,7.924896240234375,22.01324462890625,22.04077911376953,0,1.034000039100647,0.9067617654800415,50,2.799999952316284,2.2964797019958496,0,0,0,0,1176.9999527455907,0,0,0,0.15228281915187836,0.001353628933429718,-0.1536409556865692,-4.5076594687998295e-06,100.29754638671875,100.29962921142578,787.8023681640625,787.803955078125,787.803955078125,547.2052001953125,0,0,27.1807918548584,0.0010999999940395355,0.02200000174343586,0.03299999609589577,0.04399999603629112,5655.8173828125,114276.53125,0.0429663360118866,0,3.1392715754918754e-05,390.5625915527344,0,0.0002616529818624258,2.8350639695418067e-05,0,0,23.700000762939453,0,0,1600,0,50,0,0,0,50,50,800,0.0,0.0,0.0,0.0
215,156.42416381835938,306.6020812988281,323.4355163574219,323.4079895019531,289.7975769042969,289.82513427734375,16557.640625,33065.05859375,66.46077728271484,66.46089172363281,1800.50634765625,3588.570068359375,1793.96044921875,3576.8681640625,281.166015625,53.4495849609375,3.5547822108128457e-07,0,0,2579.97509765625,1277.4908447265625,0,27.190603256225586,2713.1025390625,11.823405265808105,11.831576347351074,909.0577392578125,1812.3822021484375,49.90381622314453,49.938011169433594,100,0,0,345.4611511230469,0,7.924896240234375,22.02565574645996,22.053190231323242,0,1.034000039100647,0.9067617654800415,50,2.799999952316284,2.2964823246002197,0,0,0,0,1176.9999527455907,0,0,0,0.15245313942432404,0.0013577328063547611,-0.15381428599357605,-3.4257304832863156e-06,100.29730987548828,100.2995376586914,787.7988891601562,787.8006591796875,787.8006591796875,547.2020874023438,0,0,27.190603256225586,0.0010999999940395355,0.02200000174343586,0.03299999609589577,0.04399999603629112,5655.8173828125,114276.53125,0.0429663360118866,0,3.1392715754918754e-05,392.3833923339844,0,0.0002616529818624258,2.8350639695418067e-05,0,0,23.700000762939453,0,0,1600,0,50,0,0,0,50,50,800,0.0,0.0,0.0,0.0
216,156.4420166015625,306.59918212890625,323.4322814941406,323.4047546386719,289.7950439453125,289.8226013183594,16557.640625,33065.05859375,66.45777893066406,66.45790100097656,1800.4351806640625,3588.43115234375,1793.9586181640625,3576.8701171875,281.1647033691406,53.44626235961914,4.812992301594932e-06,0,0,2579.92236328125,1277.4730224609375,0,27.20171546936035,2713.098876953125,11.823685646057129,11.831820487976074,909.0554809570312,1812.3804931640625,49.90711212158203,49.940914154052734,100,0,0,345.47027587890625,0,7.924896240234375,22.03799819946289,22.065532684326172,0,1.034000039100647,0.9067617654800415,50,2.799999952316284,2.2964859008789062,0,0,0,0,1176.9999527455907,0,0,0,0.15262146294116974,0.0013620880199596286,-0.15398763120174408,-4.078005531482631e-06,100.2971420288086,100.29940032958984,787.7953491210938,787.797119140625,787.797119140625,547.1989135742188,0,0,27.20171546936035,0.0010999999940395355,0.02200000174343586,0.03299999609589577,0.04399999603629112,5655.8173828125,114276.53125,0.0429663360118866,0,3.1392715754918754e-05,394.2041931152344,0,0.0002616529818624258,2.8350639695418067e-05,0,0,23.700000762939453,0,0,1600,0,50,0,0,0,50,50,800,0.0,0.0,0.0,0.0
217,156.4598846435547,306.5962829589844,323.4290466308594,323.4014892578125,289.79248046875,289.820068359375,16557.640625,33065.05859375,66.45478057861328,66.45490264892578,1800.364501953125,3588.292236328125,1793.9586181640625,3576.8701171875,281.16339111328125,53.44296646118164,2.7018259061151184e-06,0,0,2579.869384765625,1277.455322265625,0,27.212800979614258,2713.095458984375,11.823962211608887,11.832060813903809,909.052001953125,1812.37353515625,49.91038513183594,49.94376754760742,100,0,0,345.47943115234375,0,7.924896240234375,22.0504093170166,22.07794189453125,0,1.034000039100647,0.9067617654800415,50,2.799999952316284,2.2964890003204346,0,0,0,0,1176.9999527455907,0,0,0,0.15279175341129303,0.0013664431171491742,-0.15416096150875092,-2.7642236091196537e-06,100.2970199584961,100.29927825927734,787.7918090820312,787.7935791015625,787.7935791015625,547.1956787109375,0,0,27.212800979614258,0.0010999999940395355,0.02200000174343586,0.03299999609589577,0.04399999603629112,5655.8173828125,114276.53125,0.0429663360118866,0,3.1392715754918754e-05,396.0249938964844,0,0.0002616529818624258,2.8350639695418067e-05,0,0,23.700000762939453,0,0,1600,0,50,0,0,0,50,50,800,0.0,0.0,0.0,0.0
218,156.47776794433594,306.5933837890625,323.4258117675781,323.3982849121094,289.7899169921875,289.8174743652344,16557.640625,33065.05859375,66.45178985595703,66.451904296875,1800.294189453125,3588.1533203125,1793.9588623046875,3576.86962890625,281.162109375,53.43967819213867,1.752674961608136e-06,0,0,2579.81640625,1277.437744140625,0,27.223796844482422,2713.092041015625,11.824234008789062,11.83229923248291,909.0486450195312,1812.366455078125,49.91360855102539,49.946590423583984,100,0,0,345.48858642578125,0,7.924896240234375,22.062786102294922,22.09031867980957,0,1.034000039100647,0.9067617654800415,50,2.799999952316284,2.296492576599121,0,0,0,0,1176.9999527455907,0,0,0,0.15296006202697754,0.0013707984471693635,-0.15433430671691895,-3.4455561035429128e-06,100.2969970703125,100.29914855957031,787.7883911132812,787.7901000976562,787.7901000976562,547.1924438476562,0,0,27.223796844482422,0.0010999999940395355,0.02200000174343586,0.03299999609589577,0.04399999603629112,5655.8173828125,114276.53125,0.0429663360118866,0,3.1392715754918754e-05,397.8457946777344,0,0.0002616529818624258,2.8350639695418067e-05,0,0,23.700000762939453,0,0,1600,0,50,0,0,0,50,50,800,0.0,0.0,0.0,0.0
219,156.49563598632812,306.59051513671875,323.4225769042969,323.3950500488281,289.78729248046875,289.81488037109375,16557.640625,33065.05859375,66.44879150390625,66.44890594482422,1800.2237548828125,3588.015625,1793.96044921875,3576.8681640625,281.1607971191406,53.436397552490234,1.9655394680739846e-06,0,0,2579.763427734375,1277.419921875,0,27.234769821166992,2713.0888671875,11.824503898620605,11.83253288269043,909.0490112304688,1812.3646240234375,49.91679763793945,49.94935607910156,100,0,0,345.49774169921875,0,7.924896240234375,22.075162887573242,22.10269546508789,0,1.034000039100647,0.9067617654800415,50,2.799999952316284,2.2964954376220703,0,0,0,0,1176.9999527455907,0,0,0,0.15312835574150085,0.001374986139126122,-0.15450763702392578,-4.294421614758903e-06,100.29678344726562,100.29903411865234,787.784912109375,787.7866821289062,787.7866821289062,547.1893310546875,0,0,27.234769821166992,0.0010999999940395355,0.02200000174343586,0.03299999609589577,0.04399999603629112,5655.8173828125,114276.53125,0.0429663360118866,0,3.1392715754918754e-05,399.6665954589844,0,0.0002616529818624258,2.8350639695418067e-05,0,0,23.700000762939453,0,0,1600,0,50,0,0,0,50,50,800,0.0,0.0,0.0,0.0
220,156.51353454589844,306.58758544921875,323.4194030761719,323.391845703125,289.78472900390625,289.8122863769531,16557.640625,33065.05859375,66.44579315185547,66.44591522216797,1800.154052734375,3587.878173828125,1793.9605712890625,3576.8681640625,281.1595153808594,53.43313217163086,4.502435331232846e-06,0,0,2579.71044921875,1277.4022216796875,0,27.244340896606445,2713.085205078125,11.824769020080566,11.832762718200684,909.0455932617188,1812.3577880859375,49.919960021972656,49.95207595825195,100,0,0,345.50689697265625,0,7.924896240234375,22.087505340576172,22.11507225036621,0,1.034000039100647,0.9067617654800415,50,2.799999952316284,2.296499013900757,0,0,0,0,1176.9999527455907,0,0,0,0.15329861640930176,0.001379425055347383,-0.15468096733093262,-2.935540351245436e-06,100.296630859375,100.29889678955078,787.7813110351562,787.7830810546875,787.7830810546875,547.1860961914062,0,0,27.244340896606445,0.0010999999940395355,0.02200000174343586,0.03299999609589577,0.04399999603629112,5655.8173828125,114276.53125,0.0429663360118866,0,3.1392715754918754e-05,401.4873962402344,0,0.0002616529818624258,2.8350639695418067e-05,0,0,23.700000762939453,0,0,1600,0,50,0,0,0,50,50,800,0.0,0.0,0.0,0.0
221,156.5314483642578,306.5846862792969,323.4161682128906,323.38861083984375,289.7821350097656,289.8097229003906,16557.640625,33065.05859375,66.44280242919922,66.44291687011719,1800.084228515625,3587.741943359375,1793.9605712890625,3576.8681640625,281.1582336425781,53.42988967895508,-1.1035739788667343e-07,0,0,2579.657470703125,1277.3843994140625,0,27.255224227905273,2713.08154296875,11.825031280517578,11.832989692687988,909.042236328125,1812.35107421875,49.923057556152344,49.95476531982422,100,0,0,345.5160827636719,0,7.924896240234375,22.09991455078125,22.127483367919922,0,1.034000039100647,0.9067617654800415,50,2.799999952316284,2.2965025901794434,0,0,0,0,1176.9999527455907,0,0,0,0.15346887707710266,0.0013837801525369287,-0.15485431253910065,-1.66050165262277e-06,100.29659271240234,100.29876708984375,787.7778930664062,787.779541015625,787.779541015625,547.182861328125,0,0,27.255224227905273,0.0010999999940395355,0.02200000174343586,0.03299999609589577,0.04399999603629112,5655.8173828125,114276.53125,0.0429663360118866,0,3.1392715754918754e-05,403.3081970214844,0,0.0002616529818624258,2.8350639695418067e-05,0,0,23.700000762939453,0,0,1600,0,50,0,0,0,50,50,800,0.0,0.0,0.0,0.0
222,156.5493621826172,306.58184814453125,323.4129333496094,323.3853454589844,289.7796325683594,289.80718994140625,16557.640625,33065.05859375,66.43980407714844,66.4399185180664,1800.0142822265625,3587.6064453125,1793.9588623046875,3576.86962890625,281.1569519042969,53.426658630371094,-2.980126964757801e-06,0,0,2579.6044921875,1277.366943359375,0,27.266019821166992,2713.0791015625,11.82529067993164,11.833212852478027,909.0401000976562,1812.349365234375,49.92610168457031,49.95741271972656,100,0,0,345.5252380371094,0,7.924896240234375,22.11232566833496,22.139892578125,0,1.034000039100647,0.9067617654800415,50,2.799999952316284,2.2965049743652344,0,0,0,0,1176.9999527455907,0,0,0,0.1536351591348648,0.0013878842582926154,-0.15502764284610748,-4.607695245795185e-06,100.2965316772461,100.29867553710938,787.7745361328125,787.7762451171875,787.7762451171875,547.1797485351562,0,0,27.266019821166992,0.0010999999940395355,0.02200000174343586,0.03299999609589577,0.04399999603629112,5655.8173828125,114276.53125,0.0429663360118866,0,3.1392715754918754e-05,405.1289978027344,0,0.0002616529818624258,2.8350639695418067e-05,0,0,23.700000762939453,0,0,1600,0,50,0,0,0,50,50,800,0.0,0.0,0.0,0.0
223,156.5672607421875,306.57891845703125,323.4096984863281,323.38214111328125,289.7770690917969,289.80462646484375,16557.640625,33065.05859375,66.43681335449219,66.43692779541016,1799.9453125,3587.47119140625,1793.9586181640625,3576.8701171875,281.15570068359375,53.423439025878906,-4.106872893316904e-06,0,0,2579.55126953125,1277.3489990234375,0,27.276769638061523,2713.075927734375,11.825543403625488,11.833433151245117,909.0379028320312,1812.34521484375,49.929100036621094,49.96002197265625,100,0,0,345.5344543457031,0,7.924896240234375,22.124736785888672,22.15230369567871,0,1.034000039100647,0.9067617654800415,50,2.799999952316284,2.296508312225342,0,0,0,0,1176.9999527455907,0,0,0,0.15380537509918213,0.0013921556528657675,-0.1552009880542755,-3.4454046726750676e-06,100.29631042480469,100.29855346679688,787.77099609375,787.7727661132812,787.7727661132812,547.1765747070312,0,0,27.276769638061523,0.0010999999940395355,0.02200000174343586,0.03299999609589577,0.04399999603629112,5655.8173828125,114276.53125,0.0429663360118866,0,3.1392715754918754e-05,406.9497985839844,0,0.0002616529818624258,2.8350639695418067e-05,0,0,23.700000762939453,0,0,1600,0,50,0,0,0,50,50,800,0.0,0.0,0.0,0.0
224,156.585205078125,306.57598876953125,323.4064636230469,323.3788757324219,289.7745056152344,289.8020935058594,16557.640625,33065.05859375,66.4338150024414,66.43392944335938,1799.8759765625,3587.336181640625,1793.9586181640625,3576.8701171875,281.1544189453125,53.42023468017578,-2.9095879199303454e-06,0,0,2579.498291015625,1277.331298828125,0,27.28883934020996,2713.072265625,11.825796127319336,11.833650588989258,909.0345458984375,1812.3385009765625,49.93208312988281,49.96259689331055,100,0,0,345.54364013671875,0,7.924896240234375,22.13718032836914,22.16474723815918,0,1.034000039100647,0.9067617654800415,50,2.799999952316284,2.296511650085449,0,0,0,0,1176.9999527455907,0,0,0,0.15397560596466064,0.0013965107500553131,-0.15537431836128235,-2.2091087430453626e-06,100.2962417602539,100.29842376708984,787.767578125,787.7692260742188,787.7692260742188,547.17333984375,0,0,27.28883934020996,0.0010999999940395355,0.02200000174343586,0.03299999609589577,0.04399999603629112,5655.8173828125,114276.53125,0.0429663360118866,0,3.1392715754918754e-05,408.7705993652344,0,0.0002616529818624258,2.8350639695418067e-05,0,0,23.700000762939453,0,0,1600,0,50,0,0,0,50,50,800,0.0,0.0,0.0,0.0
225,156.6031494140625,306.5731506347656,323.4032287597656,323.37567138671875,289.77197265625,289.7995300292969,16557.640625,33065.05859375,66.43081665039062,66.43093872070312,1799.8070068359375,3587.2021484375,1793.9586181640625,3576.8701171875,281.15313720703125,53.417049407958984,1.192735908261966e-06,0,0,2579.445068359375,1277.3140869140625,0,27.29677391052246,2713.069580078125,11.826044082641602,11.833863258361816,909.0324096679688,1812.3343505859375,49.93501281738281,49.965118408203125,100,0,0,345.5528259277344,0,7.924896240234375,22.14959144592285,22.17715835571289,0,1.034000039100647,0.9067617654800415,50,2.799999952316284,2.2965145111083984,0,0,0,0,1176.9999527455907,0,0,0,0.1541418433189392,0.0014006984420120716,-0.15554764866828918,-5.111354312248295e-06,100.29613494873047,100.2983169555664,787.76416015625,787.765869140625,787.765869140625,547.1702270507812,0,0,27.29677391052246,0.0010999999940395355,0.02200000174343586,0.03299999609589577,0.04399999603629112,5655.8173828125,114276.53125,0.0429663360118866,0,3.1392715754918754e-05,410.5914001464844,0,0.0002616529818624258,2.8350639695418067e-05,0,0,23.700000762939453,0,0,1600,0,50,0,0,0,50,50,800,0.0,0.0,0.0,0.0
226,156.62109375,306.5702819824219,323.4000549316406,323.3724670410156,289.76934814453125,289.79693603515625,16557.640625,33065.05859375,66.42782592773438,66.42794799804688,1799.738037109375,3587.068603515625,1793.9617919921875,3576.867431640625,281.1518859863281,53.41386795043945,-4.759667717735283e-06,0,0,2579.391845703125,1277.2960205078125,0,27.310073852539062,2713.066162109375,11.826288223266602,11.834073066711426,909.0316162109375,1812.332763671875,49.93790817260742,49.967613220214844,100,0,0,345.56201171875,0,7.924896240234375,22.161968231201172,22.18953514099121,0,1.034000039100647,0.9067617654800415,50,2.799999952316284,2.296517848968506,0,0,0,0,1176.9999527455907,0,0,0,0.15431006252765656,0.0014049699530005455,-0.15572099387645721,-5.954015250608791e-06,100.29578399658203,100.2981948852539,787.760498046875,787.7623901367188,787.7623901367188,547.1670532226562,0,0,27.310073852539062,0.0010999999940395355,0.02200000174343586,0.03299999609589577,0.04399999603629112,5655.8173828125,114276.53125,0.0429663360118866,0,3.1392715754918754e-05,412.4122009277344,0,0.0002616529818624258,2.8350639695418067e-05,0,0,23.700000762939453,0,0,1600,0,50,0,0,0,50,50,800,0.0,0.0,0.0,0.0
227,156.6390380859375,306.5673522949219,323.39678955078125,323.3692321777344,289.766845703125,289.79443359375,16557.640625,33065.05859375,66.42483520507812,66.4249496459961,1799.6693115234375,3586.93505859375,1793.9586181640625,3576.8701171875,281.150634765625,53.41069793701172,1.666687467150041e-06,0,0,2579.3388671875,1277.2783203125,0,27.31928253173828,2713.061279296875,11.826528549194336,11.834280014038086,909.0282592773438,1812.326171875,49.94076919555664,49.9700813293457,100,0,0,345.5711975097656,0,7.924896240234375,22.17441177368164,22.20197868347168,0,1.034000039100647,0.9067617654800415,50,2.799999952316284,2.296522378921509,0,0,0,0,1176.9999527455907,0,0,0,0.15448026359081268,0.0014096602099016309,-0.15589432418346405,-4.411558620631695e-06,100.29556274414062,100.29801177978516,787.7567138671875,787.7586059570312,787.7586059570312,547.1636962890625,0,0,27.31928253173828,0.0010999999940395355,0.02200000174343586,0.03299999609589577,0.04399999603629112,5655.8173828125,114276.53125,0.0429663360118866,0,3.1392715754918754e-05,414.2330017089844,0,0.0002616529818624258,2.8350639695418067e-05,0,0,23.700000762939453,0,0,1600,0,50,0,0,0,50,50,800,0.0,0.0,0.0,0.0
228,156.65701293945312,306.564453125,323.3935241699219,323.365966796875,289.7643127441406,289.7918701171875,16557.640625,33065.05859375,66.42184448242188,66.42195892333984,1799.601806640625,3586.801513671875,1793.962158203125,3576.866943359375,281.1493835449219,53.40754318237305,-2.1866171096007747e-07,0,0,2579.285400390625,1277.260498046875,0,27.331174850463867,2713.05615234375,11.826766014099121,11.834484100341797,909.025146484375,1812.3194580078125,49.943626403808594,49.97248840332031,100,0,0,345.58038330078125,0,7.924896240234375,22.186857223510742,22.21442413330078,0,1.034000039100647,0.9067617654800415,50,2.799999952316284,2.296527147293091,0,0,0,0,1176.9999527455907,0,0,0,0.15465041995048523,0.0014143504668027163,-0.15606766939163208,-2.888624976549181e-06,100.29548645019531,100.2978286743164,787.7529907226562,787.7548217773438,787.7548217773438,547.1603393554688,0,0,27.331174850463867,0.0010999999940395355,0.02200000174343586,0.03299999609589577,0.04399999603629112,5655.8173828125,114276.53125,0.0429663360118866,0,3.1392715754918754e-05,416.0538024902344,0,0.0002616529818624258,2.8350639695418067e-05,0,0,23.700000762939453,0,0,1600,0,50,0,0,0,50,50,800,0.0,0.0,0.0,0.0
229,156.67498779296875,306.5615234375,323.3902893066406,323.3627014160156,289.76171875,289.789306640625,16557.640625,33065.05859375,66.4188461303711,66.41896057128906,1799.5335693359375,3586.6708984375,1793.9639892578125,3576.865478515625,281.14813232421875,53.40440368652344,2.2002031130341493e-07,0,0,2579.232421875,1277.24267578125,0,27.34163475036621,2713.05224609375,11.827000617980957,11.83468246459961,909.0231323242188,1812.312744140625,49.946434020996094,49.9748420715332,100,0,0,345.589599609375,0,7.924896240234375,22.1993350982666,22.22690200805664,0,1.034000039100647,0.9067617654800415,50,2.799999952316284,2.2965307235717773,0,0,0,0,1176.9999527455907,0,0,0,0.15482059121131897,0.0014187893830239773,-0.15624099969863892,-1.6169157106560306e-06,100.29547119140625,100.29768371582031,787.7494506835938,787.751220703125,787.751220703125,547.1571044921875,0,0,27.34163475036621,0.0010999999940395355,0.02200000174343586,0.03299999609589577,0.04399999603629112,5655.8173828125,114276.53125,0.0429663360118866,0,3.1392715754918754e-05,417.8746032714844,0,0.0002616529818624258,2.8350639695418067e-05,0,0,23.700000762939453,0,0,1600,0,50,0,0,0,50,50,800,0.0,0.0,0.0,0.0
230,156.69297790527344,306.55865478515625,323.3870544433594,323.3594970703125,289.7591552734375,289.7867126464844,16557.640625,33065.05859375,66.41584777832031,66.41596221923828,1799.4658203125,3586.539306640625,1793.9639892578125,3576.865478515625,281.1468811035156,53.40127182006836,1.8207180119134136e-06,0,0,2579.178955078125,1277.2252197265625,0,27.35068702697754,2713.04931640625,11.827230453491211,11.834880828857422,909.0198364257812,1812.30615234375,49.949161529541016,49.97718811035156,100,0,0,345.5987854003906,0,7.924896240234375,22.21174430847168,22.23931312561035,0,1.034000039100647,0.9067617654800415,50,2.799999952316284,2.2965338230133057,0,0,0,0,1176.9999527455907,0,0,0,0.15498876571655273,0.0014230607775971293,-0.15641433000564575,-2.5080050818360178e-06,100.29551696777344,100.29756927490234,787.7461547851562,787.7477416992188,787.7477416992188,547.1539306640625,0,0,27.35068702697754,0.0010999999940395355,0.02200000174343586,0.03299999609589577,0.04399999603629112,5655.8173828125,114276.53125,0.0429663360118866,0,3.1392715754918754e-05,419.6954040527344,0,0.0002616529818624258,2.8350639695418067e-05,0,0,23.700000762939453,0,0,1600,0,50,0,0,0,50,50,800,0.0,0.0,0.0,0.0
231,156.7021484375,306.5557556152344,323.3838195800781,323.35626220703125,289.756591796875,289.7841491699219,16557.640625,33065.05859375,66.41285705566406,66.4129638671875,1799.397705078125,3586.411376953125,1793.9583740234375,3576.8701171875,281.14569091796875,53.398155212402344,-4.89028889205656e-06,0,0,2579.125732421875,1277.207275390625,0,27.3624210357666,2713.046875,11.827457427978516,11.83507251739502,909.0188598632812,1812.3076171875,49.951786041259766,49.9794807434082,100,0,0,345.6080322265625,0,7.924896240234375,22.22418975830078,22.25175666809082,0,1.034000039100647,0.9067617654800415,50,2.799999952316284,2.2965359687805176,0,0,0,0,314.99998519276,0,0,0,0.1551569253206253,0.0014270809479057789,-0.15658767521381378,-3.6600047224055743e-06,100.29533386230469,100.2974853515625,787.7427978515625,787.7445068359375,787.7445068359375,547.15087890625,0,0,27.3624210357666,0.0010999999940395355,0.02200000174343586,0.03299999609589577,0.04399999603629112,5655.8173828125,114276.53125,0.0429663360118866,0,3.1392715754918754e-05,421.5162048339844,0,0.0002616529818624258,2.8350639695418067e-05,0,0,23.700000762939453,0,0,1600,0,50,0,0,0,50,50,800,0.0,0.0,0.0,0.0
232,156.70518493652344,306.5524597167969,323.38055419921875,323.35296630859375,289.75396728515625,289.781494140625,16557.640625,33065.05859375,66.40985107421875,66.40996551513672,1799.33154296875,3586.2822265625,1793.9617919921875,3576.867431640625,281.14385986328125,53.393577575683594,-1.41099960160318e-07,0,0,2579.120849609375,1277.1890869140625,0,27.629079818725586,2713.044921875,11.827681541442871,11.835262298583984,909.0093383789062,1812.2884521484375,49.9544677734375,49.981712341308594,100,0,0,345.60882568359375,0,7.924896240234375,22.22829246520996,22.255859375,0,1.034000039100647,0.9067617654800415,50,2.799999952316284,2.2965378761291504,0,0,0,0,314.99998519276,0,0,0,0.15534882247447968,0.001431352342478931,-0.15676100552082062,1.9159633666276932e-05,100.29566192626953,100.29740905761719,787.7396850585938,787.7410278320312,787.7410278320312,547.1475830078125,0,0,27.629079818725586,0.0010999999940395355,0.02200000174343586,0.03299999609589577,0.04399999603629112,5655.8173828125,114276.53125,0.0429663360118866,0,3.1392715754918754e-05,423.3370056152344,0,0.0002616529818624258,2.8350639695418067e-05,0,0,23.700000762939453,0,0,1600,0,50,0,0,0,50,50,800,0.0,0.0,0.0,0.0
233,156.7087860107422,306.5491027832031,323.3771057128906,323.34954833984375,289.7513427734375,289.7789001464844,16557.640625,33065.05859375,66.40679168701172,66.40691375732422,1799.2669677734375,3586.157470703125,1793.9586181640625,3576.8701171875,281.1426696777344,53.390586853027344,1.685414986241085e-06,0,0,2579.110595703125,1277.171142578125,0,27.398096084594727,2713.052001953125,11.827900886535645,11.83544921875,908.990966796875,1812.251708984375,49.95698165893555,49.983856201171875,100,0,0,345.610595703125,0,7.924896240234375,22.23348045349121,22.26104736328125,0,1.034000039100647,0.9067617654800415,50,2.799999952316284,2.296531915664673,0,0,0,0,314.99998519276,0,0,0,0.15554465353488922,0.001433948753401637,-0.15693435072898865,4.4256030378164724e-05,100.29789733886719,100.29766845703125,787.7391357421875,787.7389526367188,787.7389526367188,547.1448364257812,0,0,27.398096084594727,0.0010999999940395355,0.02200000174343586,0.03299999609589577,0.04399999603629112,5655.8173828125,114276.53125,0.0429663360118866,0,3.1392715754918754e-05,425.1578063964844,0,0.0002616529818624258,2.8350639695418067e-05,0,0,23.700000762939453,0,0,1600,0,50,0,0,0,50,50,800,0.0,0.0,0.0,0.0
234,156.7126007080078,306.5458984375,323.3736267089844,323.3460693359375,289.7487487792969,289.7762756347656,16557.640625,33065.05859375,66.40370178222656,66.40381622314453,1799.2052001953125,3586.040283203125,1793.9598388671875,3576.868896484375,281.14166259765625,53.38809585571289,5.173802492208779e-06,0,0,2579.099853515625,1277.1534423828125,0,27.335689544677734,2713.07763671875,11.828116416931152,11.835631370544434,908.9775390625,1812.2230224609375,49.959293365478516,49.98582458496094,100,0,0,345.61248779296875,0,7.924896240234375,22.238872528076172,22.26643943786621,0,1.034000039100647,0.9067617654800415,50,2.799999952316284,2.2965102195739746,0,0,0,0,314.99998519276,0,0,0,0.15573255717754364,0.0014323574723675847,-0.15710768103599548,5.723206777474843e-05,100.30113220214844,100.29862213134766,787.7421875,787.740234375,787.740234375,547.1438598632812,0,0,27.335689544677734,0.0010999999940395355,0.02200000174343586,0.03299999609589577,0.04399999603629112,5655.8173828125,114276.53125,0.0429663360118866,0,3.1392715754918754e-05,426.9786071777344,0,0.0002616529818624258,2.8350639695418067e-05,0,0,23.700000762939453,0,0,1600,0,50,0,0,0,50,50,800,0.0,0.0,0.0,0.0
235,156.7165069580078,306.542724609375,323.3700866699219,323.3425598144531,289.74609375,289.77362060546875,16557.640625,33065.05859375,66.40058135986328,66.40069580078125,1799.1473388671875,3585.9287109375,1793.961669921875,3576.867431640625,281.1407775878906,53.38581848144531,-1.3443149100567098e-06,0,0,2579.08837890625,1277.1356201171875,0,27.31776237487793,2713.12158203125,11.828328132629395,11.835810661315918,908.9684448242188,1812.20703125,49.96148681640625,49.98758316040039,100,0,0,345.6144714355469,0,7.924896240234375,22.244365692138672,22.27189826965332,0,1.034000039100647,0.9067617654800415,50,2.799999952316284,2.2964730262756348,0,0,0,0,314.99998519276,0,0,0,0.1559164971113205,0.0014266622019931674,-0.15728101134300232,6.214274617377669e-05,100.30438232421875,100.30024719238281,787.7481079101562,787.7448120117188,787.7448120117188,547.1445922851562,0,0,27.31776237487793,0.0010999999940395355,0.02200000174343586,0.03299999609589577,0.04399999603629112,5655.8173828125,114276.53125,0.0429663360118866,0,3.1392715754918754e-05,428.7994079589844,0,0.0002616529818624258,2.8350639695418067e-05,0,0,23.700000762939453,0,0,1600,0,50,0,0,0,50,50,800,0.0,0.0,0.0,0.0
236,156.72048950195312,306.5396423339844,323.3665771484375,323.33905029296875,289.74346923828125,289.77099609375,16557.640625,33065.05859375,66.39744567871094,66.3975601196289,1799.090576171875,3585.822265625,1793.9580078125,3576.87060546875,281.1399230957031,53.383670806884766,1.2560968798425165e-06,0,0,2579.07666015625,1277.1180419921875,0,27.311304092407227,2713.178466796875,11.828536987304688,11.835986137390137,908.9629516601562,1812.19677734375,49.963478088378906,49.98924255371094,100,0,0,345.6164855957031,0,7.924896240234375,22.24992561340332,22.2774600982666,0,1.034000039100647,0.9067617654800415,50,2.799999952316284,2.2964251041412354,0,0,0,0,314.99998519276,0,0,0,0.1560964584350586,0.0014181191800162196,-0.15745435655117035,6.0224814660614356e-05,100.3072738647461,100.3023452758789,787.755615234375,787.7517700195312,787.7517700195312,547.146484375,0,0,27.311304092407227,0.0010999999940395355,0.02200000174343586,0.03299999609589577,0.04399999603629112,5655.8173828125,114276.53125,0.0429663360118866,0,3.1392715754918754e-05,430.6202087402344,0,0.0002616529818624258,2.8350639695418067e-05,0,0,23.700000762939453,0,0,1600,0,50,0,0,0,50,50,800,0.0,0.0,0.0,0.0
237,156.7245635986328,306.53662109375,323.3630676269531,323.3355407714844,289.7408447265625,289.7683410644531,16557.640625,33065.05859375,66.3943099975586,66.39442443847656,1799.035400390625,3585.716552734375,1793.96142578125,3576.86767578125,281.1391296386719,53.381656646728516,2.9203104077168973e-06,0,0,2579.064697265625,1277.100341796875,0,27.302989959716797,2713.239990234375,11.828743934631348,11.836158752441406,908.9603881835938,1812.1915283203125,49.96548080444336,49.99079513549805,100,0,0,345.6185302734375,0,7.924896240234375,22.25545310974121,22.282987594604492,0,1.034000039100647,0.9067617654800415,50,2.799999952316284,2.296373128890991,0,0,0,0,314.99998519276,0,0,0,0.15627247095108032,0.0014084038557484746,-0.15762768685817719,5.318266630638391e-05,100.30962371826172,100.30461883544922,787.7635498046875,787.7596435546875,787.7596435546875,547.1488647460938,0,0,27.302989959716797,0.0010999999940395355,0.02200000174343586,0.03299999609589577,0.04399999603629112,5655.8173828125,114276.53125,0.0429663360118866,0,3.1392715754918754e-05,432.4410095214844,0,0.0002616529818624258,2.8350639695418067e-05,0,0,23.700000762939453,0,0,1600,0,50,0,0,0,50,50,800,0.0,0.0,0.0,0.0
238,156.72872924804688,306.5336608886719,323.3595886230469,323.3320617675781,289.73822021484375,289.7657775878906,16557.640625,33065.05859375,66.39116668701172,66.39128112792969,1798.9801025390625,3585.612060546875,1793.96142578125,3576.86767578125,281.13836669921875,53.3797607421875,1.324294771620771e-06,0,0,2579.05224609375,1277.0826416015625,0,27.29827117919922,2713.30029296875,11.828946113586426,11.836328506469727,908.9602661132812,1812.1912841796875,49.96741485595703,49.99233627319336,100,0,0,345.62066650390625,0,7.924896240234375,22.26108169555664,22.288616180419922,0,1.034000039100647,0.9067617654800415,50,2.799999952316284,2.2963221073150635,0,0,0,0,314.99998519276,0,0,0,0.15644647181034088,0.0013988559367135167,-0.15780103206634521,4.4303098547970876e-05,100.3113021850586,100.30685424804688,787.7708740234375,787.767333984375,787.767333984375,547.1512451171875,0,0,27.29827117919922,0.0010999999940395355,0.02200000174343586,0.03299999609589577,0.04399999603629112,5655.8173828125,114276.53125,0.0429663360118866,0,3.1392715754918754e-05,434.2618103027344,0,0.0002616529818624258,2.8350639695418067e-05,0,0,23.700000762939453,0,0,1600,0,50,0,0,0,50,50,800,0.0,0.0,0.0,0.0
239,156.7329559326172,306.5307312011719,323.3561706542969,323.3286437988281,289.735595703125,289.76312255859375,16557.640625,33065.05859375,66.38804626464844,66.38815307617188,1798.9241943359375,3585.5068359375,1793.9630126953125,3576.8662109375,281.1376953125,53.377986907958984,-2.950942416646285e-06,0,0,2579.0400390625,1277.0650634765625,0,27.29038429260254,2713.35498046875,11.829147338867188,11.836494445800781,908.9627075195312,1812.1934814453125,49.969390869140625,49.993873596191406,100,0,0,345.622802734375,0,7.924896240234375,22.266643524169922,22.29417610168457,0,1.034000039100647,0.9067617654800415,50,2.799999952316284,2.296276092529297,0,0,0,0,314.99998519276,0,0,0,0.15661652386188507,0.001390564371831715,-0.15797436237335205,3.2728014048188925e-05,100.31242370605469,100.30886840820312,787.77685546875,787.7740478515625,787.7740478515625,547.1531372070312,0,0,27.29038429260254,0.0010999999940395355,0.02200000174343586,0.03299999609589577,0.04399999603629112,5655.8173828125,114276.53125,0.0429663360118866,0,3.1392715754918754e-05,436.0826110839844,0,0.0002616529818624258,2.8350639695418067e-05,0,0,23.700000762939453,0,0,1600,0,50,0,0,0,50,50,800,0.0,0.0,0.0,0.0
240,156.73724365234375,306.52789306640625,323.3528137207031,323.3252868652344,289.7329406738281,289.7604675292969,16557.640625,33065.05859375,66.38492584228516,66.3850326538086,1798.8675537109375,3585.3984375,1793.96435546875,3576.864501953125,281.13702392578125,53.37631607055664,-2.1747046048403718e-06,0,0,2579.02734375,1277.047607421875,0,27.286136627197266,2713.400146484375,11.829343795776367,11.83665943145752,908.965087890625,1812.200927734375,49.971378326416016,49.99546813964844,100,0,0,345.6249694824219,0,7.924896240234375,22.27216911315918,22.29970359802246,0,1.034000039100647,0.9067617654800415,50,2.799999952316284,2.2962379455566406,0,0,0,0,314.99998519276,0,0,0,0.1567826122045517,0.001384199014864862,-0.1581476926803589,1.9108027117908932e-05,100.31291198730469,100.31053924560547,787.7811279296875,787.7792358398438,787.7792358398438,547.154296875,0,0,27.286136627197266,0.0010999999940395355,0.02200000174343586,0.03299999609589577,0.04399999603629112,5655.8173828125,114276.53125,0.0429663360118866,0,3.1392715754918754e-05,437.9034118652344,0,0.0002616529818624258,2.8350639695418067e-05,0,0,23.700000762939453,0,0,1600,0,50,0,0,0,50,50,800,0.0,0.0,0.0,0.0
241,156.74156188964844,306.5250244140625,323.3494873046875,323.32196044921875,289.7303466796875,289.75787353515625,16557.640625,33065.05859375,66.38182830810547,66.3819351196289,1798.80859375,3585.287353515625,1793.9630126953125,3576.8662109375,281.1363830566406,53.374725341796875,1.6696112936642749e-07,0,0,2579.0146484375,1277.0303955078125,0,27.28148651123047,2713.43408203125,11.82953929901123,11.836822509765625,908.9699096679688,1812.2080078125,49.973419189453125,49.997127532958984,100,0,0,345.6272277832031,0,7.924896240234375,22.27773094177246,22.305265426635742,0,1.034000039100647,0.9067617654800415,50,2.799999952316284,2.2962093353271484,0,0,0,0,314.99998519276,0,0,0,0.15694868564605713,0.0013802626635879278,-0.15832103788852692,7.907359758974053e-06,100.31278228759766,100.31179809570312,787.7831420898438,787.7824096679688,787.7824096679688,547.1544189453125,0,0,27.28148651123047,0.0010999999940395355,0.02200000174343586,0.03299999609589577,0.04399999603629112,5655.8173828125,114276.53125,0.0429663360118866,0,3.1392715754918754e-05,439.7242126464844,0,0.0002616529818624258,2.8350639695418067e-05,0,0,23.700000762939453,0,0,1600,0,50,0,0,0,50,50,800,0.0,0.0,0.0,0.0
242,156.7459259033203,306.5221862792969,323.34619140625,323.31866455078125,289.7276916503906,289.7552185058594,16557.640625,33065.05859375,66.37874603271484,66.37886047363281,1798.74853515625,3585.174072265625,1793.9627685546875,3576.866455078125,281.1357727050781,53.37318801879883,7.000666712997372e-09,0,0,2579.001708984375,1277.0128173828125,0,27.280637741088867,2713.4560546875,11.829730987548828,11.836981773376465,908.9745483398438,1812.2176513671875,49.97550964355469,49.99884033203125,100,0,0,345.6294250488281,0,7.924896240234375,22.28322410583496,22.310758590698242,0,1.034000039100647,0.9067617654800415,50,2.799999952316284,2.2961909770965576,0,0,0,0,314.99998519276,0,0,0,0.15711472928524017,0.0013790063094347715,-0.15849436819553375,-6.326008588075638e-07,100.31231689453125,100.31260681152344,787.783203125,787.783447265625,787.783447265625,547.153564453125,0,0,27.280637741088867,0.0010999999940395355,0.02200000174343586,0.03299999609589577,0.04399999603629112,5655.8173828125,114276.53125,0.0429663360118866,0,3.1392715754918754e-05,441.5450134277344,0,0.0002616529818624258,2.8350639695418067e-05,0,0,23.700000762939453,0,0,1600,0,50,0,0,0,50,50,800,0.0,0.0,0.0,0.0
243,156.75030517578125,306.51934814453125,323.3429870605469,323.3154296875,289.7250061035156,289.7525329589844,16557.640625,33065.05859375,66.37570190429688,66.37581634521484,1798.68701171875,3585.0576171875,1793.96240234375,3576.866943359375,281.1351623535156,53.37168502807617,5.0761100283125415e-06,0,0,2578.98876953125,1276.9949951171875,0,27.282316207885742,2713.467041015625,11.829919815063477,11.837140083312988,908.9841918945312,1812.2374267578125,49.977638244628906,50.0006217956543,100,0,0,345.63165283203125,0,7.924896240234375,22.28868293762207,22.31621742248535,0,1.034000039100647,0.9067617654800415,50,2.799999952316284,2.2961816787719727,0,0,0,0,314.99998519276,0,0,0,0.1572807878255844,0.001380095025524497,-0.15866771340370178,-6.827549441368319e-06,100.31168365478516,100.3130111694336,787.7815551757812,787.7825317382812,787.7825317382812,547.151611328125,0,0,27.282316207885742,0.0010999999940395355,0.02200000174343586,0.03299999609589577,0.04399999603629112,5655.8173828125,114276.53125,0.0429663360118866,0,3.1392715754918754e-05,443.3658142089844,0,0.0002616529818624258,2.8350639695418067e-05,0,0,23.700000762939453,0,0,1600,0,50,0,0,0,50,50,800,0.0,0.0,0.0,0.0
244,156.7546844482422,306.5164794921875,323.33978271484375,323.312255859375,289.72235107421875,289.7499084472656,16557.640625,33065.05859375,66.37268829345703,66.372802734375,1798.624267578125,3584.9404296875,1793.9620361328125,3576.866943359375,281.13458251953125,53.37018966674805,6.715001177326485e-07,0,0,2578.975830078125,1276.9769287109375,0,27.285221099853516,2713.469482421875,11.830107688903809,11.837294578552246,908.9924926757812,1812.25439453125,49.979793548583984,50.0024299621582,100,0,0,345.6338806152344,0,7.924896240234375,22.294109344482422,22.32164192199707,0,1.034000039100647,0.9067617654800415,50,2.799999952316284,2.29617977142334,0,0,0,0,314.99998519276,0,0,0,0.15744683146476746,0.0013831101823598146,-0.15884104371070862,-1.1105777048214804e-05,100.31095123291016,100.31310272216797,787.7783813476562,787.7800903320312,787.7800903320312,547.1489868164062,0,0,27.285221099853516,0.0010999999940395355,0.02200000174343586,0.03299999609589577,0.04399999603629112,5655.8173828125,114276.53125,0.0429663360118866,0,3.1392715754918754e-05,445.1866149902344,0,0.0002616529818624258,2.8350639695418067e-05,0,0,23.700000762939453,0,0,1600,0,50,0,0,0,50,50,800,0.0,0.0,0.0,0.0
245,156.759033203125,306.5136413574219,323.336669921875,323.30914306640625,289.71966552734375,289.7471923828125,16557.640625,33065.05859375,66.36970520019531,66.36981964111328,1798.561279296875,3584.820068359375,1793.9605712890625,3576.86865234375,281.13397216796875,53.368682861328125,5.159601641935296e-06,0,0,2578.962890625,1276.959228515625,0,27.292194366455078,2713.464599609375,11.830292701721191,11.837448120117188,908.9984130859375,1812.2685546875,49.982017517089844,50.0042610168457,100,0,0,345.63616943359375,0,7.924896240234375,22.29949951171875,22.32703399658203,0,1.034000039100647,0.9067617654800415,50,2.799999952316284,2.2961838245391846,0,0,0,0,314.99998519276,0,0,0,0.1576128453016281,0.001387632917612791,-0.15901437401771545,-1.3895880329073407e-05,100.3101806640625,100.31292724609375,787.7742919921875,787.7764282226562,787.7764282226562,547.145751953125,0,0,27.292194366455078,0.0010999999940395355,0.02200000174343586,0.03299999609589577,0.04399999603629112,5655.8173828125,114276.53125,0.0429663360118866,0,3.1392715754918754e-05,447.0074157714844,0,0.0002616529818624258,2.8350639695418067e-05,0,0,23.700000762939453,0,0,1600,0,50,0,0,0,50,50,800,0.0,0.0,0.0,0.0
246,156.76336669921875,306.5107421875,323.3335266113281,323.30596923828125,289.7170104980469,289.7445373535156,16557.640625,33065.05859375,66.36675262451172,66.36685943603516,1798.498046875,3584.7001953125,1793.96337890625,3576.865478515625,281.13336181640625,53.36713790893555,3.8376256270566955e-06,0,0,2578.949951171875,1276.9415283203125,0,27.30194091796875,2713.455322265625,11.830473899841309,11.837597846984863,909.0029907226562,1812.2777099609375,49.984230041503906,50.00608444213867,100,0,0,345.63836669921875,0,7.924896240234375,22.30485725402832,22.3323917388916,0,1.034000039100647,0.9067617654800415,50,2.799999952316284,2.296191930770874,0,0,0,0,314.99998519276,0,0,0,0.15778282284736633,0.001393244368955493,-0.15918771922588348,-1.1645303857221734e-05,100.30951690673828,100.31258392333984,787.7694702148438,787.7719116210938,787.7719116210938,547.1420288085938,0,0,27.30194091796875,0.0010999999940395355,0.02200000174343586,0.03299999609589577,0.04399999603629112,5655.8173828125,114276.53125,0.0429663360118866,0,3.1392715754918754e-05,448.8282165527344,0,0.0002616529818624258,2.8350639695418067e-05,0,0,23.700000762939453,0,0,1600,0,50,0,0,0,50,50,800,0.0,0.0,0.0,0.0
247,156.76766967773438,306.5078125,323.3303527832031,323.3028259277344,289.71435546875,289.74188232421875,16557.640625,33065.05859375,66.36380004882812,66.3639144897461,1798.43505859375,3584.58056640625,1793.9652099609375,3576.86376953125,281.1327209472656,53.36553955078125,5.0172761802969035e-06,0,0,2578.93701171875,1276.924072265625,0,27.314546585083008,2713.4443359375,11.83065128326416,11.837745666503906,909.00634765625,1812.2818603515625,49.98641586303711,50.00788879394531,100,0,0,345.64056396484375,0,7.924896240234375,22.31021499633789,22.337749481201172,0,1.034000039100647,0.9067617654800415,50,2.799999952316284,2.296201229095459,0,0,0,0,314.99998519276,0,0,0,0.15795278549194336,0.0013992746826261282,-0.15936104953289032,-8.995341886475217e-06,100.30914306640625,100.31217193603516,787.7646484375,787.7670288085938,787.7670288085938,547.1381225585938,0,0,27.314546585083008,0.0010999999940395355,0.02200000174343586,0.03299999609589577,0.04399999603629112,5655.8173828125,114276.53125,0.0429663360118866,0,3.1392715754918754e-05,450.6490173339844,0,0.0002616529818624258,2.8350639695418067e-05,0,0,23.700000762939453,0,0,1600,0,50,0,0,0,50,50,800,0.0,0.0,0.0,0.0
248,156.77197265625,306.5048828125,323.3272399902344,323.2997131347656,289.7116394042969,289.73919677734375,16557.640625,33065.05859375,66.36087799072266,66.3609848022461,1798.3717041015625,3584.462646484375,1793.96484375,3576.8642578125,281.1321105957031,53.363929748535156,4.45390332970419e-06,0,0,2578.92431640625,1276.906494140625,0,27.320533752441406,2713.434326171875,11.830826759338379,11.837890625,909.0081787109375,1812.2860107421875,49.988521575927734,50.00968551635742,100,0,0,345.6427917480469,0,7.924896240234375,22.31553840637207,22.34307289123535,0,1.034000039100647,0.9067617654800415,50,2.799999952316284,2.2962098121643066,0,0,0,0,314.99998519276,0,0,0,0.1581227332353592,0.001405053772032261,-0.15953439474105835,-6.6062902988051064e-06,100.30895233154297,100.31180572509766,787.7600708007812,787.7623291015625,787.7623291015625,547.1343383789062,0,0,27.320533752441406,0.0010999999940395355,0.02200000174343586,0.03299999609589577,0.04399999603629112,5655.8173828125,114276.53125,0.0429663360118866,0,3.1392715754918754e-05,452.4698181152344,0,0.0002616529818624258,2.8350639695418067e-05,0,0,23.700000762939453,0,0,1600,0,50,0,0,0,50,50,800,0.0,0.0,0.0,0.0
249,156.7762451171875,306.501953125,323.3240966796875,323.2965393066406,289.708984375,289.73651123046875,16557.640625,33065.05859375,66.35795593261719,66.35806274414062,1798.309326171875,3584.344970703125,1793.9632568359375,3576.86572265625,281.1314697265625,53.3622932434082,-1.7652442352300568e-07,0,0,2578.91162109375,1276.888916015625,0,27.3320255279541,2713.42578125,11.831001281738281,11.838032722473145,909.0090942382812,1812.290283203125,49.99066162109375,50.01139831542969,100,0,0,345.6449890136719,0,7.924896240234375,22.32089614868164,22.348430633544922,0,1.034000039100647,0.9067617654800415,50,2.799999952316284,2.296217203140259,0,0,0,0,314.99998519276,0,0,0,0.1582946479320526,0.0014104977017268538,-0.15970772504806519,-2.586096570666996e-06,100.3088607788086,100.31149291992188,787.7557983398438,787.7579345703125,787.7579345703125,547.1306762695312,0,0,27.3320255279541,0.0010999999940395355,0.02200000174343586,0.03299999609589577,0.04399999603629112,5655.8173828125,114276.53125,0.0429663360118866,0,3.1392715754918754e-05,454.2906188964844,0,0.0002616529818624258,2.8350639695418067e-05,0,0,23.700000762939453,0,0,1600,0,50,0,0,0,50,50,800,0.0,0.0,0.0,0.0
250,156.78050231933594,306.49896240234375,323.3208923339844,323.2933654785156,289.706298828125,289.73382568359375,16557.640625,33065.05859375,66.35504150390625,66.35514831542969,1798.2476806640625,3584.230224609375,1793.964599609375,3576.864501953125,281.13079833984375,53.36063003540039,1.7617287539906101e-06,0,0,2578.899169921875,1276.87109375,0,27.33953285217285,2713.420166015625,11.831171035766602,11.838171005249023,909.0084838867188,1812.287109375,49.99267578125,50.0130729675293,100,0,0,345.64715576171875,0,7.924896240234375,22.32625389099121,22.353788375854492,0,1.034000039100647,0.9067617654800415,50,2.799999952316284,2.29622220993042,0,0,0,0,314.99998519276,0,0,0,0.15846851468086243,0.0014154391828924417,-0.15988105535507202,2.897705371651682e-06,100.30909729003906,100.311279296875,787.7522583007812,787.75390625,787.75390625,547.127197265625,0,0,27.33953285217285,0.0010999999940395355,0.02200000174343586,0.03299999609589577,0.04399999603629112,5655.8173828125,114276.53125,0.0429663360118866,0,3.1392715754918754e-05,456.1114196777344,0,0.0002616529818624258,2.8350639695418067e-05,0,0,23.700000762939453,0,0,1600,0,50,0,0,0,50,50,800,0.0,0.0,0.0,0.0
251,156.7847442626953,306.4959716796875,323.3177185058594,323.2901916503906,289.70361328125,289.73114013671875,16557.640625,33065.05859375,66.35212707519531,66.35224151611328,1798.1873779296875,3584.117431640625,1793.962646484375,3576.8662109375,281.130126953125,53.35894775390625,7.949431619636016e-07,0,0,2578.88623046875,1276.8536376953125,0,27.34713363647461,2713.419189453125,11.831337928771973,11.83830738067627,909.0067749023438,1812.28662109375,49.99463653564453,50.014678955078125,100,0,0,345.64935302734375,0,7.924896240234375,22.331645965576172,22.35917854309082,0,1.034000039100647,0.9067617654800415,50,2.799999952316284,2.2962231636047363,0,0,0,0,314.99998519276,0,0,0,0.15864239633083344,0.0014193756505846977,-0.16005440056324005,7.366924819507403e-06,100.30958557128906,100.31124114990234,787.7494506835938,787.750732421875,787.750732421875,547.1240844726562,0,0,27.34713363647461,0.0010999999940395355,0.02200000174343586,0.03299999609589577,0.04399999603629112,5655.8173828125,114276.53125,0.0429663360118866,0,3.1392715754918754e-05,457.9322204589844,0,0.0002616529818624258,2.8350639695418067e-05,0,0,23.700000762939453,0,0,1600,0,50,0,0,0,50,50,800,0.0,0.0,0.0,0.0
252,156.7890167236328,306.49298095703125,323.3144836425781,323.2869567871094,289.700927734375,289.72845458984375,16557.640625,33065.05859375,66.3492202758789,66.34932708740234,1798.1282958984375,3584.00634765625,1793.96240234375,3576.866455078125,281.1294860839844,53.35727310180664,9.90173020909424e-07,0,0,2578.87353515625,1276.8359375,0,27.356164932250977,2713.422607421875,11.831501960754395,11.838440895080566,909.0050659179688,1812.283447265625,49.996524810791016,50.01622772216797,100,0,0,345.6515197753906,0,7.924896240234375,22.3370361328125,22.36457061767578,0,1.034000039100647,0.9067617654800415,50,2.799999952316284,2.296220302581787,0,0,0,0,314.99998519276,0,0,0,0.15881624817848206,0.0014223069883883,-0.1602277308702469,1.0821258001669776e-05,100.31021118164062,100.31137084960938,787.7474975585938,787.7483520507812,787.7483520507812,547.1213989257812,0,0,27.356164932250977,0.0010999999940395355,0.02200000174343586,0.03299999609589577,0.04399999603629112,5655.8173828125,114276.53125,0.0429663360118866,0,3.1392715754918754e-05,459.7530212402344,0,0.0002616529818624258,2.8350639695418067e-05,0,0,23.700000762939453,0,0,1600,0,50,0,0,0,50,50,800,0.0,0.0,0.0,0.0
253,156.7932891845703,306.4900207519531,323.3112487792969,323.2837219238281,289.69830322265625,289.725830078125,16557.640625,33065.05859375,66.34630584716797,66.3464126586914,1798.0701904296875,3583.89697265625,1793.96240234375,3576.866455078125,281.1288146972656,53.35560989379883,2.928426283688168e-06,0,0,2578.861083984375,1276.818359375,0,27.361082077026367,2713.43017578125,11.83166217803955,11.83857250213623,909.0035400390625,1812.280517578125,49.998374938964844,50.017704010009766,100,0,0,345.6536865234375,0,7.924896240234375,22.34246253967285,22.369962692260742,0,1.034000039100647,0.9067617654800415,50,2.799999952316284,2.2962138652801514,0,0,0,0,314.99998519276,0,0,0,0.15899008512496948,0.0014243170153349638,-0.16040107607841492,1.3335014955373481e-05,100.3109130859375,100.31165313720703,787.7461547851562,787.7467651367188,787.7467651367188,547.119140625,0,0,27.361082077026367,0.0010999999940395355,0.02200000174343586,0.03299999609589577,0.04399999603629112,5655.8173828125,114276.53125,0.0429663360118866,0,3.1392715754918754e-05,461.5738220214844,0,0.0002616529818624258,2.8350639695418067e-05,0,0,23.700000762939453,0,0,1600,0,50,0,0,0,50,50,800,0.0,0.0,0.0,0.0
254,156.7975616455078,306.4870910644531,323.3079833984375,323.2804870605469,289.6956481933594,289.7231750488281,16557.640625,33065.05859375,66.34339904785156,66.343505859375,1798.0125732421875,3583.790283203125,1793.9654541015625,3576.86376953125,281.128173828125,53.353965759277344,-2.864016778403311e-06,0,0,2578.848388671875,1276.801025390625,0,27.36322784423828,2713.44091796875,11.831820487976074,11.838700294494629,909.0032348632812,1812.2802734375,50.00012969970703,50.019134521484375,100,0,0,345.6559143066406,0,7.924896240234375,22.34792137145996,22.37542152404785,0,1.034000039100647,0.9067617654800415,50,2.799999952316284,2.2962048053741455,0,0,0,0,314.99998519276,0,0,0,0.15915997326374054,0.00142557336948812,-0.16057440638542175,1.1133472980873194e-05,100.31156158447266,100.31204986572266,787.7453002929688,787.7457275390625,787.7457275390625,547.1171264648438,0,0,27.36322784423828,0.0010999999940395355,0.02200000174343586,0.03299999609589577,0.04399999603629112,5655.8173828125,114276.53125,0.0429663360118866,0,3.1392715754918754e-05,463.3946228027344,0,0.0002616529818624258,2.8350639695418067e-05,0,0,23.700000762939453,0,0,1600,0,50,0,0,0,50,50,800,0.0,0.0,0.0,0.0
255,156.8018798828125,306.48419189453125,323.3047180175781,323.2772216796875,289.6929931640625,289.72052001953125,16557.640625,33065.05859375,66.34049987792969,66.34061431884766,1797.955810546875,3583.68408203125,1793.96240234375,3576.866455078125,281.12750244140625,53.352333068847656,3.722298515640432e-06,0,0,2578.835693359375,1276.7835693359375,0,27.369396209716797,2713.452880859375,11.831975936889648,11.838825225830078,909.00439453125,1812.2823486328125,50.00190734863281,50.02050018310547,100,0,0,345.6581115722656,0,7.924896240234375,22.35338020324707,22.38088035583496,0,1.034000039100647,0.9067617654800415,50,2.799999952316284,2.2961947917938232,0,0,0,0,314.99998519276,0,0,0,0.1593298316001892,0.001426578382961452,-0.1607477366924286,8.6710206232965e-06,100.31192016601562,100.31249237060547,787.7444458007812,787.7449340820312,787.7449340820312,547.1152954101562,0,0,27.369396209716797,0.0010999999940395355,0.02200000174343586,0.03299999609589577,0.04399999603629112,5655.8173828125,114276.53125,0.0429663360118866,0,3.1392715754918754e-05,465.2154235839844,0,0.0002616529818624258,2.8350639695418067e-05,0,0,23.700000762939453,0,0,1600,0,50,0,0,0,50,50,800,0.0,0.0,0.0,0.0
256,156.80618286132812,306.48126220703125,323.301513671875,323.2740173339844,289.6903076171875,289.7178649902344,16557.640625,33065.05859375,66.33761596679688,66.33772277832031,1797.8994140625,3583.57861328125,1793.9649658203125,3576.86376953125,281.1268615722656,53.35072708129883,3.739933617907809e-06,0,0,2578.822998046875,1276.76611328125,0,27.371429443359375,2713.463623046875,11.832127571105957,11.838949203491211,909.0053100585938,1812.284912109375,50.00358200073242,50.021881103515625,100,0,0,345.6603088378906,0,7.924896240234375,22.358806610107422,22.38630485534668,0,1.034000039100647,0.9067617654800415,50,2.799999952316284,2.2961859703063965,0,0,0,0,314.99998519276,0,0,0,0.15949968993663788,0.0014278348535299301,-0.16092108190059662,6.4502587520109955e-06,100.31214141845703,100.3128890991211,787.7432861328125,787.743896484375,787.743896484375,547.1133422851562,0,0,27.371429443359375,0.0010999999940395355,0.02200000174343586,0.03299999609589577,0.04399999603629112,5655.8173828125,114276.53125,0.0429663360118866,0,3.1392715754918754e-05,467.0362243652344,0,0.0002616529818624258,2.8350639695418067e-05,0,0,23.700000762939453,0,0,1600,0,50,0,0,0,50,50,800,0.0,0.0,0.0,0.0
257,156.81051635742188,306.47833251953125,323.29827880859375,323.2707824707031,289.68768310546875,289.7152099609375,16557.640625,33065.05859375,66.33473205566406,66.33483123779297,1797.842529296875,3583.473388671875,1793.9652099609375,3576.86376953125,281.1262512207031,53.349143981933594,-3.3921203339559725e-06,0,0,2578.81005859375,1276.7489013671875,0,27.37471580505371,2713.47265625,11.832277297973633,11.839069366455078,909.0051879882812,1812.2845458984375,50.00529479980469,50.023223876953125,100,0,0,345.6625061035156,0,7.924896240234375,22.36423110961914,22.39173126220703,0,1.034000039100647,0.9067617654800415,50,2.799999952316284,2.2961783409118652,0,0,0,0,314.99998519276,0,0,0,0.15966954827308655,0.0014294261345639825,-0.16109441220760345,4.554726274363929e-06,100.312255859375,100.31322479248047,787.7418823242188,787.7426147460938,787.7426147460938,547.1112060546875,0,0,27.37471580505371,0.0010999999940395355,0.02200000174343586,0.03299999609589577,0.04399999603629112,5655.8173828125,114276.53125,0.0429663360118866,0,3.1392715754918754e-05,468.8570251464844,0,0.0002616529818624258,2.8350639695418067e-05,0,0,23.700000762939453,0,0,1600,0,50,0,0,0,50,50,800,0.0,0.0,0.0,0.0
258,156.81484985351562,306.4754333496094,323.2950744628906,323.2675476074219,289.6850280761719,289.7125549316406,16557.640625,33065.05859375,66.33184814453125,66.33195495605469,1797.786376953125,3583.36767578125,1793.966796875,3576.862060546875,281.1256408691406,53.34757614135742,2.435592023175559e-06,0,0,2578.797119140625,1276.7313232421875,0,27.37929916381836,2713.47998046875,11.832423210144043,11.839188575744629,909.00634765625,1812.2841796875,50.00697708129883,50.02455520629883,100,0,0,345.6647644042969,0,7.924896240234375,22.36968994140625,22.39719009399414,0,1.034000039100647,0.9067617654800415,50,2.799999952316284,2.2961723804473877,0,0,0,0,314.99998519276,0,0,0,0.15983939170837402,0.0014314360450953245,-0.16126775741577148,3.0681142106914194e-06,100.31231689453125,100.31349182128906,787.7400512695312,787.740966796875,787.740966796875,547.10888671875,0,0,27.37929916381836,0.0010999999940395355,0.02200000174343586,0.03299999609589577,0.04399999603629112,5655.8173828125,114276.53125,0.0429663360118866,0,3.1392715754918754e-05,470.6778259277344,0,0.0002616529818624258,2.8350639695418067e-05,0,0,23.700000762939453,0,0,1600,0,50,0,0,0,50,50,800,0.0,0.0,0.0,0.0
259,156.81919860839844,306.4725036621094,323.2918701171875,323.2643737792969,289.682373046875,289.7099304199219,16557.640625,33065.05859375,66.3289794921875,66.32908630371094,1797.729736328125,3583.26416015625,1793.96484375,3576.8642578125,281.1250305175781,53.34602737426758,5.326082828105427e-07,0,0,2578.784423828125,1276.7138671875,0,27.382450103759766,2713.4853515625,11.832568168640137,11.839303970336914,909.0060424804688,1812.2867431640625,50.008609771728516,50.025875091552734,100,0,0,345.6669616699219,0,7.924896240234375,22.37508201599121,22.4025821685791,0,1.034000039100647,0.9067617654800415,50,2.799999952316284,2.2961678504943848,0,0,0,0,314.99998519276,0,0,0,0.1600092053413391,0.0014338650507852435,-0.16144108772277832,1.981190962396795e-06,100.31233978271484,100.31369018554688,787.7379150390625,787.739013671875,787.739013671875,547.1064453125,0,0,27.382450103759766,0.0010999999940395355,0.02200000174343586,0.03299999609589577,0.04399999603629112,5655.8173828125,114276.53125,0.0429663360118866,0,3.1392715754918754e-05,472.4986267089844,0,0.0002616529818624258,2.8350639695418067e-05,0,0,23.700000762939453,0,0,1600,0,50,0,0,0,50,50,800,0.0,0.0,0.0,0.0
260,156.82354736328125,306.4696044921875,323.2886047363281,323.2611389160156,289.6797790527344,289.7073059082031,16557.640625,33065.05859375,66.32611083984375,66.32621765136719,1797.6739501953125,3583.160888671875,1793.9661865234375,3576.862548828125,281.1244201660156,53.344482421875,-7.893676752246392e-07,0,0,2578.771240234375,1276.6966552734375,0,27.388261795043945,2713.48974609375,11.832708358764648,11.839415550231934,909.0057983398438,1812.2840576171875,50.010223388671875,50.02715301513672,100,0,0,345.669189453125,0,7.924896240234375,22.38057518005371,22.40804100036621,0,1.034000039100647,0.9067617654800415,50,2.799999952316284,2.2961642742156982,0,0,0,0,314.99998519276,0,0,0,0.1601790189743042,0.0014365451643243432,-0.16161441802978516,1.1453405477368506e-06,100.31236267089844,100.31385040283203,787.7356567382812,787.73681640625,787.73681640625,547.1039428710938,0,0,27.388261795043945,0.0010999999940395355,0.02200000174343586,0.03299999609589577,0.04399999603629112,5655.8173828125,114276.53125,0.0429663360118866,0,3.1392715754918754e-05,474.3194274902344,0,0.0002616529818624258,2.8350639695418067e-05,0,0,23.700000762939453,0,0,1600,0,50,0,0,0,50,50,800,0.0,0.0,0.0,0.0
261,156.82791137695312,306.4666748046875,323.2853698730469,323.2579040527344,289.6771545410156,289.7047119140625,16557.640625,33065.05859375,66.32324981689453,66.32334899902344,1797.6181640625,3583.05712890625,1793.96923828125,3576.859375,281.1238098144531,53.34294891357422,-3.6832039995715604e-07,0,0,2578.758544921875,1276.6793212890625,0,27.39268684387207,2713.49267578125,11.832846641540527,11.83952522277832,909.0057373046875,1812.283935546875,50.011844635009766,50.028419494628906,100,0,0,345.6714172363281,0,7.924896240234375,22.38606834411621,22.41353416442871,0,1.034000039100647,0.9067617654800415,50,2.799999952316284,2.296161651611328,0,0,0,0,314.99998519276,0,0,0,0.1603488326072693,0.0014394765021279454,-0.16178776323795319,5.413428993961134e-07,100.31236267089844,100.31396484375,787.733154296875,787.7344360351562,787.7344360351562,547.101318359375,0,0,27.39268684387207,0.0010999999940395355,0.02200000174343586,0.03299999609589577,0.04399999603629112,5655.8173828125,114276.53125,0.0429663360118866,0,3.1392715754918754e-05,476.1402282714844,0,0.0002616529818624258,2.8350639695418067e-05,0,0,23.700000762939453,0,0,1600,0,50,0,0,0,50,50,800,0.0,0.0,0.0,0.0
262,156.83229064941406,306.4637756347656,323.28216552734375,323.25469970703125,289.6745300292969,289.7020568847656,16557.640625,33065.05859375,66.32038879394531,66.32048797607422,1797.5625,3582.954833984375,1793.9674072265625,3576.861328125,281.1231994628906,53.34144973754883,5.281797257339349e-06,0,0,2578.74560546875,1276.6619873046875,0,27.39434051513672,2713.49462890625,11.832983016967773,11.839632987976074,909.0043334960938,1812.2838134765625,50.01344680786133,50.0296516418457,100,0,0,345.6736755371094,0,7.924896240234375,22.39149284362793,22.41895866394043,0,1.034000039100647,0.9067617654800415,50,2.799999952316284,2.2961602210998535,0,0,0,0,314.99998519276,0,0,0,0.160518616437912,0.001442659180611372,-0.16196109354496002,1.79035126279814e-07,100.3123550415039,100.31403350830078,787.7305908203125,787.7318725585938,787.7318725585938,547.0985107421875,0,0,27.39434051513672,0.0010999999940395355,0.02200000174343586,0.03299999609589577,0.04399999603629112,5655.8173828125,114276.53125,0.0429663360118866,0,3.1392715754918754e-05,477.9610290527344,0,0.0002616529818624258,2.8350639695418067e-05,0,0,23.700000762939453,0,0,1600,0,50,0,0,0,50,50,800,0.0,0.0,0.0,0.0
263,156.836669921875,306.4608459472656,323.2789611816406,323.2514953613281,289.6719055175781,289.69940185546875,16557.640625,33065.05859375,66.3175277709961,66.31763458251953,1797.5076904296875,3582.85400390625,1793.9642333984375,3576.864501953125,281.12261962890625,53.33994674682617,-2.8482872949098237e-07,0,0,2578.732177734375,1276.6448974609375,0,27.401336669921875,2713.49609375,11.833115577697754,11.839735984802246,909.004150390625,1812.2838134765625,50.014984130859375,50.03085708618164,100,0,0,345.6759033203125,0,7.924896240234375,22.396953582763672,22.424419403076172,0,1.034000039100647,0.9067617654800415,50,2.799999952316284,2.296159267425537,0,0,0,0,314.99998519276,0,0,0,0.1606884002685547,0.0014459255617111921,-0.16213443875312805,-1.0926742533001743e-07,100.3123550415039,100.3140869140625,787.7279052734375,787.729248046875,787.729248046875,547.0957641601562,0,0,27.401336669921875,0.0010999999940395355,0.02200000174343586,0.03299999609589577,0.04399999603629112,5655.8173828125,114276.53125,0.0429663360118866,0,3.1392715754918754e-05,479.7818298339844,0,0.0002616529818624258,2.8350639695418067e-05,0,0,23.700000762939453,0,0,1600,0,50,0,0,0,50,50,800,0.0,0.0,0.0,0.0
264,156.84104919433594,306.45794677734375,323.2757263183594,323.2482604980469,289.6693115234375,289.6968078613281,16557.640625,33065.05859375,66.3146743774414,66.31478118896484,1797.452392578125,3582.7529296875,1793.9638671875,3576.865478515625,281.1220397949219,53.33845138549805,-4.689438810601132e-06,0,0,2578.719482421875,1276.6278076171875,0,27.405607223510742,2713.496826171875,11.833247184753418,11.839838027954102,909.0026245117188,1812.281494140625,50.016502380371094,50.032066345214844,100,0,0,345.6781311035156,0,7.924896240234375,22.40241241455078,22.42987823486328,0,1.034000039100647,0.9067617654800415,50,2.799999952316284,2.2961585521698,0,0,0,0,314.99998519276,0,0,0,0.1608581691980362,0.0014493594644591212,-0.1623077690601349,-2.397224250216823e-07,100.31232452392578,100.31411743164062,787.7250366210938,787.7264404296875,787.7264404296875,547.0928955078125,0,0,27.405607223510742,0.0010999999940395355,0.02200000174343586,0.03299999609589577,0.04399999603629112,5655.8173828125,114276.53125,0.0429663360118866,0,3.1392715754918754e-05,481.6026306152344,0,0.0002616529818624258,2.8350639695418067e-05,0,0,23.700000762939453,0,0,1600,0,50,0,0,0,50,50,800,0.0,0.0,0.0,0.0
265,156.84542846679688,306.45501708984375,323.2725524902344,323.2450866699219,289.6666564941406,289.69415283203125,16557.640625,33065.05859375,66.31182861328125,66.31192779541016,1797.3975830078125,3582.6533203125,1793.968017578125,3576.861083984375,281.1214294433594,53.33696746826172,3.284709691797616e-06,0,0,2578.70654296875,1276.6104736328125,0,27.409854888916016,2713.497314453125,11.833374977111816,11.839938163757324,909.0023803710938,1812.279052734375,50.01797866821289,50.03324890136719,100,0,0,345.6803894042969,0,7.924896240234375,22.4078369140625,22.435302734375,0,1.034000039100647,0.9067617654800415,50,2.799999952316284,2.2961583137512207,0,0,0,0,314.99998519276,0,0,0,0.1610279381275177,0.0014528771862387657,-0.16248109936714172,-2.9602088602587173e-07,100.31232452392578,100.31413269042969,787.72216796875,787.7236328125,787.7236328125,547.090087890625,0,0,27.409854888916016,0.0010999999940395355,0.02200000174343586,0.03299999609589577,0.04399999603629112,5655.8173828125,114276.53125,0.0429663360118866,0,3.1392715754918754e-05,483.4234313964844,0,0.0002616529818624258,2.8350639695418067e-05,0,0,23.700000762939453,0,0,1600,0,50,0,0,0,50,50,800,0.0,0.0,0.0,0.0
266,156.84982299804688,306.45208740234375,323.26934814453125,323.24188232421875,289.66400146484375,289.6914978027344,16557.640625,33065.05859375,66.30897521972656,66.30907440185547,1797.3441162109375,3582.552978515625,1793.966552734375,3576.862060546875,281.120849609375,53.33548355102539,6.231228439901315e-07,0,0,2578.693359375,1276.59326171875,0,27.41541862487793,2713.497802734375,11.833498001098633,11.84003734588623,909.0012817382812,1812.279052734375,50.01945495605469,50.034385681152344,100,0,0,345.6826171875,0,7.924896240234375,22.41326332092285,22.44072914123535,0,1.034000039100647,0.9067617654800415,50,2.799999952316284,2.2961580753326416,0,0,0,0,314.99998519276,0,0,0,0.16119767725467682,0.0014563947916030884,-0.16265442967414856,-3.6215644172443717e-07,100.31232452392578,100.31414794921875,787.7193603515625,787.7207641601562,787.7207641601562,547.087158203125,0,0,27.41541862487793,0.0010999999940395355,0.02200000174343586,0.03299999609589577,0.04399999603629112,5655.8173828125,114276.53125,0.0429663360118866,0,3.1392715754918754e-05,485.2442321777344,0,0.0002616529818624258,2.8350639695418067e-05,0,0,23.700000762939453,0,0,1600,0,50,0,0,0,50,50,800,0.0,0.0,0.0,0.0
267,156.85423278808594,306.4491882324219,323.26611328125,323.2386474609375,289.66143798828125,289.68890380859375,16557.640625,33065.05859375,66.3061294555664,66.30622863769531,1797.29052734375,3582.45458984375,1793.9664306640625,3576.862548828125,281.1202697753906,53.334022521972656,1.4475828038484906e-06,0,0,2578.680419921875,1276.575927734375,0,27.418256759643555,2713.498046875,11.833620071411133,11.840132713317871,908.9998779296875,1812.276611328125,50.0208854675293,50.03550720214844,100,0,0,345.6849060058594,0,7.924896240234375,22.418790817260742,22.446256637573242,0,1.034000039100647,0.9067617654800415,50,2.799999952316284,2.2961578369140625,0,0,0,0,314.99998519276,0,0,0,0.16136741638183594,0.0014599125133827329,-0.1628277748823166,-4.475121500036039e-07,100.31231689453125,100.31416320800781,787.7164916992188,787.7178955078125,787.7178955078125,547.0842895507812,0,0,27.418256759643555,0.0010999999940395355,0.02200000174343586,0.03299999609589577,0.04399999603629112,5655.8173828125,114276.53125,0.0429663360118866,0,3.1392715754918754e-05,487.0650329589844,0,0.0002616529818624258,2.8350639695418067e-05,0,0,23.700000762939453,0,0,1600,0,50,0,0,0,50,50,800,0.0,0.0,0.0,0.0
268,156.858642578125,306.4462585449219,323.2629089355469,323.2354431152344,289.6587829589844,289.6862487792969,16557.640625,33065.05859375,66.30328369140625,66.30338287353516,1797.23828125,3582.3564453125,1793.968017578125,3576.860595703125,281.11968994140625,53.33256530761719,2.8530503186630085e-06,0,0,2578.66748046875,1276.5587158203125,0,27.4223690032959,2713.498046875,11.833738327026367,11.840225219726562,908.9999389648438,1812.2740478515625,50.022308349609375,50.036582946777344,100,0,0,345.6871643066406,0,7.924896240234375,22.42424964904785,22.45171546936035,0,1.034000039100647,0.9067617654800415,50,2.799999952316284,2.2961580753326416,0,0,0,0,314.99998519276,0,0,0,0.16153714060783386,0.001463513821363449,-0.16300110518932343,-4.4932824039278785e-07,100.31230163574219,100.31416320800781,787.7135009765625,787.7150268554688,787.7150268554688,547.0813598632812,0,0,27.4223690032959,0.0010999999940395355,0.02200000174343586,0.03299999609589577,0.04399999603629112,5655.8173828125,114276.53125,0.0429663360118866,0,3.1392715754918754e-05,488.8858337402344,0,0.0002616529818624258,2.8350639695418067e-05,0,0,23.700000762939453,0,0,1600,0,50,0,0,0,50,50,800,0.0,0.0,0.0,0.0
269,156.86305236816406,306.443359375,323.25970458984375,323.23223876953125,289.65618896484375,289.68365478515625,16557.640625,33065.05859375,66.3004379272461,66.300537109375,1797.185302734375,3582.2607421875,1793.9658203125,3576.863037109375,281.1191101074219,53.331111907958984,4.839525900024455e-06,0,0,2578.654296875,1276.5413818359375,0,27.427825927734375,2713.497802734375,11.833854675292969,11.840314865112305,908.9984130859375,1812.2744140625,50.023643493652344,50.03765106201172,100,0,0,345.68939208984375,0,7.924896240234375,22.42970848083496,22.45717430114746,0,1.034000039100647,0.9067617654800415,50,2.799999952316284,2.2961583137512207,0,0,0,0,314.99998519276,0,0,0,0.1617068499326706,0.0014671990647912025,-0.16317443549633026,-3.865221458454471e-07,100.31230163574219,100.31414794921875,787.7105712890625,787.7120361328125,787.7120361328125,547.078369140625,0,0,27.427825927734375,0.0010999999940395355,0.02200000174343586,0.03299999609589577,0.04399999603629112,5655.8173828125,114276.53125,0.0429663360118866,0,3.1392715754918754e-05,490.7066345214844,0,0.0002616529818624258,2.8350639695418067e-05,0,0,23.700000762939453,0,0,1600,0,50,0,0,0,50,50,800,0.0,0.0,0.0,0.0
270,156.86746215820312,306.4404296875,323.2564697265625,323.22900390625,289.653564453125,289.6810302734375,16557.640625,33065.05859375,66.29759979248047,66.29769134521484,1797.1328125,3582.1650390625,1793.965576171875,3576.863037109375,281.1185607910156,53.32966995239258,-2.066710521830828e-06,0,0,2578.64111328125,1276.524169921875,0,27.433277130126953,2713.497802734375,11.833969116210938,11.84040355682373,908.9971923828125,1812.272216796875,50.02497482299805,50.038692474365234,100,0,0,345.6916809082031,0,7.924896240234375,22.43520164489746,22.46266746520996,0,1.034000039100647,0.9067617654800415,50,2.799999952316284,2.2961585521698,0,0,0,0,314.99998519276,0,0,0,0.16187655925750732,0.0014708004891872406,-0.1633477807044983,-4.1724416632860084e-07,100.31230163574219,100.31414794921875,787.7077026367188,787.7091064453125,787.7091064453125,547.0755004882812,0,0,27.433277130126953,0.0010999999940395355,0.02200000174343586,0.03299999609589577,0.04399999603629112,5655.8173828125,114276.53125,0.0429663360118866,0,3.1392715754918754e-05,492.5274353027344,0,0.0002616529818624258,2.8350639695418067e-05,0,0,23.700000762939453,0,0,1600,0,50,0,0,0,50,50,800,0.0,0.0,0.0,0.0
271,156.8718719482422,306.4375305175781,323.2532653808594,323.2257995605469,289.65093994140625,289.67840576171875,16557.640625,33065.05859375,66.29475402832031,66.29484558105469,1797.0816650390625,3582.06982421875,1793.96875,3576.860107421875,281.11798095703125,53.32822799682617,1.6627883496767026e-06,0,0,2578.6279296875,1276.5067138671875,0,27.43868637084961,2713.497802734375,11.834080696105957,11.840489387512207,908.9960327148438,1812.27001953125,50.02631759643555,50.03968811035156,100,0,0,345.6939392089844,0,7.924896240234375,22.44069480895996,22.46816062927246,0,1.034000039100647,0.9067617654800415,50,2.799999952316284,2.2961585521698,0,0,0,0,314.99998519276,0,0,0,0.16204625368118286,0.0014744017971679568,-0.16352111101150513,-4.5780325308442116e-07,100.31230163574219,100.31414794921875,787.7047729492188,787.7061767578125,787.7061767578125,547.0725708007812,0,0,27.43868637084961,0.0010999999940395355,0.02200000174343586,0.03299999609589577,0.04399999603629112,5655.8173828125,114276.53125,0.0429663360118866,0,3.1392715754918754e-05,494.3482360839844,0,0.0002616529818624258,2.8350639695418067e-05,0,0,23.700000762939453,0,0,1600,0,50,0,0,0,50,50,800,0.0,0.0,0.0,0.0
272,156.8762969970703,306.4346008300781,323.25006103515625,323.22259521484375,289.6483154296875,289.67578125,16557.640625,33065.05859375,66.29190826416016,66.29200744628906,1797.0302734375,3581.97705078125,1793.9683837890625,3576.860595703125,281.1174011230469,53.32679748535156,-3.5004247820324963e-06,0,0,2578.614990234375,1276.489501953125,0,27.441368103027344,2713.497802734375,11.834188461303711,11.840572357177734,908.9947509765625,1812.2679443359375,50.02757263183594,50.04066467285156,100,0,0,345.6961975097656,0,7.924896240234375,22.44611930847168,22.47358512878418,0,1.034000039100647,0.9067617654800415,50,2.799999952316284,2.296158790588379,0,0,0,0,314.99998519276,0,0,0,0.1622159332036972,0.0014780032215639949,-0.16369445621967316,-5.175825208425522e-07,100.31229400634766,100.31414794921875,787.7017822265625,787.7032470703125,787.7032470703125,547.0696411132812,0,0,27.441368103027344,0.0010999999940395355,0.02200000174343586,0.03299999609589577,0.04399999603629112,5655.8173828125,114276.53125,0.0429663360118866,0,3.1392715754918754e-05,496.1690368652344,0,0.0002616529818624258,2.8350639695418067e-05,0,0,23.700000762939453,0,0,1600,0,50,0,0,0,50,50,800,0.0,0.0,0.0,0.0
273,156.8807373046875,306.43170166015625,323.2468566894531,323.2193908691406,289.64569091796875,289.67315673828125,16557.640625,33065.05859375,66.28907012939453,66.2891616821289,1796.979736328125,3581.885009765625,1793.9683837890625,3576.860595703125,281.1168212890625,53.32538604736328,4.877136234426871e-06,0,0,2578.60205078125,1276.472412109375,0,27.444005966186523,2713.497802734375,11.834294319152832,11.840652465820312,908.9935913085938,1812.2657470703125,50.02882766723633,50.04159927368164,100,0,0,345.6984558105469,0,7.924896240234375,22.45161247253418,22.47907829284668,0,1.034000039100647,0.9067617654800415,50,2.799999952316284,2.296158790588379,0,0,0,0,314.99998519276,0,0,0,0.16238559782505035,0.001481604645960033,-0.16386778652668,-5.773617886006832e-07,100.31229400634766,100.31414794921875,787.6988525390625,787.7003784179688,787.7003784179688,547.0667114257812,0,0,27.444005966186523,0.0010999999940395355,0.02200000174343586,0.03299999609589577,0.04399999603629112,5655.8173828125,114276.53125,0.0429663360118866,0,3.1392715754918754e-05,497.9898376464844,0,0.0002616529818624258,2.8350639695418067e-05,0,0,23.700000762939453,0,0,1600,0,50,0,0,0,50,50,800,0.0,0.0,0.0,0.0
274,156.8851776123047,306.42877197265625,323.24359130859375,323.21612548828125,289.64312744140625,289.67059326171875,16557.640625,33065.05859375,66.28622436523438,66.28632354736328,1796.928955078125,3581.79248046875,1793.9681396484375,3576.861083984375,281.11627197265625,53.32398223876953,3.7809777495567687e-06,0,0,2578.588623046875,1276.4549560546875,0,27.449302673339844,2713.497314453125,11.834399223327637,11.840731620788574,908.9923706054688,1812.263671875,50.03005599975586,50.04253387451172,100,0,0,345.7007141113281,0,7.924896240234375,22.45713996887207,22.48460578918457,0,1.034000039100647,0.9067617654800415,50,2.799999952316284,2.296159267425537,0,0,0,0,314.99998519276,0,0,0,0.1625552773475647,0.0014852897729724646,-0.16404111683368683,-5.631358703794831e-07,100.31228637695312,100.31413269042969,787.6959228515625,787.6973876953125,787.6973876953125,547.0638427734375,0,0,27.449302673339844,0.0010999999940395355,0.02200000174343586,0.03299999609589577,0.04399999603629112,5655.8173828125,114276.53125,0.0429663360118866,0,3.1392715754918754e-05,499.8106384277344,0,0.0002616529818624258,2.8350639695418067e-05,0,0,23.700000762939453,0,0,1600,0,50,0,0,0,50,50,800,0.0,0.0,0.0,0.0
275,156.88963317871094,306.42584228515625,323.2403259277344,323.2128601074219,289.6405334472656,289.6679992675781,16557.640625,33065.05859375,66.28338623046875,66.28348541259766,1796.8785400390625,3581.70263671875,1793.96435546875,3576.8642578125,281.11572265625,53.32257843017578,2.684819037312991e-06,0,0,2578.575439453125,1276.4381103515625,0,27.455921173095703,2713.497314453125,11.834500312805176,11.84080696105957,908.9910278320312,1812.2618408203125,50.03120803833008,50.04343795776367,100,0,0,345.7030334472656,0,7.924896240234375,22.46270179748535,22.49016761779785,0,1.034000039100647,0.9067617654800415,50,2.799999952316284,2.296159505844116,0,0,0,0,314.99998519276,0,0,0,0.16272491216659546,0.0014888911973685026,-0.16421446204185486,-6.616581345042505e-07,100.31228637695312,100.31413269042969,787.6930541992188,787.6944580078125,787.6944580078125,547.0609130859375,0,0,27.455921173095703,0.0010999999940395355,0.02200000174343586,0.03299999609589577,0.04399999603629112,5655.8173828125,114276.53125,0.0429663360118866,0,3.1392715754918754e-05,501.6314392089844,0,0.0002616529818624258,2.8350639695418067e-05,0,0,23.700000762939453,0,0,1600,0,50,0,0,0,50,50,800,0.0,0.0,0.0,0.0
276,156.89407348632812,306.4229431152344,323.23712158203125,323.20965576171875,289.637939453125,289.6654052734375,16557.640625,33065.05859375,66.28055572509766,66.28064727783203,1796.8299560546875,3581.61181640625,1793.9676513671875,3576.86181640625,281.11517333984375,53.32118225097656,2.7506760034157196e-06,0,0,2578.562255859375,1276.4207763671875,0,27.458467483520508,2713.497314453125,11.83459758758545,11.84088134765625,908.989990234375,1812.2598876953125,50.03238296508789,50.0443000793457,100,0,0,345.7052917480469,0,7.924896240234375,22.46819496154785,22.49566078186035,0,1.034000039100647,0.9067617654800415,50,2.799999952316284,2.296159505844116,0,0,0,0,314.99998519276,0,0,0,0.16289454698562622,0.0014924926217645407,-0.1643877923488617,-7.601803986290179e-07,100.312255859375,100.31413269042969,787.6900634765625,787.6915283203125,787.6915283203125,547.0579833984375,0,0,27.458467483520508,0.0010999999940395355,0.02200000174343586,0.03299999609589577,0.04399999603629112,5655.8173828125,114276.53125,0.0429663360118866,0,3.1392715754918754e-05,503.4522399902344,0,0.0002616529818624258,2.8350639695418067e-05,0,0,23.700000762939453,0,0,1600,0,50,0,0,0,50,50,800,0.0,0.0,0.0,0.0
277,156.8985137939453,306.4200134277344,323.2338562011719,323.2064208984375,289.6353454589844,289.66278076171875,16557.640625,33065.05859375,66.27771759033203,66.27781677246094,1796.780517578125,3581.524169921875,1793.9671630859375,3576.86181640625,281.1146240234375,53.319793701171875,3.9785486478649545e-06,0,0,2578.549072265625,1276.4034423828125,0,27.46233558654785,2713.496826171875,11.834694862365723,11.840951919555664,908.98876953125,1812.2579345703125,50.03350067138672,50.045143127441406,100,0,0,345.70758056640625,0,7.924896240234375,22.473722457885742,22.50115394592285,0,1.034000039100647,0.9067617654800415,50,2.799999952316284,2.2961599826812744,0,0,0,0,314.99998519276,0,0,0,0.16306418180465698,0.0014961777487769723,-0.16456113755702972,-7.750117561045045e-07,100.3122329711914,100.31411743164062,787.6870727539062,787.6885375976562,787.6885375976562,547.0549926757812,0,0,27.46233558654785,0.0010999999940395355,0.02200000174343586,0.03299999609589577,0.04399999603629112,5655.8173828125,114276.53125,0.0429663360118866,0,3.1392715754918754e-05,505.2730407714844,0,0.0002616529818624258,2.8350639695418067e-05,0,0,23.700000762939453,0,0,1600,0,50,0,0,0,50,50,800,0.0,0.0,0.0,0.0
278,156.90296936035156,306.4171142578125,323.2306213378906,323.2032165527344,289.63275146484375,289.6601867675781,16557.640625,33065.05859375,66.2748794555664,66.27497100830078,1796.7320556640625,3581.435791015625,1793.97021484375,3576.858642578125,281.1141052246094,53.318416595458984,-3.68629071090254e-06,0,0,2578.535888671875,1276.385986328125,0,27.4661808013916,2713.49658203125,11.83478832244873,11.841022491455078,908.98779296875,1812.2559814453125,50.03462219238281,50.04595947265625,100,0,0,345.7098388671875,0,7.924896240234375,22.479215621948242,22.50664710998535,0,1.034000039100647,0.9067617654800415,50,2.799999952316284,2.2961604595184326,0,0,0,0,314.99998519276,0,0,0,0.16323380172252655,0.0014998631086200476,-0.16473446786403656,-8.090632377388829e-07,100.31221008300781,100.31410217285156,787.68408203125,787.685546875,787.685546875,547.0520629882812,0,0,27.4661808013916,0.0010999999940395355,0.02200000174343586,0.03299999609589577,0.04399999603629112,5655.8173828125,114276.53125,0.0429663360118866,0,3.1392715754918754e-05,507.0938415527344,0,0.0002616529818624258,2.8350639695418067e-05,0,0,23.700000762939453,0,0,1600,0,50,0,0,0,50,50,800,0.0,0.0,0.0,0.0
279,156.90745544433594,306.4141845703125,323.2273864746094,323.1999816894531,289.6301574707031,289.6575622558594,16557.640625,33065.05859375,66.27204132080078,66.27213287353516,1796.6844482421875,3581.348876953125,1793.969970703125,3576.85888671875,281.1135559082031,53.31705856323242,2.189643964811694e-06,0,0,2578.522705078125,1276.368896484375,0,27.471343994140625,2713.49609375,11.834877967834473,11.841089248657227,908.9866943359375,1812.254150390625,50.03567886352539,50.046749114990234,100,0,0,345.712158203125,0,7.924896240234375,22.48477554321289,22.512174606323242,0,1.034000039100647,0.9067617654800415,50,2.799999952316284,2.296160936355591,0,0,0,0,314.99998519276,0,0,0,0.16340339183807373,0.0015035482356324792,-0.1649077981710434,-8.62637534737587e-07,100.31218719482422,100.3140869140625,787.6810913085938,787.6825561523438,787.6825561523438,547.049072265625,0,0,27.471343994140625,0.0010999999940395355,0.02200000174343586,0.03299999609589577,0.04399999603629112,5655.8173828125,114276.53125,0.0429663360118866,0,3.1392715754918754e-05,508.9146423339844,0,0.0002616529818624258,2.8350639695418067e-05,0,0,23.700000762939453,0,0,1600,0,50,0,0,0,50,50,800,0.0,0.0,0.0,0.0
280,156.91192626953125,306.4112854003906,323.22418212890625,323.1968078613281,289.6275329589844,289.6549072265625,16557.640625,33065.05859375,66.26920318603516,66.26929473876953,1796.636962890625,3581.26220703125,1793.967041015625,3576.862060546875,281.1130065917969,53.31570053100586,-2.570156539150048e-06,0,0,2578.50927734375,1276.351806640625,0,27.475074768066406,2713.49560546875,11.834967613220215,11.841154098510742,908.98583984375,1812.2523193359375,50.036766052246094,50.04750442504883,100,0,0,345.71441650390625,0,7.924896240234375,22.490234375,22.51763343811035,0,1.034000039100647,0.9067617654800415,50,2.799999952316284,2.296161413192749,0,0,0,0,314.99998519276,0,0,0,0.1635729968547821,0.0015072333626449108,-0.16508114337921143,-9.162118885797099e-07,100.3121566772461,100.31407165527344,787.6781005859375,787.6796264648438,787.6796264648438,547.0462036132812,0,0,27.475074768066406,0.0010999999940395355,0.02200000174343586,0.03299999609589577,0.04399999603629112,5655.8173828125,114276.53125,0.0429663360118866,0,3.1392715754918754e-05,510.7354431152344,0,0.0002616529818624258,2.8350639695418067e-05,0,0,23.700000762939453,0,0,1600,0,50,0,0,0,50,50,800,0.0,0.0,0.0,0.0
281,156.91641235351562,306.4083557128906,323.220947265625,323.19354248046875,289.62493896484375,289.65234375,16557.640625,33065.05859375,66.26636505126953,66.2664566040039,1796.5899658203125,3581.178466796875,1793.9693603515625,3576.85986328125,281.1124572753906,53.314353942871094,5.048801540397108e-06,0,0,2578.495849609375,1276.3343505859375,0,27.478809356689453,2713.495361328125,11.835053443908691,11.841216087341309,908.9844970703125,1812.250732421875,50.03773498535156,50.048248291015625,100,0,0,345.71673583984375,0,7.924896240234375,22.49579620361328,22.523193359375,0,1.034000039100647,0.9067617654800415,50,2.799999952316284,2.296161651611328,0,0,0,0,314.99998519276,0,0,0,0.1637425720691681,0.0015109184896573424,-0.16525447368621826,-9.891576837617322e-07,100.31214141845703,100.3140640258789,787.6751098632812,787.6766357421875,787.6766357421875,547.043212890625,0,0,27.478809356689453,0.0010999999940395355,0.02200000174343586,0.03299999609589577,0.04399999603629112,5655.8173828125,114276.53125,0.0429663360118866,0,3.1392715754918754e-05,512.5562744140625,0,0.0002616529818624258,2.8350639695418067e-05,0,0,23.700000762939453,0,0,1600,0,50,0,0,0,50,50,800,0.0,0.0,0.0,0.0
282,156.92088317871094,306.40545654296875,323.2176818847656,323.1902770996094,289.62237548828125,289.6497802734375,16557.640625,33065.05859375,66.2635269165039,66.26361846923828,1796.5439453125,3581.09375,1793.9693603515625,3576.859375,281.1119384765625,53.31300354003906,1.4510166010950343e-06,0,0,2578.482421875,1276.3170166015625,0,27.48386001586914,2713.4951171875,11.835137367248535,11.841278076171875,908.983642578125,1812.2489013671875,50.03875732421875,50.04895782470703,100,0,0,345.718994140625,0,7.924896240234375,22.501323699951172,22.52872085571289,0,1.034000039100647,0.9067617654800415,50,2.799999952316284,2.2961621284484863,0,0,0,0,314.99998519276,0,0,0,0.16391214728355408,0.0015146037330850959,-0.1654278188943863,-1.0619522754495847e-06,100.3121109008789,100.31404876708984,787.672119140625,787.6736450195312,787.6736450195312,547.040283203125,0,0,27.48386001586914,0.0010999999940395355,0.02200000174343586,0.03299999609589577,0.04399999603629112,5655.8173828125,114276.53125,0.0429663360118866,0,3.1392715754918754e-05,514.3770751953125,0,0.0002616529818624258,2.8350639695418067e-05,0,0,23.700000762939453,0,0,1600,0,50,0,0,0,50,50,800,0.0,0.0,0.0,0.0
283,156.9253692626953,306.40252685546875,323.2145080566406,323.1871032714844,289.6197204589844,289.6471252441406,16557.640625,33065.05859375,66.26068878173828,66.26078033447266,1796.4974365234375,3581.0107421875,1793.96923828125,3576.85986328125,281.1114196777344,53.311668395996094,1.7726289058828115e-07,0,0,2578.469482421875,1276.2999267578125,0,27.487546920776367,2713.494140625,11.835220336914062,11.841336250305176,908.982666015625,1812.247314453125,50.039730072021484,50.049644470214844,100,0,0,345.7213134765625,0,7.924896240234375,22.506816864013672,22.53421401977539,0,1.034000039100647,0.9067617654800415,50,2.799999952316284,2.2961628437042236,0,0,0,0,314.99998519276,0,0,0,0.16408170759677887,0.001518372562713921,-0.16560114920139313,-1.0705786053222255e-06,100.31208801269531,100.31401824951172,787.6690673828125,787.6705932617188,787.6705932617188,547.0372924804688,0,0,27.487546920776367,0.0010999999940395355,0.02200000174343586,0.03299999609589577,0.04399999603629112,5655.8173828125,114276.53125,0.0429663360118866,0,3.1392715754918754e-05,516.1978759765625,0,0.0002616529818624258,2.8350639695418067e-05,0,0,23.700000762939453,0,0,1600,0,50,0,0,0,50,50,800,0.0,0.0,0.0,0.0
284,156.92984008789062,306.39959716796875,323.2112731933594,323.1838684082031,289.61712646484375,289.6445007324219,16557.640625,33065.05859375,66.25785827636719,66.25794982910156,1796.4520263671875,3580.92822265625,1793.9674072265625,3576.86181640625,281.11090087890625,53.31032943725586,-1.6774986306700157e-06,0,0,2578.4560546875,1276.282958984375,0,27.49391746520996,2713.493896484375,11.835299491882324,11.841392517089844,908.9804077148438,1812.2457275390625,50.0406608581543,50.05031967163086,100,0,0,345.7236022949219,0,7.924896240234375,22.51234245300293,22.53974151611328,0,1.034000039100647,0.9067617654800415,50,2.799999952316284,2.296163320541382,0,0,0,0,314.99998519276,0,0,0,0.16425125300884247,0.0015220578061416745,-0.16577447950839996,-1.1821160796898766e-06,100.31207275390625,100.31400299072266,787.6660766601562,787.6676025390625,787.6676025390625,547.0343017578125,0,0,27.49391746520996,0.0010999999940395355,0.02200000174343586,0.03299999609589577,0.04399999603629112,5655.8173828125,114276.53125,0.0429663360118866,0,3.1392715754918754e-05,518.0186767578125,0,0.0002616529818624258,2.8350639695418067e-05,0,0,23.700000762939453,0,0,1600,0,50,0,0,0,50,50,800,0.0,0.0,0.0,0.0
285,156.93435668945312,306.396728515625,323.2080383300781,323.1806640625,289.614501953125,289.64190673828125,16557.640625,33065.05859375,66.25502014160156,66.25511169433594,1796.406982421875,3580.846923828125,1793.967041015625,3576.862060546875,281.1103515625,53.30901336669922,-4.621356097800344e-08,0,0,2578.44287109375,1276.265625,0,27.496219635009766,2713.492919921875,11.835375785827637,11.841447830200195,908.9794311523438,1812.2442626953125,50.041561126708984,50.050968170166016,100,0,0,345.7259216308594,0,7.924896240234375,22.51786994934082,22.545269012451172,0,1.034000039100647,0.9067617654800415,50,2.799999952316284,2.2961642742156982,0,0,0,0,314.99998519276,0,0,0,0.16441881656646729,0.0015258266357704997,-0.165947824716568,-3.186007916156086e-06,100.31201934814453,100.31397247314453,787.6629638671875,787.66455078125,787.66455078125,547.0313110351562,0,0,27.496219635009766,0.0010999999940395355,0.02200000174343586,0.03299999609589577,0.04399999603629112,5655.8173828125,114276.53125,0.0429663360118866,0,3.1392715754918754e-05,519.8394775390625,0,0.0002616529818624258,2.8350639695418067e-05,0,0,23.700000762939453,0,0,1600,0,50,0,0,0,50,50,800,0.0,0.0,0.0,0.0
286,156.93885803222656,306.393798828125,323.204833984375,323.17742919921875,289.61187744140625,289.6392822265625,16557.640625,33065.05859375,66.25218963623047,66.25227355957031,1796.3621826171875,3580.767333984375,1793.9715576171875,3576.857421875,281.1098327636719,53.307701110839844,2.1660791844624327e-06,0,0,2578.42919921875,1276.2484130859375,0,27.499797821044922,2713.4912109375,11.835450172424316,11.841498374938965,908.9797973632812,1812.2427978515625,50.04244613647461,50.05158615112305,100,0,0,345.7282409667969,0,7.924896240234375,22.52339744567871,22.55079460144043,0,1.034000039100647,0.9067617654800415,50,2.799999952316284,2.296165704727173,0,0,0,0,314.99998519276,0,0,0,0.1645883470773697,0.0015297631034627557,-0.16612115502357483,-3.0463213533948874e-06,100.31182861328125,100.31391143798828,787.6597290039062,787.661376953125,787.661376953125,547.0283203125,0,0,27.499797821044922,0.0010999999940395355,0.02200000174343586,0.03299999609589577,0.04399999603629112,5655.8173828125,114276.53125,0.0429663360118866,0,3.1392715754918754e-05,521.6602783203125,0,0.0002616529818624258,2.8350639695418067e-05,0,0,23.700000762939453,0,0,1600,0,50,0,0,0,50,50,800,0.0,0.0,0.0,0.0
287,156.94337463378906,306.3908996582031,323.20159912109375,323.1742248535156,289.60931396484375,289.63671875,16557.640625,33065.05859375,66.24935150146484,66.24943542480469,1796.3177490234375,3580.6875,1793.9718017578125,3576.857421875,281.10931396484375,53.30638885498047,4.378372068458702e-06,0,0,2578.416015625,1276.2310791015625,0,27.504714965820312,2713.489013671875,11.83552360534668,11.84154987335205,908.9790649414062,1812.2410888671875,50.043357849121094,50.052181243896484,100,0,0,345.73052978515625,0,7.924896240234375,22.5289249420166,22.55632209777832,0,1.034000039100647,0.9067617654800415,50,2.799999952316284,2.2961676120758057,0,0,0,0,314.99998519276,0,0,0,0.1647578477859497,0.0015338669763877988,-0.16629450023174286,-2.7779956326412503e-06,100.31169891357422,100.31382751464844,787.6563110351562,787.6580200195312,787.6580200195312,547.0252075195312,0,0,27.504714965820312,0.0010999999940395355,0.02200000174343586,0.03299999609589577,0.04399999603629112,5655.8173828125,114276.53125,0.0429663360118866,0,3.1392715754918754e-05,523.4810791015625,0,0.0002616529818624258,2.8350639695418067e-05,0,0,23.700000762939453,0,0,1600,0,50,0,0,0,50,50,800,0.0,0.0,0.0,0.0
288,156.94789123535156,306.3879699707031,323.1983642578125,323.17095947265625,289.60675048828125,289.6341247558594,16557.640625,33065.05859375,66.24651336669922,66.2466049194336,1796.273681640625,3580.608154296875,1793.9715576171875,3576.857421875,281.10882568359375,53.30508804321289,-2.302046823388082e-06,0,0,2578.402587890625,1276.2137451171875,0,27.509632110595703,2713.486328125,11.835594177246094,11.841598510742188,908.9781494140625,1812.2396240234375,50.04420852661133,50.05278015136719,100,0,0,345.73284912109375,0,7.924896240234375,22.53448486328125,22.5618839263916,0,1.034000039100647,0.9067617654800415,50,2.799999952316284,2.2961699962615967,0,0,0,0,314.99998519276,0,0,0,0.16492736339569092,0.0015380547847598791,-0.1664678305387497,-2.406456133030588e-06,100.3116226196289,100.31372833251953,787.6530151367188,787.6546630859375,787.6546630859375,547.0220336914062,0,0,27.509632110595703,0.0010999999940395355,0.02200000174343586,0.03299999609589577,0.04399999603629112,5655.8173828125,114276.53125,0.0429663360118866,0,3.1392715754918754e-05,525.3018798828125,0,0.0002616529818624258,2.8350639695418067e-05,0,0,23.700000762939453,0,0,1600,0,50,0,0,0,50,50,800,0.0,0.0,0.0,0.0
289,156.952392578125,306.38507080078125,323.1950988769531,323.1676940917969,289.6041564941406,289.6315612792969,16557.640625,33065.05859375,66.2436752319336,66.24376678466797,1796.23046875,3580.53076171875,1793.97119140625,3576.85791015625,281.1082763671875,53.30377960205078,4.912538997814409e-07,0,0,2578.389404296875,1276.196533203125,0,27.51450538635254,2713.484375,11.835660934448242,11.841645240783691,908.9771728515625,1812.23828125,50.044979095458984,50.053348541259766,100,0,0,345.7351379394531,0,7.924896240234375,22.54004669189453,22.56744384765625,0,1.034000039100647,0.9067617654800415,50,2.799999952316284,2.2961716651916504,0,0,0,0,314.99998519276,0,0,0,0.16509684920310974,0.0015420749550685287,-0.16664116084575653,-2.2411929876398062e-06,100.31155395507812,100.31365966796875,787.6497802734375,787.6513671875,787.6513671875,547.0189819335938,0,0,27.51450538635254,0.0010999999940395355,0.02200000174343586,0.03299999609589577,0.04399999603629112,5655.8173828125,114276.53125,0.0429663360118866,0,3.1392715754918754e-05,527.1226806640625,0,0.0002616529818624258,2.8350639695418067e-05,0,0,23.700000762939453,0,0,1600,0,50,0,0,0,50,50,800,0.0,0.0,0.0,0.0
290,156.9569091796875,306.38214111328125,323.1918640136719,323.1645202636719,289.6015930175781,289.6289367675781,16557.640625,33065.05859375,66.2408447265625,66.24092864990234,1796.1871337890625,3580.454345703125,1793.9708251953125,3576.858154296875,281.1077880859375,53.302486419677734,-5.02714965477935e-06,0,0,2578.375732421875,1276.1793212890625,0,27.516693115234375,2713.482421875,11.835726737976074,11.841689109802246,908.976318359375,1812.2371826171875,50.04576873779297,50.05388259887695,100,0,0,345.7374572753906,0,7.924896240234375,22.545574188232422,22.57293701171875,0,1.034000039100647,0.9067617654800415,50,2.799999952316284,2.296173572540283,0,0,0,0,314.99998519276,0,0,0,0.16526633501052856,0.0015460951253771782,-0.16681450605392456,-2.0759296148753492e-06,100.31149291992188,100.31358337402344,787.646484375,787.6481323242188,787.6481323242188,547.015869140625,0,0,27.516693115234375,0.0010999999940395355,0.02200000174343586,0.03299999609589577,0.04399999603629112,5655.8173828125,114276.53125,0.0429663360118866,0,3.1392715754918754e-05,528.9434814453125,0,0.0002616529818624258,2.8350639695418067e-05,0,0,23.700000762939453,0,0,1600,0,50,0,0,0,50,50,800,0.0,0.0,0.0,0.0
291,156.96141052246094,306.3792419433594,323.1886291503906,323.1612548828125,289.5989990234375,289.6263732910156,16557.640625,33065.05859375,66.23800659179688,66.23809051513672,1796.144775390625,3580.37890625,1793.9705810546875,3576.858154296875,281.1072692871094,53.30119323730469,9.018226876378321e-08,0,0,2578.3623046875,1276.161865234375,0,27.52290916442871,2713.48046875,11.835790634155273,11.841731071472168,908.9755249023438,1812.23583984375,50.046531677246094,50.05438995361328,100,0,0,345.7397766113281,0,7.924896240234375,22.55116844177246,22.578533172607422,0,1.034000039100647,0.9067617654800415,50,2.799999952316284,2.296175241470337,0,0,0,0,314.99998519276,0,0,0,0.1654358208179474,0.0015501152956858277,-0.1669878363609314,-1.9106664694845676e-06,100.31144714355469,100.31351470947266,787.6432495117188,787.6448974609375,787.6448974609375,547.0127563476562,0,0,27.52290916442871,0.0010999999940395355,0.02200000174343586,0.03299999609589577,0.04399999603629112,5655.8173828125,114276.53125,0.0429663360118866,0,3.1392715754918754e-05,530.7642822265625,0,0.0002616529818624258,2.8350639695418067e-05,0,0,23.700000762939453,0,0,1600,0,50,0,0,0,50,50,800,0.0,0.0,0.0,0.0
292,156.96592712402344,306.3763122558594,323.1854248046875,323.1580810546875,289.59637451171875,289.62371826171875,16557.640625,33065.05859375,66.23516845703125,66.23526000976562,1796.10302734375,3580.304443359375,1793.9703369140625,3576.858642578125,281.10675048828125,53.29989242553711,4.045498371851863e-06,0,0,2578.34912109375,1276.144775390625,0,27.52775764465332,2713.478759765625,11.83585262298584,11.841772079467773,908.9747924804688,1812.234619140625,50.04728317260742,50.054874420166016,100,0,0,345.7420959472656,0,7.924896240234375,22.55666160583496,22.584026336669922,0,1.034000039100647,0.9067617654800415,50,2.799999952316284,2.2961769104003906,0,0,0,0,314.99998519276,0,0,0,0.16560527682304382,0.001554135582409799,-0.16716118156909943,-1.7647748791205231e-06,100.31139373779297,100.31344604492188,787.6400146484375,787.6416015625,787.6416015625,547.0097045898438,0,0,27.52775764465332,0.0010999999940395355,0.02200000174343586,0.03299999609589577,0.04399999603629112,5655.8173828125,114276.53125,0.0429663360118866,0,3.1392715754918754e-05,532.5850830078125,0,0.0002616529818624258,2.8350639695418067e-05,0,0,23.700000762939453,0,0,1600,0,50,0,0,0,50,50,800,0.0,0.0,0.0,0.0
293,156.97044372558594,306.3734130859375,323.1822204589844,323.15484619140625,289.59375,289.6211242675781,16557.640625,33065.05859375,66.23233032226562,66.232421875,1796.0616455078125,3580.230224609375,1793.9683837890625,3576.860595703125,281.1062316894531,53.29861068725586,2.7011839165425044e-07,0,0,2578.33544921875,1276.12744140625,0,27.531267166137695,2713.476806640625,11.835911750793457,11.841811180114746,908.9727172851562,1812.2335205078125,50.04798889160156,50.05535125732422,100,0,0,345.7444152832031,0,7.924896240234375,22.56218910217285,22.58955192565918,0,1.034000039100647,0.9067617654800415,50,2.799999952316284,2.2961785793304443,0,0,0,0,314.99998519276,0,0,0,0.16577471792697906,0.0015581557527184486,-0.16733451187610626,-1.6382546164095402e-06,100.31134796142578,100.3133773803711,787.63671875,787.6383666992188,787.6383666992188,547.006591796875,0,0,27.531267166137695,0.0010999999940395355,0.02200000174343586,0.03299999609589577,0.04399999603629112,5655.8173828125,114276.53125,0.0429663360118866,0,3.1392715754918754e-05,534.4058837890625,0,0.0002616529818624258,2.8350639695418067e-05,0,0,23.700000762939453,0,0,1600,0,50,0,0,0,50,50,800,0.0,0.0,0.0,0.0
294,156.97494506835938,306.3704833984375,323.1789855957031,323.1516418457031,289.59112548828125,289.6184997558594,16557.640625,33065.05859375,66.2294921875,66.22958374023438,1796.02099609375,3580.158203125,1793.9681396484375,3576.860595703125,281.105712890625,53.29731750488281,5.387450073612854e-06,0,0,2578.322265625,1276.1102294921875,0,27.53743553161621,2713.47509765625,11.835968971252441,11.84184741973877,908.9719848632812,1812.2322998046875,50.048667907714844,50.055789947509766,100,0,0,345.7467041015625,0,7.924896240234375,22.567716598510742,22.59507942199707,0,1.034000039100647,0.9067617654800415,50,2.799999952316284,2.296180248260498,0,0,0,0,314.99998519276,0,0,0,0.1659441590309143,0.0015620921039953828,-0.1675078421831131,-1.595576804902521e-06,100.3113021850586,100.31331634521484,787.6336059570312,787.6351928710938,787.6351928710938,547.0035400390625,0,0,27.53743553161621,0.0010999999940395355,0.02200000174343586,0.03299999609589577,0.04399999603629112,5655.8173828125,114276.53125,0.0429663360118866,0,3.1392715754918754e-05,536.2266845703125,0,0.0002616529818624258,2.8350639695418067e-05,0,0,23.700000762939453,0,0,1600,0,50,0,0,0,50,50,800,0.0,0.0,0.0,0.0
295,156.97946166992188,306.3675537109375,323.17578125,323.1484069824219,289.5885314941406,289.61590576171875,16557.640625,33065.05859375,66.2266616821289,66.22674560546875,1795.9803466796875,3580.0859375,1793.968017578125,3576.861083984375,281.105224609375,53.29602813720703,4.500545287555724e-07,0,0,2578.308837890625,1276.0928955078125,0,27.540924072265625,2713.47412109375,11.836024284362793,11.841883659362793,908.9712524414062,1812.2313232421875,50.0493278503418,50.05622482299805,100,0,0,345.7490234375,0,7.924896240234375,22.5732421875,22.60060691833496,0,1.034000039100647,0.9067617654800415,50,2.799999952316284,2.2961812019348145,0,0,0,0,314.99998519276,0,0,0,0.16611358523368835,0.0015659447526559234,-0.16768118739128113,-1.6559614550715196e-06,100.31124877929688,100.31327819824219,787.6304321289062,787.632080078125,787.632080078125,547.0005493164062,0,0,27.540924072265625,0.0010999999940395355,0.02200000174343586,0.03299999609589577,0.04399999603629112,5655.8173828125,114276.53125,0.0429663360118866,0,3.1392715754918754e-05,538.0474853515625,0,0.0002616529818624258,2.8350639695418067e-05,0,0,23.700000762939453,0,0,1600,0,50,0,0,0,50,50,800,0.0,0.0,0.0,0.0
296,156.98397827148438,306.3646545410156,323.1725158691406,323.1451416015625,289.5859375,289.6133117675781,16557.640625,33065.05859375,66.22382354736328,66.22391510009766,1795.9403076171875,3580.015869140625,1793.9693603515625,3576.85986328125,281.104736328125,53.29474639892578,-3.3253254514420405e-06,0,0,2578.295654296875,1276.07568359375,0,27.544387817382812,2713.472412109375,11.836077690124512,11.84191608428955,908.9705200195312,1812.227783203125,50.049964904785156,50.056617736816406,100,0,0,345.7513122558594,0,7.924896240234375,22.57880401611328,22.606168746948242,0,1.034000039100647,0.9067617654800415,50,2.799999952316284,2.296182632446289,0,0,0,0,314.99998519276,0,0,0,0.1662830114364624,0.0015698812203481793,-0.16785451769828796,-1.6325037677233922e-06,100.31121063232422,100.31321716308594,787.6273193359375,787.6288452148438,787.6288452148438,546.9974975585938,0,0,27.544387817382812,0.0010999999940395355,0.02200000174343586,0.03299999609589577,0.04399999603629112,5655.8173828125,114276.53125,0.0429663360118866,0,3.1392715754918754e-05,539.8682861328125,0,0.0002616529818624258,2.8350639695418067e-05,0,0,23.700000762939453,0,0,1600,0,50,0,0,0,50,50,800,0.0,0.0,0.0,0.0
297,156.988525390625,306.3617248535156,323.1692810058594,323.1419372558594,289.5833435058594,289.6107177734375,16557.640625,33065.05859375,66.22098541259766,66.22107696533203,1795.9010009765625,3579.946533203125,1793.968994140625,3576.85986328125,281.1042175292969,53.293479919433594,-4.776674359163735e-06,0,0,2578.281982421875,1276.058349609375,0,27.5491943359375,2713.47119140625,11.836128234863281,11.841947555541992,908.9698486328125,1812.2269287109375,50.050559997558594,50.05699920654297,100,0,0,345.753662109375,0,7.924896240234375,22.58436393737793,22.61172866821289,0,1.034000039100647,0.9067617654800415,50,2.799999952316284,2.2961840629577637,0,0,0,0,314.99998519276,0,0,0,0.16645240783691406,0.0015738175716251135,-0.168027862906456,-1.6285688388961717e-06,100.3111343383789,100.31316375732422,787.6240844726562,787.6256713867188,787.6256713867188,546.9944458007812,0,0,27.5491943359375,0.0010999999940395355,0.02200000174343586,0.03299999609589577,0.04399999603629112,5655.8173828125,114276.53125,0.0429663360118866,0,3.1392715754918754e-05,541.6890869140625,0,0.0002616529818624258,2.8350639695418067e-05,0,0,23.700000762939453,0,0,1600,0,50,0,0,0,50,50,800,0.0,0.0,0.0,0.0
298,156.99305725097656,306.35882568359375,323.1661071777344,323.13873291015625,289.5806884765625,289.6080627441406,16557.640625,33065.05859375,66.21815490722656,66.2182388305664,1795.8616943359375,3579.8779296875,1793.971923828125,3576.85693359375,281.1037292480469,53.29222106933594,-5.066007815912599e-06,0,0,2578.268310546875,1276.0408935546875,0,27.552593231201172,2713.469482421875,11.836177825927734,11.841976165771484,908.96923828125,1812.2259521484375,50.0511589050293,50.05735397338867,100,0,0,345.7559509277344,0,7.924896240234375,22.58985710144043,22.61722183227539,0,1.034000039100647,0.9067617654800415,50,2.799999952316284,2.2961854934692383,0,0,0,0,314.99998519276,0,0,0,0.16662178933620453,0.0015777540393173695,-0.16820119321346283,-1.6438542616015184e-06,100.31108856201172,100.31310272216797,787.6209106445312,787.6224975585938,787.6224975585938,546.9913940429688,0,0,27.552593231201172,0.0010999999940395355,0.02200000174343586,0.03299999609589577,0.04399999603629112,5655.8173828125,114276.53125,0.0429663360118866,0,3.1392715754918754e-05,543.5098876953125,0,0.0002616529818624258,2.8350639695418067e-05,0,0,23.700000762939453,0,0,1600,0,50,0,0,0,50,50,800,0.0,0.0,0.0,0.0
299,156.9976043701172,306.35589599609375,323.162841796875,323.135498046875,289.578125,289.60546875,16557.640625,33065.05859375,66.21531677246094,66.21540069580078,1795.8231201171875,3579.809814453125,1793.971923828125,3576.85693359375,281.10321044921875,53.290958404541016,4.6993859541544225e-06,0,0,2578.255126953125,1276.0238037109375,0,27.558671951293945,2713.468017578125,11.836225509643555,11.842005729675293,908.9686889648438,1812.2249755859375,50.0517463684082,50.057701110839844,100,0,0,345.75830078125,0,7.924896240234375,22.5954532623291,22.62281608581543,0,1.034000039100647,0.9067617654800415,50,2.799999952316284,2.296186923980713,0,0,0,0,314.99998519276,0,0,0,0.1667911857366562,0.0015816903905943036,-0.16837452352046967,-1.6592908878010348e-06,100.31101989746094,100.31304931640625,787.61767578125,787.6193237304688,787.6193237304688,546.9883422851562,0,0,27.558671951293945,0.0010999999940395355,0.02200000174343586,0.03299999609589577,0.04399999603629112,5655.8173828125,114276.53125,0.0429663360118866,0,3.1392715754918754e-05,545.3306884765625,0,0.0002616529818624258,2.8350639695418067e-05,0,0,23.700000762939453,0,0,1600,0,50,0,0,0,50,50,800,0.0,0.0,0.0,0.0
