TIME,P,TAVG,THA,THB,TCA,TCB,WRCA,WRCB,PSGA,PSGB,WFWA,WFWB,WSTA,WSTB,VOL,LVPZ,VOID,WLR,WUP,HUP,HLW,WHPI,WECS,QMWT,LSGA,LSGB,QMGA,QMGB,NSGA,NSGB,TBLD,WTRA,WTRB,TSAT,QRHR,LVCR,SCMA,SCMB,FRCL,PRB,PRBA,TRB,LWRB,DNBR,QFCL,WBK,WSPY,WCSP,HTR,MH2,CNH2,RHBR,RHMT,RHFL,RHRD,RH,PWNT,PWR,TFSB,TFPK,TF,TPCT,WCFT,WLPI,WCHG,RM1,RM2,RM3,RM4,RC87,RC131,STRB,STSG,STTB,RBLK,SGLK,DTHY,DWB,WRLA,WRLB,WLD,MBK,EBK,TKLV,FRZR,TDBR,MDBR,MCRT,MGAS,TCRT,TSLP,PPM,Pad_Col_0,Pad_Col_1,Pad_Col_2,Pad_Col_3
0,158.1999969482422,309.1399841308594,326.1538391113281,326.11614990234375,292.1261291503906,292.1638488769531,16515.818359375,33031.63671875,69.00464630126953,69.0042495727539,1790.2763671875,3580.552734375,1792.9256591796875,3577.9033203125,284.552001953125,62.0,1.8346643173572375e-06,0,0,2574.662353515625,1291.7806396484375,0,23.700000762939453,2705.0,11.830000877380371,11.830000877380371,910.2337036132812,1816.4324951171875,50.0,50.0,100,0,0,346.3753967285156,0,7.924896240234375,20.2215576171875,20.25926399230957,0,1.034000039100647,0.9067617654800415,50,2.799999952316284,2.3000001907348633,0,0,0,0,0.0,0,0,0,0.0,0.0,0.0,0.0,100.0,100.0,788.9000244140625,788.9000244140625,788.9000244140625,549.02001953125,0,0,23.700000762939453,0.0010999999940395355,0.02200000174343586,0.03299999609589577,0.04399999603629112,5655.8173828125,114276.53125,0.0429663360118866,0,3.1392715754918754e-05,0.9104048013687134,0,0.0002616529818624258,2.8350639695418067e-05,0,0,23.700000762939453,0,0,1600,0,50,0,0,0,50,50,800,0.0,0.0,0.0,0.0
1,158.18841552734375,309.1293029785156,326.15203857421875,326.1136169433594,292.124755859375,292.16314697265625,16515.818359375,33031.63671875,69.01226043701172,69.01177978515625,1790.602783203125,3580.143310546875,1793.5780029296875,3577.251220703125,284.549560546875,61.99385070800781,1.1948225164815085e-06,0,0,2574.67333984375,1291.7650146484375,0,-5.413074859461631e-07,2705.042236328125,11.830011367797852,11.830208778381348,909.8095703125,1815.0777587890625,50.035274505615234,49.98440170288086,100,0,0,346.37347412109375,0,7.924896240234375,20.22142219543457,20.25984001159668,0,1.034000039100647,0.9067617654800415,50,2.799999952316284,2.299964189529419,0,0,0,0,1.0797373766589098,0,0,0,0.0006594851147383451,0.0,-0.0015600001206621528,-0.0009005150059238076,99.96749114990234,100.0015640258789,788.8731689453125,788.9000244140625,788.9000244140625,549.0162353515625,0,0,-5.413074859461631e-07,0.0010999999940395355,0.02200000174343586,0.03299999609589577,0.04399999603629112,5655.8173828125,114276.53125,0.0429663360118866,0,3.1392715754918754e-05,2.7312145233154297,0,0.0002616529818624258,2.8350639695418067e-05,0,0,23.700000762939453,0,0,1600,0,50,0,0,0,50,50,800,0.0,0.0,0.0,0.0
2,158.1675262451172,309.12493896484375,326.1483154296875,326.1091613769531,292.1241760253906,292.1632995605469,16515.818359375,33031.63671875,69.01803588867188,69.0175552368164,1790.5333251953125,3579.734130859375,1793.615478515625,3577.21337890625,284.5380859375,61.96484375,-2.958219738502521e-06,0,0,2574.7265625,1291.7884521484375,0,-5.413074859461631e-07,2704.3740234375,11.82996940612793,11.830388069152832,909.370849609375,1814.1856689453125,50.041473388671875,49.99057388305664,100,0,0,346.3643798828125,0,7.924896240234375,20.216064453125,20.255229949951172,0,1.034000039100647,0.9067617654800415,50,2.799999952316284,2.300532579421997,0,0,0,0,6.150646839793775,0,0,0,0.0009295160416513681,0.00015318569785449654,-0.0031200002413243055,-0.002037298632785678,99.76207733154297,99.97686004638672,788.60693359375,788.7760009765625,788.7760009765625,548.9514770507812,0,0,-5.413074859461631e-07,0.0010999999940395355,0.02200000174343586,0.03299999609589577,0.04399999603629112,5655.8173828125,114276.53125,0.0429663360118866,0,3.1392715754918754e-05,4.552023887634277,0,0.0002616529818624258,2.8350639695418067e-05,0,0,23.700000762939453,0,0,1600,0,50,0,0,0,50,50,800,0.0,0.0,0.0,0.0
3,158.1438446044922,309.1209716796875,326.1436462402344,326.1038513183594,292.1239013671875,292.1636657714844,16515.818359375,33031.63671875,69.02269744873047,69.02222442626953,1790.1976318359375,3578.908203125,1793.61767578125,3577.21142578125,284.52337646484375,61.92770767211914,-8.578200549891335e-07,0,0,2574.794189453125,1291.8045654296875,0,-5.413074859461631e-07,2702.1162109375,11.82989501953125,11.830533981323242,909.0242309570312,1813.486572265625,50.05743408203125,50.00893020629883,100,0,0,346.3528137207031,0,7.924896240234375,20.20918083190918,20.24895668029785,0,1.034000039100647,0.9067617654800415,50,2.799999952316284,2.302454948425293,0,0,0,0,12.62425044785463,0,0,0,0.0011744056828320026,0.0006526096258312464,-0.0046800002455711365,-0.0028529844712466,99.5141372680664,99.89338684082031,788.0730590820312,788.37158203125,788.37158203125,548.747314453125,0,0,-5.413074859461631e-07,0.0010999999940395355,0.02200000174343586,0.03299999609589577,0.04399999603629112,5655.8173828125,114276.53125,0.0429663360118866,0,3.1392715754918754e-05,6.372833251953125,0,0.0002616529818624258,2.8350639695418067e-05,0,0,23.700000762939453,0,0,1600,0,50,0,0,0,50,50,800,0.0,0.0,0.0,0.0
4,158.11827087402344,309.1155700683594,326.13812255859375,326.09783935546875,292.1236267089844,292.16387939453125,16515.818359375,33031.63671875,69.0263671875,69.02590942382812,1789.6734619140625,3577.73681640625,1793.615478515625,3577.213623046875,284.50732421875,61.88718032836914,-4.758046088682022e-06,0,0,2574.867919921875,1291.8121337890625,0,-5.413074859461631e-07,2698.53466796875,11.829784393310547,11.830638885498047,908.6812133789062,1812.7967529296875,50.08257293701172,50.03666305541992,100,0,0,346.3402099609375,0,7.924896240234375,20.20209503173828,20.24237823486328,0,1.034000039100647,0.9067617654800415,50,2.799999952316284,2.3055105209350586,0,0,0,0,19.6666442036544,0,0,0,0.0015071709640324116,0.001442659180611372,-0.006240000016987324,-0.00329016987234354,99.28265380859375,99.760986328125,787.3553466796875,787.7318725585938,787.7318725585938,548.4252319335938,0,0,-5.413074859461631e-07,0.0010999999940395355,0.02200000174343586,0.03299999609589577,0.04399999603629112,5655.8173828125,114276.53125,0.0429663360118866,0,3.1392715754918754e-05,8.193642616271973,0,0.0002616529818624258,2.8350639695418067e-05,0,0,23.700000762939453,0,0,1600,0,50,0,0,0,50,50,800,0.0,0.0,0.0,0.0
5,158.09019470214844,309.107666015625,326.13153076171875,326.0908508300781,292.1228332519531,292.1635437011719,16515.818359375,33031.63671875,69.02896118164062,69.02851104736328,1789.0499267578125,3576.37060546875,1793.614013671875,3577.21484375,284.4898376464844,61.84299087524414,-2.7317742024024483e-06,0,0,2574.94775390625,1291.81005859375,0,-5.413074859461631e-07,2694.180419921875,11.829629898071289,11.830697059631348,908.2930297851562,1812.015380859375,50.112945556640625,50.06955337524414,100,0,0,346.3265380859375,0,7.924896240234375,20.19500732421875,20.235698699951172,0,1.034000039100647,0.9067617654800415,50,2.799999952316284,2.309236764907837,0,0,0,0,27.32121070496497,0,0,0,0.0019947378896176815,0.002404487691819668,-0.007799999788403511,-0.003400773974135518,99.0687026977539,99.60001373291016,786.5348510742188,786.9530639648438,786.9530639648438,548.0325317382812,0,0,-5.413074859461631e-07,0.0010999999940395355,0.02200000174343586,0.03299999609589577,0.04399999603629112,5655.8173828125,114276.53125,0.0429663360118866,0,3.1392715754918754e-05,10.014452934265137,0,0.0002616529818624258,2.8350639695418067e-05,0,0,23.700000762939453,0,0,1600,0,50,0,0,0,50,50,800,0.0,0.0,0.0,0.0
6,158.05894470214844,309.09686279296875,326.12353515625,326.08245849609375,292.1212463378906,292.1623229980469,16515.818359375,33031.63671875,69.0302734375,69.02983093261719,1788.3912353515625,3574.938232421875,1793.612060546875,3577.217041015625,284.47039794921875,61.793922424316406,6.87012288835831e-07,0,0,2575.036376953125,1291.7984619140625,0,-5.413074859461631e-07,2689.47900390625,11.829421043395996,11.83069896697998,907.8403930664062,1811.106201171875,50.14519119262695,50.1043701171875,100,0,0,346.3113708496094,0,7.924896240234375,20.18785285949707,20.22891616821289,0,1.034000039100647,0.9067617654800415,50,2.799999952316284,2.3132734298706055,0,0,0,0,35.7952231457505,0,0,0,0.0026621303986757994,0.0034457987640053034,-0.009359999559819698,-0.0032520703971385956,98.88802337646484,99.42620849609375,785.686279296875,786.1099243164062,786.1099243164062,547.6062622070312,0,0,-5.413074859461631e-07,0.0010999999940395355,0.02200000174343586,0.03299999609589577,0.04399999603629112,5655.8173828125,114276.53125,0.0429663360118866,0,3.1392715754918754e-05,11.8352632522583,0,0.0002616529818624258,2.8350639695418067e-05,0,0,23.700000762939453,0,0,1600,0,50,0,0,0,50,50,800,0.0,0.0,0.0,0.0
7,158.02418518066406,309.08306884765625,326.11383056640625,326.0724792480469,292.1184997558594,292.15985107421875,16515.818359375,33031.63671875,69.03003692626953,69.02960205078125,1787.76123046875,3573.559814453125,1793.6112060546875,3577.218017578125,284.44866943359375,61.739112854003906,1.8193782125308644e-06,0,0,2575.135009765625,1291.7762451171875,0,-5.413074859461631e-07,2684.847412109375,11.829155921936035,11.830642700195312,907.328369140625,1810.077392578125,50.17629623413086,50.1379508972168,100,0,0,346.2944641113281,0,7.924896240234375,20.180631637573242,20.22199821472168,0,1.034000039100647,0.9067617654800415,50,2.799999952316284,2.3172640800476074,0,0,0,0,45.24292226804169,0,0,0,0.0035134044010192156,0.0044755516573786736,-0.01092000026255846,-0.002931043738499284,98.75253295898438,99.25498962402344,784.880615234375,785.276123046875,785.276123046875,547.1832275390625,0,0,-5.413074859461631e-07,0.0010999999940395355,0.02200000174343586,0.03299999609589577,0.04399999603629112,5655.8173828125,114276.53125,0.0429663360118866,0,3.1392715754918754e-05,13.656073570251465,0,0.0002616529818624258,2.8350639695418067e-05,0,0,23.700000762939453,0,0,1600,0,50,0,0,0,50,50,800,0.0,0.0,0.0,0.0
8,157.9860076904297,309.066650390625,326.1023254394531,326.0606994628906,292.11419677734375,292.1557922363281,16515.818359375,33031.63671875,69.02820587158203,69.02778625488281,1787.1925048828125,3572.30859375,1793.6090087890625,3577.22021484375,284.42462158203125,61.67833709716797,-1.7069298792193877e-06,0,0,2575.244140625,1291.7445068359375,0,-5.413074859461631e-07,2680.5732421875,11.828834533691406,11.830523490905762,906.7678833007812,1808.953369140625,50.204010009765625,50.16819381713867,100,0,0,346.2757873535156,0,7.924896240234375,20.173442840576172,20.2150821685791,0,1.034000039100647,0.9067617654800415,50,2.799999952316284,2.3209588527679443,0,0,0,0,55.69805691027495,0,0,0,0.004525399766862392,0.0054305121302604675,-0.012480000033974648,-0.0025240874383598566,98.65017700195312,99.09697723388672,784.1511840820312,784.5028686523438,784.5028686523438,546.7890014648438,0,0,-5.413074859461631e-07,0.0010999999940395355,0.02200000174343586,0.03299999609589577,0.04399999603629112,5655.8173828125,114276.53125,0.0429663360118866,0,3.1392715754918754e-05,15.476883888244629,0,0.0002616529818624258,2.8350639695418067e-05,0,0,23.700000762939453,0,0,1600,0,50,0,0,0,50,50,800,0.0,0.0,0.0,0.0
9,157.94485473632812,309.0480651855469,326.0888977050781,326.04705810546875,292.1083068847656,292.150146484375,16515.818359375,33031.63671875,69.02459716796875,69.0241928100586,1786.7166748046875,3571.2412109375,1793.6063232421875,3577.222412109375,284.39837646484375,61.61204528808594,-5.147405317984521e-06,0,0,2575.36279296875,1291.70263671875,0,-5.413074859461631e-07,2676.840576171875,11.828454971313477,11.830347061157227,906.1849975585938,1807.78125,50.227108001708984,50.193702697753906,100,0,0,346.2554016113281,0,7.924896240234375,20.16649055480957,20.20833396911621,0,1.034000039100647,0.9067617654800415,50,2.799999952316284,2.324195384979248,0,0,0,0,67.07386388875977,0,0,0,0.005670780315995216,0.006269809324294329,-0.014039999805390835,-0.0020994096994400024,98.5724868774414,98.958984375,783.51904296875,783.8232421875,783.8232421875,546.4404296875,0,0,-5.413074859461631e-07,0.0010999999940395355,0.02200000174343586,0.03299999609589577,0.04399999603629112,5655.8173828125,114276.53125,0.0429663360118866,0,3.1392715754918754e-05,17.297693252563477,0,0.0002616529818624258,2.8350639695418067e-05,0,0,23.700000762939453,0,0,1600,0,50,0,0,0,50,50,800,0.0,0.0,0.0,0.0
10,157.9013214111328,309.0278625488281,326.07373046875,326.03167724609375,292.1005859375,292.1426696777344,16515.818359375,33031.63671875,69.01917266845703,69.01876831054688,1786.3348388671875,3570.36181640625,1793.6014404296875,3577.227294921875,284.3702697753906,61.541072845458984,1.7455681700084824e-06,0,0,2575.489990234375,1291.6517333984375,0,-5.413074859461631e-07,2673.68408203125,11.828023910522461,11.830114364624023,905.6011962890625,1806.6103515625,50.24528121948242,50.21430206298828,100,0,0,346.2336730957031,0,7.924896240234375,20.15994644165039,20.201993942260742,0,1.034000039100647,0.9067617654800415,50,2.799999952316284,2.326939344406128,0,0,0,0,79.22572716746126,0,0,0,0.006915962789207697,0.006985234562307596,-0.015599999576807022,-0.0016988021088764071,98.52466583251953,98.84229278564453,782.9939575195312,783.2439575195312,783.2439575195312,546.1410522460938,0,0,-5.413074859461631e-07,0.0010999999940395355,0.02200000174343586,0.03299999609589577,0.04399999603629112,5655.8173828125,114276.53125,0.0429663360118866,0,3.1392715754918754e-05,19.118501663208008,0,0.0002616529818624258,2.8350639695418067e-05,0,0,23.700000762939453,0,0,1600,0,50,0,0,0,50,50,800,0.0,0.0,0.0,0.0
11,157.85604858398438,309.0065612792969,326.0570373535156,326.0148010253906,292.091064453125,292.13336181640625,16515.818359375,33031.63671875,69.01194763183594,69.01155090332031,1786.042724609375,3569.66357421875,1793.5994873046875,3577.229248046875,284.3407287597656,61.466468811035156,-2.058368409052491e-06,0,0,2575.622802734375,1291.59228515625,0,-5.413074859461631e-07,2671.109130859375,11.827545166015625,11.829828262329102,905.03759765625,1805.47998046875,50.25859832763672,50.22996139526367,100,0,0,346.2109069824219,0,7.924896240234375,20.15387725830078,20.19612693786621,0,1.034000039100647,0.9067617654800415,50,2.799999952316284,2.3291823863983154,0,0,0,0,91.96084682476764,0,0,0,0.008227411657571793,0.007574944291263819,-0.017159998416900635,-0.0013576425844803452,98.4845199584961,98.74710083007812,782.5597534179688,782.7664794921875,782.7664794921875,545.891845703125,0,0,-5.413074859461631e-07,0.0010999999940395355,0.02200000174343586,0.03299999609589577,0.04399999603629112,5655.8173828125,114276.53125,0.0429663360118866,0,3.1392715754918754e-05,20.93931007385254,0,0.0002616529818624258,2.8350639695418067e-05,0,0,23.700000762939453,0,0,1600,0,50,0,0,0,50,50,800,0.0,0.0,0.0,0.0
12,157.8096466064453,308.9845886230469,326.0390930175781,325.9966735839844,292.0798034667969,292.1222229003906,16515.818359375,33031.63671875,69.00301361083984,69.00262451171875,1785.8328857421875,3569.130126953125,1793.598876953125,3577.229736328125,284.3101501464844,61.389244079589844,-8.567116651647666e-07,0,0,2575.759521484375,1291.525146484375,0,-5.413074859461631e-07,2669.03857421875,11.827021598815918,11.829497337341309,904.5108642578125,1804.4208984375,50.267662048339844,50.24134826660156,100,0,0,346.1873779296875,0,7.924896240234375,20.148283004760742,20.190702438354492,0,1.034000039100647,0.9067617654800415,50,2.799999952316284,2.330989360809326,0,0,0,0,105.10568442217836,0,0,0,0.009579993784427643,0.00805527251213789,-0.018719999119639397,-0.0010847324738278985,98.45745086669922,98.6705551147461,782.2097778320312,782.3775634765625,782.3775634765625,545.6865844726562,0,0,-5.413074859461631e-07,0.0010999999940395355,0.02200000174343586,0.03299999609589577,0.04399999603629112,5655.8173828125,114276.53125,0.0429663360118866,0,3.1392715754918754e-05,22.76011848449707,0,0.0002616529818624258,2.8350639695418067e-05,0,0,23.700000762939453,0,0,1600,0,50,0,0,0,50,50,800,0.0,0.0,0.0,0.0
13,157.7626190185547,308.9622802734375,326.02020263671875,325.9776611328125,292.06683349609375,292.109375,16515.818359375,33031.63671875,68.99248504638672,68.99211120605469,1785.6865234375,3568.7255859375,1793.593505859375,3577.2353515625,284.27886962890625,61.310302734375,4.784824795933673e-06,0,0,2575.8994140625,1291.451416015625,0,-5.413074859461631e-07,2667.379150390625,11.826460838317871,11.829124450683594,904.0283813476562,1803.452880859375,50.27323913574219,50.249210357666016,100,0,0,346.1634216308594,0,7.924896240234375,20.14319610595703,20.18575096130371,0,1.034000039100647,0.9067617654800415,50,2.799999952316284,2.332439661026001,0,0,0,0,118.50117479354523,0,0,0,0.010952791199088097,0.00844615139067173,-0.02027999795973301,-0.0008810562430880964,98.4400863647461,98.60920715332031,781.9279174804688,782.06103515625,782.06103515625,545.5172729492188,0,0,-5.413074859461631e-07,0.0010999999940395355,0.02200000174343586,0.03299999609589577,0.04399999603629112,5655.8173828125,114276.53125,0.0429663360118866,0,3.1392715754918754e-05,24.5809268951416,0,0.0002616529818624258,2.8350639695418067e-05,0,0,23.700000762939453,0,0,1600,0,50,0,0,0,50,50,800,0.0,0.0,0.0,0.0
14,157.71533203125,308.9398193359375,326.0006408691406,325.95794677734375,292.0522766113281,292.0949401855469,16515.818359375,33031.63671875,68.98050689697266,68.98014831542969,1785.596923828125,3568.435546875,1793.5909423828125,3577.238037109375,284.2472229003906,61.23037338256836,-1.7900961211125832e-06,0,0,2576.040283203125,1291.37109375,0,-5.413074859461631e-07,2666.076904296875,11.8258695602417,11.828718185424805,903.595703125,1802.5845947265625,50.275760650634766,50.2540283203125,100,0,0,346.13922119140625,0,7.924896240234375,20.13858413696289,20.1812744140625,0,1.034000039100647,0.9067617654800415,50,2.799999952316284,2.3335788249969482,0,0,0,0,132.01717517518574,0,0,0,0.012333263643085957,0.008759056217968464,-0.02184000052511692,-0.0007476797327399254,98.42189025878906,98.56106567382812,781.6980590820312,781.8076782226562,781.8076782226562,545.37939453125,0,0,-5.413074859461631e-07,0.0010999999940395355,0.02200000174343586,0.03299999609589577,0.04399999603629112,5655.8173828125,114276.53125,0.0429663360118866,0,3.1392715754918754e-05,26.401735305786133,0,0.0002616529818624258,2.8350639695418067e-05,0,0,23.700000762939453,0,0,1600,0,50,0,0,0,50,50,800,0.0,0.0,0.0,0.0
15,157.66810607910156,308.91741943359375,325.980712890625,325.9379577636719,292.03619384765625,292.0789794921875,16515.818359375,33031.63671875,68.96724700927734,68.96688842773438,1785.546875,3568.224609375,1793.590087890625,3577.23876953125,284.21539306640625,61.150001525878906,-1.3117726211930858e-06,0,0,2576.181640625,1291.28564453125,0,-5.413074859461631e-07,2665.017333984375,11.825250625610352,11.828280448913574,903.2147827148438,1801.8170166015625,50.276206970214844,50.25667953491211,100,0,0,346.1150207519531,0,7.924896240234375,20.13431167602539,20.17707061767578,0,1.034000039100647,0.9067617654800415,50,2.799999952316284,2.3345065116882324,0,0,0,0,145.557277558881,0,0,0,0.013710983097553253,0.009018860757350922,-0.023400001227855682,-0.0006701585953123868,98.40299987792969,98.52189636230469,781.5037231445312,781.5972900390625,781.5972900390625,545.262939453125,0,0,-5.413074859461631e-07,0.0010999999940395355,0.02200000174343586,0.03299999609589577,0.04399999603629112,5655.8173828125,114276.53125,0.0429663360118866,0,3.1392715754918754e-05,28.222543716430664,0,0.0002616529818624258,2.8350639695418067e-05,0,0,23.700000762939453,0,0,1600,0,50,0,0,0,50,50,800,0.0,0.0,0.0,0.0
16,157.62109375,308.8951110839844,325.96063232421875,325.9178161621094,292.0187683105469,292.0616149902344,16515.818359375,33031.63671875,68.95283508300781,68.9524917602539,1785.524658203125,3568.069091796875,1793.587890625,3577.24072265625,284.18353271484375,61.06957244873047,1.0871691529246164e-06,0,0,2576.322021484375,1291.1954345703125,0,-5.413074859461631e-07,2664.119873046875,11.824609756469727,11.827818870544434,902.882568359375,1801.1485595703125,50.27520751953125,50.25782775878906,100,0,0,346.09088134765625,0,7.924896240234375,20.1302433013916,20.17306900024414,0,1.034000039100647,0.9067617654800415,50,2.799999952316284,2.3352928161621094,0,0,0,0,159.0539963388777,0,0,0,0.015081784687936306,0.009242985397577286,-0.024960003793239594,-0.000635234173387289,98.37557220458984,98.48872375488281,781.3267822265625,781.4158325195312,781.4158325195312,545.1610717773438,0,0,-5.413074859461631e-07,0.0010999999940395355,0.02200000174343586,0.03299999609589577,0.04399999603629112,5655.8173828125,114276.53125,0.0429663360118866,0,3.1392715754918754e-05,30.043352127075195,0,0.0002616529818624258,2.8350639695418067e-05,0,0,23.700000762939453,0,0,1600,0,50,0,0,0,50,50,800,0.0,0.0,0.0,0.0
17,157.57432556152344,308.87286376953125,325.9397888183594,325.8968200683594,292.00091552734375,292.04388427734375,16515.818359375,33031.63671875,68.93743133544922,68.93709564208984,1785.5128173828125,3567.93603515625,1793.5819091796875,3577.246826171875,284.1517333984375,60.98924255371094,-2.679157205420779e-06,0,0,2576.4619140625,1291.1009521484375,0,-5.413074859461631e-07,2663.273681640625,11.823949813842773,11.827336311340332,902.5924682617188,1800.5655517578125,50.27354049682617,50.25837707519531,100,0,0,346.0668640136719,0,7.924896240234375,20.12708854675293,20.17005157470703,0,1.034000039100647,0.9067617654800415,50,2.799999952316284,2.3360350131988525,0,0,0,0,172.48322951312122,0,0,0,0.0164477601647377,0.009455887600779533,-0.026520006358623505,-0.0006163590587675571,98.35675048828125,98.45743560791016,781.1641845703125,781.2434692382812,781.2434692382812,545.063720703125,0,0,-5.413074859461631e-07,0.0010999999940395355,0.02200000174343586,0.03299999609589577,0.04399999603629112,5655.8173828125,114276.53125,0.0429663360118866,0,3.1392715754918754e-05,31.864160537719727,0,0.0002616529818624258,2.8350639695418067e-05,0,0,23.700000762939453,0,0,1600,0,50,0,0,0,50,50,800,0.0,0.0,0.0,0.0
18,157.52783203125,308.8506774902344,325.9175109863281,325.87445068359375,291.9835205078125,292.02655029296875,16515.818359375,33031.63671875,68.92115020751953,68.92082214355469,1785.511962890625,3567.8251953125,1793.5792236328125,3577.25,284.1199645996094,60.9090461730957,3.254053353884956e-06,0,0,2576.60107421875,1291.00244140625,0,-5.413074859461631e-07,2662.48828125,11.823273658752441,11.82683277130127,902.3402709960938,1800.057373046875,50.271270751953125,50.258209228515625,100,0,0,346.04296875,0,7.924896240234375,20.12546157836914,20.16852569580078,0,1.034000039100647,0.9067617654800415,50,2.799999952316284,2.336724042892456,0,0,0,0,185.83533628078956,0,0,0,0.01780891604721546,0.009655389003455639,-0.028080008924007416,-0.0006157040479592979,98.32926940917969,98.42839813232422,781.0038452148438,781.0819091796875,781.0819091796875,544.9718627929688,0,0,-5.413074859461631e-07,0.0010999999940395355,0.02200000174343586,0.03299999609589577,0.04399999603629112,5655.8173828125,114276.53125,0.0429663360118866,0,3.1392715754918754e-05,33.68497085571289,0,0.0002616529818624258,2.8350639695418067e-05,0,0,23.700000762939453,0,0,1600,0,50,0,0,0,50,50,800,0.0,0.0,0.0,0.0
19,157.48155212402344,308.82843017578125,325.8940734863281,325.8509521484375,291.9664001464844,292.0094909667969,16515.818359375,33031.63671875,68.90409851074219,68.9037857055664,1785.5181884765625,3567.7275390625,1793.58154296875,3577.24755859375,284.0882568359375,60.828948974609375,3.021996235474944e-06,0,0,2576.7392578125,1290.9005126953125,0,-5.413074859461631e-07,2661.7158203125,11.822586059570312,11.826314926147461,902.1188354492188,1799.607666015625,50.26878356933594,50.25774383544922,100,0,0,346.01922607421875,0,7.924896240234375,20.12515640258789,20.16828727722168,0,1.034000039100647,0.9067617654800415,50,2.799999952316284,2.337402105331421,0,0,0,0,199.11512899488068,0,0,0,0.019173577427864075,0.00985195953398943,-0.029640011489391327,-0.0006144745857454836,98.302001953125,98.39984893798828,780.845703125,780.9227294921875,780.9227294921875,544.881103515625,0,0,-5.413074859461631e-07,0.0010999999940395355,0.02200000174343586,0.03299999609589577,0.04399999603629112,5655.8173828125,114276.53125,0.0429663360118866,0,3.1392715754918754e-05,35.50577926635742,0,0.0002616529818624258,2.8350639695418067e-05,0,0,23.700000762939453,0,0,1600,0,50,0,0,0,50,50,800,0.0,0.0,0.0,0.0
20,157.4353790283203,308.80609130859375,325.8698425292969,325.8266296386719,291.94940185546875,291.9925537109375,16515.818359375,33031.63671875,68.88636779785156,68.88605499267578,1785.529052734375,3567.64306640625,1793.5755615234375,3577.253173828125,284.0565185546875,60.748817443847656,-2.439131094433833e-06,0,0,2576.876953125,1290.7952880859375,0,-5.413074859461631e-07,2660.955322265625,11.821884155273438,11.825780868530273,901.9202270507812,1799.20654296875,50.266014099121094,50.25703430175781,100,0,0,345.9955139160156,0,7.924896240234375,20.125699996948242,20.16889762878418,0,1.034000039100647,0.9067617654800415,50,2.799999952316284,2.3380703926086426,0,0,0,0,212.35156224751242,0,0,0,0.020543815568089485,0.010046101175248623,-0.03120001219213009,-0.000610096612945199,98.27487182617188,98.3717269897461,780.6893310546875,780.7655639648438,780.7655639648438,544.7913818359375,0,0,-5.413074859461631e-07,0.0010999999940395355,0.02200000174343586,0.03299999609589577,0.04399999603629112,5655.8173828125,114276.53125,0.0429663360118866,0,3.1392715754918754e-05,37.32658767700195,0,0.0002616529818624258,2.8350639695418067e-05,0,0,23.700000762939453,0,0,1600,0,50,0,0,0,50,50,800,0.0,0.0,0.0,0.0
21,157.38926696777344,308.7835998535156,325.84490966796875,325.8016662597656,291.9324035644531,291.97564697265625,16515.818359375,33031.63671875,68.86800384521484,68.8676986694336,1785.5450439453125,3567.567626953125,1793.572998046875,3577.256103515625,284.02471923828125,60.66853332519531,7.666357078051078e-07,0,0,2577.014404296875,1290.6873779296875,0,-5.413074859461631e-07,2660.204345703125,11.821175575256348,11.825234413146973,901.7409057617188,1798.8438720703125,50.263092041015625,50.25608444213867,100,0,0,345.9718933105469,0,7.924896240234375,20.12698745727539,20.17022132873535,0,1.034000039100647,0.9067617654800415,50,2.799999952316284,2.3387300968170166,0,0,0,0,225.56388545067637,0,0,0,0.021921701729297638,0.010238232091069221,-0.03276001662015915,-0.0006000821595080197,98.24827575683594,98.3439712524414,780.5346069335938,780.6099853515625,780.6099853515625,544.7024536132812,0,0,-5.413074859461631e-07,0.0010999999940395355,0.02200000174343586,0.03299999609589577,0.04399999603629112,5655.8173828125,114276.53125,0.0429663360118866,0,3.1392715754918754e-05,39.147396087646484,0,0.0002616529818624258,2.8350639695418067e-05,0,0,23.700000762939453,0,0,1600,0,50,0,0,0,50,50,800,0.0,0.0,0.0,0.0
22,157.34317016601562,308.76092529296875,325.8194885253906,325.7762145996094,291.91534423828125,291.9586486816406,16515.818359375,33031.63671875,68.84906768798828,68.8487777709961,1785.5667724609375,3567.50244140625,1793.5723876953125,3577.2568359375,283.99285888671875,60.5880126953125,-1.4287387273270724e-07,0,0,2577.151611328125,1290.5760498046875,0,-5.413074859461631e-07,2659.46630859375,11.820454597473145,11.824676513671875,901.5784912109375,1798.5118408203125,50.25996017456055,50.25489044189453,100,0,0,345.94830322265625,0,7.924896240234375,20.12881851196289,20.172086715698242,0,1.034000039100647,0.9067617654800415,50,2.799999952316284,2.339379072189331,0,0,0,0,238.76173940519445,0,0,0,0.023311376571655273,0.010427766479551792,-0.03432001918554306,-0.0005808740970678627,98.22265625,98.31668853759766,780.3825073242188,780.4564819335938,780.4564819335938,544.6143798828125,0,0,-5.413074859461631e-07,0.0010999999940395355,0.02200000174343586,0.03299999609589577,0.04399999603629112,5655.8173828125,114276.53125,0.0429663360118866,0,3.1392715754918754e-05,40.968204498291016,0,0.0002616529818624258,2.8350639695418067e-05,0,0,23.700000762939453,0,0,1600,0,50,0,0,0,50,50,800,0.0,0.0,0.0,0.0
23,157.29701232910156,308.738037109375,325.7936096191406,325.7502746582031,291.8981628417969,291.9415283203125,16515.818359375,33031.63671875,68.82960510253906,68.82931518554688,1785.5992431640625,3567.464111328125,1793.5721435546875,3577.2568359375,283.9608154296875,60.50714111328125,-1.3264231029097573e-06,0,0,2577.2890625,1290.4627685546875,0,-5.413074859461631e-07,2658.776611328125,11.819727897644043,11.824106216430664,901.4273071289062,1798.2059326171875,50.25633239746094,50.253231048583984,100,0,0,345.9246520996094,0,7.924896240234375,20.13105583190918,20.17439079284668,0,1.034000039100647,0.9067617654800415,50,2.799999952316284,2.3399860858917236,0,0,0,0,251.97406260835842,0,0,0,0.0247128214687109,0.010606999509036541,-0.03588001802563667,-0.0005601986194960773,98.20347595214844,98.29119110107422,780.2423095703125,780.3113403320312,780.3113403320312,544.5304565429688,0,0,-5.413074859461631e-07,0.0010999999940395355,0.02200000174343586,0.03299999609589577,0.04399999603629112,5655.8173828125,114276.53125,0.0429663360118866,0,3.1392715754918754e-05,42.78901290893555,0,0.0002616529818624258,2.8350639695418067e-05,0,0,23.700000762939453,0,0,1600,0,50,0,0,0,50,50,800,0.0,0.0,0.0,0.0
24,157.2508087158203,308.7149353027344,325.7674255371094,325.7240295410156,291.88079833984375,291.9241943359375,16515.818359375,33031.63671875,68.80964660644531,68.80936431884766,1785.6414794921875,3567.44140625,1793.5694580078125,3577.259521484375,283.92864990234375,60.42589569091797,4.365675977169303e-06,0,0,2577.426513671875,1290.3466796875,0,-5.413074859461631e-07,2658.136962890625,11.818992614746094,11.823528289794922,901.28857421875,1797.9239501953125,50.25230026245117,50.25107192993164,100,0,0,345.9010314941406,0,7.924896240234375,20.13360023498535,20.177001953125,0,1.034000039100647,0.9067617654800415,50,2.799999952316284,2.3405492305755615,0,0,0,0,265.19602661234427,0,0,0,0.026126019656658173,0.010775513015687466,-0.037440020591020584,-0.0005384904216043651,98.18364715576172,98.26753997802734,780.10888671875,780.1749267578125,780.1749267578125,544.45068359375,0,0,-5.413074859461631e-07,0.0010999999940395355,0.02200000174343586,0.03299999609589577,0.04399999603629112,5655.8173828125,114276.53125,0.0429663360118866,0,3.1392715754918754e-05,44.60982131958008,0,0.0002616529818624258,2.8350639695418067e-05,0,0,23.700000762939453,0,0,1600,0,50,0,0,0,50,50,800,0.0,0.0,0.0,0.0
25,157.2045440673828,308.691650390625,325.7409362792969,325.6974792480469,291.8632507324219,291.90667724609375,16515.818359375,33031.63671875,68.78922271728516,68.78895568847656,1785.690673828125,3567.435302734375,1793.566650390625,3577.262451171875,283.89630126953125,60.344268798828125,5.135673745826352e-06,0,0,2577.56396484375,1290.228271484375,0,-5.413074859461631e-07,2657.5302734375,11.81825065612793,11.8229398727417,901.16015625,1797.6629638671875,50.24790573120117,50.248558044433594,100,0,0,345.8773193359375,0,7.924896240234375,20.136381149291992,20.179851531982422,0,1.034000039100647,0.9067617654800415,50,2.799999952316284,2.341083526611328,0,0,0,0,278.4372722179739,0,0,0,0.027550948783755302,0.010937073267996311,-0.039000023156404495,-0.0005120023270137608,98.16436004638672,98.24510955810547,779.9805297851562,780.0441284179688,780.0441284179688,544.3737182617188,0,0,-5.413074859461631e-07,0.0010999999940395355,0.02200000174343586,0.03299999609589577,0.04399999603629112,5655.8173828125,114276.53125,0.0429663360118866,0,3.1392715754918754e-05,46.43062973022461,0,0.0002616529818624258,2.8350639695418067e-05,0,0,23.700000762939453,0,0,1600,0,50,0,0,0,50,50,800,0.0,0.0,0.0,0.0
26,157.1582489013672,308.6681823730469,325.7142333984375,325.6706848144531,291.8454284667969,291.888916015625,16515.818359375,33031.63671875,68.76837158203125,68.76811218261719,1785.7457275390625,3567.44091796875,1793.5638427734375,3577.26513671875,283.8638610839844,60.26226806640625,2.145585312973708e-06,0,0,2577.701904296875,1290.108154296875,0,-5.413074859461631e-07,2656.9521484375,11.817506790161133,11.822345733642578,901.0409545898438,1797.4205322265625,50.24327087402344,50.245765686035156,100,0,0,345.8536071777344,0,7.924896240234375,20.1393985748291,20.18293571472168,0,1.034000039100647,0.9067617654800415,50,2.799999952316284,2.341593027114868,0,0,0,0,291.68814252959936,0,0,0,0.02898552082479,0.01109252031892538,-0.040560025721788406,-0.00048198617878369987,98.14617919921875,98.22373962402344,779.857177734375,779.918212890625,779.918212890625,544.299072265625,0,0,-5.413074859461631e-07,0.0010999999940395355,0.02200000174343586,0.03299999609589577,0.04399999603629112,5655.8173828125,114276.53125,0.0429663360118866,0,3.1392715754918754e-05,48.25143814086914,0,0.0002616529818624258,2.8350639695418067e-05,0,0,23.700000762939453,0,0,1600,0,50,0,0,0,50,50,800,0.0,0.0,0.0,0.0
27,157.11190795898438,308.6445617675781,325.6872863769531,325.64373779296875,291.82733154296875,291.8708801269531,16515.818359375,33031.63671875,68.74711608886719,68.74686431884766,1785.806884765625,3567.462158203125,1793.562255859375,3577.266845703125,283.83123779296875,60.17991256713867,-1.6995505802697153e-06,0,0,2577.839599609375,1289.98583984375,0,-5.413074859461631e-07,2656.404541015625,11.81675910949707,11.821743965148926,900.9308471679688,1797.1939697265625,50.23836135864258,50.24264907836914,100,0,0,345.82989501953125,0,7.924896240234375,20.14258575439453,20.1861572265625,0,1.034000039100647,0.9067617654800415,50,2.799999952316284,2.342075824737549,0,0,0,0,304.95349818469674,0,0,0,0.030429717153310776,0.011241601780056953,-0.04212002456188202,-0.0004487071419134736,98.12945556640625,98.2034912109375,779.7392578125,779.7975463867188,779.7975463867188,544.2269897460938,0,0,-5.413074859461631e-07,0.0010999999940395355,0.02200000174343586,0.03299999609589577,0.04399999603629112,5655.8173828125,114276.53125,0.0429663360118866,0,3.1392715754918754e-05,50.07224655151367,0,0.0002616529818624258,2.8350639695418067e-05,0,0,23.700000762939453,0,0,1600,0,50,0,0,0,50,50,800,0.0,0.0,0.0,0.0
28,157.06549072265625,308.6207275390625,325.6601867675781,325.6165771484375,291.80902099609375,291.8526306152344,16515.818359375,33031.63671875,68.72547912597656,68.72523498535156,1785.875732421875,3567.496826171875,1793.5606689453125,3577.268310546875,283.7984619140625,60.09719467163086,3.0739854537387146e-06,0,0,2577.9775390625,1289.861328125,0,-5.413074859461631e-07,2655.889404296875,11.816006660461426,11.821136474609375,900.8275756835938,1796.9857177734375,50.23318099975586,50.239227294921875,100,0,0,345.80615234375,0,7.924896240234375,20.145977020263672,20.18958282470703,0,1.034000039100647,0.9067617654800415,50,2.799999952316284,2.3425300121307373,0,0,0,0,314.99998519276,0,0,0,0.031885597854852676,0.011383731849491596,-0.04368002340197563,-0.0004106941632926464,98.1142807006836,98.1844482421875,779.6272583007812,779.6824340820312,779.6824340820312,544.1575317382812,0,0,-5.413074859461631e-07,0.0010999999940395355,0.02200000174343586,0.03299999609589577,0.04399999603629112,5655.8173828125,114276.53125,0.0429663360118866,0,3.1392715754918754e-05,51.8930549621582,0,0.0002616529818624258,2.8350639695418067e-05,0,0,23.700000762939453,0,0,1600,0,50,0,0,0,50,50,800,0.0,0.0,0.0,0.0
29,157.0188751220703,308.59674072265625,325.63287353515625,325.5892639160156,291.7904357910156,291.8341064453125,16515.818359375,33031.63671875,68.7034912109375,68.7032470703125,1785.952392578125,3567.546875,1793.5594482421875,3577.26953125,283.7655944824219,60.01411819458008,-4.22426865043235e-06,0,0,2578.11572265625,1289.7354736328125,0,-5.413074859461631e-07,2655.410888671875,11.815252304077148,11.820524215698242,900.7335205078125,1796.790771484375,50.22771453857422,50.235450744628906,100,0,0,345.7823181152344,0,7.924896240234375,20.14943504333496,20.19304084777832,0,1.034000039100647,0.9067617654800415,50,2.799999952316284,2.342952013015747,0,0,0,0,314.99998519276,0,0,0,0.03334899991750717,0.01151807326823473,-0.045240022242069244,-0.0003729487943928689,98.10079956054688,98.16676330566406,779.521728515625,779.5736694335938,779.5736694335938,544.0911865234375,0,0,-5.413074859461631e-07,0.0010999999940395355,0.02200000174343586,0.03299999609589577,0.04399999603629112,5655.8173828125,114276.53125,0.0429663360118866,0,3.1392715754918754e-05,53.713863372802734,0,0.0002616529818624258,2.8350639695418067e-05,0,0,23.700000762939453,0,0,1600,0,50,0,0,0,50,50,800,0.0,0.0,0.0,0.0
30,156.97198486328125,308.57257080078125,325.60546875,325.56182861328125,291.77154541015625,291.81524658203125,16515.818359375,33031.63671875,68.68115997314453,68.6809310913086,1786.0355224609375,3567.613525390625,1793.556396484375,3577.272705078125,283.7325439453125,59.930686950683594,-1.7418352626918931e-06,0,0,2578.25439453125,1289.6075439453125,0,-5.413074859461631e-07,2654.970703125,11.814496994018555,11.819907188415527,900.6448364257812,1796.6092529296875,50.22191619873047,50.231353759765625,100,0,0,345.75836181640625,0,7.924896240234375,20.15289306640625,20.196533203125,0,1.034000039100647,0.9067617654800415,50,2.799999952316284,2.3433403968811035,0,0,0,0,314.99998519276,0,0,0,0.03482404723763466,0.011644206009805202,-0.04680001735687256,-0.00033176495344378054,98.08895111083984,98.1504898071289,779.423095703125,779.4714965820312,779.4714965820312,544.028076171875,0,0,-5.413074859461631e-07,0.0010999999940395355,0.02200000174343586,0.03299999609589577,0.04399999603629112,5655.8173828125,114276.53125,0.0429663360118866,0,3.1392715754918754e-05,55.534671783447266,0,0.0002616529818624258,2.8350639695418067e-05,0,0,23.700000762939453,0,0,1600,0,50,0,0,0,50,50,800,0.0,0.0,0.0,0.0
31,156.92491149902344,308.5482482910156,325.57794189453125,325.5342712402344,291.75244140625,291.796142578125,16515.818359375,33031.63671875,68.65851593017578,68.65828704833984,1786.1263427734375,3567.695556640625,1793.557861328125,3577.271240234375,283.69940185546875,59.84695053100586,-3.1970830605132505e-06,0,0,2578.39404296875,1289.478271484375,0,-5.413074859461631e-07,2654.571533203125,11.813739776611328,11.819286346435547,900.562744140625,1796.438720703125,50.215797424316406,50.22692108154297,100,0,0,345.7342834472656,0,7.924896240234375,20.156352996826172,20.20002555847168,0,1.034000039100647,0.9067617654800415,50,2.799999952316284,2.3436930179595947,0,0,0,0,314.99998519276,0,0,0,0.03630658611655235,0.011761629022657871,-0.04836001619696617,-0.0002917991077993065,98.07881164550781,98.13572692871094,779.3316040039062,779.37646484375,779.37646484375,543.9684448242188,0,0,-5.413074859461631e-07,0.0010999999940395355,0.02200000174343586,0.03299999609589577,0.04399999603629112,5655.8173828125,114276.53125,0.0429663360118866,0,3.1392715754918754e-05,57.3554801940918,0,0.0002616529818624258,2.8350639695418067e-05,0,0,23.700000762939453,0,0,1600,0,50,0,0,0,50,50,800,0.0,0.0,0.0,0.0
32,156.8776397705078,308.5238037109375,325.5502624511719,325.5065612792969,291.7330322265625,291.77679443359375,16515.818359375,33031.63671875,68.63557434082031,68.6353530883789,1786.2252197265625,3567.79443359375,1793.553466796875,3577.27587890625,283.6661376953125,59.76295471191406,-1.617919338059437e-06,0,0,2578.533935546875,1289.347412109375,0,-5.413074859461631e-07,2654.2138671875,11.812982559204102,11.8186616897583,900.486328125,1796.283935546875,50.20941162109375,50.22211456298828,100,0,0,345.7101135253906,0,7.924896240234375,20.15984535217285,20.20355224609375,0,1.034000039100647,0.9067617654800415,50,2.799999952316284,2.344008684158325,0,0,0,0,314.99998519276,0,0,0,0.03779660910367966,0.01187009084969759,-0.049920011311769485,-0.0002533115621190518,98.07019805908203,98.12250518798828,779.2474365234375,779.2886352539062,779.2886352539062,543.912353515625,0,0,-5.413074859461631e-07,0.0010999999940395355,0.02200000174343586,0.03299999609589577,0.04399999603629112,5655.8173828125,114276.53125,0.0429663360118866,0,3.1392715754918754e-05,59.17628860473633,0,0.0002616529818624258,2.8350639695418067e-05,0,0,23.700000762939453,0,0,1600,0,50,0,0,0,50,50,800,0.0,0.0,0.0,0.0
33,156.8302459716797,308.4992980957031,325.5224914550781,325.4787902832031,291.7134094238281,291.7572021484375,16515.818359375,33031.63671875,68.61234283447266,68.61212921142578,1786.3314208984375,3567.908935546875,1793.5546875,3577.2744140625,283.6327819824219,59.678733825683594,-2.4110088361339876e-06,0,0,2578.6748046875,1289.2154541015625,0,-5.413074859461631e-07,2653.8974609375,11.812225341796875,11.818035125732422,900.4176025390625,1796.1402587890625,50.20267868041992,50.21699523925781,100,0,0,345.6858825683594,0,7.924896240234375,20.163372039794922,20.20707893371582,0,1.034000039100647,0.9067617654800415,50,2.799999952316284,2.3442881107330322,0,0,0,0,314.99998519276,0,0,0,0.039289966225624084,0.011969590559601784,-0.0514800101518631,-0.00022045262448955327,98.06294250488281,98.11080932617188,779.1703491210938,779.2080688476562,779.2080688476562,543.8598022460938,0,0,-5.413074859461631e-07,0.0010999999940395355,0.02200000174343586,0.03299999609589577,0.04399999603629112,5655.8173828125,114276.53125,0.0429663360118866,0,3.1392715754918754e-05,60.99709701538086,0,0.0002616529818624258,2.8350639695418067e-05,0,0,23.700000762939453,0,0,1600,0,50,0,0,0,50,50,800,0.0,0.0,0.0,0.0
34,156.78269958496094,308.47467041015625,325.49468994140625,325.450927734375,291.69354248046875,291.73736572265625,16515.818359375,33031.63671875,68.58885955810547,68.58865356445312,1786.4453125,3568.037353515625,1793.5518798828125,3577.277587890625,283.5993347167969,59.59433364868164,1.3957416058474337e-06,0,0,2578.8154296875,1289.0819091796875,0,-5.413074859461631e-07,2653.6201171875,11.811470031738281,11.81740665435791,900.3558959960938,1796.0123291015625,50.19572830200195,50.2115478515625,100,0,0,345.66156005859375,0,7.924896240234375,20.1668643951416,20.21063995361328,0,1.034000039100647,0.9067617654800415,50,2.799999952316284,2.3445332050323486,0,0,0,0,314.99998519276,0,0,0,0.040788717567920685,0.012060713954269886,-0.05304000899195671,-0.00019057448662351817,98.05673217773438,98.10055541992188,779.0997314453125,779.13427734375,779.13427734375,543.8106689453125,0,0,-5.413074859461631e-07,0.0010999999940395355,0.02200000174343586,0.03299999609589577,0.04399999603629112,5655.8173828125,114276.53125,0.0429663360118866,0,3.1392715754918754e-05,62.81790542602539,0,0.0002616529818624258,2.8350639695418067e-05,0,0,23.700000762939453,0,0,1600,0,50,0,0,0,50,50,800,0.0,0.0,0.0,0.0
35,156.73504638671875,308.4499816894531,325.4668884277344,325.4230651855469,291.67340087890625,291.71722412109375,16515.818359375,33031.63671875,68.56513977050781,68.56494140625,1786.5648193359375,3568.17919921875,1793.550048828125,3577.27880859375,283.56585693359375,59.5097770690918,2.6526436158746947e-06,0,0,2578.956787109375,1288.947509765625,0,-5.413074859461631e-07,2653.378173828125,11.810715675354004,11.816779136657715,900.3005981445312,1795.895263671875,50.188480377197266,50.20586395263672,100,0,0,345.6371765136719,0,7.924896240234375,20.1702880859375,20.21413230895996,0,1.034000039100647,0.9067617654800415,50,2.799999952316284,2.3447470664978027,0,0,0,0,314.99998519276,0,0,0,0.04229079559445381,0.012144132517278194,-0.054600004106760025,-0.0001650767371756956,98.05140686035156,98.09161376953125,779.0350341796875,779.0667114257812,779.0667114257812,543.7645263671875,0,0,-5.413074859461631e-07,0.0010999999940395355,0.02200000174343586,0.03299999609589577,0.04399999603629112,5655.8173828125,114276.53125,0.0429663360118866,0,3.1392715754918754e-05,64.63871765136719,0,0.0002616529818624258,2.8350639695418067e-05,0,0,23.700000762939453,0,0,1600,0,50,0,0,0,50,50,800,0.0,0.0,0.0,0.0
36,156.6873016357422,308.42523193359375,325.43896484375,325.3951110839844,291.6530456542969,291.69696044921875,16515.818359375,33031.63671875,68.54120635986328,68.54100799560547,1786.690185546875,3568.334228515625,1793.546630859375,3577.281982421875,283.5323486328125,59.42512893676758,6.010940296619083e-07,0,0,2579.09814453125,1288.81201171875,0,-5.413074859461631e-07,2653.167724609375,11.809964179992676,11.816149711608887,900.250732421875,1795.7916259765625,50.18105697631836,50.199928283691406,100,0,0,345.61273193359375,0,7.924896240234375,20.17378044128418,20.21762466430664,0,1.034000039100647,0.9067617654800415,50,2.799999952316284,2.344933032989502,0,0,0,0,314.99998519276,0,0,0,0.04379618540406227,0.012220767326653004,-0.05616000294685364,-0.00014305012882687151,98.04679870605469,98.08383178710938,778.9755249023438,779.0046997070312,779.0046997070312,543.7211303710938,0,0,-5.413074859461631e-07,0.0010999999940395355,0.02200000174343586,0.03299999609589577,0.04399999603629112,5655.8173828125,114276.53125,0.0429663360118866,0,3.1392715754918754e-05,66.45953369140625,0,0.0002616529818624258,2.8350639695418067e-05,0,0,23.700000762939453,0,0,1600,0,50,0,0,0,50,50,800,0.0,0.0,0.0,0.0
37,156.65432739257812,308.400634765625,325.41107177734375,325.3672180175781,291.6324462890625,291.67645263671875,16515.818359375,33031.63671875,68.51705932617188,68.51687622070312,1786.820556640625,3568.498046875,1793.5450439453125,3577.283935546875,283.4991760253906,59.3414306640625,4.955923486704705e-06,0,0,2579.217529296875,1288.676513671875,0,-5.413074859461631e-07,2652.985107421875,11.809216499328613,11.815523147583008,900.20751953125,1795.7034912109375,50.17348098754883,50.19380187988281,100,0,0,345.5921630859375,0,7.924896240234375,20.181072235107422,20.22494888305664,0,1.034000039100647,0.9067617654800415,50,2.799999952316284,2.3450944423675537,0,0,0,0,1176.9999527455907,0,0,0,0.04529046267271042,0.012291371822357178,-0.05772000178694725,-0.00013816366845276207,98.04270935058594,98.07707977294922,778.9204711914062,778.947509765625,778.947509765625,543.68017578125,0,0,-5.413074859461631e-07,0.0010999999940395355,0.02200000174343586,0.03299999609589577,0.04399999603629112,5655.8173828125,114276.53125,0.0429663360118866,0,3.1392715754918754e-05,68.28034973144531,0,0.0002616529818624258,2.8350639695418067e-05,0,0,23.700000762939453,0,0,1600,0,50,0,0,0,50,50,800,0.0,0.0,0.0,0.0
38,156.6205596923828,308.376220703125,325.3833312988281,325.3393859863281,291.6116943359375,291.6557312011719,16515.818359375,33031.63671875,68.4927749633789,68.49259185791016,1786.953857421875,3568.670654296875,1793.5430908203125,3577.285400390625,283.4659729003906,59.25756072998047,4.436873950908193e-06,0,0,2579.31689453125,1288.539306640625,0,-5.413074859461631e-07,2652.820556640625,11.8084716796875,11.814895629882812,900.1845703125,1795.6513671875,50.165771484375,50.18755340576172,100,0,0,345.5749816894531,0,7.924896240234375,20.191650390625,20.235595703125,0,1.034000039100647,0.9067617654800415,50,2.799999952316284,2.3452398777008057,0,0,0,0,1176.9999527455907,0,0,0,0.04677363857626915,0.012357537634670734,-0.059279996901750565,-0.00014882041432429105,98.0374755859375,98.07099914550781,778.8675537109375,778.8939208984375,778.8939208984375,543.6411743164062,0,0,-5.413074859461631e-07,0.0010999999940395355,0.02200000174343586,0.03299999609589577,0.04399999603629112,5655.8173828125,114276.53125,0.0429663360118866,0,3.1392715754918754e-05,70.10116577148438,0,0.0002616529818624258,2.8350639695418067e-05,0,0,23.700000762939453,0,0,1600,0,50,0,0,0,50,50,800,0.0,0.0,0.0,0.0
39,156.58645629882812,308.35174560546875,325.35565185546875,325.3116760253906,291.5908203125,291.6348571777344,16515.818359375,33031.63671875,68.4683609008789,68.46819305419922,1787.0877685546875,3568.845703125,1793.5428466796875,3577.285888671875,283.4324645996094,59.17290496826172,1.2233088000357384e-06,0,0,2579.41748046875,1288.4013671875,0,-5.413074859461631e-07,2652.66064453125,11.807731628417969,11.814270973205566,900.1644287109375,1795.60693359375,50.15810775756836,50.181297302246094,100,0,0,345.5575866699219,0,7.924896240234375,20.20195960998535,20.245939254760742,0,1.034000039100647,0.9067617654800415,50,2.799999952316284,2.345381259918213,0,0,0,0,1176.9999527455907,0,0,0,0.048260144889354706,0.012422782368957996,-0.06083999574184418,-0.00015706662088632584,98.0312271118164,98.0650863647461,778.814453125,778.8411254882812,778.8411254882812,543.6025390625,0,0,-5.413074859461631e-07,0.0010999999940395355,0.02200000174343586,0.03299999609589577,0.04399999603629112,5655.8173828125,114276.53125,0.0429663360118866,0,3.1392715754918754e-05,71.92198181152344,0,0.0002616529818624258,2.8350639695418067e-05,0,0,23.700000762939453,0,0,1600,0,50,0,0,0,50,50,800,0.0,0.0,0.0,0.0
40,156.55215454101562,308.3271789550781,325.32806396484375,325.2840270996094,291.5697326660156,291.61383056640625,16515.818359375,33031.63671875,68.44384002685547,68.44367218017578,1787.22216796875,3569.02099609375,1793.5408935546875,3577.288330078125,283.3988037109375,59.08789825439453,-2.264295972054242e-06,0,0,2579.518798828125,1288.2626953125,0,-5.413074859461631e-07,2652.4970703125,11.806997299194336,11.81364917755127,900.146728515625,1795.5653076171875,50.15053176879883,50.17509460449219,100,0,0,345.5400695800781,0,7.924896240234375,20.21199607849121,20.25604248046875,0,1.034000039100647,0.9067617654800415,50,2.799999952316284,2.3455257415771484,0,0,0,0,1176.9999527455907,0,0,0,0.04975202679634094,0.012488863430917263,-0.06239999085664749,-0.00015910062938928604,98.02462768554688,98.05904388427734,778.7605590820312,778.78759765625,778.78759765625,543.5635375976562,0,0,-5.413074859461631e-07,0.0010999999940395355,0.02200000174343586,0.03299999609589577,0.04399999603629112,5655.8173828125,114276.53125,0.0429663360118866,0,3.1392715754918754e-05,73.7427978515625,0,0.0002616529818624258,2.8350639695418067e-05,0,0,23.700000762939453,0,0,1600,0,50,0,0,0,50,50,800,0.0,0.0,0.0,0.0
41,156.51771545410156,308.3025207519531,325.300537109375,325.2564697265625,291.5484619140625,291.5926513671875,16515.818359375,33031.63671875,68.41919708251953,68.41902923583984,1787.3570556640625,3569.197265625,1793.5390625,3577.28955078125,283.36505126953125,59.00265121459961,1.8755011410576117e-07,0,0,2579.620849609375,1288.123291015625,0,-5.413074859461631e-07,2652.330078125,11.806266784667969,11.813029289245605,900.1280517578125,1795.52587890625,50.143070220947266,50.16893005371094,100,0,0,345.5224609375,0,7.924896240234375,20.22193145751953,20.26601219177246,0,1.034000039100647,0.9067617654800415,50,2.799999952316284,2.3456735610961914,0,0,0,0,1176.9999527455907,0,0,0,0.05124722421169281,0.012555866502225399,-0.0639599859714508,-0.00015689955034758896,98.01823425292969,98.05286407470703,778.7060546875,778.7333374023438,778.7333374023438,543.5241088867188,0,0,-5.413074859461631e-07,0.0010999999940395355,0.02200000174343586,0.03299999609589577,0.04399999603629112,5655.8173828125,114276.53125,0.0429663360118866,0,3.1392715754918754e-05,75.56361389160156,0,0.0002616529818624258,2.8350639695418067e-05,0,0,23.700000762939453,0,0,1600,0,50,0,0,0,50,50,800,0.0,0.0,0.0,0.0
42,156.48313903808594,308.27777099609375,325.27301025390625,325.2288513183594,291.5271301269531,291.5713195800781,16515.818359375,33031.63671875,68.39443969726562,68.39427947998047,1787.4918212890625,3569.375732421875,1793.54052734375,3577.28857421875,283.33123779296875,58.9172477722168,8.954756225421079e-08,0,0,2579.72265625,1287.9833984375,0,-5.413074859461631e-07,2652.162109375,11.8055419921875,11.81241226196289,900.1116333007812,1795.4866943359375,50.135643005371094,50.162811279296875,100,0,0,345.5047912597656,0,7.924896240234375,20.23179817199707,20.27594757080078,0,1.034000039100647,0.9067617654800415,50,2.799999952316284,2.3458220958709717,0,0,0,0,1176.9999527455907,0,0,0,0.052747778594493866,0.012623121030628681,-0.06551998853683472,-0.00014908677258063108,98.01232147216797,98.04666137695312,778.6517944335938,778.6788940429688,778.6788940429688,543.4844970703125,0,0,-5.413074859461631e-07,0.0010999999940395355,0.02200000174343586,0.03299999609589577,0.04399999603629112,5655.8173828125,114276.53125,0.0429663360118866,0,3.1392715754918754e-05,77.38442993164062,0,0.0002616529818624258,2.8350639695418067e-05,0,0,23.700000762939453,0,0,1600,0,50,0,0,0,50,50,800,0.0,0.0,0.0,0.0
43,156.44842529296875,308.2528991699219,325.2454833984375,325.2012634277344,291.50567626953125,291.54986572265625,16515.818359375,33031.63671875,68.36957550048828,68.36942291259766,1787.6275634765625,3569.557373046875,1793.5367431640625,3577.291748046875,283.2973327636719,58.831661224365234,4.010376869700849e-06,0,0,2579.8251953125,1287.8427734375,0,-5.413074859461631e-07,2651.99853515625,11.80482292175293,11.811798095703125,900.0952758789062,1795.4503173828125,50.12822723388672,50.15671920776367,100,0,0,345.4870300292969,0,7.924896240234375,20.24156379699707,20.28577995300293,0,1.034000039100647,0.9067617654800415,50,2.799999952316284,2.3459668159484863,0,0,0,0,1176.9999527455907,0,0,0,0.05425368621945381,0.012689621187746525,-0.06707998365163803,-0.00013667689927387983,98.00700378417969,98.04061126708984,778.5985717773438,778.6250610351562,778.6250610351562,543.4451904296875,0,0,-5.413074859461631e-07,0.0010999999940395355,0.02200000174343586,0.03299999609589577,0.04399999603629112,5655.8173828125,114276.53125,0.0429663360118866,0,3.1392715754918754e-05,79.20524597167969,0,0.0002616529818624258,2.8350639695418067e-05,0,0,23.700000762939453,0,0,1600,0,50,0,0,0,50,50,800,0.0,0.0,0.0,0.0
44,156.41358947753906,308.2279968261719,325.2179260253906,325.1736755371094,291.4840393066406,291.52825927734375,16515.818359375,33031.63671875,68.3446044921875,68.3444595336914,1787.765869140625,3569.742919921875,1793.5367431640625,3577.292236328125,283.26336669921875,58.74591064453125,4.219342827127548e-06,0,0,2579.92822265625,1287.70166015625,0,-5.413074859461631e-07,2651.843017578125,11.804107666015625,11.811185836791992,900.0804443359375,1795.4163818359375,50.120853424072266,50.15056228637695,100,0,0,345.46923828125,0,7.924896240234375,20.25129508972168,20.29554557800293,0,1.034000039100647,0.9067617654800415,50,2.799999952316284,2.346104145050049,0,0,0,0,1176.9999527455907,0,0,0,0.0557628832757473,0.012754363007843494,-0.06863997876644135,-0.00012273667380213737,98.00245666503906,98.03486633300781,778.547119140625,778.5726318359375,778.5726318359375,543.406494140625,0,0,-5.413074859461631e-07,0.0010999999940395355,0.02200000174343586,0.03299999609589577,0.04399999603629112,5655.8173828125,114276.53125,0.0429663360118866,0,3.1392715754918754e-05,81.02606201171875,0,0.0002616529818624258,2.8350639695418067e-05,0,0,23.700000762939453,0,0,1600,0,50,0,0,0,50,50,800,0.0,0.0,0.0,0.0
45,156.37863159179688,308.2029724121094,325.1903991699219,325.1461181640625,291.4622802734375,291.50653076171875,16515.818359375,33031.63671875,68.31952667236328,68.31938934326172,1787.9053955078125,3569.9345703125,1793.532958984375,3577.296142578125,283.2293395996094,58.659996032714844,7.16444333193067e-07,0,0,2580.031494140625,1287.5601806640625,0,-5.413074859461631e-07,2651.69970703125,11.803399085998535,11.810577392578125,900.0641479492188,1795.3802490234375,50.113426208496094,50.144371032714844,100,0,0,345.45135498046875,0,7.924896240234375,20.26095962524414,20.30524444580078,0,1.034000039100647,0.9067617654800415,50,2.799999952316284,2.34623122215271,0,0,0,0,1176.9999527455907,0,0,0,0.057277411222457886,0.012816676869988441,-0.07019998133182526,-0.00010589315206743777,97.99870300292969,98.0295639038086,778.4978637695312,778.5221557617188,778.5221557617188,543.3688354492188,0,0,-5.413074859461631e-07,0.0010999999940395355,0.02200000174343586,0.03299999609589577,0.04399999603629112,5655.8173828125,114276.53125,0.0429663360118866,0,3.1392715754918754e-05,82.84687805175781,0,0.0002616529818624258,2.8350639695418067e-05,0,0,23.700000762939453,0,0,1600,0,50,0,0,0,50,50,800,0.0,0.0,0.0,0.0
46,156.3435821533203,308.1778564453125,325.162841796875,325.1185302734375,291.4403991699219,291.48468017578125,16515.818359375,33031.63671875,68.29434204101562,68.29420471191406,1788.048095703125,3570.13232421875,1793.5355224609375,3577.2939453125,283.1952819824219,58.57393264770508,-4.174287369096419e-06,0,0,2580.13525390625,1287.41796875,0,-5.413074859461631e-07,2651.571044921875,11.802696228027344,11.80997085571289,900.0507202148438,1795.349609375,50.10597229003906,50.138099670410156,100,0,0,345.4334411621094,0,7.924896240234375,20.27058982849121,20.314908981323242,0,1.034000039100647,0.9067617654800415,50,2.799999952316284,2.3463451862335205,0,0,0,0,1176.9999527455907,0,0,0,0.05879520997405052,0.012875806540250778,-0.07175997644662857,-8.895881910575554e-05,97.99573516845703,98.0248031616211,778.451416015625,778.4743041992188,778.4743041992188,543.3323364257812,0,0,-5.413074859461631e-07,0.0010999999940395355,0.02200000174343586,0.03299999609589577,0.04399999603629112,5655.8173828125,114276.53125,0.0429663360118866,0,3.1392715754918754e-05,84.66769409179688,0,0.0002616529818624258,2.8350639695418067e-05,0,0,23.700000762939453,0,0,1600,0,50,0,0,0,50,50,800,0.0,0.0,0.0,0.0
47,156.30841064453125,308.1527099609375,325.13519287109375,325.0908508300781,291.4184265136719,291.4627380371094,16515.818359375,33031.63671875,68.26905059814453,68.2689208984375,1788.1934814453125,3570.334716796875,1793.53369140625,3577.295166015625,283.1611328125,58.48774719238281,4.249937774147838e-06,0,0,2580.239013671875,1287.27490234375,0,-5.413074859461631e-07,2651.458740234375,11.801997184753418,11.809370040893555,900.0386962890625,1795.3189697265625,50.09846115112305,50.13175964355469,100,0,0,345.4154357910156,0,7.924896240234375,20.28022003173828,20.32457160949707,0,1.034000039100647,0.9067617654800415,50,2.799999952316284,2.3464443683624268,0,0,0,0,1176.9999527455907,0,0,0,0.06031627580523491,0.012931418605148792,-0.07331997156143188,-7.227873720694333e-05,97.99345397949219,98.0206527709961,778.4078369140625,778.4292602539062,778.4292602539062,543.2972412109375,0,0,-5.413074859461631e-07,0.0010999999940395355,0.02200000174343586,0.03299999609589577,0.04399999603629112,5655.8173828125,114276.53125,0.0429663360118866,0,3.1392715754918754e-05,86.48851013183594,0,0.0002616529818624258,2.8350639695418067e-05,0,0,23.700000762939453,0,0,1600,0,50,0,0,0,50,50,800,0.0,0.0,0.0,0.0
48,156.27316284179688,308.1274719238281,325.1075439453125,325.0631408691406,291.3963623046875,291.4407043457031,16515.818359375,33031.63671875,68.24366760253906,68.24354553222656,1788.342041015625,3570.543701171875,1793.53173828125,3577.297119140625,283.1269836425781,58.40145492553711,-3.594054533095914e-06,0,0,2580.34326171875,1287.1317138671875,0,-5.413074859461631e-07,2651.36328125,11.801305770874023,11.808772087097168,900.0269165039062,1795.293701171875,50.09092712402344,50.125328063964844,100,0,0,345.3974304199219,0,7.924896240234375,20.289884567260742,20.334270477294922,0,1.034000039100647,0.9067617654800415,50,2.799999952316284,2.3465287685394287,0,0,0,0,1176.9999527455907,0,0,0,0.06184060499072075,0.012983430176973343,-0.0748799741268158,-5.593523383140564e-05,97.99181365966797,98.01712799072266,778.3671875,778.3871459960938,778.3871459960938,543.2636108398438,0,0,-5.413074859461631e-07,0.0010999999940395355,0.02200000174343586,0.03299999609589577,0.04399999603629112,5655.8173828125,114276.53125,0.0429663360118866,0,3.1392715754918754e-05,88.309326171875,0,0.0002616529818624258,2.8350639695418067e-05,0,0,23.700000762939453,0,0,1600,0,50,0,0,0,50,50,800,0.0,0.0,0.0,0.0
49,156.2378387451172,308.1021728515625,325.079833984375,325.035400390625,291.3741455078125,291.41851806640625,16515.818359375,33031.63671875,68.21819305419922,68.21807098388672,1788.4923095703125,3570.760009765625,1793.53076171875,3577.298583984375,283.0927429199219,58.3150634765625,5.362956471799407e-06,0,0,2580.44775390625,1286.98779296875,0,-5.413074859461631e-07,2651.28515625,11.800619125366211,11.80817699432373,900.01611328125,1795.2691650390625,50.08325958251953,50.11883544921875,100,0,0,345.3793029785156,0,7.924896240234375,20.299480438232422,20.343900680541992,0,1.034000039100647,0.9067617654800415,50,2.799999952316284,2.3465981483459473,0,0,0,0,1176.9999527455907,0,0,0,0.06336818635463715,0.013031755574047565,-0.07643996924161911,-4.00275930587668e-05,97.9908218383789,98.01423645019531,778.3295288085938,778.3480224609375,778.3480224609375,543.2314453125,0,0,-5.413074859461631e-07,0.0010999999940395355,0.02200000174343586,0.03299999609589577,0.04399999603629112,5655.8173828125,114276.53125,0.0429663360118866,0,3.1392715754918754e-05,90.13014221191406,0,0.0002616529818624258,2.8350639695418067e-05,0,0,23.700000762939453,0,0,1600,0,50,0,0,0,50,50,800,0.0,0.0,0.0,0.0
50,156.2024688720703,308.076904296875,325.0520935058594,325.00762939453125,291.35186767578125,291.3963317871094,16515.818359375,33031.63671875,68.192626953125,68.19251251220703,1788.646484375,3570.982177734375,1793.527099609375,3577.3017578125,283.05853271484375,58.22861862182617,-4.449877451406792e-06,0,0,2580.552001953125,1286.84375,0,-5.413074859461631e-07,2651.22412109375,11.799938201904297,11.807586669921875,900.00830078125,1795.24951171875,50.07559585571289,50.112239837646484,100,0,0,345.3612060546875,0,7.924896240234375,20.309110641479492,20.35356330871582,0,1.034000039100647,0.9067617654800415,50,2.799999952316284,2.346652030944824,0,0,0,0,1176.9999527455907,0,0,0,0.0648949146270752,0.01307639665901661,-0.07799996435642242,-2.865288479370065e-05,97.9903335571289,98.01197814941406,778.2948608398438,778.3118286132812,778.3118286132812,543.20068359375,0,0,-5.413074859461631e-07,0.0010999999940395355,0.02200000174343586,0.03299999609589577,0.04399999603629112,5655.8173828125,114276.53125,0.0429663360118866,0,3.1392715754918754e-05,91.95095825195312,0,0.0002616529818624258,2.8350639695418067e-05,0,0,23.700000762939453,0,0,1600,0,50,0,0,0,50,50,800,0.0,0.0,0.0,0.0
51,156.16705322265625,308.05157470703125,325.0243225097656,324.9798278808594,291.32952880859375,291.3740234375,16515.818359375,33031.63671875,68.16697692871094,68.1668701171875,1788.8017578125,3571.209716796875,1793.5279541015625,3577.301025390625,283.0242919921875,58.14213562011719,1.1986820709353196e-06,0,0,2580.656494140625,1286.69873046875,0,-5.413074859461631e-07,2651.177734375,11.79926586151123,11.806999206542969,900.0042114257812,1795.2354736328125,50.067893981933594,50.105587005615234,100,0,0,345.3431091308594,0,7.924896240234375,20.31877326965332,20.363262176513672,0,1.034000039100647,0.9067617654800415,50,2.799999952316284,2.3466930389404297,0,0,0,0,1176.9999527455907,0,0,0,0.06642285734415054,0.013117771595716476,-0.07955996692180634,-1.933760904648807e-05,97.99002075195312,98.01026916503906,778.2623901367188,778.2783813476562,778.2783813476562,543.1713256835938,0,0,-5.413074859461631e-07,0.0010999999940395355,0.02200000174343586,0.03299999609589577,0.04399999603629112,5655.8173828125,114276.53125,0.0429663360118866,0,3.1392715754918754e-05,93.77177429199219,0,0.0002616529818624258,2.8350639695418067e-05,0,0,23.700000762939453,0,0,1600,0,50,0,0,0,50,50,800,0.0,0.0,0.0,0.0
52,156.13160705566406,308.02618408203125,324.99658203125,324.9520263671875,291.3070373535156,291.3515930175781,16515.818359375,33031.63671875,68.14125061035156,68.14115142822266,1788.958984375,3571.4423828125,1793.527099609375,3577.3017578125,282.9900207519531,58.055641174316406,5.104217962070834e-06,0,0,2580.76123046875,1286.553955078125,0,-5.413074859461631e-07,2651.143798828125,11.798598289489746,11.806416511535645,899.9990844726562,1795.2216796875,50.06016540527344,50.098907470703125,100,0,0,345.3249206542969,0,7.924896240234375,20.328336715698242,20.372892379760742,0,1.034000039100647,0.9067617654800415,50,2.799999952316284,2.3467230796813965,0,0,0,0,1176.9999527455907,0,0,0,0.0679519847035408,0.013156550005078316,-0.08111996203660965,-1.1427980098233093e-05,97.989990234375,98.0090103149414,778.2319946289062,778.2469482421875,778.2469482421875,543.1429443359375,0,0,-5.413074859461631e-07,0.0010999999940395355,0.02200000174343586,0.03299999609589577,0.04399999603629112,5655.8173828125,114276.53125,0.0429663360118866,0,3.1392715754918754e-05,95.59259033203125,0,0.0002616529818624258,2.8350639695418067e-05,0,0,23.700000762939453,0,0,1600,0,50,0,0,0,50,50,800,0.0,0.0,0.0,0.0
53,156.09613037109375,308.0008239746094,324.9687805175781,324.9242248535156,291.2845153808594,291.3290710449219,16515.818359375,33031.63671875,68.1154556274414,68.11536407470703,1789.1180419921875,3571.67724609375,1793.5235595703125,3577.304931640625,282.9557800292969,57.96913528442383,-3.3690046166157117e-06,0,0,2580.8662109375,1286.40869140625,0,-5.413074859461631e-07,2651.1201171875,11.79793930053711,11.805840492248535,899.9979858398438,1795.2154541015625,50.052490234375,50.092201232910156,100,0,0,345.3067932128906,0,7.924896240234375,20.33799934387207,20.38255500793457,0,1.034000039100647,0.9067617654800415,50,2.799999952316284,2.3467440605163574,0,0,0,0,1176.9999527455907,0,0,0,0.06948026269674301,0.013193066231906414,-0.08267996460199356,-6.637163551204139e-06,97.99009704589844,98.00813293457031,778.2031860351562,778.2174072265625,778.2174072265625,543.115478515625,0,0,-5.413074859461631e-07,0.0010999999940395355,0.02200000174343586,0.03299999609589577,0.04399999603629112,5655.8173828125,114276.53125,0.0429663360118866,0,3.1392715754918754e-05,97.41340637207031,0,0.0002616529818624258,2.8350639695418067e-05,0,0,23.700000762939453,0,0,1600,0,50,0,0,0,50,50,800,0.0,0.0,0.0,0.0
54,156.06065368652344,307.9754638671875,324.94097900390625,324.89642333984375,291.2619323730469,291.3065185546875,16515.818359375,33031.63671875,68.08959197998047,68.08950805664062,1789.2774658203125,3571.91650390625,1793.52099609375,3577.307861328125,282.9215087890625,57.88262939453125,-1.2064920156262815e-06,0,0,2580.970947265625,1286.2630615234375,0,-5.413074859461631e-07,2651.104736328125,11.797286033630371,11.805266380310059,899.9990234375,1795.2122802734375,50.04475021362305,50.08551025390625,100,0,0,345.2886047363281,0,7.924896240234375,20.34762954711914,20.39218521118164,0,1.034000039100647,0.9067617654800415,50,2.799999952316284,2.346757650375366,0,0,0,0,1176.9999527455907,0,0,0,0.07100769132375717,0.013227740302681923,-0.08423997461795807,-4.541408543445868e-06,97.99020385742188,98.007568359375,778.1755981445312,778.1893310546875,778.1893310546875,543.0887451171875,0,0,-5.413074859461631e-07,0.0010999999940395355,0.02200000174343586,0.03299999609589577,0.04399999603629112,5655.8173828125,114276.53125,0.0429663360118866,0,3.1392715754918754e-05,99.23422241210938,0,0.0002616529818624258,2.8350639695418067e-05,0,0,23.700000762939453,0,0,1600,0,50,0,0,0,50,50,800,0.0,0.0,0.0,0.0
55,156.025146484375,307.9501037597656,324.9131774902344,324.8686218261719,291.2392883300781,291.2839050292969,16515.818359375,33031.63671875,68.06368255615234,68.0635986328125,1789.43798828125,3572.15625,1793.521728515625,3577.30712890625,282.88726806640625,57.79615020751953,5.023075118515408e-06,0,0,2581.07568359375,1286.1173095703125,0,-5.413074859461631e-07,2651.094482421875,11.79664134979248,11.804698944091797,900.0017700195312,1795.216552734375,50.03715133666992,50.078819274902344,100,0,0,345.2704162597656,0,7.924896240234375,20.35725975036621,20.40181541442871,0,1.034000039100647,0.9067617654800415,50,2.799999952316284,2.346766710281372,0,0,0,0,1176.9999527455907,0,0,0,0.07253427803516388,0.013261325657367706,-0.08579998463392258,-4.376750439405441e-06,97.9902114868164,98.00718688964844,778.1487426757812,778.162109375,778.162109375,543.0624389648438,0,0,-5.413074859461631e-07,0.0010999999940395355,0.02200000174343586,0.03299999609589577,0.04399999603629112,5655.8173828125,114276.53125,0.0429663360118866,0,3.1392715754918754e-05,101.05503845214844,0,0.0002616529818624258,2.8350639695418067e-05,0,0,23.700000762939453,0,0,1600,0,50,0,0,0,50,50,800,0.0,0.0,0.0,0.0
56,155.98963928222656,307.92474365234375,324.8853759765625,324.8407897949219,291.21661376953125,291.26123046875,16515.818359375,33031.63671875,68.0377197265625,68.03763580322266,1789.5987548828125,3572.398681640625,1793.5179443359375,3577.311279296875,282.85302734375,57.70968246459961,2.3599302494403673e-06,0,0,2581.180419921875,1285.97119140625,0,-5.413074859461631e-07,2651.0869140625,11.796003341674805,11.804136276245117,900.0069580078125,1795.2235107421875,50.02958679199219,50.072166442871094,100,0,0,345.2522277832031,0,7.924896240234375,20.36685562133789,20.41144561767578,0,1.034000039100647,0.9067617654800415,50,2.799999952316284,2.346773386001587,0,0,0,0,1176.9999527455907,0,0,0,0.07406001538038254,0.013294239528477192,-0.08735998719930649,-5.7351776376890484e-06,97.9900894165039,98.00691223144531,778.1222534179688,778.1354370117188,778.1354370117188,543.0364379882812,0,0,-5.413074859461631e-07,0.0010999999940395355,0.02200000174343586,0.03299999609589577,0.04399999603629112,5655.8173828125,114276.53125,0.0429663360118866,0,3.1392715754918754e-05,102.8758544921875,0,0.0002616529818624258,2.8350639695418067e-05,0,0,23.700000762939453,0,0,1600,0,50,0,0,0,50,50,800,0.0,0.0,0.0,0.0
57,155.9541015625,307.89935302734375,324.85760498046875,324.8129577636719,291.19384765625,291.23846435546875,16515.818359375,33031.63671875,68.01171112060547,68.01163482666016,1789.760009765625,3572.641845703125,1793.5169677734375,3577.311767578125,282.81878662109375,57.623226165771484,1.439808670511411e-06,0,0,2581.28564453125,1285.82470703125,0,-5.413074859461631e-07,2651.08056640625,11.795372009277344,11.80357837677002,900.013427734375,1795.2330322265625,50.0220947265625,50.06556701660156,100,0,0,345.2340393066406,0,7.924896240234375,20.37645149230957,20.42107582092285,0,1.034000039100647,0.9067617654800415,50,2.799999952316284,2.3467791080474854,0,0,0,0,1176.9999527455907,0,0,0,0.07558693736791611,0.01332698855549097,-0.088919997215271,-6.072968517401023e-06,97.98979949951172,98.00667572021484,778.0956420898438,778.1089477539062,778.1089477539062,543.010498046875,0,0,-5.413074859461631e-07,0.0010999999940395355,0.02200000174343586,0.03299999609589577,0.04399999603629112,5655.8173828125,114276.53125,0.0429663360118866,0,3.1392715754918754e-05,104.69667053222656,0,0.0002616529818624258,2.8350639695418067e-05,0,0,23.700000762939453,0,0,1600,0,50,0,0,0,50,50,800,0.0,0.0,0.0,0.0
58,155.91854858398438,307.8739013671875,324.8298645019531,324.7852478027344,291.17095947265625,291.2156677246094,16515.818359375,33031.63671875,67.98565673828125,67.98558807373047,1789.9202880859375,3572.884521484375,1793.517578125,3577.31103515625,282.7845458984375,57.536781311035156,2.2627104954153765e-06,0,0,2581.390380859375,1285.677978515625,0,-5.413074859461631e-07,2651.073974609375,11.794748306274414,11.803027153015137,900.0198364257812,1795.239990234375,50.014686584472656,50.059059143066406,100,0,0,345.2158508300781,0,7.924896240234375,20.3859806060791,20.43060302734375,0,1.034000039100647,0.9067617654800415,50,2.799999952316284,2.346784830093384,0,0,0,0,1176.9999527455907,0,0,0,0.07711504399776459,0.013359819538891315,-0.09047999978065491,-5.137082098372048e-06,97.9896011352539,98.00643157958984,778.0691528320312,778.0823364257812,778.0823364257812,542.9844970703125,0,0,-5.413074859461631e-07,0.0010999999940395355,0.02200000174343586,0.03299999609589577,0.04399999603629112,5655.8173828125,114276.53125,0.0429663360118866,0,3.1392715754918754e-05,106.51748657226562,0,0.0002616529818624258,2.8350639695418067e-05,0,0,23.700000762939453,0,0,1600,0,50,0,0,0,50,50,800,0.0,0.0,0.0,0.0
59,155.88296508789062,307.8484802246094,324.8020935058594,324.7574157714844,291.1481018066406,291.1928405761719,16515.818359375,33031.63671875,67.95956420898438,67.95950317382812,1790.0804443359375,3573.12890625,1793.516845703125,3577.312255859375,282.75030517578125,57.45033645629883,3.0856124340061797e-06,0,0,2581.4951171875,1285.53125,0,-5.413074859461631e-07,2651.068359375,11.794132232666016,11.802480697631836,900.0274658203125,1795.2520751953125,50.00735855102539,50.05259704589844,100,0,0,345.1976013183594,0,7.924896240234375,20.3955078125,20.440166473388672,0,1.034000039100647,0.9067617654800415,50,2.799999952316284,2.346789836883545,0,0,0,0,1176.9999527455907,0,0,0,0.07864230126142502,0.013392483815550804,-0.09204000979661942,-5.225464974500937e-06,97.98945617675781,98.0062255859375,778.0426635742188,778.055908203125,778.055908203125,542.9585571289062,0,0,-5.413074859461631e-07,0.0010999999940395355,0.02200000174343586,0.03299999609589577,0.04399999603629112,5655.8173828125,114276.53125,0.0429663360118866,0,3.1392715754918754e-05,108.33830261230469,0,0.0002616529818624258,2.8350639695418067e-05,0,0,23.700000762939453,0,0,1600,0,50,0,0,0,50,50,800,0.0,0.0,0.0,0.0
60,155.8473663330078,307.82305908203125,324.7743225097656,324.7296142578125,291.12518310546875,291.1699523925781,16515.818359375,33031.63671875,67.93343353271484,67.9333724975586,1790.240966796875,3573.373291015625,1793.5162353515625,3577.31298828125,282.7160949707031,57.3638916015625,3.908513917849632e-06,0,0,2581.60009765625,1285.3843994140625,0,-5.413074859461631e-07,2651.06298828125,11.793524742126465,11.801939010620117,900.035400390625,1795.2640380859375,50.00017166137695,50.046165466308594,100,0,0,345.17938232421875,0,7.924896240234375,20.405071258544922,20.44976234436035,0,1.034000039100647,0.9067617654800415,50,2.799999952316284,2.346794605255127,0,0,0,0,1176.9999527455907,0,0,0,0.0801687017083168,0.013425064273178577,-0.09360001981258392,-6.2497333601641e-06,97.98925018310547,98.00602722167969,778.0162963867188,778.029541015625,778.029541015625,542.9326782226562,0,0,-5.413074859461631e-07,0.0010999999940395355,0.02200000174343586,0.03299999609589577,0.04399999603629112,5655.8173828125,114276.53125,0.0429663360118866,0,3.1392715754918754e-05,110.15911865234375,0,0.0002616529818624258,2.8350639695418067e-05,0,0,23.700000762939453,0,0,1600,0,50,0,0,0,50,50,800,0.0,0.0,0.0,0.0
61,155.81173706054688,307.7975769042969,324.74658203125,324.70184326171875,291.10223388671875,291.1470031738281,16515.818359375,33031.63671875,67.90727233886719,67.90721893310547,1790.39990234375,3573.617919921875,1793.5118408203125,3577.3173828125,282.681884765625,57.2774543762207,-4.742303644889034e-06,0,0,2581.705322265625,1285.2373046875,0,-5.413074859461631e-07,2651.057373046875,11.792923927307129,11.801403999328613,900.0454711914062,1795.2813720703125,49.993019104003906,50.039852142333984,100,0,0,345.1611328125,0,7.924896240234375,20.41456413269043,20.45928955078125,0,1.034000039100647,0.9067617654800415,50,2.799999952316284,2.346799612045288,0,0,0,0,1176.9999527455907,0,0,0,0.0816962942481041,0.013457728549838066,-0.09516002237796783,-6.003957423672546e-06,97.98894500732422,98.00581359863281,777.9898071289062,778.0031127929688,778.0031127929688,542.90673828125,0,0,-5.413074859461631e-07,0.0010999999940395355,0.02200000174343586,0.03299999609589577,0.04399999603629112,5655.8173828125,114276.53125,0.0429663360118866,0,3.1392715754918754e-05,111.97993469238281,0,0.0002616529818624258,2.8350639695418067e-05,0,0,23.700000762939453,0,0,1600,0,50,0,0,0,50,50,800,0.0,0.0,0.0,0.0
62,155.7760772705078,307.7720947265625,324.71881103515625,324.6740417480469,291.0792541503906,291.1240234375,16515.818359375,33031.63671875,67.8810806274414,67.88102722167969,1790.5595703125,3573.861083984375,1793.5108642578125,3577.318115234375,282.64764404296875,57.191001892089844,-5.0814173846447375e-06,0,0,2581.810302734375,1285.0897216796875,0,-5.413074859461631e-07,2651.051025390625,11.79233169555664,11.800874710083008,900.054443359375,1795.2960205078125,49.98599624633789,50.033592224121094,100,0,0,345.1428527832031,0,7.924896240234375,20.42405891418457,20.46881866455078,0,1.034000039100647,0.9067617654800415,50,2.799999952316284,2.3468050956726074,0,0,0,0,1176.9999527455907,0,0,0,0.0832250565290451,0.013490559533238411,-0.09672003239393234,-4.4191256165504456e-06,97.98878479003906,98.00558471679688,777.9632568359375,777.9765014648438,777.9765014648438,542.8806762695312,0,0,-5.413074859461631e-07,0.0010999999940395355,0.02200000174343586,0.03299999609589577,0.04399999603629112,5655.8173828125,114276.53125,0.0429663360118866,0,3.1392715754918754e-05,113.80075073242188,0,0.0002616529818624258,2.8350639695418067e-05,0,0,23.700000762939453,0,0,1600,0,50,0,0,0,50,50,800,0.0,0.0,0.0,0.0
63,155.7404022216797,307.74658203125,324.6910705566406,324.646240234375,291.0561828613281,291.1009826660156,16515.818359375,33031.63671875,67.85485076904297,67.85479736328125,1790.718994140625,3574.10546875,1793.5113525390625,3577.3173828125,282.6134033203125,57.10455322265625,-4.83952317154035e-06,0,0,2581.91552734375,1284.9420166015625,0,-5.413074859461631e-07,2651.046142578125,11.79174518585205,11.8003511428833,900.064697265625,1795.3106689453125,49.979034423828125,50.02737808227539,100,0,0,345.1246032714844,0,7.924896240234375,20.43351936340332,20.47834587097168,0,1.034000039100647,0.9067617654800415,50,2.799999952316284,2.3468096256256104,0,0,0,0,1176.9999527455907,0,0,0,0.08475296199321747,0.013523139990866184,-0.09828003495931625,-3.937259407393867e-06,97.98869323730469,98.00540161132812,777.9369506835938,777.9501342773438,777.9501342773438,542.854736328125,0,0,-5.413074859461631e-07,0.0010999999940395355,0.02200000174343586,0.03299999609589577,0.04399999603629112,5655.8173828125,114276.53125,0.0429663360118866,0,3.1392715754918754e-05,115.62156677246094,0,0.0002616529818624258,2.8350639695418067e-05,0,0,23.700000762939453,0,0,1600,0,50,0,0,0,50,50,800,0.0,0.0,0.0,0.0
64,155.70468139648438,307.7210693359375,324.6632995605469,324.6184387207031,291.03314208984375,291.0779113769531,16515.818359375,33031.63671875,67.8285903930664,67.82854461669922,1790.8770751953125,3574.351318359375,1793.513427734375,3577.3154296875,282.57916259765625,57.01808166503906,2.5520594135741703e-06,0,0,2582.020751953125,1284.794189453125,0,-5.413074859461631e-07,2651.04150390625,11.791168212890625,11.79983139038086,900.0760498046875,1795.330322265625,49.97218322753906,50.02122116088867,100,0,0,345.1063232421875,0,7.924896240234375,20.44301414489746,20.48787498474121,0,1.034000039100647,0.9067617654800415,50,2.799999952316284,2.346813678741455,0,0,0,0,1176.9999527455907,0,0,0,0.08628204464912415,0.013555635698139668,-0.09984004497528076,-2.368167088206974e-06,97.98857879638672,98.00523376464844,777.9107055664062,777.923828125,777.923828125,542.8287963867188,0,0,-5.413074859461631e-07,0.0010999999940395355,0.02200000174343586,0.03299999609589577,0.04399999603629112,5655.8173828125,114276.53125,0.0429663360118866,0,3.1392715754918754e-05,117.4423828125,0,0.0002616529818624258,2.8350639695418067e-05,0,0,23.700000762939453,0,0,1600,0,50,0,0,0,50,50,800,0.0,0.0,0.0,0.0
65,155.66893005371094,307.69549560546875,324.635498046875,324.5906066894531,291.0100402832031,291.05487060546875,16515.818359375,33031.63671875,67.80229949951172,67.80226135253906,1791.03515625,3574.59619140625,1793.5128173828125,3577.316162109375,282.544921875,56.931602478027344,-1.8541088593337918e-06,0,0,2582.1259765625,1284.6463623046875,0,-5.413074859461631e-07,2651.0380859375,11.79059886932373,11.79931926727295,900.0850219726562,1795.3448486328125,49.96541213989258,50.01515197753906,100,0,0,345.0880126953125,0,7.924896240234375,20.4525089263916,20.497404098510742,0,1.034000039100647,0.9067617654800415,50,2.799999952316284,2.3468167781829834,0,0,0,0,1176.9999527455907,0,0,0,0.08781229704618454,0.01358796562999487,-0.10140005499124527,2.0703301117919182e-07,97.9886474609375,98.0051040649414,777.8847045898438,777.8976440429688,777.8976440429688,542.802978515625,0,0,-5.413074859461631e-07,0.0010999999940395355,0.02200000174343586,0.03299999609589577,0.04399999603629112,5655.8173828125,114276.53125,0.0429663360118866,0,3.1392715754918754e-05,119.26319885253906,0,0.0002616529818624258,2.8350639695418067e-05,0,0,23.700000762939453,0,0,1600,0,50,0,0,0,50,50,800,0.0,0.0,0.0,0.0
66,155.6331329345703,307.669921875,324.60772705078125,324.56280517578125,290.98687744140625,291.03173828125,16515.818359375,33031.63671875,67.77597045898438,67.77593994140625,1791.193359375,3574.841796875,1793.5081787109375,3577.320556640625,282.5106506347656,56.845115661621094,3.213442596461391e-06,0,0,2582.231201171875,1284.4981689453125,0,-5.413074859461631e-07,2651.03662109375,11.79003620147705,11.798812866210938,900.096435546875,1795.36474609375,49.95869827270508,50.00912857055664,100,0,0,345.0697021484375,0,7.924896240234375,20.46196937561035,20.50689697265625,0,1.034000039100647,0.9067617654800415,50,2.799999952316284,2.346817970275879,0,0,0,0,1176.9999527455907,0,0,0,0.0893416777253151,0.013619874604046345,-0.10296005755662918,1.4903955616318854e-06,97.98880767822266,98.00505065917969,777.8589477539062,777.8717651367188,777.8717651367188,542.7772216796875,0,0,-5.413074859461631e-07,0.0010999999940395355,0.02200000174343586,0.03299999609589577,0.04399999603629112,5655.8173828125,114276.53125,0.0429663360118866,0,3.1392715754918754e-05,121.08401489257812,0,0.0002616529818624258,2.8350639695418067e-05,0,0,23.700000762939453,0,0,1600,0,50,0,0,0,50,50,800,0.0,0.0,0.0,0.0
67,155.59732055664062,307.644287109375,324.5799255371094,324.5350036621094,290.9636535644531,291.0085754394531,16515.818359375,33031.63671875,67.74962615966797,67.74959564208984,1791.3514404296875,3575.087158203125,1793.507080078125,3577.322265625,282.47637939453125,56.75860595703125,4.794947471964406e-06,0,0,2582.3369140625,1284.3497314453125,0,-5.413074859461631e-07,2651.037353515625,11.789481163024902,11.798311233520508,900.1065063476562,1795.3819580078125,49.952064514160156,50.00315856933594,100,0,0,345.0513610839844,0,7.924896240234375,20.4714298248291,20.516357421875,0,1.034000039100647,0.9067617654800415,50,2.799999952316284,2.3468174934387207,0,0,0,0,1176.9999527455907,0,0,0,0.09087426215410233,0.013651367276906967,-0.10452006757259369,5.562044862017501e-06,97.98906707763672,98.00507354736328,777.8336791992188,777.8463134765625,777.8463134765625,542.751708984375,0,0,-5.413074859461631e-07,0.0010999999940395355,0.02200000174343586,0.03299999609589577,0.04399999603629112,5655.8173828125,114276.53125,0.0429663360118866,0,3.1392715754918754e-05,122.90483093261719,0,0.0002616529818624258,2.8350639695418067e-05,0,0,23.700000762939453,0,0,1600,0,50,0,0,0,50,50,800,0.0,0.0,0.0,0.0
68,155.56146240234375,307.61865234375,324.5521240234375,324.50714111328125,290.9404296875,290.9853820800781,16515.818359375,33031.63671875,67.7232437133789,67.72322082519531,1791.50927734375,3575.333984375,1793.5087890625,3577.320068359375,282.442138671875,56.67208480834961,4.633428943634499e-06,0,0,2582.442138671875,1284.201416015625,0,-5.413074859461631e-07,2651.0400390625,11.788933753967285,11.797816276550293,900.11669921875,1795.3992919921875,49.94550323486328,49.99723434448242,100,0,0,345.032958984375,0,7.924896240234375,20.48085594177246,20.52581787109375,0,1.034000039100647,0.9067617654800415,50,2.799999952316284,2.3468148708343506,0,0,0,0,1176.9999527455907,0,0,0,0.09240597486495972,0.013682355172932148,-0.1060800701379776,8.258316483988892e-06,97.9895248413086,98.00518035888672,777.808837890625,777.8212280273438,777.8212280273438,542.726318359375,0,0,-5.413074859461631e-07,0.0010999999940395355,0.02200000174343586,0.03299999609589577,0.04399999603629112,5655.8173828125,114276.53125,0.0429663360118866,0,3.1392715754918754e-05,124.72564697265625,0,0.0002616529818624258,2.8350639695418067e-05,0,0,23.700000762939453,0,0,1600,0,50,0,0,0,50,50,800,0.0,0.0,0.0,0.0
69,155.52557373046875,307.593017578125,324.5242614746094,324.4792785644531,290.91717529296875,290.9621887207031,16515.818359375,33031.63671875,67.69683837890625,67.69681549072266,1791.667236328125,3575.581787109375,1793.508056640625,3577.3212890625,282.4078674316406,56.58556365966797,4.471910415304592e-06,0,0,2582.5478515625,1284.052734375,0,-5.413074859461631e-07,2651.04638671875,11.788393020629883,11.797325134277344,900.1281127929688,1795.4189453125,49.939002990722656,49.99134826660156,100,0,0,345.01458740234375,0,7.924896240234375,20.49031639099121,20.53531265258789,0,1.034000039100647,0.9067617654800415,50,2.799999952316284,2.3468093872070312,0,0,0,0,1176.9999527455907,0,0,0,0.09393683820962906,0.013712674379348755,-0.10764008015394211,9.43271425057901e-06,97.99003601074219,98.00540924072266,777.7846069335938,777.796630859375,777.796630859375,542.7012329101562,0,0,-5.413074859461631e-07,0.0010999999940395355,0.02200000174343586,0.03299999609589577,0.04399999603629112,5655.8173828125,114276.53125,0.0429663360118866,0,3.1392715754918754e-05,126.54646301269531,0,0.0002616529818624258,2.8350639695418067e-05,0,0,23.700000762939453,0,0,1600,0,50,0,0,0,50,50,800,0.0,0.0,0.0,0.0
70,155.4896697998047,307.5673828125,324.49639892578125,324.451416015625,290.8938903808594,290.9389953613281,16515.818359375,33031.63671875,67.67040252685547,67.67037963867188,1791.824951171875,3575.830322265625,1793.5084228515625,3577.320556640625,282.37359619140625,56.49903869628906,3.7293841614882695e-06,0,0,2582.653564453125,1283.9039306640625,0,-5.413074859461631e-07,2651.05517578125,11.787861824035645,11.79684066772461,900.1408081054688,1795.4388427734375,49.93260955810547,49.98550033569336,100,0,0,344.9962158203125,0,7.924896240234375,20.49981117248535,20.54480743408203,0,1.034000039100647,0.9067617654800415,50,2.799999952316284,2.346801519393921,0,0,0,0,1176.9999527455907,0,0,0,0.09546682238578796,0.013742406852543354,-0.10920009016990662,9.139720532402862e-06,97.9905014038086,98.0057373046875,777.7605590820312,777.7725830078125,777.7725830078125,542.6763916015625,0,0,-5.413074859461631e-07,0.0010999999940395355,0.02200000174343586,0.03299999609589577,0.04399999603629112,5655.8173828125,114276.53125,0.0429663360118866,0,3.1392715754918754e-05,128.36727905273438,0,0.0002616529818624258,2.8350639695418067e-05,0,0,23.700000762939453,0,0,1600,0,50,0,0,0,50,50,800,0.0,0.0,0.0,0.0
71,155.4537353515625,307.54168701171875,324.4685363769531,324.4234924316406,290.8706359863281,290.9157409667969,16515.818359375,33031.63671875,67.6439437866211,67.64392852783203,1791.9818115234375,3576.07763671875,1793.50244140625,3577.32666015625,282.33935546875,56.41251754760742,3.5678656331583625e-06,0,0,2582.75927734375,1283.7548828125,0,-5.413074859461631e-07,2651.064453125,11.787337303161621,11.79636287689209,900.1522216796875,1795.4610595703125,49.92627716064453,49.979740142822266,100,0,0,344.97784423828125,0,7.924896240234375,20.509305953979492,20.55433464050293,0,1.034000039100647,0.9067617654800415,50,2.799999952316284,2.3467934131622314,0,0,0,0,1176.9999527455907,0,0,0,0.09699999541044235,0.013772055506706238,-0.11076009273529053,1.1958275536017027e-05,97.99095916748047,98.0060806274414,777.7366333007812,777.7485961914062,777.7485961914062,542.6515502929688,0,0,-5.413074859461631e-07,0.0010999999940395355,0.02200000174343586,0.03299999609589577,0.04399999603629112,5655.8173828125,114276.53125,0.0429663360118866,0,3.1392715754918754e-05,130.18807983398438,0,0.0002616529818624258,2.8350639695418067e-05,0,0,23.700000762939453,0,0,1600,0,50,0,0,0,50,50,800,0.0,0.0,0.0,0.0
72,155.41778564453125,307.5159912109375,324.4406433105469,324.39556884765625,290.8473205566406,290.8924865722656,16515.818359375,33031.63671875,67.61746215820312,67.6174545288086,1792.1390380859375,3576.3251953125,1793.5010986328125,3577.328125,282.3050842285156,56.325984954833984,1.6633237009955337e-06,0,0,2582.86474609375,1283.6058349609375,0,-5.413074859461631e-07,2651.07568359375,11.786820411682129,11.795890808105469,900.1634521484375,1795.48095703125,49.920005798339844,49.97404098510742,100,0,0,344.9593811035156,0,7.924896240234375,20.51873207092285,20.56382942199707,0,1.034000039100647,0.9067617654800415,50,2.799999952316284,2.346783399581909,0,0,0,0,1176.9999527455907,0,0,0,0.0985322967171669,0.01380136888474226,-0.11232010275125504,1.3561268133344129e-05,97.99159240722656,98.0064926147461,777.7130737304688,777.724853515625,777.724853515625,542.6268310546875,0,0,-5.413074859461631e-07,0.0010999999940395355,0.02200000174343586,0.03299999609589577,0.04399999603629112,5655.8173828125,114276.53125,0.0429663360118866,0,3.1392715754918754e-05,132.00888061523438,0,0.0002616529818624258,2.8350639695418067e-05,0,0,23.700000762939453,0,0,1600,0,50,0,0,0,50,50,800,0.0,0.0,0.0,0.0
73,155.3817901611328,307.4902648925781,324.41278076171875,324.3676452636719,290.823974609375,290.869140625,16515.818359375,33031.63671875,67.59095001220703,67.59095001220703,1792.2955322265625,3576.57275390625,1793.501220703125,3577.32763671875,282.27081298828125,56.239463806152344,1.501805058978789e-06,0,0,2582.970703125,1283.456787109375,0,-5.413074859461631e-07,2651.088623046875,11.786311149597168,11.795424461364746,900.176025390625,1795.5009765625,49.9138298034668,49.9683952331543,100,0,0,344.94097900390625,0,7.924896240234375,20.5281925201416,20.57332420349121,0,1.034000039100647,0.9067617654800415,50,2.799999952316284,2.3467719554901123,0,0,0,0,1176.9999527455907,0,0,0,0.10006372630596161,0.01383026409894228,-0.11388011276721954,1.388331929774722e-05,97.99222564697266,98.00697326660156,777.6898193359375,777.701416015625,777.701416015625,542.602294921875,0,0,-5.413074859461631e-07,0.0010999999940395355,0.02200000174343586,0.03299999609589577,0.04399999603629112,5655.8173828125,114276.53125,0.0429663360118866,0,3.1392715754918754e-05,133.82968139648438,0,0.0002616529818624258,2.8350639695418067e-05,0,0,23.700000762939453,0,0,1600,0,50,0,0,0,50,50,800,0.0,0.0,0.0,0.0
74,155.34579467773438,307.4645690917969,324.3848571777344,324.3397216796875,290.8006591796875,290.8458251953125,16515.818359375,33031.63671875,67.56442260742188,67.56442260742188,1792.450927734375,3576.8203125,1793.5028076171875,3577.326171875,282.2365417480469,56.15294647216797,1.921294369822135e-06,0,0,2583.076416015625,1283.3072509765625,0,-5.413074859461631e-07,2651.1025390625,11.785809516906738,11.794963836669922,900.1898193359375,1795.5260009765625,49.907718658447266,49.96282196044922,100,0,0,344.9225158691406,0,7.924896240234375,20.537687301635742,20.58281898498535,0,1.034000039100647,0.9067617654800415,50,2.799999952316284,2.346759557723999,0,0,0,0,1176.9999527455907,0,0,0,0.10159429162740707,0.013858908787369728,-0.11544011533260345,1.3083033081784379e-05,97.99280548095703,98.00749206542969,777.6666870117188,777.67822265625,777.67822265625,542.5778198242188,0,0,-5.413074859461631e-07,0.0010999999940395355,0.02200000174343586,0.03299999609589577,0.04399999603629112,5655.8173828125,114276.53125,0.0429663360118866,0,3.1392715754918754e-05,135.65048217773438,0,0.0002616529818624258,2.8350639695418067e-05,0,0,23.700000762939453,0,0,1600,0,50,0,0,0,50,50,800,0.0,0.0,0.0,0.0
75,155.3097686767578,307.4388427734375,324.3569030761719,324.311767578125,290.77728271484375,290.8224792480469,16515.818359375,33031.63671875,67.53787231445312,67.53787231445312,1792.60595703125,3577.068359375,1793.5015869140625,3577.327392578125,282.2023010253906,56.066429138183594,2.3407835669786436e-06,0,0,2583.182373046875,1283.1578369140625,0,-5.413074859461631e-07,2651.117431640625,11.78531551361084,11.79450798034668,900.2037353515625,1795.55078125,49.90172576904297,49.957279205322266,100,0,0,344.9040832519531,0,7.924896240234375,20.54718017578125,20.592313766479492,0,1.034000039100647,0.9067617654800415,50,2.799999952316284,2.3467464447021484,0,0,0,0,1176.9999527455907,0,0,0,0.10312600433826447,0.013887467794120312,-0.11700012534856796,1.3350602785067167e-05,97.99327850341797,98.0080337524414,777.6434936523438,777.6550903320312,777.6550903320312,542.5534057617188,0,0,-5.413074859461631e-07,0.0010999999940395355,0.02200000174343586,0.03299999609589577,0.04399999603629112,5655.8173828125,114276.53125,0.0429663360118866,0,3.1392715754918754e-05,137.47128295898438,0,0.0002616529818624258,2.8350639695418067e-05,0,0,23.700000762939453,0,0,1600,0,50,0,0,0,50,50,800,0.0,0.0,0.0,0.0
76,155.27371215820312,307.4130554199219,324.3289489746094,324.28375244140625,290.75390625,290.79913330078125,16515.818359375,33031.63671875,67.51126861572266,67.51128387451172,1792.76123046875,3577.31494140625,1793.50048828125,3577.32861328125,282.16802978515625,55.97991943359375,3.922288215107983e-06,0,0,2583.288330078125,1283.0078125,0,-5.413074859461631e-07,2651.1318359375,11.784828186035156,11.794058799743652,900.21630859375,1795.5728759765625,49.895835876464844,49.951812744140625,100,0,0,344.8856506347656,0,7.924896240234375,20.55667495727539,20.60187530517578,0,1.034000039100647,0.9067617654800415,50,2.799999952316284,2.346733808517456,0,0,0,0,1176.9999527455907,0,0,0,0.10465886443853378,0.01391611248254776,-0.11856012791395187,1.4845841178612318e-05,97.9938735961914,98.0085678100586,777.6203002929688,777.6318969726562,777.6318969726562,542.5289306640625,0,0,-5.413074859461631e-07,0.0010999999940395355,0.02200000174343586,0.03299999609589577,0.04399999603629112,5655.8173828125,114276.53125,0.0429663360118866,0,3.1392715754918754e-05,139.29208374023438,0,0.0002616529818624258,2.8350639695418067e-05,0,0,23.700000762939453,0,0,1600,0,50,0,0,0,50,50,800,0.0,0.0,0.0,0.0
77,155.23764038085938,307.3872985839844,324.30096435546875,324.2557678222656,290.7304992675781,290.7757263183594,16515.818359375,33031.63671875,67.48463439941406,67.4846420288086,1792.915283203125,3577.56201171875,1793.50048828125,3577.32861328125,282.1337890625,55.893409729003906,-5.131941634317627e-06,0,0,2583.394287109375,1282.85791015625,0,-5.413074859461631e-07,2651.146728515625,11.784348487854004,11.793615341186523,900.2312622070312,1795.5980224609375,49.88996887207031,49.94642639160156,100,0,0,344.8671569824219,0,7.924896240234375,20.566204071044922,20.61140251159668,0,1.034000039100647,0.9067617654800415,50,2.799999952316284,2.3467206954956055,0,0,0,0,1176.9999527455907,0,0,0,0.10619086027145386,0.013944672420620918,-0.12012013792991638,1.5394296497106552e-05,97.99454498291016,98.00911712646484,777.5973510742188,777.6088256835938,777.6088256835938,542.5045166015625,0,0,-5.413074859461631e-07,0.0010999999940395355,0.02200000174343586,0.03299999609589577,0.04399999603629112,5655.8173828125,114276.53125,0.0429663360118866,0,3.1392715754918754e-05,141.11288452148438,0,0.0002616529818624258,2.8350639695418067e-05,0,0,23.700000762939453,0,0,1600,0,50,0,0,0,50,50,800,0.0,0.0,0.0,0.0
78,155.2015380859375,307.36151123046875,324.27294921875,324.2277526855469,290.70709228515625,290.7523193359375,16515.818359375,33031.63671875,67.45795440673828,67.45796966552734,1793.0689697265625,3577.8076171875,1793.497802734375,3577.331298828125,282.09954833984375,55.80691146850586,-1.8074138097290415e-06,0,0,2583.5,1282.7080078125,0,-5.413074859461631e-07,2651.16259765625,11.783876419067383,11.793177604675293,900.2463989257812,1795.627685546875,49.884246826171875,49.94108963012695,100,0,0,344.8486633300781,0,7.924896240234375,20.57573127746582,20.62093162536621,0,1.034000039100647,0.9067617654800415,50,2.799999952316284,2.3467063903808594,0,0,0,0,1176.9999527455907,0,0,0,0.1077219769358635,0.01397298090159893,-0.12168014794588089,1.4810730135650374e-05,97.99519348144531,98.00971221923828,777.5744018554688,777.5858764648438,777.5858764648438,542.4801635742188,0,0,-5.413074859461631e-07,0.0010999999940395355,0.02200000174343586,0.03299999609589577,0.04399999603629112,5655.8173828125,114276.53125,0.0429663360118866,0,3.1392715754918754e-05,142.93368530273438,0,0.0002616529818624258,2.8350639695418067e-05,0,0,23.700000762939453,0,0,1600,0,50,0,0,0,50,50,800,0.0,0.0,0.0,0.0
79,155.1654052734375,307.3357238769531,324.2449951171875,324.1997375488281,290.6836242675781,290.7288818359375,16515.818359375,33031.63671875,67.4312515258789,67.43126678466797,1793.221435546875,3578.053955078125,1793.4974365234375,3577.331787109375,282.0652770996094,55.720401763916016,-2.2590900528030033e-07,0,0,2583.606201171875,1282.5574951171875,0,-5.413074859461631e-07,2651.1787109375,11.783411026000977,11.792745590209961,900.263671875,1795.6578369140625,49.87853240966797,49.93584060668945,100,0,0,344.8301696777344,0,7.924896240234375,20.58515739440918,20.63042640686035,0,1.034000039100647,0.9067617654800415,50,2.799999952316284,2.3466920852661133,0,0,0,0,1176.9999527455907,0,0,0,0.10925423353910446,0.014001290313899517,-0.1232401505112648,1.537008211016655e-05,97.99574279785156,98.01030731201172,777.551513671875,777.5629272460938,777.5629272460938,542.455810546875,0,0,-5.413074859461631e-07,0.0010999999940395355,0.02200000174343586,0.03299999609589577,0.04399999603629112,5655.8173828125,114276.53125,0.0429663360118866,0,3.1392715754918754e-05,144.75448608398438,0,0.0002616529818624258,2.8350639695418067e-05,0,0,23.700000762939453,0,0,1600,0,50,0,0,0,50,50,800,0.0,0.0,0.0,0.0
80,155.12925720214844,307.30987548828125,324.2170104980469,324.1717224121094,290.66015625,290.7054443359375,16515.818359375,33031.63671875,67.40451049804688,67.40452575683594,1793.37451171875,3578.299560546875,1793.49462890625,3577.334228515625,282.031005859375,55.633880615234375,-3.8742754782106203e-07,0,0,2583.71240234375,1282.4072265625,0,-5.413074859461631e-07,2651.1953125,11.782951354980469,11.792318344116211,900.27880859375,1795.6875,49.872955322265625,49.93062210083008,100,0,0,344.8116455078125,0,7.924896240234375,20.59465217590332,20.639921188354492,0,1.034000039100647,0.9067617654800415,50,2.799999952316284,2.346677541732788,0,0,0,0,1176.9999527455907,0,0,0,0.11078763008117676,0.014029597863554955,-0.12480016052722931,1.707114279270172e-05,97.9964370727539,98.01091766357422,777.5286254882812,777.5400390625,777.5400390625,542.431396484375,0,0,-5.413074859461631e-07,0.0010999999940395355,0.02200000174343586,0.03299999609589577,0.04399999603629112,5655.8173828125,114276.53125,0.0429663360118866,0,3.1392715754918754e-05,146.57528686523438,0,0.0002616529818624258,2.8350639695418067e-05,0,0,23.700000762939453,0,0,1600,0,50,0,0,0,50,50,800,0.0,0.0,0.0,0.0
81,155.0930633544922,307.2840576171875,324.1889953613281,324.1436767578125,290.63665771484375,290.68194580078125,16515.818359375,33031.63671875,67.37773132324219,67.37775421142578,1793.5263671875,3578.544677734375,1793.49462890625,3577.334228515625,281.99676513671875,55.54735565185547,-1.1299538300590939e-06,0,0,2583.818359375,1282.25634765625,0,-5.413074859461631e-07,2651.212890625,11.782500267028809,11.791897773742676,900.2962036132812,1795.71728515625,49.867431640625,49.92548370361328,100,0,0,344.7931213378906,0,7.924896240234375,20.60414695739746,20.64944839477539,0,1.034000039100647,0.9067617654800415,50,2.799999952316284,2.3466620445251465,0,0,0,0,1176.9999527455907,0,0,0,0.11232014745473862,0.01405765675008297,-0.12636016309261322,1.764139233273454e-05,97.99720764160156,98.01156616210938,777.5059814453125,777.517333984375,777.517333984375,542.4071655273438,0,0,-5.413074859461631e-07,0.0010999999940395355,0.02200000174343586,0.03299999609589577,0.04399999603629112,5655.8173828125,114276.53125,0.0429663360118866,0,3.1392715754918754e-05,148.39608764648438,0,0.0002616529818624258,2.8350639695418067e-05,0,0,23.700000762939453,0,0,1600,0,50,0,0,0,50,50,800,0.0,0.0,0.0,0.0
82,155.0568389892578,307.2581787109375,324.16094970703125,324.1156311035156,290.6131591796875,290.6584777832031,16515.818359375,33031.63671875,67.35092163085938,67.3509521484375,1793.677001953125,3578.7890625,1793.4962158203125,3577.33251953125,281.9624938964844,55.46082305908203,-3.034495648535085e-06,0,0,2583.925048828125,1282.1055908203125,0,-5.413074859461631e-07,2651.231201171875,11.782057762145996,11.791482925415039,900.3135986328125,1795.749755859375,49.86199951171875,49.92041015625,100,0,0,344.77459716796875,0,7.924896240234375,20.6136417388916,20.65894317626953,0,1.034000039100647,0.9067617654800415,50,2.799999952316284,2.3466455936431885,0,0,0,0,1176.9999527455907,0,0,0,0.1138538047671318,0.01408554706722498,-0.12792016565799713,1.9176584828528576e-05,97.9979476928711,98.01224517822266,777.4834594726562,777.4947509765625,777.4947509765625,542.3829345703125,0,0,-5.413074859461631e-07,0.0010999999940395355,0.02200000174343586,0.03299999609589577,0.04399999603629112,5655.8173828125,114276.53125,0.0429663360118866,0,3.1392715754918754e-05,150.21688842773438,0,0.0002616529818624258,2.8350639695418067e-05,0,0,23.700000762939453,0,0,1600,0,50,0,0,0,50,50,800,0.0,0.0,0.0,0.0
83,155.02044677734375,307.23199462890625,324.1270446777344,324.08673095703125,290.5954284667969,290.6357116699219,16557.6171875,33042.78515625,67.3247299194336,67.32467651367188,1793.9207763671875,3578.934814453125,1794.1246337890625,3576.703857421875,281.9281921386719,55.37428283691406,4.534681920631556e-06,0,0,2584.03125,1282.149169921875,0,-5.413074859461631e-07,2651.250732421875,11.781612396240234,11.791083335876465,900.7997436523438,1795.8546142578125,49.86244583129883,49.91257095336914,100,0,0,344.7560119628906,0,7.924896240234375,20.62896728515625,20.66928482055664,0,1.034000039100647,0.9067617654800415,50,2.799999952316284,2.349017381668091,0,0,0,0,1176.9999527455907,0,0,0,0.1154046580195427,0.014113268814980984,-0.12948018312454224,3.774538708967157e-05,97.99886322021484,98.0129623413086,777.461181640625,777.4722900390625,777.4722900390625,542.3587646484375,0,0,-5.413074859461631e-07,0.0010999999940395355,0.02200000174343586,0.03299999609589577,0.04399999603629112,5655.8173828125,114276.53125,0.0429663360118866,0,3.1392715754918754e-05,152.03768920898438,0,0.0002616529818624258,2.8350639695418067e-05,0,0,23.700000762939453,0,0,1600,0,50,0,0,0,50,50,800,0.0,0.0,0.0,0.0
84,154.9837188720703,307.20562744140625,324.0939636230469,324.0577087402344,290.57666015625,290.6129150390625,16557.6171875,33042.78515625,67.29833984375,67.29829406738281,1794.0672607421875,3579.1796875,1794.151611328125,3576.677734375,281.8937072753906,55.287193298339844,2.88888600152859e-06,0,0,2584.138427734375,1281.9984130859375,0,-5.413074859461631e-07,2651.278076171875,11.781164169311523,11.790703773498535,900.7884521484375,1795.80126953125,49.858306884765625,49.90713882446289,100,0,0,344.73724365234375,0,7.924896240234375,20.643278121948242,20.6795597076416,0,1.034000039100647,0.9067617654800415,50,2.799999952316284,2.348992347717285,0,0,0,0,1176.9999527455907,0,0,0,0.11696664988994598,0.014139901846647263,-0.13104018568992615,6.636437319684774e-05,98.00183868408203,98.01397705078125,777.441162109375,777.4507446289062,777.4507446289062,542.334716796875,0,0,-5.413074859461631e-07,0.0010999999940395355,0.02200000174343586,0.03299999609589577,0.04399999603629112,5655.8173828125,114276.53125,0.0429663360118866,0,3.1392715754918754e-05,153.85848999023438,0,0.0002616529818624258,2.8350639695418067e-05,0,0,23.700000762939453,0,0,1600,0,50,0,0,0,50,50,800,0.0,0.0,0.0,0.0
85,154.94691467285156,307.1793212890625,324.06158447265625,324.02862548828125,290.5570983886719,290.5899658203125,16557.6171875,33042.78515625,67.27182006835938,67.27177429199219,1794.22265625,3579.4248046875,1794.1505126953125,3576.678466796875,281.8591613769531,55.19989776611328,1.7758756030161749e-06,0,0,2584.246337890625,1281.84814453125,0,-5.413074859461631e-07,2651.324462890625,11.780720710754395,11.790326118469238,900.7752685546875,1795.7718505859375,49.852718353271484,49.90227508544922,100,0,0,344.71844482421875,0,7.924896240234375,20.656841278076172,20.689800262451172,0,1.034000039100647,0.9067617654800415,50,2.799999952316284,2.3489506244659424,0,0,0,0,1176.9999527455907,0,0,0,0.11852172017097473,0.01416226476430893,-0.13260018825531006,8.378783240914345e-05,98.0061264038086,98.01569366455078,777.4251098632812,777.4326171875,777.4326171875,542.3125610351562,0,0,-5.413074859461631e-07,0.0010999999940395355,0.02200000174343586,0.03299999609589577,0.04399999603629112,5655.8173828125,114276.53125,0.0429663360118866,0,3.1392715754918754e-05,155.67929077148438,0,0.0002616529818624258,2.8350639695418067e-05,0,0,23.700000762939453,0,0,1600,0,50,0,0,0,50,50,800,0.0,0.0,0.0,0.0
86,154.91015625,307.1530456542969,324.0298156738281,323.99884033203125,290.5367736816406,290.5677490234375,16557.6171875,33053.95703125,67.24531555175781,67.24528503417969,1794.3685302734375,3579.685791015625,1794.0565185546875,3576.7724609375,281.8246154785156,55.1126594543457,-1.2577532970681204e-06,0,0,2584.35400390625,1281.697998046875,0,-5.413074859461631e-07,2651.39208984375,11.780285835266113,11.789953231811523,900.7651977539062,1795.8790283203125,49.846126556396484,49.89780807495117,100,0,0,344.6995849609375,0,7.924896240234375,20.66975975036621,20.70075225830078,0,1.034000039100647,0.9067617654800415,50,2.799999952316284,2.349393367767334,0,0,0,0,1176.9999527455907,0,0,0,0.12007587403059006,0.014179853722453117,-0.13416020572185516,9.552575647830963e-05,98.01061248779297,98.01819610595703,777.4124145507812,777.4183959960938,777.4183959960938,542.2922973632812,0,0,-5.413074859461631e-07,0.0010999999940395355,0.02200000174343586,0.03299999609589577,0.04399999603629112,5655.8173828125,114276.53125,0.0429663360118866,0,3.1392715754918754e-05,157.50009155273438,0,0.0002616529818624258,2.8350639695418067e-05,0,0,23.700000762939453,0,0,1600,0,50,0,0,0,50,50,800,0.0,0.0,0.0,0.0
87,154.8734130859375,307.1268310546875,323.99853515625,323.9692077636719,290.51593017578125,290.5452575683594,16557.6171875,33053.95703125,67.21869659423828,67.21867370605469,1794.5316162109375,3579.93701171875,1794.049560546875,3576.77978515625,281.7900695800781,55.02545928955078,1.5186956261459272e-06,0,0,2584.4619140625,1281.5477294921875,0,-5.413074859461631e-07,2651.476806640625,11.77985954284668,11.789584159851074,900.7576293945312,1795.864990234375,49.840206146240234,49.89289855957031,100,0,0,344.6807556152344,0,7.924896240234375,20.68223762512207,20.71156883239746,0,1.034000039100647,0.9067617654800415,50,2.799999952316284,2.349317789077759,0,0,0,0,1176.9999527455907,0,0,0,0.1216251328587532,0.014193755574524403,-0.13572020828723907,9.867725748335943e-05,98.01519012451172,98.02132415771484,777.4022827148438,777.4071044921875,777.4071044921875,542.2734985351562,0,0,-5.413074859461631e-07,0.0010999999940395355,0.02200000174343586,0.03299999609589577,0.04399999603629112,5655.8173828125,114276.53125,0.0429663360118866,0,3.1392715754918754e-05,159.32089233398438,0,0.0002616529818624258,2.8350639695418067e-05,0,0,23.700000762939453,0,0,1600,0,50,0,0,0,50,50,800,0.0,0.0,0.0,0.0
88,154.83673095703125,307.1007080078125,323.9676818847656,323.939697265625,290.49462890625,290.5226135253906,16557.6171875,33053.95703125,67.19200134277344,67.19197845458984,1794.6951904296875,3580.189697265625,1794.0484619140625,3576.78076171875,281.7555847167969,54.93838882446289,2.7779383344750386e-06,0,0,2584.569580078125,1281.39697265625,0,-5.413074859461631e-07,2651.572265625,11.779440879821777,11.789219856262207,900.7578125,1795.8623046875,49.834529876708984,49.88787078857422,100,0,0,344.6619567871094,0,7.924896240234375,20.69427490234375,20.72224998474121,0,1.034000039100647,0.9067617654800415,50,2.799999952316284,2.3492324352264404,0,0,0,0,1176.9999527455907,0,0,0,0.12316947430372238,0.01420523039996624,-0.13728021085262299,9.448938362766057e-05,98.01934051513672,98.02484893798828,777.3934936523438,777.3978271484375,777.3978271484375,542.2557983398438,0,0,-5.413074859461631e-07,0.0010999999940395355,0.02200000174343586,0.03299999609589577,0.04399999603629112,5655.8173828125,114276.53125,0.0429663360118866,0,3.1392715754918754e-05,161.14169311523438,0,0.0002616529818624258,2.8350639695418067e-05,0,0,23.700000762939453,0,0,1600,0,50,0,0,0,50,50,800,0.0,0.0,0.0,0.0
89,154.80014038085938,307.0746154785156,323.93719482421875,323.9095458984375,290.472900390625,290.50054931640625,16557.6171875,33065.1484375,67.16535186767578,67.16534423828125,1794.84228515625,3580.456298828125,1793.9488525390625,3576.880126953125,281.72119140625,54.85150909423828,1.1803647339547751e-06,0,0,2584.676513671875,1281.2464599609375,0,-5.413074859461631e-07,2651.670166015625,11.779033660888672,11.788862228393555,900.7590942382812,1795.9957275390625,49.82801818847656,49.88335418701172,100,0,0,344.6431884765625,0,7.924896240234375,20.70600700378418,20.733642578125,0,1.034000039100647,0.9067617654800415,50,2.799999952316284,2.349648952484131,0,0,0,0,1176.9999527455907,0,0,0,0.12470892071723938,0.014215950854122639,-0.1388402283191681,8.464744314551353e-05,98.0227279663086,98.02847290039062,777.3845825195312,777.38916015625,777.38916015625,542.2384033203125,0,0,-5.413074859461631e-07,0.0010999999940395355,0.02200000174343586,0.03299999609589577,0.04399999603629112,5655.8173828125,114276.53125,0.0429663360118866,0,3.1392715754918754e-05,162.96249389648438,0,0.0002616529818624258,2.8350639695418067e-05,0,0,23.700000762939453,0,0,1600,0,50,0,0,0,50,50,800,0.0,0.0,0.0,0.0
90,154.76356506347656,307.0485534667969,323.90704345703125,323.87969970703125,290.4508972167969,290.4782409667969,16557.6171875,33065.1484375,67.13863372802734,67.13863372802734,1795.0035400390625,3580.70654296875,1793.946533203125,3576.882568359375,281.68682861328125,54.76471710205078,2.310234776814468e-06,0,0,2584.783935546875,1281.095703125,0,-5.413074859461631e-07,2651.764892578125,11.778634071350098,11.788507461547852,900.7628173828125,1796.0020751953125,49.82235336303711,49.87854766845703,100,0,0,344.62445068359375,0,7.924896240234375,20.7174015045166,20.744731903076172,0,1.034000039100647,0.9067617654800415,50,2.799999952316284,2.3495640754699707,0,0,0,0,1176.9999527455907,0,0,0,0.12624746561050415,0.014227424748241901,-0.140400230884552,7.466748502338305e-05,98.0255355834961,98.03197479248047,777.374755859375,777.3798217773438,777.3798217773438,542.220703125,0,0,-5.413074859461631e-07,0.0010999999940395355,0.02200000174343586,0.03299999609589577,0.04399999603629112,5655.8173828125,114276.53125,0.0429663360118866,0,3.1392715754918754e-05,164.78329467773438,0,0.0002616529818624258,2.8350639695418067e-05,0,0,23.700000762939453,0,0,1600,0,50,0,0,0,50,50,800,0.0,0.0,0.0,0.0
91,154.72706604003906,307.0225830078125,323.8771667480469,323.8497009277344,290.4286193847656,290.4561462402344,16557.6171875,33076.296875,67.1119155883789,67.11193084716797,1795.1617431640625,3580.953857421875,1793.864501953125,3576.964111328125,281.6524963378906,54.67805862426758,2.503906443962478e-06,0,0,2584.89111328125,1280.9447021484375,0,-5.413074859461631e-07,2651.8525390625,11.778244972229004,11.788159370422363,900.7730102539062,1796.140625,49.817100524902344,49.873756408691406,100,0,0,344.605712890625,0,7.924896240234375,20.728557586669922,20.756023406982422,0,1.034000039100647,0.9067617654800415,50,2.799999952316284,2.349987268447876,0,0,0,0,1176.9999527455907,0,0,0,0.12777914106845856,0.014240407384932041,-0.1419602334499359,5.931919440627098e-05,98.02767181396484,98.03520965576172,777.3634643554688,777.3693237304688,777.3693237304688,542.2024536132812,0,0,-5.413074859461631e-07,0.0010999999940395355,0.02200000174343586,0.03299999609589577,0.04399999603629112,5655.8173828125,114276.53125,0.0429663360118866,0,3.1392715754918754e-05,166.60409545898438,0,0.0002616529818624258,2.8350639695418067e-05,0,0,23.700000762939453,0,0,1600,0,50,0,0,0,50,50,800,0.0,0.0,0.0,0.0
92,154.69058227539062,306.99652099609375,323.8475646972656,323.819580078125,290.4060974121094,290.43414306640625,16557.6171875,33076.296875,67.08521270751953,67.08523559570312,1795.3052978515625,3581.2080078125,1793.8446044921875,3576.984619140625,281.61822509765625,54.591514587402344,-1.143658664659597e-06,0,0,2584.997802734375,1280.794189453125,0,-5.413074859461631e-07,2651.928955078125,11.777867317199707,11.787816047668457,900.7750854492188,1796.156005859375,49.810935974121094,49.869667053222656,100,0,0,344.5870361328125,0,7.924896240234375,20.73947525024414,20.7674503326416,0,1.034000039100647,0.9067617654800415,50,2.799999952316284,2.3499183654785156,0,0,0,0,1176.9999527455907,0,0,0,0.12931393086910248,0.014255734160542488,-0.14352023601531982,4.941429870086722e-05,98.02911376953125,98.03804016113281,777.349853515625,777.35693359375,777.35693359375,542.1832275390625,0,0,-5.413074859461631e-07,0.0010999999940395355,0.02200000174343586,0.03299999609589577,0.04399999603629112,5655.8173828125,114276.53125,0.0429663360118866,0,3.1392715754918754e-05,168.42489624023438,0,0.0002616529818624258,2.8350639695418067e-05,0,0,23.700000762939453,0,0,1600,0,50,0,0,0,50,50,800,0.0,0.0,0.0,0.0
93,154.65411376953125,306.9705505371094,323.81817626953125,323.789794921875,290.3834228515625,290.411865234375,16557.6171875,33076.296875,67.05845642089844,67.0584716796875,1795.4542236328125,3581.450927734375,1793.8426513671875,3576.986083984375,281.583984375,54.50503158569336,4.504900516622001e-06,0,0,2585.1044921875,1280.6434326171875,0,-5.413074859461631e-07,2651.993408203125,11.777496337890625,11.787476539611816,900.7846069335938,1796.1732177734375,49.805965423583984,49.86519241333008,100,0,0,344.568359375,0,7.924896240234375,20.75019073486328,20.77857208251953,0,1.034000039100647,0.9067617654800415,50,2.799999952316284,2.349860429763794,0,0,0,0,1176.9999527455907,0,0,0,0.13084383308887482,0.014273741282522678,-0.14508025348186493,3.731800461537205e-05,98.03024291992188,98.04042053222656,777.3343505859375,777.3423461914062,777.3423461914062,542.1629638671875,0,0,-5.413074859461631e-07,0.0010999999940395355,0.02200000174343586,0.03299999609589577,0.04399999603629112,5655.8173828125,114276.53125,0.0429663360118866,0,3.1392715754918754e-05,170.24569702148438,0,0.0002616529818624258,2.8350639695418067e-05,0,0,23.700000762939453,0,0,1600,0,50,0,0,0,50,50,800,0.0,0.0,0.0,0.0
94,154.61769104003906,306.944580078125,323.7889404296875,323.7597961425781,290.3605651855469,290.3897399902344,16557.6171875,33087.46875,67.03170013427734,67.03173828125,1795.6026611328125,3581.687255859375,1793.7607421875,3577.068359375,281.5497741699219,54.41862869262695,1.0831527106347494e-06,0,0,2585.211181640625,1280.4921875,0,-5.413074859461631e-07,2652.046630859375,11.777132034301758,11.787144660949707,900.797119140625,1796.31640625,49.80127716064453,49.86082458496094,100,0,0,344.5496826171875,0,7.924896240234375,20.7607364654541,20.78986358642578,0,1.034000039100647,0.9067617654800415,50,2.799999952316284,2.3503143787384033,0,0,0,0,1176.9999527455907,0,0,0,0.13237285614013672,0.014294176362454891,-0.14664025604724884,2.67690047621727e-05,98.03089904785156,98.04238891601562,777.3167724609375,777.3258056640625,777.3258056640625,542.1416625976562,0,0,-5.413074859461631e-07,0.0010999999940395355,0.02200000174343586,0.03299999609589577,0.04399999603629112,5655.8173828125,114276.53125,0.0429663360118866,0,3.1392715754918754e-05,172.06649780273438,0,0.0002616529818624258,2.8350639695418067e-05,0,0,23.700000762939453,0,0,1600,0,50,0,0,0,50,50,800,0.0,0.0,0.0,0.0
95,154.5812225341797,306.9185485839844,323.7598876953125,323.729736328125,290.3375549316406,290.36773681640625,16557.6171875,33087.46875,67.00496673583984,67.00501251220703,1795.73681640625,3581.92919921875,1793.73876953125,3577.090087890625,281.51556396484375,54.33226776123047,4.052490567119094e-06,0,0,2585.31787109375,1280.341552734375,0,-5.413074859461631e-07,2652.088623046875,11.77678108215332,11.786816596984863,900.7999267578125,1796.3360595703125,49.795677185058594,49.85717010498047,100,0,0,344.5310363769531,0,7.924896240234375,20.771146774291992,20.80129051208496,0,1.034000039100647,0.9067617654800415,50,2.799999952316284,2.350276231765747,0,0,0,0,1176.9999527455907,0,0,0,0.13390497863292694,0.014317126013338566,-0.14820025861263275,2.1842588466824964e-05,98.03130340576172,98.04393768310547,777.2972412109375,777.3071899414062,777.3071899414062,542.119384765625,0,0,-5.413074859461631e-07,0.0010999999940395355,0.02200000174343586,0.03299999609589577,0.04399999603629112,5655.8173828125,114276.53125,0.0429663360118866,0,3.1392715754918754e-05,173.88729858398438,0,0.0002616529818624258,2.8350639695418067e-05,0,0,23.700000762939453,0,0,1600,0,50,0,0,0,50,50,800,0.0,0.0,0.0,0.0
96,154.5447235107422,306.89251708984375,323.73089599609375,323.6999206542969,290.3144836425781,290.345458984375,16557.6171875,33087.46875,66.97817993164062,66.97822570800781,1795.8770751953125,3582.160400390625,1793.7386474609375,3577.090576171875,281.4813537597656,54.24588394165039,3.535781388563919e-06,0,0,2585.424560546875,1280.190185546875,0,-5.413074859461631e-07,2652.121337890625,11.776436805725098,11.786493301391602,900.8091430664062,1796.3502197265625,49.7912712097168,49.85311508178711,100,0,0,344.5122985839844,0,7.924896240234375,20.78141975402832,20.8123779296875,0,1.034000039100647,0.9067617654800415,50,2.799999952316284,2.350245952606201,0,0,0,0,1176.9999527455907,0,0,0,0.13543622195720673,0.014342083595693111,-0.14976027607917786,1.8033664673566818e-05,98.03175354003906,98.04515075683594,777.2764282226562,777.2869873046875,777.2869873046875,542.0962524414062,0,0,-5.413074859461631e-07,0.0010999999940395355,0.02200000174343586,0.03299999609589577,0.04399999603629112,5655.8173828125,114276.53125,0.0429663360118866,0,3.1392715754918754e-05,175.70809936523438,0,0.0002616529818624258,2.8350639695418067e-05,0,0,23.700000762939453,0,0,1600,0,50,0,0,0,50,50,800,0.0,0.0,0.0,0.0
97,154.5082244873047,306.866455078125,323.7020263671875,323.6699523925781,290.2912902832031,290.3233642578125,16557.6171875,33098.66015625,66.95140075683594,66.95146179199219,1796.016845703125,3582.38623046875,1793.65625,3577.172607421875,281.4471740722656,54.1595344543457,-2.3875923034211155e-06,0,0,2585.531005859375,1280.0386962890625,0,-5.413074859461631e-07,2652.147705078125,11.77609920501709,11.786175727844238,900.8198852539062,1796.4906005859375,49.78707504272461,49.8491325378418,100,0,0,344.4936218261719,0,7.924896240234375,20.791593551635742,20.82366943359375,0,1.034000039100647,0.9067617654800415,50,2.799999952316284,2.350724220275879,0,0,0,0,1176.9999527455907,0,0,0,0.13696657121181488,0.014368466101586819,-0.15132027864456177,1.4758668839931488e-05,98.03216552734375,98.04612731933594,777.254638671875,777.265625,777.265625,542.0725708007812,0,0,-5.413074859461631e-07,0.0010999999940395355,0.02200000174343586,0.03299999609589577,0.04399999603629112,5655.8173828125,114276.53125,0.0429663360118866,0,3.1392715754918754e-05,177.52890014648438,0,0.0002616529818624258,2.8350639695418067e-05,0,0,23.700000762939453,0,0,1600,0,50,0,0,0,50,50,800,0.0,0.0,0.0,0.0
98,154.47164916992188,306.8403625488281,323.6731262207031,323.63983154296875,290.26806640625,290.3013916015625,16557.6171875,33098.66015625,66.92462921142578,66.92469787597656,1796.143798828125,3582.621826171875,1793.6341552734375,3577.194580078125,281.4129638671875,54.073184967041016,2.324768729522475e-06,0,0,2585.637939453125,1279.887939453125,0,-5.413074859461631e-07,2652.169921875,11.775774955749512,11.785861015319824,900.8211059570312,1796.50732421875,49.78193283081055,49.845767974853516,100,0,0,344.47491455078125,0,7.924896240234375,20.80176544189453,20.835063934326172,0,1.034000039100647,0.9067617654800415,50,2.799999952316284,2.350703239440918,0,0,0,0,1176.9999527455907,0,0,0,0.13850001990795135,0.01439585443586111,-0.15288028120994568,1.558801159262657e-05,98.03260040283203,98.04694366455078,777.2322387695312,777.2434692382812,777.2434692382812,542.0484008789062,0,0,-5.413074859461631e-07,0.0010999999940395355,0.02200000174343586,0.03299999609589577,0.04399999603629112,5655.8173828125,114276.53125,0.0429663360118866,0,3.1392715754918754e-05,179.34970092773438,0,0.0002616529818624258,2.8350639695418067e-05,0,0,23.700000762939453,0,0,1600,0,50,0,0,0,50,50,800,0.0,0.0,0.0,0.0
99,154.43505859375,306.8142395019531,323.64434814453125,323.6100158691406,290.2447204589844,290.2790832519531,16557.6171875,33098.66015625,66.8978042602539,66.89787292480469,1796.2784423828125,3582.8466796875,1793.63232421875,3577.197021484375,281.3787536621094,53.98676300048828,-4.002017703896854e-06,0,0,2585.744873046875,1279.7364501953125,0,-5.413074859461631e-07,2652.189697265625,11.775455474853516,11.785551071166992,900.8275756835938,1796.5185546875,49.777923583984375,49.84196853637695,100,0,0,344.4561462402344,0,7.924896240234375,20.81180191040039,20.84615135192871,0,1.034000039100647,0.9067617654800415,50,2.799999952316284,2.350684404373169,0,0,0,0,1176.9999527455907,0,0,0,0.1400325894355774,0.014423743821680546,-0.15444029867649078,1.6038398825912736e-05,98.03321838378906,98.04767608642578,777.20947265625,777.2208862304688,777.2208862304688,542.0240478515625,0,0,-5.413074859461631e-07,0.0010999999940395355,0.02200000174343586,0.03299999609589577,0.04399999603629112,5655.8173828125,114276.53125,0.0429663360118866,0,3.1392715754918754e-05,181.17050170898438,0,0.0002616529818624258,2.8350639695418067e-05,0,0,23.700000762939453,0,0,1600,0,50,0,0,0,50,50,800,0.0,0.0,0.0,0.0
100,154.39840698242188,306.7880554199219,323.6156005859375,323.5796203613281,290.2213134765625,290.25732421875,16557.6171875,33109.80859375,66.87104034423828,66.87112426757812,1796.397705078125,3583.08349609375,1793.5374755859375,3577.29150390625,281.34454345703125,53.90034866333008,1.4689460385852726e-06,0,0,2585.85205078125,1279.58447265625,0,-5.413074859461631e-07,2652.20849609375,11.775146484375,11.785246849060059,900.8313598632812,1796.654541015625,49.7731819152832,49.838661193847656,100,0,0,344.4374084472656,0,7.924896240234375,20.821805953979492,20.8577823638916,0,1.034000039100647,0.9067617654800415,50,2.799999952316284,2.3511669635772705,0,0,0,0,1176.9999527455907,0,0,0,0.14156822860240936,0.014451884664595127,-0.1560003012418747,1.9819475710391998e-05,98.03385925292969,98.04837036132812,777.1867065429688,777.1981201171875,777.1981201171875,541.9996337890625,0,0,-5.413074859461631e-07,0.0010999999940395355,0.02200000174343586,0.03299999609589577,0.04399999603629112,5655.8173828125,114276.53125,0.0429663360118866,0,3.1392715754918754e-05,182.99130249023438,0,0.0002616529818624258,2.8350639695418067e-05,0,0,23.700000762939453,0,0,1600,0,50,0,0,0,50,50,800,0.0,0.0,0.0,0.0
101,154.36167907714844,306.76190185546875,323.58685302734375,323.5495300292969,290.1978759765625,290.2352294921875,16557.6171875,33109.80859375,66.84420776367188,66.84429931640625,1796.531982421875,3583.30224609375,1793.5313720703125,3577.2978515625,281.310302734375,53.81386184692383,-4.09923768529552e-06,0,0,2585.958984375,1279.4332275390625,0,-5.413074859461631e-07,2652.22802734375,11.774845123291016,11.784948348999023,900.8327026367188,1796.661865234375,49.76926040649414,49.83505630493164,100,0,0,344.4186096191406,0,7.924896240234375,20.83177375793457,20.86907386779785,0,1.034000039100647,0.9067617654800415,50,2.799999952316284,2.3511481285095215,0,0,0,0,1176.9999527455907,0,0,0,0.1431029736995697,0.014479943551123142,-0.1575603038072586,2.2617448848905042e-05,98.03488159179688,98.0490951538086,777.1641845703125,777.1753540039062,777.1753540039062,541.9751586914062,0,0,-5.413074859461631e-07,0.0010999999940395355,0.02200000174343586,0.03299999609589577,0.04399999603629112,5655.8173828125,114276.53125,0.0429663360118866,0,3.1392715754918754e-05,184.81210327148438,0,0.0002616529818624258,2.8350639695418067e-05,0,0,23.700000762939453,0,0,1600,0,50,0,0,0,50,50,800,0.0,0.0,0.0,0.0
102,154.324951171875,306.7357177734375,323.5580749511719,323.5196838378906,290.1744384765625,290.212890625,16557.6171875,33109.80859375,66.81732177734375,66.81742095947266,1796.6640625,3583.523193359375,1793.530517578125,3577.298583984375,281.2760314941406,53.727352142333984,-2.5177328097925056e-06,0,0,2586.06640625,1279.2813720703125,0,-5.413074859461631e-07,2652.250244140625,11.774550437927246,11.784652709960938,900.840087890625,1796.673095703125,49.76554870605469,49.83139419555664,100,0,0,344.3998107910156,0,7.924896240234375,20.84170913696289,20.880126953125,0,1.034000039100647,0.9067617654800415,50,2.799999952316284,2.3511269092559814,0,0,0,0,1176.9999527455907,0,0,0,0.1446368396282196,0.014507414773106575,-0.1591203212738037,2.3937132937135175e-05,98.03596496582031,98.04991912841797,777.1421508789062,777.1531372070312,777.1531372070312,541.9509887695312,0,0,-5.413074859461631e-07,0.0010999999940395355,0.02200000174343586,0.03299999609589577,0.04399999603629112,5655.8173828125,114276.53125,0.0429663360118866,0,3.1392715754918754e-05,186.63290405273438,0,0.0002616529818624258,2.8350639695418067e-05,0,0,23.700000762939453,0,0,1600,0,50,0,0,0,50,50,800,0.0,0.0,0.0,0.0
103,154.28819274902344,306.70947265625,323.5293273925781,323.4892578125,290.15093994140625,290.1910400390625,16557.6171875,33120.98046875,66.7905044555664,66.79061126708984,1796.7801513671875,3583.7578125,1793.433837890625,3577.39501953125,281.24176025390625,53.64087677001953,4.292841822461924e-06,0,0,2586.17333984375,1279.12939453125,0,-5.413074859461631e-07,2652.274169921875,11.77426528930664,11.784361839294434,900.8424682617188,1796.8094482421875,49.761043548583984,49.82822036743164,100,0,0,344.3809814453125,0,7.924896240234375,20.85164451599121,20.8917236328125,0,1.034000039100647,0.9067617654800415,50,2.799999952316284,2.3516054153442383,0,0,0,0,1176.9999527455907,0,0,0,0.14617377519607544,0.01453446689993143,-0.16068032383918762,2.7917978513869457e-05,98.03701782226562,98.0508041381836,777.120361328125,777.1312255859375,777.1312255859375,541.9269409179688,0,0,-5.413074859461631e-07,0.0010999999940395355,0.02200000174343586,0.03299999609589577,0.04399999603629112,5655.8173828125,114276.53125,0.0429663360118866,0,3.1392715754918754e-05,188.45370483398438,0,0.0002616529818624258,2.8350639695418067e-05,0,0,23.700000762939453,0,0,1600,0,50,0,0,0,50,50,800,0.0,0.0,0.0,0.0
104,154.25135803222656,306.6831970214844,323.4974670410156,323.4590759277344,290.1304626464844,290.16888427734375,16599.580078125,33120.98046875,66.76390838623047,66.7639389038086,1796.911865234375,3583.976806640625,1794.0355224609375,3576.793701171875,281.20751953125,53.554325103759766,-5.167388508198201e-07,0,0,2586.281005859375,1279.1749267578125,0,-5.413074859461631e-07,2652.301025390625,11.77398681640625,11.784075736999512,901.2997436523438,1796.8115234375,49.757347106933594,49.824710845947266,100,0,0,344.36212158203125,0,7.924896240234375,20.864665985107422,20.90304946899414,0,1.034000039100647,0.9067617654800415,50,2.799999952316284,2.353461503982544,0,0,0,0,1176.9999527455907,0,0,0,0.14771179854869843,0.01456109993159771,-0.16224032640457153,3.2564719731453806e-05,98.03848266601562,98.05179595947266,777.0991821289062,777.1096801757812,777.1096801757812,541.9030151367188,0,0,-5.413074859461631e-07,0.0010999999940395355,0.02200000174343586,0.03299999609589577,0.04399999603629112,5655.8173828125,114276.53125,0.0429663360118866,0,3.1392715754918754e-05,190.27450561523438,0,0.0002616529818624258,2.8350639695418067e-05,0,0,23.700000762939453,0,0,1600,0,50,0,0,0,50,50,800,0.0,0.0,0.0,0.0
105,154.21424865722656,306.6565246582031,323.4633483886719,323.4289855957031,290.11212158203125,290.146484375,16599.580078125,33120.98046875,66.73739624023438,66.73741149902344,1797.1197509765625,3584.11474609375,1794.1788330078125,3576.650146484375,281.17315673828125,53.46760559082031,1.0165437061004923e-06,0,0,2586.388916015625,1279.018798828125,0,-5.413074859461631e-07,2652.332763671875,11.773693084716797,11.783815383911133,901.3192138671875,1796.7333984375,49.76162338256836,49.81736755371094,100,0,0,344.34320068359375,0,7.924896240234375,20.87985610961914,20.91420555114746,0,1.034000039100647,0.9067617654800415,50,2.799999952316284,2.353431224822998,0,0,0,0,1176.9999527455907,0,0,0,0.14927072823047638,0.014586812816560268,-0.16380031406879425,5.722101923311129e-05,98.0405502319336,98.05297088623047,777.0791015625,777.0888671875,777.0888671875,541.8793334960938,0,0,-5.413074859461631e-07,0.0010999999940395355,0.02200000174343586,0.03299999609589577,0.04399999603629112,5655.8173828125,114276.53125,0.0429663360118866,0,3.1392715754918754e-05,192.09530639648438,0,0.0002616529818624258,2.8350639695418067e-05,0,0,23.700000762939453,0,0,1600,0,50,0,0,0,50,50,800,0.0,0.0,0.0,0.0
106,154.177001953125,306.6299133300781,323.4300231933594,323.3981628417969,290.0928955078125,290.1247253417969,16599.580078125,33132.1796875,66.71084594726562,66.71086883544922,1797.2548828125,3584.328369140625,1794.091552734375,3576.7373046875,281.1387023925781,53.38056564331055,-3.7118861655471846e-06,0,0,2586.49755859375,1278.8675537109375,0,-5.413074859461631e-07,2652.376953125,11.77340316772461,11.783560752868652,901.29541015625,1796.8123779296875,49.75739669799805,49.81424331665039,100,0,0,344.32415771484375,0,7.924896240234375,20.894132614135742,20.92597198486328,0,1.034000039100647,0.9067617654800415,50,2.799999952316284,2.3538918495178223,0,0,0,0,1176.9999527455907,0,0,0,0.15082673728466034,0.01461001206189394,-0.16536030173301697,7.644966535735875e-05,98.04411315917969,98.05460357666016,777.061767578125,777.070068359375,777.070068359375,541.8566284179688,0,0,-5.413074859461631e-07,0.0010999999940395355,0.02200000174343586,0.03299999609589577,0.04399999603629112,5655.8173828125,114276.53125,0.0429663360118866,0,3.1392715754918754e-05,193.91610717773438,0,0.0002616529818624258,2.8350639695418067e-05,0,0,23.700000762939453,0,0,1600,0,50,0,0,0,50,50,800,0.0,0.0,0.0,0.0
107,154.1397247314453,306.6033630371094,323.3973388671875,323.3675842285156,290.0728759765625,290.10260009765625,16599.580078125,33132.1796875,66.68415069580078,66.68418884277344,1797.3970947265625,3584.541259765625,1794.085205078125,3576.743896484375,281.10418701171875,53.29344940185547,1.2109984481867286e-06,0,0,2586.606201171875,1278.7161865234375,0,-5.413074859461631e-07,2652.438232421875,11.773120880126953,11.783309936523438,901.2749633789062,1796.7767333984375,49.75336837768555,49.8109130859375,100,0,0,344.3050537109375,0,7.924896240234375,20.90772819519043,20.937467575073242,0,1.034000039100647,0.9067617654800415,50,2.799999952316284,2.353835105895996,0,0,0,0,1176.9999527455907,0,0,0,0.1523778736591339,0.014629443176090717,-0.16692028939723969,8.702772174729034e-05,98.04837799072266,98.05686950683594,777.047607421875,777.0543212890625,777.0543212890625,541.83544921875,0,0,-5.413074859461631e-07,0.0010999999940395355,0.02200000174343586,0.03299999609589577,0.04399999603629112,5655.8173828125,114276.53125,0.0429663360118866,0,3.1392715754918754e-05,195.73690795898438,0,0.0002616529818624258,2.8350639695418067e-05,0,0,23.700000762939453,0,0,1600,0,50,0,0,0,50,50,800,0.0,0.0,0.0,0.0
108,154.1025390625,306.576904296875,323.3652648925781,323.3367919921875,290.0522155761719,290.08062744140625,16599.580078125,33143.33984375,66.65740966796875,66.65745544433594,1797.5372314453125,3584.7626953125,1794.0042724609375,3576.82470703125,281.0697326660156,53.20643615722656,5.496228823176352e-07,0,0,2586.714599609375,1278.5638427734375,0,-5.413074859461631e-07,2652.515625,11.772844314575195,11.783061027526855,901.2673950195312,1796.8785400390625,49.74946212768555,49.807411193847656,100,0,0,344.2859802246094,0,7.924896240234375,20.92071533203125,20.94916534423828,0,1.034000039100647,0.9067617654800415,50,2.799999952316284,2.354264259338379,0,0,0,0,1176.9999527455907,0,0,0,0.1539221704006195,0.014645272865891457,-0.1684802770614624,8.715726289665326e-05,98.05243682861328,98.05972290039062,777.0357666015625,777.04150390625,777.04150390625,541.8157958984375,0,0,-5.413074859461631e-07,0.0010999999940395355,0.02200000174343586,0.03299999609589577,0.04399999603629112,5655.8173828125,114276.53125,0.0429663360118866,0,3.1392715754918754e-05,197.55770874023438,0,0.0002616529818624258,2.8350639695418067e-05,0,0,23.700000762939453,0,0,1600,0,50,0,0,0,50,50,800,0.0,0.0,0.0,0.0
109,154.06539916992188,306.5504455566406,323.3336181640625,323.3059387207031,290.0310974121094,290.0587463378906,16599.580078125,33143.33984375,66.63063049316406,66.63068389892578,1797.666748046875,3584.9951171875,1793.9827880859375,3576.84619140625,281.03533935546875,53.11957550048828,1.8570880229162867e-06,0,0,2586.822998046875,1278.4124755859375,0,-5.413074859461631e-07,2652.60107421875,11.772576332092285,11.782815933227539,901.2523803710938,1796.8619384765625,49.74460220336914,49.80439376831055,100,0,0,344.2669372558594,0,7.924896240234375,20.933330535888672,20.96099853515625,0,1.034000039100647,0.9067617654800415,50,2.799999952316284,2.3541858196258545,0,0,0,0,1176.9999527455907,0,0,0,0.15546751022338867,0.014659175649285316,-0.17004026472568512,8.641509339213371e-05,98.05610656738281,98.0628890991211,777.02490234375,777.0302734375,777.0302734375,541.7969360351562,0,0,-5.413074859461631e-07,0.0010999999940395355,0.02200000174343586,0.03299999609589577,0.04399999603629112,5655.8173828125,114276.53125,0.0429663360118866,0,3.1392715754918754e-05,199.37850952148438,0,0.0002616529818624258,2.8350639695418067e-05,0,0,23.700000762939453,0,0,1600,0,50,0,0,0,50,50,800,0.0,0.0,0.0,0.0
110,154.02833557128906,306.5240783691406,323.30242919921875,323.2753601074219,290.00958251953125,290.03656005859375,16599.580078125,33143.33984375,66.60375213623047,66.60380554199219,1797.803466796875,3585.21923828125,1793.9857177734375,3576.843505859375,281.0010070800781,53.03282165527344,-1.838699290601653e-06,0,0,2586.93115234375,1278.26025390625,0,-5.413074859461631e-07,2652.690185546875,11.772315979003906,11.782574653625488,901.25,1796.8529052734375,49.740806579589844,49.800907135009766,100,0,0,344.2479248046875,0,7.924896240234375,20.94550323486328,20.972562789916992,0,1.034000039100647,0.9067617654800415,50,2.799999952316284,2.354104518890381,0,0,0,0,1176.9999527455907,0,0,0,0.15700402855873108,0.014672325924038887,-0.17160025238990784,7.610581815242767e-05,98.05933380126953,98.06617736816406,777.0142211914062,777.0195922851562,777.0195922851562,541.7784423828125,0,0,-5.413074859461631e-07,0.0010999999940395355,0.02200000174343586,0.03299999609589577,0.04399999603629112,5655.8173828125,114276.53125,0.0429663360118866,0,3.1392715754918754e-05,201.19931030273438,0,0.0002616529818624258,2.8350639695418067e-05,0,0,23.700000762939453,0,0,1600,0,50,0,0,0,50,50,800,0.0,0.0,0.0,0.0
111,153.99136352539062,306.4978332519531,323.27166748046875,323.2447204589844,289.98760986328125,290.0145263671875,16599.580078125,33154.52734375,66.57686614990234,66.5769271850586,1797.939453125,3585.43994140625,1793.9034423828125,3576.925048828125,280.9667053222656,52.94626998901367,3.987454874732066e-06,0,0,2587.0390625,1278.107666015625,0,-5.413074859461631e-07,2652.77587890625,11.772061347961426,11.78233814239502,901.2554931640625,1796.982666015625,49.7371711730957,49.79745101928711,100,0,0,344.2289733886719,0,7.924896240234375,20.957304000854492,20.98426055908203,0,1.034000039100647,0.9067617654800415,50,2.799999952316284,2.3545265197753906,0,0,0,0,1176.9999527455907,0,0,0,0.1585337221622467,0.0146859772503376,-0.17316024005413055,5.946085002506152e-05,98.06157684326172,98.06935119628906,777.00244140625,777.008544921875,777.008544921875,541.759765625,0,0,-5.413074859461631e-07,0.0010999999940395355,0.02200000174343586,0.03299999609589577,0.04399999603629112,5655.8173828125,114276.53125,0.0429663360118866,0,3.1392715754918754e-05,203.02011108398438,0,0.0002616529818624258,2.8350639695418067e-05,0,0,23.700000762939453,0,0,1600,0,50,0,0,0,50,50,800,0.0,0.0,0.0,0.0
112,153.95443725585938,306.4715270996094,323.2412414550781,323.2139892578125,289.96533203125,289.9925537109375,16599.580078125,33154.52734375,66.54997253417969,66.550048828125,1798.0614013671875,3585.667236328125,1793.8817138671875,3576.947509765625,280.9324951171875,52.859867095947266,5.657072392750706e-07,0,0,2587.146728515625,1277.955810546875,0,-5.413074859461631e-07,2652.851806640625,11.771818161010742,11.782105445861816,901.252685546875,1796.9913330078125,49.73261260986328,49.794681549072266,100,0,0,344.2100524902344,0,7.924896240234375,20.96879768371582,20.996061325073242,0,1.034000039100647,0.9067617654800415,50,2.799999952316284,2.354456663131714,0,0,0,0,1176.9999527455907,0,0,0,0.16006647050380707,0.01470180694013834,-0.17472022771835327,4.8053450882434845e-05,98.06298065185547,98.07215881347656,776.9884643554688,776.9957275390625,776.9957275390625,541.7401733398438,0,0,-5.413074859461631e-07,0.0010999999940395355,0.02200000174343586,0.03299999609589577,0.04399999603629112,5655.8173828125,114276.53125,0.0429663360118866,0,3.1392715754918754e-05,204.84091186523438,0,0.0002616529818624258,2.8350639695418067e-05,0,0,23.700000762939453,0,0,1600,0,50,0,0,0,50,50,800,0.0,0.0,0.0,0.0
113,153.9175262451172,306.4452819824219,323.2110595703125,323.1835632324219,289.9428405761719,289.97027587890625,16599.580078125,33154.52734375,66.52301788330078,66.5230941772461,1798.18896484375,3585.88134765625,1793.88232421875,3576.94677734375,280.8983154296875,52.773536682128906,-2.452627995808143e-06,0,0,2587.254150390625,1277.803466796875,0,-5.413074859461631e-07,2652.91552734375,11.771581649780273,11.781877517700195,901.2574462890625,1796.999755859375,49.7292366027832,49.79155349731445,100,0,0,344.1911315917969,0,7.924896240234375,20.98005485534668,21.00755500793457,0,1.034000039100647,0.9067617654800415,50,2.799999952316284,2.354397773742676,0,0,0,0,1176.9999527455907,0,0,0,0.16159436106681824,0.014720316044986248,-0.176280215382576,3.4464337659301236e-05,98.06396484375,98.07450866699219,776.9724731445312,776.9807739257812,776.9807739257812,541.7196044921875,0,0,-5.413074859461631e-07,0.0010999999940395355,0.02200000174343586,0.03299999609589577,0.04399999603629112,5655.8173828125,114276.53125,0.0429663360118866,0,3.1392715754918754e-05,206.66171264648438,0,0.0002616529818624258,2.8350639695418067e-05,0,0,23.700000762939453,0,0,1600,0,50,0,0,0,50,50,800,0.0,0.0,0.0,0.0
114,153.88067626953125,306.4190979003906,323.1811828613281,323.153076171875,289.92010498046875,289.9481201171875,16599.580078125,33165.73828125,66.4960708618164,66.49616241455078,1798.3150634765625,3586.0888671875,1793.7998046875,3577.029296875,280.8641662597656,52.68730926513672,-4.194883160835161e-07,0,0,2587.361572265625,1277.65087890625,0,-5.413074859461631e-07,2652.966552734375,11.771349906921387,11.781652450561523,901.2675170898438,1797.13916015625,49.72612380981445,49.78849792480469,100,0,0,344.1722412109375,0,7.924896240234375,20.99104118347168,21.01915168762207,0,1.034000039100647,0.9067617654800415,50,2.799999952316284,2.354851007461548,0,0,0,0,1176.9999527455907,0,0,0,0.1631174385547638,0.014741506427526474,-0.1778402030467987,1.8732249372988008e-05,98.06431579589844,98.07640075683594,776.9541015625,776.9635620117188,776.9635620117188,541.6978759765625,0,0,-5.413074859461631e-07,0.0010999999940395355,0.02200000174343586,0.03299999609589577,0.04399999603629112,5655.8173828125,114276.53125,0.0429663360118866,0,3.1392715754918754e-05,208.48251342773438,0,0.0002616529818624258,2.8350639695418067e-05,0,0,23.700000762939453,0,0,1600,0,50,0,0,0,50,50,800,0.0,0.0,0.0,0.0
115,153.84378051757812,306.392822265625,323.1514587402344,323.1225280761719,289.897216796875,289.92608642578125,16599.580078125,33165.73828125,66.4691390991211,66.46923828125,1798.427490234375,3586.300048828125,1793.7796630859375,3577.049072265625,280.8300476074219,52.601165771484375,3.760087338378071e-06,0,0,2587.468994140625,1277.4986572265625,0,-5.413074859461631e-07,2653.00390625,11.771130561828613,11.78143310546875,901.2681884765625,1797.1519775390625,49.72217559814453,49.7861442565918,100,0,0,344.1533508300781,0,7.924896240234375,21.00189208984375,21.03081703186035,0,1.034000039100647,0.9067617654800415,50,2.799999952316284,2.3548154830932617,0,0,0,0,1176.9999527455907,0,0,0,0.1646455079317093,0.014765794388949871,-0.17940019071102142,1.111561414290918e-05,98.06419372558594,98.07777404785156,776.9332275390625,776.9439086914062,776.9439086914062,541.6749267578125,0,0,-5.413074859461631e-07,0.0010999999940395355,0.02200000174343586,0.03299999609589577,0.04399999603629112,5655.8173828125,114276.53125,0.0429663360118866,0,3.1392715754918754e-05,210.30331420898438,0,0.0002616529818624258,2.8350639695418067e-05,0,0,23.700000762939453,0,0,1600,0,50,0,0,0,50,50,800,0.0,0.0,0.0,0.0
116,153.806884765625,306.3665771484375,323.12188720703125,323.0922546386719,289.8742370605469,289.90380859375,16599.580078125,33165.73828125,66.44215393066406,66.44225311279297,1798.54443359375,3586.500732421875,1793.777099609375,3577.052001953125,280.7959289550781,52.51499557495117,3.8726079765183385e-06,0,0,2587.576171875,1277.3460693359375,0,-5.413074859461631e-07,2653.028564453125,11.770915985107422,11.781216621398926,901.27490234375,1797.1646728515625,49.71934127807617,49.78343963623047,100,0,0,344.13446044921875,0,7.924896240234375,21.0125732421875,21.04220962524414,0,1.034000039100647,0.9067617654800415,50,2.799999952316284,2.354790687561035,0,0,0,0,1176.9999527455907,0,0,0,0.16617071628570557,0.014792762696743011,-0.18096017837524414,3.293156623840332e-06,98.06397247314453,98.07868957519531,776.9104614257812,776.9220581054688,776.9220581054688,541.65087890625,0,0,-5.413074859461631e-07,0.0010999999940395355,0.02200000174343586,0.03299999609589577,0.04399999603629112,5655.8173828125,114276.53125,0.0429663360118866,0,3.1392715754918754e-05,212.12411499023438,0,0.0002616529818624258,2.8350639695418067e-05,0,0,23.700000762939453,0,0,1600,0,50,0,0,0,50,50,800,0.0,0.0,0.0,0.0
117,153.7699432373047,306.34027099609375,323.09246826171875,323.0614929199219,289.8510437011719,289.8819580078125,16599.580078125,33176.91015625,66.41522979736328,66.41534423828125,1798.6463623046875,3586.7080078125,1793.6807861328125,3577.1484375,280.7618408203125,52.428863525390625,-8.405278890677437e-07,0,0,2587.68359375,1277.1932373046875,0,-5.413074859461631e-07,2653.04345703125,11.770709991455078,11.781004905700684,901.278076171875,1797.3018798828125,49.71588897705078,49.781253814697266,100,0,0,344.11553955078125,0,7.924896240234375,21.02308464050293,21.054044723510742,0,1.034000039100647,0.9067617654800415,50,2.799999952316284,2.355273962020874,0,0,0,0,1176.9999527455907,0,0,0,0.1676989644765854,0.014821910299360752,-0.18252016603946686,7.094815259733878e-07,98.06354522705078,98.07923889160156,776.8861694335938,776.8984985351562,776.8984985351562,541.6259765625,0,0,-5.413074859461631e-07,0.0010999999940395355,0.02200000174343586,0.03299999609589577,0.04399999603629112,5655.8173828125,114276.53125,0.0429663360118866,0,3.1392715754918754e-05,213.94491577148438,0,0.0002616529818624258,2.8350639695418067e-05,0,0,23.700000762939453,0,0,1600,0,50,0,0,0,50,50,800,0.0,0.0,0.0,0.0
118,153.73294067382812,306.31390380859375,323.0630798339844,323.0310363769531,289.82781982421875,289.8598327636719,16599.580078125,33176.91015625,66.38825225830078,66.38835906982422,1798.7613525390625,3586.897705078125,1793.67626953125,3577.153076171875,280.7276916503906,52.34266662597656,-4.7950611588021275e-06,0,0,2587.791259765625,1277.04052734375,0,-5.413074859461631e-07,2653.0517578125,11.770512580871582,11.780797004699707,901.2784423828125,1797.30517578125,49.71326446533203,49.7788200378418,100,0,0,344.09661865234375,0,7.924896240234375,21.03352928161621,21.06557273864746,0,1.034000039100647,0.9067617654800415,50,2.799999952316284,2.3552637100219727,0,0,0,0,1176.9999527455907,0,0,0,0.16923026740550995,0.014852647669613361,-0.18408015370368958,2.7580188088904833e-06,98.06344604492188,98.07955169677734,776.8609008789062,776.8735961914062,776.8735961914062,541.600341796875,0,0,-5.413074859461631e-07,0.0010999999940395355,0.02200000174343586,0.03299999609589577,0.04399999603629112,5655.8173828125,114276.53125,0.0429663360118866,0,3.1392715754918754e-05,215.76571655273438,0,0.0002616529818624258,2.8350639695418067e-05,0,0,23.700000762939453,0,0,1600,0,50,0,0,0,50,50,800,0.0,0.0,0.0,0.0
119,153.69590759277344,306.2875061035156,323.03387451171875,323.00091552734375,289.80438232421875,289.83734130859375,16599.580078125,33176.91015625,66.36122131347656,66.36134338378906,1798.87451171875,3587.086181640625,1793.6754150390625,3577.153564453125,280.69354248046875,52.256439208984375,-2.761921450655791e-06,0,0,2587.89892578125,1276.8853759765625,0,-5.413074859461631e-07,2653.0576171875,11.770319938659668,11.78059196472168,901.2977905273438,1797.3399658203125,49.71092987060547,49.77633285522461,100,0,0,344.07763671875,0,7.924896240234375,21.04376983642578,21.07672882080078,0,1.034000039100647,0.9067617654800415,50,2.799999952316284,2.3552558422088623,0,0,0,0,1176.9999527455907,0,0,0,0.1707606315612793,0.014883971773087978,-0.1856401413679123,4.4627117858908605e-06,98.0636215209961,98.07976531982422,776.8355712890625,776.8482055664062,776.8482055664062,541.574462890625,0,0,-5.413074859461631e-07,0.0010999999940395355,0.02200000174343586,0.03299999609589577,0.04399999603629112,5655.8173828125,114276.53125,0.0429663360118866,0,3.1392715754918754e-05,217.58651733398438,0,0.0002616529818624258,2.8350639695418067e-05,0,0,23.700000762939453,0,0,1600,0,50,0,0,0,50,50,800,0.0,0.0,0.0,0.0
120,153.65878295898438,306.2610168457031,323.0047912597656,322.9703063964844,289.7807922363281,289.81524658203125,16599.580078125,33188.10546875,66.33442687988281,66.33456420898438,1798.9703369140625,3587.28759765625,1793.578369140625,3577.25048828125,280.6593933105469,52.17022705078125,1.5952490457493695e-06,0,0,2588.006591796875,1276.725341796875,0,-5.413074859461631e-07,2653.0634765625,11.770135879516602,11.780393600463867,901.3588256835938,1797.593505859375,49.7077751159668,49.774383544921875,100,0,0,344.05865478515625,0,7.924896240234375,21.05384063720703,21.08832550048828,0,1.034000039100647,0.9067617654800415,50,2.799999952316284,2.3557474613189697,0,0,0,0,1176.9999527455907,0,0,0,0.17229601740837097,0.01491529494524002,-0.187200129032135,1.1184625691385008e-05,98.06389617919922,98.0799789428711,776.8101806640625,776.8228759765625,776.8228759765625,541.548583984375,0,0,-5.413074859461631e-07,0.0010999999940395355,0.02200000174343586,0.03299999609589577,0.04399999603629112,5655.8173828125,114276.53125,0.0429663360118866,0,3.1392715754918754e-05,219.40731811523438,0,0.0002616529818624258,2.8350639695418067e-05,0,0,23.700000762939453,0,0,1600,0,50,0,0,0,50,50,800,0.0,0.0,0.0,0.0
121,153.62142944335938,306.2343444824219,322.9758605957031,322.9401550292969,289.7569580078125,289.79266357421875,16599.580078125,33188.10546875,66.30773162841797,66.30786895751953,1799.079833984375,3587.471923828125,1793.5765380859375,3577.25244140625,280.6251525878906,52.08375549316406,-1.6489034351252485e-06,0,0,2588.114990234375,1276.5653076171875,0,-5.413074859461631e-07,2653.07177734375,11.769964218139648,11.780200958251953,901.4058227539062,1797.690185546875,49.70545196533203,49.77212905883789,100,0,0,344.0395812988281,0,7.924896240234375,21.06374168395996,21.09944725036621,0,1.034000039100647,0.9067617654800415,50,2.799999952316284,2.3557369709014893,0,0,0,0,1176.9999527455907,0,0,0,0.17384225130081177,0.014946283772587776,-0.18876011669635773,2.8419215595931746e-05,98.06501770019531,98.08029174804688,776.7857666015625,776.7977905273438,776.7977905273438,541.5227661132812,0,0,-5.413074859461631e-07,0.0010999999940395355,0.02200000174343586,0.03299999609589577,0.04399999603629112,5655.8173828125,114276.53125,0.0429663360118866,0,3.1392715754918754e-05,221.22811889648438,0,0.0002616529818624258,2.8350639695418067e-05,0,0,23.700000762939453,0,0,1600,0,50,0,0,0,50,50,800,0.0,0.0,0.0,0.0
122,153.58389282226562,306.20751953125,322.94696044921875,322.9101867675781,289.73291015625,289.7696533203125,16599.580078125,33188.10546875,66.28109741210938,66.28123474121094,1799.188232421875,3587.65869140625,1793.573974609375,3577.255126953125,280.5908203125,51.99702835083008,-1.2776364428646048e-06,0,0,2588.2236328125,1276.4056396484375,0,-5.413074859461631e-07,2653.090576171875,11.769797325134277,11.780013084411621,901.4464111328125,1797.7703857421875,49.70330810546875,49.769779205322266,100,0,0,344.0203857421875,0,7.924896240234375,21.07343864440918,21.110197067260742,0,1.034000039100647,0.9067617654800415,50,2.799999952316284,2.355717420578003,0,0,0,0,1176.9999527455907,0,0,0,0.1753954440355301,0.014975262805819511,-0.19032010436058044,5.0599595851963386e-05,98.06731414794922,98.08097839355469,776.7635498046875,776.7742919921875,776.7742919921875,541.4976196289062,0,0,-5.413074859461631e-07,0.0010999999940395355,0.02200000174343586,0.03299999609589577,0.04399999603629112,5655.8173828125,114276.53125,0.0429663360118866,0,3.1392715754918754e-05,223.04891967773438,0,0.0002616529818624258,2.8350639695418067e-05,0,0,23.700000762939453,0,0,1600,0,50,0,0,0,50,50,800,0.0,0.0,0.0,0.0
123,153.5461883544922,306.18060302734375,322.9180603027344,322.8796691894531,289.708740234375,289.7470703125,16599.580078125,33199.328125,66.25462341308594,66.25476837158203,1799.2828369140625,3587.86181640625,1793.4798583984375,3577.348876953125,280.556396484375,51.91011428833008,2.5314548111055046e-06,0,0,2588.3330078125,1276.24658203125,0,-5.413074859461631e-07,2653.125244140625,11.769640922546387,11.779831886291504,901.4744262695312,1797.9583740234375,49.70029067993164,49.76781463623047,100,0,0,344.0011291503906,0,7.924896240234375,21.08306884765625,21.1214542388916,0,1.034000039100647,0.9067617654800415,50,2.799999952316284,2.3561840057373047,0,0,0,0,1176.9999527455907,0,0,0,0.17695356905460358,0.01500080805271864,-0.19188009202480316,7.428490062011406e-05,98.07077026367188,98.08226776123047,776.74462890625,776.7536010742188,776.7536010742188,541.473876953125,0,0,-5.413074859461631e-07,0.0010999999940395355,0.02200000174343586,0.03299999609589577,0.04399999603629112,5655.8173828125,114276.53125,0.0429663360118866,0,3.1392715754918754e-05,224.86972045898438,0,0.0002616529818624258,2.8350639695418067e-05,0,0,23.700000762939453,0,0,1600,0,50,0,0,0,50,50,800,0.0,0.0,0.0,0.0
124,153.50833129882812,306.1535949707031,322.88909912109375,322.8493957519531,289.6844787597656,289.72412109375,16599.580078125,33199.328125,66.22815704345703,66.22830963134766,1799.3939208984375,3588.0546875,1793.471923828125,3577.357177734375,280.5218811035156,51.82294845581055,-9.876139017706009e-08,0,0,2588.44287109375,1276.0875244140625,0,-5.413074859461631e-07,2653.18115234375,11.769493103027344,11.779655456542969,901.4974365234375,1798.0069580078125,49.69793701171875,49.76539993286133,100,0,0,343.9817810058594,0,7.924896240234375,21.09266471862793,21.13237190246582,0,1.034000039100647,0.9067617654800415,50,2.799999952316284,2.3561313152313232,0,0,0,0,1176.9999527455907,0,0,0,0.17851465940475464,0.015021913684904575,-0.19344007968902588,9.649433195590973e-05,98.07537078857422,98.0843276977539,776.7294921875,776.7365112304688,776.7365112304688,541.4518432617188,0,0,-5.413074859461631e-07,0.0010999999940395355,0.02200000174343586,0.03299999609589577,0.04399999603629112,5655.8173828125,114276.53125,0.0429663360118866,0,3.1392715754918754e-05,226.69052124023438,0,0.0002616529818624258,2.8350639695418067e-05,0,0,23.700000762939453,0,0,1600,0,50,0,0,0,50,50,800,0.0,0.0,0.0,0.0
125,153.4704132080078,306.1266174316406,322.8570251464844,322.81884765625,289.6632080078125,289.7012939453125,16641.5546875,33210.51953125,66.2020492553711,66.20213317871094,1799.506103515625,3588.253173828125,1793.995849609375,3576.83349609375,280.4873046875,51.73567581176758,2.2742747205484193e-06,0,0,2588.552734375,1276.125244140625,0,-5.413074859461631e-07,2653.259033203125,11.7693510055542,11.779484748840332,901.9776000976562,1798.176025390625,49.695648193359375,49.7628173828125,100,0,0,343.9623718261719,0,7.924896240234375,21.1053466796875,21.14352798461914,0,1.034000039100647,0.9067617654800415,50,2.799999952316284,2.3584280014038086,0,0,0,0,1176.9999527455907,0,0,0,0.18007482588291168,0.015038162469863892,-0.1950000673532486,0.00011291773989796638,98.0806655883789,98.08721160888672,776.7182006835938,776.723388671875,776.723388671875,541.4317626953125,0,0,-5.413074859461631e-07,0.0010999999940395355,0.02200000174343586,0.03299999609589577,0.04399999603629112,5655.8173828125,114276.53125,0.0429663360118866,0,3.1392715754918754e-05,228.51132202148438,0,0.0002616529818624258,2.8350639695418067e-05,0,0,23.700000762939453,0,0,1600,0,50,0,0,0,50,50,800,0.0,0.0,0.0,0.0
126,153.43209838867188,306.09912109375,322.82257080078125,322.7879638671875,289.64404296875,289.6786193847656,16641.5546875,33210.51953125,66.17613983154297,66.17620086669922,1799.6865234375,3588.382080078125,1794.1217041015625,3576.70751953125,280.4526672363281,51.648162841796875,-4.897337646525557e-08,0,0,2588.66357421875,1275.9630126953125,0,-5.413074859461631e-07,2653.359375,11.769198417663574,11.779341697692871,902.001220703125,1798.1224365234375,49.70008850097656,49.756893157958984,100,0,0,343.9428405761719,0,7.924896240234375,21.120267868041992,21.154888153076172,0,1.034000039100647,0.9067617654800415,50,2.799999952316284,2.358335018157959,0,0,0,0,1176.9999527455907,0,0,0,0.1816634237766266,0.015049886889755726,-0.1965600550174713,0.0001532540627522394,98.08699035644531,98.0909194946289,776.7107543945312,776.7138671875,776.7138671875,541.4133911132812,0,0,-5.413074859461631e-07,0.0010999999940395355,0.02200000174343586,0.03299999609589577,0.04399999603629112,5655.8173828125,114276.53125,0.0429663360118866,0,3.1392715754918754e-05,230.33212280273438,0,0.0002616529818624258,2.8350639695418067e-05,0,0,23.700000762939453,0,0,1600,0,50,0,0,0,50,50,800,0.0,0.0,0.0,0.0
127,153.39369201660156,306.0717468261719,322.7889099121094,322.7572021484375,289.6239013671875,289.65557861328125,16641.5546875,33210.51953125,66.15011596679688,66.15017700195312,1799.8179931640625,3588.5712890625,1794.1246337890625,3576.704345703125,280.4178466796875,51.560245513916016,-1.4463495290328865e-07,0,0,2588.77490234375,1275.805419921875,0,-5.413074859461631e-07,2653.48681640625,11.769047737121582,11.77920150756836,901.9913940429688,1798.098388671875,49.697669982910156,49.75415802001953,100,0,0,343.9231872558594,0,7.924896240234375,21.1342716217041,21.16597557067871,0,1.034000039100647,0.9067617654800415,50,2.799999952316284,2.35821795463562,0,0,0,0,1176.9999527455907,0,0,0,0.18324318528175354,0.01505583431571722,-0.19812004268169403,0.0001789794332580641,98.09529113769531,98.09562683105469,776.7088012695312,776.7090454101562,776.7090454101562,541.397216796875,0,0,-5.413074859461631e-07,0.0010999999940395355,0.02200000174343586,0.03299999609589577,0.04399999603629112,5655.8173828125,114276.53125,0.0429663360118866,0,3.1392715754918754e-05,232.15292358398438,0,0.0002616529818624258,2.8350639695418067e-05,0,0,23.700000762939453,0,0,1600,0,50,0,0,0,50,50,800,0.0,0.0,0.0,0.0
128,153.35536193847656,306.0445251464844,322.7558288574219,322.72607421875,289.60308837890625,289.63275146484375,16641.5546875,33221.74609375,66.12407684326172,66.12415313720703,1799.946533203125,3588.774658203125,1794.048095703125,3576.78076171875,280.383056640625,51.4724006652832,1.6311605577357113e-07,0,0,2588.88623046875,1275.6475830078125,0,-5.413074859461631e-07,2653.64453125,11.768899917602539,11.779067039489746,901.9896850585938,1798.2147216796875,49.694801330566406,49.75139236450195,100,0,0,343.90350341796875,0,7.924896240234375,21.1476993560791,21.17743682861328,0,1.034000039100647,0.9067617654800415,50,2.799999952316284,2.3585736751556396,0,0,0,0,1176.9999527455907,0,0,0,0.1848141849040985,0.015054996125400066,-0.19968003034591675,0.00018914462998509407,98.1039810180664,98.1014633178711,776.7117309570312,776.7097778320312,776.7097778320312,541.3839721679688,0,0,-5.413074859461631e-07,0.0010999999940395355,0.02200000174343586,0.03299999609589577,0.04399999603629112,5655.8173828125,114276.53125,0.0429663360118866,0,3.1392715754918754e-05,233.97372436523438,0,0.0002616529818624258,2.8350639695418067e-05,0,0,23.700000762939453,0,0,1600,0,50,0,0,0,50,50,800,0.0,0.0,0.0,0.0
129,153.31710815429688,306.0173645019531,322.7232666015625,322.69482421875,289.58160400390625,289.6099853515625,16641.5546875,33221.74609375,66.09803771972656,66.09812927246094,1800.06298828125,3588.99462890625,1794.0263671875,3576.802490234375,280.34832763671875,51.38471603393555,3.6017233924212633e-06,0,0,2588.997314453125,1275.4908447265625,0,-5.413074859461631e-07,2653.82421875,11.768766403198242,11.778935432434082,901.9827880859375,1798.2152099609375,49.69085693359375,49.74905014038086,100,0,0,343.8839111328125,0,7.924896240234375,21.16065216064453,21.18910026550293,0,1.034000039100647,0.9067617654800415,50,2.799999952316284,2.358410120010376,0,0,0,0,1176.9999527455907,0,0,0,0.1863802969455719,0.015049217268824577,-0.20124001801013947,0.0001894872693810612,98.11222076416016,98.10810852050781,776.7177124023438,776.7144165039062,776.7144165039062,541.3726806640625,0,0,-5.413074859461631e-07,0.0010999999940395355,0.02200000174343586,0.03299999609589577,0.04399999603629112,5655.8173828125,114276.53125,0.0429663360118866,0,3.1392715754918754e-05,235.79452514648438,0,0.0002616529818624258,2.8350639695418067e-05,0,0,23.700000762939453,0,0,1600,0,50,0,0,0,50,50,800,0.0,0.0,0.0,0.0
130,153.2790069580078,305.9903564453125,322.69122314453125,322.663818359375,289.5596618652344,289.58697509765625,16641.5546875,33221.74609375,66.07196807861328,66.07205963134766,1800.1868896484375,3589.208740234375,1794.025146484375,3576.803955078125,280.313720703125,51.2972412109375,-3.547182132024318e-06,0,0,2589.10791015625,1275.3336181640625,0,-5.413074859461631e-07,2654.01513671875,11.768635749816895,11.77880859375,901.988525390625,1798.2236328125,49.68782043457031,49.746212005615234,100,0,0,343.8643493652344,0,7.924896240234375,21.17313003540039,21.200529098510742,0,1.034000039100647,0.9067617654800415,50,2.799999952316284,2.35823655128479,0,0,0,0,1176.9999527455907,0,0,0,0.18793568015098572,0.01504084188491106,-0.20280000567436218,0.0001765204651746899,98.11968231201172,98.11516571044922,776.7247314453125,776.72119140625,776.72119140625,541.362548828125,0,0,-5.413074859461631e-07,0.0010999999940395355,0.02200000174343586,0.03299999609589577,0.04399999603629112,5655.8173828125,114276.53125,0.0429663360118866,0,3.1392715754918754e-05,237.61532592773438,0,0.0002616529818624258,2.8350639695418067e-05,0,0,23.700000762939453,0,0,1600,0,50,0,0,0,50,50,800,0.0,0.0,0.0,0.0
131,153.2410430908203,305.9634704589844,322.6595764160156,322.63232421875,289.53729248046875,289.5644836425781,16641.5546875,33232.94140625,66.04598999023438,66.04608917236328,1800.2962646484375,3589.4326171875,1793.9287109375,3576.900146484375,280.2791748046875,51.21006774902344,3.2963209832814755e-06,0,0,2589.218017578125,1275.1766357421875,0,-5.413074859461631e-07,2654.20556640625,11.768516540527344,11.7786865234375,901.9957885742188,1798.369140625,49.68413162231445,49.74382781982422,100,0,0,343.8448791503906,0,7.924896240234375,21.185302734375,21.212566375732422,0,1.034000039100647,0.9067617654800415,50,2.799999952316284,2.3585610389709473,0,0,0,0,1176.9999527455907,0,0,0,0.18948428332805634,0.015032382681965828,-0.2043599933385849,0.0001566707214806229,98.125732421875,98.12220001220703,776.7308349609375,776.7280883789062,776.7280883789062,541.3524780273438,0,0,-5.413074859461631e-07,0.0010999999940395355,0.02200000174343586,0.03299999609589577,0.04399999603629112,5655.8173828125,114276.53125,0.0429663360118866,0,3.1392715754918754e-05,239.43612670898438,0,0.0002616529818624258,2.8350639695418067e-05,0,0,23.700000762939453,0,0,1600,0,50,0,0,0,50,50,800,0.0,0.0,0.0,0.0
132,153.20321655273438,305.9366455078125,322.62835693359375,322.6011962890625,289.51458740234375,289.54168701171875,16641.5546875,33232.94140625,66.01998901367188,66.02009582519531,1800.41748046875,3589.636474609375,1793.9239501953125,3576.9052734375,280.2447509765625,51.12311935424805,1.8763424805001705e-06,0,0,2589.328125,1275.02001953125,0,-5.413074859461631e-07,2654.385009765625,11.768404960632324,11.778569221496582,902.0040893554688,1798.388427734375,49.68128204345703,49.741241455078125,100,0,0,343.8254699707031,0,7.924896240234375,21.19710350036621,21.22426414489746,0,1.034000039100647,0.9067617654800415,50,2.799999952316284,2.3583974838256836,0,0,0,0,1176.9999527455907,0,0,0,0.19102804362773895,0.015026268549263477,-0.20591998100280762,0.00013432325795292854,98.13063049316406,98.12883758544922,776.7344360351562,776.7330322265625,776.7330322265625,541.341552734375,0,0,-5.413074859461631e-07,0.0010999999940395355,0.02200000174343586,0.03299999609589577,0.04399999603629112,5655.8173828125,114276.53125,0.0429663360118866,0,3.1392715754918754e-05,241.25692749023438,0,0.0002616529818624258,2.8350639695418067e-05,0,0,23.700000762939453,0,0,1600,0,50,0,0,0,50,50,800,0.0,0.0,0.0,0.0
133,153.16554260253906,305.90997314453125,322.59747314453125,322.5704040527344,289.4916076660156,289.5186462402344,16641.5546875,33232.94140625,65.99398803710938,65.99409484863281,1800.5340576171875,3589.834228515625,1793.924560546875,3576.904541015625,280.2104187011719,51.03641891479492,-4.321071173762903e-06,0,0,2589.437744140625,1274.86328125,0,-5.413074859461631e-07,2654.546875,11.768299102783203,11.778456687927246,902.0197143554688,1798.418701171875,49.6788215637207,49.73873519897461,100,0,0,343.8061218261719,0,7.924896240234375,21.20866584777832,21.23572540283203,0,1.034000039100647,0.9067617654800415,50,2.799999952316284,2.3582496643066406,0,0,0,0,1176.9999527455907,0,0,0,0.19256305694580078,0.01502383965998888,-0.20747996866703033,0.00010692467913031578,98.13430786132812,98.13481903076172,776.7345581054688,776.7349853515625,776.7349853515625,541.3291625976562,0,0,-5.413074859461631e-07,0.0010999999940395355,0.02200000174343586,0.03299999609589577,0.04399999603629112,5655.8173828125,114276.53125,0.0429663360118866,0,3.1392715754918754e-05,243.07772827148438,0,0.0002616529818624258,2.8350639695418067e-05,0,0,23.700000762939453,0,0,1600,0,50,0,0,0,50,50,800,0.0,0.0,0.0,0.0
134,153.1279754638672,305.88336181640625,322.56695556640625,322.5391845703125,289.4684143066406,289.49615478515625,16641.5546875,33244.171875,65.96810150146484,65.96822357177734,1800.6317138671875,3590.03662109375,1793.8250732421875,3577.003662109375,280.1761779785156,50.949989318847656,-1.1741383332264377e-06,0,0,2589.546630859375,1274.707275390625,0,-5.413074859461631e-07,2654.686279296875,11.768202781677246,11.778347969055176,902.0343627929688,1798.57861328125,49.67583084106445,49.736854553222656,100,0,0,343.7868347167969,0,7.924896240234375,21.219890594482422,21.247661590576172,0,1.034000039100647,0.9067617654800415,50,2.799999952316284,2.3586206436157227,0,0,0,0,1176.9999527455907,0,0,0,0.194093257188797,0.015026184730231762,-0.20903995633125305,7.947646372485906e-05,98.13655853271484,98.13997650146484,776.7303466796875,776.7330932617188,776.7330932617188,541.3148803710938,0,0,-5.413074859461631e-07,0.0010999999940395355,0.02200000174343586,0.03299999609589577,0.04399999603629112,5655.8173828125,114276.53125,0.0429663360118866,0,3.1392715754918754e-05,244.89852905273438,0,0.0002616529818624258,2.8350639695418067e-05,0,0,23.700000762939453,0,0,1600,0,50,0,0,0,50,50,800,0.0,0.0,0.0,0.0
135,153.0904541015625,305.85675048828125,322.5367126464844,322.50836181640625,289.44500732421875,289.4732971191406,16641.5546875,33244.171875,65.94221496582031,65.94233703613281,1800.73779296875,3590.21484375,1793.8243408203125,3577.00439453125,280.14202880859375,50.863670349121094,-2.449449993946473e-06,0,0,2589.655517578125,1274.5511474609375,0,-5.413074859461631e-07,2654.799560546875,11.768115043640137,11.778244972229004,902.0468139648438,1798.6046142578125,49.67372512817383,49.734928131103516,100,0,0,343.7676086425781,0,7.924896240234375,21.23090934753418,21.259258270263672,0,1.034000039100647,0.9067617654800415,50,2.799999952316284,2.358515977859497,0,0,0,0,1176.9999527455907,0,0,0,0.1956225335597992,0.015034308657050133,-0.21059994399547577,5.689654790330678e-05,98.13790893554688,98.14415740966797,776.7215576171875,776.7265014648438,776.7265014648438,541.2982788085938,0,0,-5.413074859461631e-07,0.0010999999940395355,0.02200000174343586,0.03299999609589577,0.04399999603629112,5655.8173828125,114276.53125,0.0429663360118866,0,3.1392715754918754e-05,246.71932983398438,0,0.0002616529818624258,2.8350639695418067e-05,0,0,23.700000762939453,0,0,1600,0,50,0,0,0,50,50,800,0.0,0.0,0.0,0.0
136,153.05299377441406,305.8302307128906,322.506591796875,322.4778137207031,289.4215393066406,289.4503173828125,16641.5546875,33244.171875,65.91633605957031,65.91645812988281,1800.83837890625,3590.38525390625,1793.8221435546875,3577.0068359375,280.1078796386719,50.77750778198242,-1.1749134500860237e-06,0,0,2589.763916015625,1274.395263671875,0,-5.413074859461631e-07,2654.8876953125,11.768033027648926,11.778145790100098,902.064453125,1798.638671875,49.672119140625,49.73310852050781,100,0,0,343.7484130859375,0,7.924896240234375,21.24182891845703,21.27061653137207,0,1.034000039100647,0.9067617654800415,50,2.799999952316284,2.358433485031128,0,0,0,0,1176.9999527455907,0,0,0,0.19714505970478058,0.015047794207930565,-0.2121599316596985,3.29170397890266e-05,98.13841247558594,98.14741516113281,776.7084350585938,776.715576171875,776.715576171875,541.279541015625,0,0,-5.413074859461631e-07,0.0010999999940395355,0.02200000174343586,0.03299999609589577,0.04399999603629112,5655.8173828125,114276.53125,0.0429663360118866,0,3.1392715754918754e-05,248.54013061523438,0,0.0002616529818624258,2.8350639695418067e-05,0,0,23.700000762939453,0,0,1600,0,50,0,0,0,50,50,800,0.0,0.0,0.0,0.0
137,153.0155792236328,305.8036804199219,322.4767150878906,322.44677734375,289.39788818359375,289.4278259277344,16641.5546875,33255.4296875,65.89057159423828,65.89070892333984,1800.9189453125,3590.562744140625,1793.727783203125,3577.101318359375,280.0738220214844,50.69148635864258,3.2544059536121495e-07,0,0,2589.8720703125,1274.2396240234375,0,-5.413074859461631e-07,2654.951171875,11.767956733703613,11.778050422668457,902.0765380859375,1798.79541015625,49.669830322265625,49.73197937011719,100,0,0,343.729248046875,0,7.924896240234375,21.252544403076172,21.28248405456543,0,1.034000039100647,0.9067617654800415,50,2.799999952316284,2.358872413635254,0,0,0,0,1176.9999527455907,0,0,0,0.19866862893104553,0.015066638588905334,-0.2137199193239212,1.5343446648330428e-05,98.1380844116211,98.14976501464844,776.6911010742188,776.7003173828125,776.7003173828125,541.2586059570312,0,0,-5.413074859461631e-07,0.0010999999940395355,0.02200000174343586,0.03299999609589577,0.04399999603629112,5655.8173828125,114276.53125,0.0429663360118866,0,3.1392715754918754e-05,250.36093139648438,0,0.0002616529818624258,2.8350639695418067e-05,0,0,23.700000762939453,0,0,1600,0,50,0,0,0,50,50,800,0.0,0.0,0.0,0.0
138,152.9781036376953,305.777099609375,322.4469909667969,322.4161071777344,289.37420654296875,289.40509033203125,16641.5546875,33255.4296875,65.86480712890625,65.86494445800781,1801.0096435546875,3590.71630859375,1793.7239990234375,3577.1044921875,280.0397644042969,50.605438232421875,-2.2412598355003865e-06,0,0,2589.98046875,1274.0841064453125,0,-5.413074859461631e-07,2654.991943359375,11.767890930175781,11.777959823608398,902.087158203125,1798.8172607421875,49.66852951049805,49.730709075927734,100,0,0,343.7100524902344,0,7.924896240234375,21.263090133666992,21.2939453125,0,1.034000039100647,0.9067617654800415,50,2.799999952316284,2.3588318824768066,0,0,0,0,1176.9999527455907,0,0,0,0.20019322633743286,0.01509050838649273,-0.21527990698814392,3.821030531980796e-06,98.13748931884766,98.15127563476562,776.670166015625,776.6809692382812,776.6809692382812,541.2357177734375,0,0,-5.413074859461631e-07,0.0010999999940395355,0.02200000174343586,0.03299999609589577,0.04399999603629112,5655.8173828125,114276.53125,0.0429663360118866,0,3.1392715754918754e-05,252.18173217773438,0,0.0002616529818624258,2.8350639695418067e-05,0,0,23.700000762939453,0,0,1600,0,50,0,0,0,50,50,800,0.0,0.0,0.0,0.0
139,152.94064331054688,305.75048828125,322.4173278808594,322.3853454589844,289.3504638671875,289.38250732421875,16641.5546875,33266.65234375,65.83907318115234,65.8392333984375,1801.095947265625,3590.86376953125,1793.642578125,3577.186279296875,280.00567626953125,50.519432067871094,1.5831254813747364e-06,0,0,2590.089111328125,1273.928466796875,0,-5.413074859461631e-07,2655.015625,11.767828941345215,11.777873039245605,902.0977172851562,1798.961181640625,49.667633056640625,49.729496002197266,100,0,0,343.6908874511719,0,7.924896240234375,21.27353286743164,21.3055419921875,0,1.034000039100647,0.9067617654800415,50,2.799999952316284,2.359304428100586,0,0,0,0,1176.9999527455907,0,0,0,0.20171691477298737,0.015118146315217018,-0.21683989465236664,-4.842877388000488e-06,98.13676452636719,98.15215301513672,776.646484375,776.6586303710938,776.6586303710938,541.2112426757812,0,0,-5.413074859461631e-07,0.0010999999940395355,0.02200000174343586,0.03299999609589577,0.04399999603629112,5655.8173828125,114276.53125,0.0429663360118866,0,3.1392715754918754e-05,254.00253295898438,0,0.0002616529818624258,2.8350639695418067e-05,0,0,23.700000762939453,0,0,1600,0,50,0,0,0,50,50,800,0.0,0.0,0.0,0.0
140,152.90306091308594,305.7237854003906,322.3877868652344,322.3544006347656,289.32666015625,289.36004638671875,16641.5546875,33266.65234375,65.81339263916016,65.81355285644531,1801.16748046875,3591.01708984375,1793.62158203125,3577.207275390625,279.97161865234375,50.43339538574219,7.594484259243472e-07,0,0,2590.197509765625,1273.7733154296875,0,-5.413074859461631e-07,2655.0263671875,11.767776489257812,11.777788162231445,902.0975952148438,1798.9739990234375,49.66583251953125,49.72895812988281,100,0,0,343.6716613769531,0,7.924896240234375,21.28387451171875,21.317241668701172,0,1.034000039100647,0.9067617654800415,50,2.799999952316284,2.359290361404419,0,0,0,0,1176.9999527455907,0,0,0,0.20324742794036865,0.015148716978728771,-0.21839988231658936,-3.736279950317112e-06,98.1361083984375,98.15254974365234,776.6209106445312,776.6338500976562,776.6338500976562,541.185546875,0,0,-5.413074859461631e-07,0.0010999999940395355,0.02200000174343586,0.03299999609589577,0.04399999603629112,5655.8173828125,114276.53125,0.0429663360118866,0,3.1392715754918754e-05,255.82333374023438,0,0.0002616529818624258,2.8350639695418067e-05,0,0,23.700000762939453,0,0,1600,0,50,0,0,0,50,50,800,0.0,0.0,0.0,0.0
141,152.86544799804688,305.6970520019531,322.3582458496094,322.3237609863281,289.3028259277344,289.3373107910156,16641.5546875,33266.65234375,65.78767395019531,65.78783416748047,1801.245361328125,3591.158935546875,1793.6199951171875,3577.208984375,279.9375305175781,50.347293853759766,6.943743642295885e-07,0,0,2590.306396484375,1273.6175537109375,0,-5.413074859461631e-07,2655.0302734375,11.767727851867676,11.777706146240234,902.0999755859375,1798.9810791015625,49.665164947509766,49.72799301147461,100,0,0,343.6523742675781,0,7.924896240234375,21.29414939880371,21.32863426208496,0,1.034000039100647,0.9067617654800415,50,2.799999952316284,2.3592824935913086,0,0,0,0,1176.9999527455907,0,0,0,0.2047770470380783,0.015180878341197968,-0.21995986998081207,-1.9492581486701965e-06,98.13591766357422,98.1526870727539,776.5946044921875,776.6078491210938,776.6078491210938,541.1591186523438,0,0,-5.413074859461631e-07,0.0010999999940395355,0.02200000174343586,0.03299999609589577,0.04399999603629112,5655.8173828125,114276.53125,0.0429663360118866,0,3.1392715754918754e-05,257.6441345214844,0,0.0002616529818624258,2.8350639695418067e-05,0,0,23.700000762939453,0,0,1600,0,50,0,0,0,50,50,800,0.0,0.0,0.0,0.0
142,152.8278045654297,305.67034912109375,322.3287353515625,322.2929382324219,289.2789306640625,289.31475830078125,16641.5546875,33277.90234375,65.7619857788086,65.76215362548828,1801.3240966796875,3591.296630859375,1793.5389404296875,3577.290283203125,279.9034118652344,50.26117706298828,-1.6947307130976696e-06,0,0,2590.415283203125,1273.46142578125,0,-5.413074859461631e-07,2655.03173828125,11.767683029174805,11.777628898620605,902.105224609375,1799.1092529296875,49.66464614868164,49.72703170776367,100,0,0,343.6330871582031,0,7.924896240234375,21.30435562133789,21.34016227722168,0,1.034000039100647,0.9067617654800415,50,2.799999952316284,2.3597753047943115,0,0,0,0,1176.9999527455907,0,0,0,0.20630572736263275,0.015213542617857456,-0.2215198576450348,-5.896203560951108e-07,98.13591003417969,98.15274810791016,776.5681762695312,776.5813598632812,776.5813598632812,541.132568359375,0,0,-5.413074859461631e-07,0.0010999999940395355,0.02200000174343586,0.03299999609589577,0.04399999603629112,5655.8173828125,114276.53125,0.0429663360118866,0,3.1392715754918754e-05,259.4649353027344,0,0.0002616529818624258,2.8350639695418067e-05,0,0,23.700000762939453,0,0,1600,0,50,0,0,0,50,50,800,0.0,0.0,0.0,0.0
143,152.7900848388672,305.6435546875,322.2992248535156,322.2619934082031,289.2550354003906,289.2922668457031,16641.5546875,33277.90234375,65.7363052368164,65.73648834228516,1801.3896484375,3591.443603515625,1793.5194091796875,3577.309326171875,279.8692932128906,50.17503356933594,2.4848445718816947e-06,0,0,2590.524169921875,1273.3062744140625,0,-5.413074859461631e-07,2655.033447265625,11.767647743225098,11.777552604675293,902.0997314453125,1799.1138916015625,49.66313552856445,49.726661682128906,100,0,0,343.6138000488281,0,7.924896240234375,21.31456184387207,21.35179328918457,0,1.034000039100647,0.9067617654800415,50,2.799999952316284,2.359769105911255,0,0,0,0,1176.9999527455907,0,0,0,0.20783737301826477,0.015246206894516945,-0.2230798453092575,3.733858648047317e-06,98.13605499267578,98.1528091430664,776.541748046875,776.554931640625,776.554931640625,541.10595703125,0,0,-5.413074859461631e-07,0.0010999999940395355,0.02200000174343586,0.03299999609589577,0.04399999603629112,5655.8173828125,114276.53125,0.0429663360118866,0,3.1392715754918754e-05,261.2857360839844,0,0.0002616529818624258,2.8350639695418067e-05,0,0,23.700000762939453,0,0,1600,0,50,0,0,0,50,50,800,0.0,0.0,0.0,0.0
144,152.7523193359375,305.61676025390625,322.2697448730469,322.2313232421875,289.2311096191406,289.26953125,16641.5546875,33277.90234375,65.7105941772461,65.71076965332031,1801.461669921875,3591.58154296875,1793.5157470703125,3577.3134765625,279.8351745605469,50.08882141113281,-3.7937197703286074e-06,0,0,2590.633056640625,1273.1505126953125,0,-5.413074859461631e-07,2655.03662109375,11.767616271972656,11.777480125427246,902.0992431640625,1799.1134033203125,49.66264343261719,49.7258186340332,100,0,0,343.594482421875,0,7.924896240234375,21.324735641479492,21.3631534576416,0,1.034000039100647,0.9067617654800415,50,2.799999952316284,2.3597617149353027,0,0,0,0,1176.9999527455907,0,0,0,0.20936809480190277,0.015278618782758713,-0.22463983297348022,6.875675353512634e-06,98.1364517211914,98.15292358398438,776.5157470703125,776.5286865234375,776.5286865234375,541.0794067382812,0,0,-5.413074859461631e-07,0.0010999999940395355,0.02200000174343586,0.03299999609589577,0.04399999603629112,5655.8173828125,114276.53125,0.0429663360118866,0,3.1392715754918754e-05,263.1065368652344,0,0.0002616529818624258,2.8350639695418067e-05,0,0,23.700000762939453,0,0,1600,0,50,0,0,0,50,50,800,0.0,0.0,0.0,0.0
145,152.71449279785156,305.58990478515625,322.2402038574219,322.2000427246094,289.2071533203125,289.2472839355469,16641.5546875,33289.11328125,65.68494415283203,65.68513488769531,1801.5206298828125,3591.730712890625,1793.4234619140625,3577.405029296875,279.801025390625,50.00260925292969,5.634510671370663e-07,0,0,2590.742431640625,1272.9947509765625,0,-5.413074859461631e-07,2655.0419921875,11.767589569091797,11.777409553527832,902.0951538085938,1799.23486328125,49.66138458251953,49.725399017333984,100,0,0,343.5751037597656,0,7.924896240234375,21.33490753173828,21.37505531311035,0,1.034000039100647,0.9067617654800415,50,2.799999952316284,2.3602488040924072,0,0,0,0,1176.9999527455907,0,0,0,0.21090173721313477,0.015310529619455338,-0.22619982063770294,1.2441351827874314e-05,98.13693237304688,98.15312194824219,776.4901123046875,776.5028686523438,776.5028686523438,541.0531005859375,0,0,-5.413074859461631e-07,0.0010999999940395355,0.02200000174343586,0.03299999609589577,0.04399999603629112,5655.8173828125,114276.53125,0.0429663360118866,0,3.1392715754918754e-05,264.9273376464844,0,0.0002616529818624258,2.8350639695418067e-05,0,0,23.700000762939453,0,0,1600,0,50,0,0,0,50,50,800,0.0,0.0,0.0,0.0
146,152.67660522460938,305.56304931640625,322.20758056640625,322.1690673828125,289.1862487792969,289.2247619628906,16683.70703125,33289.11328125,65.6595458984375,65.6596450805664,1801.5941162109375,3591.864990234375,1794.0225830078125,3576.806396484375,279.7668762207031,49.91633987426758,-3.794494659814518e-06,0,0,2590.851806640625,1273.035888671875,0,-5.413074859461631e-07,2655.05078125,11.767569541931152,11.777341842651367,902.5462646484375,1799.2276611328125,49.660888671875,49.724613189697266,100,0,0,343.55572509765625,0,7.924896240234375,21.34813117980957,21.38665199279785,0,1.034000039100647,0.9067617654800415,50,2.799999952316284,2.3621017932891846,0,0,0,0,1176.9999527455907,0,0,0,0.21243447065353394,0.01534176990389824,-0.22775980830192566,1.6425829016952775e-05,98.13780975341797,98.15345001220703,776.4652099609375,776.4775390625,776.4775390625,541.0270385742188,0,0,-5.413074859461631e-07,0.0010999999940395355,0.02200000174343586,0.03299999609589577,0.04399999603629112,5655.8173828125,114276.53125,0.0429663360118866,0,3.1392715754918754e-05,266.7481384277344,0,0.0002616529818624258,2.8350639695418067e-05,0,0,23.700000762939453,0,0,1600,0,50,0,0,0,50,50,800,0.0,0.0,0.0,0.0
147,152.638427734375,305.5357971191406,322.1737365722656,322.13916015625,289.16644287109375,289.20098876953125,16683.70703125,33289.11328125,65.63422393798828,65.63431549072266,1801.7449951171875,3591.916015625,1794.1627197265625,3576.666015625,279.7326354980469,49.829898834228516,-2.3905852231109748e-06,0,0,2590.961669921875,1272.8759765625,0,-5.413074859461631e-07,2655.0654296875,11.76753044128418,11.777297973632812,902.5567016601562,1799.13525390625,49.66835021972656,49.71997833251953,100,0,0,343.5362548828125,0,7.924896240234375,21.36250877380371,21.3970947265625,0,1.034000039100647,0.9067617654800415,50,2.799999952316284,2.3620834350585938,0,0,0,0,1176.9999527455907,0,0,0,0.2139894813299179,0.01537200529128313,-0.22931979596614838,4.168264786130749e-05,98.1392822265625,98.15399169921875,776.4414672851562,776.4530639648438,776.4530639648438,541.0012817382812,0,0,-5.413074859461631e-07,0.0010999999940395355,0.02200000174343586,0.03299999609589577,0.04399999603629112,5655.8173828125,114276.53125,0.0429663360118866,0,3.1392715754918754e-05,268.5689392089844,0,0.0002616529818624258,2.8350639695418067e-05,0,0,23.700000762939453,0,0,1600,0,50,0,0,0,50,50,800,0.0,0.0,0.0,0.0
148,152.60011291503906,305.5085754394531,322.1424865722656,322.1103210449219,289.1438903808594,289.1759948730469,16683.70703125,33300.359375,65.60887908935547,65.60897827148438,1801.8221435546875,3592.045166015625,1794.073974609375,3576.7548828125,279.6982727050781,49.743141174316406,3.968354576500133e-06,0,0,2591.07177734375,1272.720947265625,0,-5.413074859461631e-07,2655.0927734375,11.767492294311523,11.777257919311523,902.523193359375,1799.197265625,49.66714096069336,49.719573974609375,100,0,0,343.51666259765625,0,7.924896240234375,21.374174118041992,21.40631866455078,0,1.034000039100647,0.9067617654800415,50,2.799999952316284,2.36255145072937,0,0,0,0,1176.9999527455907,0,0,0,0.21554158627986908,0.01539964322000742,-0.2308797836303711,6.143674545455724e-05,98.14226531982422,98.15499877929688,776.420654296875,776.4306640625,776.4306640625,540.9764404296875,0,0,-5.413074859461631e-07,0.0010999999940395355,0.02200000174343586,0.03299999609589577,0.04399999603629112,5655.8173828125,114276.53125,0.0429663360118866,0,3.1392715754918754e-05,270.3897399902344,0,0.0002616529818624258,2.8350639695418067e-05,0,0,23.700000762939453,0,0,1600,0,50,0,0,0,50,50,800,0.0,0.0,0.0,0.0
149,152.561767578125,305.4814147949219,322.11334228515625,322.0832824707031,289.1191101074219,289.149169921875,16683.70703125,33300.359375,65.5833969116211,65.58350372314453,1801.9075927734375,3592.171875,1794.073974609375,3576.7548828125,279.6639099121094,49.656288146972656,-4.197899670543848e-06,0,0,2591.1826171875,1272.56591796875,0,-5.413074859461631e-07,2655.13818359375,11.76745891571045,11.777217864990234,902.4952392578125,1799.1417236328125,49.66626739501953,49.71885299682617,100,0,0,343.49700927734375,0,7.924896240234375,21.3836669921875,21.41374397277832,0,1.034000039100647,0.9067617654800415,50,2.799999952316284,2.3625054359436035,0,0,0,0,1176.9999527455907,0,0,0,0.21708886325359344,0.015423345379531384,-0.2324397712945938,7.24312849342823e-05,98.1459732055664,98.15667724609375,776.403076171875,776.4114990234375,776.4114990234375,540.9532470703125,0,0,-5.413074859461631e-07,0.0010999999940395355,0.02200000174343586,0.03299999609589577,0.04399999603629112,5655.8173828125,114276.53125,0.0429663360118866,0,3.1392715754918754e-05,272.2105407714844,0,0.0002616529818624258,2.8350639695418067e-05,0,0,23.700000762939453,0,0,1600,0,50,0,0,0,50,50,800,0.0,0.0,0.0,0.0
150,152.52349853515625,305.454345703125,322.0860595703125,322.0572814941406,289.0924377441406,289.1212463378906,16683.70703125,33311.5703125,65.557861328125,65.5579833984375,1801.99072265625,3592.30615234375,1793.9891357421875,3576.83984375,279.6295166015625,49.56953048706055,2.16104012906726e-06,0,0,2591.293212890625,1272.41015625,0,-5.413074859461631e-07,2655.199462890625,11.767428398132324,11.777179718017578,902.4773559570312,1799.22900390625,49.66543197631836,49.717960357666016,100,0,0,343.4773864746094,0,7.924896240234375,21.39133071899414,21.42011833190918,0,1.034000039100647,0.9067617654800415,50,2.799999952316284,2.362941026687622,0,0,0,0,1176.9999527455907,0,0,0,0.21862941980361938,0.015443362295627594,-0.23399975895881653,7.301848381757736e-05,98.14950561523438,98.15894317626953,776.3878173828125,776.395263671875,776.395263671875,540.9315795898438,0,0,-5.413074859461631e-07,0.0010999999940395355,0.02200000174343586,0.03299999609589577,0.04399999603629112,5655.8173828125,114276.53125,0.0429663360118866,0,3.1392715754918754e-05,274.0313415527344,0,0.0002616529818624258,2.8350639695418067e-05,0,0,23.700000762939453,0,0,1600,0,50,0,0,0,50,50,800,0.0,0.0,0.0,0.0
151,152.48524475097656,305.42724609375,322.0602722167969,322.0321960449219,289.0642395019531,289.0923156738281,16683.70703125,33311.5703125,65.53229522705078,65.53242492675781,1802.0621337890625,3592.4521484375,1793.971435546875,3576.857421875,279.5952453613281,49.48291015625,-2.4709454464755254e-06,0,0,2591.403564453125,1272.2548828125,0,-5.413074859461631e-07,2655.26953125,11.76740550994873,11.777142524719238,902.4542236328125,1799.195556640625,49.66356658935547,49.717559814453125,100,0,0,343.4577941894531,0,7.924896240234375,21.397502899169922,21.425579071044922,0,1.034000039100647,0.9067617654800415,50,2.799999952316284,2.362873077392578,0,0,0,0,1176.9999527455907,0,0,0,0.22017094492912292,0.0154614532366395,-0.23555974662303925,7.264800660777837e-05,98.15263366699219,98.16153717041016,776.3736572265625,776.380615234375,776.380615234375,540.9107055664062,0,0,-5.413074859461631e-07,0.0010999999940395355,0.02200000174343586,0.03299999609589577,0.04399999603629112,5655.8173828125,114276.53125,0.0429663360118866,0,3.1392715754918754e-05,275.8521423339844,0,0.0002616529818624258,2.8350639695418067e-05,0,0,23.700000762939453,0,0,1600,0,50,0,0,0,50,50,800,0.0,0.0,0.0,0.0
152,152.4470672607422,305.4002685546875,322.0357666015625,322.0082702636719,289.03472900390625,289.0622253417969,16683.70703125,33311.5703125,65.50664520263672,65.50676727294922,1802.1416015625,3592.5908203125,1793.96875,3576.860107421875,279.56097412109375,49.396385192871094,-3.213471700291848e-06,0,0,2591.513916015625,1272.0989990234375,0,-5.413074859461631e-07,2655.34375,11.76738452911377,11.777106285095215,902.4427490234375,1799.172119140625,49.66272735595703,49.71662139892578,100,0,0,343.4382019042969,0,7.924896240234375,21.40241813659668,21.42991828918457,0,1.034000039100647,0.9067617654800415,50,2.799999952316284,2.3628015518188477,0,0,0,0,1176.9999527455907,0,0,0,0.22170574963092804,0.01547862309962511,-0.23711973428726196,6.463546742452309e-05,98.15535736083984,98.16427612304688,776.3596801757812,776.3667602539062,776.3667602539062,540.8902587890625,0,0,-5.413074859461631e-07,0.0010999999940395355,0.02200000174343586,0.03299999609589577,0.04399999603629112,5655.8173828125,114276.53125,0.0429663360118866,0,3.1392715754918754e-05,277.6729431152344,0,0.0002616529818624258,2.8350639695418067e-05,0,0,23.700000762939453,0,0,1600,0,50,0,0,0,50,50,800,0.0,0.0,0.0,0.0
153,152.4089813232422,305.3733825683594,322.0123596191406,321.9849548339844,289.004150390625,289.0315856933594,16683.70703125,33322.8203125,65.48097229003906,65.48110961914062,1802.220947265625,3592.72509765625,1793.8890380859375,3576.93994140625,279.5267639160156,49.3100471496582,3.2419127364846645e-06,0,0,2591.62353515625,1271.943115234375,0,-5.413074859461631e-07,2655.415283203125,11.767367362976074,11.777073860168457,902.4365234375,1799.279541015625,49.66200637817383,49.71571350097656,100,0,0,343.4186706542969,0,7.924896240234375,21.40628433227539,21.4337158203125,0,1.034000039100647,0.9067617654800415,50,2.799999952316284,2.3632290363311768,0,0,0,0,1176.9999527455907,0,0,0,0.22323383390903473,0.015496211126446724,-0.23867972195148468,5.0318707508267835e-05,98.15735626220703,98.16692352294922,776.344970703125,776.3524780273438,776.3524780273438,540.86962890625,0,0,-5.413074859461631e-07,0.0010999999940395355,0.02200000174343586,0.03299999609589577,0.04399999603629112,5655.8173828125,114276.53125,0.0429663360118866,0,3.1392715754918754e-05,279.4937438964844,0,0.0002616529818624258,2.8350639695418067e-05,0,0,23.700000762939453,0,0,1600,0,50,0,0,0,50,50,800,0.0,0.0,0.0,0.0
154,152.37091064453125,305.3464050292969,321.9898376464844,321.9621276855469,288.97271728515625,289.0004577636719,16683.70703125,33322.8203125,65.45530700683594,65.45545196533203,1802.2864990234375,3592.865478515625,1793.8697509765625,3576.958984375,279.4926452636719,49.22383499145508,-3.036651833099313e-06,0,0,2591.7333984375,1271.787353515625,0,-5.413074859461631e-07,2655.4794921875,11.76736068725586,11.777042388916016,902.423583984375,1799.2689208984375,49.660396575927734,49.71540832519531,100,0,0,343.399169921875,0,7.924896240234375,21.40933609008789,21.437040328979492,0,1.034000039100647,0.9067617654800415,50,2.799999952316284,2.363166093826294,0,0,0,0,1176.9999527455907,0,0,0,0.2247648388147354,0.015515390783548355,-0.2402397096157074,4.051793439430185e-05,98.1585693359375,98.16929626464844,776.3284912109375,776.3369750976562,776.3369750976562,540.848388671875,0,0,-5.413074859461631e-07,0.0010999999940395355,0.02200000174343586,0.03299999609589577,0.04399999603629112,5655.8173828125,114276.53125,0.0429663360118866,0,3.1392715754918754e-05,281.3145446777344,0,0.0002616529818624258,2.8350639695418067e-05,0,0,23.700000762939453,0,0,1600,0,50,0,0,0,50,50,800,0.0,0.0,0.0,0.0
155,152.3328857421875,305.31951904296875,321.9680480957031,321.94012451171875,288.9405822753906,288.968505859375,16683.70703125,33322.8203125,65.42958068847656,65.42972564697266,1802.3580322265625,3592.99462890625,1793.868408203125,3576.960693359375,279.4585266113281,49.1376953125,1.7239315184269799e-06,0,0,2591.843017578125,1271.631103515625,0,-5.413074859461631e-07,2655.533447265625,11.767354965209961,11.777013778686523,902.4192504882812,1799.2576904296875,49.65985870361328,49.7147102355957,100,0,0,343.3796691894531,0,7.924896240234375,21.41160774230957,21.43954849243164,0,1.034000039100647,0.9067617654800415,50,2.799999952316284,2.363112449645996,0,0,0,0,1176.9999527455907,0,0,0,0.22629106044769287,0.015536832623183727,-0.24179969727993011,2.8195232516736723e-05,98.1594009399414,98.1712875366211,776.3102416992188,776.319580078125,776.319580078125,540.8262939453125,0,0,-5.413074859461631e-07,0.0010999999940395355,0.02200000174343586,0.03299999609589577,0.04399999603629112,5655.8173828125,114276.53125,0.0429663360118866,0,3.1392715754918754e-05,283.1353454589844,0,0.0002616529818624258,2.8350639695418067e-05,0,0,23.700000762939453,0,0,1600,0,50,0,0,0,50,50,800,0.0,0.0,0.0,0.0
156,152.29495239257812,305.29266357421875,321.9468994140625,321.9183349609375,288.9078063964844,288.9363708496094,16683.70703125,33334.10546875,65.40385437011719,65.40400695800781,1802.428466796875,3593.1181640625,1793.78662109375,3577.042236328125,279.4244689941406,49.05168914794922,-5.087418230687035e-06,0,0,2591.95263671875,1271.474609375,0,-5.413074859461631e-07,2655.576171875,11.767352104187012,11.776985168457031,902.4189453125,1799.38037109375,49.65952682495117,49.71406555175781,100,0,0,343.3602294921875,0,7.924896240234375,21.41333770751953,21.4418888092041,0,1.034000039100647,0.9067617654800415,50,2.799999952316284,2.3635663986206055,0,0,0,0,1176.9999527455907,0,0,0,0.2278144210577011,0.015560618601739407,-0.24335968494415283,1.534950024506543e-05,98.15961456298828,98.1728744506836,776.2899169921875,776.3003540039062,776.3003540039062,540.80322265625,0,0,-5.413074859461631e-07,0.0010999999940395355,0.02200000174343586,0.03299999609589577,0.04399999603629112,5655.8173828125,114276.53125,0.0429663360118866,0,3.1392715754918754e-05,284.9561462402344,0,0.0002616529818624258,2.8350639695418067e-05,0,0,23.700000762939453,0,0,1600,0,50,0,0,0,50,50,800,0.0,0.0,0.0,0.0
157,152.25701904296875,305.2657470703125,321.9263000488281,321.89691162109375,288.87451171875,288.9039306640625,16683.70703125,33334.10546875,65.37814331054688,65.37830352783203,1802.484619140625,3593.24560546875,1793.7686767578125,3577.060302734375,279.39044189453125,48.965789794921875,4.369449470686959e-06,0,0,2592.061767578125,1271.3187255859375,0,-5.413074859461631e-07,2655.60693359375,11.767359733581543,11.776961326599121,902.4091796875,1799.3739013671875,49.65829849243164,49.71409606933594,100,0,0,343.3407897949219,0,7.924896240234375,21.41448974609375,21.443889617919922,0,1.034000039100647,0.9067617654800415,50,2.799999952316284,2.3635330200195312,0,0,0,0,1176.9999527455907,0,0,0,0.22934070229530334,0.01558708492666483,-0.24491967260837555,8.109398550004698e-06,98.15943908691406,98.17401123046875,776.2674560546875,776.2789306640625,776.2789306640625,540.779052734375,0,0,-5.413074859461631e-07,0.0010999999940395355,0.02200000174343586,0.03299999609589577,0.04399999603629112,5655.8173828125,114276.53125,0.0429663360118866,0,3.1392715754918754e-05,286.7769470214844,0,0.0002616529818624258,2.8350639695418067e-05,0,0,23.700000762939453,0,0,1600,0,50,0,0,0,50,50,800,0.0,0.0,0.0,0.0
158,152.21910095214844,305.2388610839844,321.9061279296875,321.87603759765625,288.8408508300781,288.8709716796875,16683.70703125,33334.10546875,65.35237884521484,65.3525390625,1802.5467529296875,3593.36083984375,1793.765869140625,3577.06298828125,279.3564147949219,48.87990188598633,4.933605396217899e-06,0,0,2592.171142578125,1271.162109375,0,-5.413074859461631e-07,2655.627197265625,11.76736831665039,11.776937484741211,902.406005859375,1799.366943359375,49.65822219848633,49.71369552612305,100,0,0,343.3206481933594,0,7.924896240234375,21.41452407836914,21.44463539123535,0,1.034000039100647,0.9067617654800415,50,2.799999952316284,2.363509178161621,0,0,0,0,1176.9999527455907,0,0,0,0.23086413741111755,0.015615896321833134,-0.24647966027259827,3.668479564566951e-07,98.1592025756836,98.17475891113281,776.2432861328125,776.2555541992188,776.2555541992188,540.75390625,0,0,-5.413074859461631e-07,0.0010999999940395355,0.02200000174343586,0.03299999609589577,0.04399999603629112,5655.8173828125,114276.53125,0.0429663360118866,0,3.1392715754918754e-05,288.5977478027344,0,0.0002616529818624258,2.8350639695418067e-05,0,0,23.700000762939453,0,0,1600,0,50,0,0,0,50,50,800,0.0,0.0,0.0,0.0
159,152.18121337890625,305.2119445800781,321.88629150390625,321.8548583984375,288.8067932128906,288.8382568359375,16683.70703125,33345.3515625,65.3266830444336,65.32685089111328,1802.5938720703125,3593.484130859375,1793.671875,3577.15673828125,279.3224792480469,48.79410171508789,-2.410529987173504e-06,0,0,2592.280029296875,1271.0059814453125,0,-5.413074859461631e-07,2655.638427734375,11.767382621765137,11.776917457580566,902.4000244140625,1799.487548828125,49.657413482666016,49.71381378173828,100,0,0,343.30010986328125,0,7.924896240234375,21.4138126373291,21.44524574279785,0,1.034000039100647,0.9067617654800415,50,2.799999952316284,2.3639893531799316,0,0,0,0,1176.9999527455907,0,0,0,0.23238854110240936,0.015646634623408318,-0.24803964793682098,-4.480872576095862e-06,98.15860748291016,98.1751708984375,776.2176513671875,776.230712890625,776.230712890625,540.7280883789062,0,0,-5.413074859461631e-07,0.0010999999940395355,0.02200000174343586,0.03299999609589577,0.04399999603629112,5655.8173828125,114276.53125,0.0429663360118866,0,3.1392715754918754e-05,290.4185485839844,0,0.0002616529818624258,2.8350639695418067e-05,0,0,23.700000762939453,0,0,1600,0,50,0,0,0,50,50,800,0.0,0.0,0.0,0.0
160,152.14328002929688,305.1849365234375,321.86676025390625,321.834228515625,288.7724914550781,288.8050842285156,16683.70703125,33345.3515625,65.3009262084961,65.30109405517578,1802.654052734375,3593.58935546875,1793.6666259765625,3577.162353515625,279.2884521484375,48.708255767822266,4.544711373455357e-06,0,0,2592.389404296875,1270.8492431640625,0,-5.413074859461631e-07,2655.642333984375,11.767402648925781,11.776897430419922,902.3915405273438,1799.4737548828125,49.65743637084961,49.71363830566406,100,0,0,343.279541015625,0,7.924896240234375,21.412761688232422,21.4453125,0,1.034000039100647,0.9067617654800415,50,2.799999952316284,2.3639798164367676,0,0,0,0,1176.9999527455907,0,0,0,0.23391586542129517,0.0156791303306818,-0.2495996356010437,-4.6455302253889386e-06,98.15819549560547,98.1753158569336,776.1908569335938,776.2044067382812,776.2044067382812,540.701416015625,0,0,-5.413074859461631e-07,0.0010999999940395355,0.02200000174343586,0.03299999609589577,0.04399999603629112,5655.8173828125,114276.53125,0.0429663360118866,0,3.1392715754918754e-05,292.2393493652344,0,0.0002616529818624258,2.8350639695418067e-05,0,0,23.700000762939453,0,0,1600,0,50,0,0,0,50,50,800,0.0,0.0,0.0,0.0
161,152.1053466796875,305.157958984375,321.8475036621094,321.8139953613281,288.7379150390625,288.7713928222656,16683.70703125,33345.3515625,65.27510833740234,65.27527618408203,1802.7117919921875,3593.694091796875,1793.66650390625,3577.162353515625,279.25445556640625,48.62242889404297,3.76925663658767e-06,0,0,2592.49853515625,1270.6923828125,0,-5.413074859461631e-07,2655.641845703125,11.767423629760742,11.776878356933594,902.386474609375,1799.4639892578125,49.65765380859375,49.71343994140625,100,0,0,343.2589416503906,0,7.924896240234375,21.41143798828125,21.4449405670166,0,1.034000039100647,0.9067617654800415,50,2.799999952316284,2.3639743328094482,0,0,0,0,1176.9999527455907,0,0,0,0.23544223606586456,0.015712548047304153,-0.2511596381664276,-4.836823791265488e-06,98.15792846679688,98.17530059814453,776.1636352539062,776.1773071289062,776.1773071289062,540.6743774414062,0,0,-5.413074859461631e-07,0.0010999999940395355,0.02200000174343586,0.03299999609589577,0.04399999603629112,5655.8173828125,114276.53125,0.0429663360118866,0,3.1392715754918754e-05,294.0601501464844,0,0.0002616529818624258,2.8350639695418067e-05,0,0,23.700000762939453,0,0,1600,0,50,0,0,0,50,50,800,0.0,0.0,0.0,0.0
162,152.0674285888672,305.13092041015625,321.8283996582031,321.7933349609375,288.703125,288.7381286621094,16683.70703125,33356.6328125,65.24935150146484,65.2495346069336,1802.7530517578125,3593.810546875,1793.5689697265625,3577.259521484375,279.22052001953125,48.536659240722656,1.0731832844612654e-06,0,0,2592.607421875,1270.5357666015625,0,-5.413074859461631e-07,2655.6396484375,11.767450332641602,11.776862144470215,902.377685546875,1799.5792236328125,49.65708923339844,49.71371078491211,100,0,0,343.2383728027344,0,7.924896240234375,21.40998077392578,21.44504165649414,0,1.034000039100647,0.9067617654800415,50,2.799999952316284,2.364466905593872,0,0,0,0,1176.9999527455907,0,0,0,0.23696960508823395,0.015746382996439934,-0.25271961092948914,-3.6224723771738354e-06,98.15771484375,98.17521667480469,776.1361694335938,776.14990234375,776.14990234375,540.647216796875,0,0,-5.413074859461631e-07,0.0010999999940395355,0.02200000174343586,0.03299999609589577,0.04399999603629112,5655.8173828125,114276.53125,0.0429663360118866,0,3.1392715754918754e-05,295.8809509277344,0,0.0002616529818624258,2.8350639695418067e-05,0,0,23.700000762939453,0,0,1600,0,50,0,0,0,50,50,800,0.0,0.0,0.0,0.0
163,152.02944946289062,305.1038818359375,321.8094177246094,321.7731018066406,288.6681213378906,288.70440673828125,16683.70703125,33356.6328125,65.22354125976562,65.22372436523438,1802.8087158203125,3593.911376953125,1793.566162109375,3577.262451171875,279.1865234375,48.45083236694336,2.9772851917186927e-07,0,0,2592.716796875,1270.378662109375,0,-5.413074859461631e-07,2655.636962890625,11.767481803894043,11.776845932006836,902.3687133789062,1799.5655517578125,49.65727615356445,49.71363830566406,100,0,0,343.2177734375,0,7.924896240234375,21.408353805541992,21.444669723510742,0,1.034000039100647,0.9067617654800415,50,2.799999952316284,2.3644630908966064,0,0,0,0,1176.9999527455907,0,0,0,0.23849794268608093,0.015780387446284294,-0.25427961349487305,-1.2712553143501282e-06,98.1576919555664,98.17511749267578,776.1087036132812,776.1223754882812,776.1223754882812,540.619873046875,0,0,-5.413074859461631e-07,0.0010999999940395355,0.02200000174343586,0.03299999609589577,0.04399999603629112,5655.8173828125,114276.53125,0.0429663360118866,0,3.1392715754918754e-05,297.7017517089844,0,0.0002616529818624258,2.8350639695418067e-05,0,0,23.700000762939453,0,0,1600,0,50,0,0,0,50,50,800,0.0,0.0,0.0,0.0
164,151.99148559570312,305.0768127441406,321.7906188964844,321.7528381347656,288.6329650878906,288.6706848144531,16683.70703125,33367.875,65.19772338867188,65.19792175292969,1802.8623046875,3594.01220703125,1793.4847412109375,3577.343994140625,279.15252685546875,48.365013122558594,6.842893185421417e-07,0,0,2592.825927734375,1270.2213134765625,0,-5.413074859461631e-07,2655.63525390625,11.7675142288208,11.776832580566406,902.3636474609375,1799.6737060546875,49.65768051147461,49.71348190307617,100,0,0,343.1971740722656,0,7.924896240234375,21.40655517578125,21.4443302154541,0,1.034000039100647,0.9067617654800415,50,2.799999952316284,2.3649535179138184,0,0,0,0,1176.9999527455907,0,0,0,0.2400253266096115,0.01581414043903351,-0.25583958625793457,-1.210719347000122e-07,98.15777587890625,98.17505645751953,776.0814208984375,776.0950317382812,776.0950317382812,540.5927124023438,0,0,-5.413074859461631e-07,0.0010999999940395355,0.02200000174343586,0.03299999609589577,0.04399999603629112,5655.8173828125,114276.53125,0.0429663360118866,0,3.1392715754918754e-05,299.5225524902344,0,0.0002616529818624258,2.8350639695418067e-05,0,0,23.700000762939453,0,0,1600,0,50,0,0,0,50,50,800,0.0,0.0,0.0,0.0
165,151.95346069335938,305.0496520996094,321.7718200683594,321.7325134277344,288.5976867675781,288.636962890625,16683.70703125,33367.875,65.17190551757812,65.17210388183594,1802.9031982421875,3594.121826171875,1793.4677734375,3577.36083984375,279.1185607910156,48.27920150756836,2.2328656541503733e-06,0,0,2592.935302734375,1270.0643310546875,0,-5.413074859461631e-07,2655.634765625,11.767556190490723,11.776820182800293,902.3480224609375,1799.6588134765625,49.6570930480957,49.71388626098633,100,0,0,343.1765441894531,0,7.924896240234375,21.40472412109375,21.44402503967285,0,1.034000039100647,0.9067617654800415,50,2.799999952316284,2.364947557449341,0,0,0,0,1176.9999527455907,0,0,0,0.2415575385093689,0.01584772579371929,-0.2573995888233185,5.685538326360984e-06,98.15803527832031,98.17504119873047,776.0545043945312,776.06787109375,776.06787109375,540.5655517578125,0,0,-5.413074859461631e-07,0.0010999999940395355,0.02200000174343586,0.03299999609589577,0.04399999603629112,5655.8173828125,114276.53125,0.0429663360118866,0,3.1392715754918754e-05,301.3433532714844,0,0.0002616529818624258,2.8350639695418067e-05,0,0,23.700000762939453,0,0,1600,0,50,0,0,0,50,50,800,0.0,0.0,0.0,0.0
166,151.9154052734375,305.02252197265625,321.7531433105469,321.71258544921875,288.562255859375,288.6028137207031,16683.70703125,33367.875,65.1460189819336,65.1462173461914,1802.9517822265625,3594.223876953125,1793.4677734375,3577.361328125,279.0845642089844,48.19335174560547,-2.0286356630094815e-06,0,0,2593.04443359375,1269.9068603515625,0,-5.413074859461631e-07,2655.637939453125,11.767599105834961,11.776809692382812,902.3402709960938,1799.6434326171875,49.657554626464844,49.7137565612793,100,0,0,343.1559143066406,0,7.924896240234375,21.40275764465332,21.44331169128418,0,1.034000039100647,0.9067617654800415,50,2.799999952316284,2.364938497543335,0,0,0,0,1176.9999527455907,0,0,0,0.24308685958385468,0.015880558639764786,-0.25895956158638,7.852725502743851e-06,98.15852355957031,98.17515563964844,776.0281982421875,776.041259765625,776.041259765625,540.5386962890625,0,0,-5.413074859461631e-07,0.0010999999940395355,0.02200000174343586,0.03299999609589577,0.04399999603629112,5655.8173828125,114276.53125,0.0429663360118866,0,3.1392715754918754e-05,303.1641540527344,0,0.0002616529818624258,2.8350639695418067e-05,0,0,23.700000762939453,0,0,1600,0,50,0,0,0,50,50,800,0.0,0.0,0.0,0.0
167,151.87741088867188,304.9953918457031,321.73150634765625,321.6925354003906,288.5298156738281,288.5687561035156,16726.048828125,33379.15234375,65.12041473388672,65.12054443359375,1803.0018310546875,3594.32421875,1793.990478515625,3576.83837890625,279.0505676269531,48.107540130615234,-4.800594979315065e-07,0,0,2593.15380859375,1269.9456787109375,0,-5.413074859461631e-07,2655.64404296875,11.7676420211792,11.776801109313965,902.793212890625,1799.7545166015625,49.65802001953125,49.71360397338867,100,0,0,343.1352844238281,0,7.924896240234375,21.403776168823242,21.44273567199707,0,1.034000039100647,0.9067617654800415,50,2.799999952316284,2.3672847747802734,0,0,0,0,1176.9999527455907,0,0,0,0.24461525678634644,0.015912719070911407,-0.2605195641517639,8.41934252093779e-06,98.15900421142578,98.17538452148438,776.0023803710938,776.0152587890625,776.0152587890625,540.5120849609375,0,0,-5.413074859461631e-07,0.0010999999940395355,0.02200000174343586,0.03299999609589577,0.04399999603629112,5655.8173828125,114276.53125,0.0429663360118866,0,3.1392715754918754e-05,304.9849548339844,0,0.0002616529818624258,2.8350639695418067e-05,0,0,23.700000762939453,0,0,1600,0,50,0,0,0,50,50,800,0.0,0.0,0.0,0.0
168,151.83909606933594,304.9677734375,321.7076721191406,321.6723327636719,288.4993896484375,288.5347595214844,16726.048828125,33379.15234375,65.09495544433594,65.0950698852539,1803.1177978515625,3594.35107421875,1794.113037109375,3576.7158203125,279.01654052734375,48.02159118652344,1.4237072036848986e-06,0,0,2593.263427734375,1269.78466796875,0,-5.413074859461631e-07,2655.653564453125,11.767672538757324,11.776814460754395,902.7894897460938,1799.6505126953125,49.665245056152344,49.710235595703125,100,0,0,343.1145935058594,0,7.924896240234375,21.40692901611328,21.4422607421875,0,1.034000039100647,0.9067617654800415,50,2.799999952316284,2.367269277572632,0,0,0,0,1176.9999527455907,0,0,0,0.24617132544517517,0.0159444622695446,-0.26207953691482544,3.6248937249183655e-05,98.16010284423828,98.17573547363281,775.9772338867188,775.9895629882812,775.9895629882812,540.4855346679688,0,0,-5.413074859461631e-07,0.0010999999940395355,0.02200000174343586,0.03299999609589577,0.04399999603629112,5655.8173828125,114276.53125,0.0429663360118866,0,3.1392715754918754e-05,306.8057556152344,0,0.0002616529818624258,2.8350639695418067e-05,0,0,23.700000762939453,0,0,1600,0,50,0,0,0,50,50,800,0.0,0.0,0.0,0.0
169,151.8006591796875,304.94024658203125,321.6846923828125,321.6523132324219,288.4679870605469,288.5003967285156,16726.048828125,33379.15234375,65.06932830810547,65.06944274902344,1803.184326171875,3594.431640625,1794.122314453125,3576.70703125,278.98236083984375,47.935264587402344,-1.013620249068481e-06,0,0,2593.37353515625,1269.6275634765625,0,-5.413074859461631e-07,2655.6748046875,11.767699241638184,11.776830673217773,902.755126953125,1799.577880859375,49.6657600402832,49.71010208129883,100,0,0,343.09375,0,7.924896240234375,21.40906524658203,21.441448211669922,0,1.034000039100647,0.9067617654800415,50,2.799999952316284,2.3672432899475098,0,0,0,0,1176.9999527455907,0,0,0,0.24771878123283386,0.015973860397934914,-0.26363953948020935,5.31130499439314e-05,98.16293334960938,98.17652130126953,775.9550170898438,775.9657592773438,775.9657592773438,540.4598999023438,0,0,-5.413074859461631e-07,0.0010999999940395355,0.02200000174343586,0.03299999609589577,0.04399999603629112,5655.8173828125,114276.53125,0.0429663360118866,0,3.1392715754918754e-05,308.6265563964844,0,0.0002616529818624258,2.8350639695418067e-05,0,0,23.700000762939453,0,0,1600,0,50,0,0,0,50,50,800,0.0,0.0,0.0,0.0
170,151.76229858398438,304.912841796875,321.6624450683594,321.6317138671875,288.43572998046875,288.46649169921875,16726.048828125,33390.39453125,65.0436782836914,65.04380798339844,1803.2308349609375,3594.5390625,1794.026611328125,3576.802490234375,278.94818115234375,47.84897994995117,2.940137846962898e-06,0,0,2593.48388671875,1269.470458984375,0,-5.413074859461631e-07,2655.712890625,11.767727851867676,11.776845932006836,902.723388671875,1799.6490478515625,49.66496276855469,49.71044158935547,100,0,0,343.0729064941406,0,7.924896240234375,21.41045570373535,21.44117546081543,0,1.034000039100647,0.9067617654800415,50,2.799999952316284,2.367696523666382,0,0,0,0,1176.9999527455907,0,0,0,0.24926146864891052,0.015999404713511467,-0.2651995122432709,6.135925650596619e-05,98.16602325439453,98.17792510986328,775.9356689453125,775.945068359375,775.945068359375,540.435791015625,0,0,-5.413074859461631e-07,0.0010999999940395355,0.02200000174343586,0.03299999609589577,0.04399999603629112,5655.8173828125,114276.53125,0.0429663360118866,0,3.1392715754918754e-05,310.4473571777344,0,0.0002616529818624258,2.8350639695418067e-05,0,0,23.700000762939453,0,0,1600,0,50,0,0,0,50,50,800,0.0,0.0,0.0,0.0
171,151.7240447998047,304.8854064941406,321.6407775878906,321.6114501953125,288.4028625488281,288.4322204589844,16726.048828125,33390.39453125,65.01791381835938,65.0180435180664,1803.2911376953125,3594.63720703125,1794.019775390625,3576.80908203125,278.9140625,47.76282501220703,5.376689841796178e-06,0,0,2593.59375,1269.3128662109375,0,-5.413074859461631e-07,2655.764892578125,11.76776123046875,11.776861190795898,902.6968383789062,1799.5970458984375,49.66477584838867,49.710350036621094,100,0,0,343.0520935058594,0,7.924896240234375,21.41133689880371,21.4406681060791,0,1.034000039100647,0.9067617654800415,50,2.799999952316284,2.367642879486084,0,0,0,0,1176.9999527455907,0,0,0,0.2508031725883484,0.016021933406591415,-0.2667595148086548,6.560162000823766e-05,98.16915130615234,98.17984771728516,775.9183959960938,775.9268188476562,775.9268188476562,540.4129638671875,0,0,-5.413074859461631e-07,0.0010999999940395355,0.02200000174343586,0.03299999609589577,0.04399999603629112,5655.8173828125,114276.53125,0.0429663360118866,0,3.1392715754918754e-05,312.2681579589844,0,0.0002616529818624258,2.8350639695418067e-05,0,0,23.700000762939453,0,0,1600,0,50,0,0,0,50,50,800,0.0,0.0,0.0,0.0
172,151.68594360351562,304.85809326171875,321.6195983886719,321.5914306640625,288.3694152832031,288.39764404296875,16726.048828125,33390.39453125,64.9920425415039,64.99217224121094,1803.3511962890625,3594.738525390625,1794.019775390625,3576.80908203125,278.8800354003906,47.6768913269043,-1.0312472795703798e-06,0,0,2593.703369140625,1269.1552734375,0,-5.413074859461631e-07,2655.825927734375,11.76779556274414,11.776876449584961,902.6790771484375,1799.5616455078125,49.66469955444336,49.710105895996094,100,0,0,343.0314025878906,0,7.924896240234375,21.41177749633789,21.43995475769043,0,1.034000039100647,0.9067617654800415,50,2.799999952316284,2.367581367492676,0,0,0,0,1176.9999527455907,0,0,0,0.252336323261261,0.016042370349168777,-0.2683194875717163,5.918843817198649e-05,98.17192840576172,98.1821060180664,775.9022827148438,775.9102783203125,775.9102783203125,540.3909912109375,0,0,-5.413074859461631e-07,0.0010999999940395355,0.02200000174343586,0.03299999609589577,0.04399999603629112,5655.8173828125,114276.53125,0.0429663360118866,0,3.1392715754918754e-05,314.0889587402344,0,0.0002616529818624258,2.8350639695418067e-05,0,0,23.700000762939453,0,0,1600,0,50,0,0,0,50,50,800,0.0,0.0,0.0,0.0
173,151.6505584716797,304.830810546875,321.5989990234375,321.5709533691406,288.33551025390625,288.363525390625,16726.048828125,33401.671875,64.9662094116211,64.96635437011719,1803.39501953125,3594.85205078125,1793.9259033203125,3576.90283203125,278.84600830078125,47.5909538269043,2.615542825878947e-06,0,0,2593.812255859375,1268.99755859375,0,-5.413074859461631e-07,2655.88916015625,11.767834663391113,11.776893615722656,902.6627807617188,1799.6611328125,49.663822174072266,49.71030044555664,100,0,0,343.0107727050781,0,7.924896240234375,21.41177749633789,21.4398193359375,0,1.034000039100647,0.9067617654800415,50,2.799999952316284,2.368013620376587,0,0,0,0,1176.9999527455907,0,0,0,0.2538684904575348,0.016062218695878983,-0.2698794901371002,5.1220693421782926e-05,98.17389678955078,98.18444061279297,775.8859252929688,775.8941650390625,775.8941650390625,540.3693237304688,0,0,-5.413074859461631e-07,0.0010999999940395355,0.02200000174343586,0.03299999609589577,0.04399999603629112,5655.8173828125,114276.53125,0.0429663360118866,0,3.1392715754918754e-05,315.9097595214844,0,0.0002616529818624258,2.8350639695418067e-05,0,0,23.700000762939453,0,0,1600,0,50,0,0,0,50,50,800,0.0,0.0,0.0,0.0
174,151.61753845214844,304.8036804199219,321.5787048339844,321.55084228515625,288.3012390136719,288.3291015625,16726.048828125,33401.671875,64.94029998779297,64.94044494628906,1803.4517822265625,3594.948974609375,1793.9189453125,3576.909912109375,278.81195068359375,47.50498962402344,2.195278284489177e-06,0,0,2593.90673828125,1268.839599609375,0,-5.413074859461631e-07,2655.94775390625,11.767879486083984,11.776910781860352,902.6514282226562,1799.6396484375,49.66371154785156,49.7101936340332,100,0,0,342.9928894042969,0,7.924896240234375,21.4141845703125,21.442058563232422,0,1.034000039100647,0.9067617654800415,50,2.799999952316284,2.367954969406128,0,0,0,0,1176.9999527455907,0,0,0,0.2553901970386505,0.016082990914583206,-0.27143946290016174,3.3733063901308924e-05,98.17523193359375,98.18660736083984,775.868408203125,775.8773803710938,775.8773803710938,540.3472900390625,0,0,-5.413074859461631e-07,0.0010999999940395355,0.02200000174343586,0.03299999609589577,0.04399999603629112,5655.8173828125,114276.53125,0.0429663360118866,0,3.1392715754918754e-05,317.7305603027344,0,0.0002616529818624258,2.8350639695418067e-05,0,0,23.700000762939453,0,0,1600,0,50,0,0,0,50,50,800,0.0,0.0,0.0,0.0
175,151.58450317382812,304.776611328125,321.558837890625,321.5310974121094,288.2666015625,288.29437255859375,16726.048828125,33401.671875,64.91433715820312,64.91448974609375,1803.5052490234375,3595.04248046875,1793.9188232421875,3576.909912109375,278.7778625488281,47.418880462646484,9.681887149781687e-07,0,0,2594.00146484375,1268.681640625,0,-5.413074859461631e-07,2655.996337890625,11.767924308776855,11.776930809020996,902.648681640625,1799.634521484375,49.66386413574219,49.7100944519043,100,0,0,342.9750061035156,0,7.924896240234375,21.41615104675293,21.443889617919922,0,1.034000039100647,0.9067617654800415,50,2.799999952316284,2.367905378341675,0,0,0,0,1176.9999527455907,0,0,0,0.2569071650505066,0.0161057710647583,-0.27299946546554565,1.3489835509972181e-05,98.17540740966797,98.18840789794922,775.8486938476562,775.8589477539062,775.8589477539062,540.3245239257812,0,0,-5.413074859461631e-07,0.0010999999940395355,0.02200000174343586,0.03299999609589577,0.04399999603629112,5655.8173828125,114276.53125,0.0429663360118866,0,3.1392715754918754e-05,319.5513610839844,0,0.0002616529818624258,2.8350639695418067e-05,0,0,23.700000762939453,0,0,1600,0,50,0,0,0,50,50,800,0.0,0.0,0.0,0.0
176,151.55149841308594,304.74951171875,321.5392761230469,321.5108642578125,288.23175048828125,288.26019287109375,16726.048828125,33412.953125,64.8884506225586,64.88861083984375,1803.54052734375,3595.143798828125,1793.82470703125,3577.004150390625,278.7438049316406,47.33287048339844,4.2115661926800385e-06,0,0,2594.09619140625,1268.5234375,0,-5.413074859461631e-07,2656.029541015625,11.767975807189941,11.776951789855957,902.6422119140625,1799.7540283203125,49.66333770751953,49.71055221557617,100,0,0,342.9570617675781,0,7.924896240234375,21.41777992248535,21.446195602416992,0,1.034000039100647,0.9067617654800415,50,2.799999952316284,2.3683643341064453,0,0,0,0,1176.9999527455907,0,0,0,0.25842511653900146,0.016131987795233727,-0.2745594382286072,-2.350006298001972e-06,98.17463684082031,98.18962860107422,775.8258666992188,775.8377075195312,775.8377075195312,540.3003540039062,0,0,-5.413074859461631e-07,0.0010999999940395355,0.02200000174343586,0.03299999609589577,0.04399999603629112,5655.8173828125,114276.53125,0.0429663360118866,0,3.1392715754918754e-05,321.3721618652344,0,0.0002616529818624258,2.8350639695418067e-05,0,0,23.700000762939453,0,0,1600,0,50,0,0,0,50,50,800,0.0,0.0,0.0,0.0
177,151.5184783935547,304.722412109375,321.5199890136719,321.4909973144531,288.1966552734375,288.2256774902344,16726.048828125,33412.953125,64.86251068115234,64.8626708984375,1803.587890625,3595.224853515625,1793.8197021484375,3577.00927734375,278.7097473144531,47.24691390991211,4.953317329636775e-06,0,0,2594.190673828125,1268.3651123046875,0,-5.413074859461631e-07,2656.045166015625,11.768030166625977,11.776972770690918,902.6357421875,1799.744140625,49.66371536254883,49.71076965332031,100,0,0,342.93914794921875,0,7.924896240234375,21.419170379638672,21.448162078857422,0,1.034000039100647,0.9067617654800415,50,2.799999952316284,2.3683438301086426,0,0,0,0,1176.9999527455907,0,0,0,0.25994399189949036,0.016162054613232613,-0.2761194407939911,-1.338934544037329e-05,98.17350006103516,98.1902084350586,775.8001708984375,775.8133544921875,775.8133544921875,540.274658203125,0,0,-5.413074859461631e-07,0.0010999999940395355,0.02200000174343586,0.03299999609589577,0.04399999603629112,5655.8173828125,114276.53125,0.0429663360118866,0,3.1392715754918754e-05,323.1929626464844,0,0.0002616529818624258,2.8350639695418067e-05,0,0,23.700000762939453,0,0,1600,0,50,0,0,0,50,50,800,0.0,0.0,0.0,0.0
178,151.48550415039062,304.6952819824219,321.5008850097656,321.4714660644531,288.161376953125,288.19085693359375,16726.048828125,33412.953125,64.83651733398438,64.83667755126953,1803.630615234375,3595.3017578125,1793.819091796875,3577.009765625,278.67578125,47.161048889160156,-1.6322152305292548e-06,0,0,2594.285400390625,1268.2066650390625,0,-5.413074859461631e-07,2656.046630859375,11.768087387084961,11.776995658874512,902.6324462890625,1799.73828125,49.664329528808594,49.711063385009766,100,0,0,342.9212646484375,0,7.924896240234375,21.42035675048828,21.44978904724121,0,1.034000039100647,0.9067617654800415,50,2.799999952316284,2.3683362007141113,0,0,0,0,1176.9999527455907,0,0,0,0.26146194338798523,0.01619522087275982,-0.2776794135570526,-2.2259075194597244e-05,98.17216491699219,98.19026184082031,775.7722778320312,775.7864990234375,775.7864990234375,540.2476806640625,0,0,-5.413074859461631e-07,0.0010999999940395355,0.02200000174343586,0.03299999609589577,0.04399999603629112,5655.8173828125,114276.53125,0.0429663360118866,0,3.1392715754918754e-05,325.0137634277344,0,0.0002616529818624258,2.8350639695418067e-05,0,0,23.700000762939453,0,0,1600,0,50,0,0,0,50,50,800,0.0,0.0,0.0,0.0
179,151.4525604248047,304.6681213378906,321.4820251464844,321.451416015625,288.1259460449219,288.1565856933594,16726.048828125,33424.2109375,64.81059265136719,64.8107681274414,1803.6552734375,3595.388671875,1793.7220458984375,3577.10693359375,278.6418151855469,47.075313568115234,9.007814014694304e-07,0,0,2594.379638671875,1268.04833984375,0,-5.413074859461631e-07,2656.036376953125,11.768148422241211,11.777020454406738,902.6240844726562,1799.85400390625,49.66422653198242,49.711883544921875,100,0,0,342.90338134765625,0,7.924896240234375,21.42137336730957,21.45195960998535,0,1.034000039100647,0.9067617654800415,50,2.799999952316284,2.3688323497772217,0,0,0,0,1176.9999527455907,0,0,0,0.2629808485507965,0.016230983659625053,-0.2792394161224365,-2.7582609618548304e-05,98.17063903808594,98.18988037109375,775.742431640625,775.7575073242188,775.7575073242188,540.2196044921875,0,0,-5.413074859461631e-07,0.0010999999940395355,0.02200000174343586,0.03299999609589577,0.04399999603629112,5655.8173828125,114276.53125,0.0429663360118866,0,3.1392715754918754e-05,326.8345642089844,0,0.0002616529818624258,2.8350639695418067e-05,0,0,23.700000762939453,0,0,1600,0,50,0,0,0,50,50,800,0.0,0.0,0.0,0.0
180,151.4196014404297,304.64093017578125,321.4632263183594,321.43170166015625,288.09039306640625,288.1219177246094,16726.048828125,33424.2109375,64.78460693359375,64.78478240966797,1803.6942138671875,3595.456298828125,1793.7197265625,3577.109375,278.60784912109375,46.98958969116211,5.176801550987875e-06,0,0,2594.473876953125,1267.889892578125,0,-5.413074859461631e-07,2656.01708984375,11.76821231842041,11.777045249938965,902.61572265625,1799.841064453125,49.664939880371094,49.712406158447266,100,0,0,342.8854675292969,0,7.924896240234375,21.42225456237793,21.45379066467285,0,1.034000039100647,0.9067617654800415,50,2.799999952316284,2.3688430786132812,0,0,0,0,1176.9999527455907,0,0,0,0.2645006775856018,0.016268756240606308,-0.28079938888549805,-2.994714304804802e-05,98.16920471191406,98.18917083740234,775.7112426757812,775.7269287109375,775.7269287109375,540.1907348632812,0,0,-5.413074859461631e-07,0.0010999999940395355,0.02200000174343586,0.03299999609589577,0.04399999603629112,5655.8173828125,114276.53125,0.0429663360118866,0,3.1392715754918754e-05,328.6553649902344,0,0.0002616529818624258,2.8350639695418067e-05,0,0,23.700000762939453,0,0,1600,0,50,0,0,0,50,50,800,0.0,0.0,0.0,0.0
181,151.3866424560547,304.6136474609375,321.444580078125,321.4122619628906,288.0546569824219,288.08697509765625,16726.048828125,33424.2109375,64.75855255126953,64.75872802734375,1803.7294921875,3595.524169921875,1793.71923828125,3577.109619140625,278.5739440917969,46.90391540527344,-4.265547431714367e-06,0,0,2594.568603515625,1267.7301025390625,0,-5.413074859461631e-07,2655.9921875,11.768279075622559,11.777069091796875,902.609619140625,1799.8294677734375,49.66587448120117,49.712894439697266,100,0,0,342.86761474609375,0,7.924896240234375,21.42303466796875,21.455350875854492,0,1.034000039100647,0.9067617654800415,50,2.799999952316284,2.368858814239502,0,0,0,0,1176.9999527455907,0,0,0,0.2660233974456787,0.01630786992609501,-0.28235939145088196,-2.8125010430812836e-05,98.16790771484375,98.18824768066406,775.6792602539062,775.6952514648438,775.6952514648438,540.1612548828125,0,0,-5.413074859461631e-07,0.0010999999940395355,0.02200000174343586,0.03299999609589577,0.04399999603629112,5655.8173828125,114276.53125,0.0429663360118866,0,3.1392715754918754e-05,330.4761657714844,0,0.0002616529818624258,2.8350639695418067e-05,0,0,23.700000762939453,0,0,1600,0,50,0,0,0,50,50,800,0.0,0.0,0.0,0.0
182,151.35372924804688,304.5863952636719,321.4259948730469,321.39263916015625,288.0188293457031,288.0522155761719,16726.048828125,33435.51171875,64.73248291015625,64.732666015625,1803.7642822265625,3595.588623046875,1793.637939453125,3577.19091796875,278.5400390625,46.818328857421875,-3.447181029514468e-07,0,0,2594.662841796875,1267.57080078125,0,-5.413074859461631e-07,2655.96484375,11.76834487915039,11.777094841003418,902.6064453125,1799.9410400390625,49.66691589355469,49.7133674621582,100,0,0,342.8497314453125,0,7.924896240234375,21.423748016357422,21.45711326599121,0,1.034000039100647,0.9067617654800415,50,2.799999952316284,2.3693714141845703,0,0,0,0,1176.9999527455907,0,0,0,0.26754510402679443,0.016347484663128853,-0.2839193642139435,-2.676779513421934e-05,98.16685485839844,98.18724060058594,775.6471557617188,775.6632080078125,775.6632080078125,540.131591796875,0,0,-5.413074859461631e-07,0.0010999999940395355,0.02200000174343586,0.03299999609589577,0.04399999603629112,5655.8173828125,114276.53125,0.0429663360118866,0,3.1392715754918754e-05,332.2969665527344,0,0.0002616529818624258,2.8350639695418067e-05,0,0,23.700000762939453,0,0,1600,0,50,0,0,0,50,50,800,0.0,0.0,0.0,0.0
183,151.3207550048828,304.5589904785156,321.407470703125,321.3728942871094,287.98284912109375,288.0174865722656,16726.048828125,33435.51171875,64.70640563964844,64.70658874511719,1803.786376953125,3595.66357421875,1793.62060546875,3577.208251953125,278.50616455078125,46.73279571533203,1.074485339813691e-06,0,0,2594.7568359375,1267.4114990234375,0,-5.413074859461631e-07,2655.938232421875,11.768418312072754,11.777121543884277,902.5923461914062,1799.9295654296875,49.6668701171875,49.71443557739258,100,0,0,342.8318786621094,0,7.924896240234375,21.42439079284668,21.4589786529541,0,1.034000039100647,0.9067617654800415,50,2.799999952316284,2.3693885803222656,0,0,0,0,1176.9999527455907,0,0,0,0.2690734565258026,0.016387099400162697,-0.2854793667793274,-1.8786731743603013e-05,98.16606140136719,98.1862564086914,775.615234375,775.631103515625,775.631103515625,540.1019287109375,0,0,-5.413074859461631e-07,0.0010999999940395355,0.02200000174343586,0.03299999609589577,0.04399999603629112,5655.8173828125,114276.53125,0.0429663360118866,0,3.1392715754918754e-05,334.1177673339844,0,0.0002616529818624258,2.8350639695418067e-05,0,0,23.700000762939453,0,0,1600,0,50,0,0,0,50,50,800,0.0,0.0,0.0,0.0
184,151.28775024414062,304.5315856933594,321.3890075683594,321.3533630371094,287.9468078613281,287.98248291015625,16726.048828125,33435.51171875,64.68024444580078,64.68042755126953,1803.817138671875,3595.73095703125,1793.620361328125,3577.208251953125,278.4722900390625,46.64723205566406,-2.1543735329032643e-06,0,0,2594.8515625,1267.2515869140625,0,-5.413074859461631e-07,2655.914794921875,11.768491744995117,11.77714729309082,902.5836791992188,1799.91259765625,49.66788101196289,49.71492004394531,100,0,0,342.81396484375,0,7.924896240234375,21.424968719482422,21.46060562133789,0,1.034000039100647,0.9067617654800415,50,2.799999952316284,2.3694026470184326,0,0,0,0,1176.9999527455907,0,0,0,0.2706008553504944,0.016426047310233116,-0.2870393395423889,-1.2442563274817076e-05,98.16576385498047,98.18539428710938,775.5841064453125,775.599609375,775.599609375,540.0724487304688,0,0,-5.413074859461631e-07,0.0010999999940395355,0.02200000174343586,0.03299999609589577,0.04399999603629112,5655.8173828125,114276.53125,0.0429663360118866,0,3.1392715754918754e-05,335.9385681152344,0,0.0002616529818624258,2.8350639695418067e-05,0,0,23.700000762939453,0,0,1600,0,50,0,0,0,50,50,800,0.0,0.0,0.0,0.0
185,151.2548065185547,304.50421142578125,321.3706359863281,321.333740234375,287.91064453125,287.94757080078125,16726.048828125,33446.79296875,64.65406036376953,64.65425872802734,1803.8489990234375,3595.79833984375,1793.537109375,3577.291748046875,278.4384460449219,46.56174850463867,-3.817804554273607e-06,0,0,2594.94580078125,1267.0911865234375,0,-5.413074859461631e-07,2655.896484375,11.76856517791748,11.777173042297363,902.578857421875,1800.0240478515625,49.66886901855469,49.715370178222656,100,0,0,342.7960510253906,0,7.924896240234375,21.425443649291992,21.46233558654785,0,1.034000039100647,0.9067617654800415,50,2.799999952316284,2.369906187057495,0,0,0,0,1176.9999527455907,0,0,0,0.27212730050086975,0.016463903710246086,-0.2885993421077728,-8.13724454928888e-06,98.16569519042969,98.1847152709961,775.553955078125,775.5689086914062,775.5689086914062,540.0433959960938,0,0,-5.413074859461631e-07,0.0010999999940395355,0.02200000174343586,0.03299999609589577,0.04399999603629112,5655.8173828125,114276.53125,0.0429663360118866,0,3.1392715754918754e-05,337.7593688964844,0,0.0002616529818624258,2.8350639695418067e-05,0,0,23.700000762939453,0,0,1600,0,50,0,0,0,50,50,800,0.0,0.0,0.0,0.0
186,151.2218017578125,304.4766540527344,321.3521728515625,321.31390380859375,287.8744201660156,287.9127502441406,16726.048828125,33446.79296875,64.62786865234375,64.6280746459961,1803.870361328125,3595.874755859375,1793.5201416015625,3577.30859375,278.40460205078125,46.47630310058594,3.288428445102909e-07,0,0,2595.0400390625,1266.9312744140625,0,-5.413074859461631e-07,2655.883544921875,11.768645286560059,11.777199745178223,902.5636596679688,1800.0098876953125,49.66885757446289,49.71630859375,100,0,0,342.7781677246094,0,7.924896240234375,21.42598533630371,21.46426773071289,0,1.034000039100647,0.9067617654800415,50,2.799999952316284,2.369910955429077,0,0,0,0,1176.9999527455907,0,0,0,0.2736603021621704,0.016500670462846756,-0.29015931487083435,1.6647391021251678e-06,98.1658706665039,98.18423461914062,775.5247192382812,775.5391845703125,775.5391845703125,540.0147705078125,0,0,-5.413074859461631e-07,0.0010999999940395355,0.02200000174343586,0.03299999609589577,0.04399999603629112,5655.8173828125,114276.53125,0.0429663360118866,0,3.1392715754918754e-05,339.5801696777344,0,0.0002616529818624258,2.8350639695418067e-05,0,0,23.700000762939453,0,0,1600,0,50,0,0,0,50,50,800,0.0,0.0,0.0,0.0
187,151.18881225585938,304.4491271972656,321.33380126953125,321.29437255859375,287.8381042480469,287.8775634765625,16726.048828125,33446.79296875,64.60159301757812,64.60179901123047,1803.8997802734375,3595.945068359375,1793.519775390625,3577.30908203125,278.37078857421875,46.3908805847168,-2.674198640306713e-06,0,0,2595.134521484375,1266.7706298828125,0,-5.413074859461631e-07,2655.877685546875,11.768725395202637,11.777226448059082,902.5548706054688,1799.9931640625,49.6698112487793,49.71669387817383,100,0,0,342.7602844238281,0,7.924896240234375,21.426494598388672,21.46592903137207,0,1.034000039100647,0.9067617654800415,50,2.799999952316284,2.3699092864990234,0,0,0,0,1176.9999527455907,0,0,0,0.27519237995147705,0.016535932198166847,-0.29171931743621826,8.992013135866728e-06,98.1665267944336,98.18402099609375,775.496826171875,775.5106201171875,775.5106201171875,539.9867553710938,0,0,-5.413074859461631e-07,0.0010999999940395355,0.02200000174343586,0.03299999609589577,0.04399999603629112,5655.8173828125,114276.53125,0.0429663360118866,0,3.1392715754918754e-05,341.4009704589844,0,0.0002616529818624258,2.8350639695418067e-05,0,0,23.700000762939453,0,0,1600,0,50,0,0,0,50,50,800,0.0,0.0,0.0,0.0
188,151.15585327148438,304.4216003417969,321.3154296875,321.2746276855469,287.80169677734375,287.842529296875,16726.048828125,33458.05859375,64.5752944946289,64.57550811767578,1803.9312744140625,3596.016357421875,1793.4365234375,3577.392822265625,278.33697509765625,46.30552673339844,4.780899871548172e-06,0,0,2595.228759765625,1266.6171875,0,-5.413074859461631e-07,2655.879638671875,11.768807411193848,11.777252197265625,902.5487670898438,1800.1019287109375,49.67076110839844,49.71698760986328,100,0,0,342.7424011230469,0,7.924896240234375,21.426969528198242,21.46776008605957,0,1.034000039100647,0.9067617654800415,50,2.799999952316284,2.3703935146331787,0,0,0,0,1176.9999527455907,0,0,0,0.2767234444618225,0.01656951755285263,-0.2932792901992798,1.3675075024366379e-05,98.1673812866211,98.18408966064453,775.4702758789062,775.4833984375,775.4833984375,539.9594116210938,0,0,-5.413074859461631e-07,0.0010999999940395355,0.02200000174343586,0.03299999609589577,0.04399999603629112,5655.8173828125,114276.53125,0.0429663360118866,0,3.1392715754918754e-05,343.2217712402344,0,0.0002616529818624258,2.8350639695418067e-05,0,0,23.700000762939453,0,0,1600,0,50,0,0,0,50,50,800,0.0,0.0,0.0,0.0
189,151.12289428710938,304.39398193359375,321.2970275878906,321.2547607421875,287.7652282714844,287.80755615234375,16726.048828125,33458.05859375,64.54899597167969,64.54920196533203,1803.952880859375,3596.096923828125,1793.4208984375,3577.407958984375,278.30322265625,46.220272064208984,-4.565004928736016e-06,0,0,2595.322998046875,1266.4659423828125,0,-5.413074859461631e-07,2655.88818359375,11.768893241882324,11.7772798538208,902.5348510742188,1800.088134765625,49.67064666748047,49.71779251098633,100,0,0,342.7244873046875,0,7.924896240234375,21.42744255065918,21.4697265625,0,1.034000039100647,0.9067617654800415,50,2.799999952316284,2.3703787326812744,0,0,0,0,1176.9999527455907,0,0,0,0.2782573401927948,0.016601677983999252,-0.2948392927646637,1.974320002773311e-05,98.1683578491211,98.18441009521484,775.4447631835938,775.4573974609375,775.4573974609375,539.9326171875,0,0,-5.413074859461631e-07,0.0010999999940395355,0.02200000174343586,0.03299999609589577,0.04399999603629112,5655.8173828125,114276.53125,0.0429663360118866,0,3.1392715754918754e-05,345.0425720214844,0,0.0002616529818624258,2.8350639695418067e-05,0,0,23.700000762939453,0,0,1600,0,50,0,0,0,50,50,800,0.0,0.0,0.0,0.0
190,151.08985900878906,304.3661804199219,321.2727966308594,321.2350769042969,287.73455810546875,287.77227783203125,16768.298828125,33458.05859375,64.52311706542969,64.52323913574219,1804.088623046875,3596.060302734375,1794.1300048828125,3576.69921875,278.26947021484375,46.13505554199219,2.534903387640952e-06,0,0,2595.4169921875,1266.506591796875,0,-5.413074859461631e-07,2655.90283203125,11.768970489501953,11.777318000793457,902.9991455078125,1800.029052734375,49.67815399169922,49.714805603027344,100,0,0,342.70660400390625,0,7.924896240234375,21.433818817138672,21.471525192260742,0,1.034000039100647,0.9067617654800415,50,2.799999952316284,2.3722057342529297,0,0,0,0,1176.9999527455907,0,0,0,0.27980154752731323,0.016632582992315292,-0.2963992655277252,3.48602443409618e-05,98.16951751708984,98.18494415283203,775.4202270507812,775.432373046875,775.432373046875,539.9063110351562,0,0,-5.413074859461631e-07,0.0010999999940395355,0.02200000174343586,0.03299999609589577,0.04399999603629112,5655.8173828125,114276.53125,0.0429663360118866,0,3.1392715754918754e-05,346.8633728027344,0,0.0002616529818624258,2.8350639695418067e-05,0,0,23.700000762939453,0,0,1600,0,50,0,0,0,50,50,800,0.0,0.0,0.0,0.0
191,151.05665588378906,304.3382263183594,321.24957275390625,321.2155456542969,287.7026672363281,287.7367248535156,16768.298828125,33458.05859375,64.49703216552734,64.49715423583984,1804.115478515625,3596.13623046875,1794.1661376953125,3576.662841796875,278.2356262207031,46.04955291748047,-2.033566261161468e-06,0,0,2595.511962890625,1266.3543701171875,0,-5.413074859461631e-07,2655.92724609375,11.769033432006836,11.777368545532227,902.9741821289062,1799.9483642578125,49.68025207519531,49.71445846557617,100,0,0,342.6885986328125,0,7.924896240234375,21.43903923034668,21.473051071166992,0,1.034000039100647,0.9067617654800415,50,2.799999952316284,2.3721764087677,0,0,0,0,1176.9999527455907,0,0,0,0.281354159116745,0.016661813482642174,-0.29795926809310913,5.672946645063348e-05,98.17216491699219,98.18585205078125,775.3978881835938,775.40869140625,775.40869140625,539.8804321289062,0,0,-5.413074859461631e-07,0.0010999999940395355,0.02200000174343586,0.03299999609589577,0.04399999603629112,5655.8173828125,114276.53125,0.0429663360118866,0,3.1392715754918754e-05,348.6841735839844,0,0.0002616529818624258,2.8350639695418067e-05,0,0,23.700000762939453,0,0,1600,0,50,0,0,0,50,50,800,0.0,0.0,0.0,0.0
192,151.02346801757812,304.310302734375,321.2270812988281,321.1953430175781,287.669921875,287.7016906738281,16768.298828125,33469.36328125,64.47091674804688,64.4710464477539,1804.136962890625,3596.22314453125,1794.071044921875,3576.758056640625,278.2017822265625,45.96406173706055,-4.859012278757291e-06,0,0,2595.60693359375,1266.2027587890625,0,-5.413074859461631e-07,2655.967529296875,11.769097328186035,11.77741813659668,902.9439086914062,1800.0172119140625,49.67990493774414,49.71516799926758,100,0,0,342.67059326171875,0,7.924896240234375,21.44351577758789,21.47525405883789,0,1.034000039100647,0.9067617654800415,50,2.799999952316284,2.372626543045044,0,0,0,0,1176.9999527455907,0,0,0,0.2829020619392395,0.016687441617250443,-0.29951924085617065,7.025078230071813e-05,98.17562103271484,98.18733978271484,775.3787231445312,775.387939453125,775.387939453125,539.8560791015625,0,0,-5.413074859461631e-07,0.0010999999940395355,0.02200000174343586,0.03299999609589577,0.04399999603629112,5655.8173828125,114276.53125,0.0429663360118866,0,3.1392715754918754e-05,350.5049743652344,0,0.0002616529818624258,2.8350639695418067e-05,0,0,23.700000762939453,0,0,1600,0,50,0,0,0,50,50,800,0.0,0.0,0.0,0.0
193,150.99034118652344,304.282470703125,321.2052307128906,321.17535400390625,287.6364440917969,287.6663513183594,16768.298828125,33469.36328125,64.44467163085938,64.4448013305664,1804.1788330078125,3596.294921875,1794.065673828125,3576.763427734375,278.16796875,45.878662109375,-4.376006927486742e-06,0,0,2595.701416015625,1266.0516357421875,0,-5.413074859461631e-07,2656.024658203125,11.769165992736816,11.777467727661133,902.91796875,1799.9686279296875,49.68010330200195,49.7154541015625,100,0,0,342.652587890625,0,7.924896240234375,21.4473819732666,21.47725486755371,0,1.034000039100647,0.9067617654800415,50,2.799999952316284,2.372568130493164,0,0,0,0,1176.9999527455907,0,0,0,0.2844451665878296,0.016709385439753532,-0.30107924342155457,7.532127347076312e-05,98.17932891845703,98.189453125,775.3621826171875,775.3701782226562,775.3701782226562,539.833251953125,0,0,-5.413074859461631e-07,0.0010999999940395355,0.02200000174343586,0.03299999609589577,0.04399999603629112,5655.8173828125,114276.53125,0.0429663360118866,0,3.1392715754918754e-05,352.3257751464844,0,0.0002616529818624258,2.8350639695418067e-05,0,0,23.700000762939453,0,0,1600,0,50,0,0,0,50,50,800,0.0,0.0,0.0,0.0
194,150.95755004882812,304.2547302246094,321.18389892578125,321.15557861328125,287.6024169921875,287.6307678222656,16768.298828125,33469.36328125,64.41831970214844,64.41844940185547,1804.2222900390625,3596.36865234375,1794.0657958984375,3576.762939453125,278.13421630859375,45.79347229003906,-3.844779712380841e-06,0,0,2590.305419921875,1265.8994140625,0,-5.413074859461631e-07,2656.093505859375,11.769232749938965,11.777518272399902,902.9034423828125,1799.9393310546875,49.680397033691406,49.715553283691406,100,0,0,342.6347351074219,0,7.924896240234375,21.45083999633789,21.479154586791992,0,1.034000039100647,0.9067617654800415,50,2.799999952316284,2.3724992275238037,0,0,0,0,1176.9999527455907,0,0,0,0.2859816551208496,0.01672864891588688,-0.3026392161846161,7.108738645911217e-05,98.1825942993164,98.1919937133789,775.34716796875,775.3545532226562,775.3545532226562,539.8115844726562,0,0,-5.413074859461631e-07,0.0010999999940395355,0.02200000174343586,0.03299999609589577,0.04399999603629112,5655.8173828125,114276.53125,0.0429663360118866,0,3.1392715754918754e-05,354.1465759277344,0,0.0002616529818624258,2.8350639695418067e-05,0,0,23.700000762939453,0,0,1600,0,50,0,0,0,50,50,800,0.0,0.0,0.0,0.0
195,150.92483520507812,304.2270202636719,321.1631164550781,321.13525390625,287.56781005859375,287.5956726074219,16768.298828125,33480.6484375,64.39198303222656,64.39212799072266,1804.2508544921875,3596.4580078125,1793.968994140625,3576.85986328125,278.1005554199219,45.708526611328125,1.963740032806527e-06,0,0,2590.428955078125,1265.7476806640625,0,-5.413074859461631e-07,2656.166259765625,11.769302368164062,11.777566909790039,902.8888549804688,1800.04248046875,49.6798095703125,49.7160530090332,100,0,0,342.6169738769531,0,7.924896240234375,21.453857421875,21.48169708251953,0,1.034000039100647,0.9067617654800415,50,2.799999952316284,2.3729193210601807,0,0,0,0,1176.9999527455907,0,0,0,0.2875153124332428,0.01674690656363964,-0.30419921875,6.299978122115135e-05,98.1851577758789,98.19468688964844,775.332275390625,775.3397827148438,775.3397827148438,539.7903442382812,0,0,-5.413074859461631e-07,0.0010999999940395355,0.02200000174343586,0.03299999609589577,0.04399999603629112,5655.8173828125,114276.53125,0.0429663360118866,0,3.1392715754918754e-05,355.9673767089844,0,0.0002616529818624258,2.8350639695418067e-05,0,0,23.700000762939453,0,0,1600,0,50,0,0,0,50,50,800,0.0,0.0,0.0,0.0
196,150.89215087890625,304.1993713378906,321.1427307128906,321.1153259277344,287.5328063964844,287.56024169921875,16768.298828125,33480.6484375,64.36557006835938,64.36571502685547,1804.2928466796875,3596.530517578125,1793.966552734375,3576.862548828125,278.0669860839844,45.62370681762695,-4.961689228366595e-06,0,0,2590.552490234375,1265.5953369140625,0,-5.413074859461631e-07,2656.236328125,11.769376754760742,11.777615547180176,902.8780517578125,1800.024658203125,49.679988861083984,49.716224670410156,100,0,0,342.5992126464844,0,7.924896240234375,21.45650291442871,21.48390007019043,0,1.034000039100647,0.9067617654800415,50,2.799999952316284,2.372849225997925,0,0,0,0,1176.9999527455907,0,0,0,0.2890460789203644,0.01676575094461441,-0.3057591915130615,5.263239290798083e-05,98.1871337890625,98.19728088378906,775.3165283203125,775.3245239257812,775.3245239257812,539.7688598632812,0,0,-5.413074859461631e-07,0.0010999999940395355,0.02200000174343586,0.03299999609589577,0.04399999603629112,5655.8173828125,114276.53125,0.0429663360118866,0,3.1392715754918754e-05,357.7881774902344,0,0.0002616529818624258,2.8350639695418067e-05,0,0,23.700000762939453,0,0,1600,0,50,0,0,0,50,50,800,0.0,0.0,0.0,0.0
197,150.8595733642578,304.1717529296875,321.12274169921875,321.0956726074219,287.4974365234375,287.5245666503906,16768.298828125,33480.6484375,64.3390884399414,64.3392333984375,1804.3316650390625,3596.60107421875,1793.9630126953125,3576.86572265625,278.0334777832031,45.5390739440918,-4.689207798946882e-06,0,0,2590.675537109375,1265.44287109375,0,-5.413074859461631e-07,2656.300048828125,11.769452095031738,11.777666091918945,902.8733520507812,1800.015869140625,49.680397033691406,49.71637725830078,100,0,0,342.58148193359375,0,7.924896240234375,21.458740234375,21.4858341217041,0,1.034000039100647,0.9067617654800415,50,2.799999952316284,2.3727848529815674,0,0,0,0,1176.9999527455907,0,0,0,0.2905721366405487,0.016785936430096626,-0.30731919407844543,3.8897993363207206e-05,98.18846130371094,98.19963073730469,775.2993774414062,775.3081665039062,775.3081665039062,539.746826171875,0,0,-5.413074859461631e-07,0.0010999999940395355,0.02200000174343586,0.03299999609589577,0.04399999603629112,5655.8173828125,114276.53125,0.0429663360118866,0,3.1392715754918754e-05,359.6089782714844,0,0.0002616529818624258,2.8350639695418067e-05,0,0,23.700000762939453,0,0,1600,0,50,0,0,0,50,50,800,0.0,0.0,0.0,0.0
198,150.8270721435547,304.1441955566406,321.10308837890625,321.07586669921875,287.4617614746094,287.489013671875,16768.298828125,33491.96875,64.3125991821289,64.31275177001953,1804.3690185546875,3596.66796875,1793.8876953125,3576.941162109375,278.00006103515625,45.45466995239258,-1.4634648550782003e-06,0,0,2590.79833984375,1265.289794921875,0,-5.413074859461631e-07,2656.353759765625,11.769527435302734,11.777715682983398,902.8739624023438,1800.13525390625,49.68092727661133,49.71657943725586,100,0,0,342.5638732910156,0,7.924896240234375,21.46077537536621,21.488004684448242,0,1.034000039100647,0.9067617654800415,50,2.799999952316284,2.373223066329956,0,0,0,0,1176.9999527455907,0,0,0,0.2920953631401062,0.016808297485113144,-0.30887916684150696,2.449285238981247e-05,98.18911743164062,98.20161437988281,775.2802124023438,775.2901000976562,775.2901000976562,539.7239990234375,0,0,-5.413074859461631e-07,0.0010999999940395355,0.02200000174343586,0.03299999609589577,0.04399999603629112,5655.8173828125,114276.53125,0.0429663360118866,0,3.1392715754918754e-05,361.4297790527344,0,0.0002616529818624258,2.8350639695418067e-05,0,0,23.700000762939453,0,0,1600,0,50,0,0,0,50,50,800,0.0,0.0,0.0,0.0
199,150.79457092285156,304.1165466308594,321.08367919921875,321.0559997558594,287.4258728027344,287.4535827636719,16768.298828125,33491.96875,64.28611755371094,64.2862777709961,1804.3914794921875,3596.740966796875,1793.8663330078125,3576.962646484375,277.9666748046875,45.37041091918945,2.569102889538044e-06,0,0,2590.9208984375,1265.1375732421875,0,-5.413074859461631e-07,2656.39501953125,11.769611358642578,11.777767181396484,902.8653564453125,1800.13623046875,49.68056106567383,49.7174186706543,100,0,0,342.5462341308594,0,7.924896240234375,21.46253776550293,21.49024200439453,0,1.034000039100647,0.9067617654800415,50,2.799999952316284,2.373178482055664,0,0,0,0,1176.9999527455907,0,0,0,0.29362136125564575,0.016833340749144554,-0.31043916940689087,1.553837319079321e-05,98.18922424316406,98.20314025878906,775.2587890625,775.269775390625,775.269775390625,539.7000732421875,0,0,-5.413074859461631e-07,0.0010999999940395355,0.02200000174343586,0.03299999609589577,0.04399999603629112,5655.8173828125,114276.53125,0.0429663360118866,0,3.1392715754918754e-05,363.2505798339844,0,0.0002616529818624258,2.8350639695418067e-05,0,0,23.700000762939453,0,0,1600,0,50,0,0,0,50,50,800,0.0,0.0,0.0,0.0
200,150.76210021972656,304.0889587402344,321.0645446777344,321.0364685058594,287.3897399902344,287.4178466796875,16768.298828125,33491.96875,64.25957489013672,64.25973510742188,1804.42041015625,3596.801513671875,1793.864501953125,3576.964599609375,277.933349609375,45.286224365234375,-3.630651690400555e-06,0,0,2591.043212890625,1264.984619140625,0,-5.413074859461631e-07,2656.424072265625,11.769694328308105,11.777817726135254,902.8653564453125,1800.1343994140625,49.68126678466797,49.71784973144531,100,0,0,342.5285949707031,0,7.924896240234375,21.46406364440918,21.49213981628418,0,1.034000039100647,0.9067617654800415,50,2.799999952316284,2.3731448650360107,0,0,0,0,1176.9999527455907,0,0,0,0.2951444983482361,0.01686106249690056,-0.3119991421699524,6.415602001652587e-06,98.18910217285156,98.20421600341797,775.2354736328125,775.2473754882812,775.2473754882812,539.675048828125,0,0,-5.413074859461631e-07,0.0010999999940395355,0.02200000174343586,0.03299999609589577,0.04399999603629112,5655.8173828125,114276.53125,0.0429663360118866,0,3.1392715754918754e-05,365.0713806152344,0,0.0002616529818624258,2.8350639695418067e-05,0,0,23.700000762939453,0,0,1600,0,50,0,0,0,50,50,800,0.0,0.0,0.0,0.0
201,150.72967529296875,304.06134033203125,321.0455322265625,321.0167541503906,287.35345458984375,287.38226318359375,16768.298828125,33503.26953125,64.23303985595703,64.23321533203125,1804.4483642578125,3596.856689453125,1793.784423828125,3577.044677734375,277.9000549316406,45.202171325683594,-1.308692958446045e-07,0,0,2591.165283203125,1264.831298828125,0,-5.413074859461631e-07,2656.443115234375,11.769779205322266,11.777870178222656,902.86669921875,1800.2579345703125,49.68213653564453,49.71834182739258,100,0,0,342.510986328125,0,7.924896240234375,21.4654541015625,21.494243621826172,0,1.034000039100647,0.9067617654800415,50,2.799999952316284,2.373612880706787,0,0,0,0,1176.9999527455907,0,0,0,0.29666668176651,0.016890963539481163,-0.3135591447353363,-1.496449158366886e-06,98.18871307373047,98.20491790771484,775.2103881835938,775.22314453125,775.22314453125,539.6491088867188,0,0,-5.413074859461631e-07,0.0010999999940395355,0.02200000174343586,0.03299999609589577,0.04399999603629112,5655.8173828125,114276.53125,0.0429663360118866,0,3.1392715754918754e-05,366.8921813964844,0,0.0002616529818624258,2.8350639695418067e-05,0,0,23.700000762939453,0,0,1600,0,50,0,0,0,50,50,800,0.0,0.0,0.0,0.0
202,150.69720458984375,304.03363037109375,321.0267028808594,320.9969482421875,287.3170166015625,287.3468017578125,16768.298828125,33503.26953125,64.20651245117188,64.20668029785156,1804.463623046875,3596.918701171875,1793.766357421875,3577.062744140625,277.8667907714844,45.118194580078125,4.353333224571543e-06,0,0,2591.287353515625,1264.6783447265625,0,-5.413074859461631e-07,2656.452880859375,11.769869804382324,11.777921676635742,902.857666015625,1800.2532958984375,49.68207931518555,49.71940994262695,100,0,0,342.493408203125,0,7.924896240234375,21.46670913696289,21.49644660949707,0,1.034000039100647,0.9067617654800415,50,2.799999952316284,2.37359619140625,0,0,0,0,1176.9999527455907,0,0,0,0.29819536209106445,0.016922956332564354,-0.3151191174983978,-8.075498385551327e-07,98.1882553100586,98.20528411865234,775.1837768554688,775.1972045898438,775.1972045898438,539.622314453125,0,0,-5.413074859461631e-07,0.0010999999940395355,0.02200000174343586,0.03299999609589577,0.04399999603629112,5655.8173828125,114276.53125,0.0429663360118866,0,3.1392715754918754e-05,368.7129821777344,0,0.0002616529818624258,2.8350639695418067e-05,0,0,23.700000762939453,0,0,1600,0,50,0,0,0,50,50,800,0.0,0.0,0.0,0.0
203,150.6647186279297,304.00592041015625,321.0079345703125,320.9774169921875,287.2804260253906,287.31103515625,16768.298828125,33503.26953125,64.17991638183594,64.18009185791016,1804.485595703125,3596.97021484375,1793.765869140625,3577.06298828125,277.83355712890625,45.034217834472656,-1.798198923097516e-06,0,0,2591.409423828125,1264.5252685546875,0,-5.413074859461631e-07,2656.457275390625,11.7699613571167,11.777974128723145,902.8535766601562,1800.2457275390625,49.68309020996094,49.72002410888672,100,0,0,342.47576904296875,0,7.924896240234375,21.46782875061035,21.49834632873535,0,1.034000039100647,0.9067617654800415,50,2.799999952316284,2.373584747314453,0,0,0,0,1176.9999527455907,0,0,0,0.2997211813926697,0.01695629209280014,-0.31667912006378174,-1.6247853409367963e-06,98.18815612792969,98.2054443359375,775.1566162109375,775.1702270507812,775.1702270507812,539.5950317382812,0,0,-5.413074859461631e-07,0.0010999999940395355,0.02200000174343586,0.03299999609589577,0.04399999603629112,5655.8173828125,114276.53125,0.0429663360118866,0,3.1392715754918754e-05,370.5337829589844,0,0.0002616529818624258,2.8350639695418067e-05,0,0,23.700000762939453,0,0,1600,0,50,0,0,0,50,50,800,0.0,0.0,0.0,0.0
204,150.63223266601562,303.97821044921875,320.9893493652344,320.9581298828125,287.2436828613281,287.2749938964844,16768.298828125,33503.26953125,64.15326690673828,64.15343475341797,1804.508056640625,3597.019287109375,1793.76416015625,3577.064697265625,277.8003234863281,44.9503173828125,3.670423893709085e-06,0,0,2591.531494140625,1264.3714599609375,0,-5.413074859461631e-07,2656.459228515625,11.770051956176758,11.778026580810547,902.8534545898438,1800.2481689453125,49.68415451049805,49.72063446044922,100,0,0,342.4581298828125,0,7.924896240234375,21.468778610229492,21.50000762939453,0,1.034000039100647,0.9067617654800415,50,2.799999952316284,2.373575210571289,0,0,0,0,1176.9999527455907,0,0,0,0.3012460470199585,0.016990045085549355,-0.31823909282684326,-2.992898316733772e-06,98.1879653930664,98.20551300048828,775.1290893554688,775.1428833007812,775.1428833007812,539.5675048828125,0,0,-5.413074859461631e-07,0.0010999999940395355,0.02200000174343586,0.03299999609589577,0.04399999603629112,5655.8173828125,114276.53125,0.0429663360118866,0,3.1392715754918754e-05,372.3545837402344,0,0.0002616529818624258,2.8350639695418067e-05,0,0,23.700000762939453,0,0,1600,0,50,0,0,0,50,50,800,0.0,0.0,0.0,0.0
205,150.59971618652344,303.950439453125,320.9708557128906,320.9382629394531,287.2068786621094,287.239501953125,16768.298828125,33514.59765625,64.12667083740234,64.12686157226562,1804.515869140625,3597.079833984375,1793.671630859375,3577.157470703125,277.7671203613281,44.86650085449219,6.497479603240208e-07,0,0,2591.653564453125,1264.2177734375,0,-5.413074859461631e-07,2656.459228515625,11.770146369934082,11.77807903289795,902.8482666015625,1800.3677978515625,49.68439483642578,49.721702575683594,100,0,0,342.44049072265625,0,7.924896240234375,21.46965980529785,21.50224494934082,0,1.034000039100647,0.9067617654800415,50,2.799999952316284,2.37406063079834,0,0,0,0,1176.9999527455907,0,0,0,0.302773654460907,0.017024299129843712,-0.3197990953922272,-1.1271797575318487e-06,98.18779754638672,98.20551300048828,775.1011962890625,775.1151733398438,775.1151733398438,539.5397338867188,0,0,-5.413074859461631e-07,0.0010999999940395355,0.02200000174343586,0.03299999609589577,0.04399999603629112,5655.8173828125,114276.53125,0.0429663360118866,0,3.1392715754918754e-05,374.1753845214844,0,0.0002616529818624258,2.8350639695418067e-05,0,0,23.700000762939453,0,0,1600,0,50,0,0,0,50,50,800,0.0,0.0,0.0,0.0
206,150.56716918945312,303.9226379394531,320.9523620605469,320.918701171875,287.16998291015625,287.2036437988281,16768.298828125,33514.59765625,64.10002136230469,64.10021209716797,1804.5367431640625,3597.125732421875,1793.6668701171875,3577.162353515625,277.7339172363281,44.78266143798828,4.778760285262251e-06,0,0,2591.775634765625,1264.0643310546875,0,-5.413074859461631e-07,2656.458740234375,11.770243644714355,11.778130531311035,902.8414306640625,1800.361572265625,49.68531799316406,49.72244644165039,100,0,0,342.4228210449219,0,7.924896240234375,21.47047233581543,21.5041446685791,0,1.034000039100647,0.9067617654800415,50,2.799999952316284,2.3740530014038086,0,0,0,0,1176.9999527455907,0,0,0,0.3043021559715271,0.01705872267484665,-0.3213590681552887,1.8172897853219183e-06,98.18791198730469,98.20549774169922,775.073486328125,775.0872802734375,775.0872802734375,539.511962890625,0,0,-5.413074859461631e-07,0.0010999999940395355,0.02200000174343586,0.03299999609589577,0.04399999603629112,5655.8173828125,114276.53125,0.0429663360118866,0,3.1392715754918754e-05,375.9961853027344,0,0.0002616529818624258,2.8350639695418067e-05,0,0,23.700000762939453,0,0,1600,0,50,0,0,0,50,50,800,0.0,0.0,0.0,0.0
207,150.53460693359375,303.89483642578125,320.9339599609375,320.89935302734375,287.13299560546875,287.16754150390625,16768.298828125,33514.59765625,64.07331085205078,64.07349395751953,1804.557373046875,3597.171875,1793.6650390625,3577.163818359375,277.70074462890625,44.6988525390625,2.9200996323197614e-06,0,0,2591.897705078125,1263.909912109375,0,-5.413074859461631e-07,2656.4599609375,11.770341873168945,11.778182983398438,902.8397827148438,1800.3560791015625,49.686485290527344,49.723052978515625,100,0,0,342.4051818847656,0,7.924896240234375,21.471220016479492,21.50580596923828,0,1.034000039100647,0.9067617654800415,50,2.799999952316284,2.3740439414978027,0,0,0,0,1176.9999527455907,0,0,0,0.3058296740055084,0.017092810943722725,-0.3229190707206726,3.419071617827285e-06,98.18814849853516,98.2055435180664,775.0460205078125,775.0596923828125,775.0596923828125,539.4841918945312,0,0,-5.413074859461631e-07,0.0010999999940395355,0.02200000174343586,0.03299999609589577,0.04399999603629112,5655.8173828125,114276.53125,0.0429663360118866,0,3.1392715754918754e-05,377.8169860839844,0,0.0002616529818624258,2.8350639695418067e-05,0,0,23.700000762939453,0,0,1600,0,50,0,0,0,50,50,800,0.0,0.0,0.0,0.0
208,150.50204467773438,303.8669128417969,320.9155578613281,320.8794250488281,287.09588623046875,287.1319580078125,16768.298828125,33525.90234375,64.04666137695312,64.0468521118164,1804.5628662109375,3597.231689453125,1793.571044921875,3577.25830078125,277.6675720214844,44.61511993408203,2.0458594462979818e-06,0,0,2592.019775390625,1263.755615234375,0,-5.413074859461631e-07,2656.462890625,11.770442008972168,11.77823543548584,902.8330078125,1800.4754638671875,49.686771392822266,49.724098205566406,100,0,0,342.38751220703125,0,7.924896240234375,21.47193145751953,21.50807762145996,0,1.034000039100647,0.9067617654800415,50,2.799999952316284,2.374525308609009,0,0,0,0,1176.9999527455907,0,0,0,0.30736178159713745,0.01712656207382679,-0.32447904348373413,9.295903510064818e-06,98.18848419189453,98.20565032958984,775.0188598632812,775.0323486328125,775.0323486328125,539.4566040039062,0,0,-5.413074859461631e-07,0.0010999999940395355,0.02200000174343586,0.03299999609589577,0.04399999603629112,5655.8173828125,114276.53125,0.0429663360118866,0,3.1392715754918754e-05,379.6377868652344,0,0.0002616529818624258,2.8350639695418067e-05,0,0,23.700000762939453,0,0,1600,0,50,0,0,0,50,50,800,0.0,0.0,0.0,0.0
209,150.46942138671875,303.8389892578125,320.8971862792969,320.85980224609375,287.0587158203125,287.09600830078125,16768.298828125,33525.90234375,64.01993560791016,64.02013397216797,1804.5823974609375,3597.276611328125,1793.5677490234375,3577.26123046875,277.6344299316406,44.53136444091797,-2.314427320015966e-06,0,0,2592.141845703125,1263.6015625,0,-5.413074859461631e-07,2656.46875,11.770545959472656,11.778287887573242,902.8236694335938,1800.46142578125,49.68777084350586,49.72478103637695,100,0,0,342.3698425292969,0,7.924896240234375,21.47264289855957,21.51004409790039,0,1.034000039100647,0.9067617654800415,50,2.799999952316284,2.374511957168579,0,0,0,0,1176.9999527455907,0,0,0,0.3088947534561157,0.017159728333353996,-0.32603904604911804,1.5439092749147676e-05,98.18924713134766,98.20587158203125,774.992431640625,775.0054931640625,775.0054931640625,539.4292602539062,0,0,-5.413074859461631e-07,0.0010999999940395355,0.02200000174343586,0.03299999609589577,0.04399999603629112,5655.8173828125,114276.53125,0.0429663360118866,0,3.1392715754918754e-05,381.4585876464844,0,0.0002616529818624258,2.8350639695418067e-05,0,0,23.700000762939453,0,0,1600,0,50,0,0,0,50,50,800,0.0,0.0,0.0,0.0
210,150.436767578125,303.81103515625,320.8788146972656,320.84039306640625,287.0214538574219,287.059814453125,16768.298828125,33525.90234375,63.99314880371094,63.993343353271484,1804.601318359375,3597.324462890625,1793.5673828125,3577.261962890625,277.60125732421875,44.4476318359375,-3.1886675060377456e-06,0,0,2592.26416015625,1263.4468994140625,0,-5.413074859461631e-07,2656.48046875,11.770649909973145,11.778340339660645,902.8193969726562,1800.4537353515625,49.68891525268555,49.72532272338867,100,0,0,342.35211181640625,0,7.924896240234375,21.47328758239746,21.51170539855957,0,1.034000039100647,0.9067617654800415,50,2.799999952316284,2.3744935989379883,0,0,0,0,1176.9999527455907,0,0,0,0.3104267716407776,0.017191722989082336,-0.32759907841682434,1.9402988982619718e-05,98.19024658203125,98.206298828125,774.9669799804688,774.9796142578125,774.9796142578125,539.4022827148438,0,0,-5.413074859461631e-07,0.0010999999940395355,0.02200000174343586,0.03299999609589577,0.04399999603629112,5655.8173828125,114276.53125,0.0429663360118866,0,3.1392715754918754e-05,383.2793884277344,0,0.0002616529818624258,2.8350639695418067e-05,0,0,23.700000762939453,0,0,1600,0,50,0,0,0,50,50,800,0.0,0.0,0.0,0.0
211,150.4040985107422,303.7831115722656,320.8604736328125,320.82080078125,286.984130859375,287.0237731933594,16768.298828125,33537.24609375,63.96635055541992,63.966552734375,1804.620361328125,3597.373291015625,1793.4864501953125,3577.3427734375,277.568115234375,44.363922119140625,-5.768611117673572e-07,0,0,2592.38623046875,1263.29150390625,0,-5.413074859461631e-07,2656.496826171875,11.770752906799316,11.778392791748047,902.8176879882812,1800.5721435546875,49.69002151489258,49.725826263427734,100,0,0,342.33441162109375,0,7.924896240234375,21.47393226623535,21.51360511779785,0,1.034000039100647,0.9067617654800415,50,2.799999952316284,2.3749637603759766,0,0,0,0,1176.9999527455907,0,0,0,0.31195777654647827,0.017222627997398376,-0.32915911078453064,2.128929008904379e-05,98.19129943847656,98.2069091796875,774.9423217773438,774.95458984375,774.95458984375,539.3758544921875,0,0,-5.413074859461631e-07,0.0010999999940395355,0.02200000174343586,0.03299999609589577,0.04399999603629112,5655.8173828125,114276.53125,0.0429663360118866,0,3.1392715754918754e-05,385.1001892089844,0,0.0002616529818624258,2.8350639695418067e-05,0,0,23.700000762939453,0,0,1600,0,50,0,0,0,50,50,800,0.0,0.0,0.0,0.0
212,150.37135314941406,303.7550964355469,320.8421630859375,320.8010559082031,286.94671630859375,286.98779296875,16768.298828125,33537.24609375,63.939552307128906,63.93975830078125,1804.6280517578125,3597.430908203125,1793.466552734375,3577.36279296875,277.5349426269531,44.28022384643555,3.7779684589622775e-06,0,0,2592.508544921875,1263.1373291015625,0,-5.413074859461631e-07,2656.5166015625,11.770862579345703,11.77844524383545,902.8070068359375,1800.567138671875,49.69014358520508,49.72682571411133,100,0,0,342.3166198730469,0,7.924896240234375,21.47447395324707,21.51557159423828,0,1.034000039100647,0.9067617654800415,50,2.799999952316284,2.3749380111694336,0,0,0,0,1176.9999527455907,0,0,0,0.31349149346351624,0.017252864316105843,-0.33071914315223694,2.5218074370059185e-05,98.19236755371094,98.20763397216797,774.9180908203125,774.9301147460938,774.9301147460938,539.349609375,0,0,-5.413074859461631e-07,0.0010999999940395355,0.02200000174343586,0.03299999609589577,0.04399999603629112,5655.8173828125,114276.53125,0.0429663360118866,0,3.1392715754918754e-05,386.9209899902344,0,0.0002616529818624258,2.8350639695418067e-05,0,0,23.700000762939453,0,0,1600,0,50,0,0,0,50,50,800,0.0,0.0,0.0,0.0
213,150.33856201171875,303.7270812988281,320.8238525390625,320.78155517578125,286.90924072265625,286.9515075683594,16768.298828125,33537.24609375,63.91269302368164,63.91289520263672,1804.6436767578125,3597.483154296875,1793.465576171875,3577.363525390625,277.5018005371094,44.19647979736328,1.1607050964812515e-06,0,0,2592.63134765625,1262.9818115234375,0,-5.413074859461631e-07,2656.539794921875,11.77097225189209,11.778495788574219,902.802490234375,1800.5596923828125,49.69120407104492,49.72730255126953,100,0,0,342.2988586425781,0,7.924896240234375,21.475017547607422,21.517301559448242,0,1.034000039100647,0.9067617654800415,50,2.799999952316284,2.374908924102783,0,0,0,0,1176.9999527455907,0,0,0,0.3150242269039154,0.01728234440088272,-0.33227917551994324,2.7404632419347763e-05,98.19359588623047,98.20849609375,774.8944702148438,774.90625,774.90625,539.3236694335938,0,0,-5.413074859461631e-07,0.0010999999940395355,0.02200000174343586,0.03299999609589577,0.04399999603629112,5655.8173828125,114276.53125,0.0429663360118866,0,3.1392715754918754e-05,388.7417907714844,0,0.0002616529818624258,2.8350639695418067e-05,0,0,23.700000762939453,0,0,1600,0,50,0,0,0,50,50,800,0.0,0.0,0.0,0.0
214,150.3057403564453,303.6990661621094,320.80242919921875,320.76190185546875,286.8748779296875,286.9154052734375,16810.810546875,33548.5625,63.88611602783203,63.88624954223633,1804.6614990234375,3597.533447265625,1793.990478515625,3576.838623046875,277.4686279296875,44.11275863647461,2.0294883142923936e-06,0,0,2592.753662109375,1263.0223388671875,0,-5.413074859461631e-07,2656.566162109375,11.771079063415527,11.778548240661621,903.2562255859375,1800.6776123046875,49.69231414794922,49.72772216796875,100,0,0,342.28106689453125,0,7.924896240234375,21.47864532470703,21.5191650390625,0,1.034000039100647,0.9067617654800415,50,2.799999952316284,2.3772151470184326,0,0,0,0,1176.9999527455907,0,0,0,0.3165559470653534,0.017311155796051025,-0.33383917808532715,2.7914345992030576e-05,98.19483947753906,98.20947265625,774.8713989257812,774.8828735351562,774.8828735351562,539.2979736328125,0,0,-5.413074859461631e-07,0.0010999999940395355,0.02200000174343586,0.03299999609589577,0.04399999603629112,5655.8173828125,114276.53125,0.0429663360118866,0,3.1392715754918754e-05,390.5625915527344,0,0.0002616529818624258,2.8350639695418067e-05,0,0,23.700000762939453,0,0,1600,0,50,0,0,0,50,50,800,0.0,0.0,0.0,0.0
215,150.26979064941406,303.6705627441406,320.7786560058594,320.7419128417969,286.8426208496094,286.87939453125,16810.810546875,33548.5625,63.859676361083984,63.85979080200195,1804.7442626953125,3597.5107421875,1794.11083984375,3576.7177734375,277.4354248046875,44.02888870239258,1.5104383237485308e-06,0,0,2592.876953125,1262.8638916015625,0,-5.413074859461631e-07,2656.595947265625,11.771171569824219,11.778623580932617,903.2557983398438,1800.578857421875,49.700096130371094,49.72496032714844,100,0,0,342.26318359375,0,7.924896240234375,21.48454475402832,21.521268844604492,0,1.034000039100647,0.9067617654800415,50,2.799999952316284,2.377178907394409,0,0,0,0,1176.9999527455907,0,0,0,0.3181144595146179,0.017339548096060753,-0.33539921045303345,5.479594983626157e-05,98.19667053222656,98.2105712890625,774.8489990234375,774.8599243164062,774.8599243164062,539.2723388671875,0,0,-5.413074859461631e-07,0.0010999999940395355,0.02200000174343586,0.03299999609589577,0.04399999603629112,5655.8173828125,114276.53125,0.0429663360118866,0,3.1392715754918754e-05,392.3833923339844,0,0.0002616529818624258,2.8350639695418067e-05,0,0,23.700000762939453,0,0,1600,0,50,0,0,0,50,50,800,0.0,0.0,0.0,0.0
216,150.23117065429688,303.64202880859375,320.7557373046875,320.7220764160156,286.80938720703125,286.843017578125,16810.810546875,33548.5625,63.83305740356445,63.83317947387695,1804.7789306640625,3597.541748046875,1794.1160888671875,3576.712646484375,277.40203857421875,43.944549560546875,3.977578217018163e-06,0,0,2593.021240234375,1262.7091064453125,0,-5.413074859461631e-07,2656.637939453125,11.771260261535645,11.77869987487793,903.2222900390625,1800.5087890625,49.70117950439453,49.72538757324219,100,0,0,342.2421569824219,0,7.924896240234375,21.4864444732666,21.52008056640625,0,1.034000039100647,0.9067617654800415,50,2.799999952316284,2.3771309852600098,0,0,0,0,1176.9999527455907,0,0,0,0.31967195868492126,0.0173655953258276,-0.33695924282073975,7.832506526028737e-05,98.20034790039062,98.21212005615234,774.8295288085938,774.8388061523438,774.8388061523438,539.24755859375,0,0,-5.413074859461631e-07,0.0010999999940395355,0.02200000174343586,0.03299999609589577,0.04399999603629112,5655.8173828125,114276.53125,0.0429663360118866,0,3.1392715754918754e-05,394.2041931152344,0,0.0002616529818624258,2.8350639695418067e-05,0,0,23.700000762939453,0,0,1600,0,50,0,0,0,50,50,800,0.0,0.0,0.0,0.0
217,150.1927947998047,303.6136474609375,320.7334899902344,320.7019958496094,286.7753601074219,286.8068542480469,16810.810546875,33559.8828125,63.80636215209961,63.80649185180664,1804.8084716796875,3597.588134765625,1794.0355224609375,3576.793212890625,277.3688049316406,43.86064529418945,-1.7705417576507898e-06,0,0,2593.164794921875,1262.5543212890625,0,-5.413074859461631e-07,2656.698974609375,11.771346092224121,11.778772354125977,903.196533203125,1800.578857421875,49.70174789428711,49.725826263427734,100,0,0,342.2212829589844,0,7.924896240234375,21.48780059814453,21.51930046081543,0,1.034000039100647,0.9067617654800415,50,2.799999952316284,2.3775572776794434,0,0,0,0,1176.9999527455907,0,0,0,0.3212210237979889,0.017387371510267258,-0.33851927518844604,8.913678902899846e-05,98.20479583740234,98.2143783569336,774.8136596679688,774.8211669921875,774.8211669921875,539.2245483398438,0,0,-5.413074859461631e-07,0.0010999999940395355,0.02200000174343586,0.03299999609589577,0.04399999603629112,5655.8173828125,114276.53125,0.0429663360118866,0,3.1392715754918754e-05,396.0249938964844,0,0.0002616529818624258,2.8350639695418067e-05,0,0,23.700000762939453,0,0,1600,0,50,0,0,0,50,50,800,0.0,0.0,0.0,0.0
218,150.1544952392578,303.58526611328125,320.71185302734375,320.6817321777344,286.7406311035156,286.77069091796875,16810.810546875,33559.8828125,63.77960205078125,63.77973175048828,1804.8280029296875,3597.650146484375,1794.01904296875,3576.81005859375,277.335693359375,43.77699661254883,-4.983460826224473e-07,0,0,2593.3076171875,1262.399658203125,0,-5.413074859461631e-07,2656.777587890625,11.771438598632812,11.778844833374023,903.16845703125,1800.5384521484375,49.70122528076172,49.72663879394531,100,0,0,342.2004699707031,0,7.924896240234375,21.488615036010742,21.51872444152832,0,1.034000039100647,0.9067617654800415,50,2.799999952316284,2.377476453781128,0,0,0,0,1176.9999527455907,0,0,0,0.32276907563209534,0.017405211925506592,-0.34007930755615234,9.498577855993062e-05,98.20917510986328,98.21728515625,774.8003540039062,774.8067626953125,774.8067626953125,539.203125,0,0,-5.413074859461631e-07,0.0010999999940395355,0.02200000174343586,0.03299999609589577,0.04399999603629112,5655.8173828125,114276.53125,0.0429663360118866,0,3.1392715754918754e-05,397.8457946777344,0,0.0002616529818624258,2.8350639695418067e-05,0,0,23.700000762939453,0,0,1600,0,50,0,0,0,50,50,800,0.0,0.0,0.0,0.0
219,150.11631774902344,303.5570068359375,320.6907653808594,320.66180419921875,286.7053527832031,286.7342529296875,16810.810546875,33559.8828125,63.75273132324219,63.75286865234375,1804.8563232421875,3597.70751953125,1794.017578125,3576.8115234375,277.3026123046875,43.693511962890625,4.4857138163934e-06,0,0,2593.4501953125,1262.244140625,0,-5.413074859461631e-07,2656.867431640625,11.771529197692871,11.778915405273438,903.1533203125,1800.505615234375,49.701629638671875,49.726844787597656,100,0,0,342.1797180175781,0,7.924896240234375,21.48895263671875,21.517911911010742,0,1.034000039100647,0.9067617654800415,50,2.799999952316284,2.3773856163024902,0,0,0,0,1176.9999527455907,0,0,0,0.3243105411529541,0.017420455813407898,-0.34163931012153625,9.167083044303581e-05,98.21324157714844,98.22061157226562,774.78857421875,774.7943725585938,774.7943725585938,539.1827392578125,0,0,-5.413074859461631e-07,0.0010999999940395355,0.02200000174343586,0.03299999609589577,0.04399999603629112,5655.8173828125,114276.53125,0.0429663360118866,0,3.1392715754918754e-05,399.6665954589844,0,0.0002616529818624258,2.8350639695418067e-05,0,0,23.700000762939453,0,0,1600,0,50,0,0,0,50,50,800,0.0,0.0,0.0,0.0
220,150.07827758789062,303.52880859375,320.6701354980469,320.6417236328125,286.6695861816406,286.69793701171875,16810.810546875,33571.23828125,63.725833892822266,63.72597885131836,1804.8856201171875,3597.764892578125,1793.938720703125,3576.890380859375,277.2696533203125,43.610252380371094,1.206291699418216e-06,0,0,2593.591796875,1262.0887451171875,0,-5.413074859461631e-07,2656.96142578125,11.77161979675293,11.778986930847168,903.1431884765625,1800.609130859375,49.70201110839844,49.72701644897461,100,0,0,342.1590576171875,0,7.924896240234375,21.488920211791992,21.517333984375,0,1.034000039100647,0.9067617654800415,50,2.799999952316284,2.3777832984924316,0,0,0,0,1176.9999527455907,0,0,0,0.3258454501628876,0.017434775829315186,-0.34319934248924255,8.08869517641142e-05,98.2166519165039,98.22408294677734,774.7769775390625,774.7827758789062,774.7827758789062,539.162841796875,0,0,-5.413074859461631e-07,0.0010999999940395355,0.02200000174343586,0.03299999609589577,0.04399999603629112,5655.8173828125,114276.53125,0.0429663360118866,0,3.1392715754918754e-05,401.4873962402344,0,0.0002616529818624258,2.8350639695418067e-05,0,0,23.700000762939453,0,0,1600,0,50,0,0,0,50,50,800,0.0,0.0,0.0,0.0
221,150.040283203125,303.5006408691406,320.6498718261719,320.6215515136719,286.6334533691406,286.6617126464844,16810.810546875,33571.23828125,63.69892120361328,63.699066162109375,1804.9029541015625,3597.828857421875,1793.9207763671875,3576.907958984375,277.23675537109375,43.52716064453125,2.21974164560379e-06,0,0,2593.733154296875,1261.933349609375,0,-5.413074859461631e-07,2657.052978515625,11.771717071533203,11.779058456420898,903.1304931640625,1800.596923828125,49.70146560668945,49.72773742675781,100,0,0,342.1383972167969,0,7.924896240234375,21.48854637145996,21.51685905456543,0,1.034000039100647,0.9067617654800415,50,2.799999952316284,2.3776910305023193,0,0,0,0,1176.9999527455907,0,0,0,0.32737937569618225,0.0174495168030262,-0.34475937485694885,6.951466639293358e-05,98.21923828125,98.22746276855469,774.764404296875,774.7708740234375,774.7708740234375,539.142822265625,0,0,-5.413074859461631e-07,0.0010999999940395355,0.02200000174343586,0.03299999609589577,0.04399999603629112,5655.8173828125,114276.53125,0.0429663360118866,0,3.1392715754918754e-05,403.3081970214844,0,0.0002616529818624258,2.8350639695418067e-05,0,0,23.700000762939453,0,0,1600,0,50,0,0,0,50,50,800,0.0,0.0,0.0,0.0
222,150.0023651123047,303.4725341796875,320.6299743652344,320.6017150878906,286.5969543457031,286.62518310546875,16810.810546875,33571.23828125,63.671939849853516,63.67208480834961,1804.9268798828125,3597.88330078125,1793.9188232421875,3576.910400390625,277.2038879394531,43.44418716430664,-2.7037913241656497e-08,0,0,2593.8740234375,1261.77783203125,0,-5.413074859461631e-07,2657.13623046875,11.771815299987793,11.779128074645996,903.1253051757812,1800.589599609375,49.70197677612305,49.727989196777344,100,0,0,342.1178283691406,0,7.924896240234375,21.48786735534668,21.51611328125,0,1.034000039100647,0.9067617654800415,50,2.799999952316284,2.377606153488159,0,0,0,0,1176.9999527455907,0,0,0,0.3289085924625397,0.017466016113758087,-0.34631940722465515,5.521364801097661e-05,98.22117614746094,98.23054504394531,774.7501220703125,774.7575073242188,774.7575073242188,539.1220703125,0,0,-5.413074859461631e-07,0.0010999999940395355,0.02200000174343586,0.03299999609589577,0.04399999603629112,5655.8173828125,114276.53125,0.0429663360118866,0,3.1392715754918754e-05,405.1289978027344,0,0.0002616529818624258,2.8350639695418067e-05,0,0,23.700000762939453,0,0,1600,0,50,0,0,0,50,50,800,0.0,0.0,0.0,0.0
223,149.96449279785156,303.4444580078125,320.6103820800781,320.5813903808594,286.5601806640625,286.58917236328125,16810.810546875,33582.55078125,63.645015716552734,63.645172119140625,1804.9354248046875,3597.945068359375,1793.8233642578125,3577.005615234375,277.17108154296875,43.361366271972656,-3.0497659508910147e-07,0,0,2594.014892578125,1261.6221923828125,0,-5.413074859461631e-07,2657.2080078125,11.7719144821167,11.779200553894043,903.121337890625,1800.71142578125,49.701751708984375,49.72877502441406,100,0,0,342.0972900390625,0,7.924896240234375,21.48688507080078,21.51587677001953,0,1.034000039100647,0.9067617654800415,50,2.799999952316284,2.378021240234375,0,0,0,0,1176.9999527455907,0,0,0,0.33043500781059265,0.017484944313764572,-0.34787943959236145,4.051309224450961e-05,98.2222671508789,98.23320007324219,774.7335815429688,774.7421875,774.7421875,539.100341796875,0,0,-5.413074859461631e-07,0.0010999999940395355,0.02200000174343586,0.03299999609589577,0.04399999603629112,5655.8173828125,114276.53125,0.0429663360118866,0,3.1392715754918754e-05,406.9497985839844,0,0.0002616529818624258,2.8350639695418067e-05,0,0,23.700000762939453,0,0,1600,0,50,0,0,0,50,50,800,0.0,0.0,0.0,0.0
224,149.92662048339844,303.4163818359375,320.591064453125,320.56146240234375,286.523193359375,286.5527648925781,16810.810546875,33582.55078125,63.618038177490234,63.61819839477539,1804.9561767578125,3597.9873046875,1793.8173828125,3577.01171875,277.1383361816406,43.27860641479492,-1.922526053022011e-06,0,0,2594.1552734375,1261.466552734375,0,-5.413074859461631e-07,2657.265869140625,11.772019386291504,11.779271125793457,903.1171875,1800.70751953125,49.702369689941406,49.72930145263672,100,0,0,342.07672119140625,0,7.924896240234375,21.48566436767578,21.51526641845703,0,1.034000039100647,0.9067617654800415,50,2.799999952316284,2.3779590129852295,0,0,0,0,1176.9999527455907,0,0,0,0.33196038007736206,0.017506973817944527,-0.34943944215774536,2.7904659873456694e-05,98.22291564941406,98.23533630371094,774.714599609375,774.724365234375,774.724365234375,539.077392578125,0,0,-5.413074859461631e-07,0.0010999999940395355,0.02200000174343586,0.03299999609589577,0.04399999603629112,5655.8173828125,114276.53125,0.0429663360118866,0,3.1392715754918754e-05,408.7705993652344,0,0.0002616529818624258,2.8350639695418067e-05,0,0,23.700000762939453,0,0,1600,0,50,0,0,0,50,50,800,0.0,0.0,0.0,0.0
225,149.88877868652344,303.3883361816406,320.5719299316406,320.5418395996094,286.4860534667969,286.51611328125,16810.810546875,33582.55078125,63.591007232666016,63.59116744995117,1804.9730224609375,3598.02685546875,1793.8165283203125,3577.012451171875,277.1055908203125,43.19591522216797,-3.7176705518504605e-06,0,0,2594.29541015625,1261.310791015625,0,-5.413074859461631e-07,2657.310546875,11.772124290466309,11.779342651367188,903.116455078125,1800.7073974609375,49.7032356262207,49.729854583740234,100,0,0,342.0561828613281,0,7.924896240234375,21.48423957824707,21.51435089111328,0,1.034000039100647,0.9067617654800415,50,2.799999952316284,2.37790846824646,0,0,0,0,1176.9999527455907,0,0,0,0.333482950925827,0.017531847581267357,-0.35099947452545166,1.5314390111598186e-05,98.22313690185547,98.23699188232422,774.6932983398438,774.7042236328125,774.7042236328125,539.0532836914062,0,0,-5.413074859461631e-07,0.0010999999940395355,0.02200000174343586,0.03299999609589577,0.04399999603629112,5655.8173828125,114276.53125,0.0429663360118866,0,3.1392715754918754e-05,410.5914001464844,0,0.0002616529818624258,2.8350639695418067e-05,0,0,23.700000762939453,0,0,1600,0,50,0,0,0,50,50,800,0.0,0.0,0.0,0.0
226,149.85093688964844,303.3602600097656,320.5530090332031,320.521728515625,286.4486999511719,286.4800109863281,16810.810546875,33593.89453125,63.56405258178711,63.5642204284668,1804.9736328125,3598.0751953125,1793.722412109375,3577.1064453125,277.0728759765625,43.113304138183594,-3.94738708564546e-06,0,0,2594.435791015625,1261.1546630859375,0,-5.413074859461631e-07,2657.342041015625,11.77223014831543,11.779413223266602,903.1146850585938,1800.8363037109375,49.70338821411133,49.73091125488281,100,0,0,342.0356750488281,0,7.924896240234375,21.482646942138672,21.513944625854492,0,1.034000039100647,0.9067617654800415,50,2.799999952316284,2.3783605098724365,0,0,0,0,1176.9999527455907,0,0,0,0.33500632643699646,0.01755957119166851,-0.35255950689315796,6.386544555425644e-06,98.22281646728516,98.23815155029297,774.669677734375,774.6817626953125,774.6817626953125,539.028076171875,0,0,-5.413074859461631e-07,0.0010999999940395355,0.02200000174343586,0.03299999609589577,0.04399999603629112,5655.8173828125,114276.53125,0.0429663360118866,0,3.1392715754918754e-05,412.4122009277344,0,0.0002616529818624258,2.8350639695418067e-05,0,0,23.700000762939453,0,0,1600,0,50,0,0,0,50,50,800,0.0,0.0,0.0,0.0
227,149.8130340576172,303.3321228027344,320.5341796875,320.50189208984375,286.4113464355469,286.4436340332031,16810.810546875,33593.89453125,63.53704071044922,63.537208557128906,1804.9871826171875,3598.1044921875,1793.7197265625,3577.10888671875,277.0401306152344,43.030662536621094,1.8105695289705181e-06,0,0,2594.575927734375,1260.9986572265625,0,-5.413074859461631e-07,2657.36181640625,11.772340774536133,11.779484748840332,903.1101684570312,1800.83154296875,49.70439147949219,49.731693267822266,100,0,0,342.01507568359375,0,7.924896240234375,21.48091697692871,21.51319694519043,0,1.034000039100647,0.9067617654800415,50,2.799999952316284,2.3783321380615234,0,0,0,0,1176.9999527455907,0,0,0,0.3365324139595032,0.017589973285794258,-0.35411953926086426,2.8500332973635523e-06,98.2225341796875,98.23888397216797,774.6442260742188,774.6571655273438,774.6571655273438,539.001708984375,0,0,-5.413074859461631e-07,0.0010999999940395355,0.02200000174343586,0.03299999609589577,0.04399999603629112,5655.8173828125,114276.53125,0.0429663360118866,0,3.1392715754918754e-05,414.2330017089844,0,0.0002616529818624258,2.8350639695418067e-05,0,0,23.700000762939453,0,0,1600,0,50,0,0,0,50,50,800,0.0,0.0,0.0,0.0
228,149.77513122558594,303.3040466308594,320.5137023925781,320.4805908203125,286.3755798339844,286.40869140625,16810.810546875,33593.89453125,63.509971618652344,63.51013946533203,1804.997314453125,3598.1337890625,1793.720703125,3577.108154296875,277.0074157714844,42.94802474975586,-2.48620153797674e-06,0,0,2594.71630859375,1260.8426513671875,0,-5.413074859461631e-07,2657.37353515625,11.772451400756836,11.77955436706543,903.1105346679688,1800.8306884765625,49.705596923828125,49.732452392578125,100,0,0,341.9945373535156,0,7.924896240234375,21.48084831237793,21.513944625854492,0,1.034000039100647,0.9067617654800415,50,2.799999952316284,2.3783109188079834,0,0,0,0,1176.9999527455907,0,0,0,0.33805376291275024,0.01762213371694088,-0.35567957162857056,-3.6539511256705737e-06,98.22223663330078,98.23931884765625,774.61767578125,774.631103515625,774.631103515625,538.974609375,0,0,-5.413074859461631e-07,0.0010999999940395355,0.02200000174343586,0.03299999609589577,0.04399999603629112,5655.8173828125,114276.53125,0.0429663360118866,0,3.1392715754918754e-05,416.0538024902344,0,0.0002616529818624258,2.8350639695418067e-05,0,0,23.700000762939453,0,0,1600,0,50,0,0,0,50,50,800,0.0,0.0,0.0,0.0
229,149.7371826171875,303.2759094238281,320.4913635253906,320.4568176269531,286.34161376953125,286.376220703125,16810.810546875,33605.2578125,63.48297882080078,63.483158111572266,1804.9912109375,3598.174072265625,1793.6231689453125,3577.205810546875,276.9747009277344,42.86543273925781,1.8912101040768903e-07,0,0,2594.856201171875,1260.686279296875,0,-5.413074859461631e-07,2657.37841796875,11.772562980651855,11.779624938964844,903.1070556640625,1800.9569091796875,49.70599365234375,49.733707427978516,100,0,0,341.9739685058594,0,7.924896240234375,21.48257827758789,21.517131805419922,0,1.034000039100647,0.9067617654800415,50,2.799999952316284,2.378787040710449,0,0,0,0,1176.9999527455907,0,0,0,0.339577853679657,0.017655719071626663,-0.35723957419395447,-6.0221182138775475e-06,98.22167205810547,98.239501953125,774.58984375,774.6038818359375,774.6038818359375,538.9469604492188,0,0,-5.413074859461631e-07,0.0010999999940395355,0.02200000174343586,0.03299999609589577,0.04399999603629112,5655.8173828125,114276.53125,0.0429663360118866,0,3.1392715754918754e-05,417.8746032714844,0,0.0002616529818624258,2.8350639695418067e-05,0,0,23.700000762939453,0,0,1600,0,50,0,0,0,50,50,800,0.0,0.0,0.0,0.0
230,149.69915771484375,303.2476806640625,320.4674377441406,320.4317321777344,286.30926513671875,286.34503173828125,16810.810546875,33605.2578125,63.455928802490234,63.45610809326172,1804.9990234375,3598.197021484375,1793.6199951171875,3577.20947265625,276.94195556640625,42.78277587890625,3.6230464957043296e-06,0,0,2594.996826171875,1260.52978515625,0,-5.413074859461631e-07,2657.378173828125,11.772677421569824,11.779694557189941,903.1009521484375,1800.9495849609375,49.707157135009766,49.73464584350586,100,0,0,341.9533386230469,0,7.924896240234375,21.48590087890625,21.5216064453125,0,1.034000039100647,0.9067617654800415,50,2.799999952316284,2.3787763118743896,0,0,0,0,1176.9999527455907,0,0,0,0.3411045968532562,0.017690645530819893,-0.35879960656166077,-4.376750439405441e-06,98.22135162353516,98.23948669433594,774.5613403320312,774.5756225585938,774.5756225585938,538.918701171875,0,0,-5.413074859461631e-07,0.0010999999940395355,0.02200000174343586,0.03299999609589577,0.04399999603629112,5655.8173828125,114276.53125,0.0429663360118866,0,3.1392715754918754e-05,419.6954040527344,0,0.0002616529818624258,2.8350639695418067e-05,0,0,23.700000762939453,0,0,1600,0,50,0,0,0,50,50,800,0.0,0.0,0.0,0.0
231,149.66111755371094,303.21954345703125,320.4422912597656,320.4051513671875,286.2781982421875,286.3153076171875,16810.810546875,33616.5859375,63.428871154785156,63.42906188964844,1805.0047607421875,3598.220703125,1793.5377197265625,3577.29150390625,276.90924072265625,42.700111389160156,-4.740778877021512e-06,0,0,2595.13720703125,1260.37353515625,0,-5.413074859461631e-07,2657.375732421875,11.772791862487793,11.779764175415039,903.0985107421875,1801.0687255859375,49.70850372314453,49.73550796508789,100,0,0,341.93267822265625,0,7.924896240234375,21.49041175842285,21.52754020690918,0,1.034000039100647,0.9067617654800415,50,2.799999952316284,2.3792569637298584,0,0,0,0,1176.9999527455907,0,0,0,0.342626690864563,0.01772598922252655,-0.36035963892936707,-6.9628472374461126e-06,98.22113800048828,98.23939514160156,774.5326538085938,774.5469970703125,774.5469970703125,538.8903198242188,0,0,-5.413074859461631e-07,0.0010999999940395355,0.02200000174343586,0.03299999609589577,0.04399999603629112,5655.8173828125,114276.53125,0.0429663360118866,0,3.1392715754918754e-05,421.5162048339844,0,0.0002616529818624258,2.8350639695418067e-05,0,0,23.700000762939453,0,0,1600,0,50,0,0,0,50,50,800,0.0,0.0,0.0,0.0
232,149.62298583984375,303.1912536621094,320.4159851074219,320.37738037109375,286.2481689453125,286.28680419921875,16810.810546875,33616.5859375,63.40184020996094,63.40202713012695,1804.998779296875,3598.2529296875,1793.5223388671875,3577.306640625,276.8764953613281,42.61743927001953,-3.630884748417884e-06,0,0,2595.27783203125,1260.2171630859375,0,-5.413074859461631e-07,2657.3720703125,11.772912979125977,11.77983283996582,903.08837890625,1801.0623779296875,49.70893478393555,49.73686599731445,100,0,0,341.91204833984375,0,7.924896240234375,21.49604034423828,21.5346622467041,0,1.034000039100647,0.9067617654800415,50,2.799999952316284,2.379249095916748,0,0,0,0,1176.9999527455907,0,0,0,0.34415507316589355,0.017761584371328354,-0.36191967129707336,-3.0207447707653046e-06,98.22089385986328,98.23926544189453,774.5037231445312,774.5181884765625,774.5181884765625,538.8617553710938,0,0,-5.413074859461631e-07,0.0010999999940395355,0.02200000174343586,0.03299999609589577,0.04399999603629112,5655.8173828125,114276.53125,0.0429663360118866,0,3.1392715754918754e-05,423.3370056152344,0,0.0002616529818624258,2.8350639695418067e-05,0,0,23.700000762939453,0,0,1600,0,50,0,0,0,50,50,800,0.0,0.0,0.0,0.0
233,149.58485412597656,303.1629943847656,320.3887939453125,320.34893798828125,286.2190246582031,286.2588806152344,16810.810546875,33616.5859375,63.37478256225586,63.374969482421875,1805.0001220703125,3598.277099609375,1793.5213623046875,3577.307373046875,276.84375,42.53471374511719,-1.9364053471804255e-08,0,0,2595.418212890625,1260.060302734375,0,-5.413074859461631e-07,2657.369140625,11.773031234741211,11.779901504516602,903.08203125,1801.0511474609375,49.7103157043457,49.73773193359375,100,0,0,341.891357421875,0,7.924896240234375,21.50255012512207,21.54242706298828,0,1.034000039100647,0.9067617654800415,50,2.799999952316284,2.3792405128479004,0,0,0,0,1176.9999527455907,0,0,0,0.3456824719905853,0.017797179520130157,-0.36347970366477966,-4.600733660709011e-08,98.2209701538086,98.2391586303711,774.4750366210938,774.4893798828125,774.4893798828125,538.833251953125,0,0,-5.413074859461631e-07,0.0010999999940395355,0.02200000174343586,0.03299999609589577,0.04399999603629112,5655.8173828125,114276.53125,0.0429663360118866,0,3.1392715754918754e-05,425.1578063964844,0,0.0002616529818624258,2.8350639695418067e-05,0,0,23.700000762939453,0,0,1600,0,50,0,0,0,50,50,800,0.0,0.0,0.0,0.0
234,149.5466766357422,303.134765625,320.36090087890625,320.3196105957031,286.19049072265625,286.2318420410156,16810.810546875,33627.9375,63.347755432128906,63.34795379638672,1805.0025634765625,3598.298828125,1793.4410400390625,3577.387939453125,276.8110046386719,42.4520149230957,-2.976524228870403e-06,0,0,2595.55908203125,1259.9036865234375,0,-5.413074859461631e-07,2657.367431640625,11.773150444030762,11.7799711227417,903.0771484375,1801.16259765625,49.71176528930664,49.73857116699219,100,0,0,341.8706359863281,0,7.924896240234375,21.50973892211914,21.55103874206543,0,1.034000039100647,0.9067617654800415,50,2.799999952316284,2.379721164703369,0,0,0,0,1176.9999527455907,0,0,0,0.34720519185066223,0.0178324393928051,-0.3650397062301636,-2.0957552351319464e-06,98.22107696533203,98.23908996582031,774.4466552734375,774.4608154296875,774.4608154296875,538.8048706054688,0,0,-5.413074859461631e-07,0.0010999999940395355,0.02200000174343586,0.03299999609589577,0.04399999603629112,5655.8173828125,114276.53125,0.0429663360118866,0,3.1392715754918754e-05,426.9786071777344,0,0.0002616529818624258,2.8350639695418067e-05,0,0,23.700000762939453,0,0,1600,0,50,0,0,0,50,50,800,0.0,0.0,0.0,0.0
235,149.50845336914062,303.1064147949219,320.3292541503906,320.28948974609375,286.1657409667969,286.2054748535156,16853.26953125,33627.9375,63.3210563659668,63.32118225097656,1804.994140625,3598.329833984375,1794.023193359375,3576.8056640625,276.7782287597656,42.36931228637695,4.121043275517877e-06,0,0,2595.699462890625,1259.9422607421875,0,-5.413074859461631e-07,2657.36669921875,11.773275375366211,11.78003978729248,903.5162353515625,1801.151123046875,49.71221160888672,49.73991012573242,100,0,0,341.84991455078125,0,7.924896240234375,21.520658493041992,21.56043243408203,0,1.034000039100647,0.9067617654800415,50,2.799999952316284,2.381542205810547,0,0,0,0,1176.9999527455907,0,0,0,0.34873420000076294,0.01786753162741661,-0.3665997385978699,2.002529754463467e-06,98.2210693359375,98.23906707763672,774.418212890625,774.432373046875,774.432373046875,538.7764892578125,0,0,-5.413074859461631e-07,0.0010999999940395355,0.02200000174343586,0.03299999609589577,0.04399999603629112,5655.8173828125,114276.53125,0.0429663360118866,0,3.1392715754918754e-05,428.7994079589844,0,0.0002616529818624258,2.8350639695418067e-05,0,0,23.700000762939453,0,0,1600,0,50,0,0,0,50,50,800,0.0,0.0,0.0,0.0
236,149.46990966796875,303.07769775390625,320.29473876953125,320.2590026855469,286.1437072753906,286.179443359375,16853.26953125,33627.9375,63.29446029663086,63.29456329345703,1805.0697021484375,3598.2724609375,1794.154541015625,3576.67431640625,276.74542236328125,42.28643035888672,-5.453020094137173e-06,0,0,2595.8408203125,1259.7822265625,0,-5.413074859461631e-07,2657.36865234375,11.773377418518066,11.780130386352539,903.5159301757812,1801.0411376953125,49.72125244140625,49.737056732177734,100,0,0,341.8291015625,0,7.924896240234375,21.53435707092285,21.570096969604492,0,1.034000039100647,0.9067617654800415,50,2.799999952316284,2.381528854370117,0,0,0,0,1176.9999527455907,0,0,0,0.35028231143951416,0.017902374267578125,-0.36815977096557617,2.4911762011470273e-05,98.22187805175781,98.2391357421875,774.390625,774.4041748046875,774.4041748046875,538.7481079101562,0,0,-5.413074859461631e-07,0.0010999999940395355,0.02200000174343586,0.03299999609589577,0.04399999603629112,5655.8173828125,114276.53125,0.0429663360118866,0,3.1392715754918754e-05,430.6202087402344,0,0.0002616529818624258,2.8350639695418067e-05,0,0,23.700000762939453,0,0,1600,0,50,0,0,0,50,50,800,0.0,0.0,0.0,0.0
237,149.43130493164062,303.04913330078125,320.2606201171875,320.227783203125,286.12115478515625,286.1540222167969,16853.26953125,33639.32421875,63.267784118652344,63.26789855957031,1805.091064453125,3598.2744140625,1794.0875244140625,3576.741455078125,276.7124938964844,42.20326614379883,-4.842982889385894e-06,0,0,2595.982666015625,1259.6263427734375,0,-5.413074859461631e-07,2657.380615234375,11.773475646972656,11.780221939086914,903.4830322265625,1801.090576171875,49.72270202636719,49.73786544799805,100,0,0,341.8081359863281,0,7.924896240234375,21.547513961791992,21.58036994934082,0,1.034000039100647,0.9067617654800415,50,2.799999952316284,2.3819968700408936,0,0,0,0,1176.9999527455907,0,0,0,0.3518220782279968,0.017935121431946754,-0.36971980333328247,3.7396701372927055e-05,98.22400665283203,98.23957824707031,774.3654174804688,774.377685546875,774.377685546875,538.7205200195312,0,0,-5.413074859461631e-07,0.0010999999940395355,0.02200000174343586,0.03299999609589577,0.04399999603629112,5655.8173828125,114276.53125,0.0429663360118866,0,3.1392715754918754e-05,432.4410095214844,0,0.0002616529818624258,2.8350639695418067e-05,0,0,23.700000762939453,0,0,1600,0,50,0,0,0,50,50,800,0.0,0.0,0.0,0.0
238,149.3926544189453,303.0205383300781,320.2267761230469,320.1959228515625,286.09820556640625,286.1290588378906,16853.26953125,33639.32421875,63.241065979003906,63.24118423461914,1805.093994140625,3598.299072265625,1794.071044921875,3576.758056640625,276.6795654296875,42.1201171875,-1.9089145553152775e-06,0,0,2596.12451171875,1259.4710693359375,0,-5.413074859461631e-07,2657.40673828125,11.773577690124512,11.78031063079834,903.4451904296875,1801.0306396484375,49.72272491455078,49.73924255371094,100,0,0,341.7872009277344,0,7.924896240234375,21.56039810180664,21.59125518798828,0,1.034000039100647,0.9067617654800415,50,2.799999952316284,2.3819613456726074,0,0,0,0,1176.9999527455907,0,0,0,0.3533608317375183,0.017964687198400497,-0.37127983570098877,4.5691336708841845e-05,98.22637939453125,98.24054718017578,774.3425903320312,774.3536987304688,774.3536987304688,538.6942749023438,0,0,-5.413074859461631e-07,0.0010999999940395355,0.02200000174343586,0.03299999609589577,0.04399999603629112,5655.8173828125,114276.53125,0.0429663360118866,0,3.1392715754918754e-05,434.2618103027344,0,0.0002616529818624258,2.8350639695418067e-05,0,0,23.700000762939453,0,0,1600,0,50,0,0,0,50,50,800,0.0,0.0,0.0,0.0
239,149.3540802001953,302.9920959472656,320.19329833984375,320.1640625,286.074951171875,286.1040954589844,16853.26953125,33639.32421875,63.214256286621094,63.21437454223633,1805.103759765625,3598.32177734375,1794.0672607421875,3576.76123046875,276.64666748046875,42.037017822265625,-2.05748028747621e-06,0,0,2596.2666015625,1259.3153076171875,0,-5.413074859461631e-07,2657.444580078125,11.77367877960205,11.78039836883545,903.418701171875,1800.9786376953125,49.723575592041016,49.74004364013672,100,0,0,341.7662353515625,0,7.924896240234375,21.57294464111328,21.6021728515625,0,1.034000039100647,0.9067617654800415,50,2.799999952316284,2.38191556930542,0,0,0,0,1176.9999527455907,0,0,0,0.35489121079444885,0.017991654574871063,-0.3728398382663727,4.3021700548706576e-05,98.2286376953125,98.241943359375,774.3214721679688,774.3319091796875,774.3319091796875,538.6691284179688,0,0,-5.413074859461631e-07,0.0010999999940395355,0.02200000174343586,0.03299999609589577,0.04399999603629112,5655.8173828125,114276.53125,0.0429663360118866,0,3.1392715754918754e-05,436.0826110839844,0,0.0002616529818624258,2.8350639695418067e-05,0,0,23.700000762939453,0,0,1600,0,50,0,0,0,50,50,800,0.0,0.0,0.0,0.0
240,149.31558227539062,302.9637145996094,320.1600341796875,320.13140869140625,286.0513610839844,286.0799865722656,16853.26953125,33650.671875,63.18749237060547,63.1876220703125,1805.100830078125,3598.357421875,1793.9703369140625,3576.858642578125,276.6138000488281,41.9541015625,4.410856945469277e-06,0,0,2596.40771484375,1259.15966796875,0,-5.413074859461631e-07,2657.487060546875,11.773782730102539,11.780485153198242,903.3950805664062,1801.0633544921875,49.7236213684082,49.741214752197266,100,0,0,341.7453308105469,0,7.924896240234375,21.5853214263916,21.61393928527832,0,1.034000039100647,0.9067617654800415,50,2.799999952316284,2.382354259490967,0,0,0,0,1176.9999527455907,0,0,0,0.3564170002937317,0.018017368391156197,-0.374399870634079,3.4486129152355716e-05,98.23014831542969,98.24351501464844,774.300537109375,774.3110961914062,774.3110961914062,538.6444702148438,0,0,-5.413074859461631e-07,0.0010999999940395355,0.02200000174343586,0.03299999609589577,0.04399999603629112,5655.8173828125,114276.53125,0.0429663360118866,0,3.1392715754918754e-05,437.9034118652344,0,0.0002616529818624258,2.8350639695418067e-05,0,0,23.700000762939453,0,0,1600,0,50,0,0,0,50,50,800,0.0,0.0,0.0,0.0
241,149.27711486816406,302.9353332519531,320.1269836425781,320.098876953125,286.0275573730469,286.05572509765625,16853.26953125,33650.671875,63.16065979003906,63.160797119140625,1805.1124267578125,3598.376953125,1793.9674072265625,3576.861328125,276.5810241699219,41.87126922607422,2.389894916632329e-06,0,0,2596.548828125,1259.0037841796875,0,-5.413074859461631e-07,2657.52783203125,11.773886680603027,11.780571937561035,903.3724975585938,1801.0228271484375,49.72434616088867,49.74205780029297,100,0,0,341.7244567871094,0,7.924896240234375,21.59745979309082,21.62557029724121,0,1.034000039100647,0.9067617654800415,50,2.799999952316284,2.38230562210083,0,0,0,0,1176.9999527455907,0,0,0,0.35794171690940857,0.018043583258986473,-0.3759599030017853,2.5405735868844204e-05,98.2310791015625,98.2450180053711,774.2788696289062,774.2898559570312,774.2898559570312,538.6196899414062,0,0,-5.413074859461631e-07,0.0010999999940395355,0.02200000174343586,0.03299999609589577,0.04399999603629112,5655.8173828125,114276.53125,0.0429663360118866,0,3.1392715754918754e-05,439.7242126464844,0,0.0002616529818624258,2.8350639695418067e-05,0,0,23.700000762939453,0,0,1600,0,50,0,0,0,50,50,800,0.0,0.0,0.0,0.0
242,149.23875427246094,302.9070739746094,320.09423828125,320.0665588378906,286.0035705566406,286.03131103515625,16853.26953125,33650.671875,63.13377380371094,63.1339111328125,1805.1204833984375,3598.39599609375,1793.965576171875,3576.86376953125,276.54827880859375,41.78860092163086,4.0807967707223725e-06,0,0,2596.689697265625,1258.847900390625,0,-5.413074859461631e-07,2657.5615234375,11.773992538452148,11.780656814575195,903.357421875,1800.9910888671875,49.72532653808594,49.74283981323242,100,0,0,341.70361328125,0,7.924896240234375,21.60936164855957,21.63703155517578,0,1.034000039100647,0.9067617654800415,50,2.799999952316284,2.38226318359375,0,0,0,0,1176.9999527455907,0,0,0,0.35945817828178406,0.018071137368679047,-0.3775199353694916,9.374600267619826e-06,98.23135375976562,98.24626922607422,774.2557983398438,774.2675170898438,774.2675170898438,538.5943603515625,0,0,-5.413074859461631e-07,0.0010999999940395355,0.02200000174343586,0.03299999609589577,0.04399999603629112,5655.8173828125,114276.53125,0.0429663360118866,0,3.1392715754918754e-05,441.5450134277344,0,0.0002616529818624258,2.8350639695418067e-05,0,0,23.700000762939453,0,0,1600,0,50,0,0,0,50,50,800,0.0,0.0,0.0,0.0
243,149.20045471191406,302.87884521484375,320.0616760253906,320.0335693359375,285.97943115234375,286.0075988769531,16853.26953125,33662.0546875,63.106964111328125,63.10710906982422,1805.1124267578125,3598.423583984375,1793.8729248046875,3576.955810546875,276.515625,41.70609664916992,-1.1521719898155425e-06,0,0,2596.829833984375,1258.6920166015625,0,-5.413074859461631e-07,2657.5849609375,11.774101257324219,11.780742645263672,903.3411865234375,1801.0936279296875,49.72556686401367,49.744136810302734,100,0,0,341.6828308105469,0,7.924896240234375,21.62112808227539,21.64923858642578,0,1.034000039100647,0.9067617654800415,50,2.799999952316284,2.3827199935913086,0,0,0,0,1176.9999527455907,0,0,0,0.360973596572876,0.01810087077319622,-0.3790799677371979,-5.485769634105964e-06,98.23065948486328,98.24713134765625,774.2305297851562,774.2434692382812,774.2434692382812,538.5681762695312,0,0,-5.413074859461631e-07,0.0010999999940395355,0.02200000174343586,0.03299999609589577,0.04399999603629112,5655.8173828125,114276.53125,0.0429663360118866,0,3.1392715754918754e-05,443.3658142089844,0,0.0002616529818624258,2.8350639695418067e-05,0,0,23.700000762939453,0,0,1600,0,50,0,0,0,50,50,800,0.0,0.0,0.0,0.0
244,149.16217041015625,302.8505859375,320.0292663574219,320.0008239746094,285.9551696777344,285.98370361328125,16853.26953125,33662.0546875,63.08011245727539,63.080257415771484,1805.1163330078125,3598.43212890625,1793.8671875,3576.9619140625,276.4829406738281,41.62366485595703,4.654006716009462e-06,0,0,2596.969970703125,1258.5361328125,0,-5.413074859461631e-07,2657.5947265625,11.774212837219238,11.780827522277832,903.3247680664062,1801.065185546875,49.72661590576172,49.745174407958984,100,0,0,341.6620178222656,0,7.924896240234375,21.63275909423828,21.66120719909668,0,1.034000039100647,0.9067617654800415,50,2.799999952316284,2.3826990127563477,0,0,0,0,1176.9999527455907,0,0,0,0.3624880313873291,0.01813361793756485,-0.3806399703025818,-1.8338765585212968e-05,98.22949981689453,98.24749755859375,774.2027587890625,774.2169189453125,774.2169189453125,538.540771484375,0,0,-5.413074859461631e-07,0.0010999999940395355,0.02200000174343586,0.03299999609589577,0.04399999603629112,5655.8173828125,114276.53125,0.0429663360118866,0,3.1392715754918754e-05,445.1866149902344,0,0.0002616529818624258,2.8350639695418067e-05,0,0,23.700000762939453,0,0,1600,0,50,0,0,0,50,50,800,0.0,0.0,0.0,0.0
245,149.1239013671875,302.8223876953125,319.99700927734375,319.9678955078125,285.9307861328125,285.9599914550781,16853.26953125,33673.390625,63.05326843261719,63.05342483520508,1805.1177978515625,3598.4375,1793.788818359375,3577.040283203125,276.4503479003906,41.54130172729492,-3.5314485558046727e-07,0,0,2597.10986328125,1258.3797607421875,0,-5.413074859461631e-07,2657.590576171875,11.774321556091309,11.780911445617676,903.3146362304688,1801.1630859375,49.727962493896484,49.74619674682617,100,0,0,341.6412353515625,0,7.924896240234375,21.64422035217285,21.67334747314453,0,1.034000039100647,0.9067617654800415,50,2.799999952316284,2.383178234100342,0,0,0,0,1176.9999527455907,0,0,0,0.3639996647834778,0.018169382587075233,-0.3822000026702881,-3.0965358746470883e-05,98.22782897949219,98.2473373413086,774.1726684570312,774.18798828125,774.18798828125,538.5122680664062,0,0,-5.413074859461631e-07,0.0010999999940395355,0.02200000174343586,0.03299999609589577,0.04399999603629112,5655.8173828125,114276.53125,0.0429663360118866,0,3.1392715754918754e-05,447.0074157714844,0,0.0002616529818624258,2.8350639695418067e-05,0,0,23.700000762939453,0,0,1600,0,50,0,0,0,50,50,800,0.0,0.0,0.0,0.0
246,149.0856170654297,302.7940979003906,319.96490478515625,319.934814453125,285.90631103515625,285.93646240234375,16853.26953125,33673.390625,63.026451110839844,63.026607513427734,1805.1043701171875,3598.44970703125,1793.7685546875,3577.060302734375,276.4177551269531,41.4589958190918,3.354820137246861e-06,0,0,2597.249755859375,1258.224365234375,0,-5.413074859461631e-07,2657.573486328125,11.774436950683594,11.780993461608887,903.2938842773438,1801.1383056640625,49.72837448120117,49.74784469604492,100,0,0,341.6204833984375,0,7.924896240234375,21.65557861328125,21.68568992614746,0,1.034000039100647,0.9067617654800415,50,2.799999952316284,2.383181095123291,0,0,0,0,1176.9999527455907,0,0,0,0.3655138909816742,0.018207991495728493,-0.3837600350379944,-3.8149766623973846e-05,98.22581481933594,98.24671173095703,774.1402587890625,774.15673828125,774.15673828125,538.4824829101562,0,0,-5.413074859461631e-07,0.0010999999940395355,0.02200000174343586,0.03299999609589577,0.04399999603629112,5655.8173828125,114276.53125,0.0429663360118866,0,3.1392715754918754e-05,448.8282165527344,0,0.0002616529818624258,2.8350639695418067e-05,0,0,23.700000762939453,0,0,1600,0,50,0,0,0,50,50,800,0.0,0.0,0.0,0.0
247,149.04730224609375,302.7658386230469,319.932861328125,319.9019775390625,285.88177490234375,285.9126892089844,16853.26953125,33673.390625,62.99958038330078,62.99973678588867,1805.0980224609375,3598.4501953125,1793.766357421875,3577.062744140625,276.3851623535156,41.376686096191406,-4.153957434027689e-06,0,0,2597.3896484375,1258.068115234375,0,-5.413074859461631e-07,2657.544921875,11.774550437927246,11.781074523925781,903.2782592773438,1801.1104736328125,49.72990036010742,49.74903869628906,100,0,0,341.5997009277344,0,7.924896240234375,21.666837692260742,21.69772720336914,0,1.034000039100647,0.9067617654800415,50,2.799999952316284,2.3831944465637207,0,0,0,0,1176.9999527455907,0,0,0,0.3670252859592438,0.01824919879436493,-0.3853200674057007,-4.5565422624349594e-05,98.2237777709961,98.24565124511719,774.1061401367188,774.1233520507812,774.1233520507812,538.45166015625,0,0,-5.413074859461631e-07,0.0010999999940395355,0.02200000174343586,0.03299999609589577,0.04399999603629112,5655.8173828125,114276.53125,0.0429663360118866,0,3.1392715754918754e-05,450.6490173339844,0,0.0002616529818624258,2.8350639695418067e-05,0,0,23.700000762939453,0,0,1600,0,50,0,0,0,50,50,800,0.0,0.0,0.0,0.0
248,149.0089874267578,302.7376403808594,319.90093994140625,319.8689880371094,285.8571472167969,285.8891296386719,16853.26953125,33684.76171875,62.97272872924805,62.97289276123047,1805.0911865234375,3598.4462890625,1793.6876220703125,3577.14111328125,276.3525695800781,41.29441452026367,4.7830772018642165e-06,0,0,2597.52978515625,1257.912109375,0,-5.413074859461631e-07,2657.50732421875,11.774663925170898,11.781156539916992,903.267822265625,1801.2081298828125,49.731510162353516,49.750282287597656,100,0,0,341.57891845703125,0,7.924896240234375,21.67799186706543,21.70993423461914,0,1.034000039100647,0.9067617654800415,50,2.799999952316284,2.383704423904419,0,0,0,0,1176.9999527455907,0,0,0,0.3685339093208313,0.018292248249053955,-0.386880099773407,-5.392786260927096e-05,98.2214126586914,98.2442626953125,774.0704956054688,774.0885009765625,774.0885009765625,538.4201049804688,0,0,-5.413074859461631e-07,0.0010999999940395355,0.02200000174343586,0.03299999609589577,0.04399999603629112,5655.8173828125,114276.53125,0.0429663360118866,0,3.1392715754918754e-05,452.4698181152344,0,0.0002616529818624258,2.8350639695418067e-05,0,0,23.700000762939453,0,0,1600,0,50,0,0,0,50,50,800,0.0,0.0,0.0,0.0
249,148.97059631347656,302.70928955078125,319.8690185546875,319.8358154296875,285.8324890136719,285.8656921386719,16853.26953125,33684.76171875,62.945892333984375,62.94606018066406,1805.0721435546875,3598.448486328125,1793.6676025390625,3577.1611328125,276.32000732421875,41.212154388427734,4.827400516660418e-06,0,0,2597.66943359375,1257.7557373046875,0,-5.413074859461631e-07,2657.4619140625,11.774782180786133,11.781237602233887,903.2468872070312,1801.1827392578125,49.732200622558594,49.752105712890625,100,0,0,341.55810546875,0,7.924896240234375,21.6890811920166,21.72227668762207,0,1.034000039100647,0.9067617654800415,50,2.799999952316284,2.383732557296753,0,0,0,0,1176.9999527455907,0,0,0,0.37004876136779785,0.01833713985979557,-0.3884401023387909,-5.4209958761930466e-05,98.21888732910156,98.24258422851562,774.0335083007812,774.0521240234375,774.0521240234375,538.3878173828125,0,0,-5.413074859461631e-07,0.0010999999940395355,0.02200000174343586,0.03299999609589577,0.04399999603629112,5655.8173828125,114276.53125,0.0429663360118866,0,3.1392715754918754e-05,454.2906188964844,0,0.0002616529818624258,2.8350639695418067e-05,0,0,23.700000762939453,0,0,1600,0,50,0,0,0,50,50,800,0.0,0.0,0.0,0.0
250,148.93215942382812,302.6809387207031,319.837158203125,319.8028869628906,285.80780029296875,285.84197998046875,16853.26953125,33684.76171875,62.919002532958984,62.91917037963867,1805.059326171875,3598.443115234375,1793.6700439453125,3577.1591796875,276.28741455078125,41.12982940673828,-5.0054081839334685e-06,0,0,2597.809326171875,1257.599365234375,0,-5.413074859461631e-07,2657.410400390625,11.77489948272705,11.781315803527832,903.2296142578125,1801.1494140625,49.7338981628418,49.753440856933594,100,0,0,341.53729248046875,0,7.924896240234375,21.70013427734375,21.73438262939453,0,1.034000039100647,0.9067617654800415,50,2.799999952316284,2.3837661743164062,0,0,0,0,1176.9999527455907,0,0,0,0.3715626001358032,0.018383456394076347,-0.3900001347064972,-5.40755718247965e-05,98.21662139892578,98.24067687988281,773.9957275390625,774.0146484375,774.0146484375,538.3548583984375,0,0,-5.413074859461631e-07,0.0010999999940395355,0.02200000174343586,0.03299999609589577,0.04399999603629112,5655.8173828125,114276.53125,0.0429663360118866,0,3.1392715754918754e-05,456.1114196777344,0,0.0002616529818624258,2.8350639695418067e-05,0,0,23.700000762939453,0,0,1600,0,50,0,0,0,50,50,800,0.0,0.0,0.0,0.0
251,148.8937225341797,302.652587890625,319.8052978515625,319.76983642578125,285.78302001953125,285.8184509277344,16853.26953125,33696.1640625,62.89211654663086,62.892295837402344,1805.047607421875,3598.4345703125,1793.5894775390625,3577.23974609375,276.25482177734375,41.04751205444336,-3.0404667086258996e-06,0,0,2597.949462890625,1257.4427490234375,0,-5.413074859461631e-07,2657.3564453125,11.775014877319336,11.781394004821777,903.2138671875,1801.2393798828125,49.735652923583984,49.7547607421875,100,0,0,341.5163879394531,0,7.924896240234375,21.711088180541992,21.74655532836914,0,1.034000039100647,0.9067617654800415,50,2.799999952316284,2.384291172027588,0,0,0,0,1176.9999527455907,0,0,0,0.3730754554271698,0.018430275842547417,-0.3915601670742035,-5.444604903459549e-05,98.21446990966797,98.23868560791016,773.9577026367188,773.9767456054688,773.9767456054688,538.32177734375,0,0,-5.413074859461631e-07,0.0010999999940395355,0.02200000174343586,0.03299999609589577,0.04399999603629112,5655.8173828125,114276.53125,0.0429663360118866,0,3.1392715754918754e-05,457.9322204589844,0,0.0002616529818624258,2.8350639695418067e-05,0,0,23.700000762939453,0,0,1600,0,50,0,0,0,50,50,800,0.0,0.0,0.0,0.0
252,148.8551788330078,302.6241455078125,319.7734375,319.7366027832031,285.7582092285156,285.7950439453125,16853.26953125,33696.1640625,62.8652458190918,62.865421295166016,1805.02490234375,3598.433837890625,1793.5694580078125,3577.259521484375,276.22222900390625,40.96518325805664,-2.818548409777577e-06,0,0,2598.08935546875,1257.286376953125,0,-5.413074859461631e-07,2657.30126953125,11.77513599395752,11.78147029876709,903.18896484375,1801.2060546875,49.736454010009766,49.756591796875,100,0,0,341.49554443359375,0,7.924896240234375,21.72210693359375,21.75893211364746,0,1.034000039100647,0.9067617654800415,50,2.799999952316284,2.3843278884887695,0,0,0,0,1176.9999527455907,0,0,0,0.37459269165992737,0.01847742684185505,-0.3931201994419098,-5.006566789234057e-05,98.21247100830078,98.23664855957031,773.9194946289062,773.9385375976562,773.9385375976562,538.2884521484375,0,0,-5.413074859461631e-07,0.0010999999940395355,0.02200000174343586,0.03299999609589577,0.04399999603629112,5655.8173828125,114276.53125,0.0429663360118866,0,3.1392715754918754e-05,459.7530212402344,0,0.0002616529818624258,2.8350639695418067e-05,0,0,23.700000762939453,0,0,1600,0,50,0,0,0,50,50,800,0.0,0.0,0.0,0.0
253,148.8165740966797,302.5957336425781,319.7415466308594,319.7035827636719,285.7333679199219,285.7713928222656,16853.26953125,33696.1640625,62.83830642700195,62.83848571777344,1805.010498046875,3598.4267578125,1793.568359375,3577.2607421875,276.1895751953125,40.88277816772461,-3.5810505778499646e-06,0,0,2598.2294921875,1257.1295166015625,0,-5.413074859461631e-07,2657.24755859375,11.775254249572754,11.78154468536377,903.1702880859375,1801.1702880859375,49.738197326660156,49.75790023803711,100,0,0,341.4745788574219,0,7.924896240234375,21.7330265045166,21.77100372314453,0,1.034000039100647,0.9067617654800415,50,2.799999952316284,2.3843634128570557,0,0,0,0,1176.9999527455907,0,0,0,0.3761071264743805,0.018524330109357834,-0.3946802318096161,-4.876414459431544e-05,98.21067810058594,98.23465728759766,773.8817138671875,773.9005737304688,773.9005737304688,538.2552490234375,0,0,-5.413074859461631e-07,0.0010999999940395355,0.02200000174343586,0.03299999609589577,0.04399999603629112,5655.8173828125,114276.53125,0.0429663360118866,0,3.1392715754918754e-05,461.5738220214844,0,0.0002616529818624258,2.8350639695418067e-05,0,0,23.700000762939453,0,0,1600,0,50,0,0,0,50,50,800,0.0,0.0,0.0,0.0
254,148.77792358398438,302.5672607421875,319.7096862792969,319.6700134277344,285.70849609375,285.74822998046875,16853.26953125,33707.5234375,62.811431884765625,62.811614990234375,1804.982666015625,3598.431884765625,1793.4759521484375,3577.352783203125,276.1569519042969,40.80038070678711,-3.1815368402021704e-06,0,0,2598.3701171875,1256.97265625,0,-5.413074859461631e-07,2657.195068359375,11.775374412536621,11.78161907196045,903.1492919921875,1801.258544921875,49.73910140991211,49.759613037109375,100,0,0,341.4536437988281,0,7.924896240234375,21.74394416809082,21.78361701965332,0,1.034000039100647,0.9067617654800415,50,2.799999952316284,2.384885311126709,0,0,0,0,1176.9999527455907,0,0,0,0.37762415409088135,0.018570898100733757,-0.396240234375,-4.5200995373306796e-05,98.20885467529297,98.23271942138672,773.8440551757812,773.8628540039062,773.8628540039062,538.22216796875,0,0,-5.413074859461631e-07,0.0010999999940395355,0.02200000174343586,0.03299999609589577,0.04399999603629112,5655.8173828125,114276.53125,0.0429663360118866,0,3.1392715754918754e-05,463.3946228027344,0,0.0002616529818624258,2.8350639695418067e-05,0,0,23.700000762939453,0,0,1600,0,50,0,0,0,50,50,800,0.0,0.0,0.0,0.0
255,148.73919677734375,302.5386962890625,319.677734375,319.63665771484375,285.6836242675781,285.7247619628906,16853.26953125,33707.5234375,62.784488677978516,62.78467559814453,1804.9697265625,3598.422607421875,1793.47119140625,3577.357666015625,276.1242980957031,40.717918395996094,-2.0234201656421646e-06,0,0,2598.510498046875,1256.815673828125,0,-5.413074859461631e-07,2657.14501953125,11.775496482849121,11.781691551208496,903.12451171875,1801.2161865234375,49.74074935913086,49.760921478271484,100,0,0,341.4326477050781,0,7.924896240234375,21.75489616394043,21.79599380493164,0,1.034000039100647,0.9067617654800415,50,2.799999952316284,2.3849172592163086,0,0,0,0,1176.9999527455907,0,0,0,0.37914371490478516,0.01861712895333767,-0.3978002667427063,-3.94173912354745e-05,98.2074203491211,98.23086547851562,773.8070068359375,773.825439453125,773.825439453125,538.189208984375,0,0,-5.413074859461631e-07,0.0010999999940395355,0.02200000174343586,0.03299999609589577,0.04399999603629112,5655.8173828125,114276.53125,0.0429663360118866,0,3.1392715754918754e-05,465.2154235839844,0,0.0002616529818624258,2.8350639695418067e-05,0,0,23.700000762939453,0,0,1600,0,50,0,0,0,50,50,800,0.0,0.0,0.0,0.0
256,148.700439453125,302.5102233886719,319.6426696777344,319.6035461425781,285.6618957519531,285.7010498046875,16895.86328125,33707.5234375,62.75775909423828,62.75787353515625,1804.95654296875,3598.4150390625,1794.0704345703125,3576.758544921875,276.0916442871094,40.63543701171875,-3.770342573261587e-06,0,0,2598.65087890625,1256.852783203125,0,-5.413074859461631e-07,2657.098876953125,11.775615692138672,11.78176212310791,903.5584106445312,1801.177978515625,49.74247741699219,49.762115478515625,100,0,0,341.41162109375,0,7.924896240234375,21.76893424987793,21.80806541442871,0,1.034000039100647,0.9067617654800415,50,2.799999952316284,2.3867716789245605,0,0,0,0,1176.9999527455907,0,0,0,0.38065874576568604,0.01866243965923786,-0.3993602991104126,-3.9125607145251706e-05,98.2061538696289,98.22916412353516,773.7706298828125,773.7887573242188,773.7887573242188,538.1566162109375,0,0,-5.413074859461631e-07,0.0010999999940395355,0.02200000174343586,0.03299999609589577,0.04399999603629112,5655.8173828125,114276.53125,0.0429663360118866,0,3.1392715754918754e-05,467.0362243652344,0,0.0002616529818624258,2.8350639695418067e-05,0,0,23.700000762939453,0,0,1600,0,50,0,0,0,50,50,800,0.0,0.0,0.0,0.0
257,148.661376953125,302.4812316894531,319.6053161621094,319.5696716308594,285.6423034667969,285.6779479980469,16895.86328125,33718.91796875,62.73122787475586,62.731327056884766,1805.0047607421875,3598.341064453125,1794.111328125,3576.717529296875,276.0589294433594,40.55284118652344,-1.6760279777372489e-06,0,0,2598.7919921875,1256.69189453125,0,3.5331192016601562,2657.056884765625,11.775714874267578,11.781853675842285,903.54736328125,1801.1781005859375,49.75094223022461,49.7600212097168,100,0,0,341.3905334472656,0,7.924896240234375,21.78521156311035,21.82084846496582,0,1.034000039100647,0.9067617654800415,50,2.799999952316284,2.3872838020324707,0,0,0,0,1176.9999527455907,0,0,0,0.3821997344493866,0.01870707981288433,-0.4009203314781189,-1.3507996300177183e-05,98.20526885986328,98.22761535644531,773.7350463867188,773.7526245117188,773.7526245117188,538.1241455078125,0,0,3.5331192016601562,0.0010999999940395355,0.02200000174343586,0.03299999609589577,0.04399999603629112,5655.8173828125,114276.53125,0.0429663360118866,0,3.1392715754918754e-05,468.8570251464844,0,0.0002616529818624258,2.8350639695418067e-05,0,0,23.700000762939453,0,0,1600,0,50,0,0,0,50,50,800,0.0,0.0,0.0,0.0
258,148.62576293945312,302.4462890625,319.5679931640625,319.53521728515625,285.62127685546875,285.654052734375,16895.86328125,33718.91796875,62.70449447631836,62.70459747314453,1805.0135498046875,3598.3154296875,1794.1142578125,3576.714599609375,276.0262451171875,40.470306396484375,-9.213241014549567e-07,0,0,2598.932861328125,1256.5037841796875,0,33.01008224487305,2657.02978515625,11.775811195373535,11.781943321228027,903.4755859375,1801.0352783203125,49.752498626708984,49.76117706298828,100,0,0,341.36944580078125,0,7.924896240234375,21.80145263671875,21.834209442138672,0,1.034000039100647,0.9067617654800415,50,2.799999952316284,2.387295722961426,0,0,0,0,1176.9999527455907,0,0,0,0.3840547204017639,0.018749544396996498,-0.4024803638458252,0.00032390616252087057,98.20758056640625,98.22660827636719,773.7032470703125,773.7182006835938,773.7182006835938,538.0921630859375,0,0,33.01008224487305,0.0010999999940395355,0.02200000174343586,0.03299999609589577,0.04399999603629112,5655.8173828125,114276.53125,0.0429663360118866,0,3.1392715754918754e-05,470.6778259277344,0,0.0002616529818624258,2.8350639695418067e-05,0,0,23.700000762939453,0,0,1600,0,50,0,0,0,50,50,800,0.0,0.0,0.0,0.0
259,148.5978546142578,302.4066467285156,319.52838134765625,319.4975891113281,285.598876953125,285.62969970703125,16895.86328125,33730.2734375,62.676753997802734,62.6768684387207,1805.0570068359375,3598.39208984375,1794.033935546875,3576.795166015625,275.99774169921875,40.39828872680664,-4.32418892160058e-06,0,0,2599.044677734375,1256.3271484375,0,32.339263916015625,2657.22705078125,11.775898933410645,11.782025337219238,903.0384521484375,1800.284912109375,49.75209426879883,49.76072311401367,100,0,0,341.3526916503906,0,7.924896240234375,21.824308395385742,21.8550968170166,0,1.034000039100647,0.9067617654800415,50,2.799999952316284,2.3875949382781982,0,0,0,0,1176.9999527455907,0,0,0,0.38615819811820984,0.018755489960312843,-0.4040403664112091,0.0008733003633096814,98.28557586669922,98.23390197753906,773.7540893554688,773.71337890625,773.71337890625,538.0698852539062,0,0,32.339263916015625,0.0010999999940395355,0.02200000174343586,0.03299999609589577,0.04399999603629112,5655.8173828125,114276.53125,0.0429663360118866,0,3.1392715754918754e-05,472.4986267089844,0,0.0002616529818624258,2.8350639695418067e-05,0,0,23.700000762939453,0,0,1600,0,50,0,0,0,50,50,800,0.0,0.0,0.0,0.0
260,148.57351684570312,302.3685302734375,319.4869689941406,319.45745849609375,285.57568359375,285.6051940917969,16895.86328125,33730.2734375,62.647918701171875,62.64803695678711,1805.19482421875,3598.696533203125,1794.0152587890625,3576.8134765625,275.9718322753906,40.332984924316406,4.451792392501375e-06,0,0,2599.138427734375,1256.15087890625,0,31.698549270629883,2658.102294921875,11.77597427368164,11.782089233398438,902.677001953125,1799.578369140625,49.745582580566406,49.75567626953125,100,0,0,341.3386535644531,0,7.924896240234375,21.85167121887207,21.88117218017578,0,1.034000039100647,0.9067617654800415,50,2.799999952316284,2.3868002891540527,0,0,0,0,1176.9999527455907,0,0,0,0.38817885518074036,0.018611935898661613,-0.4056003987789154,0.0011904010316357017,98.38745880126953,98.2662582397461,773.925048828125,773.8296508789062,773.8296508789062,538.1085205078125,0,0,31.698549270629883,0.0010999999940395355,0.02200000174343586,0.03299999609589577,0.04399999603629112,5655.8173828125,114276.53125,0.0429663360118866,0,3.1392715754918754e-05,474.3194274902344,0,0.0002616529818624258,2.8350639695418067e-05,0,0,23.700000762939453,0,0,1600,0,50,0,0,0,50,50,800,0.0,0.0,0.0,0.0
261,148.55174255371094,302.3324279785156,319.4448547363281,319.4164123535156,285.55169677734375,285.58013916015625,16895.86328125,33730.2734375,62.61824035644531,62.61836242675781,1805.406494140625,3599.12548828125,1794.0115966796875,3576.817138671875,275.9474792480469,40.27142333984375,-1.7690307458906318e-06,0,0,2599.2216796875,1255.9727783203125,0,31.486675262451172,2659.479736328125,11.776040077209473,11.782142639160156,902.4351196289062,1799.0966796875,49.736385345458984,49.74632263183594,100,0,0,341.326171875,0,7.924896240234375,21.88130760192871,21.909757614135742,0,1.034000039100647,0.9067617654800415,50,2.799999952316284,2.385556221008301,0,0,0,0,1176.9999527455907,0,0,0,0.39009177684783936,0.018356068059802055,-0.4071604311466217,0.0012874051462858915,98.47366333007812,98.31718444824219,774.1599731445312,774.0368041992188,774.0368041992188,538.1934814453125,0,0,31.486675262451172,0.0010999999940395355,0.02200000174343586,0.03299999609589577,0.04399999603629112,5655.8173828125,114276.53125,0.0429663360118866,0,3.1392715754918754e-05,476.1402282714844,0,0.0002616529818624258,2.8350639695418067e-05,0,0,23.700000762939453,0,0,1600,0,50,0,0,0,50,50,800,0.0,0.0,0.0,0.0
262,148.53244018554688,302.2983093261719,319.4028015136719,319.3752136230469,285.527099609375,285.5547180175781,16895.86328125,33730.2734375,62.588035583496094,62.58816146850586,1805.650634765625,3599.618896484375,1794.0078125,3576.821044921875,275.92437744140625,40.213157653808594,4.757047463499475e-06,0,0,2599.2958984375,1255.7950439453125,0,31.337120056152344,2661.101806640625,11.776106834411621,11.782196044921875,902.2972412109375,1798.8231201171875,49.72539138793945,49.73521423339844,100,0,0,341.31500244140625,0,7.924896240234375,21.912199020385742,21.939800262451172,0,1.034000039100647,0.9067617654800415,50,2.799999952316284,2.3840951919555664,0,0,0,0,1176.9999527455907,0,0,0,0.39189720153808594,0.01804416999220848,-0.408720463514328,0.0012209039414301515,98.54334259033203,98.37714385986328,774.420166015625,774.2893676757812,774.2893676757812,538.30224609375,0,0,31.337120056152344,0.0010999999940395355,0.02200000174343586,0.03299999609589577,0.04399999603629112,5655.8173828125,114276.53125,0.0429663360118866,0,3.1392715754918754e-05,477.9610290527344,0,0.0002616529818624258,2.8350639695418067e-05,0,0,23.700000762939453,0,0,1600,0,50,0,0,0,50,50,800,0.0,0.0,0.0,0.0
263,148.51553344726562,302.26605224609375,319.361572265625,319.3346862792969,285.501953125,285.52880859375,16895.86328125,33730.2734375,62.55758285522461,62.557708740234375,1805.8887939453125,3600.09912109375,1794.0052490234375,3576.823486328125,275.902587890625,40.15813446044922,5.260183570499066e-06,0,0,2599.361328125,1255.6181640625,0,31.182044982910156,2662.72216796875,11.776178359985352,11.782256126403809,902.2478637695312,1798.7286376953125,49.714473724365234,49.72420120239258,100,0,0,341.3052062988281,0,7.924896240234375,21.943632125854492,21.97052001953125,0,1.034000039100647,0.9067617654800415,50,2.799999952316284,2.382638454437256,0,0,0,0,1176.9999527455907,0,0,0,0.3936043679714203,0.01773017644882202,-0.4102804958820343,0.001054057152941823,98.58464813232422,98.43704986572266,774.6597900390625,774.5436401367188,774.5436401367188,538.4127807617188,0,0,31.182044982910156,0.0010999999940395355,0.02200000174343586,0.03299999609589577,0.04399999603629112,5655.8173828125,114276.53125,0.0429663360118866,0,3.1392715754918754e-05,479.7818298339844,0,0.0002616529818624258,2.8350639695418067e-05,0,0,23.700000762939453,0,0,1600,0,50,0,0,0,50,50,800,0.0,0.0,0.0,0.0
264,148.50076293945312,302.2352600097656,319.321533203125,319.2944641113281,285.476318359375,285.50335693359375,16895.86328125,33741.640625,62.52720642089844,62.527339935302734,1806.086181640625,3600.54052734375,1793.912841796875,3576.91650390625,275.88201904296875,40.10614013671875,-8.888529805517464e-07,0,0,2599.418212890625,1255.4427490234375,0,31.031147003173828,2664.164306640625,11.776262283325195,11.78232479095459,902.26123046875,1798.88525390625,49.70411682128906,49.71501159667969,100,0,0,341.296630859375,0,7.924896240234375,21.97509765625,22.00215721130371,0,1.034000039100647,0.9067617654800415,50,2.799999952316284,2.381828546524048,0,0,0,0,1176.9999527455907,0,0,0,0.3952314555644989,0.017453119158744812,-0.4118404984474182,0.0008440638775937259,98.61019897460938,98.49036407470703,774.8623046875,774.7679443359375,774.7679443359375,538.5092163085938,0,0,31.031147003173828,0.0010999999940395355,0.02200000174343586,0.03299999609589577,0.04399999603629112,5655.8173828125,114276.53125,0.0429663360118866,0,3.1392715754918754e-05,481.6026306152344,0,0.0002616529818624258,2.8350639695418067e-05,0,0,23.700000762939453,0,0,1600,0,50,0,0,0,50,50,800,0.0,0.0,0.0,0.0
265,148.48768615722656,302.20562744140625,319.2828063964844,319.255615234375,285.45037841796875,285.4775085449219,16895.86328125,33741.640625,62.496944427490234,62.4970817565918,1806.255126953125,3600.880126953125,1793.9066162109375,3576.921875,275.8624267578125,40.056663513183594,4.176512447884306e-06,0,0,2599.46826171875,1255.2694091796875,0,30.923437118530273,2665.33203125,11.776361465454102,11.782403945922852,902.3175659179688,1799.001953125,49.6966667175293,49.70756530761719,100,0,0,341.2890930175781,0,7.924896240234375,22.00629425048828,22.033489227294922,0,1.034000039100647,0.9067617654800415,50,2.799999952316284,2.3807804584503174,0,0,0,0,1176.9999527455907,0,0,0,0.39679643511772156,0.017234688624739647,-0.4134005308151245,0.0006305935094133019,98.62467193603516,98.53353118896484,775.0165405273438,774.94482421875,774.94482421875,538.5825805664062,0,0,30.923437118530273,0.0010999999940395355,0.02200000174343586,0.03299999609589577,0.04399999603629112,5655.8173828125,114276.53125,0.0429663360118866,0,3.1392715754918754e-05,483.4234313964844,0,0.0002616529818624258,2.8350639695418067e-05,0,0,23.700000762939453,0,0,1600,0,50,0,0,0,50,50,800,0.0,0.0,0.0,0.0
266,148.4759521484375,302.17681884765625,319.2455139160156,319.21826171875,285.4241638183594,285.4513854980469,16895.86328125,33741.640625,62.46690368652344,62.467037200927734,1806.3873291015625,3601.14794921875,1793.9091796875,3576.919921875,275.8436584472656,40.009193420410156,-4.220086339046247e-06,0,0,2599.51318359375,1255.096923828125,0,30.866281509399414,2666.248046875,11.776470184326172,11.78249454498291,902.4061889648438,1799.1796875,49.691322326660156,49.70199966430664,100,0,0,341.2823791503906,0,7.924896240234375,22.03687858581543,22.06414222717285,0,1.034000039100647,0.9067617654800415,50,2.799999952316284,2.379958152770996,0,0,0,0,1176.9999527455907,0,0,0,0.3983156681060791,0.01707002893090248,-0.4149605631828308,0.00042513685184530914,98.6331558227539,98.56739807128906,775.1298828125,775.078125,775.078125,538.6346435546875,0,0,30.866281509399414,0.0010999999940395355,0.02200000174343586,0.03299999609589577,0.04399999603629112,5655.8173828125,114276.53125,0.0429663360118866,0,3.1392715754918754e-05,485.2442321777344,0,0.0002616529818624258,2.8350639695418067e-05,0,0,23.700000762939453,0,0,1600,0,50,0,0,0,50,50,800,0.0,0.0,0.0,0.0
267,148.4651641845703,302.1485900878906,319.2095642089844,319.1822509765625,285.39776611328125,285.42510986328125,16895.86328125,33741.640625,62.4371337890625,62.4372673034668,1806.4847412109375,3601.35009765625,1793.9088134765625,3576.92041015625,275.8254089355469,39.963226318359375,3.585675813155831e-06,0,0,2599.5537109375,1254.92626953125,0,30.85613250732422,2666.938720703125,11.776590347290039,11.782594680786133,902.5098876953125,1799.386962890625,49.687747955322266,49.698177337646484,100,0,0,341.2763366699219,0,7.924896240234375,22.066753387451172,22.094083786010742,0,1.034000039100647,0.9067617654800415,50,2.799999952316284,2.379338264465332,0,0,0,0,1176.9999527455907,0,0,0,0.3998052179813385,0.01695394702255726,-0.4165205955505371,0.0002385807310929522,98.63496398925781,98.59292602539062,775.2052612304688,775.172119140625,775.172119140625,538.6674194335938,0,0,30.85613250732422,0.0010999999940395355,0.02200000174343586,0.03299999609589577,0.04399999603629112,5655.8173828125,114276.53125,0.0429663360118866,0,3.1392715754918754e-05,487.0650329589844,0,0.0002616529818624258,2.8350639695418067e-05,0,0,23.700000762939453,0,0,1600,0,50,0,0,0,50,50,800,0.0,0.0,0.0,0.0
268,148.45498657226562,302.12060546875,319.1748046875,319.14739990234375,285.3713073730469,285.39874267578125,16895.86328125,33741.640625,62.407657623291016,62.40778732299805,1806.5518798828125,3601.489013671875,1793.9117431640625,3576.917236328125,275.8076477050781,39.91828536987305,-2.489232883817749e-06,0,0,2599.59130859375,1254.7568359375,0,30.89898109436035,2667.420654296875,11.776718139648438,11.782705307006836,902.6146240234375,1799.595703125,49.68580627441406,49.69597625732422,100,0,0,341.2706298828125,0,7.924896240234375,22.09581184387207,22.123210906982422,0,1.034000039100647,0.9067617654800415,50,2.799999952316284,2.3789045810699463,0,0,0,0,1176.9999527455907,0,0,0,0.4012795090675354,0.016883090138435364,-0.4180806279182434,8.198628347599879e-05,98.63103485107422,98.6107406616211,775.2455444335938,775.2294921875,775.2294921875,538.6820678710938,0,0,30.89898109436035,0.0010999999940395355,0.02200000174343586,0.03299999609589577,0.04399999603629112,5655.8173828125,114276.53125,0.0429663360118866,0,3.1392715754918754e-05,488.8858337402344,0,0.0002616529818624258,2.8350639695418067e-05,0,0,23.700000762939453,0,0,1600,0,50,0,0,0,50,50,800,0.0,0.0,0.0,0.0
269,148.4451904296875,302.0927429199219,319.1409912109375,319.11358642578125,285.3448181152344,285.3722839355469,16895.86328125,33741.640625,62.37845993041992,62.37859344482422,1806.59033203125,3601.572509765625,1793.911376953125,3576.91748046875,275.79010009765625,39.874000549316406,-4.352420091890963e-06,0,0,2599.627197265625,1254.5882568359375,0,30.98161506652832,2667.71435546875,11.776854515075684,11.78282356262207,902.7139282226562,1799.794189453125,49.68529510498047,49.69525146484375,100,0,0,341.2652282714844,0,7.924896240234375,22.12422752380371,22.15165901184082,0,1.034000039100647,0.9067617654800415,50,2.799999952316284,2.378638982772827,0,0,0,0,1176.9999527455907,0,0,0,0.4027474522590637,0.01685319095849991,-0.4196406304836273,-4.000580156571232e-05,98.623046875,98.6216049194336,775.2548828125,775.2537231445312,775.2537231445312,538.68017578125,0,0,30.98161506652832,0.0010999999940395355,0.02200000174343586,0.03299999609589577,0.04399999603629112,5655.8173828125,114276.53125,0.0429663360118866,0,3.1392715754918754e-05,490.7066345214844,0,0.0002616529818624258,2.8350639695418067e-05,0,0,23.700000762939453,0,0,1600,0,50,0,0,0,50,50,800,0.0,0.0,0.0,0.0
270,148.435546875,302.06475830078125,319.10797119140625,319.08050537109375,285.31829833984375,285.3457946777344,16895.86328125,33741.640625,62.349525451660156,62.34965515136719,1806.6051025390625,3601.607177734375,1793.9112548828125,3576.91748046875,275.7726745605469,39.83003616333008,4.610487991385526e-08,0,0,2599.662353515625,1254.420654296875,0,31.10405921936035,2667.848876953125,11.776995658874512,11.782949447631836,902.8018798828125,1799.9698486328125,49.686004638671875,49.695770263671875,100,0,0,341.2599792480469,0,7.924896240234375,22.15199851989746,22.17946434020996,0,1.034000039100647,0.9067617654800415,50,2.799999952316284,2.3785159587860107,0,0,0,0,1176.9999527455907,0,0,0,0.40421974658966064,0.016858214512467384,-0.4212006628513336,-0.00012269550643395633,98.61274719238281,98.62657165527344,775.2388305664062,775.2496337890625,775.2496337890625,538.6642456054688,0,0,31.10405921936035,0.0010999999940395355,0.02200000174343586,0.03299999609589577,0.04399999603629112,5655.8173828125,114276.53125,0.0429663360118866,0,3.1392715754918754e-05,492.5274353027344,0,0.0002616529818624258,2.8350639695418067e-05,0,0,23.700000762939453,0,0,1600,0,50,0,0,0,50,50,800,0.0,0.0,0.0,0.0
271,148.4259033203125,302.03662109375,319.0755615234375,319.04766845703125,285.2917785644531,285.3197326660156,16895.86328125,33753.00390625,62.320858001708984,62.32099914550781,1806.6009521484375,3601.60498046875,1793.831298828125,3576.997802734375,275.75531005859375,39.786170959472656,-1.7206380107381847e-06,0,0,2599.697021484375,1254.253662109375,0,31.252565383911133,2667.857177734375,11.777143478393555,11.78307819366455,902.8733520507812,1800.2327880859375,49.68769454956055,49.697242736816406,100,0,0,341.2547607421875,0,7.924896240234375,22.1791934967041,22.20709991455078,0,1.034000039100647,0.9067617654800415,50,2.799999952316284,2.378988742828369,0,0,0,0,1176.9999527455907,0,0,0,0.4056999981403351,0.016890963539481163,-0.4227606952190399,-0.0001697186380624771,98.60183715820312,98.62688446044922,775.2034301757812,775.22314453125,775.22314453125,538.6369018554688,0,0,31.252565383911133,0.0010999999940395355,0.02200000174343586,0.03299999609589577,0.04399999603629112,5655.8173828125,114276.53125,0.0429663360118866,0,3.1392715754918754e-05,494.3482360839844,0,0.0002616529818624258,2.8350639695418067e-05,0,0,23.700000762939453,0,0,1600,0,50,0,0,0,50,50,800,0.0,0.0,0.0,0.0
272,148.4160614013672,302.00811767578125,319.0434875488281,319.01483154296875,285.26531982421875,285.29400634765625,16895.86328125,33753.00390625,62.29241180419922,62.29255676269531,1806.572998046875,3601.586669921875,1793.8133544921875,3577.015625,275.7379150390625,39.742183685302734,-8.081596547526715e-07,0,0,2599.73193359375,1254.087646484375,0,31.421140670776367,2667.776611328125,11.777299880981445,11.783209800720215,902.9172973632812,1800.3338623046875,49.68907928466797,49.69990921020508,100,0,0,341.2494812011719,0,7.924896240234375,22.20598030090332,22.23463249206543,0,1.034000039100647,0.9067617654800415,50,2.799999952316284,2.3790571689605713,0,0,0,0,1176.9999527455907,0,0,0,0.40719711780548096,0.016943644732236862,-0.4243207275867462,-0.0001799564779503271,98.59175109863281,98.6239013671875,775.1552124023438,775.1804809570312,775.1804809570312,538.6014404296875,0,0,31.421140670776367,0.0010999999940395355,0.02200000174343586,0.03299999609589577,0.04399999603629112,5655.8173828125,114276.53125,0.0429663360118866,0,3.1392715754918754e-05,496.1690368652344,0,0.0002616529818624258,2.8350639695418067e-05,0,0,23.700000762939453,0,0,1600,0,50,0,0,0,50,50,800,0.0,0.0,0.0,0.0
273,148.406005859375,301.9793701171875,319.011474609375,318.98223876953125,285.2389221191406,285.2682189941406,16895.86328125,33753.00390625,62.26407241821289,62.26421356201172,1806.545166015625,3601.54443359375,1793.8109130859375,3577.01806640625,275.7203674316406,39.697914123535156,-3.473160177236423e-07,0,0,2599.76806640625,1253.9212646484375,0,31.618820190429688,2667.643310546875,11.777456283569336,11.783343315124512,902.9478759765625,1800.398193359375,49.69186019897461,49.70248794555664,100,0,0,341.24407958984375,0,7.924896240234375,22.23259925842285,22.26182746887207,0,1.034000039100647,0.9067617654800415,50,2.799999952316284,2.3791723251342773,0,0,0,0,1176.9999527455907,0,0,0,0.4087074398994446,0.017008135095238686,-0.4258807599544525,-0.0001651735947234556,98.58365631103516,98.61898040771484,775.1004638671875,775.1282348632812,775.1282348632812,538.56103515625,0,0,31.618820190429688,0.0010999999940395355,0.02200000174343586,0.03299999609589577,0.04399999603629112,5655.8173828125,114276.53125,0.0429663360118866,0,3.1392715754918754e-05,497.9898376464844,0,0.0002616529818624258,2.8350639695418067e-05,0,0,23.700000762939453,0,0,1600,0,50,0,0,0,50,50,800,0.0,0.0,0.0,0.0
274,148.39578247070312,301.9503479003906,318.9795227050781,318.9497985839844,285.21258544921875,285.2423400878906,16895.86328125,33753.00390625,62.23579025268555,62.235931396484375,1806.515380859375,3601.495849609375,1793.8153076171875,3577.013671875,275.7027587890625,39.653404235839844,-4.582756901072571e-06,0,0,2599.804443359375,1253.7545166015625,0,31.813459396362305,2667.4912109375,11.77761459350586,11.783476829528809,902.966796875,1800.43408203125,49.6948127746582,49.70519256591797,100,0,0,341.23858642578125,0,7.924896240234375,22.25904655456543,22.288785934448242,0,1.034000039100647,0.9067617654800415,50,2.799999952316284,2.3793044090270996,0,0,0,0,1176.9999527455907,0,0,0,0.41023093461990356,0.017077147960662842,-0.4274407625198364,-0.00013269484043121338,98.57797241210938,98.61334991455078,775.0444946289062,775.0723876953125,775.0723876953125,538.5186157226562,0,0,31.813459396362305,0.0010999999940395355,0.02200000174343586,0.03299999609589577,0.04399999603629112,5655.8173828125,114276.53125,0.0429663360118866,0,3.1392715754918754e-05,499.8106384277344,0,0.0002616529818624258,2.8350639695418067e-05,0,0,23.700000762939453,0,0,1600,0,50,0,0,0,50,50,800,0.0,0.0,0.0,0.0
275,148.3853759765625,301.9211120605469,318.9476013183594,318.9174499511719,285.18621826171875,285.2164001464844,16895.86328125,33753.00390625,62.20753479003906,62.207672119140625,1806.4876708984375,3601.44970703125,1793.8155517578125,3577.01318359375,275.6850280761719,39.60867691040039,6.072997393857804e-07,0,0,2599.842041015625,1253.58837890625,0,32.00628662109375,2667.345458984375,11.777770042419434,11.783608436584473,902.9745483398438,1800.4490966796875,49.69777297973633,49.70778274536133,100,0,0,341.2330017089844,0,7.924896240234375,22.2853946685791,22.31553840637207,0,1.034000039100647,0.9067617654800415,50,2.799999952316284,2.3794305324554443,0,0,0,0,1176.9999527455907,0,0,0,0.4117640554904938,0.017145071178674698,-0.4290007948875427,-9.165872324956581e-05,98.57481384277344,98.60796356201172,774.9912719726562,775.0173950195312,775.0173950195312,538.4765625,0,0,32.00628662109375,0.0010999999940395355,0.02200000174343586,0.03299999609589577,0.04399999603629112,5655.8173828125,114276.53125,0.0429663360118866,0,3.1392715754918754e-05,501.6314392089844,0,0.0002616529818624258,2.8350639695418067e-05,0,0,23.700000762939453,0,0,1600,0,50,0,0,0,50,50,800,0.0,0.0,0.0,0.0
276,148.37484741210938,301.8916931152344,318.91546630859375,318.8850402832031,285.1599426269531,285.1904602050781,16895.86328125,33753.00390625,62.17927932739258,62.179420471191406,1806.4627685546875,3601.40966796875,1793.8133544921875,3577.01513671875,275.667236328125,39.56376266479492,-1.4005544244355406e-06,0,0,2599.879638671875,1253.4215087890625,0,32.19719314575195,2667.223876953125,11.777925491333008,11.783740997314453,902.9732055664062,1800.4495849609375,49.700469970703125,49.71025085449219,100,0,0,341.227294921875,0,7.924896240234375,22.311809539794922,22.34225845336914,0,1.034000039100647,0.9067617654800415,50,2.799999952316284,2.37953519821167,0,0,0,0,1176.9999527455907,0,0,0,0.4133068025112152,0.017207887023687363,-0.430560827255249,-4.612235352396965e-05,98.5739974975586,98.60346984863281,774.9432983398438,774.9664916992188,774.9664916992188,538.4365234375,0,0,32.19719314575195,0.0010999999940395355,0.02200000174343586,0.03299999609589577,0.04399999603629112,5655.8173828125,114276.53125,0.0429663360118866,0,3.1392715754918754e-05,503.4522399902344,0,0.0002616529818624258,2.8350639695418067e-05,0,0,23.700000762939453,0,0,1600,0,50,0,0,0,50,50,800,0.0,0.0,0.0,0.0
277,148.3642578125,301.8620910644531,318.88323974609375,318.8525085449219,285.1336669921875,285.1644592285156,16895.86328125,33753.00390625,62.15100860595703,62.15114974975586,1806.44287109375,3601.379150390625,1793.81298828125,3577.015625,275.6494140625,39.51873779296875,1.0138361403733143e-06,0,0,2599.91748046875,1253.25439453125,0,32.38197326660156,2667.138427734375,11.77807903289795,11.7838716506958,902.9656982421875,1800.4351806640625,49.702903747558594,49.71242141723633,100,0,0,341.2215576171875,0,7.924896240234375,22.33832550048828,22.369047164916992,0,1.034000039100647,0.9067617654800415,50,2.799999952316284,2.379607677459717,0,0,0,0,1176.9999527455907,0,0,0,0.4148573577404022,0.017263082787394524,-0.4321208596229553,-4.2011961909338424e-07,98.57536315917969,98.60031127929688,774.9021606445312,774.9218139648438,774.9218139648438,538.3993530273438,0,0,32.38197326660156,0.0010999999940395355,0.02200000174343586,0.03299999609589577,0.04399999603629112,5655.8173828125,114276.53125,0.0429663360118866,0,3.1392715754918754e-05,505.2730407714844,0,0.0002616529818624258,2.8350639695418067e-05,0,0,23.700000762939453,0,0,1600,0,50,0,0,0,50,50,800,0.0,0.0,0.0,0.0
278,148.35365295410156,301.8324279785156,318.85089111328125,318.8199157714844,285.10736083984375,285.1383972167969,16895.86328125,33753.00390625,62.12270736694336,62.12284469604492,1806.4287109375,3601.36083984375,1793.8143310546875,3577.014404296875,275.6315612792969,39.473663330078125,-4.124874521949096e-06,0,0,2599.955810546875,1253.087158203125,0,32.55763626098633,2667.094482421875,11.778230667114258,11.784000396728516,902.9559326171875,1800.41357421875,49.70502471923828,49.71427536010742,100,0,0,341.2158203125,0,7.924896240234375,22.36494255065918,22.395902633666992,0,1.034000039100647,0.9067617654800415,50,2.799999952316284,2.379642963409424,0,0,0,0,1176.9999527455907,0,0,0,0.41641032695770264,0.017309313639998436,-0.4336808919906616,3.8759968447266147e-05,98.5784683227539,98.59868621826172,774.8684692382812,774.8843994140625,774.8843994140625,538.3658447265625,0,0,32.55763626098633,0.0010999999940395355,0.02200000174343586,0.03299999609589577,0.04399999603629112,5655.8173828125,114276.53125,0.0429663360118866,0,3.1392715754918754e-05,507.0938415527344,0,0.0002616529818624258,2.8350639695418067e-05,0,0,23.700000762939453,0,0,1600,0,50,0,0,0,50,50,800,0.0,0.0,0.0,0.0
279,148.34310913085938,301.8027038574219,318.818359375,318.7872314453125,285.0810852050781,285.1122741699219,16895.86328125,33753.00390625,62.09436798095703,62.09450149536133,1806.42041015625,3601.353271484375,1793.8125,3577.016357421875,275.6137390136719,39.42861557006836,-5.1965303100587334e-06,0,0,2599.994140625,1252.919921875,0,32.72529602050781,2667.092529296875,11.77838134765625,11.78412914276123,902.9439697265625,1800.392822265625,49.706817626953125,49.7158203125,100,0,0,341.2100524902344,0,7.924896240234375,22.39169692993164,22.42282485961914,0,1.034000039100647,0.9067617654800415,50,2.799999952316284,2.379640817642212,0,0,0,0,1176.9999527455907,0,0,0,0.41796401143074036,0.017346417531371117,-0.43524089455604553,6.950982060516253e-05,98.5827865600586,98.59861755371094,774.8418579101562,774.8543701171875,774.8543701171875,538.3359375,0,0,32.72529602050781,0.0010999999940395355,0.02200000174343586,0.03299999609589577,0.04399999603629112,5655.8173828125,114276.53125,0.0429663360118866,0,3.1392715754918754e-05,508.9146423339844,0,0.0002616529818624258,2.8350639695418067e-05,0,0,23.700000762939453,0,0,1600,0,50,0,0,0,50,50,800,0.0,0.0,0.0,0.0
280,148.33265686035156,301.77294921875,318.78570556640625,318.7540283203125,285.0548400878906,285.0865783691406,16895.86328125,33764.38671875,62.066043853759766,62.06618881225586,1806.41796875,3601.35595703125,1793.732666015625,3577.09619140625,275.5959167480469,39.38367462158203,-6.357038273563376e-07,0,0,2600.03173828125,1252.7520751953125,0,32.88468933105469,2667.12841796875,11.77853012084961,11.784255981445312,902.9336547851562,1800.492431640625,49.70835876464844,49.7170524597168,100,0,0,341.2043762207031,0,7.924896240234375,22.41865348815918,22.45032501220703,0,1.034000039100647,0.9067617654800415,50,2.799999952316284,2.3800899982452393,0,0,0,0,1176.9999527455907,0,0,0,0.4195201098918915,0.017375312745571136,-0.43680092692375183,9.44918065215461e-05,98.58780670166016,98.59993743896484,774.8214111328125,774.8309326171875,774.8309326171875,538.3093872070312,0,0,32.88468933105469,0.0010999999940395355,0.02200000174343586,0.03299999609589577,0.04399999603629112,5655.8173828125,114276.53125,0.0429663360118866,0,3.1392715754918754e-05,510.7354431152344,0,0.0002616529818624258,2.8350639695418067e-05,0,0,23.700000762939453,0,0,1600,0,50,0,0,0,50,50,800,0.0,0.0,0.0,0.0
281,148.322265625,301.74310302734375,318.7529296875,318.7204284667969,285.0285949707031,285.0611572265625,16895.86328125,33764.38671875,62.03773498535156,62.03788375854492,1806.4075927734375,3601.377197265625,1793.7169189453125,3577.112060546875,275.57818603515625,39.3388557434082,1.2459012168619665e-06,0,0,2600.0693359375,1252.5848388671875,0,33.03549575805664,2667.19580078125,11.778684616088867,11.784382820129395,902.9127807617188,1800.46533203125,49.708621978759766,49.71861267089844,100,0,0,341.1986999511719,0,7.924896240234375,22.445781707763672,22.4782657623291,0,1.034000039100647,0.9067617654800415,50,2.799999952316284,2.380025863647461,0,0,0,0,1176.9999527455907,0,0,0,0.421078622341156,0.017397338524460793,-0.43836095929145813,0.00011500744585646316,98.5934066772461,98.60243225097656,774.8059692382812,774.8131103515625,774.8131103515625,538.2855834960938,0,0,33.03549575805664,0.0010999999940395355,0.02200000174343586,0.03299999609589577,0.04399999603629112,5655.8173828125,114276.53125,0.0429663360118866,0,3.1392715754918754e-05,512.5562744140625,0,0.0002616529818624258,2.8350639695418067e-05,0,0,23.700000762939453,0,0,1600,0,50,0,0,0,50,50,800,0.0,0.0,0.0,0.0
282,148.31201171875,301.71337890625,318.7200622558594,318.6868896484375,285.0023498535156,285.0355529785156,16895.86328125,33764.38671875,62.009342193603516,62.009490966796875,1806.4091796875,3601.39697265625,1793.71484375,3577.114013671875,275.56048583984375,39.294166564941406,1.6103005009426852e-06,0,0,2600.1064453125,1252.41748046875,0,33.19401550292969,2667.289794921875,11.778838157653809,11.78450870513916,902.8988647460938,1800.4405517578125,49.70975112915039,49.719425201416016,100,0,0,341.193115234375,0,7.924896240234375,22.47304344177246,22.506206512451172,0,1.034000039100647,0.9067617654800415,50,2.799999952316284,2.3799383640289307,0,0,0,0,1176.9999527455907,0,0,0,0.42263075709342957,0.017413586378097534,-0.43992099165916443,0.00012335172505117953,98.59931182861328,98.60590362548828,774.7947387695312,774.7999877929688,774.7999877929688,538.2640991210938,0,0,33.19401550292969,0.0010999999940395355,0.02200000174343586,0.03299999609589577,0.04399999603629112,5655.8173828125,114276.53125,0.0429663360118866,0,3.1392715754918754e-05,514.3770751953125,0,0.0002616529818624258,2.8350639695418067e-05,0,0,23.700000762939453,0,0,1600,0,50,0,0,0,50,50,800,0.0,0.0,0.0,0.0
283,148.30198669433594,301.6836853027344,318.6871337890625,318.6534118652344,284.9761047363281,285.00982666015625,16895.86328125,33764.38671875,61.98087692260742,61.98102569580078,1806.4144287109375,3601.420166015625,1793.71630859375,3577.11279296875,275.54290771484375,39.249725341796875,-2.802735480145202e-06,0,0,2600.14306640625,1252.2493896484375,0,33.3343391418457,2667.402099609375,11.778989791870117,11.78463363647461,902.89404296875,1800.428955078125,49.71073532104492,49.7201042175293,100,0,0,341.1875915527344,0,7.924896240234375,22.50044059753418,22.5341796875,0,1.034000039100647,0.9067617654800415,50,2.799999952316284,2.3798344135284424,0,0,0,0,1176.9999527455907,0,0,0,0.42417827248573303,0.017425647005438805,-0.4414810240268707,0.00012289891310501844,98.60485076904297,98.61006164550781,774.7861328125,774.7902221679688,774.7902221679688,538.244384765625,0,0,33.3343391418457,0.0010999999940395355,0.02200000174343586,0.03299999609589577,0.04399999603629112,5655.8173828125,114276.53125,0.0429663360118866,0,3.1392715754918754e-05,516.1978759765625,0,0.0002616529818624258,2.8350639695418067e-05,0,0,23.700000762939453,0,0,1600,0,50,0,0,0,50,50,800,0.0,0.0,0.0,0.0
284,148.29217529296875,301.6540832519531,318.6542053222656,318.6199951171875,284.9498596191406,284.9840393066406,16895.86328125,33764.38671875,61.95235824584961,61.95250701904297,1806.420166015625,3601.446044921875,1793.7154541015625,3577.11328125,275.5254211425781,39.20558166503906,-4.440105385583593e-06,0,0,2600.1787109375,1252.08154296875,0,33.46826934814453,2667.524658203125,11.779142379760742,11.784757614135742,902.8929443359375,1800.427734375,49.71165466308594,49.720680236816406,100,0,0,341.1822204589844,0,7.924896240234375,22.52800941467285,22.562223434448242,0,1.034000039100647,0.9067617654800415,50,2.799999952316284,2.3797216415405273,0,0,0,0,1176.9999527455907,0,0,0,0.425721138715744,0.017435448244214058,-0.44304102659225464,0.00011553531658137217,98.60973358154297,98.61458587646484,774.7784423828125,774.7822875976562,774.7822875976562,538.2255859375,0,0,33.46826934814453,0.0010999999940395355,0.02200000174343586,0.03299999609589577,0.04399999603629112,5655.8173828125,114276.53125,0.0429663360118866,0,3.1392715754918754e-05,518.0186767578125,0,0.0002616529818624258,2.8350639695418067e-05,0,0,23.700000762939453,0,0,1600,0,50,0,0,0,50,50,800,0.0,0.0,0.0,0.0
285,148.2825927734375,301.62457275390625,318.621337890625,318.5867004394531,284.923583984375,284.9581298828125,16895.86328125,33764.38671875,61.92379379272461,61.92394256591797,1806.4259033203125,3601.471435546875,1793.7135009765625,3577.11572265625,275.508056640625,39.16172790527344,-4.4638250074058305e-06,0,0,2600.2138671875,1251.9134521484375,0,33.6010856628418,2667.6474609375,11.77929401397705,11.784880638122559,902.8958129882812,1800.4365234375,49.71255111694336,49.72125244140625,100,0,0,341.1769714355469,0,7.924896240234375,22.555644989013672,22.59026527404785,0,1.034000039100647,0.9067617654800415,50,2.799999952316284,2.379608392715454,0,0,0,0,1176.9999527455907,0,0,0,0.42725932598114014,0.017444994300603867,-0.44460105895996094,0.00010327072959626094,98.61383819580078,98.61913299560547,774.7703857421875,774.7745361328125,774.7745361328125,538.2069091796875,0,0,33.6010856628418,0.0010999999940395355,0.02200000174343586,0.03299999609589577,0.04399999603629112,5655.8173828125,114276.53125,0.0429663360118866,0,3.1392715754918754e-05,519.8394775390625,0,0.0002616529818624258,2.8350639695418067e-05,0,0,23.700000762939453,0,0,1600,0,50,0,0,0,50,50,800,0.0,0.0,0.0,0.0
286,148.27322387695312,301.5950927734375,318.5885009765625,318.55352783203125,284.8973083496094,284.9321594238281,16895.86328125,33764.38671875,61.895198822021484,61.89534378051758,1806.430908203125,3601.493408203125,1793.7147216796875,3577.114013671875,275.49078369140625,39.1181755065918,-1.1308711691526696e-06,0,0,2600.247802734375,1251.7452392578125,0,33.73007583618164,2667.764892578125,11.779443740844727,11.785004615783691,902.9036865234375,1800.450439453125,49.713470458984375,49.72188186645508,100,0,0,341.17181396484375,0,7.924896240234375,22.58331298828125,22.61827278137207,0,1.034000039100647,0.9067617654800415,50,2.799999952316284,2.379500150680542,0,0,0,0,1176.9999527455907,0,0,0,0.4287929832935333,0.01745571568608284,-0.44616109132766724,8.760644413996488e-05,98.61709594726562,98.62347412109375,774.7608032226562,774.765869140625,774.765869140625,538.1878051757812,0,0,33.73007583618164,0.0010999999940395355,0.02200000174343586,0.03299999609589577,0.04399999603629112,5655.8173828125,114276.53125,0.0429663360118866,0,3.1392715754918754e-05,521.6602783203125,0,0.0002616529818624258,2.8350639695418067e-05,0,0,23.700000762939453,0,0,1600,0,50,0,0,0,50,50,800,0.0,0.0,0.0,0.0
287,148.2640380859375,301.565673828125,318.5556640625,318.5205078125,284.87103271484375,284.9061279296875,16895.86328125,33764.38671875,61.86658477783203,61.86672592163086,1806.43408203125,3601.5126953125,1793.712646484375,3577.115966796875,275.4736633300781,39.07487869262695,-1.4133368040347705e-06,0,0,2600.28125,1251.576904296875,0,33.8634033203125,2667.871337890625,11.779593467712402,11.785128593444824,902.9141235351562,1800.4742431640625,49.71449661254883,49.722564697265625,100,0,0,341.16680908203125,0,7.924896240234375,22.61111831665039,22.646282196044922,0,1.034000039100647,0.9067617654800415,50,2.799999952316284,2.379401922225952,0,0,0,0,1176.9999527455907,0,0,0,0.4303237497806549,0.017468780279159546,-0.44772112369537354,7.142154936445877e-05,98.6194839477539,98.62740325927734,774.7490234375,774.7552490234375,774.7552490234375,538.1677856445312,0,0,33.8634033203125,0.0010999999940395355,0.02200000174343586,0.03299999609589577,0.04399999603629112,5655.8173828125,114276.53125,0.0429663360118866,0,3.1392715754918754e-05,523.4810791015625,0,0.0002616529818624258,2.8350639695418067e-05,0,0,23.700000762939453,0,0,1600,0,50,0,0,0,50,50,800,0.0,0.0,0.0,0.0
288,148.25503540039062,301.5362548828125,318.5229187011719,318.487548828125,284.8446960449219,284.8800048828125,16895.86328125,33764.38671875,61.837947845458984,61.83809280395508,1806.4349365234375,3601.526123046875,1793.7154541015625,3577.11328125,275.4565734863281,39.03182601928711,3.581489863790921e-06,0,0,2600.313720703125,1251.408203125,0,33.997135162353516,2667.963134765625,11.779743194580078,11.78525161743164,902.9257202148438,1800.497802734375,49.71562576293945,49.72335433959961,100,0,0,341.1618347167969,0,7.924896240234375,22.63892364501953,22.67428970336914,0,1.034000039100647,0.9067617654800415,50,2.799999952316284,2.379316806793213,0,0,0,0,1176.9999527455907,0,0,0,0.43185171484947205,0.017485028132796288,-0.44928115606307983,5.5590178817510605e-05,98.6212158203125,98.63079833984375,774.7345581054688,774.7421264648438,774.7421264648438,538.146484375,0,0,33.997135162353516,0.0010999999940395355,0.02200000174343586,0.03299999609589577,0.04399999603629112,5655.8173828125,114276.53125,0.0429663360118866,0,3.1392715754918754e-05,525.3018798828125,0,0.0002616529818624258,2.8350639695418067e-05,0,0,23.700000762939453,0,0,1600,0,50,0,0,0,50,50,800,0.0,0.0,0.0,0.0
289,148.24615478515625,301.5068359375,318.490234375,318.45391845703125,284.8183898925781,284.8546447753906,16895.86328125,33775.765625,61.809410095214844,61.80956268310547,1806.4176025390625,3601.54931640625,1793.6199951171875,3577.208984375,275.43963623046875,38.9890022277832,8.938425253290916e-07,0,0,2600.34619140625,1251.239990234375,0,34.13131332397461,2668.03955078125,11.779895782470703,11.785374641418457,902.9345092773438,1800.6453857421875,49.71596908569336,49.7247200012207,100,0,0,341.1570129394531,0,7.924896240234375,22.66676139831543,22.70307731628418,0,1.034000039100647,0.9067617654800415,50,2.799999952316284,2.3797295093536377,0,0,0,0,1176.9999527455907,0,0,0,0.4333803653717041,0.01750454306602478,-0.45084115862846375,4.372270996100269e-05,98.62226104736328,98.63362121582031,774.7173461914062,774.726318359375,774.726318359375,538.1239013671875,0,0,34.13131332397461,0.0010999999940395355,0.02200000174343586,0.03299999609589577,0.04399999603629112,5655.8173828125,114276.53125,0.0429663360118866,0,3.1392715754918754e-05,527.1226806640625,0,0.0002616529818624258,2.8350639695418067e-05,0,0,23.700000762939453,0,0,1600,0,50,0,0,0,50,50,800,0.0,0.0,0.0,0.0
290,148.23731994628906,301.4773254394531,318.4575500488281,318.42047119140625,284.7920837402344,284.8291015625,16895.86328125,33775.765625,61.78084945678711,61.781002044677734,1806.41259765625,3601.552490234375,1793.61962890625,3577.20947265625,275.4226989746094,38.94623947143555,-3.1334157029050402e-06,0,0,2600.377685546875,1251.0716552734375,0,34.28236770629883,2668.101806640625,11.780052185058594,11.785497665405273,902.9391479492188,1800.659912109375,49.71713638305664,49.72584533691406,100,0,0,341.1521911621094,0,7.924896240234375,22.69463539123535,22.73169708251953,0,1.034000039100647,0.9067617654800415,50,2.799999952316284,2.3796706199645996,0,0,0,0,1176.9999527455907,0,0,0,0.43491142988204956,0.017527325078845024,-0.45240119099617004,3.756377918762155e-05,98.62323760986328,98.63592529296875,774.6978759765625,774.7078857421875,774.7078857421875,538.0999755859375,0,0,34.28236770629883,0.0010999999940395355,0.02200000174343586,0.03299999609589577,0.04399999603629112,5655.8173828125,114276.53125,0.0429663360118866,0,3.1392715754918754e-05,528.9434814453125,0,0.0002616529818624258,2.8350639695418067e-05,0,0,23.700000762939453,0,0,1600,0,50,0,0,0,50,50,800,0.0,0.0,0.0,0.0
291,148.22857666015625,301.44781494140625,318.42486572265625,318.3871765136719,284.7657775878906,284.80340576171875,16895.86328125,33775.765625,61.75225830078125,61.75241470336914,1806.4053955078125,3601.552978515625,1793.614501953125,3577.214599609375,275.40582275390625,38.90359878540039,7.958399237395497e-07,0,0,2600.409423828125,1250.9031982421875,0,34.43044662475586,2668.1533203125,11.780206680297852,11.785621643066406,902.9452514648438,1800.6751708984375,49.71861267089844,49.726924896240234,100,0,0,341.1474304199219,0,7.924896240234375,22.722576141357422,22.7602481842041,0,1.034000039100647,0.9067617654800415,50,2.799999952316284,2.3796212673187256,0,0,0,0,1176.9999527455907,0,0,0,0.43644145131111145,0.01755245216190815,-0.45396122336387634,3.266399653512053e-05,98.62422180175781,98.63783264160156,774.6768188476562,774.6875,774.6875,538.0750122070312,0,0,34.43044662475586,0.0010999999940395355,0.02200000174343586,0.03299999609589577,0.04399999603629112,5655.8173828125,114276.53125,0.0429663360118866,0,3.1392715754918754e-05,530.7642822265625,0,0.0002616529818624258,2.8350639695418067e-05,0,0,23.700000762939453,0,0,1600,0,50,0,0,0,50,50,800,0.0,0.0,0.0,0.0
292,148.21995544433594,301.4183349609375,318.3922424316406,318.3540344238281,284.7393798828125,284.7775573730469,16895.86328125,33775.765625,61.72364044189453,61.723793029785156,1806.3970947265625,3601.55126953125,1793.6182861328125,3577.2109375,275.3890075683594,38.86111831665039,-2.779783244477585e-06,0,0,2600.440673828125,1250.7342529296875,0,34.57126235961914,2668.197021484375,11.78035831451416,11.785743713378906,902.9535522460938,1800.690673828125,49.72007751464844,49.72806930541992,100,0,0,341.1427307128906,0,7.924896240234375,22.7504825592041,22.7886962890625,0,1.034000039100647,0.9067617654800415,50,2.799999952316284,2.3795790672302246,0,0,0,0,1176.9999527455907,0,0,0,0.4379703104496002,0.017579335719347,-0.45552125573158264,2.8398633730830625e-05,98.62512969970703,98.63945007324219,774.6544799804688,774.665771484375,774.665771484375,538.0493774414062,0,0,34.57126235961914,0.0010999999940395355,0.02200000174343586,0.03299999609589577,0.04399999603629112,5655.8173828125,114276.53125,0.0429663360118866,0,3.1392715754918754e-05,532.5850830078125,0,0.0002616529818624258,2.8350639695418067e-05,0,0,23.700000762939453,0,0,1600,0,50,0,0,0,50,50,800,0.0,0.0,0.0,0.0
293,148.21144104003906,301.3887634277344,318.35955810546875,318.3209228515625,284.7130432128906,284.7516174316406,16895.86328125,33775.765625,61.69499969482422,61.695152282714844,1806.3870849609375,3601.547607421875,1793.6180419921875,3577.2109375,275.3722229003906,38.81877517700195,3.9251381167559884e-06,0,0,2600.471435546875,1250.5653076171875,0,34.7155647277832,2668.235107421875,11.780511856079102,11.785863876342773,902.9609375,1800.7056884765625,49.721656799316406,49.729217529296875,100,0,0,341.1380920410156,0,7.924896240234375,22.77852439880371,22.81714630126953,0,1.034000039100647,0.9067617654800415,50,2.799999952316284,2.379542112350464,0,0,0,0,1176.9999527455907,0,0,0,0.43950167298316956,0.01760747656226158,-0.45708128809928894,2.787075936794281e-05,98.62601470947266,98.64085388183594,774.6312866210938,774.6429443359375,774.6429443359375,538.0232543945312,0,0,34.7155647277832,0.0010999999940395355,0.02200000174343586,0.03299999609589577,0.04399999603629112,5655.8173828125,114276.53125,0.0429663360118866,0,3.1392715754918754e-05,534.4058837890625,0,0.0002616529818624258,2.8350639695418067e-05,0,0,23.700000762939453,0,0,1600,0,50,0,0,0,50,50,800,0.0,0.0,0.0,0.0
294,148.20301818847656,301.35919189453125,318.32684326171875,318.28790283203125,284.6867370605469,284.72564697265625,16895.86328125,33775.765625,61.66633224487305,61.66647720336914,1806.3773193359375,3601.54296875,1793.6177978515625,3577.21142578125,275.35552978515625,38.77656936645508,-3.6086584032091196e-07,0,0,2600.501953125,1250.3961181640625,0,34.859352111816406,2668.26953125,11.780662536621094,11.785984992980957,902.9681396484375,1800.7205810546875,49.723201751708984,49.73039627075195,100,0,0,341.1334533691406,0,7.924896240234375,22.8066349029541,22.845561981201172,0,1.034000039100647,0.9067617654800415,50,2.799999952316284,2.3795082569122314,0,0,0,0,1176.9999527455907,0,0,0,0.44103193283081055,0.017636455595493317,-0.45864129066467285,2.7094689357909374e-05,98.62702941894531,98.64212799072266,774.6076049804688,774.6195068359375,774.6195068359375,537.9967651367188,0,0,34.859352111816406,0.0010999999940395355,0.02200000174343586,0.03299999609589577,0.04399999603629112,5655.8173828125,114276.53125,0.0429663360118866,0,3.1392715754918754e-05,536.2266845703125,0,0.0002616529818624258,2.8350639695418067e-05,0,0,23.700000762939453,0,0,1600,0,50,0,0,0,50,50,800,0.0,0.0,0.0,0.0
295,148.19468688964844,301.32958984375,318.2942199707031,318.2549743652344,284.6603088378906,284.6995544433594,16895.86328125,33775.765625,61.637630462646484,61.63778305053711,1806.3662109375,3601.5361328125,1793.620361328125,3577.20849609375,275.3388366699219,38.7344970703125,5.0526673476269934e-06,0,0,2600.531982421875,1250.2266845703125,0,35.00126266479492,2668.302001953125,11.780813217163086,11.78610610961914,902.9765625,1800.7379150390625,49.724769592285156,49.731590270996094,100,0,0,341.1289367675781,0,7.924896240234375,22.8347110748291,22.873943328857422,0,1.034000039100647,0.9067617654800415,50,2.799999952316284,2.379476308822632,0,0,0,0,1176.9999527455907,0,0,0,0.44256287813186646,0.01766585372388363,-0.46020132303237915,2.7396157747716643e-05,98.62802124023438,98.64332580566406,774.5836181640625,774.595703125,774.595703125,537.9700317382812,0,0,35.00126266479492,0.0010999999940395355,0.02200000174343586,0.03299999609589577,0.04399999603629112,5655.8173828125,114276.53125,0.0429663360118866,0,3.1392715754918754e-05,538.0474853515625,0,0.0002616529818624258,2.8350639695418067e-05,0,0,23.700000762939453,0,0,1600,0,50,0,0,0,50,50,800,0.0,0.0,0.0,0.0
296,148.18646240234375,301.2999572753906,318.261474609375,318.2220153808594,284.6339416503906,284.67340087890625,16895.86328125,33775.765625,61.60890579223633,61.60905838012695,1806.35400390625,3601.530029296875,1793.6148681640625,3577.214599609375,275.3222351074219,38.69254684448242,-2.848756366802263e-06,0,0,2600.56201171875,1250.057373046875,0,35.14541244506836,2668.3330078125,11.780962944030762,11.786226272583008,902.9822387695312,1800.753173828125,49.726287841796875,49.73280715942383,100,0,0,341.12445068359375,0,7.924896240234375,22.862957000732422,22.90242576599121,0,1.034000039100647,0.9067617654800415,50,2.799999952316284,2.3794455528259277,0,0,0,0,1176.9999527455907,0,0,0,0.4440944492816925,0.01769566908478737,-0.46176135540008545,2.8775168175343424e-05,98.629150390625,98.64447021484375,774.5595092773438,774.571533203125,774.571533203125,537.9431762695312,0,0,35.14541244506836,0.0010999999940395355,0.02200000174343586,0.03299999609589577,0.04399999603629112,5655.8173828125,114276.53125,0.0429663360118866,0,3.1392715754918754e-05,539.8682861328125,0,0.0002616529818624258,2.8350639695418067e-05,0,0,23.700000762939453,0,0,1600,0,50,0,0,0,50,50,800,0.0,0.0,0.0,0.0
297,148.17831420898438,301.2702941894531,318.228759765625,318.1890869140625,284.6075134277344,284.6471862792969,16895.86328125,33775.765625,61.58015441894531,61.58030700683594,1806.34326171875,3601.521728515625,1793.6160888671875,3577.21337890625,275.3056945800781,38.65071487426758,-3.3746739518392133e-06,0,0,2600.59130859375,1249.8875732421875,0,35.287723541259766,2668.3642578125,11.781109809875488,11.786345481872559,902.9906005859375,1800.76806640625,49.727806091308594,49.7339973449707,100,0,0,341.1199951171875,0,7.924896240234375,22.8912353515625,22.930908203125,0,1.034000039100647,0.9067617654800415,50,2.799999952316284,2.3794145584106445,0,0,0,0,1176.9999527455907,0,0,0,0.44562670588493347,0.017725402489304543,-0.46332138776779175,3.072926847380586e-05,98.63036346435547,98.6456298828125,774.5354614257812,774.5474853515625,774.5474853515625,537.9163208007812,0,0,35.287723541259766,0.0010999999940395355,0.02200000174343586,0.03299999609589577,0.04399999603629112,5655.8173828125,114276.53125,0.0429663360118866,0,3.1392715754918754e-05,541.6890869140625,0,0.0002616529818624258,2.8350639695418067e-05,0,0,23.700000762939453,0,0,1600,0,50,0,0,0,50,50,800,0.0,0.0,0.0,0.0
298,148.17025756835938,301.2405700683594,318.1960144042969,318.15618896484375,284.5810546875,284.62091064453125,16895.86328125,33775.765625,61.5513801574707,61.55152893066406,1806.3314208984375,3601.515380859375,1793.616455078125,3577.212646484375,275.2891540527344,38.6089973449707,2.893906184908701e-06,0,0,2600.620361328125,1249.717529296875,0,35.43231964111328,2668.39697265625,11.781257629394531,11.786462783813477,902.9962768554688,1800.7830810546875,49.72929763793945,49.735164642333984,100,0,0,341.1156005859375,0,7.924896240234375,22.919584274291992,22.959392547607422,0,1.034000039100647,0.9067617654800415,50,2.799999952316284,2.379382610321045,0,0,0,0,1176.9999527455907,0,0,0,0.44715961813926697,0.017754966393113136,-0.46488142013549805,3.3173710107803345e-05,98.63174438476562,98.64683532714844,774.5116577148438,774.5235595703125,774.5235595703125,537.8894653320312,0,0,35.43231964111328,0.0010999999940395355,0.02200000174343586,0.03299999609589577,0.04399999603629112,5655.8173828125,114276.53125,0.0429663360118866,0,3.1392715754918754e-05,543.5098876953125,0,0.0002616529818624258,2.8350639695418067e-05,0,0,23.700000762939453,0,0,1600,0,50,0,0,0,50,50,800,0.0,0.0,0.0,0.0
299,148.1622772216797,301.2108154296875,318.1632080078125,318.12249755859375,284.55462646484375,284.5953674316406,16895.86328125,33787.15625,61.522682189941406,61.5228385925293,1806.30615234375,3601.522216796875,1793.5213623046875,3577.307373046875,275.272705078125,38.567413330078125,-2.409446551610017e-06,0,0,2600.649169921875,1249.547607421875,0,35.573760986328125,2668.430908203125,11.781405448913574,11.786580085754395,902.9984130859375,1800.9168701171875,49.729942321777344,49.73674011230469,100,0,0,341.11126708984375,0,7.924896240234375,22.94803237915039,22.98875617980957,0,1.034000039100647,0.9067617654800415,50,2.799999952316284,2.379833459854126,0,0,0,0,1176.9999527455907,0,0,0,0.44869497418403625,0.017784196883440018,-0.46644142270088196,3.772480340558104e-05,98.63320922851562,98.6480941772461,774.4881591796875,774.4998779296875,774.4998779296875,537.86279296875,0,0,35.573760986328125,0.0010999999940395355,0.02200000174343586,0.03299999609589577,0.04399999603629112,5655.8173828125,114276.53125,0.0429663360118866,0,3.1392715754918754e-05,545.3306884765625,0,0.0002616529818624258,2.8350639695418067e-05,0,0,23.700000762939453,0,0,1600,0,50,0,0,0,50,50,800,0.0,0.0,0.0,0.0
