TIME,P,TAVG,THA,THB,TCA,TCB,WRCA,WRCB,PSGA,PSGB,WFWA,WFWB,WSTA,WSTB,VOL,LVPZ,VOID,WLR,WUP,HUP,HLW,WHPI,WECS,QMWT,LSGA,LSGB,QMGA,QMGB,NSGA,NSGB,TBLD,WTRA,WTRB,TSAT,QRHR,LVCR,SCMA,SCMB,FRCL,PRB,PRBA,TRB,LWRB,DNBR,QFCL,WBK,WSPY,WCSP,HTR,MH2,CNH2,RHBR,RHMT,RHFL,RHRD,RH,PWNT,PWR,TFSB,TFPK,TF,TPCT,WCFT,WLPI,WCHG,RM1,RM2,RM3,RM4,RC87,RC131,STRB,STSG,STTB,RBLK,SGLK,DTHY,DWB,WRLA,WRLB,WLD,MBK,EBK,TKLV,FRZR,TDBR,MDBR,MCRT,MGAS,TCRT,TSLP,PPM,Pad_Col_0,Pad_Col_1,Pad_Col_2,Pad_Col_3
0,158.1999969482422,309.1399841308594,326.1538391113281,326.11614990234375,292.1261291503906,292.1638488769531,16515.818359375,33031.63671875,69.00464630126953,69.0042495727539,1790.2763671875,3580.552734375,1792.9256591796875,3577.9033203125,284.552001953125,62.0,1.8346643173572375e-06,0,0,2574.662353515625,1291.7806396484375,0,23.700000762939453,2705.0,11.830000877380371,11.830000877380371,910.2337036132812,1816.4324951171875,50.0,50.0,100,0,0,346.3753967285156,0,7.924896240234375,20.2215576171875,20.25926399230957,0,1.034000039100647,0.9067617654800415,50,2.799999952316284,2.3000001907348633,0,0,0,0,0.0,0,0,0,0.0,0.0,0,0.0,100.0,100.0,788.9000244140625,788.9000244140625,788.9000244140625,549.02001953125,0,0,23.700000762939453,0.0010999999940395355,0.02200000174343586,0.03299999609589577,0.04399999603629112,5655.8173828125,114276.53125,0.0429663360118866,0,3.1392715754918754e-05,0.9104048013687134,0,0.0002616529818624258,2.8350639695418067e-05,0,0,23.700000762939453,0,0,1600,0,50,0,0,0,50,50,800,0.0,0.0,0.0,0.0
1,158.19033813476562,309.12530517578125,326.1518249511719,326.1134338378906,292.1242370605469,292.1626281738281,16515.818359375,33031.63671875,69.01226043701172,69.01177978515625,1790.602783203125,3580.143310546875,1793.5780029296875,3577.251220703125,284.549560546875,61.99385070800781,1.1948225164815085e-06,0,0,2574.67333984375,1291.741943359375,0,23.700000762939453,2705.042236328125,11.830011367797852,11.830208778381348,909.8095703125,1815.0777587890625,50.035274505615234,49.98440170288086,100,0,0,346.37347412109375,0,7.924896240234375,20.221660614013672,20.26004409790039,0,1.034000039100647,0.9067617654800415,50,2.799999952316284,2.299964189529419,0,0,0,0,1.0797373766589098,0,0,0,0.0009064910700544715,0.0,0,0.0009064910700544715,100.05531311035156,100.0015640258789,788.9423217773438,788.9000244140625,788.9000244140625,549.0162353515625,0,0,23.700000762939453,0.0010999999940395355,0.02200000174343586,0.03299999609589577,0.04399999603629112,5655.8173828125,114276.53125,0.0429663360118866,0,3.1392715754918754e-05,2.7312145233154297,0,0.0002616529818624258,2.8350639695418067e-05,0,0,23.700000762939453,0,0,1600,0,50,0,0,0,50,50,800,0.0,0.0,0.0,0.0
2,158.17666625976562,309.1129150390625,326.146240234375,326.1071472167969,292.1220703125,292.1611633300781,16515.818359375,33031.63671875,69.01728057861328,69.01680755615234,1790.8194580078125,3580.306396484375,1793.615478515625,3577.213623046875,284.54132080078125,61.9730224609375,-1.658560222494998e-06,0,0,2574.711669921875,1291.7503662109375,0,25.92641258239746,2705.87451171875,11.82996654510498,11.830385208129883,909.08251953125,1813.6107177734375,50.03035354614258,49.979454040527344,100,0,0,346.3669738769531,0,7.924896240234375,20.22071075439453,20.259807586669922,0,1.034000039100647,0.9067617654800415,50,2.799999952316284,2.2992568016052246,0,0,0,0,4.723851070035542,0,0,0,0.0016704000299796462,-0.00016549750580452383,0,0.001504902495071292,100.20295715332031,100.03233337402344,789.1683959960938,789.0340576171875,789.0340576171875,549.0764770507812,0,0,25.92641258239746,0.0010999999940395355,0.02200000174343586,0.03299999609589577,0.04399999603629112,5655.8173828125,114276.53125,0.0429663360118866,0,3.1392715754918754e-05,4.552023887634277,0,0.0002616529818624258,2.8350639695418067e-05,0,0,23.700000762939453,0,0,1600,0,50,0,0,0,50,50,800,0.0,0.0,0.0,0.0
3,158.1643524169922,309.1029357910156,326.1385803222656,326.098876953125,292.1196594238281,292.15936279296875,16515.818359375,33031.63671875,69.02031707763672,69.01984405517578,1791.1334228515625,3580.78271484375,1793.6148681640625,3577.214111328125,284.5326232910156,61.95113754272461,4.720665401691804e-06,0,0,2574.751220703125,1291.7537841796875,0,26.365825653076172,2707.640625,11.82989501953125,11.830533027648926,908.5274658203125,1812.4996337890625,50.01654815673828,49.96807861328125,100,0,0,346.3601379394531,0,7.924896240234375,20.2215576171875,20.26126480102539,0,1.034000039100647,0.9067617654800415,50,2.799999952316284,2.297757148742676,0,0,0,0,8.536673622421302,0,0,0,0.002287656767293811,-0.000538369407877326,0,0.0017492873594164848,100.34037780761719,100.09761810302734,789.5270385742188,789.3359375,789.3359375,549.2217407226562,0,0,26.365825653076172,0.0010999999940395355,0.02200000174343586,0.03299999609589577,0.04399999603629112,5655.8173828125,114276.53125,0.0429663360118866,0,3.1392715754918754e-05,6.372833251953125,0,0.0002616529818624258,2.8350639695418067e-05,0,0,23.700000762939453,0,0,1600,0,50,0,0,0,50,50,800,0.0,0.0,0.0,0.0
4,158.15513610839844,309.0960388183594,326.1300048828125,326.08978271484375,292.11724853515625,292.157470703125,16515.818359375,33031.63671875,69.02189636230469,69.02143859863281,1791.508056640625,3581.408935546875,1793.61328125,3577.2158203125,284.5255126953125,61.93311309814453,3.4785919069690863e-06,0,0,2574.7841796875,1291.7559814453125,0,26.092039108276367,2709.92138671875,11.829811096191406,11.830665588378906,908.1460571289062,1811.732421875,49.9986686706543,49.952781677246094,100,0,0,346.35455322265625,0,7.924896240234375,20.22454261779785,20.26475715637207,0,1.034000039100647,0.9067617654800415,50,2.799999952316284,2.295823097229004,0,0,0,0,11.65537913712676,0,0,0,0.002712335204705596,-0.0010274916421622038,0,0.001684843678958714,100.4415283203125,100.18193817138672,789.9363403320312,789.7319946289062,789.7319946289062,549.4155883789062,0,0,26.092039108276367,0.0010999999940395355,0.02200000174343586,0.03299999609589577,0.04399999603629112,5655.8173828125,114276.53125,0.0429663360118866,0,3.1392715754918754e-05,8.193642616271973,0,0.0002616529818624258,2.8350639695418067e-05,0,0,23.700000762939453,0,0,1600,0,50,0,0,0,50,50,800,0.0,0.0,0.0,0.0
5,158.1495361328125,309.09228515625,326.1216125488281,326.0809326171875,292.1150207519531,292.1556701660156,16515.818359375,33031.63671875,69.02256774902344,69.0221176147461,1791.8779296875,3582.031982421875,1793.6070556640625,3577.2216796875,284.5205993652344,61.92070770263672,-3.4335741929680808e-06,0,0,2574.80615234375,1291.758544921875,0,25.53789520263672,2712.23291015625,11.829726219177246,11.830794334411621,907.9273071289062,1811.291748046875,49.98054122924805,49.93722915649414,100,0,0,346.3507385253906,0,7.924896240234375,20.229154586791992,20.26980972290039,0,1.034000039100647,0.9067617654800415,50,2.799999952316284,2.2938666343688965,0,0,0,0,13.7762919445653,0,0,0,0.0029445220716297626,-0.0015272503951564431,0,0.0014172716764733195,100.50336456298828,100.26738739013672,790.3224487304688,790.1366577148438,790.1366577148438,549.615234375,0,0,25.53789520263672,0.0010999999940395355,0.02200000174343586,0.03299999609589577,0.04399999603629112,5655.8173828125,114276.53125,0.0429663360118866,0,3.1392715754918754e-05,10.014452934265137,0,0.0002616529818624258,2.8350639695418067e-05,0,0,23.700000762939453,0,0,1600,0,50,0,0,0,50,50,800,0.0,0.0,0.0,0.0
6,158.1472625732422,309.0914306640625,326.1141357421875,326.0731201171875,292.1131591796875,292.1541748046875,16515.818359375,33031.63671875,69.0228042602539,69.0223617553711,1792.201171875,3582.56201171875,1793.6041259765625,3577.224609375,284.5179443359375,61.91401672363281,-1.4906388514646096e-06,0,0,2574.81787109375,1291.762939453125,0,24.917678833007812,2714.2568359375,11.8296480178833,11.830926895141602,907.8428955078125,1811.11865234375,49.96464538574219,49.92382049560547,100,0,0,346.3487854003906,0,7.924896240234375,20.234647750854492,20.275676727294922,0,1.034000039100647,0.9067617654800415,50,2.799999952316284,2.292156219482422,0,0,0,0,14.884950843504082,0,0,0,0.002996813738718629,-0.0019677116069942713,0,0.0010291021317243576,100.53204345703125,100.34220886230469,790.6427612304688,790.4933471679688,790.4933471679688,549.7924194335938,0,0,24.917678833007812,0.0010999999940395355,0.02200000174343586,0.03299999609589577,0.04399999603629112,5655.8173828125,114276.53125,0.0429663360118866,0,3.1392715754918754e-05,11.8352632522583,0,0.0002616529818624258,2.8350639695418067e-05,0,0,23.700000762939453,0,0,1600,0,50,0,0,0,50,50,800,0.0,0.0,0.0,0.0
7,158.14772033691406,309.0924072265625,326.1080017089844,326.06671142578125,292.1117858886719,292.153076171875,16515.818359375,33031.63671875,69.02296447753906,69.02252960205078,1792.4549560546875,3582.954833984375,1793.6044921875,3577.224853515625,284.5172424316406,61.91230392456055,3.5302484775456833e-06,0,0,2574.820068359375,1291.766845703125,0,24.34695053100586,2715.827880859375,11.829583168029785,11.831068992614746,907.8594360351562,1811.14697265625,49.95223617553711,49.913883209228516,100,0,0,346.348388671875,0,7.924896240234375,20.24037742614746,20.28167724609375,0,1.034000039100647,0.9067617654800415,50,2.799999952316284,2.290830135345459,0,0,0,0,15.101861820510242,0,0,0,0.0029361555352807045,-0.0023121072445064783,0,0.0006240481743589044,100.54029083251953,100.4002914428711,790.8823852539062,790.7721557617188,790.7721557617188,549.9319458007812,0,0,24.34695053100586,0.0010999999940395355,0.02200000174343586,0.03299999609589577,0.04399999603629112,5655.8173828125,114276.53125,0.0429663360118866,0,3.1392715754918754e-05,13.656073570251465,0,0.0002616529818624258,2.8350639695418067e-05,0,0,23.700000762939453,0,0,1600,0,50,0,0,0,50,50,800,0.0,0.0,0.0,0.0
8,158.1498260498047,309.0948791503906,326.1033630371094,326.0617980957031,292.11102294921875,292.1525573730469,16515.818359375,33031.63671875,69.02326965332031,69.02284240722656,1792.643798828125,3583.219482421875,1793.6064453125,3577.222412109375,284.51806640625,61.914306640625,1.2301138951897883e-07,0,0,2574.816162109375,1291.7734375,0,23.889789581298828,2716.95458984375,11.829530715942383,11.831220626831055,907.9296875,1811.2796630859375,49.94328308105469,49.907325744628906,100,0,0,346.34906005859375,0,7.924896240234375,20.24570083618164,20.287273406982422,0,1.034000039100647,0.9067617654800415,50,2.799999952316284,2.2898802757263184,0,0,0,0,14.72106225916507,0,0,0,0.0027834577485919,-0.0025611072778701782,0,0.00022235042706597596,100.53445434570312,100.44194030761719,791.046630859375,790.9738159179688,790.9738159179688,550.0336303710938,0,0,23.889789581298828,0.0010999999940395355,0.02200000174343586,0.03299999609589577,0.04399999603629112,5655.8173828125,114276.53125,0.0429663360118866,0,3.1392715754918754e-05,15.476883888244629,0,0.0002616529818624258,2.8350639695418067e-05,0,0,23.700000762939453,0,0,1600,0,50,0,0,0,50,50,800,0.0,0.0,0.0,0.0
9,158.15306091308594,309.0982360839844,326.10015869140625,326.058349609375,292.1108093261719,292.152587890625,16515.818359375,33031.63671875,69.02386474609375,69.02344512939453,1792.7696533203125,3583.35693359375,1793.6025390625,3577.2265625,284.5198974609375,61.91897964477539,-7.367179364337062e-07,0,0,2574.807861328125,1291.7813720703125,0,23.54823112487793,2717.655029296875,11.82949161529541,11.831381797790527,908.032470703125,1811.4818115234375,49.93764877319336,49.90403747558594,100,0,0,346.3504943847656,0,7.924896240234375,20.25031280517578,20.29212188720703,0,1.034000039100647,0.9067617654800415,50,2.799999952316284,2.289289951324463,0,0,0,0,13.935360128493366,0,0,0,0.002576361410319805,-0.0027182295452803373,0,-0.00014186816406436265,100.50585174560547,100.46783447265625,791.1309204101562,791.1010131835938,791.1010131835938,550.0987548828125,0,0,23.54823112487793,0.0010999999940395355,0.02200000174343586,0.03299999609589577,0.04399999603629112,5655.8173828125,114276.53125,0.0429663360118866,0,3.1392715754918754e-05,17.297693252563477,0,0.0002616529818624258,2.8350639695418067e-05,0,0,23.700000762939453,0,0,1600,0,50,0,0,0,50,50,800,0.0,0.0,0.0,0.0
10,158.15695190429688,309.1020202636719,326.09832763671875,326.05633544921875,292.11114501953125,292.15313720703125,16515.818359375,33031.63671875,69.02481079101562,69.0243911743164,1792.81689453125,3583.338623046875,1793.6044921875,3577.224853515625,284.5224304199219,61.925315856933594,-3.5347004541108618e-06,0,0,2574.796875,1291.7906494140625,0,23.313919067382812,2717.85009765625,11.829462051391602,11.831550598144531,908.1443481445312,1811.6973876953125,49.93583679199219,49.90458679199219,100,0,0,346.35235595703125,0,7.924896240234375,20.254009246826172,20.2960205078125,0,1.034000039100647,0.9067617654800415,50,2.799999952316284,2.289125680923462,0,0,0,0,12.894184823454566,0,0,0,0.002344144508242607,-0.0027654666919261217,0,-0.00042132215457968414,100.4615478515625,100.47505187988281,791.1286010742188,791.1392822265625,791.1392822265625,550.1196899414062,0,0,23.313919067382812,0.0010999999940395355,0.02200000174343586,0.03299999609589577,0.04399999603629112,5655.8173828125,114276.53125,0.0429663360118866,0,3.1392715754918754e-05,19.118501663208008,0,0.0002616529818624258,2.8350639695418067e-05,0,0,23.700000762939453,0,0,1600,0,50,0,0,0,50,50,800,0.0,0.0,0.0,0.0
11,158.160888671875,309.1055908203125,326.0975646972656,326.0553283691406,292.1119384765625,292.15411376953125,16515.818359375,33031.63671875,69.02609252929688,69.02568054199219,1792.8033447265625,3583.1982421875,1793.602294921875,3577.2265625,284.52520751953125,61.93230056762695,-3.2829775591380894e-06,0,0,2574.78515625,1291.8004150390625,0,23.182445526123047,2717.616455078125,11.829440116882324,11.8317232131958,908.2440185546875,1811.890380859375,49.937313079833984,49.90834045410156,100,0,0,346.3543701171875,0,7.924896240234375,20.25682258605957,20.299039840698242,0,1.034000039100647,0.9067617654800415,50,2.799999952316284,2.2893223762512207,0,0,0,0,11.756604527976735,0,0,0,0.0021223705261945724,-0.0027188993990421295,0,-0.0005965289892628789,100.41456604003906,100.46641540527344,791.0607299804688,791.1015625,791.1015625,550.1026611328125,0,0,23.182445526123047,0.0010999999940395355,0.02200000174343586,0.03299999609589577,0.04399999603629112,5655.8173828125,114276.53125,0.0429663360118866,0,3.1392715754918754e-05,20.93931007385254,0,0.0002616529818624258,2.8350639695418067e-05,0,0,23.700000762939453,0,0,1600,0,50,0,0,0,50,50,800,0.0,0.0,0.0,0.0
12,158.16448974609375,309.10870361328125,326.0975341796875,326.05517578125,292.1130676269531,292.1553955078125,16515.818359375,33031.63671875,69.02764892578125,69.02725219726562,1792.7454833984375,3582.97021484375,1793.599853515625,3577.22900390625,284.5278625488281,61.93904113769531,2.327188440176542e-06,0,0,2574.773681640625,1291.8101806640625,0,23.164430618286133,2717.07470703125,11.829423904418945,11.831899642944336,908.31689453125,1812.0301513671875,49.94112014770508,49.91441345214844,100,0,0,346.3563232421875,0,7.924896240234375,20.2587890625,20.3011417388916,0,1.034000039100647,0.9067617654800415,50,2.799999952316284,2.2897789478302,0,0,0,0,10.662406830270788,0,0,0,0.0019319658167660236,-0.0026044081896543503,0,-0.0006724423146806657,100.36982727050781,100.44638061523438,790.9485473632812,791.0088500976562,791.0088500976562,550.0580444335938,0,0,23.164430618286133,0.0010999999940395355,0.02200000174343586,0.03299999609589577,0.04399999603629112,5655.8173828125,114276.53125,0.0429663360118866,0,3.1392715754918754e-05,22.76011848449707,0,0.0002616529818624258,2.8350639695418067e-05,0,0,23.700000762939453,0,0,1600,0,50,0,0,0,50,50,800,0.0,0.0,0.0,0.0
13,158.16744995117188,309.1109924316406,326.097900390625,326.055419921875,292.114501953125,292.1569519042969,16515.818359375,33031.63671875,69.02938079833984,69.02898406982422,1792.662841796875,3582.693603515625,1793.5975341796875,3577.231201171875,284.5301818847656,61.94487380981445,-2.7136745757161407e-06,0,0,2574.763671875,1291.8194580078125,0,23.22777557373047,2716.347412109375,11.829407691955566,11.832071304321289,908.353759765625,1812.0982666015625,49.9462776184082,49.92182922363281,100,0,0,346.3580017089844,0,7.924896240234375,20.260112762451172,20.30259895324707,0,1.034000039100647,0.9067617654800415,50,2.799999952316284,2.2903921604156494,0,0,0,0,9.717636515671018,0,0,0,0.0017896770732477307,-0.002448458457365632,0,-0.0006587814423255622,100.33167266845703,100.41949462890625,790.8134765625,790.882568359375,790.882568359375,549.9962768554688,0,0,23.22777557373047,0.0010999999940395355,0.02200000174343586,0.03299999609589577,0.04399999603629112,5655.8173828125,114276.53125,0.0429663360118866,0,3.1392715754918754e-05,24.5809268951416,0,0.0002616529818624258,2.8350639695418067e-05,0,0,23.700000762939453,0,0,1600,0,50,0,0,0,50,50,800,0.0,0.0,0.0,0.0
14,158.1696014404297,309.11248779296875,326.09844970703125,326.05584716796875,292.11602783203125,292.1585693359375,16515.818359375,33031.63671875,69.03116607666016,69.03077697753906,1792.5787353515625,3582.413818359375,1793.599853515625,3577.229248046875,284.5319519042969,61.94935989379883,-1.3557945521824877e-07,0,0,2574.756103515625,1291.8275146484375,0,23.351806640625,2715.5810546875,11.829387664794922,11.832237243652344,908.3569946289062,1812.0966796875,49.951698303222656,49.9294548034668,100,0,0,346.3593444824219,0,7.924896240234375,20.260892868041992,20.30348014831543,0,1.034000039100647,0.9067617654800415,50,2.799999952316284,2.2910382747650146,0,0,0,0,8.98495677766646,0,0,0,0.0016976039623841643,-0.0022829610388725996,0,-0.0005853570764884353,100.31301879882812,100.39116668701172,790.6870727539062,790.7485961914062,790.7485961914062,549.9302368164062,0,0,23.351806640625,0.0010999999940395355,0.02200000174343586,0.03299999609589577,0.04399999603629112,5655.8173828125,114276.53125,0.0429663360118866,0,3.1392715754918754e-05,26.401735305786133,0,0.0002616529818624258,2.8350639695418067e-05,0,0,23.700000762939453,0,0,1600,0,50,0,0,0,50,50,800,0.0,0.0,0.0,0.0
15,158.17095947265625,309.11322021484375,326.0989074707031,326.0561828613281,292.1175842285156,292.1602478027344,16515.818359375,33031.63671875,69.03290557861328,69.03252410888672,1792.507568359375,3582.158447265625,1793.597900390625,3577.231201171875,284.53314208984375,61.952354431152344,-1.381086690344091e-06,0,0,2574.7509765625,1291.8348388671875,0,23.50540542602539,2714.89990234375,11.829364776611328,11.832398414611816,908.3280029296875,1812.032958984375,49.956485748291016,49.93636703491211,100,0,0,346.3601989746094,0,7.924896240234375,20.26129913330078,20.30402374267578,0,1.034000039100647,0.9067617654800415,50,2.799999952316284,2.2916133403778076,0,0,0,0,8.483650223827528,0,0,0,0.0016515663592144847,-0.002135051880031824,0,-0.00048348549171350896,100.29639434814453,100.36598205566406,790.5740356445312,790.6288452148438,790.6288452148438,549.8709106445312,0,0,23.50540542602539,0.0010999999940395355,0.02200000174343586,0.03299999609589577,0.04399999603629112,5655.8173828125,114276.53125,0.0429663360118866,0,3.1392715754918754e-05,28.222543716430664,0,0.0002616529818624258,2.8350639695418067e-05,0,0,23.700000762939453,0,0,1600,0,50,0,0,0,50,50,800,0.0,0.0,0.0,0.0
16,158.17166137695312,309.1133728027344,326.09918212890625,326.0563659667969,292.1191101074219,292.161865234375,16515.818359375,33031.63671875,69.0345230102539,69.03414916992188,1792.4481201171875,3581.929931640625,1793.5985107421875,3577.23046875,284.53375244140625,61.95399856567383,4.41135625806055e-06,0,0,2574.747802734375,1291.8408203125,0,23.653709411621094,2714.301513671875,11.829336166381836,11.832550048828125,908.2803955078125,1811.9324951171875,49.9605598449707,49.942596435546875,100,0,0,346.3607482910156,0,7.924896240234375,20.26156997680664,20.30439567565918,0,1.034000039100647,0.9067617654800415,50,2.799999952316284,2.2921183109283447,0,0,0,0,8.19443525251044,0,0,0,0.0016431958647444844,-0.002004563342779875,0,-0.00036136750713922083,100.28475189208984,100.34386444091797,790.4766235351562,790.5231323242188,790.5231323242188,549.8182373046875,0,0,23.653709411621094,0.0010999999940395355,0.02200000174343586,0.03299999609589577,0.04399999603629112,5655.8173828125,114276.53125,0.0429663360118866,0,3.1392715754918754e-05,30.043352127075195,0,0.0002616529818624258,2.8350639695418067e-05,0,0,23.700000762939453,0,0,1600,0,50,0,0,0,50,50,800,0.0,0.0,0.0,0.0
17,158.17185974121094,309.1130676269531,326.0992126464844,326.0563049316406,292.1204833984375,292.1633605957031,16515.818359375,33031.63671875,69.03595733642578,69.03559112548828,1792.404541015625,3581.7333984375,1793.595703125,3577.23291015625,284.53399658203125,61.95452880859375,8.555603159265956e-08,0,0,2574.746826171875,1291.8455810546875,0,23.781160354614258,2713.8046875,11.829302787780762,11.832694053649902,908.2181396484375,1811.80322265625,49.963809967041016,49.94797897338867,100,0,0,346.3609619140625,0,7.924896240234375,20.26173973083496,20.304668426513672,0,1.034000039100647,0.9067617654800415,50,2.799999952316284,2.2925381660461426,0,0,0,0,8.069108362569049,0,0,0,0.001662029535509646,-0.001895599765703082,0,-0.00023357017198577523,100.2790298461914,100.32549285888672,790.3983764648438,790.4349365234375,790.4349365234375,549.7741088867188,0,0,23.781160354614258,0.0010999999940395355,0.02200000174343586,0.03299999609589577,0.04399999603629112,5655.8173828125,114276.53125,0.0429663360118866,0,3.1392715754918754e-05,31.864160537719727,0,0.0002616529818624258,2.8350639695418067e-05,0,0,23.700000762939453,0,0,1600,0,50,0,0,0,50,50,800,0.0,0.0,0.0,0.0
18,158.17164611816406,309.1127014160156,326.0989685058594,326.0559997558594,292.12176513671875,292.16473388671875,16515.818359375,33031.63671875,69.03720092773438,69.0368423461914,1792.3787841796875,3581.5732421875,1793.597900390625,3577.23095703125,284.53387451171875,61.954254150390625,7.959367280818697e-07,0,0,2574.746826171875,1291.8497314453125,0,23.882793426513672,2713.424072265625,11.829263687133789,11.832830429077148,908.1593017578125,1811.6781005859375,49.96613311767578,49.95240783691406,100,0,0,346.3609619140625,0,7.924896240234375,20.26197624206543,20.304973602294922,0,1.034000039100647,0.9067617654800415,50,2.799999952316284,2.2928595542907715,0,0,0,0,8.069108362569049,0,0,0,0.0016850483370944858,-0.0018119296291843057,0,-0.00012688127753790468,100.27806854248047,100.3114242553711,790.3409423828125,790.3671875,790.3671875,549.7401123046875,0,0,23.882793426513672,0.0010999999940395355,0.02200000174343586,0.03299999609589577,0.04399999603629112,5655.8173828125,114276.53125,0.0429663360118866,0,3.1392715754918754e-05,33.68497085571289,0,0.0002616529818624258,2.8350639695418067e-05,0,0,23.700000762939453,0,0,1600,0,50,0,0,0,50,50,800,0.0,0.0,0.0,0.0
19,158.17112731933594,309.1119079589844,326.0985107421875,326.055419921875,292.1228332519531,292.1658630371094,16515.818359375,33031.63671875,69.03823852539062,69.03788757324219,1792.37060546875,3581.448486328125,1793.5941162109375,3577.23486328125,284.5335388183594,61.95338821411133,-3.4640065678104293e-06,0,0,2574.747802734375,1291.8531494140625,0,23.957447052001953,2713.16064453125,11.829221725463867,11.832959175109863,908.0889282226562,1811.5345458984375,49.96759033203125,49.95586395263672,100,0,0,346.3607482910156,0,7.924896240234375,20.262248992919922,20.30534553527832,0,1.034000039100647,0.9067617654800415,50,2.799999952316284,2.2930822372436523,0,0,0,0,8.184794954651862,0,0,0,0.0017331780400127172,-0.001753385760821402,0,-2.0207662601023912e-05,100.28132629394531,100.30168914794922,790.3037719726562,790.3197631835938,790.3197631835938,549.716064453125,0,0,23.957447052001953,0.0010999999940395355,0.02200000174343586,0.03299999609589577,0.04399999603629112,5655.8173828125,114276.53125,0.0429663360118866,0,3.1392715754918754e-05,35.50577926635742,0,0.0002616529818624258,2.8350639695418067e-05,0,0,23.700000762939453,0,0,1600,0,50,0,0,0,50,50,800,0.0,0.0,0.0,0.0
20,158.17050170898438,309.111083984375,326.09783935546875,326.0546569824219,292.1237487792969,292.1668701171875,16515.818359375,33031.63671875,69.0390625,69.0387191772461,1792.3800048828125,3581.358642578125,1793.5928955078125,3577.236083984375,284.5330810546875,61.95222091674805,-4.4488857042779273e-07,0,0,2574.74951171875,1291.8553466796875,0,24.00295639038086,2713.0126953125,11.829174041748047,11.833083152770996,908.0254516601562,1811.400390625,49.96809387207031,49.95841979980469,100,0,0,346.3604431152344,0,7.924896240234375,20.26262092590332,20.3057861328125,0,1.034000039100647,0.9067617654800415,50,2.799999952316284,2.2932071685791016,0,0,0,0,8.35350393940182,0,0,0,0.0017833993770182133,-0.0017199679277837276,0,6.343140557873994e-05,100.28804779052734,100.29621887207031,790.2862548828125,790.292724609375,790.292724609375,549.7020874023438,0,0,24.00295639038086,0.0010999999940395355,0.02200000174343586,0.03299999609589577,0.04399999603629112,5655.8173828125,114276.53125,0.0429663360118866,0,3.1392715754918754e-05,37.32658767700195,0,0.0002616529818624258,2.8350639695418067e-05,0,0,23.700000762939453,0,0,1600,0,50,0,0,0,50,50,800,0.0,0.0,0.0,0.0
21,158.1698760986328,309.1103515625,326.0970153808594,326.05377197265625,292.1244812011719,292.1676330566406,16515.818359375,33031.63671875,69.03970336914062,69.03936767578125,1792.404541015625,3581.301025390625,1793.59033203125,3577.238525390625,284.5325622558594,61.95096969604492,4.277935659047216e-07,0,0,2574.751220703125,1291.8570556640625,0,24.022335052490234,2712.968505859375,11.829124450683594,11.833199501037598,907.970458984375,1811.28564453125,49.967838287353516,49.960121154785156,100,0,0,346.3601379394531,0,7.924896240234375,20.26313018798828,20.306364059448242,0,1.034000039100647,0.9067617654800415,50,2.799999952316284,2.2932446002960205,0,0,0,0,8.536673622421302,0,0,0,0.0018294347682967782,-0.0017093312926590443,0,0.00012010351201752201,100.29656982421875,100.29458618164062,790.28564453125,790.2841186523438,790.2841186523438,549.6973876953125,0,0,24.022335052490234,0.0010999999940395355,0.02200000174343586,0.03299999609589577,0.04399999603629112,5655.8173828125,114276.53125,0.0429663360118866,0,3.1392715754918754e-05,39.147396087646484,0,0.0002616529818624258,2.8350639695418067e-05,0,0,23.700000762939453,0,0,1600,0,50,0,0,0,50,50,800,0.0,0.0,0.0,0.0
22,158.16937255859375,309.10992431640625,326.09613037109375,326.0528259277344,292.1250915527344,292.1683044433594,16515.818359375,33031.63671875,69.04019165039062,69.03985595703125,1792.44091796875,3581.267822265625,1793.59228515625,3577.236572265625,284.5321350097656,61.9498176574707,-4.864792117587058e-06,0,0,2574.753173828125,1291.859375,0,24.02021026611328,2713.008544921875,11.829073905944824,11.833312034606934,907.9249877929688,1811.1875,49.96691131591797,49.96116256713867,100,0,0,346.3598327636719,0,7.924896240234375,20.26370620727539,20.3070068359375,0,1.034000039100647,0.9067617654800415,50,2.799999952316284,2.293210744857788,0,0,0,0,8.700562206760317,0,0,0,0.0018566373037174344,-0.0017172041116282344,0,0.00013943310477770865,100.30561065673828,100.29606628417969,790.2980346679688,790.2904663085938,790.2904663085938,549.7002563476562,0,0,24.02021026611328,0.0010999999940395355,0.02200000174343586,0.03299999609589577,0.04399999603629112,5655.8173828125,114276.53125,0.0429663360118866,0,3.1392715754918754e-05,40.968204498291016,0,0.0002616529818624258,2.8350639695418067e-05,0,0,23.700000762939453,0,0,1600,0,50,0,0,0,50,50,800,0.0,0.0,0.0,0.0
23,158.16903686523438,309.1094665527344,326.0952453613281,326.0518798828125,292.1256103515625,292.1689147949219,16515.818359375,33031.63671875,69.04056549072266,69.04024505615234,1792.4849853515625,3581.250732421875,1793.5897216796875,3577.2392578125,284.5317687988281,61.94890594482422,-5.461094133352162e-06,0,0,2574.754638671875,1291.8597412109375,0,24.001346588134766,2713.10498046875,11.829023361206055,11.833420753479004,907.8991088867188,1811.1307373046875,49.96561813354492,49.961727142333984,100,0,0,346.3596496582031,0,7.924896240234375,20.264385223388672,20.30775260925293,0,1.034000039100647,0.9067617654800415,50,2.799999952316284,2.2931292057037354,0,0,0,0,8.821068193327445,0,0,0,0.0018838394898921251,-0.0017378912307322025,0,0.00014594828826375306,100.31299591064453,100.29962921142578,790.3177490234375,790.3072509765625,790.3072509765625,549.70849609375,0,0,24.001346588134766,0.0010999999940395355,0.02200000174343586,0.03299999609589577,0.04399999603629112,5655.8173828125,114276.53125,0.0429663360118866,0,3.1392715754918754e-05,42.78901290893555,0,0.0002616529818624258,2.8350639695418067e-05,0,0,23.700000762939453,0,0,1600,0,50,0,0,0,50,50,800,0.0,0.0,0.0,0.0
24,158.1689453125,309.10919189453125,326.0943603515625,326.05096435546875,292.1260681152344,292.16943359375,16515.818359375,33031.63671875,69.04085540771484,69.04053497314453,1792.5328369140625,3581.241455078125,1793.5867919921875,3577.242431640625,284.5315246582031,61.94828796386719,-3.862737230519997e-06,0,0,2574.755126953125,1291.8609619140625,0,23.972042083740234,2713.230712890625,11.828973770141602,11.833529472351074,907.8746337890625,1811.0771484375,49.964073181152344,49.96208953857422,100,0,0,346.3594970703125,0,7.924896240234375,20.2651309967041,20.30853271484375,0,1.034000039100647,0.9067617654800415,50,2.799999952316284,2.293023109436035,0,0,0,0,8.893372187638375,0,0,0,0.0019005790818482637,-0.0017649437068030238,0,0.00013563537504523993,100.31941986083984,100.30427551269531,790.341064453125,790.3291625976562,790.3291625976562,549.71923828125,0,0,23.972042083740234,0.0010999999940395355,0.02200000174343586,0.03299999609589577,0.04399999603629112,5655.8173828125,114276.53125,0.0429663360118866,0,3.1392715754918754e-05,44.60982131958008,0,0.0002616529818624258,2.8350639695418067e-05,0,0,23.700000762939453,0,0,1600,0,50,0,0,0,50,50,800,0.0,0.0,0.0,0.0
25,158.1690216064453,309.1091003417969,326.0935974121094,326.05010986328125,292.12646484375,292.169921875,16515.818359375,33031.63671875,69.04108428955078,69.04076385498047,1792.58251953125,3581.234375,1793.5872802734375,3577.24169921875,284.5314025878906,61.94802474975586,-1.4093333220444038e-06,0,0,2574.755126953125,1291.8616943359375,0,23.93346405029297,2713.366455078125,11.828925132751465,11.833635330200195,907.8618774414062,1811.0462646484375,49.9625129699707,49.96231460571289,100,0,0,346.3594970703125,0,7.924896240234375,20.265911102294922,20.30938148498535,0,1.034000039100647,0.9067617654800415,50,2.799999952316284,2.292908191680908,0,0,0,0,8.88855178722743,0,0,0,0.0019068565452471375,-0.0017945088911801577,0,0.00011234764679102227,100.32418823242188,100.30929565429688,790.3648071289062,790.3530883789062,790.3530883789062,549.7311401367188,0,0,23.93346405029297,0.0010999999940395355,0.02200000174343586,0.03299999609589577,0.04399999603629112,5655.8173828125,114276.53125,0.0429663360118866,0,3.1392715754918754e-05,46.43062973022461,0,0.0002616529818624258,2.8350639695418067e-05,0,0,23.700000762939453,0,0,1600,0,50,0,0,0,50,50,800,0.0,0.0,0.0,0.0
26,158.16928100585938,309.10919189453125,326.09295654296875,326.0494079589844,292.1268005371094,292.1703186035156,16515.818359375,33031.63671875,69.04127502441406,69.04096984863281,1792.630126953125,3581.2255859375,1793.5845947265625,3577.244140625,284.53143310546875,61.94807434082031,-4.49196750196279e-06,0,0,2574.754638671875,1291.86279296875,0,23.896270751953125,2713.495361328125,11.828878402709961,11.833740234375,907.856689453125,1811.0308837890625,49.96101760864258,49.962581634521484,100,0,0,346.3595886230469,0,7.924896240234375,20.26665687561035,20.31019401550293,0,1.034000039100647,0.9067617654800415,50,2.799999952316284,2.292799234390259,0,0,0,0,8.84034979497123,0,0,0,0.0019005790818482637,-0.0018227339023724198,0,7.784517219988629e-05,100.32706451416016,100.3140640258789,790.3861694335938,790.3759155273438,790.3759155273438,549.7424926757812,0,0,23.896270751953125,0.0010999999940395355,0.02200000174343586,0.03299999609589577,0.04399999603629112,5655.8173828125,114276.53125,0.0429663360118866,0,3.1392715754918754e-05,48.25143814086914,0,0.0002616529818624258,2.8350639695418067e-05,0,0,23.700000762939453,0,0,1600,0,50,0,0,0,50,50,800,0.0,0.0,0.0,0.0
27,158.169677734375,309.10943603515625,326.0924377441406,326.048828125,292.12713623046875,292.17071533203125,16515.818359375,33031.63671875,69.04145812988281,69.0411605834961,1792.673583984375,3581.2099609375,1793.5845947265625,3577.244384765625,284.5315856933594,61.948448181152344,-7.318810162360023e-07,0,0,2574.75341796875,1291.864013671875,0,23.85927963256836,2713.603271484375,11.828832626342773,11.833844184875488,907.8574829101562,1811.02783203125,49.959659576416016,49.96302795410156,100,0,0,346.3597717285156,0,7.924896240234375,20.267333984375,20.310941696166992,0,1.034000039100647,0.9067617654800415,50,2.799999952316284,2.292708158493042,0,0,0,0,8.7439448045322,0,0,0,0.0018859319388866425,-0.0018466036999598145,0,3.932824984076433e-05,100.32783508300781,100.31805419921875,790.4030151367188,790.395263671875,790.395263671875,549.7522583007812,0,0,23.85927963256836,0.0010999999940395355,0.02200000174343586,0.03299999609589577,0.04399999603629112,5655.8173828125,114276.53125,0.0429663360118866,0,3.1392715754918754e-05,50.07224655151367,0,0.0002616529818624258,2.8350639695418067e-05,0,0,23.700000762939453,0,0,1600,0,50,0,0,0,50,50,800,0.0,0.0,0.0,0.0
28,158.17022705078125,309.1097717285156,326.0920715332031,326.04840087890625,292.12750244140625,292.171142578125,16515.818359375,33031.63671875,69.04165649414062,69.04136657714844,1792.7120361328125,3581.1845703125,1793.58349609375,3577.2451171875,284.5318298339844,61.94908142089844,-6.206518854412479e-09,0,0,2574.75244140625,1291.865234375,0,23.8278751373291,2713.679931640625,11.828789710998535,11.833949089050293,907.864501953125,1811.034423828125,49.95857238769531,49.96369552612305,100,0,0,346.3600158691406,0,7.924896240234375,20.2679443359375,20.31161880493164,0,1.034000039100647,0.9067617654800415,50,2.799999952316284,2.2926433086395264,0,0,0,0,8.608977616732233,0,0,0,0.0018650072161108255,-0.00186377321369946,0,1.234025717167242e-06,100.32669067382812,100.32088470458984,790.4136962890625,790.4091796875,790.4091796875,549.7593994140625,0,0,23.8278751373291,0.0010999999940395355,0.02200000174343586,0.03299999609589577,0.04399999603629112,5655.8173828125,114276.53125,0.0429663360118866,0,3.1392715754918754e-05,51.8930549621582,0,0.0002616529818624258,2.8350639695418067e-05,0,0,23.700000762939453,0,0,1600,0,50,0,0,0,50,50,800,0.0,0.0,0.0,0.0
29,158.17083740234375,309.11016845703125,326.0918273925781,326.048095703125,292.12786865234375,292.1715393066406,16515.818359375,33031.63671875,69.04187774658203,69.04158782958984,1792.7442626953125,3581.148193359375,1793.58056640625,3577.24853515625,284.53216552734375,61.94990921020508,-1.5563408624075237e-06,0,0,2574.75048828125,1291.86669921875,0,23.80096435546875,2713.720458984375,11.828750610351562,11.834053039550781,907.8724365234375,1811.0457763671875,49.95778274536133,49.964630126953125,100,0,0,346.3603210449219,0,7.924896240234375,20.26848793029785,20.31222915649414,0,1.034000039100647,0.9067617654800415,50,2.799999952316284,2.292609214782715,0,0,0,0,8.440268631982274,0,0,0,0.0018398973625153303,-0.0018730699084699154,0,-3.317249866086058e-05,100.32405090332031,100.32238006591797,790.41796875,790.4166870117188,790.4166870117188,549.7633056640625,0,0,23.80096435546875,0.0010999999940395355,0.02200000174343586,0.03299999609589577,0.04399999603629112,5655.8173828125,114276.53125,0.0429663360118866,0,3.1392715754918754e-05,53.713863372802734,0,0.0002616529818624258,2.8350639695418067e-05,0,0,23.700000762939453,0,0,1600,0,50,0,0,0,50,50,800,0.0,0.0,0.0,0.0
30,158.17149353027344,309.110595703125,326.0917053222656,326.04791259765625,292.12823486328125,292.17193603515625,16515.818359375,33031.63671875,69.04212188720703,69.04183959960938,1792.7718505859375,3581.101318359375,1793.5789794921875,3577.25,284.53253173828125,61.95085144042969,3.688022616188391e-06,0,0,2574.74853515625,1291.8681640625,0,23.781494140625,2713.723876953125,11.828710556030273,11.834155082702637,907.8801879882812,1811.058837890625,49.95729064941406,49.96580123901367,100,0,0,346.3606262207031,0,7.924896240234375,20.26892852783203,20.31270408630371,0,1.034000039100647,0.9067617654800415,50,2.799999952316284,2.2926063537597656,0,0,0,0,8.257098445999477,0,0,0,0.0018147872760891914,-0.0018743262626230717,0,-5.953909203526564e-05,100.32032775878906,100.322509765625,790.416015625,790.417724609375,790.417724609375,549.7640380859375,0,0,23.781494140625,0.0010999999940395355,0.02200000174343586,0.03299999609589577,0.04399999603629112,5655.8173828125,114276.53125,0.0429663360118866,0,3.1392715754918754e-05,55.534671783447266,0,0.0002616529818624258,2.8350639695418067e-05,0,0,23.700000762939453,0,0,1600,0,50,0,0,0,50,50,800,0.0,0.0,0.0,0.0
31,158.17213439941406,309.1109924316406,326.09161376953125,326.04779052734375,292.12860107421875,292.1723937988281,16515.818359375,33031.63671875,69.0423812866211,69.04210662841797,1792.7935791015625,3581.044189453125,1793.583984375,3577.2451171875,284.53289794921875,61.95182800292969,3.525721240293933e-06,0,0,2574.746826171875,1291.8697509765625,0,23.77250862121582,2713.69482421875,11.828675270080566,11.834257125854492,907.8876953125,1811.0662841796875,49.95708084106445,49.967220306396484,100,0,0,346.3609619140625,0,7.924896240234375,20.26933479309082,20.31317901611328,0,1.034000039100647,0.9067617654800415,50,2.799999952316284,2.292630910873413,0,0,0,0,8.069108362569049,0,0,0,0.0017896770732477307,-0.0018684633541852236,0,-7.878635369706899e-05,100.31602478027344,100.3214340209961,790.40869140625,790.4129638671875,790.4129638671875,549.7619018554688,0,0,23.77250862121582,0.0010999999940395355,0.02200000174343586,0.03299999609589577,0.04399999603629112,5655.8173828125,114276.53125,0.0429663360118866,0,3.1392715754918754e-05,57.3554801940918,0,0.0002616529818624258,2.8350639695418067e-05,0,0,23.700000762939453,0,0,1600,0,50,0,0,0,50,50,800,0.0,0.0,0.0,0.0
32,158.17276000976562,309.111328125,326.0916442871094,326.0477600097656,292.12896728515625,292.17279052734375,16515.818359375,33031.63671875,69.04265594482422,69.04238891601562,1792.8104248046875,3580.981201171875,1793.5809326171875,3577.248046875,284.5332946777344,61.95277404785156,-1.284642166865524e-06,0,0,2574.74462890625,1291.8709716796875,0,23.772933959960938,2713.638671875,11.82863998413086,11.834357261657715,907.8923950195312,1811.071044921875,49.957061767578125,49.96882247924805,100,0,0,346.3612976074219,0,7.924896240234375,20.26963996887207,20.31355094909668,0,1.034000039100647,0.9067617654800415,50,2.799999952316284,2.2926783561706543,0,0,0,0,7.885938679549566,0,0,0,0.001768751535564661,-0.0018566541839390993,0,-8.790261199465021e-05,100.3115463256836,100.3193588256836,790.397216796875,790.4033813476562,790.4033813476562,549.75732421875,0,0,23.772933959960938,0.0010999999940395355,0.02200000174343586,0.03299999609589577,0.04399999603629112,5655.8173828125,114276.53125,0.0429663360118866,0,3.1392715754918754e-05,59.17628860473633,0,0.0002616529818624258,2.8350639695418067e-05,0,0,23.700000762939453,0,0,1600,0,50,0,0,0,50,50,800,0.0,0.0,0.0,0.0
33,158.17332458496094,309.11163330078125,326.09173583984375,326.0477600097656,292.1293640136719,292.1731872558594,16515.818359375,33031.63671875,69.04295349121094,69.04268646240234,1792.8251953125,3580.912353515625,1793.578125,3577.250732421875,284.53363037109375,61.95363235473633,1.8132855075236876e-06,0,0,2574.74267578125,1291.87255859375,0,23.77619743347168,2713.563232421875,11.828606605529785,11.834456443786621,907.8956909179688,1811.0726318359375,49.95722198486328,49.970542907714844,100,0,0,346.3616027832031,0,7.924896240234375,20.269878387451172,20.31385612487793,0,1.034000039100647,0.9067617654800415,50,2.799999952316284,2.2927420139312744,0,0,0,0,7.717229694799607,0,0,0,0.0017499185632914305,-0.0018405733862891793,0,-9.065488120540977e-05,100.3072509765625,100.31657409667969,790.383056640625,790.390380859375,790.390380859375,549.7509155273438,0,0,23.77619743347168,0.0010999999940395355,0.02200000174343586,0.03299999609589577,0.04399999603629112,5655.8173828125,114276.53125,0.0429663360118866,0,3.1392715754918754e-05,60.99709701538086,0,0.0002616529818624258,2.8350639695418067e-05,0,0,23.700000762939453,0,0,1600,0,50,0,0,0,50,50,800,0.0,0.0,0.0,0.0
34,158.17381286621094,309.1118469238281,326.091796875,326.0478210449219,292.12969970703125,292.1736145019531,16515.818359375,33031.63671875,69.0432357788086,69.04297637939453,1792.838623046875,3580.8388671875,1793.5770263671875,3577.251953125,284.533935546875,61.954368591308594,-3.045300218218472e-06,0,0,2574.741455078125,1291.8736572265625,0,23.78661346435547,2713.4775390625,11.828572273254395,11.834554672241211,907.8950805664062,1811.0640869140625,49.95745849609375,49.97233581542969,100,0,0,346.36187744140625,0,7.924896240234375,20.27008056640625,20.31406021118164,0,1.034000039100647,0.9067617654800415,50,2.799999952316284,2.2928144931793213,0,0,0,0,7.567801808730117,0,0,0,0.0017373632872477174,-0.0018220639321953058,0,-8.470071770716459e-05,100.30348205566406,100.31340026855469,790.3676147460938,790.3753662109375,790.3753662109375,549.7435913085938,0,0,23.78661346435547,0.0010999999940395355,0.02200000174343586,0.03299999609589577,0.04399999603629112,5655.8173828125,114276.53125,0.0429663360118866,0,3.1392715754918754e-05,62.81790542602539,0,0.0002616529818624258,2.8350639695418067e-05,0,0,23.700000762939453,0,0,1600,0,50,0,0,0,50,50,800,0.0,0.0,0.0,0.0
35,158.1741943359375,309.1119689941406,326.09185791015625,326.0478820800781,292.1300354003906,292.17401123046875,16515.818359375,33031.63671875,69.04351043701172,69.04326629638672,1792.8509521484375,3580.766357421875,1793.5799560546875,3577.248779296875,284.5341491699219,61.9549560546875,1.3440160273603396e-06,0,0,2574.740234375,1291.875,0,23.79886245727539,2713.388671875,11.828539848327637,11.834650039672852,907.8917846679688,1811.052978515625,49.95771408081055,49.97412109375,100,0,0,346.3620910644531,0,7.924896240234375,20.27021598815918,20.31419563293457,0,1.034000039100647,0.9067617654800415,50,2.799999952316284,2.292889356613159,0,0,0,0,7.442475421752041,0,0,0,0.001728992909193039,-0.0018028004560619593,0,-7.380756869679317e-05,100.30047607421875,100.31011962890625,790.3521728515625,790.3598022460938,790.3598022460938,549.73583984375,0,0,23.79886245727539,0.0010999999940395355,0.02200000174343586,0.03299999609589577,0.04399999603629112,5655.8173828125,114276.53125,0.0429663360118866,0,3.1392715754918754e-05,64.63871765136719,0,0.0002616529818624258,2.8350639695418067e-05,0,0,23.700000762939453,0,0,1600,0,50,0,0,0,50,50,800,0.0,0.0,0.0,0.0
36,158.1745147705078,309.112060546875,326.0919189453125,326.0478820800781,292.1303405761719,292.17437744140625,16515.818359375,33031.63671875,69.04377746582031,69.04353332519531,1792.863525390625,3580.6962890625,1793.5770263671875,3577.251953125,284.5343322753906,61.95541000366211,-3.966204985772492e-06,0,0,2574.739013671875,1291.8756103515625,0,23.813011169433594,2713.304443359375,11.828507423400879,11.83474349975586,907.8860473632812,1811.0369873046875,49.95793151855469,49.97585678100586,100,0,0,346.3622741699219,0,7.924896240234375,20.270353317260742,20.31439971923828,0,1.034000039100647,0.9067617654800415,50,2.799999952316284,2.2929608821868896,0,0,0,0,7.341250030902066,0,0,0,0.0017248077783733606,-0.001784458407200873,0,-5.9650628827512264e-05,100.29828643798828,100.30699920654297,790.3380737304688,790.3449096679688,790.3449096679688,549.7284545898438,0,0,23.813011169433594,0.0010999999940395355,0.02200000174343586,0.03299999609589577,0.04399999603629112,5655.8173828125,114276.53125,0.0429663360118866,0,3.1392715754918754e-05,66.45953369140625,0,0.0002616529818624258,2.8350639695418067e-05,0,0,23.700000762939453,0,0,1600,0,50,0,0,0,50,50,800,0.0,0.0,0.0,0.0
37,158.1747589111328,309.112060546875,326.0919494628906,326.0478820800781,292.130615234375,292.1747131347656,16515.818359375,33031.63671875,69.04401397705078,69.04377746582031,1792.878662109375,3580.628173828125,1793.57373046875,3577.255126953125,284.5344543457031,61.955718994140625,5.524846073967637e-07,0,0,2574.738037109375,1291.87646484375,0,23.829036712646484,2713.229736328125,11.828474044799805,11.83483600616455,907.8790893554688,1811.018310546875,49.95808410644531,49.977500915527344,100,0,0,346.3624267578125,0,7.924896240234375,20.27045440673828,20.31453514099121,0,1.034000039100647,0.9067617654800415,50,2.799999952316284,2.2930238246917725,0,0,0,0,7.25930573873256,0,0,0,0.0017248077783733606,-0.0017681263852864504,0,-4.33186323789414e-05,100.2968978881836,100.30423736572266,790.325927734375,790.3317260742188,790.3317260742188,549.721923828125,0,0,23.829036712646484,0.0010999999940395355,0.02200000174343586,0.03299999609589577,0.04399999603629112,5655.8173828125,114276.53125,0.0429663360118866,0,3.1392715754918754e-05,68.28034973144531,0,0.0002616529818624258,2.8350639695418067e-05,0,0,23.700000762939453,0,0,1600,0,50,0,0,0,50,50,800,0.0,0.0,0.0,0.0
38,158.17495727539062,309.1119689941406,326.0919494628906,326.0478210449219,292.1308898925781,292.1750183105469,16515.818359375,33031.63671875,69.04421997070312,69.04399108886719,1792.894775390625,3580.5654296875,1793.5770263671875,3577.251953125,284.5345458984375,61.95591735839844,-1.1423164778534556e-06,0,0,2574.7373046875,1291.8773193359375,0,23.840147018432617,2713.168212890625,11.82844352722168,11.834924697875977,907.8696899414062,1810.994873046875,49.95817947387695,49.9789924621582,100,0,0,346.3625183105469,0,7.924896240234375,20.27055549621582,20.31470489501953,0,1.034000039100647,0.9067617654800415,50,2.799999952316284,2.2930757999420166,0,0,0,0,7.196642042280207,0,0,0,0.001728992909193039,-0.0017546419985592365,0,-2.5649089366197586e-05,100.2963638305664,100.30197143554688,790.31640625,790.32080078125,790.32080078125,549.7164306640625,0,0,23.840147018432617,0.0010999999940395355,0.02200000174343586,0.03299999609589577,0.04399999603629112,5655.8173828125,114276.53125,0.0429663360118866,0,3.1392715754918754e-05,70.10116577148438,0,0.0002616529818624258,2.8350639695418067e-05,0,0,23.700000762939453,0,0,1600,0,50,0,0,0,50,50,800,0.0,0.0,0.0,0.0
39,158.1750946044922,309.1119079589844,326.0918884277344,326.0476989746094,292.1310729980469,292.17529296875,16515.818359375,33031.63671875,69.04440307617188,69.04417419433594,1792.9124755859375,3580.508544921875,1793.5721435546875,3577.2568359375,284.5345764160156,61.95601272583008,2.7471428438730072e-06,0,0,2574.73681640625,1291.8778076171875,0,23.854406356811523,2713.123046875,11.828412055969238,11.83501148223877,907.8615112304688,1810.9718017578125,49.95811462402344,49.98036575317383,100,0,0,346.36260986328125,0,7.924896240234375,20.27072525024414,20.314908981323242,0,1.034000039100647,0.9067617654800415,50,2.799999952316284,2.293113946914673,0,0,0,0,7.148439547060692,0,0,0,0.0017331780400127172,-0.0017446753336116672,0,-1.149729359894991e-05,100.29653930664062,100.30030059814453,790.3097534179688,790.312744140625,790.312744140625,549.7123413085938,0,0,23.854406356811523,0.0010999999940395355,0.02200000174343586,0.03299999609589577,0.04399999603629112,5655.8173828125,114276.53125,0.0429663360118866,0,3.1392715754918754e-05,71.92198181152344,0,0.0002616529818624258,2.8350639695418067e-05,0,0,23.700000762939453,0,0,1600,0,50,0,0,0,50,50,800,0.0,0.0,0.0,0.0
40,158.17523193359375,309.1118469238281,326.0918273925781,326.0475769042969,292.13128662109375,292.175537109375,16515.818359375,33031.63671875,69.0445556640625,69.04432678222656,1792.9332275390625,3580.455078125,1793.575439453125,3577.253662109375,284.53460693359375,61.9560661315918,2.455165031278739e-07,0,0,2574.736572265625,1291.8780517578125,0,23.858139038085938,2713.093505859375,11.828381538391113,11.835098266601562,907.853515625,1810.951171875,49.957969665527344,49.981597900390625,100,0,0,346.3627014160156,0,7.924896240234375,20.27086067199707,20.31511116027832,0,1.034000039100647,0.9067617654800415,50,2.799999952316284,2.2931387424468994,0,0,0,0,7.109877852663069,0,0,0,0.0017373632872477174,-0.0017381426878273487,0,-7.794005796313286e-07,100.29710388183594,100.29920959472656,790.3057861328125,790.3074340820312,790.3074340820312,549.7096557617188,0,0,23.858139038085938,0.0010999999940395355,0.02200000174343586,0.03299999609589577,0.04399999603629112,5655.8173828125,114276.53125,0.0429663360118866,0,3.1392715754918754e-05,73.7427978515625,0,0.0002616529818624258,2.8350639695418067e-05,0,0,23.700000762939453,0,0,1600,0,50,0,0,0,50,50,800,0.0,0.0,0.0,0.0
41,158.1753692626953,309.1117858886719,326.0917663574219,326.0474853515625,292.1314697265625,292.1757507324219,16515.818359375,33031.63671875,69.044677734375,69.04446411132812,1792.955810546875,3580.406005859375,1793.5723876953125,3577.25634765625,284.53460693359375,61.95609664916992,4.893578534392873e-06,0,0,2574.736328125,1291.8782958984375,0,23.85930061340332,2713.078857421875,11.828351974487305,11.83518123626709,907.8471069335938,1810.93359375,49.95774841308594,49.98268127441406,100,0,0,346.3627624511719,0,7.924896240234375,20.27099609375,20.31528091430664,0,1.034000039100647,0.9067617654800415,50,2.799999952316284,2.293151378631592,0,0,0,0,7.071315655302131,0,0,0,0.001741548185236752,-0.0017347923712804914,0,6.755813956260681e-06,100.29786682128906,100.29866027832031,790.3041381835938,790.3047485351562,790.3047485351562,549.708251953125,0,0,23.85930061340332,0.0010999999940395355,0.02200000174343586,0.03299999609589577,0.04399999603629112,5655.8173828125,114276.53125,0.0429663360118866,0,3.1392715754918754e-05,75.56361389160156,0,0.0002616529818624258,2.8350639695418067e-05,0,0,23.700000762939453,0,0,1600,0,50,0,0,0,50,50,800,0.0,0.0,0.0,0.0
42,158.17550659179688,309.1116943359375,326.09161376953125,326.0473327636719,292.131591796875,292.1759338378906,16515.818359375,33031.63671875,69.0447769165039,69.04456329345703,1792.9791259765625,3580.36181640625,1793.572021484375,3577.2568359375,284.5346374511719,61.956119537353516,-2.2561098376172595e-06,0,0,2574.735595703125,1291.878662109375,0,23.861915588378906,2713.07470703125,11.828322410583496,11.8352632522583,907.8417358398438,1810.9188232421875,49.957401275634766,49.98368453979492,100,0,0,346.3628234863281,0,7.924896240234375,20.27120018005371,20.31548500061035,0,1.034000039100647,0.9067617654800415,50,2.799999952316284,2.2931549549102783,0,0,0,0,7.032753457941194,0,0,0,0.0017457334324717522,-0.0017337873578071594,0,1.194601645693183e-05,100.29872131347656,100.29850769042969,790.3040161132812,790.3038940429688,790.3038940429688,549.7078247070312,0,0,23.861915588378906,0.0010999999940395355,0.02200000174343586,0.03299999609589577,0.04399999603629112,5655.8173828125,114276.53125,0.0429663360118866,0,3.1392715754918754e-05,77.38442993164062,0,0.0002616529818624258,2.8350639695418067e-05,0,0,23.700000762939453,0,0,1600,0,50,0,0,0,50,50,800,0.0,0.0,0.0,0.0
43,158.17564392089844,309.11163330078125,326.09149169921875,326.04718017578125,292.1317138671875,292.1761169433594,16515.818359375,33031.63671875,69.04485321044922,69.0446548461914,1793.0040283203125,3580.319580078125,1793.56884765625,3577.260009765625,284.5346374511719,61.95616912841797,5.2969912758271676e-06,0,0,2574.7353515625,1291.8787841796875,0,23.860464096069336,2713.078369140625,11.828293800354004,11.835343360900879,907.8364868164062,1810.9039306640625,49.95703125,49.98460006713867,100,0,0,346.3628845214844,0,7.924896240234375,20.271404266357422,20.31572151184082,0,1.034000039100647,0.9067617654800415,50,2.799999952316284,2.29315185546875,0,0,0,0,6.99419176354357,0,0,0,0.0017499185632914305,-0.0017345411470159888,0,1.5377347153844312e-05,100.29962158203125,100.29864501953125,790.3052368164062,790.3045043945312,790.3045043945312,549.7080688476562,0,0,23.860464096069336,0.0010999999940395355,0.02200000174343586,0.03299999609589577,0.04399999603629112,5655.8173828125,114276.53125,0.0429663360118866,0,3.1392715754918754e-05,79.20524597167969,0,0.0002616529818624258,2.8350639695418067e-05,0,0,23.700000762939453,0,0,1600,0,50,0,0,0,50,50,800,0.0,0.0,0.0,0.0
44,158.17581176757812,309.111572265625,326.0914001464844,326.0469970703125,292.1318359375,292.1762390136719,16515.818359375,33031.63671875,69.044921875,69.04472351074219,1793.028564453125,3580.279052734375,1793.568359375,3577.26025390625,284.53466796875,61.95624542236328,-4.3543236643017735e-06,0,0,2574.73486328125,1291.8787841796875,0,23.857559204101562,2713.088623046875,11.828267097473145,11.83542251586914,907.83251953125,1810.89208984375,49.95660400390625,49.9854736328125,100,0,0,346.3629455566406,0,7.924896240234375,20.271574020385742,20.315959930419922,0,1.034000039100647,0.9067617654800415,50,2.799999952316284,2.2931430339813232,0,0,0,0,6.950809165771687,0,0,0,0.0017541036941111088,-0.0017367188120260835,0,1.738487117108889e-05,100.30052947998047,100.29902648925781,790.3074340820312,790.3062744140625,790.3062744140625,549.7089233398438,0,0,23.857559204101562,0.0010999999940395355,0.02200000174343586,0.03299999609589577,0.04399999603629112,5655.8173828125,114276.53125,0.0429663360118866,0,3.1392715754918754e-05,81.02606201171875,0,0.0002616529818624258,2.8350639695418067e-05,0,0,23.700000762939453,0,0,1600,0,50,0,0,0,50,50,800,0.0,0.0,0.0,0.0
45,158.17599487304688,309.111572265625,326.09130859375,326.046875,292.13189697265625,292.1763916015625,16515.818359375,33031.63671875,69.04497528076172,69.0447769165039,1793.053955078125,3580.239501953125,1793.565185546875,3577.263671875,284.5346984863281,61.95635986328125,2.4401747396041173e-06,0,0,2574.734619140625,1291.8790283203125,0,23.85317611694336,2713.10302734375,11.828240394592285,11.83549976348877,907.8298950195312,1810.8824462890625,49.956180572509766,49.98627853393555,100,0,0,346.3630676269531,0,7.924896240234375,20.27174186706543,20.31619644165039,0,1.034000039100647,0.9067617654800415,50,2.799999952316284,2.293130874633789,0,0,0,0,6.9026066705521725,0,0,0,0.0017541036941111088,-0.0017398176714777946,0,1.4286034456745256e-05,100.30130004882812,100.299560546875,790.3101196289062,790.3087768554688,790.3087768554688,549.7101440429688,0,0,23.85317611694336,0.0010999999940395355,0.02200000174343586,0.03299999609589577,0.04399999603629112,5655.8173828125,114276.53125,0.0429663360118866,0,3.1392715754918754e-05,82.84687805175781,0,0.0002616529818624258,2.8350639695418067e-05,0,0,23.700000762939453,0,0,1600,0,50,0,0,0,50,50,800,0.0,0.0,0.0,0.0
46,158.1761932373047,309.111572265625,326.09124755859375,326.0467224121094,292.1319580078125,292.1764831542969,16515.818359375,33031.63671875,69.0450210571289,69.04483032226562,1793.0797119140625,3580.200439453125,1793.5682373046875,3577.2607421875,284.5347900390625,61.95652389526367,-4.483696102397516e-06,0,0,2574.733642578125,1291.8790283203125,0,23.844572067260742,2713.118408203125,11.828215599060059,11.835577011108398,907.8299560546875,1810.8779296875,49.95579147338867,49.987060546875,100,0,0,346.3631591796875,0,7.924896240234375,20.27191162109375,20.316434860229492,0,1.034000039100647,0.9067617654800415,50,2.799999952316284,2.2931180000305176,0,0,0,0,6.844763374510766,0,0,0,0.0017541036941111088,-0.0017431677551940084,0,1.0935974387393799e-05,100.30175018310547,100.30012512207031,790.3128051757812,790.3115234375,790.3115234375,549.7115478515625,0,0,23.844572067260742,0.0010999999940395355,0.02200000174343586,0.03299999609589577,0.04399999603629112,5655.8173828125,114276.53125,0.0429663360118866,0,3.1392715754918754e-05,84.66769409179688,0,0.0002616529818624258,2.8350639695418067e-05,0,0,23.700000762939453,0,0,1600,0,50,0,0,0,50,50,800,0.0,0.0,0.0,0.0
47,158.1764373779297,309.1116027832031,326.0911865234375,326.0466003417969,292.13201904296875,292.17657470703125,16515.818359375,33031.63671875,69.04505920410156,69.04487609863281,1793.10400390625,3580.16259765625,1793.566650390625,3577.262451171875,284.5348815917969,61.95673370361328,-4.435474238562165e-06,0,0,2574.733154296875,1291.879150390625,0,23.841218948364258,2713.132080078125,11.828190803527832,11.835651397705078,907.829833984375,1810.8709716796875,49.955387115478516,49.98784255981445,100,0,0,346.3632507324219,0,7.924896240234375,20.27208137512207,20.31667137145996,0,1.034000039100647,0.9067617654800415,50,2.799999952316284,2.2931063175201416,0,0,0,0,6.782100181021728,0,0,0,0.0017520111287012696,-0.001746182912029326,0,5.828251687489683e-06,100.3019790649414,100.30062866210938,790.3150024414062,790.31396484375,790.31396484375,549.7127685546875,0,0,23.841218948364258,0.0010999999940395355,0.02200000174343586,0.03299999609589577,0.04399999603629112,5655.8173828125,114276.53125,0.0429663360118866,0,3.1392715754918754e-05,86.48851013183594,0,0.0002616529818624258,2.8350639695418067e-05,0,0,23.700000762939453,0,0,1600,0,50,0,0,0,50,50,800,0.0,0.0,0.0,0.0
48,158.1766815185547,309.1116638183594,326.09112548828125,326.0464782714844,292.1321105957031,292.1767272949219,16515.818359375,33031.63671875,69.04510498046875,69.04492950439453,1793.1279296875,3580.122314453125,1793.566162109375,3577.2626953125,284.5349426269531,61.95698547363281,2.0038335151184583e-06,0,0,2574.732177734375,1291.8795166015625,0,23.834983825683594,2713.142822265625,11.828168869018555,11.835726737976074,907.8322143554688,1810.87158203125,49.95504379272461,49.988651275634766,100,0,0,346.3634033203125,0,7.924896240234375,20.27228546142578,20.31690788269043,0,1.034000039100647,0.9067617654800415,50,2.799999952316284,2.2930972576141357,0,0,0,0,6.7146165871217445,0,0,0,0.0017478259978815913,-0.0017486116848886013,0,-7.85756867571763e-07,100.30183410644531,100.301025390625,790.3165283203125,790.31591796875,790.31591796875,549.7137451171875,0,0,23.834983825683594,0.0010999999940395355,0.02200000174343586,0.03299999609589577,0.04399999603629112,5655.8173828125,114276.53125,0.0429663360118866,0,3.1392715754918754e-05,88.309326171875,0,0.0002616529818624258,2.8350639695418067e-05,0,0,23.700000762939453,0,0,1600,0,50,0,0,0,50,50,800,0.0,0.0,0.0,0.0
49,158.1769561767578,309.11175537109375,326.0910949707031,326.0464172363281,292.1321716308594,292.1768493652344,16515.818359375,33031.63671875,69.04515075683594,69.04497528076172,1793.1502685546875,3580.08056640625,1793.5628662109375,3577.266357421875,284.5350646972656,61.9572639465332,1.8744606222753646e-06,0,0,2574.7314453125,1291.8797607421875,0,23.829954147338867,2713.148193359375,11.828146934509277,11.835800170898438,907.8333129882812,1810.86962890625,49.95473098754883,49.98948287963867,100,0,0,346.363525390625,0,7.924896240234375,20.2724552154541,20.31711196899414,0,1.034000039100647,0.9067617654800415,50,2.799999952316284,2.293092727661133,0,0,0,0,6.637492695363184,0,0,0,0.001743640867061913,-0.0017498681554570794,0,-6.227335234143538e-06,100.30138397216797,100.30122375488281,790.3170776367188,790.3169555664062,790.3169555664062,549.7142944335938,0,0,23.829954147338867,0.0010999999940395355,0.02200000174343586,0.03299999609589577,0.04399999603629112,5655.8173828125,114276.53125,0.0429663360118866,0,3.1392715754918754e-05,90.13014221191406,0,0.0002616529818624258,2.8350639695418067e-05,0,0,23.700000762939453,0,0,1600,0,50,0,0,0,50,50,800,0.0,0.0,0.0,0.0
50,158.17721557617188,309.11181640625,326.0910949707031,326.04638671875,292.1322021484375,292.17694091796875,16515.818359375,33031.63671875,69.04520416259766,69.04503631591797,1793.1717529296875,3580.037353515625,1793.5654296875,3577.263671875,284.5351867675781,61.95756149291992,4.650126811611699e-06,0,0,2574.73095703125,1291.8798828125,0,23.827539443969727,2713.147705078125,11.828126907348633,11.835872650146484,907.8355712890625,1810.8701171875,49.954490661621094,49.99033737182617,100,0,0,346.3636779785156,0,7.924896240234375,20.27259063720703,20.31728172302246,0,1.034000039100647,0.9067617654800415,50,2.799999952316284,2.293093204498291,0,0,0,0,6.560368300641308,0,0,0,0.0017394558526575565,-0.0017498681554570794,0,-1.0412338269816246e-05,100.3007583618164,100.30120849609375,790.3165893554688,790.3169555664062,790.3169555664062,549.71435546875,0,0,23.827539443969727,0.0010999999940395355,0.02200000174343586,0.03299999609589577,0.04399999603629112,5655.8173828125,114276.53125,0.0429663360118866,0,3.1392715754918754e-05,91.95095825195312,0,0.0002616529818624258,2.8350639695418067e-05,0,0,23.700000762939453,0,0,1600,0,50,0,0,0,50,50,800,0.0,0.0,0.0,0.0
51,158.177490234375,309.11187744140625,326.0910949707031,326.0463562011719,292.13226318359375,292.1770324707031,16515.818359375,33031.63671875,69.04524993896484,69.04508972167969,1793.1923828125,3579.993896484375,1793.56201171875,3577.266845703125,284.5353088378906,61.95787048339844,-1.4669193433292094e-06,0,0,2574.72998046875,1291.8802490234375,0,23.823694229125977,2713.142333984375,11.828108787536621,11.835943222045898,907.8366088867188,1810.867919921875,49.95431137084961,49.991207122802734,100,0,0,346.3638000488281,0,7.924896240234375,20.27272605895996,20.31745147705078,0,1.034000039100647,0.9067617654800415,50,2.799999952316284,2.293097734451294,0,0,0,0,6.483244408882747,0,0,0,0.0017352706054225564,-0.0017487792065367103,0,-1.3508601114153862e-05,100.300048828125,100.30101013183594,790.3153076171875,790.3160400390625,790.3160400390625,549.7139892578125,0,0,23.823694229125977,0.0010999999940395355,0.02200000174343586,0.03299999609589577,0.04399999603629112,5655.8173828125,114276.53125,0.0429663360118866,0,3.1392715754918754e-05,93.77177429199219,0,0.0002616529818624258,2.8350639695418067e-05,0,0,23.700000762939453,0,0,1600,0,50,0,0,0,50,50,800,0.0,0.0,0.0,0.0
52,158.17776489257812,309.1119384765625,326.0910949707031,326.0463562011719,292.13232421875,292.1771240234375,16515.818359375,33031.63671875,69.04530334472656,69.0451431274414,1793.2120361328125,3579.94921875,1793.561767578125,3577.26708984375,284.5354309082031,61.95816421508789,7.277388363036152e-07,0,0,2574.729248046875,1291.8800048828125,0,23.825260162353516,2713.13232421875,11.828091621398926,11.83601188659668,907.8389282226562,1810.8682861328125,49.954193115234375,49.99208068847656,100,0,0,346.36395263671875,0,7.924896240234375,20.27286148071289,20.31758689880371,0,1.034000039100647,0.9067617654800415,50,2.799999952316284,2.2931060791015625,0,0,0,0,6.406120517124187,0,0,0,0.001731085474602878,-0.0017466854769736528,0,-1.559996780997608e-05,100.29930114746094,100.30064392089844,790.3132934570312,790.3143310546875,790.3143310546875,549.713134765625,0,0,23.825260162353516,0.0010999999940395355,0.02200000174343586,0.03299999609589577,0.04399999603629112,5655.8173828125,114276.53125,0.0429663360118866,0,3.1392715754918754e-05,95.59259033203125,0,0.0002616529818624258,2.8350639695418067e-05,0,0,23.700000762939453,0,0,1600,0,50,0,0,0,50,50,800,0.0,0.0,0.0,0.0
53,158.17800903320312,309.11199951171875,326.09112548828125,326.04632568359375,292.1324157714844,292.17724609375,16515.818359375,33031.63671875,69.04535675048828,69.04520416259766,1793.22998046875,3579.90380859375,1793.56103515625,3577.26806640625,284.5355224609375,61.95846176147461,3.5034049687965307e-06,0,0,2574.728271484375,1291.88037109375,0,23.82143783569336,2713.119384765625,11.828075408935547,11.836081504821777,907.839599609375,1810.8662109375,49.95404052734375,49.99302291870117,100,0,0,346.36407470703125,0,7.924896240234375,20.27296257019043,20.31775665283203,0,1.034000039100647,0.9067617654800415,50,2.799999952316284,2.293117046356201,0,0,0,0,6.3289961224023115,0,0,0,0.0017269003437831998,-0.0017439215444028378,0,-1.7021200619637966e-05,100.29853820800781,100.30016326904297,790.3108520507812,790.3121337890625,790.3121337890625,549.7120361328125,0,0,23.82143783569336,0.0010999999940395355,0.02200000174343586,0.03299999609589577,0.04399999603629112,5655.8173828125,114276.53125,0.0429663360118866,0,3.1392715754918754e-05,97.41340637207031,0,0.0002616529818624258,2.8350639695418067e-05,0,0,23.700000762939453,0,0,1600,0,50,0,0,0,50,50,800,0.0,0.0,0.0,0.0
54,158.17825317382812,309.112060546875,326.0911865234375,326.04632568359375,292.1324768066406,292.17730712890625,16515.818359375,33031.63671875,69.04541778564453,69.0452651977539,1793.248779296875,3579.85693359375,1793.562255859375,3577.266357421875,284.53564453125,61.9587287902832,1.6310085584336775e-06,0,0,2574.727783203125,1291.8802490234375,0,23.825773239135742,2713.104248046875,11.828058242797852,11.836150169372559,907.841796875,1810.8638916015625,49.953975677490234,49.99393844604492,100,0,0,346.3642272949219,0,7.924896240234375,20.27303123474121,20.31789207458496,0,1.034000039100647,0.9067617654800415,50,2.799999952316284,2.2931299209594727,0,0,0,0,6.261512528502328,0,0,0,0.0017248077783733606,-0.0017406551633030176,0,-1.584740857651923e-05,100.29776000976562,100.29959869384766,790.3080444335938,790.3094482421875,790.3094482421875,549.7107543945312,0,0,23.825773239135742,0.0010999999940395355,0.02200000174343586,0.03299999609589577,0.04399999603629112,5655.8173828125,114276.53125,0.0429663360118866,0,3.1392715754918754e-05,99.23422241210938,0,0.0002616529818624258,2.8350639695418067e-05,0,0,23.700000762939453,0,0,1600,0,50,0,0,0,50,50,800,0.0,0.0,0.0,0.0
55,158.17848205566406,309.112060546875,326.0912170410156,326.04632568359375,292.1325378417969,292.1773681640625,16515.818359375,33031.63671875,69.04546356201172,69.04532623291016,1793.266845703125,3579.810546875,1793.560791015625,3577.268310546875,284.5357666015625,61.9589729309082,-3.7274344322213437e-06,0,0,2574.726806640625,1291.88037109375,0,23.827495574951172,2713.088134765625,11.828043937683105,11.83621597290039,907.84033203125,1810.8587646484375,49.953948974609375,49.994815826416016,100,0,0,346.36431884765625,0,7.924896240234375,20.273099899291992,20.3179931640625,0,1.034000039100647,0.9067617654800415,50,2.799999952316284,2.2931435108184814,0,0,0,0,6.194028934602344,0,0,0,0.0017248077783733606,-0.001737137557938695,0,-1.232981503562769e-05,100.2972640991211,100.29900360107422,790.3052368164062,790.306640625,790.306640625,549.7093505859375,0,0,23.827495574951172,0.0010999999940395355,0.02200000174343586,0.03299999609589577,0.04399999603629112,5655.8173828125,114276.53125,0.0429663360118866,0,3.1392715754918754e-05,101.05503845214844,0,0.0002616529818624258,2.8350639695418067e-05,0,0,23.700000762939453,0,0,1600,0,50,0,0,0,50,50,800,0.0,0.0,0.0,0.0
56,158.17868041992188,309.112060546875,326.0912170410156,326.04632568359375,292.1325378417969,292.17742919921875,16515.818359375,33031.63671875,69.0455093383789,69.04537200927734,1793.284423828125,3579.76513671875,1793.5614013671875,3577.267578125,284.53582763671875,61.95919418334961,-1.9361887098057196e-06,0,0,2574.726318359375,1291.8804931640625,0,23.82657814025879,2713.0732421875,11.82802963256836,11.836281776428223,907.8397216796875,1810.851806640625,49.953853607177734,49.99571228027344,100,0,0,346.3644104003906,0,7.924896240234375,20.27320098876953,20.318096160888672,0,1.034000039100647,0.9067617654800415,50,2.799999952316284,2.293156147003174,0,0,0,0,6.1313657411133065,0,0,0,0.0017248077783733606,-0.001733871060423553,0,-9.06329387362348e-06,100.29698944091797,100.29845428466797,790.3027954101562,790.303955078125,790.303955078125,549.7080078125,0,0,23.82657814025879,0.0010999999940395355,0.02200000174343586,0.03299999609589577,0.04399999603629112,5655.8173828125,114276.53125,0.0429663360118866,0,3.1392715754918754e-05,102.8758544921875,0,0.0002616529818624258,2.8350639695418067e-05,0,0,23.700000762939453,0,0,1600,0,50,0,0,0,50,50,800,0.0,0.0,0.0,0.0
57,158.17889404296875,309.112060546875,326.0912170410156,326.04632568359375,292.132568359375,292.177490234375,16515.818359375,33031.63671875,69.0455551147461,69.04542541503906,1793.302001953125,3579.720947265625,1793.557861328125,3577.271240234375,284.5359191894531,61.95939254760742,-3.630989795055939e-06,0,0,2574.725830078125,1291.8804931640625,0,23.831205368041992,2713.06103515625,11.828017234802246,11.836345672607422,907.83935546875,1810.8470458984375,49.953792572021484,49.996559143066406,100,0,0,346.3645324707031,0,7.924896240234375,20.27330207824707,20.31819725036621,0,1.034000039100647,0.9067617654800415,50,2.799999952316284,2.293166399002075,0,0,0,0,6.0735224450719,0,0,0,0.0017248077783733606,-0.0017311909468844533,0,-6.383215350069804e-06,100.2968521118164,100.29800415039062,790.3009033203125,790.3018188476562,790.3018188476562,549.7069091796875,0,0,23.831205368041992,0.0010999999940395355,0.02200000174343586,0.03299999609589577,0.04399999603629112,5655.8173828125,114276.53125,0.0429663360118866,0,3.1392715754918754e-05,104.69667053222656,0,0.0002616529818624258,2.8350639695418067e-05,0,0,23.700000762939453,0,0,1600,0,50,0,0,0,50,50,800,0.0,0.0,0.0,0.0
58,158.17909240722656,309.112060546875,326.0912170410156,326.0462951660156,292.1325988769531,292.1775817871094,16515.818359375,33031.63671875,69.04559326171875,69.04546356201172,1793.3194580078125,3579.677978515625,1793.5570068359375,3577.27197265625,284.5359802246094,61.95957565307617,2.985912942676805e-06,0,0,2574.72509765625,1291.880615234375,0,23.830467224121094,2713.05126953125,11.828004837036133,11.836408615112305,907.8374633789062,1810.8399658203125,49.95368194580078,49.99739074707031,100,0,0,346.3646545410156,0,7.924896240234375,20.2734375,20.31836700439453,0,1.034000039100647,0.9067617654800415,50,2.799999952316284,2.2931745052337646,0,0,0,0,6.015679651993808,0,0,0,0.0017248077783733606,-0.0017290972173213959,0,-4.289427579351468e-06,100.29679107666016,100.29764556884766,790.2994384765625,790.3001098632812,790.3001098632812,549.7061157226562,0,0,23.830467224121094,0.0010999999940395355,0.02200000174343586,0.03299999609589577,0.04399999603629112,5655.8173828125,114276.53125,0.0429663360118866,0,3.1392715754918754e-05,106.51748657226562,0,0.0002616529818624258,2.8350639695418067e-05,0,0,23.700000762939453,0,0,1600,0,50,0,0,0,50,50,800,0.0,0.0,0.0,0.0
59,158.17929077148438,309.112060546875,326.0912170410156,326.0462646484375,292.1325988769531,292.1776428222656,16515.818359375,33031.63671875,69.04562377929688,69.04550170898438,1793.337646484375,3579.63525390625,1793.55322265625,3577.27587890625,284.53607177734375,61.95976257324219,-4.519114327194984e-07,0,0,2574.724609375,1291.8807373046875,0,23.829774856567383,2713.04443359375,11.827993392944336,11.836470603942871,907.8370361328125,1810.83544921875,49.95358657836914,49.9981803894043,100,0,0,346.36474609375,0,7.924896240234375,20.273540496826172,20.31850242614746,0,1.034000039100647,0.9067617654800415,50,2.799999952316284,2.293180465698242,0,0,0,0,5.957836355952401,0,0,0,0.0017248077783733606,-0.0017275895224884152,0,-2.7817791306006256e-06,100.29679107666016,100.29739379882812,790.2984008789062,790.2988891601562,790.2988891601562,549.7055053710938,0,0,23.829774856567383,0.0010999999940395355,0.02200000174343586,0.03299999609589577,0.04399999603629112,5655.8173828125,114276.53125,0.0429663360118866,0,3.1392715754918754e-05,108.33830261230469,0,0.0002616529818624258,2.8350639695418067e-05,0,0,23.700000762939453,0,0,1600,0,50,0,0,0,50,50,800,0.0,0.0,0.0,0.0
60,158.17947387695312,309.112060546875,326.0912170410156,326.0461730957031,292.1325988769531,292.1777038574219,16515.818359375,33031.63671875,69.045654296875,69.04553985595703,1793.35595703125,3579.59326171875,1793.555908203125,3577.273193359375,284.5361328125,61.95994186401367,-5.051751486462308e-06,0,0,2574.723876953125,1291.8807373046875,0,23.83180809020996,2713.03955078125,11.827983856201172,11.836531639099121,907.836669921875,1810.830810546875,49.953521728515625,49.99892044067383,100,0,0,346.3648681640625,0,7.924896240234375,20.27364158630371,20.31867218017578,0,1.034000039100647,0.9067617654800415,50,2.799999952316284,2.293184518814087,0,0,0,0,5.899993562874309,0,0,0,0.0017248077783733606,-0.0017265008063986897,0,-1.6930397350733983e-06,100.29682159423828,100.29721069335938,790.2976684570312,790.2980346679688,790.2980346679688,549.7050170898438,0,0,23.83180809020996,0.0010999999940395355,0.02200000174343586,0.03299999609589577,0.04399999603629112,5655.8173828125,114276.53125,0.0429663360118866,0,3.1392715754918754e-05,110.15911865234375,0,0.0002616529818624258,2.8350639695418067e-05,0,0,23.700000762939453,0,0,1600,0,50,0,0,0,50,50,800,0.0,0.0,0.0,0.0
61,158.1796417236328,309.112060546875,326.0912170410156,326.046142578125,292.1325988769531,292.1777648925781,16515.818359375,33031.63671875,69.04568481445312,69.04557037353516,1793.37353515625,3579.553955078125,1793.553466796875,3577.275146484375,284.53619384765625,61.96010208129883,-1.920895101648057e-06,0,0,2574.723388671875,1291.8807373046875,0,23.831138610839844,2713.0361328125,11.827975273132324,11.836589813232422,907.83740234375,1810.8262939453125,49.95341873168945,49.99964141845703,100,0,0,346.36492919921875,0,7.924896240234375,20.273710250854492,20.31877326965332,0,1.034000039100647,0.9067617654800415,50,2.799999952316284,2.2931876182556152,0,0,0,0,5.851791067654794,0,0,0,0.0017248077783733606,-0.0017257470171898603,0,-9.39215567541396e-07,100.29684448242188,100.29708099365234,790.2971801757812,790.2974243164062,790.2974243164062,549.7047119140625,0,0,23.831138610839844,0.0010999999940395355,0.02200000174343586,0.03299999609589577,0.04399999603629112,5655.8173828125,114276.53125,0.0429663360118866,0,3.1392715754918754e-05,111.97993469238281,0,0.0002616529818624258,2.8350639695418067e-05,0,0,23.700000762939453,0,0,1600,0,50,0,0,0,50,50,800,0.0,0.0,0.0,0.0
62,158.1798095703125,309.112060546875,326.0912170410156,326.0461120605469,292.1325988769531,292.1778564453125,16515.818359375,33031.63671875,69.04570007324219,69.04559326171875,1793.3916015625,3579.513671875,1793.555908203125,3577.272705078125,284.5362548828125,61.96025466918945,4.7945636794111124e-08,0,0,2574.722900390625,1291.8807373046875,0,23.831899642944336,2713.0341796875,11.82796573638916,11.836647987365723,907.8370361328125,1810.8218994140625,49.953311920166016,50.000343322753906,100,0,0,346.3650207519531,0,7.924896240234375,20.27381134033203,20.31890869140625,0,1.034000039100647,0.9067617654800415,50,2.799999952316284,2.29318904876709,0,0,0,0,5.803588069471965,0,0,0,0.0017248077783733606,-0.0017253282712772489,0,-5.20458002029045e-07,100.29689025878906,100.29701232910156,790.2969970703125,790.2970581054688,790.2970581054688,549.7045288085938,0,0,23.831899642944336,0.0010999999940395355,0.02200000174343586,0.03299999609589577,0.04399999603629112,5655.8173828125,114276.53125,0.0429663360118866,0,3.1392715754918754e-05,113.80075073242188,0,0.0002616529818624258,2.8350639695418067e-05,0,0,23.700000762939453,0,0,1600,0,50,0,0,0,50,50,800,0.0,0.0,0.0,0.0
63,158.1799774169922,309.112060546875,326.0912170410156,326.04608154296875,292.1325988769531,292.17791748046875,16515.818359375,33031.63671875,69.04572296142578,69.04561614990234,1793.4091796875,3579.474609375,1793.5538330078125,3577.275146484375,284.53631591796875,61.960418701171875,3.7598094877466792e-06,0,0,2574.722412109375,1291.8807373046875,0,23.831315994262695,2713.033447265625,11.827959060668945,11.836705207824707,907.836669921875,1810.81982421875,49.953250885009766,50.00101089477539,100,0,0,346.3650817871094,0,7.924896240234375,20.27387809753418,20.319011688232422,0,1.034000039100647,0.9067617654800415,50,2.799999952316284,2.293189764022827,0,0,0,0,5.7553855742524505,0,0,0,0.0017248077783733606,-0.00172516074962914,0,-3.5292470101921936e-07,100.29691314697266,100.29698181152344,790.296875,790.2969360351562,790.2969360351562,549.7044677734375,0,0,23.831315994262695,0.0010999999940395355,0.02200000174343586,0.03299999609589577,0.04399999603629112,5655.8173828125,114276.53125,0.0429663360118866,0,3.1392715754918754e-05,115.62156677246094,0,0.0002616529818624258,2.8350639695418067e-05,0,0,23.700000762939453,0,0,1600,0,50,0,0,0,50,50,800,0.0,0.0,0.0,0.0
64,158.18014526367188,309.112060546875,326.0912170410156,326.0460510253906,292.1325988769531,292.177978515625,16515.818359375,33031.63671875,69.04573822021484,69.04563903808594,1793.4267578125,3579.434814453125,1793.5516357421875,3577.277587890625,284.5364074707031,61.96059036254883,-2.0020459032821236e-06,0,0,2574.7216796875,1291.880615234375,0,23.829349517822266,2713.03271484375,11.827951431274414,11.836761474609375,907.8375854492188,1810.8153076171875,49.953163146972656,50.00168991088867,100,0,0,346.3652038574219,0,7.924896240234375,20.27398109436035,20.31914710998535,0,1.034000039100647,0.9067617654800415,50,2.799999952316284,2.2931902408599854,0,0,0,0,5.707183079032935,0,0,0,0.0017248077783733606,-0.0017249931115657091,0,-1.853914000093937e-07,100.29694366455078,100.29695892333984,790.2968139648438,790.2968139648438,790.2968139648438,549.7044067382812,0,0,23.829349517822266,0.0010999999940395355,0.02200000174343586,0.03299999609589577,0.04399999603629112,5655.8173828125,114276.53125,0.0429663360118866,0,3.1392715754918754e-05,117.4423828125,0,0.0002616529818624258,2.8350639695418067e-05,0,0,23.700000762939453,0,0,1600,0,50,0,0,0,50,50,800,0.0,0.0,0.0,0.0
65,158.18035888671875,309.112060546875,326.0912170410156,326.0460205078125,292.1325988769531,292.17803955078125,16515.818359375,33031.63671875,69.0457534790039,69.04566192626953,1793.444091796875,3579.395751953125,1793.5506591796875,3577.27783203125,284.53643798828125,61.96076965332031,4.033849108964205e-06,0,0,2574.72119140625,1291.8807373046875,0,23.828702926635742,2713.03271484375,11.827945709228516,11.836816787719727,907.8370361328125,1810.8109130859375,49.953086853027344,50.00233459472656,100,0,0,346.36529541015625,0,7.924896240234375,20.27408218383789,20.31928253173828,0,1.034000039100647,0.9067617654800415,50,2.799999952316284,2.2931902408599854,0,0,0,0,5.654160183402475,0,0,0,0.0017248077783733606,-0.0017249931115657091,0,-1.853914000093937e-07,100.29695129394531,100.29695892333984,790.2968139648438,790.2968139648438,790.2968139648438,549.7044067382812,0,0,23.828702926635742,0.0010999999940395355,0.02200000174343586,0.03299999609589577,0.04399999603629112,5655.8173828125,114276.53125,0.0429663360118866,0,3.1392715754918754e-05,119.26319885253906,0,0.0002616529818624258,2.8350639695418067e-05,0,0,23.700000762939453,0,0,1600,0,50,0,0,0,50,50,800,0.0,0.0,0.0,0.0
66,158.18055725097656,309.112060546875,326.0912170410156,326.0459899902344,292.1325988769531,292.1781005859375,16515.818359375,33031.63671875,69.04576873779297,69.0456771850586,1793.4615478515625,3579.35791015625,1793.5531005859375,3577.275634765625,284.5365295410156,61.9609489440918,-5.659906037180917e-07,0,0,2574.720703125,1291.8804931640625,0,23.828031539916992,2713.03271484375,11.827939987182617,11.836870193481445,907.8378295898438,1810.8089599609375,49.953006744384766,50.002967834472656,100,0,0,346.3653869628906,0,7.924896240234375,20.27418327331543,20.31941795349121,0,1.034000039100647,0.9067617654800415,50,2.799999952316284,2.2931902408599854,0,0,0,0,5.596317390324383,0,0,0,0.0017248077783733606,-0.0017249931115657091,0,-1.853914000093937e-07,100.29695129394531,100.29695892333984,790.2968139648438,790.2968139648438,790.2968139648438,549.7044067382812,0,0,23.828031539916992,0.0010999999940395355,0.02200000174343586,0.03299999609589577,0.04399999603629112,5655.8173828125,114276.53125,0.0429663360118866,0,3.1392715754918754e-05,121.08401489257812,0,0.0002616529818624258,2.8350639695418067e-05,0,0,23.700000762939453,0,0,1600,0,50,0,0,0,50,50,800,0.0,0.0,0.0,0.0
67,158.18075561523438,309.112060546875,326.0912170410156,326.04595947265625,292.1325988769531,292.17816162109375,16515.818359375,33031.63671875,69.04578399658203,69.04569244384766,1793.477783203125,3579.319580078125,1793.5540771484375,3577.274658203125,284.53662109375,61.96113967895508,-3.4228073673148174e-06,0,0,2574.72021484375,1291.8804931640625,0,23.824634552001953,2713.03271484375,11.827936172485352,11.836923599243164,907.8386840820312,1810.8045654296875,49.95296096801758,50.003597259521484,100,0,0,346.3655090332031,0,7.924896240234375,20.2742862701416,20.31955337524414,0,1.034000039100647,0.9067617654800415,50,2.799999952316284,2.2931902408599854,0,0,0,0,5.538474094282976,0,0,0,0.0017248077783733606,-0.0017249931115657091,0,-1.853914000093937e-07,100.29695129394531,100.29695892333984,790.2968139648438,790.2968139648438,790.2968139648438,549.7044067382812,0,0,23.824634552001953,0.0010999999940395355,0.02200000174343586,0.03299999609589577,0.04399999603629112,5655.8173828125,114276.53125,0.0429663360118866,0,3.1392715754918754e-05,122.90483093261719,0,0.0002616529818624258,2.8350639695418067e-05,0,0,23.700000762939453,0,0,1600,0,50,0,0,0,50,50,800,0.0,0.0,0.0,0.0
68,158.1809539794922,309.112060546875,326.0912170410156,326.04595947265625,292.1325988769531,292.17816162109375,16515.818359375,33031.63671875,69.04579162597656,69.04570770263672,1793.4940185546875,3579.28125,1793.5482177734375,3577.28076171875,284.53668212890625,61.96133041381836,4.356111276138108e-06,0,0,2574.719482421875,1291.8804931640625,0,23.82391929626465,2713.03271484375,11.827933311462402,11.836976051330566,907.8381958007812,1810.802734375,49.952911376953125,50.004215240478516,100,0,0,346.3656005859375,0,7.924896240234375,20.27438735961914,20.31965446472168,0,1.034000039100647,0.9067617654800415,50,2.799999952316284,2.2931902408599854,0,0,0,0,5.480631301204885,0,0,0,0.0017248077783733606,-0.0017249931115657091,0,-1.853914000093937e-07,100.29695129394531,100.29695892333984,790.2968139648438,790.2968139648438,790.2968139648438,549.7044067382812,0,0,23.82391929626465,0.0010999999940395355,0.02200000174343586,0.03299999609589577,0.04399999603629112,5655.8173828125,114276.53125,0.0429663360118866,0,3.1392715754918754e-05,124.72564697265625,0,0.0002616529818624258,2.8350639695418067e-05,0,0,23.700000762939453,0,0,1600,0,50,0,0,0,50,50,800,0.0,0.0,0.0,0.0
69,158.18116760253906,309.112060546875,326.0912170410156,326.0459289550781,292.1325988769531,292.1781921386719,16515.818359375,33031.63671875,69.0457992553711,69.04572296142578,1793.5106201171875,3579.243408203125,1793.548828125,3577.2802734375,284.5367431640625,61.96153259277344,3.2423181437479798e-06,0,0,2574.718994140625,1291.88037109375,0,23.82320213317871,2713.03271484375,11.827930450439453,11.837026596069336,907.8388061523438,1810.7984619140625,49.95286560058594,50.004825592041016,100,0,0,346.3656921386719,0,7.924896240234375,20.27448844909668,20.319791793823242,0,1.034000039100647,0.9067617654800415,50,2.799999952316284,2.2931902408599854,0,0,0,0,5.422788005163477,0,0,0,0.0017248077783733606,-0.0017249931115657091,0,-1.853914000093937e-07,100.29695129394531,100.29695892333984,790.2968139648438,790.2968139648438,790.2968139648438,549.7044067382812,0,0,23.82320213317871,0.0010999999940395355,0.02200000174343586,0.03299999609589577,0.04399999603629112,5655.8173828125,114276.53125,0.0429663360118866,0,3.1392715754918754e-05,126.54646301269531,0,0.0002616529818624258,2.8350639695418067e-05,0,0,23.700000762939453,0,0,1600,0,50,0,0,0,50,50,800,0.0,0.0,0.0,0.0
70,158.18136596679688,309.112060546875,326.0912170410156,326.0458679199219,292.1325988769531,292.17822265625,16515.818359375,33031.63671875,69.04581451416016,69.04573822021484,1793.5269775390625,3579.206787109375,1793.5482177734375,3577.28076171875,284.5368347167969,61.961727142333984,9.665089919508318e-07,0,0,2574.718505859375,1291.88037109375,0,23.821081161499023,2713.03271484375,11.82792854309082,11.837075233459473,907.8397216796875,1810.796630859375,49.95285415649414,50.005393981933594,100,0,0,346.3658142089844,0,7.924896240234375,20.27459144592285,20.319927215576172,0,1.034000039100647,0.9067617654800415,50,2.799999952316284,2.2931902408599854,0,0,0,0,5.364945212085386,0,0,0,0.0017248077783733606,-0.0017249931115657091,0,-1.853914000093937e-07,100.29695129394531,100.29695892333984,790.2968139648438,790.2968139648438,790.2968139648438,549.7044067382812,0,0,23.821081161499023,0.0010999999940395355,0.02200000174343586,0.03299999609589577,0.04399999603629112,5655.8173828125,114276.53125,0.0429663360118866,0,3.1392715754918754e-05,128.36727905273438,0,0.0002616529818624258,2.8350639695418067e-05,0,0,23.700000762939453,0,0,1600,0,50,0,0,0,50,50,800,0.0,0.0,0.0,0.0
71,158.1815643310547,309.112060546875,326.0912170410156,326.04583740234375,292.1325988769531,292.1782531738281,16515.818359375,33031.63671875,69.04582214355469,69.04574584960938,1793.542236328125,3579.169677734375,1793.5472412109375,3577.281494140625,284.53692626953125,61.961936950683594,1.0147313105335343e-06,0,0,2574.7177734375,1291.8802490234375,0,23.818979263305664,2713.03271484375,11.82792854309082,11.837124824523926,907.8404541015625,1810.794677734375,49.952842712402344,50.0059700012207,100,0,0,346.36590576171875,0,7.924896240234375,20.27469253540039,20.3200626373291,0,1.034000039100647,0.9067617654800415,50,2.799999952316284,2.2931902408599854,0,0,0,0,5.30710191604398,0,0,0,0.0017248077783733606,-0.0017249931115657091,0,-1.853914000093937e-07,100.29695129394531,100.29695892333984,790.2968139648438,790.2968139648438,790.2968139648438,549.7044067382812,0,0,23.818979263305664,0.0010999999940395355,0.02200000174343586,0.03299999609589577,0.04399999603629112,5655.8173828125,114276.53125,0.0429663360118866,0,3.1392715754918754e-05,130.18807983398438,0,0.0002616529818624258,2.8350639695418067e-05,0,0,23.700000762939453,0,0,1600,0,50,0,0,0,50,50,800,0.0,0.0,0.0,0.0
72,158.1817626953125,309.112060546875,326.0912170410156,326.0458068847656,292.1325988769531,292.17828369140625,16515.818359375,33031.63671875,69.04582214355469,69.0457534790039,1793.5576171875,3579.132568359375,1793.54931640625,3577.279541015625,284.5369873046875,61.9621467590332,1.062953515429399e-06,0,0,2574.717041015625,1291.88037109375,0,23.81955909729004,2713.03271484375,11.82792854309082,11.837173461914062,907.83984375,1810.7904052734375,49.95282745361328,50.00654983520508,100,0,0,346.3659973144531,0,7.924896240234375,20.27479362487793,20.32019805908203,0,1.034000039100647,0.9067617654800415,50,2.799999952316284,2.2931902408599854,0,0,0,0,5.249258620002573,0,0,0,0.0017248077783733606,-0.0017249931115657091,0,-1.853914000093937e-07,100.29695129394531,100.29695892333984,790.2968139648438,790.2968139648438,790.2968139648438,549.7044067382812,0,0,23.81955909729004,0.0010999999940395355,0.02200000174343586,0.03299999609589577,0.04399999603629112,5655.8173828125,114276.53125,0.0429663360118866,0,3.1392715754918754e-05,132.00888061523438,0,0.0002616529818624258,2.8350639695418067e-05,0,0,23.700000762939453,0,0,1600,0,50,0,0,0,50,50,800,0.0,0.0,0.0,0.0
73,158.18197631835938,309.112060546875,326.0912170410156,326.0458068847656,292.1325988769531,292.17828369140625,16515.818359375,33031.63671875,69.04582977294922,69.04576873779297,1793.5726318359375,3579.0966796875,1793.5484619140625,3577.28076171875,284.5370788574219,61.96236038208008,1.6921834458116791e-06,0,0,2574.716796875,1291.8802490234375,0,23.817413330078125,2713.03271484375,11.82792854309082,11.837220191955566,907.840576171875,1810.7886962890625,49.952823638916016,50.007102966308594,100,0,0,346.3661193847656,0,7.924896240234375,20.2748966217041,20.32029914855957,0,1.034000039100647,0.9067617654800415,50,2.799999952316284,2.2931902408599854,0,0,0,0,5.191415826924481,0,0,0,0.0017248077783733606,-0.0017249931115657091,0,-1.853914000093937e-07,100.29695129394531,100.29695892333984,790.2968139648438,790.2968139648438,790.2968139648438,549.7044067382812,0,0,23.817413330078125,0.0010999999940395355,0.02200000174343586,0.03299999609589577,0.04399999603629112,5655.8173828125,114276.53125,0.0429663360118866,0,3.1392715754918754e-05,133.82968139648438,0,0.0002616529818624258,2.8350639695418067e-05,0,0,23.700000762939453,0,0,1600,0,50,0,0,0,50,50,800,0.0,0.0,0.0,0.0
74,158.1821746826172,309.112060546875,326.0912170410156,326.0457763671875,292.1325988769531,292.1783142089844,16515.818359375,33031.63671875,69.04583740234375,69.0457763671875,1793.5875244140625,3579.060546875,1793.5472412109375,3577.281982421875,284.53717041015625,61.962581634521484,3.4834290545404656e-06,0,0,2574.7158203125,1291.8802490234375,0,23.81524658203125,2713.03271484375,11.827929496765137,11.837265968322754,907.8412475585938,1810.786865234375,49.952823638916016,50.007652282714844,100,0,0,346.3662109375,0,7.924896240234375,20.27499771118164,20.3204345703125,0,1.034000039100647,0.9067617654800415,50,2.799999952316284,2.2931902408599854,0,0,0,0,5.133572530883074,0,0,0,0.0017248077783733606,-0.0017249931115657091,0,-1.853914000093937e-07,100.29695129394531,100.29695892333984,790.2968139648438,790.2968139648438,790.2968139648438,549.7044067382812,0,0,23.81524658203125,0.0010999999940395355,0.02200000174343586,0.03299999609589577,0.04399999603629112,5655.8173828125,114276.53125,0.0429663360118866,0,3.1392715754918754e-05,135.65048217773438,0,0.0002616529818624258,2.8350639695418067e-05,0,0,23.700000762939453,0,0,1600,0,50,0,0,0,50,50,800,0.0,0.0,0.0,0.0
75,158.182373046875,309.112060546875,326.09124755859375,326.0457763671875,292.1325988769531,292.1783142089844,16515.818359375,33031.63671875,69.04583740234375,69.04578399658203,1793.602294921875,3579.023681640625,1793.5462646484375,3577.28271484375,284.5372619628906,61.96280288696289,5.274674549582414e-06,0,0,2574.71533203125,1291.8800048828125,0,23.81578254699707,2713.03271484375,11.827933311462402,11.837311744689941,907.842041015625,1810.784912109375,49.952884674072266,50.008174896240234,100,0,0,346.3663024902344,0,7.924896240234375,20.275066375732422,20.320537567138672,0,1.034000039100647,0.9067617654800415,50,2.799999952316284,2.2931902408599854,0,0,0,0,5.075729737804982,0,0,0,0.0017248077783733606,-0.0017249931115657091,0,-1.853914000093937e-07,100.29695129394531,100.29695892333984,790.2968139648438,790.2968139648438,790.2968139648438,549.7044067382812,0,0,23.81578254699707,0.0010999999940395355,0.02200000174343586,0.03299999609589577,0.04399999603629112,5655.8173828125,114276.53125,0.0429663360118866,0,3.1392715754918754e-05,137.47128295898438,0,0.0002616529818624258,2.8350639695418067e-05,0,0,23.700000762939453,0,0,1600,0,50,0,0,0,50,50,800,0.0,0.0,0.0,0.0
76,158.1825714111328,309.1120910644531,326.09124755859375,326.04571533203125,292.13262939453125,292.1783752441406,16515.818359375,33031.63671875,69.04583740234375,69.04579162597656,1793.6170654296875,3578.98779296875,1793.547119140625,3577.281982421875,284.537353515625,61.963016510009766,-4.731830358650768e-06,0,0,2574.714599609375,1291.8802490234375,0,23.81495475769043,2713.03271484375,11.827935218811035,11.837355613708496,907.8427734375,1810.7806396484375,49.952919006347656,50.00869369506836,100,0,0,346.3664245605469,0,7.924896240234375,20.27516746520996,20.320707321166992,0,1.034000039100647,0.9067617654800415,50,2.799999952316284,2.2931902408599854,0,0,0,0,5.017886441763576,0,0,0,0.0017227152129635215,-0.0017249931115657091,0,-2.2779684059059946e-06,100.29695129394531,100.29695892333984,790.2968139648438,790.2968139648438,790.2968139648438,549.7044067382812,0,0,23.81495475769043,0.0010999999940395355,0.02200000174343586,0.03299999609589577,0.04399999603629112,5655.8173828125,114276.53125,0.0429663360118866,0,3.1392715754918754e-05,139.29208374023438,0,0.0002616529818624258,2.8350639695418067e-05,0,0,23.700000762939453,0,0,1600,0,50,0,0,0,50,50,800,0.0,0.0,0.0,0.0
77,158.1827850341797,309.11212158203125,326.09124755859375,326.045654296875,292.1327209472656,292.178466796875,16515.818359375,33031.63671875,69.04585266113281,69.0457992553711,1793.63037109375,3578.952880859375,1793.545654296875,3577.283203125,284.5374450683594,61.96324157714844,-2.359577138122404e-06,0,0,2574.714111328125,1291.8800048828125,0,23.811424255371094,2713.031982421875,11.8279390335083,11.837398529052734,907.8458251953125,1810.7841796875,49.95292663574219,50.00922393798828,100,0,0,346.36651611328125,0,7.924896240234375,20.2752685546875,20.32087516784668,0,1.034000039100647,0.9067617654800415,50,2.799999952316284,2.2931909561157227,0,0,0,0,4.960043648685484,0,0,0,0.0017206224147230387,-0.0017249095253646374,0,-4.287006049707998e-06,100.29668426513672,100.29692840576172,790.2965087890625,790.2966918945312,790.2966918945312,549.7044067382812,0,0,23.811424255371094,0.0010999999940395355,0.02200000174343586,0.03299999609589577,0.04399999603629112,5655.8173828125,114276.53125,0.0429663360118866,0,3.1392715754918754e-05,141.11288452148438,0,0.0002616529818624258,2.8350639695418067e-05,0,0,23.700000762939453,0,0,1600,0,50,0,0,0,50,50,800,0.0,0.0,0.0,0.0
78,158.1829833984375,309.11212158203125,326.09124755859375,326.045654296875,292.1327209472656,292.17852783203125,16515.818359375,33031.63671875,69.04586029052734,69.04582214355469,1793.6429443359375,3578.917724609375,1793.542724609375,3577.285888671875,284.53753662109375,61.96347427368164,1.1746917607524665e-06,0,0,2574.713623046875,1291.8802490234375,0,23.810575485229492,2713.029296875,11.8279447555542,11.837440490722656,907.8451538085938,1810.782470703125,49.952999114990234,50.009742736816406,100,0,0,346.3666076660156,0,7.924896240234375,20.275371551513672,20.32097816467285,0,1.034000039100647,0.9067617654800415,50,2.799999952316284,2.2931933403015137,0,0,0,0,4.902200352644077,0,0,0,0.0017206224147230387,-0.001724323141388595,0,-3.7007150694989832e-06,100.29646301269531,100.29682922363281,790.2959594726562,790.2962646484375,790.2962646484375,549.7042236328125,0,0,23.810575485229492,0.0010999999940395355,0.02200000174343586,0.03299999609589577,0.04399999603629112,5655.8173828125,114276.53125,0.0429663360118866,0,3.1392715754918754e-05,142.93368530273438,0,0.0002616529818624258,2.8350639695418067e-05,0,0,23.700000762939453,0,0,1600,0,50,0,0,0,50,50,800,0.0,0.0,0.0,0.0
79,158.1831817626953,309.11212158203125,326.09124755859375,326.0455627441406,292.1327209472656,292.1785888671875,16515.818359375,33031.63671875,69.04586791992188,69.04582977294922,1793.65625,3578.8818359375,1793.5433349609375,3577.285888671875,284.53759765625,61.96369552612305,2.9659372557944153e-06,0,0,2574.712646484375,1291.8798828125,0,23.812429428100586,2713.026123046875,11.827949523925781,11.837482452392578,907.845703125,1810.7781982421875,49.953060150146484,50.0102653503418,100,0,0,346.3667297363281,0,7.924896240234375,20.27547264099121,20.321147918701172,0,1.034000039100647,0.9067617654800415,50,2.799999952316284,2.293195962905884,0,0,0,0,4.844357559565986,0,0,0,0.0017206224147230387,-0.001723653171211481,0,-3.0307332963275257e-06,100.29634857177734,100.29671478271484,790.29541015625,790.2957153320312,790.2957153320312,549.7039184570312,0,0,23.812429428100586,0.0010999999940395355,0.02200000174343586,0.03299999609589577,0.04399999603629112,5655.8173828125,114276.53125,0.0429663360118866,0,3.1392715754918754e-05,144.75448608398438,0,0.0002616529818624258,2.8350639695418067e-05,0,0,23.700000762939453,0,0,1600,0,50,0,0,0,50,50,800,0.0,0.0,0.0,0.0
80,158.18338012695312,309.11212158203125,326.09124755859375,326.0455627441406,292.1327209472656,292.17864990234375,16515.818359375,33031.63671875,69.04588317871094,69.04584503173828,1793.6688232421875,3578.8466796875,1793.5452880859375,3577.283935546875,284.5376892089844,61.96390914916992,3.5951670724898577e-06,0,0,2574.71240234375,1291.8798828125,0,23.811603546142578,2713.02294921875,11.82795524597168,11.837523460388184,907.8463134765625,1810.7763671875,49.95314025878906,50.01076889038086,100,0,0,346.3668212890625,0,7.924896240234375,20.27557373046875,20.32124900817871,0,1.034000039100647,0.9067617654800415,50,2.799999952316284,2.293198585510254,0,0,0,0,4.7865142635245785,0,0,0,0.0017206224147230387,-0.0017229830846190453,0,-2.360600092288223e-06,100.2962875366211,100.29660034179688,790.2948608398438,790.295166015625,790.295166015625,549.7036743164062,0,0,23.811603546142578,0.0010999999940395355,0.02200000174343586,0.03299999609589577,0.04399999603629112,5655.8173828125,114276.53125,0.0429663360118866,0,3.1392715754918754e-05,146.57528686523438,0,0.0002616529818624258,2.8350639695418067e-05,0,0,23.700000762939453,0,0,1600,0,50,0,0,0,50,50,800,0.0,0.0,0.0,0.0
81,158.18357849121094,309.11212158203125,326.09124755859375,326.0455322265625,292.1327209472656,292.1786804199219,16515.818359375,33031.63671875,69.04589080810547,69.04586029052734,1793.681640625,3578.81103515625,1793.5411376953125,3577.287841796875,284.5378112792969,61.96413803100586,-4.087306933797663e-06,0,0,2574.711669921875,1291.8798828125,0,23.80943489074707,2713.020263671875,11.827961921691895,11.837564468383789,907.8458251953125,1810.7720947265625,49.95326614379883,50.01125717163086,100,0,0,346.3669128417969,0,7.924896240234375,20.275676727294922,20.32138442993164,0,1.034000039100647,0.9067617654800415,50,2.799999952316284,2.293200731277466,0,0,0,0,4.728670967483172,0,0,0,0.0017206224147230387,-0.0017223969334736466,0,-1.774460542947054e-06,100.29624938964844,100.29650115966797,790.2944946289062,790.294677734375,790.294677734375,549.703369140625,0,0,23.80943489074707,0.0010999999940395355,0.02200000174343586,0.03299999609589577,0.04399999603629112,5655.8173828125,114276.53125,0.0429663360118866,0,3.1392715754918754e-05,148.39608764648438,0,0.0002616529818624258,2.8350639695418067e-05,0,0,23.700000762939453,0,0,1600,0,50,0,0,0,50,50,800,0.0,0.0,0.0,0.0
82,158.1837921142578,309.11212158203125,326.09124755859375,326.0455017089844,292.1327209472656,292.1787109375,16515.818359375,33031.63671875,69.0458984375,69.04586791992188,1793.6942138671875,3578.776123046875,1793.542724609375,3577.286376953125,284.5378723144531,61.9643440246582,-4.6200925680750515e-06,0,0,2574.7109375,1291.8798828125,0,23.811311721801758,2713.01806640625,11.827970504760742,11.837602615356445,907.8462524414062,1810.7705078125,49.9533576965332,50.01173400878906,100,0,0,346.3670349121094,0,7.924896240234375,20.27577781677246,20.32151985168457,0,1.034000039100647,0.9067617654800415,50,2.799999952316284,2.2932026386260986,0,0,0,0,4.670828174405081,0,0,0,0.0017206224147230387,-0.0017218943685293198,0,-1.2718606967609958e-06,100.2962417602539,100.29641723632812,790.2941284179688,790.2942504882812,790.2942504882812,549.7031860351562,0,0,23.811311721801758,0.0010999999940395355,0.02200000174343586,0.03299999609589577,0.04399999603629112,5655.8173828125,114276.53125,0.0429663360118866,0,3.1392715754918754e-05,150.21688842773438,0,0.0002616529818624258,2.8350639695418067e-05,0,0,23.700000762939453,0,0,1600,0,50,0,0,0,50,50,800,0.0,0.0,0.0,0.0
83,158.18399047851562,309.11212158203125,326.09124755859375,326.0455017089844,292.1327209472656,292.1787109375,16515.818359375,33031.63671875,69.04590606689453,69.0458755493164,1793.70654296875,3578.742431640625,1793.541748046875,3577.287109375,284.5379638671875,61.964561462402344,-3.4098543437721673e-06,0,0,2574.71044921875,1291.8797607421875,0,23.809165954589844,2713.0166015625,11.827978134155273,11.837639808654785,907.8469848632812,1810.7686767578125,49.953487396240234,50.012168884277344,100,0,0,346.3671569824219,0,7.924896240234375,20.27591323852539,20.3216552734375,0,1.034000039100647,0.9067617654800415,50,2.799999952316284,2.293203830718994,0,0,0,0,4.612984878363674,0,0,0,0.0017206224147230387,-0.00172155920881778,0,-9.367940947413445e-07,100.2962417602539,100.2963638305664,790.2939453125,790.2940063476562,790.2940063476562,549.7030639648438,0,0,23.809165954589844,0.0010999999940395355,0.02200000174343586,0.03299999609589577,0.04399999603629112,5655.8173828125,114276.53125,0.0429663360118866,0,3.1392715754918754e-05,152.03768920898438,0,0.0002616529818624258,2.8350639695418067e-05,0,0,23.700000762939453,0,0,1600,0,50,0,0,0,50,50,800,0.0,0.0,0.0,0.0
84,158.18418884277344,309.11212158203125,326.09124755859375,326.04547119140625,292.1327209472656,292.17877197265625,16515.818359375,33031.63671875,69.04591369628906,69.04589080810547,1793.7186279296875,3578.70849609375,1793.54052734375,3577.28857421875,284.5380554199219,61.96476745605469,-3.942639978049556e-06,0,0,2574.7099609375,1291.8797607421875,0,23.808361053466797,2713.015869140625,11.827986717224121,11.837677955627441,907.8475341796875,1810.76708984375,49.953575134277344,50.01263427734375,100,0,0,346.3672790527344,0,7.924896240234375,20.27601432800293,20.32179069519043,0,1.034000039100647,0.9067617654800415,50,2.799999952316284,2.2932045459747314,0,0,0,0,4.555142085285582,0,0,0,0.0017206224147230387,-0.0017213919200003147,0,-7.694121677559451e-07,100.2962417602539,100.29633331298828,790.2938232421875,790.2938842773438,790.2938842773438,549.7030029296875,0,0,23.808361053466797,0.0010999999940395355,0.02200000174343586,0.03299999609589577,0.04399999603629112,5655.8173828125,114276.53125,0.0429663360118866,0,3.1392715754918754e-05,153.85848999023438,0,0.0002616529818624258,2.8350639695418067e-05,0,0,23.700000762939453,0,0,1600,0,50,0,0,0,50,50,800,0.0,0.0,0.0,0.0
85,158.1843719482422,309.11212158203125,326.09124755859375,326.0454406738281,292.1327209472656,292.1788024902344,16515.818359375,33031.63671875,69.04591369628906,69.0458984375,1793.7308349609375,3578.675048828125,1793.5408935546875,3577.288330078125,284.53814697265625,61.964969635009766,-5.056433110439684e-06,0,0,2574.709228515625,1291.879638671875,0,23.808942794799805,2713.014892578125,11.827996253967285,11.837714195251465,907.8480834960938,1810.7628173828125,49.95369338989258,50.0130615234375,100,0,0,346.3673400878906,0,7.924896240234375,20.27608299255371,20.3218936920166,0,1.034000039100647,0.9067617654800415,50,2.799999952316284,2.2932052612304688,0,0,0,0,4.502119189655121,0,0,0,0.0017206224147230387,-0.0017212243983522058,0,-6.018788667461195e-07,100.2962417602539,100.29630279541016,790.2936401367188,790.2937622070312,790.2937622070312,549.702880859375,0,0,23.808942794799805,0.0010999999940395355,0.02200000174343586,0.03299999609589577,0.04399999603629112,5655.8173828125,114276.53125,0.0429663360118866,0,3.1392715754918754e-05,155.67929077148438,0,0.0002616529818624258,2.8350639695418067e-05,0,0,23.700000762939453,0,0,1600,0,50,0,0,0,50,50,800,0.0,0.0,0.0,0.0
86,158.18458557128906,309.11212158203125,326.09124755859375,326.0454406738281,292.1327209472656,292.1788024902344,16515.818359375,33031.63671875,69.0459213256836,69.04590606689453,1793.7421875,3578.642822265625,1793.54248046875,3577.28662109375,284.5382080078125,61.96519088745117,-3.2651876153977355e-06,0,0,2574.708740234375,1291.879638671875,0,23.805456161499023,2713.014404296875,11.828006744384766,11.837748527526855,907.8486328125,1810.76123046875,49.95380783081055,50.01348114013672,100,0,0,346.367431640625,0,7.924896240234375,20.27618408203125,20.32199478149414,0,1.034000039100647,0.9067617654800415,50,2.799999952316284,2.293205738067627,0,0,0,0,4.444275893613715,0,0,0,0.0017206224147230387,-0.001721056760288775,0,-4.343455657362938e-07,100.2962417602539,100.29627990722656,790.2935791015625,790.2935791015625,790.2935791015625,549.7028198242188,0,0,23.805456161499023,0.0010999999940395355,0.02200000174343586,0.03299999609589577,0.04399999603629112,5655.8173828125,114276.53125,0.0429663360118866,0,3.1392715754918754e-05,157.50009155273438,0,0.0002616529818624258,2.8350639695418067e-05,0,0,23.700000762939453,0,0,1600,0,50,0,0,0,50,50,800,0.0,0.0,0.0,0.0
87,158.18475341796875,309.11212158203125,326.09124755859375,326.04541015625,292.1327209472656,292.1788330078125,16515.818359375,33031.63671875,69.0459213256836,69.04591369628906,1793.7532958984375,3578.6103515625,1793.53955078125,3577.28955078125,284.5382995605469,61.96541213989258,-1.4739422340426245e-06,0,0,2574.7080078125,1291.879638671875,0,23.804628372192383,2713.014404296875,11.828017234802246,11.837783813476562,907.847900390625,1810.7596435546875,49.95391845703125,50.01389694213867,100,0,0,346.3675231933594,0,7.924896240234375,20.276287078857422,20.32213020324707,0,1.034000039100647,0.9067617654800415,50,2.799999952316284,2.293205738067627,0,0,0,0,4.3912535009465685,0,0,0,0.0017206224147230387,-0.001721056760288775,0,-4.343455657362938e-07,100.2962417602539,100.29627990722656,790.2935791015625,790.2935791015625,790.2935791015625,549.7028198242188,0,0,23.804628372192383,0.0010999999940395355,0.02200000174343586,0.03299999609589577,0.04399999603629112,5655.8173828125,114276.53125,0.0429663360118866,0,3.1392715754918754e-05,159.32089233398438,0,0.0002616529818624258,2.8350639695418067e-05,0,0,23.700000762939453,0,0,1600,0,50,0,0,0,50,50,800,0.0,0.0,0.0,0.0
88,158.18495178222656,309.1121826171875,326.0912780761719,326.0453796386719,292.13275146484375,292.1788635253906,16515.818359375,33031.63671875,69.04593658447266,69.0459213256836,1793.7642822265625,3578.578125,1793.5377197265625,3577.291015625,284.53839111328125,61.96562576293945,-8.447121899735066e-07,0,0,2574.70751953125,1291.8798828125,0,23.805164337158203,2713.01416015625,11.828027725219727,11.837817192077637,907.8495483398438,1810.7608642578125,49.954002380371094,50.01431655883789,100,0,0,346.3676452636719,0,7.924896240234375,20.27635383605957,20.322265625,0,1.034000039100647,0.9067617654800415,50,2.799999952316284,2.293205976486206,0,0,0,0,4.338230605316109,0,0,0,0.0017164372839033604,-0.001721056760288775,0,-4.619499577529496e-06,100.296142578125,100.29627227783203,790.29345703125,790.2935791015625,790.2935791015625,549.702880859375,0,0,23.805164337158203,0.0010999999940395355,0.02200000174343586,0.03299999609589577,0.04399999603629112,5655.8173828125,114276.53125,0.0429663360118866,0,3.1392715754918754e-05,161.14169311523438,0,0.0002616529818624258,2.8350639695418067e-05,0,0,23.700000762939453,0,0,1600,0,50,0,0,0,50,50,800,0.0,0.0,0.0,0.0
89,158.18511962890625,309.1121826171875,326.0913391113281,326.0453796386719,292.13275146484375,292.17889404296875,16515.818359375,33031.63671875,69.04594421386719,69.04594421386719,1793.7752685546875,3578.5458984375,1793.538330078125,3577.290771484375,284.5384826660156,61.96583938598633,-2.154821885369529e-07,0,0,2574.70703125,1291.8797607421875,0,23.80436134338379,2713.01220703125,11.828039169311523,11.837849617004395,907.8513793945312,1810.7591552734375,49.954158782958984,50.01470947265625,100,0,0,346.36773681640625,0,7.924896240234375,20.27638816833496,20.322368621826172,0,1.034000039100647,0.9067617654800415,50,2.799999952316284,2.2932076454162598,0,0,0,0,4.285207709685648,0,0,0,0.0017164372839033604,-0.0017206380143761635,0,-4.200742296234239e-06,100.29583740234375,100.29619598388672,790.29296875,790.2932739257812,790.2932739257812,549.7026977539062,0,0,23.80436134338379,0.0010999999940395355,0.02200000174343586,0.03299999609589577,0.04399999603629112,5655.8173828125,114276.53125,0.0429663360118866,0,3.1392715754918754e-05,162.96249389648438,0,0.0002616529818624258,2.8350639695418067e-05,0,0,23.700000762939453,0,0,1600,0,50,0,0,0,50,50,800,0.0,0.0,0.0,0.0
90,158.18528747558594,309.1121826171875,326.0914001464844,326.0453796386719,292.13275146484375,292.17889404296875,16515.818359375,33031.63671875,69.04595947265625,69.04595947265625,1793.7852783203125,3578.513671875,1793.5364990234375,3577.292236328125,284.5385437011719,61.96605682373047,9.947555099643068e-07,0,0,2574.70654296875,1291.8797607421875,0,23.803556442260742,2713.009033203125,11.828051567077637,11.837882995605469,907.851806640625,1810.757568359375,49.954315185546875,50.0151252746582,100,0,0,346.3677978515625,0,7.924896240234375,20.27642250061035,20.32243537902832,0,1.034000039100647,0.9067617654800415,50,2.799999952316284,2.29321026802063,0,0,0,0,4.237005214466133,0,0,0,0.0017164372839033604,-0.0017199679277837276,0,-3.5306090921949362e-06,100.29566955566406,100.29608154296875,790.2923583984375,790.292724609375,790.292724609375,549.7024536132812,0,0,23.803556442260742,0.0010999999940395355,0.02200000174343586,0.03299999609589577,0.04399999603629112,5655.8173828125,114276.53125,0.0429663360118866,0,3.1392715754918754e-05,164.78329467773438,0,0.0002616529818624258,2.8350639695418067e-05,0,0,23.700000762939453,0,0,1600,0,50,0,0,0,50,50,800,0.0,0.0,0.0,0.0
91,158.18545532226562,309.1121826171875,326.0914001464844,326.0453796386719,292.13275146484375,292.1789245605469,16515.818359375,33031.63671875,69.04597473144531,69.04596710205078,1793.795654296875,3578.48095703125,1793.5384521484375,3577.290771484375,284.53863525390625,61.96625900268555,-1.1903771479637726e-07,0,0,2574.705810546875,1291.8797607421875,0,23.804115295410156,2713.005126953125,11.828064918518066,11.83791446685791,907.85107421875,1810.7532958984375,49.95451354980469,50.0155143737793,100,0,0,346.367919921875,0,7.924896240234375,20.27652359008789,20.322538375854492,0,1.034000039100647,0.9067617654800415,50,2.799999952316284,2.2932136058807373,0,0,0,0,4.18880246776496,0,0,0,0.0017164372839033604,-0.0017191304359585047,0,-2.6930938474833965e-06,100.29559326171875,100.29593658447266,790.291748046875,790.2920532226562,790.2920532226562,549.7020874023438,0,0,23.804115295410156,0.0010999999940395355,0.02200000174343586,0.03299999609589577,0.04399999603629112,5655.8173828125,114276.53125,0.0429663360118866,0,3.1392715754918754e-05,166.60409545898438,0,0.0002616529818624258,2.8350639695418067e-05,0,0,23.700000762939453,0,0,1600,0,50,0,0,0,50,50,800,0.0,0.0,0.0,0.0
92,158.1856231689453,309.1121826171875,326.0914001464844,326.0453796386719,292.13275146484375,292.178955078125,16515.818359375,33031.63671875,69.04598236083984,69.04598236083984,1793.805419921875,3578.448486328125,1793.537109375,3577.291748046875,284.5387268066406,61.966453552246094,-2.394846660536132e-06,0,0,2574.70556640625,1291.879638671875,0,23.804718017578125,2713.001953125,11.828078269958496,11.837944030761719,907.8516845703125,1810.7515869140625,49.95471954345703,50.0158805847168,100,0,0,346.36798095703125,0,7.924896240234375,20.276592254638672,20.32260513305664,0,1.034000039100647,0.9067617654800415,50,2.799999952316284,2.2932162284851074,0,0,0,0,4.140599972545446,0,0,0,0.0017164372839033604,-0.0017184604657813907,0,-2.023112074311939e-06,100.29554748535156,100.29582214355469,790.2913208007812,790.29150390625,790.29150390625,549.7018432617188,0,0,23.804718017578125,0.0010999999940395355,0.02200000174343586,0.03299999609589577,0.04399999603629112,5655.8173828125,114276.53125,0.0429663360118866,0,3.1392715754918754e-05,168.42489624023438,0,0.0002616529818624258,2.8350639695418067e-05,0,0,23.700000762939453,0,0,1600,0,50,0,0,0,50,50,800,0.0,0.0,0.0,0.0
93,158.185791015625,309.1121826171875,326.0914001464844,326.0453796386719,292.13275146484375,292.178955078125,16515.818359375,33031.63671875,69.04598999023438,69.04598999023438,1793.81494140625,3578.41796875,1793.5386962890625,3577.290283203125,284.5387878417969,61.966651916503906,-4.089647518412676e-06,0,0,2574.705078125,1291.8795166015625,0,23.8026180267334,2712.999755859375,11.828092575073242,11.837973594665527,907.85205078125,1810.7501220703125,49.95488357543945,50.0162467956543,100,0,0,346.3680725097656,0,7.924896240234375,20.27669334411621,20.32270622253418,0,1.034000039100647,0.9067617654800415,50,2.799999952316284,2.2932181358337402,0,0,0,0,4.092397477325931,0,0,0,0.0017164372839033604,-0.0017179580172523856,0,-1.5206635453068884e-06,100.29551696777344,100.29573822021484,790.2908935546875,790.2910766601562,790.2910766601562,549.7015991210938,0,0,23.8026180267334,0.0010999999940395355,0.02200000174343586,0.03299999609589577,0.04399999603629112,5655.8173828125,114276.53125,0.0429663360118866,0,3.1392715754918754e-05,170.24569702148438,0,0.0002616529818624258,2.8350639695418067e-05,0,0,23.700000762939453,0,0,1600,0,50,0,0,0,50,50,800,0.0,0.0,0.0,0.0
94,158.1859588623047,309.1121826171875,326.0914001464844,326.0453796386719,292.13275146484375,292.1789855957031,16515.818359375,33031.63671875,69.04598999023438,69.0459976196289,1793.8243408203125,3578.38720703125,1793.537109375,3577.291748046875,284.53887939453125,61.966861724853516,-4.041425199829973e-06,0,0,2574.70458984375,1291.879638671875,0,23.8018798828125,2712.997802734375,11.828107833862305,11.83800220489502,907.8512573242188,1810.74609375,49.955074310302734,50.0166015625,100,0,0,346.3681945800781,0,7.924896240234375,20.27679443359375,20.32280921936035,0,1.034000039100647,0.9067617654800415,50,2.799999952316284,2.293219804763794,0,0,0,0,4.044194730624759,0,0,0,0.0017164372839033604,-0.0017175390385091305,0,-1.101754605770111e-06,100.29551696777344,100.29566955566406,790.2905883789062,790.290771484375,790.290771484375,549.7014770507812,0,0,23.8018798828125,0.0010999999940395355,0.02200000174343586,0.03299999609589577,0.04399999603629112,5655.8173828125,114276.53125,0.0429663360118866,0,3.1392715754918754e-05,172.06649780273438,0,0.0002616529818624258,2.8350639695418067e-05,0,0,23.700000762939453,0,0,1600,0,50,0,0,0,50,50,800,0.0,0.0,0.0,0.0
95,158.18612670898438,309.1121826171875,326.0914001464844,326.04534912109375,292.13275146484375,292.17901611328125,16515.818359375,33031.63671875,69.0459976196289,69.04601287841797,1793.8336181640625,3578.358154296875,1793.5352783203125,3577.2939453125,284.5389404296875,61.96705627441406,4.318500941735692e-06,0,0,2574.703857421875,1291.879638671875,0,23.802459716796875,2712.996826171875,11.828121185302734,11.838028907775879,907.8516235351562,1810.7447509765625,49.9552116394043,50.01694107055664,100,0,0,346.3682556152344,0,7.924896240234375,20.27686309814453,20.32291030883789,0,1.034000039100647,0.9067617654800415,50,2.799999952316284,2.2932207584381104,0,0,0,0,3.995992235405244,0,0,0,0.0017164372839033604,-0.001717287814244628,0,-8.505303412675858e-07,100.29551696777344,100.2956314086914,790.2904663085938,790.29052734375,790.29052734375,549.7013549804688,0,0,23.802459716796875,0.0010999999940395355,0.02200000174343586,0.03299999609589577,0.04399999603629112,5655.8173828125,114276.53125,0.0429663360118866,0,3.1392715754918754e-05,173.88729858398438,0,0.0002616529818624258,2.8350639695418067e-05,0,0,23.700000762939453,0,0,1600,0,50,0,0,0,50,50,800,0.0,0.0,0.0,0.0
96,158.18629455566406,309.1121826171875,326.0914001464844,326.04534912109375,292.13275146484375,292.17901611328125,16515.818359375,33031.63671875,69.04600524902344,69.0460205078125,1793.8426513671875,3578.327880859375,1793.5335693359375,3577.29541015625,284.5390319824219,61.967247009277344,1.4616841781389667e-06,0,0,2574.703369140625,1291.8795166015625,0,23.80172348022461,2712.99609375,11.828137397766113,11.838057518005371,907.8519287109375,1810.743408203125,49.955387115478516,50.01728439331055,100,0,0,346.36834716796875,0,7.924896240234375,20.27696418762207,20.32301139831543,0,1.034000039100647,0.9067617654800415,50,2.799999952316284,2.2932214736938477,0,0,0,0,3.947789740185729,0,0,0,0.0017164372839033604,-0.001717120292596519,0,-6.829970402577601e-07,100.29551696777344,100.29560089111328,790.2903442382812,790.2904052734375,790.2904052734375,549.7012939453125,0,0,23.80172348022461,0.0010999999940395355,0.02200000174343586,0.03299999609589577,0.04399999603629112,5655.8173828125,114276.53125,0.0429663360118866,0,3.1392715754918754e-05,175.70809936523438,0,0.0002616529818624258,2.8350639695418067e-05,0,0,23.700000762939453,0,0,1600,0,50,0,0,0,50,50,800,0.0,0.0,0.0,0.0
97,158.18646240234375,309.1121826171875,326.0914001464844,326.0453186035156,292.13275146484375,292.1790771484375,16515.818359375,33031.63671875,69.04601287841797,69.04602813720703,1793.8521728515625,3578.297607421875,1793.5321044921875,3577.297119140625,284.5390930175781,61.96744918823242,3.4789087521858164e-07,0,0,2574.703125,1291.8795166015625,0,23.799644470214844,2712.9951171875,11.828152656555176,11.83808422088623,907.8524780273438,1810.7418212890625,49.955589294433594,50.01759719848633,100,0,0,346.368408203125,0,7.924896240234375,20.27703285217285,20.3231143951416,0,1.034000039100647,0.9067617654800415,50,2.799999952316284,2.293221950531006,0,0,0,0,3.8995872449662143,0,0,0,0.0017164372839033604,-0.0017169528873637319,0,-5.156151132723608e-07,100.29551696777344,100.29557037353516,790.2902221679688,790.290283203125,790.290283203125,549.7012329101562,0,0,23.799644470214844,0.0010999999940395355,0.02200000174343586,0.03299999609589577,0.04399999603629112,5655.8173828125,114276.53125,0.0429663360118866,0,3.1392715754918754e-05,177.52890014648438,0,0.0002616529818624258,2.8350639695418067e-05,0,0,23.700000762939453,0,0,1600,0,50,0,0,0,50,50,800,0.0,0.0,0.0,0.0
98,158.18663024902344,309.1121826171875,326.0914001464844,326.0452575683594,292.13275146484375,292.1791076660156,16515.818359375,33031.63671875,69.04601287841797,69.04603576660156,1793.8612060546875,3578.269287109375,1793.531982421875,3577.296630859375,284.5391845703125,61.9676513671875,-7.659024277018034e-07,0,0,2574.7021484375,1291.8795166015625,0,23.800247192382812,2712.994873046875,11.828170776367188,11.83810806274414,907.8528442382812,1810.7379150390625,49.95579528808594,50.017887115478516,100,0,0,346.3685302734375,0,7.924896240234375,20.27713394165039,20.32324981689453,0,1.034000039100647,0.9067617654800415,50,2.799999952316284,2.293222427368164,0,0,0,0,3.851384498265042,0,0,0,0.0017164372839033604,-0.0017168690683320165,0,-4.317728041769442e-07,100.29552459716797,100.2955551147461,790.2902221679688,790.2902221679688,790.2902221679688,549.7012329101562,0,0,23.800247192382812,0.0010999999940395355,0.02200000174343586,0.03299999609589577,0.04399999603629112,5655.8173828125,114276.53125,0.0429663360118866,0,3.1392715754918754e-05,179.34970092773438,0,0.0002616529818624258,2.8350639695418067e-05,0,0,23.700000762939453,0,0,1600,0,50,0,0,0,50,50,800,0.0,0.0,0.0,0.0
99,158.18679809570312,309.11224365234375,326.0914306640625,326.04522705078125,292.1327819824219,292.17913818359375,16515.818359375,33031.63671875,69.0460205078125,69.0460433959961,1793.8695068359375,3578.23974609375,1793.5333251953125,3577.29541015625,284.5392761230469,61.967857360839844,-1.2986879482923541e-06,0,0,2574.701904296875,1291.879638671875,0,23.798126220703125,2712.99462890625,11.828187942504883,11.838133811950684,907.8544311523438,1810.7391357421875,49.95598602294922,50.0181999206543,100,0,0,346.36859130859375,0,7.924896240234375,20.27716827392578,20.32335090637207,0,1.034000039100647,0.9067617654800415,50,2.799999952316284,2.293222665786743,0,0,0,0,3.8031820030455274,0,0,0,0.001712252153083682,-0.0017168690683320165,0,-4.616927071765531e-06,100.29544067382812,100.29554748535156,790.2901611328125,790.2902221679688,790.2902221679688,549.7012329101562,0,0,23.798126220703125,0.0010999999940395355,0.02200000174343586,0.03299999609589577,0.04399999603629112,5655.8173828125,114276.53125,0.0429663360118866,0,3.1392715754918754e-05,181.17050170898438,0,0.0002616529818624258,2.8350639695418067e-05,0,0,23.700000762939453,0,0,1600,0,50,0,0,0,50,50,800,0.0,0.0,0.0,0.0
100,158.1869659423828,309.11224365234375,326.09149169921875,326.04522705078125,292.1327819824219,292.17913818359375,16515.818359375,33031.63671875,69.04603576660156,69.04605865478516,1793.8779296875,3578.210205078125,1793.5301513671875,3577.298583984375,284.5393371582031,61.96805191040039,-3.574496759028989e-06,0,0,2574.701416015625,1291.879638671875,0,23.79736328125,2712.992919921875,11.828204154968262,11.83815860748291,907.85498046875,1810.739990234375,49.956207275390625,50.01848602294922,100,0,0,346.3686828613281,0,7.924896240234375,20.277202606201172,20.323453903198242,0,1.034000039100647,0.9067617654800415,50,2.799999952316284,2.2932240962982178,0,0,0,0,3.7549795078260124,0,0,0,0.001712252153083682,-0.0017165340250357985,0,-4.281860583432717e-06,100.29512786865234,100.29548645019531,790.2896728515625,790.2899169921875,790.2899169921875,549.7010498046875,0,0,23.79736328125,0.0010999999940395355,0.02200000174343586,0.03299999609589577,0.04399999603629112,5655.8173828125,114276.53125,0.0429663360118866,0,3.1392715754918754e-05,182.99130249023438,0,0.0002616529818624258,2.8350639695418067e-05,0,0,23.700000762939453,0,0,1600,0,50,0,0,0,50,50,800,0.0,0.0,0.0,0.0
101,158.1871337890625,309.11224365234375,326.0915222167969,326.04522705078125,292.1327819824219,292.1791687011719,16515.818359375,33031.63671875,69.0460433959961,69.04607391357422,1793.8851318359375,3578.181640625,1793.5299072265625,3577.299072265625,284.5394287109375,61.96825408935547,-4.688290118792793e-06,0,0,2574.701171875,1291.879638671875,0,23.796627044677734,2712.989501953125,11.828222274780273,11.838181495666504,907.8551635742188,1810.736328125,49.9564094543457,50.01880645751953,100,0,0,346.3687438964844,0,7.924896240234375,20.27723503112793,20.32352066040039,0,1.034000039100647,0.9067617654800415,50,2.799999952316284,2.293226957321167,0,0,0,0,3.706777012606498,0,0,0,0.001712252153083682,-0.001715780352242291,0,-3.528187562551466e-06,100.29496002197266,100.29535675048828,790.2890014648438,790.289306640625,790.289306640625,549.7008056640625,0,0,23.796627044677734,0.0010999999940395355,0.02200000174343586,0.03299999609589577,0.04399999603629112,5655.8173828125,114276.53125,0.0429663360118866,0,3.1392715754918754e-05,184.81210327148438,0,0.0002616529818624258,2.8350639695418067e-05,0,0,23.700000762939453,0,0,1600,0,50,0,0,0,50,50,800,0.0,0.0,0.0,0.0
102,158.1873016357422,309.11224365234375,326.0915222167969,326.04522705078125,292.1327819824219,292.17919921875,16515.818359375,33031.63671875,69.04605102539062,69.04608154296875,1793.8924560546875,3578.15283203125,1793.5313720703125,3577.2978515625,284.53948974609375,61.96844482421875,3.0906282972864574e-06,0,0,2574.700439453125,1291.879638671875,0,23.797229766845703,2712.986083984375,11.828241348266602,11.838203430175781,907.85546875,1810.73486328125,49.9566535949707,50.01909255981445,100,0,0,346.3688659667969,0,7.924896240234375,20.2773380279541,20.32362174987793,0,1.034000039100647,0.9067617654800415,50,2.799999952316284,2.293229818344116,0,0,0,0,3.6585742659053255,0,0,0,0.001712252153083682,-0.0017150265630334616,0,-2.7743633381760446e-06,100.29487609863281,100.29523468017578,790.2884521484375,790.2886962890625,790.2886962890625,549.700439453125,0,0,23.797229766845703,0.0010999999940395355,0.02200000174343586,0.03299999609589577,0.04399999603629112,5655.8173828125,114276.53125,0.0429663360118866,0,3.1392715754918754e-05,186.63290405273438,0,0.0002616529818624258,2.8350639695418067e-05,0,0,23.700000762939453,0,0,1600,0,50,0,0,0,50,50,800,0.0,0.0,0.0,0.0
103,158.18746948242188,309.11224365234375,326.0915222167969,326.04522705078125,292.1327819824219,292.17919921875,16515.818359375,33031.63671875,69.04605865478516,69.04609680175781,1793.8997802734375,3578.12451171875,1793.532958984375,3577.2958984375,284.5395812988281,61.96864700317383,1.9768349375226535e-06,0,0,2574.699951171875,1291.8795166015625,0,23.79378890991211,2712.98291015625,11.828259468078613,11.838225364685059,907.85595703125,1810.7332763671875,49.956912994384766,50.01936721801758,100,0,0,346.3689270019531,0,7.924896240234375,20.27740478515625,20.32369041442871,0,1.034000039100647,0.9067617654800415,50,2.799999952316284,2.2932324409484863,0,0,0,0,3.610371770685811,0,0,0,0.001712252153083682,-0.0017143565928563476,0,-2.104381565004587e-06,100.29481506347656,100.29512023925781,790.2879028320312,790.2881469726562,790.2881469726562,549.7001953125,0,0,23.79378890991211,0.0010999999940395355,0.02200000174343586,0.03299999609589577,0.04399999603629112,5655.8173828125,114276.53125,0.0429663360118866,0,3.1392715754918754e-05,188.45370483398438,0,0.0002616529818624258,2.8350639695418067e-05,0,0,23.700000762939453,0,0,1600,0,50,0,0,0,50,50,800,0.0,0.0,0.0,0.0
104,158.18763732910156,309.11224365234375,326.0915222167969,326.04522705078125,292.1327819824219,292.1792297363281,16515.818359375,33031.63671875,69.04606628417969,69.04610443115234,1793.906982421875,3578.097412109375,1793.5308837890625,3577.2978515625,284.5396423339844,61.96884536743164,2.8203393753756245e-07,0,0,2574.699462890625,1291.879638671875,0,23.79575538635254,2712.980224609375,11.828278541564941,11.83824634552002,907.85498046875,1810.7294921875,49.957130432128906,50.01963806152344,100,0,0,346.3690185546875,0,7.924896240234375,20.277507781982422,20.32379150390625,0,1.034000039100647,0.9067617654800415,50,2.799999952316284,2.2932345867156982,0,0,0,0,3.562169275466296,0,0,0,0.001712252153083682,-0.0017137702088803053,0,-1.5180906984824105e-06,100.29480743408203,100.2950210571289,790.2875366210938,790.2877197265625,790.2877197265625,549.7000122070312,0,0,23.79575538635254,0.0010999999940395355,0.02200000174343586,0.03299999609589577,0.04399999603629112,5655.8173828125,114276.53125,0.0429663360118866,0,3.1392715754918754e-05,190.27450561523438,0,0.0002616529818624258,2.8350639695418067e-05,0,0,23.700000762939453,0,0,1600,0,50,0,0,0,50,50,800,0.0,0.0,0.0,0.0
105,158.18780517578125,309.11224365234375,326.0915222167969,326.04522705078125,292.1327819824219,292.1792297363281,16515.818359375,33031.63671875,69.04607391357422,69.04611206054688,1793.9141845703125,3578.0703125,1793.529296875,3577.29931640625,284.53973388671875,61.96903610229492,-2.574782683950616e-06,0,0,2574.69873046875,1291.879638671875,0,23.79501724243164,2712.978759765625,11.828298568725586,11.838266372680664,907.8554077148438,1810.72802734375,49.95738983154297,50.01987838745117,100,0,0,346.369140625,0,7.924896240234375,20.27760887145996,20.323894500732422,0,1.034000039100647,0.9067617654800415,50,2.799999952316284,2.293236017227173,0,0,0,0,3.5139665287651236,0,0,0,0.001712252153083682,-0.0017134351655840874,0,-1.183024210149597e-06,100.29479217529297,100.29496002197266,790.2872924804688,790.2874145507812,790.2874145507812,549.6998291015625,0,0,23.79501724243164,0.0010999999940395355,0.02200000174343586,0.03299999609589577,0.04399999603629112,5655.8173828125,114276.53125,0.0429663360118866,0,3.1392715754918754e-05,192.09530639648438,0,0.0002616529818624258,2.8350639695418067e-05,0,0,23.700000762939453,0,0,1600,0,50,0,0,0,50,50,800,0.0,0.0,0.0,0.0
106,158.18797302246094,309.11224365234375,326.0915222167969,326.04522705078125,292.1327819824219,292.17926025390625,16515.818359375,33031.63671875,69.04608154296875,69.0461196899414,1793.9215087890625,3578.042724609375,1793.530517578125,3577.298583984375,284.539794921875,61.9692268371582,5.2041359595023096e-06,0,0,2574.698486328125,1291.879638671875,0,23.79430389404297,2712.977294921875,11.828316688537598,11.838287353515625,907.8555908203125,1810.7266845703125,49.95759201049805,50.0201416015625,100,0,0,346.36920166015625,0,7.924896240234375,20.277677536010742,20.32396125793457,0,1.034000039100647,0.9067617654800415,50,2.799999952316284,2.2932372093200684,0,0,0,0,3.465764033545609,0,0,0,0.001712252153083682,-0.0017131001222878695,0,-8.479576081299456e-07,100.29479217529297,100.29490661621094,790.287109375,790.2871704101562,790.2871704101562,549.69970703125,0,0,23.79430389404297,0.0010999999940395355,0.02200000174343586,0.03299999609589577,0.04399999603629112,5655.8173828125,114276.53125,0.0429663360118866,0,3.1392715754918754e-05,193.91610717773438,0,0.0002616529818624258,2.8350639695418067e-05,0,0,23.700000762939453,0,0,1600,0,50,0,0,0,50,50,800,0.0,0.0,0.0,0.0
107,158.18814086914062,309.11224365234375,326.0915222167969,326.04522705078125,292.1327819824219,292.17926025390625,16515.818359375,33031.63671875,69.04608154296875,69.04612731933594,1793.9283447265625,3578.0166015625,1793.5286865234375,3577.30029296875,284.5398864746094,61.96942901611328,4.09034237236483e-06,0,0,2574.69775390625,1291.8795166015625,0,23.79358673095703,2712.976318359375,11.828337669372559,11.838305473327637,907.8560791015625,1810.725341796875,49.957862854003906,50.020362854003906,100,0,0,346.3692932128906,0,7.924896240234375,20.27777862548828,20.324064254760742,0,1.034000039100647,0.9067617654800415,50,2.799999952316284,2.2932379245758057,0,0,0,0,3.4175615383260944,0,0,0,0.001712252153083682,-0.0017129327170550823,0,-6.805756243011274e-07,100.29479217529297,100.29487609863281,790.2869262695312,790.2870483398438,790.2870483398438,549.6996459960938,0,0,23.79358673095703,0.0010999999940395355,0.02200000174343586,0.03299999609589577,0.04399999603629112,5655.8173828125,114276.53125,0.0429663360118866,0,3.1392715754918754e-05,195.73690795898438,0,0.0002616529818624258,2.8350639695418067e-05,0,0,23.700000762939453,0,0,1600,0,50,0,0,0,50,50,800,0.0,0.0,0.0,0.0
108,158.1883087158203,309.11224365234375,326.0915222167969,326.0451965332031,292.1327819824219,292.1792907714844,16515.818359375,33031.63671875,69.04608917236328,69.04613494873047,1793.9346923828125,3577.99072265625,1793.531494140625,3577.29736328125,284.5399475097656,61.96961975097656,1.23352583614178e-06,0,0,2574.697509765625,1291.87939453125,0,23.792827606201172,2712.975830078125,11.82835865020752,11.838324546813965,907.8562622070312,1810.7216796875,49.958091735839844,50.02059555053711,100,0,0,346.3693542480469,0,7.924896240234375,20.27784538269043,20.32416534423828,0,1.034000039100647,0.9067617654800415,50,2.799999952316284,2.293238401412964,0,0,0,0,3.3693590431065794,0,0,0,0.001712252153083682,-0.0017127651954069734,0,-5.130423232913017e-07,100.29479217529297,100.29485321044922,790.2868041992188,790.286865234375,790.286865234375,549.6995849609375,0,0,23.792827606201172,0.0010999999940395355,0.02200000174343586,0.03299999609589577,0.04399999603629112,5655.8173828125,114276.53125,0.0429663360118866,0,3.1392715754918754e-05,197.55770874023438,0,0.0002616529818624258,2.8350639695418067e-05,0,0,23.700000762939453,0,0,1600,0,50,0,0,0,50,50,800,0.0,0.0,0.0,0.0
109,158.1884765625,309.11224365234375,326.0915222167969,326.045166015625,292.1327819824219,292.1793212890625,16515.818359375,33031.63671875,69.04609680175781,69.046142578125,1793.9415283203125,3577.965087890625,1793.52978515625,3577.29931640625,284.5400390625,61.969818115234375,-4.6127527753014874e-07,0,0,2574.69677734375,1291.87939453125,0,23.790748596191406,2712.975341796875,11.828378677368164,11.83834171295166,907.8566284179688,1810.7203369140625,49.95832824707031,50.02080535888672,100,0,0,346.3694763183594,0,7.924896240234375,20.2779483795166,20.32430076599121,0,1.034000039100647,0.9067617654800415,50,2.799999952316284,2.293238878250122,0,0,0,0,3.321156296405407,0,0,0,0.001712252153083682,-0.001712681376375258,0,-4.2920001419588516e-07,100.29480743408203,100.29483795166016,790.2868041992188,790.2868041992188,790.2868041992188,549.6995239257812,0,0,23.790748596191406,0.0010999999940395355,0.02200000174343586,0.03299999609589577,0.04399999603629112,5655.8173828125,114276.53125,0.0429663360118866,0,3.1392715754918754e-05,199.37850952148438,0,0.0002616529818624258,2.8350639695418067e-05,0,0,23.700000762939453,0,0,1600,0,50,0,0,0,50,50,800,0.0,0.0,0.0,0.0
110,158.18865966796875,309.11224365234375,326.0915222167969,326.045166015625,292.1327819824219,292.1793212890625,16515.818359375,33031.63671875,69.04610443115234,69.04615020751953,1793.9478759765625,3577.939697265625,1793.526123046875,3577.302978515625,284.5401306152344,61.97001266479492,-2.737084059845074e-06,0,0,2574.696533203125,1291.8795166015625,0,23.79137420654297,2712.975341796875,11.828399658203125,11.838359832763672,907.8555908203125,1810.7191162109375,49.95856857299805,50.02101135253906,100,0,0,346.3695373535156,0,7.924896240234375,20.27801513671875,20.324369430541992,0,1.034000039100647,0.9067617654800415,50,2.799999952316284,2.293238878250122,0,0,0,0,3.2729538011858925,0,0,0,0.001712252153083682,-0.001712681376375258,0,-4.2920001419588516e-07,100.29480743408203,100.29483795166016,790.2868041992188,790.2868041992188,790.2868041992188,549.6995239257812,0,0,23.79137420654297,0.0010999999940395355,0.02200000174343586,0.03299999609589577,0.04399999603629112,5655.8173828125,114276.53125,0.0429663360118866,0,3.1392715754918754e-05,201.19931030273438,0,0.0002616529818624258,2.8350639695418067e-05,0,0,23.700000762939453,0,0,1600,0,50,0,0,0,50,50,800,0.0,0.0,0.0,0.0
111,158.18882751464844,309.1122741699219,326.0915222167969,326.0451354980469,292.1328125,292.17938232421875,16515.818359375,33031.63671875,69.04611206054688,69.04615783691406,1793.953857421875,3577.915283203125,1793.527099609375,3577.30224609375,284.54022216796875,61.970211029052734,-4.431885372468969e-06,0,0,2574.69580078125,1291.879638671875,0,23.79063606262207,2712.975341796875,11.828421592712402,11.838374137878418,907.8558349609375,1810.718017578125,49.958797454833984,50.021202087402344,100,0,0,346.36962890625,0,7.924896240234375,20.278118133544922,20.324504852294922,0,1.034000039100647,0.9067617654800415,50,2.799999952316284,2.293238878250122,0,0,0,0,3.224751305966378,0,0,0,0.001710159587673843,-0.001712681376375258,0,-2.5217771053576143e-06,100.29480743408203,100.29483795166016,790.2868041992188,790.2868041992188,790.2868041992188,549.6995239257812,0,0,23.79063606262207,0.0010999999940395355,0.02200000174343586,0.03299999609589577,0.04399999603629112,5655.8173828125,114276.53125,0.0429663360118866,0,3.1392715754918754e-05,203.02011108398438,0,0.0002616529818624258,2.8350639695418067e-05,0,0,23.700000762939453,0,0,1600,0,50,0,0,0,50,50,800,0.0,0.0,0.0,0.0
112,158.18899536132812,309.1123046875,326.0915222167969,326.0450744628906,292.1328430175781,292.179443359375,16515.818359375,33031.63671875,69.0461196899414,69.04617309570312,1793.95947265625,3577.890869140625,1793.5299072265625,3577.299072265625,284.5402526855469,61.97040557861328,3.928041223844048e-06,0,0,2574.695556640625,1291.8795166015625,0,23.788536071777344,2712.974609375,11.828444480895996,11.83838939666748,907.858642578125,1810.7193603515625,49.9590950012207,50.02138137817383,100,0,0,346.3697204589844,0,7.924896240234375,20.27818489074707,20.32464027404785,0,1.034000039100647,0.9067617654800415,50,2.799999952316284,2.2932395935058594,0,0,0,0,3.176548810746863,0,0,0,0.0017080670222640038,-0.0017125976737588644,0,-4.530663318291772e-06,100.29454040527344,100.29480743408203,790.2865600585938,790.2867431640625,790.2867431640625,549.6995239257812,0,0,23.788536071777344,0.0010999999940395355,0.02200000174343586,0.03299999609589577,0.04399999603629112,5655.8173828125,114276.53125,0.0429663360118866,0,3.1392715754918754e-05,204.84091186523438,0,0.0002616529818624258,2.8350639695418067e-05,0,0,23.700000762939453,0,0,1600,0,50,0,0,0,50,50,800,0.0,0.0,0.0,0.0
113,158.1891326904297,309.1123046875,326.0915222167969,326.0450439453125,292.1328430175781,292.17950439453125,16515.818359375,33031.63671875,69.04612731933594,69.04618072509766,1793.96435546875,3577.865478515625,1793.5281982421875,3577.300537109375,284.54034423828125,61.970603942871094,2.233239911220153e-06,0,0,2574.69482421875,1291.8795166015625,0,23.787797927856445,2712.971923828125,11.828466415405273,11.83840560913086,907.8590087890625,1810.718017578125,49.959373474121094,50.02158737182617,100,0,0,346.36981201171875,0,7.924896240234375,20.278287887573242,20.32477569580078,0,1.034000039100647,0.9067617654800415,50,2.799999952316284,2.2932417392730713,0,0,0,0,3.1283460640456906,0,0,0,0.0017080670222640038,-0.001712011406198144,0,-3.944372565456433e-06,100.2943115234375,100.29470825195312,790.2859497070312,790.2862548828125,790.2862548828125,549.6993408203125,0,0,23.787797927856445,0.0010999999940395355,0.02200000174343586,0.03299999609589577,0.04399999603629112,5655.8173828125,114276.53125,0.0429663360118866,0,3.1392715754918754e-05,206.66171264648438,0,0.0002616529818624258,2.8350639695418067e-05,0,0,23.700000762939453,0,0,1600,0,50,0,0,0,50,50,800,0.0,0.0,0.0,0.0
114,158.18927001953125,309.1123046875,326.0915222167969,326.0450439453125,292.1328430175781,292.1795654296875,16515.818359375,33031.63671875,69.04613494873047,69.04619598388672,1793.9698486328125,3577.84033203125,1793.5247802734375,3577.30419921875,284.5404357910156,61.970794677734375,-6.235766818463162e-07,0,0,2574.694580078125,1291.879638671875,0,23.788423538208008,2712.96826171875,11.828489303588867,11.838419914245605,907.8579711914062,1810.7166748046875,49.95967102050781,50.02177429199219,100,0,0,346.369873046875,0,7.924896240234375,20.27835464477539,20.32484245300293,0,1.034000039100647,0.9067617654800415,50,2.799999952316284,2.2932448387145996,0,0,0,0,3.0897841181664103,0,0,0,0.0017080670222640038,-0.001711173914372921,0,-3.1068573207448935e-06,100.29418182373047,100.29457092285156,790.2852783203125,790.2855834960938,790.2855834960938,549.698974609375,0,0,23.788423538208008,0.0010999999940395355,0.02200000174343586,0.03299999609589577,0.04399999603629112,5655.8173828125,114276.53125,0.0429663360118866,0,3.1392715754918754e-05,208.48251342773438,0,0.0002616529818624258,2.8350639695418067e-05,0,0,23.700000762939453,0,0,1600,0,50,0,0,0,50,50,800,0.0,0.0,0.0,0.0
115,158.1894073486328,309.1123046875,326.0915222167969,326.0450439453125,292.1328430175781,292.1795959472656,16515.818359375,33031.63671875,69.046142578125,69.04620361328125,1793.974609375,3577.81591796875,1793.5255126953125,3577.303466796875,284.5404968261719,61.97096633911133,4.2503029362706e-06,0,0,2574.694091796875,1291.879638671875,0,23.789072036743164,2712.964599609375,11.828511238098145,11.838434219360352,907.8580322265625,1810.715576171875,49.95991516113281,50.0219841003418,100,0,0,346.36993408203125,0,7.924896240234375,20.278423309326172,20.32491111755371,0,1.034000039100647,0.9067617654800415,50,2.799999952316284,2.293247938156128,0,0,0,0,3.05122217228713,0,0,0,0.0017080670222640038,-0.0017104200087487698,0,-2.3530330963694723e-06,100.29412078857422,100.29444122314453,790.2847290039062,790.2849731445312,790.2849731445312,549.6986083984375,0,0,23.789072036743164,0.0010999999940395355,0.02200000174343586,0.03299999609589577,0.04399999603629112,5655.8173828125,114276.53125,0.0429663360118866,0,3.1392715754918754e-05,210.30331420898438,0,0.0002616529818624258,2.8350639695418067e-05,0,0,23.700000762939453,0,0,1600,0,50,0,0,0,50,50,800,0.0,0.0,0.0,0.0
116,158.18954467773438,309.1123046875,326.0915222167969,326.0450134277344,292.1328430175781,292.17962646484375,16515.818359375,33031.63671875,69.04615020751953,69.04621124267578,1793.9796142578125,3577.791748046875,1793.5283203125,3577.300537109375,284.5405578613281,61.971134185791016,-2.0925604076182935e-06,0,0,2574.69384765625,1291.8795166015625,0,23.78978729248047,2712.9619140625,11.828535079956055,11.838446617126465,907.8583984375,1810.7117919921875,49.96025085449219,50.02214050292969,100,0,0,346.3700256347656,0,7.924896240234375,20.27849006652832,20.32501220703125,0,1.034000039100647,0.9067617654800415,50,2.799999952316284,2.29325008392334,0,0,0,0,3.0126599749261924,0,0,0,0.0017080670222640038,-0.0017098337411880493,0,-1.7667422298472957e-06,100.29410552978516,100.29434204101562,790.2843017578125,790.2844848632812,790.2844848632812,549.6984252929688,0,0,23.78978729248047,0.0010999999940395355,0.02200000174343586,0.03299999609589577,0.04399999603629112,5655.8173828125,114276.53125,0.0429663360118866,0,3.1392715754918754e-05,212.12411499023438,0,0.0002616529818624258,2.8350639695418067e-05,0,0,23.700000762939453,0,0,1600,0,50,0,0,0,50,50,800,0.0,0.0,0.0,0.0
117,158.18968200683594,309.1123046875,326.0915222167969,326.0449523925781,292.1328430175781,292.1796875,16515.818359375,33031.63671875,69.04615783691406,69.04621887207031,1793.984375,3577.76806640625,1793.52978515625,3577.299072265625,284.5406188964844,61.9713134765625,3.94333483200171e-06,0,0,2574.693359375,1291.8795166015625,0,23.787797927856445,2712.960205078125,11.828558921813965,11.838459014892578,907.8587036132812,1810.71044921875,49.96055603027344,50.02229690551758,100,0,0,346.3700866699219,0,7.924896240234375,20.2785587310791,20.325115203857422,0,1.034000039100647,0.9067617654800415,50,2.799999952316284,2.2932517528533936,0,0,0,0,2.974098029046912,0,0,0,0.0017080670222640038,-0.0017094149952754378,0,-1.3479847211783635e-06,100.29407501220703,100.29427337646484,790.2840576171875,790.2841796875,790.2841796875,549.6982421875,0,0,23.787797927856445,0.0010999999940395355,0.02200000174343586,0.03299999609589577,0.04399999603629112,5655.8173828125,114276.53125,0.0429663360118866,0,3.1392715754918754e-05,213.94491577148438,0,0.0002616529818624258,2.8350639695418067e-05,0,0,23.700000762939453,0,0,1600,0,50,0,0,0,50,50,800,0.0,0.0,0.0,0.0
118,158.1898193359375,309.1123046875,326.0915222167969,326.0449523925781,292.1328430175781,292.1796875,16515.818359375,33031.63671875,69.0461654663086,69.04622650146484,1793.988525390625,3577.7451171875,1793.52734375,3577.301513671875,284.54071044921875,61.97148513793945,-1.818520786400768e-06,0,0,2574.69287109375,1291.8795166015625,0,23.788490295410156,2712.95849609375,11.828581809997559,11.838471412658691,907.8588256835938,1810.70947265625,49.960819244384766,50.022457122802734,100,0,0,346.3701477050781,0,7.924896240234375,20.27862548828125,20.32518196105957,0,1.034000039100647,0.9067617654800415,50,2.799999952316284,2.293253183364868,0,0,0,0,2.935535831685974,0,0,0,0.0017080670222640038,-0.0017090800683945417,0,-1.0130694363397197e-06,100.2940673828125,100.2942123413086,790.2837524414062,790.2838745117188,790.2838745117188,549.6981201171875,0,0,23.788490295410156,0.0010999999940395355,0.02200000174343586,0.03299999609589577,0.04399999603629112,5655.8173828125,114276.53125,0.0429663360118866,0,3.1392715754918754e-05,215.76571655273438,0,0.0002616529818624258,2.8350639695418067e-05,0,0,23.700000762939453,0,0,1600,0,50,0,0,0,50,50,800,0.0,0.0,0.0,0.0
119,158.18994140625,309.1123046875,326.0915222167969,326.0449523925781,292.13287353515625,292.1796875,16515.818359375,33031.63671875,69.0461654663086,69.04623413085938,1793.9932861328125,3577.722412109375,1793.5235595703125,3577.305419921875,284.540771484375,61.971656799316406,3.055359002246405e-06,0,0,2574.6923828125,1291.879638671875,0,23.787843704223633,2712.95751953125,11.828605651855469,11.838482856750488,907.8577880859375,1810.7083740234375,49.96108627319336,50.022605895996094,100,0,0,346.3702087402344,0,7.924896240234375,20.27869415283203,20.32525062561035,0,1.034000039100647,0.9067617654800415,50,2.799999952316284,2.2932538986206055,0,0,0,0,2.896973885806694,0,0,0,0.0017080670222640038,-0.0017088287277147174,0,-7.61693797812768e-07,100.2940673828125,100.29417419433594,790.2836303710938,790.28369140625,790.28369140625,549.697998046875,0,0,23.787843704223633,0.0010999999940395355,0.02200000174343586,0.03299999609589577,0.04399999603629112,5655.8173828125,114276.53125,0.0429663360118866,0,3.1392715754918754e-05,217.58651733398438,0,0.0002616529818624258,2.8350639695418067e-05,0,0,23.700000762939453,0,0,1600,0,50,0,0,0,50,50,800,0.0,0.0,0.0,0.0
120,158.19007873535156,309.1123046875,326.0915222167969,326.044921875,292.13287353515625,292.1797180175781,16515.818359375,33031.63671875,69.04617309570312,69.0462417602539,1793.998046875,3577.699951171875,1793.523193359375,3577.30615234375,284.54083251953125,61.97182083129883,-3.868512067128904e-06,0,0,2574.6923828125,1291.879638671875,0,23.787195205688477,2712.95654296875,11.828628540039062,11.838493347167969,907.8579711914062,1810.704833984375,49.96135711669922,50.022735595703125,100,0,0,346.3702697753906,0,7.924896240234375,20.27876091003418,20.32535171508789,0,1.034000039100647,0.9067617654800415,50,2.799999952316284,2.2932546138763428,0,0,0,0,2.8584119399274135,0,0,0,0.0017080670222640038,-0.0017086612060666084,0,-5.941605536463612e-07,100.2940673828125,100.29414367675781,790.2835083007812,790.2835693359375,790.2835693359375,549.6979370117188,0,0,23.787195205688477,0.0010999999940395355,0.02200000174343586,0.03299999609589577,0.04399999603629112,5655.8173828125,114276.53125,0.0429663360118866,0,3.1392715754918754e-05,219.40731811523438,0,0.0002616529818624258,2.8350639695418067e-05,0,0,23.700000762939453,0,0,1600,0,50,0,0,0,50,50,800,0.0,0.0,0.0,0.0
121,158.19021606445312,309.1123046875,326.0915222167969,326.0448913574219,292.13287353515625,292.17974853515625,16515.818359375,33031.63671875,69.04618072509766,69.04625701904297,1794.00146484375,3577.678466796875,1793.52392578125,3577.305419921875,284.5408935546875,61.97200012207031,2.1673831724910997e-06,0,0,2574.691650390625,1291.879638671875,0,23.785226821899414,2712.955810546875,11.828654289245605,11.83850383758545,907.8580322265625,1810.7037353515625,49.96164321899414,50.02288055419922,100,0,0,346.370361328125,0,7.924896240234375,20.27882957458496,20.32545280456543,0,1.034000039100647,0.9067617654800415,50,2.799999952316284,2.29325532913208,0,0,0,0,2.819849742566476,0,0,0,0.0017080670222640038,-0.0017084938008338213,0,-4.2677856981754303e-07,100.2940673828125,100.29411315917969,790.2833862304688,790.283447265625,790.283447265625,549.6978759765625,0,0,23.785226821899414,0.0010999999940395355,0.02200000174343586,0.03299999609589577,0.04399999603629112,5655.8173828125,114276.53125,0.0429663360118866,0,3.1392715754918754e-05,221.22811889648438,0,0.0002616529818624258,2.8350639695418067e-05,0,0,23.700000762939453,0,0,1600,0,50,0,0,0,50,50,800,0.0,0.0,0.0,0.0
122,158.1903533935547,309.1123046875,326.0915222167969,326.0448913574219,292.13287353515625,292.17974853515625,16515.818359375,33031.63671875,69.04618835449219,69.0462646484375,1794.005859375,3577.656494140625,1793.52490234375,3577.30419921875,284.5409851074219,61.972171783447266,-3.594472673285054e-06,0,0,2574.691162109375,1291.879638671875,0,23.785919189453125,2712.955322265625,11.828678131103516,11.838512420654297,907.8583374023438,1810.70263671875,49.961944580078125,50.022987365722656,100,0,0,346.37042236328125,0,7.924896240234375,20.278898239135742,20.32552146911621,0,1.034000039100647,0.9067617654800415,50,2.799999952316284,2.2932558059692383,0,0,0,0,2.7812877966871956,0,0,0,0.0017080670222640038,-0.001708409981802106,0,-3.4293626072212646e-07,100.2940673828125,100.29409790039062,790.2833862304688,790.2833862304688,790.2833862304688,549.6978149414062,0,0,23.785919189453125,0.0010999999940395355,0.02200000174343586,0.03299999609589577,0.04399999603629112,5655.8173828125,114276.53125,0.0429663360118866,0,3.1392715754918754e-05,223.04891967773438,0,0.0002616529818624258,2.8350639695418067e-05,0,0,23.700000762939453,0,0,1600,0,50,0,0,0,50,50,800,0.0,0.0,0.0,0.0
123,158.19049072265625,309.1123046875,326.0915222167969,326.0448913574219,292.13287353515625,292.17974853515625,16515.818359375,33031.63671875,69.04619598388672,69.04627227783203,1794.010009765625,3577.635009765625,1793.522705078125,3577.306640625,284.5410461425781,61.97234344482422,1.279407115362119e-06,0,0,2574.69091796875,1291.8795166015625,0,23.7852725982666,2712.955322265625,11.828702926635742,11.838521957397461,907.8585205078125,1810.70166015625,49.962242126464844,50.02309036254883,100,0,0,346.3704833984375,0,7.924896240234375,20.27896499633789,20.325590133666992,0,1.034000039100647,0.9067617654800415,50,2.799999952316284,2.2932558059692383,0,0,0,0,2.7427255993262576,0,0,0,0.0017080670222640038,-0.001708409981802106,0,-3.4293626072212646e-07,100.2940673828125,100.29409790039062,790.2833862304688,790.2833862304688,790.2833862304688,549.6978149414062,0,0,23.7852725982666,0.0010999999940395355,0.02200000174343586,0.03299999609589577,0.04399999603629112,5655.8173828125,114276.53125,0.0429663360118866,0,3.1392715754918754e-05,224.86972045898438,0,0.0002616529818624258,2.8350639695418067e-05,0,0,23.700000762939453,0,0,1600,0,50,0,0,0,50,50,800,0.0,0.0,0.0,0.0
124,158.1906280517578,309.1123046875,326.0915222167969,326.04486083984375,292.13287353515625,292.1797790527344,16515.818359375,33031.63671875,69.04619598388672,69.04627227783203,1794.0137939453125,3577.61474609375,1793.528564453125,3577.300537109375,284.5411071777344,61.9725227355957,-3.3204330520675285e-06,0,0,2574.6904296875,1291.8795166015625,0,23.783260345458984,2712.955322265625,11.828728675842285,11.838529586791992,907.8587036132812,1810.6981201171875,49.96253204345703,50.02317810058594,100,0,0,346.37054443359375,0,7.924896240234375,20.279033660888672,20.32569122314453,0,1.034000039100647,0.9067617654800415,50,2.799999952316284,2.2932558059692383,0,0,0,0,2.7041636534469773,0,0,0,0.0017080670222640038,-0.001708409981802106,0,-3.4293626072212646e-07,100.2940673828125,100.29409790039062,790.2833862304688,790.2833862304688,790.2833862304688,549.6978149414062,0,0,23.783260345458984,0.0010999999940395355,0.02200000174343586,0.03299999609589577,0.04399999603629112,5655.8173828125,114276.53125,0.0429663360118866,0,3.1392715754918754e-05,226.69052124023438,0,0.0002616529818624258,2.8350639695418067e-05,0,0,23.700000762939453,0,0,1600,0,50,0,0,0,50,50,800,0.0,0.0,0.0,0.0
125,158.1907501220703,309.11236572265625,326.0915222167969,326.04486083984375,292.13287353515625,292.1798095703125,16515.818359375,33031.63671875,69.04620361328125,69.04627990722656,1794.0174560546875,3577.593505859375,1793.5233154296875,3577.305419921875,284.5411682128906,61.972694396972656,1.5534467365796445e-06,0,0,2574.690185546875,1291.879638671875,0,23.783952713012695,2712.955322265625,11.828752517700195,11.83853816986084,907.8590698242188,1810.6968994140625,49.96283721923828,50.023277282714844,100,0,0,346.3706359863281,0,7.924896240234375,20.27910041809082,20.32575798034668,0,1.034000039100647,0.9067617654800415,50,2.799999952316284,2.2932558059692383,0,0,0,0,2.665601707567697,0,0,0,0.0017059744568541646,-0.001708409981802106,0,-2.4355133518838556e-06,100.2940673828125,100.29409790039062,790.2833862304688,790.2833862304688,790.2833862304688,549.6978149414062,0,0,23.783952713012695,0.0010999999940395355,0.02200000174343586,0.03299999609589577,0.04399999603629112,5655.8173828125,114276.53125,0.0429663360118866,0,3.1392715754918754e-05,228.51132202148438,0,0.0002616529818624258,2.8350639695418067e-05,0,0,23.700000762939453,0,0,1600,0,50,0,0,0,50,50,800,0.0,0.0,0.0,0.0
126,158.19088745117188,309.1123962402344,326.091552734375,326.04486083984375,292.1329040527344,292.1798400878906,16515.818359375,33031.63671875,69.04620361328125,69.0462875366211,1794.021240234375,3577.57275390625,1793.5223388671875,3577.30615234375,284.541259765625,61.97288131713867,-1.8843776388166589e-06,0,0,2574.689697265625,1291.8797607421875,0,23.78057861328125,2712.954345703125,11.828777313232422,11.838545799255371,907.8603515625,1810.700927734375,49.96311569213867,50.023372650146484,100,0,0,346.3706970214844,0,7.924896240234375,20.27913475036621,20.32582664489746,0,1.034000039100647,0.9067617654800415,50,2.799999952316284,2.2932565212249756,0,0,0,0,2.6270395102067594,0,0,0,0.0017038818914443254,-0.001708242460153997,0,-4.360557340987725e-06,100.2938003540039,100.29405975341797,790.2830200195312,790.283203125,790.283203125,549.6978149414062,0,0,23.78057861328125,0.0010999999940395355,0.02200000174343586,0.03299999609589577,0.04399999603629112,5655.8173828125,114276.53125,0.0429663360118866,0,3.1392715754918754e-05,230.33212280273438,0,0.0002616529818624258,2.8350639695418067e-05,0,0,23.700000762939453,0,0,1600,0,50,0,0,0,50,50,800,0.0,0.0,0.0,0.0
127,158.19102478027344,309.1123962402344,326.091552734375,326.04486083984375,292.1329040527344,292.1798400878906,16515.818359375,33031.63671875,69.04621887207031,69.04629516601562,1794.023193359375,3577.552978515625,1793.52294921875,3577.305908203125,284.54132080078125,61.97306442260742,4.732525212602923e-06,0,0,2574.689208984375,1291.879638671875,0,23.779884338378906,2712.95166015625,11.828804016113281,11.83855152130127,907.8603515625,1810.7000732421875,49.96342849731445,50.023475646972656,100,0,0,346.3707580566406,0,7.924896240234375,20.279203414916992,20.325895309448242,0,1.034000039100647,0.9067617654800415,50,2.799999952316284,2.2932589054107666,0,0,0,0,2.588477564327479,0,0,0,0.0017038818914443254,-0.0017076560761779547,0,-3.774266360778711e-06,100.2935791015625,100.29396057128906,790.282470703125,790.2827758789062,790.2827758789062,549.6975708007812,0,0,23.779884338378906,0.0010999999940395355,0.02200000174343586,0.03299999609589577,0.04399999603629112,5655.8173828125,114276.53125,0.0429663360118866,0,3.1392715754918754e-05,232.15292358398438,0,0.0002616529818624258,2.8350639695418067e-05,0,0,23.700000762939453,0,0,1600,0,50,0,0,0,50,50,800,0.0,0.0,0.0,0.0
128,158.191162109375,309.1123962402344,326.091552734375,326.04486083984375,292.1329040527344,292.17987060546875,16515.818359375,33031.63671875,69.04622650146484,69.04631042480469,1794.0260009765625,3577.53173828125,1793.5225830078125,3577.30615234375,284.5414123535156,61.973236083984375,-1.0293301784258801e-06,0,0,2574.68896484375,1291.879638671875,0,23.781919479370117,2712.9482421875,11.828829765319824,11.838558197021484,907.8604736328125,1810.696533203125,49.96376419067383,50.02357864379883,100,0,0,346.3708190917969,0,7.924896240234375,20.27927017211914,20.32596206665039,0,1.034000039100647,0.9067617654800415,50,2.799999952316284,2.293261766433716,0,0,0,0,2.549915366966541,0,0,0,0.0017038818914443254,-0.001706902403384447,0,-3.020593567271135e-06,100.29344177246094,100.29383087158203,790.2817993164062,790.2821655273438,790.2821655273438,549.697265625,0,0,23.781919479370117,0.0010999999940395355,0.02200000174343586,0.03299999609589577,0.04399999603629112,5655.8173828125,114276.53125,0.0429663360118866,0,3.1392715754918754e-05,233.97372436523438,0,0.0002616529818624258,2.8350639695418067e-05,0,0,23.700000762939453,0,0,1600,0,50,0,0,0,50,50,800,0.0,0.0,0.0,0.0
129,158.19129943847656,309.1123962402344,326.091552734375,326.04486083984375,292.1329040527344,292.17987060546875,16515.818359375,33031.63671875,69.04623413085938,69.04631805419922,1794.028564453125,3577.511962890625,1793.5233154296875,3577.305419921875,284.54144287109375,61.973411560058594,4.425557108334033e-06,0,0,2574.6884765625,1291.879638671875,0,23.78127098083496,2712.94482421875,11.828856468200684,11.838563919067383,907.8606567382812,1810.6954345703125,49.96409225463867,50.0236701965332,100,0,0,346.3708801269531,0,7.924896240234375,20.279338836669922,20.326030731201172,0,1.034000039100647,0.9067617654800415,50,2.799999952316284,2.293264627456665,0,0,0,0,2.511353421087261,0,0,0,0.0017038818914443254,-0.0017061486141756177,0,-2.2667693428957136e-06,100.29338073730469,100.29370880126953,790.28125,790.2815551757812,790.2815551757812,549.6969604492188,0,0,23.78127098083496,0.0010999999940395355,0.02200000174343586,0.03299999609589577,0.04399999603629112,5655.8173828125,114276.53125,0.0429663360118866,0,3.1392715754918754e-05,235.79452514648438,0,0.0002616529818624258,2.8350639695418067e-05,0,0,23.700000762939453,0,0,1600,0,50,0,0,0,50,50,800,0.0,0.0,0.0,0.0
130,158.19143676757812,309.1123962402344,326.091552734375,326.04486083984375,292.1329040527344,292.17987060546875,16515.818359375,33031.63671875,69.0462417602539,69.04632568359375,1794.0311279296875,3577.491943359375,1793.5225830078125,3577.30615234375,284.5415344238281,61.97357940673828,-1.917306235554861e-06,0,0,2574.68798828125,1291.8797607421875,0,23.780622482299805,2712.942138671875,11.828882217407227,11.838568687438965,907.8594970703125,1810.6943359375,49.96442413330078,50.02374267578125,100,0,0,346.3709716796875,0,7.924896240234375,20.27940559387207,20.32609748840332,0,1.034000039100647,0.9067617654800415,50,2.799999952316284,2.293266773223877,0,0,0,0,2.472791223726323,0,0,0,0.0017038818914443254,-0.0017055623466148973,0,-1.680478476373537e-06,100.29336547851562,100.29360961914062,790.2808227539062,790.2810668945312,790.2810668945312,549.6967163085938,0,0,23.780622482299805,0.0010999999940395355,0.02200000174343586,0.03299999609589577,0.04399999603629112,5655.8173828125,114276.53125,0.0429663360118866,0,3.1392715754918754e-05,237.61532592773438,0,0.0002616529818624258,2.8350639695418067e-05,0,0,23.700000762939453,0,0,1600,0,50,0,0,0,50,50,800,0.0,0.0,0.0,0.0
131,158.19155883789062,309.1123962402344,326.091552734375,326.04486083984375,292.1329040527344,292.17987060546875,16515.818359375,33031.63671875,69.04624938964844,69.04633331298828,1794.033203125,3577.472900390625,1793.5233154296875,3577.305419921875,284.5415954589844,61.9737434387207,1.7945578747458057e-06,0,0,2574.687744140625,1291.879638671875,0,23.779996871948242,2712.940185546875,11.828908920288086,11.838573455810547,907.859619140625,1810.6934814453125,49.964744567871094,50.02381896972656,100,0,0,346.37103271484375,0,7.924896240234375,20.27947425842285,20.3261661529541,0,1.034000039100647,0.9067617654800415,50,2.799999952316284,2.2932686805725098,0,0,0,0,2.434229277847043,0,0,0,0.0017038818914443254,-0.0017051436007022858,0,-1.2617209677046048e-06,100.29335021972656,100.29353332519531,790.2805786132812,790.2807006835938,790.2807006835938,549.696533203125,0,0,23.779996871948242,0.0010999999940395355,0.02200000174343586,0.03299999609589577,0.04399999603629112,5655.8173828125,114276.53125,0.0429663360118866,0,3.1392715754918754e-05,239.43612670898438,0,0.0002616529818624258,2.8350639695418067e-05,0,0,23.700000762939453,0,0,1600,0,50,0,0,0,50,50,800,0.0,0.0,0.0,0.0
132,158.1916961669922,309.1123962402344,326.091552734375,326.04486083984375,292.1329040527344,292.1799011230469,16515.818359375,33031.63671875,69.04625701904297,69.04634094238281,1794.0360107421875,3577.453369140625,1793.5244140625,3577.3046875,284.54168701171875,61.97391891479492,-3.3862895634229062e-06,0,0,2574.687255859375,1291.879638671875,0,23.77800941467285,2712.938720703125,11.828934669494629,11.838578224182129,907.8597412109375,1810.6923828125,49.96506118774414,50.02387619018555,100,0,0,346.3711242675781,0,7.924896240234375,20.27957534790039,20.32626724243164,0,1.034000039100647,0.9067617654800415,50,2.799999952316284,2.2932698726654053,0,0,0,0,2.3956673319677626,0,0,0,0.0017038818914443254,-0.0017048085574060678,0,-9.266543656849535e-07,100.29335021972656,100.2934799194336,790.2803344726562,790.2804565429688,790.2804565429688,549.6964111328125,0,0,23.77800941467285,0.0010999999940395355,0.02200000174343586,0.03299999609589577,0.04399999603629112,5655.8173828125,114276.53125,0.0429663360118866,0,3.1392715754918754e-05,241.25692749023438,0,0.0002616529818624258,2.8350639695418067e-05,0,0,23.700000762939453,0,0,1600,0,50,0,0,0,50,50,800,0.0,0.0,0.0,0.0
133,158.19183349609375,309.1123962402344,326.091552734375,326.0448303222656,292.1329040527344,292.179931640625,16515.818359375,33031.63671875,69.0462646484375,69.04634857177734,1794.0377197265625,3577.435302734375,1793.5233154296875,3577.305419921875,284.5417175292969,61.97407913208008,-2.554335480908776e-07,0,0,2574.686767578125,1291.879638671875,0,23.778722763061523,2712.9375,11.828961372375488,11.838581085205078,907.85986328125,1810.6890869140625,49.96537780761719,50.02393341064453,100,0,0,346.3711853027344,0,7.924896240234375,20.279644012451172,20.32636833190918,0,1.034000039100647,0.9067617654800415,50,2.799999952316284,2.2932708263397217,0,0,0,0,2.3571051346068246,0,0,0,0.0017038818914443254,-0.0017045573331415653,0,-6.754300443390093e-07,100.29335021972656,100.2934341430664,790.2801513671875,790.2802124023438,790.2802124023438,549.6963500976562,0,0,23.778722763061523,0.0010999999940395355,0.02200000174343586,0.03299999609589577,0.04399999603629112,5655.8173828125,114276.53125,0.0429663360118866,0,3.1392715754918754e-05,243.07772827148438,0,0.0002616529818624258,2.8350639695418067e-05,0,0,23.700000762939453,0,0,1600,0,50,0,0,0,50,50,800,0.0,0.0,0.0,0.0
134,158.1919708251953,309.1123962402344,326.091552734375,326.0448303222656,292.1329040527344,292.179931640625,16515.818359375,33031.63671875,69.0462646484375,69.04635620117188,1794.040283203125,3577.4169921875,1793.5244140625,3577.3046875,284.5417785644531,61.974246978759766,4.037438429804752e-06,0,0,2574.686767578125,1291.879638671875,0,23.776756286621094,2712.936767578125,11.828986167907715,11.838584899902344,907.8600463867188,1810.6881103515625,49.96569061279297,50.02397155761719,100,0,0,346.37127685546875,0,7.924896240234375,20.27971076965332,20.32643699645996,0,1.034000039100647,0.9067617654800415,50,2.799999952316284,2.293271541595459,0,0,0,0,2.3185431887275443,0,0,0,0.0017038818914443254,-0.0017043896950781345,0,-5.078968001726025e-07,100.29335021972656,100.29341125488281,790.280029296875,790.2800903320312,790.2800903320312,549.6962890625,0,0,23.776756286621094,0.0010999999940395355,0.02200000174343586,0.03299999609589577,0.04399999603629112,5655.8173828125,114276.53125,0.0429663360118866,0,3.1392715754918754e-05,244.89852905273438,0,0.0002616529818624258,2.8350639695418067e-05,0,0,23.700000762939453,0,0,1600,0,50,0,0,0,50,50,800,0.0,0.0,0.0,0.0
135,158.19210815429688,309.1123962402344,326.091552734375,326.0448303222656,292.1329040527344,292.179931640625,16515.818359375,33031.63671875,69.04627227783203,69.0463638305664,1794.0423583984375,3577.39990234375,1793.52001953125,3577.30908203125,284.5418701171875,61.97440719604492,-3.467440365056973e-06,0,0,2574.68603515625,1291.8797607421875,0,23.77749252319336,2712.93603515625,11.829011917114258,11.838586807250977,907.8587646484375,1810.6873779296875,49.965972900390625,50.024017333984375,100,0,0,346.371337890625,0,7.924896240234375,20.2797794342041,20.326505661010742,0,1.034000039100647,0.9067617654800415,50,2.799999952316284,2.293272018432617,0,0,0,0,2.2799809913666067,0,0,0,0.0017038818914443254,-0.0017042221734300256,0,-3.4036347074106743e-07,100.29335021972656,100.29338073730469,790.2799682617188,790.2799682617188,790.2799682617188,549.6961669921875,0,0,23.77749252319336,0.0010999999940395355,0.02200000174343586,0.03299999609589577,0.04399999603629112,5655.8173828125,114276.53125,0.0429663360118866,0,3.1392715754918754e-05,246.71932983398438,0,0.0002616529818624258,2.8350639695418067e-05,0,0,23.700000762939453,0,0,1600,0,50,0,0,0,50,50,800,0.0,0.0,0.0,0.0
136,158.19223022460938,309.1123962402344,326.091552734375,326.0448303222656,292.1329040527344,292.179931640625,16515.818359375,33031.63671875,69.04627990722656,69.04637908935547,1794.0439453125,3577.38232421875,1793.5206298828125,3577.30859375,284.54193115234375,61.974578857421875,1.4064390825296869e-06,0,0,2574.685546875,1291.8797607421875,0,23.77552604675293,2712.93603515625,11.829039573669434,11.838590621948242,907.8587646484375,1810.6865234375,49.96628189086914,50.02406692504883,100,0,0,346.37139892578125,0,7.924896240234375,20.27984619140625,20.32657241821289,0,1.034000039100647,0.9067617654800415,50,2.799999952316284,2.293272018432617,0,0,0,0,2.2414190454873264,0,0,0,0.0017038818914443254,-0.0017042221734300256,0,-3.4036347074106743e-07,100.29335021972656,100.29338073730469,790.2799682617188,790.2799682617188,790.2799682617188,549.6961669921875,0,0,23.77552604675293,0.0010999999940395355,0.02200000174343586,0.03299999609589577,0.04399999603629112,5655.8173828125,114276.53125,0.0429663360118866,0,3.1392715754918754e-05,248.54013061523438,0,0.0002616529818624258,2.8350639695418067e-05,0,0,23.700000762939453,0,0,1600,0,50,0,0,0,50,50,800,0.0,0.0,0.0,0.0
137,158.19236755371094,309.1123962402344,326.091552734375,326.0447998046875,292.1329040527344,292.17999267578125,16515.818359375,33031.63671875,69.0462875366211,69.04637908935547,1794.046142578125,3577.365234375,1793.5201416015625,3577.30908203125,284.5419921875,61.97475051879883,-4.355416422185954e-06,0,0,2574.685302734375,1291.8797607421875,0,23.774879455566406,2712.93603515625,11.82906723022461,11.838591575622559,907.8590087890625,1810.68310546875,49.96662139892578,50.02406692504883,100,0,0,346.3714599609375,0,7.924896240234375,20.27991485595703,20.32667350769043,0,1.034000039100647,0.9067617654800415,50,2.799999952316284,2.293272018432617,0,0,0,0,2.202857099608046,0,0,0,0.0017038818914443254,-0.0017042221734300256,0,-3.4036347074106743e-07,100.29335021972656,100.29338073730469,790.2799682617188,790.2799682617188,790.2799682617188,549.6961669921875,0,0,23.774879455566406,0.0010999999940395355,0.02200000174343586,0.03299999609589577,0.04399999603629112,5655.8173828125,114276.53125,0.0429663360118866,0,3.1392715754918754e-05,250.36093139648438,0,0.0002616529818624258,2.8350639695418067e-05,0,0,23.700000762939453,0,0,1600,0,50,0,0,0,50,50,800,0.0,0.0,0.0,0.0
138,158.1925048828125,309.1123962402344,326.091552734375,326.0447692871094,292.1329040527344,292.1800231933594,16515.818359375,33031.63671875,69.0462875366211,69.04638671875,1794.048095703125,3577.348388671875,1793.520751953125,3577.30859375,284.54205322265625,61.97492599487305,1.0994708645739593e-06,0,0,2574.6845703125,1291.8797607421875,0,23.77559471130371,2712.93603515625,11.829094886779785,11.838593482971191,907.8590698242188,1810.6822509765625,49.966957092285156,50.024078369140625,100,0,0,346.3715515136719,0,7.924896240234375,20.27998161315918,20.3267765045166,0,1.034000039100647,0.9067617654800415,50,2.799999952316284,2.293272018432617,0,0,0,0,2.164294902247108,0,0,0,0.0017038818914443254,-0.0017042221734300256,0,-3.4036347074106743e-07,100.29335021972656,100.29338073730469,790.2799682617188,790.2799682617188,790.2799682617188,549.6961669921875,0,0,23.77559471130371,0.0010999999940395355,0.02200000174343586,0.03299999609589577,0.04399999603629112,5655.8173828125,114276.53125,0.0429663360118866,0,3.1392715754918754e-05,252.18173217773438,0,0.0002616529818624258,2.8350639695418067e-05,0,0,23.700000762939453,0,0,1600,0,50,0,0,0,50,50,800,0.0,0.0,0.0,0.0
139,158.19264221191406,309.1123962402344,326.091552734375,326.0447692871094,292.1329040527344,292.1800231933594,16515.818359375,33031.63671875,69.0462875366211,69.04638671875,1794.04931640625,3577.331298828125,1793.5211181640625,3577.307861328125,284.5421142578125,61.97509002685547,4.811335202248301e-06,0,0,2574.684326171875,1291.8797607421875,0,23.776309967041016,2712.93603515625,11.829121589660645,11.838595390319824,907.8590698242188,1810.6815185546875,49.967247009277344,50.02412033081055,100,0,0,346.3716125488281,0,7.924896240234375,20.28005027770996,20.32684326171875,0,1.034000039100647,0.9067617654800415,50,2.799999952316284,2.293272018432617,0,0,0,0,2.1257329563678278,0,0,0,0.0017038818914443254,-0.0017042221734300256,0,-3.4036347074106743e-07,100.29335021972656,100.29338073730469,790.2799682617188,790.2799682617188,790.2799682617188,549.6961669921875,0,0,23.776309967041016,0.0010999999940395355,0.02200000174343586,0.03299999609589577,0.04399999603629112,5655.8173828125,114276.53125,0.0429663360118866,0,3.1392715754918754e-05,254.00253295898438,0,0.0002616529818624258,2.8350639695418067e-05,0,0,23.700000762939453,0,0,1600,0,50,0,0,0,50,50,800,0.0,0.0,0.0,0.0
140,158.19277954101562,309.1124267578125,326.091552734375,326.0447692871094,292.1329345703125,292.1800537109375,16515.818359375,33031.63671875,69.0462875366211,69.04639434814453,1794.05029296875,3577.316162109375,1793.5216064453125,3577.307861328125,284.5422058105469,61.97526550292969,-3.695127190894709e-07,0,0,2574.68408203125,1291.8798828125,0,23.77295684814453,2712.93603515625,11.829148292541504,11.838595390319824,907.8590087890625,1810.6807861328125,49.967533111572266,50.024131774902344,100,0,0,346.3716735839844,0,7.924896240234375,20.280118942260742,20.32691192626953,0,1.034000039100647,0.9067617654800415,50,2.799999952316284,2.293272018432617,0,0,0,0,2.0871708847477186,0,0,0,0.0017017893260344863,-0.0017042221734300256,0,-2.4329406187462155e-06,100.29335021972656,100.29338073730469,790.2799682617188,790.2799682617188,790.2799682617188,549.6961669921875,0,0,23.77295684814453,0.0010999999940395355,0.02200000174343586,0.03299999609589577,0.04399999603629112,5655.8173828125,114276.53125,0.0429663360118866,0,3.1392715754918754e-05,255.82333374023438,0,0.0002616529818624258,2.8350639695418067e-05,0,0,23.700000762939453,0,0,1600,0,50,0,0,0,50,50,800,0.0,0.0,0.0,0.0
141,158.1929168701172,309.1124572753906,326.09161376953125,326.0447692871094,292.1329345703125,292.1800537109375,16515.818359375,33031.63671875,69.04630279541016,69.04640197753906,1794.0511474609375,3577.2998046875,1793.5189208984375,3577.309814453125,284.54229736328125,61.97544479370117,-4.9693526307237335e-06,0,0,2574.68359375,1291.8798828125,0,23.772308349609375,2712.93505859375,11.82917594909668,11.838595390319824,907.8616333007812,1810.68505859375,49.96787643432617,50.02413558959961,100,0,0,346.3717346191406,0,7.924896240234375,20.280118942260742,20.32697868347168,0,1.034000039100647,0.9067617654800415,50,2.799999952316284,2.2932727336883545,0,0,0,0,2.04860881312761,0,0,0,0.0016996965277940035,-0.001704138470813632,0,-4.441978035174543e-06,100.2930908203125,100.29335021972656,790.2797241210938,790.2799072265625,790.2799072265625,549.6961669921875,0,0,23.772308349609375,0.0010999999940395355,0.02200000174343586,0.03299999609589577,0.04399999603629112,5655.8173828125,114276.53125,0.0429663360118866,0,3.1392715754918754e-05,257.6441345214844,0,0.0002616529818624258,2.8350639695418067e-05,0,0,23.700000762939453,0,0,1600,0,50,0,0,0,50,50,800,0.0,0.0,0.0,0.0
142,158.1930389404297,309.1124572753906,326.09161376953125,326.0447692871094,292.1329345703125,292.1800842285156,16515.818359375,33031.63671875,69.04631042480469,69.0464096069336,1794.0521240234375,3577.283203125,1793.519775390625,3577.30908203125,284.5423278808594,61.975616455078125,-9.547307655566328e-08,0,0,2574.683349609375,1291.8800048828125,0,23.773000717163086,2712.932373046875,11.829203605651855,11.838595390319824,907.8604736328125,1810.681640625,49.96824264526367,50.02414321899414,100,0,0,346.3717956542969,0,7.924896240234375,20.28018569946289,20.32704734802246,0,1.034000039100647,0.9067617654800415,50,2.799999952316284,2.2932751178741455,0,0,0,0,2.0100467415075007,0,0,0,0.0016996965277940035,-0.0017035522032529116,0,-3.855687282339204e-06,100.29286193847656,100.29325103759766,790.2791137695312,790.2794189453125,790.2794189453125,549.6959228515625,0,0,23.773000717163086,0.0010999999940395355,0.02200000174343586,0.03299999609589577,0.04399999603629112,5655.8173828125,114276.53125,0.0429663360118866,0,3.1392715754918754e-05,259.4649353027344,0,0.0002616529818624258,2.8350639695418067e-05,0,0,23.700000762939453,0,0,1600,0,50,0,0,0,50,50,800,0.0,0.0,0.0,0.0
143,158.19317626953125,309.1124572753906,326.09161376953125,326.0447692871094,292.1329345703125,292.1800842285156,16515.818359375,33031.63671875,69.04631805419922,69.04642486572266,1794.0528564453125,3577.266845703125,1793.5203857421875,3577.30859375,284.5423889160156,61.97578430175781,4.197398538963171e-06,0,0,2574.6826171875,1291.8800048828125,0,23.772354125976562,2712.9287109375,11.829230308532715,11.838594436645508,907.8604736328125,1810.6807861328125,49.96857452392578,50.02416229248047,100,0,0,346.37188720703125,0,7.924896240234375,20.280254364013672,20.327116012573242,0,1.034000039100647,0.9067617654800415,50,2.799999952316284,2.293278217315674,0,0,0,0,1.9714846698873916,0,0,0,0.0016996965277940035,-0.0017027147114276886,0,-3.0181720376276644e-06,100.29273223876953,100.2931137084961,790.2785034179688,790.2787475585938,790.2787475585938,549.695556640625,0,0,23.772354125976562,0.0010999999940395355,0.02200000174343586,0.03299999609589577,0.04399999603629112,5655.8173828125,114276.53125,0.0429663360118866,0,3.1392715754918754e-05,261.2857360839844,0,0.0002616529818624258,2.8350639695418067e-05,0,0,23.700000762939453,0,0,1600,0,50,0,0,0,50,50,800,0.0,0.0,0.0,0.0
144,158.1932830810547,309.1124572753906,326.09161376953125,326.0447692871094,292.1329345703125,292.1800842285156,16515.818359375,33031.63671875,69.04632568359375,69.04643249511719,1794.0533447265625,3577.251220703125,1793.52099609375,3577.307861328125,284.54248046875,61.975948333740234,-2.726472303038463e-06,0,0,2574.682373046875,1291.8800048828125,0,23.771728515625,2712.925537109375,11.829258918762207,11.838593482971191,907.8604736328125,1810.679931640625,49.968929290771484,50.024166107177734,100,0,0,346.3719482421875,0,7.924896240234375,20.28032112121582,20.32718276977539,0,1.034000039100647,0.9067617654800415,50,2.799999952316284,2.293280839920044,0,0,0,0,1.9377428729373998,0,0,0,0.0016996965277940035,-0.0017020447412505746,0,-2.348190264456207e-06,100.29267120361328,100.29299926757812,790.2779541015625,790.2781982421875,790.2781982421875,549.6953125,0,0,23.771728515625,0.0010999999940395355,0.02200000174343586,0.03299999609589577,0.04399999603629112,5655.8173828125,114276.53125,0.0429663360118866,0,3.1392715754918754e-05,263.1065368652344,0,0.0002616529818624258,2.8350639695418067e-05,0,0,23.700000762939453,0,0,1600,0,50,0,0,0,50,50,800,0.0,0.0,0.0,0.0
145,158.19337463378906,309.1124572753906,326.09161376953125,326.0447692871094,292.1329345703125,292.1800842285156,16515.818359375,33031.63671875,69.04634094238281,69.04644012451172,1794.0537109375,3577.2353515625,1793.5216064453125,3577.307373046875,284.54254150390625,61.97609329223633,-1.919647047543549e-06,0,0,2574.68212890625,1291.8800048828125,0,23.773828506469727,2712.9228515625,11.829285621643066,11.838591575622559,907.8605346679688,1810.67919921875,49.96927261352539,50.024169921875,100,0,0,346.3719787597656,0,7.924896240234375,20.28035545349121,20.32721710205078,0,1.034000039100647,0.9067617654800415,50,2.799999952316284,2.293283224105835,0,0,0,0,1.9088213506575251,0,0,0,0.0016996965277940035,-0.0017014584736898541,0,-1.7618993979340303e-06,100.29263305664062,100.29290008544922,790.2775268554688,790.2777099609375,790.2777099609375,549.6951293945312,0,0,23.773828506469727,0.0010999999940395355,0.02200000174343586,0.03299999609589577,0.04399999603629112,5655.8173828125,114276.53125,0.0429663360118866,0,3.1392715754918754e-05,264.9273376464844,0,0.0002616529818624258,2.8350639695418067e-05,0,0,23.700000762939453,0,0,1600,0,50,0,0,0,50,50,800,0.0,0.0,0.0,0.0
146,158.1934814453125,309.1124572753906,326.09161376953125,326.0447692871094,292.13299560546875,292.18011474609375,16515.818359375,33031.63671875,69.04634094238281,69.04644775390625,1794.0540771484375,3577.220458984375,1793.522216796875,3577.306640625,284.5426025390625,61.97624206542969,-5.318141234056384e-07,0,0,2574.681884765625,1291.8802490234375,0,23.773292541503906,2712.920654296875,11.829313278198242,11.838589668273926,907.859375,1810.67578125,49.96962356567383,50.0241584777832,100,0,0,346.3720397949219,0,7.924896240234375,20.280424118041992,20.32728385925293,0,1.034000039100647,0.9067617654800415,50,2.799999952316284,2.2932851314544678,0,0,0,0,1.8798998283776505,0,0,0,0.0016996965277940035,-0.0017009557923302054,0,-1.2592994380611344e-06,100.29263305664062,100.29281616210938,790.2771606445312,790.27734375,790.27734375,549.6948852539062,0,0,23.773292541503906,0.0010999999940395355,0.02200000174343586,0.03299999609589577,0.04399999603629112,5655.8173828125,114276.53125,0.0429663360118866,0,3.1392715754918754e-05,266.7481384277344,0,0.0002616529818624258,2.8350639695418067e-05,0,0,23.700000762939453,0,0,1600,0,50,0,0,0,50,50,800,0.0,0.0,0.0,0.0
147,158.19358825683594,309.1124572753906,326.09161376953125,326.0447692871094,292.13299560546875,292.1801452636719,16515.818359375,33031.63671875,69.04634857177734,69.04645538330078,1794.053955078125,3577.20654296875,1793.5194091796875,3577.309326171875,284.5426330566406,61.97638702392578,2.7501104682414734e-07,0,0,2574.681640625,1291.8800048828125,0,23.772733688354492,2712.9189453125,11.829340934753418,11.838586807250977,907.8592529296875,1810.6751708984375,49.96993637084961,50.02415466308594,100,0,0,346.3720703125,0,7.924896240234375,20.28045654296875,20.32731819152832,0,1.034000039100647,0.9067617654800415,50,2.799999952316284,2.2932863235473633,0,0,0,0,1.850978306097776,0,0,0,0.0016996965277940035,-0.0017006209818646312,0,-9.243842669093283e-07,100.29263305664062,100.29275512695312,790.2769775390625,790.2770385742188,790.2770385742188,549.6947631835938,0,0,23.772733688354492,0.0010999999940395355,0.02200000174343586,0.03299999609589577,0.04399999603629112,5655.8173828125,114276.53125,0.0429663360118866,0,3.1392715754918754e-05,268.5689392089844,0,0.0002616529818624258,2.8350639695418067e-05,0,0,23.700000762939453,0,0,1600,0,50,0,0,0,50,50,800,0.0,0.0,0.0,0.0
148,158.1936798095703,309.1124572753906,326.09161376953125,326.0447692871094,292.13299560546875,292.1801452636719,16515.818359375,33031.63671875,69.04635620117188,69.04646301269531,1794.054443359375,3577.192138671875,1793.52001953125,3577.30908203125,284.5426940917969,61.97652816772461,5.008284347240988e-07,0,0,2574.681396484375,1291.8800048828125,0,23.77219581604004,2712.91845703125,11.829367637634277,11.838584899902344,907.8593139648438,1810.6744384765625,49.97025680541992,50.02413558959961,100,0,0,346.3721618652344,0,7.924896240234375,20.28052520751953,20.3273868560791,0,1.034000039100647,0.9067617654800415,50,2.799999952316284,2.2932870388031006,0,0,0,0,1.8220567838179014,0,0,0,0.0016996965277940035,-0.0017004533438012004,0,-7.568509658995026e-07,100.29263305664062,100.29273223876953,790.27685546875,790.2769165039062,790.2769165039062,549.6947021484375,0,0,23.77219581604004,0.0010999999940395355,0.02200000174343586,0.03299999609589577,0.04399999603629112,5655.8173828125,114276.53125,0.0429663360118866,0,3.1392715754918754e-05,270.3897399902344,0,0.0002616529818624258,2.8350639695418067e-05,0,0,23.700000762939453,0,0,1600,0,50,0,0,0,50,50,800,0.0,0.0,0.0,0.0
149,158.19378662109375,309.1124572753906,326.09161376953125,326.0447692871094,292.13299560546875,292.1801452636719,16515.818359375,33031.63671875,69.0463638305664,69.04647064208984,1794.0546875,3577.17822265625,1793.5203857421875,3577.30859375,284.5427551269531,61.97666931152344,7.266458510457596e-07,0,0,2574.680908203125,1291.8800048828125,0,23.77165985107422,2712.91748046875,11.82939624786377,11.838581085205078,907.8593139648438,1810.673828125,49.97059631347656,50.02409744262695,100,0,0,346.3721923828125,0,7.924896240234375,20.280559539794922,20.327421188354492,0,1.034000039100647,0.9067617654800415,50,2.799999952316284,2.293287754058838,0,0,0,0,1.7931352615380267,0,0,0,0.0016996965277940035,-0.0017002858221530914,0,-5.89317664889677e-07,100.29263305664062,100.2927017211914,790.2767333984375,790.2767944335938,790.2767944335938,549.6946411132812,0,0,23.77165985107422,0.0010999999940395355,0.02200000174343586,0.03299999609589577,0.04399999603629112,5655.8173828125,114276.53125,0.0429663360118866,0,3.1392715754918754e-05,272.2105407714844,0,0.0002616529818624258,2.8350639695418067e-05,0,0,23.700000762939453,0,0,1600,0,50,0,0,0,50,50,800,0.0,0.0,0.0,0.0
150,158.1938934326172,309.1124572753906,326.09161376953125,326.0447692871094,292.13299560546875,292.1801452636719,16515.818359375,33031.63671875,69.04637145996094,69.04647827148438,1794.054931640625,3577.1650390625,1793.517822265625,3577.31103515625,284.5428161621094,61.97681427001953,1.5334711633840925e-06,0,0,2574.6806640625,1291.8800048828125,0,23.7711238861084,2712.916748046875,11.829422950744629,11.838578224182129,907.859375,1810.6729736328125,49.970924377441406,50.02405548095703,100,0,0,346.37225341796875,0,7.924896240234375,20.28062629699707,20.32748794555664,0,1.034000039100647,0.9067617654800415,50,2.799999952316284,2.293288230895996,0,0,0,0,1.764213739258152,0,0,0,0.0016996965277940035,-0.0017001183005049825,0,-4.217843638798513e-07,100.29263305664062,100.29267120361328,790.2766723632812,790.2766723632812,790.2766723632812,549.694580078125,0,0,23.7711238861084,0.0010999999940395355,0.02200000174343586,0.03299999609589577,0.04399999603629112,5655.8173828125,114276.53125,0.0429663360118866,0,3.1392715754918754e-05,274.0313415527344,0,0.0002616529818624258,2.8350639695418067e-05,0,0,23.700000762939453,0,0,1600,0,50,0,0,0,50,50,800,0.0,0.0,0.0,0.0
151,158.19398498535156,309.1124572753906,326.09161376953125,326.04473876953125,292.13299560546875,292.18017578125,16515.818359375,33031.63671875,69.04637908935547,69.0464859008789,1794.054931640625,3577.15185546875,1793.5211181640625,3577.307861328125,284.5428771972656,61.976959228515625,2.340296305192169e-06,0,0,2574.680419921875,1291.8802490234375,0,23.770587921142578,2712.916748046875,11.829450607299805,11.838574409484863,907.8579711914062,1810.6700439453125,49.97123718261719,50.024024963378906,100,0,0,346.3722839355469,0,7.924896240234375,20.28066062927246,20.327556610107422,0,1.034000039100647,0.9067617654800415,50,2.799999952316284,2.293288230895996,0,0,0,0,1.7352922169782776,0,0,0,0.0016996965277940035,-0.0017001183005049825,0,-4.217843638798513e-07,100.29263305664062,100.29267120361328,790.2766723632812,790.2766723632812,790.2766723632812,549.694580078125,0,0,23.770587921142578,0.0010999999940395355,0.02200000174343586,0.03299999609589577,0.04399999603629112,5655.8173828125,114276.53125,0.0429663360118866,0,3.1392715754918754e-05,275.8521423339844,0,0.0002616529818624258,2.8350639695418067e-05,0,0,23.700000762939453,0,0,1600,0,50,0,0,0,50,50,800,0.0,0.0,0.0,0.0
152,158.194091796875,309.1124572753906,326.09161376953125,326.04473876953125,292.13299560546875,292.18017578125,16515.818359375,33031.63671875,69.04637908935547,69.0464859008789,1794.054931640625,3577.138916015625,1793.5184326171875,3577.310546875,284.54290771484375,61.977108001708984,3.7281292861734983e-06,0,0,2574.68017578125,1291.8802490234375,0,23.768686294555664,2712.916748046875,11.829477310180664,11.838570594787598,907.8579711914062,1810.6693115234375,49.97153854370117,50.023990631103516,100,0,0,346.3723449707031,0,7.924896240234375,20.280729293823242,20.32762336730957,0,1.034000039100647,0.9067617654800415,50,2.799999952316284,2.293288230895996,0,0,0,0,1.706370694698403,0,0,0,0.0016996965277940035,-0.0017001183005049825,0,-4.217843638798513e-07,100.29263305664062,100.29267120361328,790.2766723632812,790.2766723632812,790.2766723632812,549.694580078125,0,0,23.768686294555664,0.0010999999940395355,0.02200000174343586,0.03299999609589577,0.04399999603629112,5655.8173828125,114276.53125,0.0429663360118866,0,3.1392715754918754e-05,277.6729431152344,0,0.0002616529818624258,2.8350639695418067e-05,0,0,23.700000762939453,0,0,1600,0,50,0,0,0,50,50,800,0.0,0.0,0.0,0.0
153,158.19418334960938,309.1124572753906,326.09161376953125,326.04473876953125,292.13299560546875,292.18017578125,16515.818359375,33031.63671875,69.04637908935547,69.0464859008789,1794.0546875,3577.1259765625,1793.518798828125,3577.310302734375,284.54296875,61.977256774902344,5.115962267154828e-06,0,0,2574.679931640625,1291.8802490234375,0,23.76949119567871,2712.916748046875,11.82950496673584,11.838566780090332,907.8579711914062,1810.6688232421875,49.97187042236328,50.02393341064453,100,0,0,346.37237548828125,0,7.924896240234375,20.28076171875,20.32765769958496,0,1.034000039100647,0.9067617654800415,50,2.799999952316284,2.293288230895996,0,0,0,0,1.6774490466776997,0,0,0,0.0016996965277940035,-0.0017001183005049825,0,-4.217843638798513e-07,100.29263305664062,100.29267120361328,790.2766723632812,790.2766723632812,790.2766723632812,549.694580078125,0,0,23.76949119567871,0.0010999999940395355,0.02200000174343586,0.03299999609589577,0.04399999603629112,5655.8173828125,114276.53125,0.0429663360118866,0,3.1392715754918754e-05,279.4937438964844,0,0.0002616529818624258,2.8350639695418067e-05,0,0,23.700000762939453,0,0,1600,0,50,0,0,0,50,50,800,0.0,0.0,0.0,0.0
154,158.1942901611328,309.1124572753906,326.09161376953125,326.04473876953125,292.13299560546875,292.18017578125,16515.818359375,33031.63671875,69.04637908935547,69.0464859008789,1794.054931640625,3577.11328125,1793.5191650390625,3577.309814453125,284.5430603027344,61.9774055480957,-4.131939931539819e-06,0,0,2574.6796875,1291.8802490234375,0,23.76757049560547,2712.916748046875,11.8295316696167,11.83856201171875,907.8579711914062,1810.6680908203125,49.97218704223633,50.02387619018555,100,0,0,346.3724670410156,0,7.924896240234375,20.28083038330078,20.327726364135742,0,1.034000039100647,0.9067617654800415,50,2.799999952316284,2.293288230895996,0,0,0,0,1.648527524397825,0,0,0,0.0016996965277940035,-0.0017001183005049825,0,-4.217843638798513e-07,100.29263305664062,100.29267120361328,790.2766723632812,790.2766723632812,790.2766723632812,549.694580078125,0,0,23.76757049560547,0.0010999999940395355,0.02200000174343586,0.03299999609589577,0.04399999603629112,5655.8173828125,114276.53125,0.0429663360118866,0,3.1392715754918754e-05,281.3145446777344,0,0.0002616529818624258,2.8350639695418067e-05,0,0,23.700000762939453,0,0,1600,0,50,0,0,0,50,50,800,0.0,0.0,0.0,0.0
155,158.19439697265625,309.1124572753906,326.09161376953125,326.0447082519531,292.13299560546875,292.1802062988281,16515.818359375,33031.63671875,69.04637908935547,69.04649353027344,1794.053955078125,3577.1025390625,1793.51953125,3577.309326171875,284.5431213378906,61.977569580078125,-4.200759349259897e-07,0,0,2574.678955078125,1291.8802490234375,0,23.765647888183594,2712.916748046875,11.829559326171875,11.838556289672852,907.8578491210938,1810.66748046875,49.97248840332031,50.02382278442383,100,0,0,346.37249755859375,0,7.924896240234375,20.280864715576172,20.32779312133789,0,1.034000039100647,0.9067617654800415,50,2.799999952316284,2.293288230895996,0,0,0,0,1.6196060021179504,0,0,0,0.0016996965277940035,-0.0017001183005049825,0,-4.217843638798513e-07,100.29263305664062,100.29267120361328,790.2766723632812,790.2766723632812,790.2766723632812,549.694580078125,0,0,23.765647888183594,0.0010999999940395355,0.02200000174343586,0.03299999609589577,0.04399999603629112,5655.8173828125,114276.53125,0.0429663360118866,0,3.1392715754918754e-05,283.1353454589844,0,0.0002616529818624258,2.8350639695418067e-05,0,0,23.700000762939453,0,0,1600,0,50,0,0,0,50,50,800,0.0,0.0,0.0,0.0
156,158.19448852539062,309.1124572753906,326.09161376953125,326.0447082519531,292.13299560546875,292.1802062988281,16515.818359375,33031.63671875,69.04638671875,69.04650115966797,1794.0537109375,3577.090087890625,1793.519775390625,3577.30908203125,284.5431823730469,61.97772216796875,1.548764885228593e-06,0,0,2574.678955078125,1291.8802490234375,0,23.76774787902832,2712.916748046875,11.82958698272705,11.83855152130127,907.8578491210938,1810.6669921875,49.97280502319336,50.023765563964844,100,0,0,346.37255859375,0,7.924896240234375,20.28093147277832,20.327861785888672,0,1.034000039100647,0.9067617654800415,50,2.799999952316284,2.293288230895996,0,0,0,0,1.5906844798380757,0,0,0,0.0016996965277940035,-0.0017001183005049825,0,-4.217843638798513e-07,100.29263305664062,100.29267120361328,790.2766723632812,790.2766723632812,790.2766723632812,549.694580078125,0,0,23.76774787902832,0.0010999999940395355,0.02200000174343586,0.03299999609589577,0.04399999603629112,5655.8173828125,114276.53125,0.0429663360118866,0,3.1392715754918754e-05,284.9561462402344,0,0.0002616529818624258,2.8350639695418067e-05,0,0,23.700000762939453,0,0,1600,0,50,0,0,0,50,50,800,0.0,0.0,0.0,0.0
157,158.19459533691406,309.1124572753906,326.09161376953125,326.0447082519531,292.13299560546875,292.1802062988281,16515.818359375,33031.63671875,69.04638671875,69.04650115966797,1794.0531005859375,3577.077880859375,1793.5203857421875,3577.30859375,284.543212890625,61.977882385253906,4.679620815295493e-06,0,0,2574.6787109375,1291.8802490234375,0,23.764463424682617,2712.916748046875,11.829614639282227,11.838546752929688,907.8578491210938,1810.666259765625,49.973140716552734,50.02370834350586,100,0,0,346.37261962890625,0,7.924896240234375,20.2810001373291,20.32792854309082,0,1.034000039100647,0.9067617654800415,50,2.799999952316284,2.293288230895996,0,0,0,0,1.561762957558201,0,0,0,0.0016996965277940035,-0.0017001183005049825,0,-4.217843638798513e-07,100.29263305664062,100.29267120361328,790.2766723632812,790.2766723632812,790.2766723632812,549.694580078125,0,0,23.764463424682617,0.0010999999940395355,0.02200000174343586,0.03299999609589577,0.04399999603629112,5655.8173828125,114276.53125,0.0429663360118866,0,3.1392715754918754e-05,286.7769470214844,0,0.0002616529818624258,2.8350639695418067e-05,0,0,23.700000762939453,0,0,1600,0,50,0,0,0,50,50,800,0.0,0.0,0.0,0.0
158,158.1947021484375,309.1124572753906,326.09161376953125,326.0447082519531,292.13299560546875,292.1802062988281,16515.818359375,33031.63671875,69.04639434814453,69.0465087890625,1794.052734375,3577.067138671875,1793.517578125,3577.311279296875,284.5433044433594,61.97804260253906,-2.825257752192556e-06,0,0,2574.67822265625,1291.8802490234375,0,23.76386070251465,2712.916748046875,11.829641342163086,11.838539123535156,907.8578491210938,1810.665771484375,49.97345733642578,50.023624420166016,100,0,0,346.3726501464844,0,7.924896240234375,20.281034469604492,20.32796287536621,0,1.034000039100647,0.9067617654800415,50,2.799999952316284,2.293288230895996,0,0,0,0,1.5328414352783266,0,0,0,0.0016996965277940035,-0.0017001183005049825,0,-4.217843638798513e-07,100.29263305664062,100.29267120361328,790.2766723632812,790.2766723632812,790.2766723632812,549.694580078125,0,0,23.76386070251465,0.0010999999940395355,0.02200000174343586,0.03299999609589577,0.04399999603629112,5655.8173828125,114276.53125,0.0429663360118866,0,3.1392715754918754e-05,288.5977478027344,0,0.0002616529818624258,2.8350639695418067e-05,0,0,23.700000762939453,0,0,1600,0,50,0,0,0,50,50,800,0.0,0.0,0.0,0.0
159,158.19479370117188,309.1125183105469,326.0916442871094,326.0447082519531,292.1330261230469,292.18023681640625,16515.818359375,33031.63671875,69.04639434814453,69.04651641845703,1794.0521240234375,3577.055419921875,1793.5147705078125,3577.313720703125,284.5433654785156,61.97819519042969,-8.564169888813922e-07,0,0,2574.677978515625,1291.8804931640625,0,23.763256072998047,2712.91650390625,11.829668998718262,11.838533401489258,907.859130859375,1810.667724609375,49.97378921508789,50.0235595703125,100,0,0,346.3727111816406,0,7.924896240234375,20.28106689453125,20.328031539916992,0,1.034000039100647,0.9067617654800415,50,2.799999952316284,2.293288469314575,0,0,0,0,1.503919912998452,0,0,0,0.0016955113969743252,-0.0017001183005049825,0,-4.60693854620331e-06,100.29254150390625,100.29266357421875,790.2765502929688,790.2766723632812,790.2766723632812,549.694580078125,0,0,23.763256072998047,0.0010999999940395355,0.02200000174343586,0.03299999609589577,0.04399999603629112,5655.8173828125,114276.53125,0.0429663360118866,0,3.1392715754918754e-05,290.4185485839844,0,0.0002616529818624258,2.8350639695418067e-05,0,0,23.700000762939453,0,0,1600,0,50,0,0,0,50,50,800,0.0,0.0,0.0,0.0
160,158.1949005126953,309.1125183105469,326.0917053222656,326.0447082519531,292.1330261230469,292.1802978515625,16515.818359375,33031.63671875,69.0464096069336,69.04652404785156,1794.0511474609375,3577.0439453125,1793.519775390625,3577.309326171875,284.5434265136719,61.978363037109375,3.436454790062271e-06,0,0,2574.677490234375,1291.88037109375,0,23.76267433166504,2712.914794921875,11.829695701599121,11.838526725769043,907.8602294921875,1810.6673583984375,49.974098205566406,50.023494720458984,100,0,0,346.3727722167969,0,7.924896240234375,20.28106689453125,20.32806396484375,0,1.034000039100647,0.9067617654800415,50,2.799999952316284,2.29328989982605,0,0,0,0,1.4749983907185773,0,0,0,0.0016955113969743252,-0.0016997832572087646,0,-4.271872057870496e-06,100.29224395751953,100.2926025390625,790.276123046875,790.2763671875,790.2763671875,549.6944580078125,0,0,23.76267433166504,0.0010999999940395355,0.02200000174343586,0.03299999609589577,0.04399999603629112,5655.8173828125,114276.53125,0.0429663360118866,0,3.1392715754918754e-05,292.2393493652344,0,0.0002616529818624258,2.8350639695418067e-05,0,0,23.700000762939453,0,0,1600,0,50,0,0,0,50,50,800,0.0,0.0,0.0,0.0
161,158.1949920654297,309.1125183105469,326.0917053222656,326.0447082519531,292.133056640625,292.1802978515625,16515.818359375,33031.63671875,69.04641723632812,69.0465316772461,1794.0496826171875,3577.03125,1793.518798828125,3577.310546875,284.5434875488281,61.978511810302734,4.8242877710436005e-06,0,0,2574.67724609375,1291.8804931640625,0,23.7647762298584,2712.911376953125,11.829723358154297,11.838521003723145,907.8590698242188,1810.6666259765625,49.97447967529297,50.023441314697266,100,0,0,346.3728332519531,0,7.924896240234375,20.28113555908203,20.32813262939453,0,1.034000039100647,0.9067617654800415,50,2.799999952316284,2.293292999267578,0,0,0,0,1.4460768684387026,0,0,0,0.0016955113969743252,-0.001699029584415257,0,-3.51819926436292e-06,100.29206848144531,100.29247283935547,790.2754516601562,790.2757568359375,790.2757568359375,549.6941528320312,0,0,23.7647762298584,0.0010999999940395355,0.02200000174343586,0.03299999609589577,0.04399999603629112,5655.8173828125,114276.53125,0.0429663360118866,0,3.1392715754918754e-05,294.0601501464844,0,0.0002616529818624258,2.8350639695418067e-05,0,0,23.700000762939453,0,0,1600,0,50,0,0,0,50,50,800,0.0,0.0,0.0,0.0
162,158.19509887695312,309.1125183105469,326.0917053222656,326.0447082519531,292.133056640625,292.1802978515625,16515.818359375,33031.63671875,69.04642486572266,69.04653930664062,1794.0484619140625,3577.01953125,1793.5189208984375,3577.310302734375,284.5435485839844,61.97865676879883,-5.004621925763786e-06,0,0,2574.677001953125,1291.8804931640625,0,23.764217376708984,2712.90771484375,11.829750061035156,11.83851432800293,907.8590087890625,1810.6658935546875,49.97481918334961,50.02338409423828,100,0,0,346.37286376953125,0,7.924896240234375,20.281169891357422,20.328166961669922,0,1.034000039100647,0.9067617654800415,50,2.799999952316284,2.2932960987091064,0,0,0,0,1.4171552204179994,0,0,0,0.0016955113969743252,-0.001698192092590034,0,-2.6806840196513804e-06,100.29197692871094,100.2923355102539,790.2748413085938,790.2750854492188,790.2750854492188,549.69384765625,0,0,23.764217376708984,0.0010999999940395355,0.02200000174343586,0.03299999609589577,0.04399999603629112,5655.8173828125,114276.53125,0.0429663360118866,0,3.1392715754918754e-05,295.8809509277344,0,0.0002616529818624258,2.8350639695418067e-05,0,0,23.700000762939453,0,0,1600,0,50,0,0,0,50,50,800,0.0,0.0,0.0,0.0
163,158.19520568847656,309.1125183105469,326.0917053222656,326.0447082519531,292.133056640625,292.1802978515625,16515.818359375,33031.63671875,69.04643249511719,69.04654693603516,1794.046875,3577.00927734375,1793.5194091796875,3577.309814453125,284.5436096191406,61.97880554199219,-3.6167889447824564e-06,0,0,2574.6767578125,1291.8804931640625,0,23.762317657470703,2712.904541015625,11.829778671264648,11.838505744934082,907.85888671875,1810.6654052734375,49.97517395019531,50.023311614990234,100,0,0,346.3729248046875,0,7.924896240234375,20.28123664855957,20.32823371887207,0,1.034000039100647,0.9067617654800415,50,2.799999952316284,2.2932987213134766,0,0,0,0,1.3882336981381247,0,0,0,0.0016955113969743252,-0.0016975218895822763,0,-2.0105508156120777e-06,100.29193115234375,100.29222106933594,790.2743530273438,790.2745361328125,790.2745361328125,549.6935424804688,0,0,23.762317657470703,0.0010999999940395355,0.02200000174343586,0.03299999609589577,0.04399999603629112,5655.8173828125,114276.53125,0.0429663360118866,0,3.1392715754918754e-05,297.7017517089844,0,0.0002616529818624258,2.8350639695418067e-05,0,0,23.700000762939453,0,0,1600,0,50,0,0,0,50,50,800,0.0,0.0,0.0,0.0
164,158.19529724121094,309.1125183105469,326.0917053222656,326.0447082519531,292.133056640625,292.1803283691406,16515.818359375,33031.63671875,69.04644012451172,69.04655456542969,1794.0458984375,3576.997802734375,1793.5181884765625,3577.310546875,284.5436706542969,61.97894287109375,-3.971979367634049e-06,0,0,2574.676513671875,1291.8804931640625,0,23.76312255859375,2712.90234375,11.829805374145508,11.838499069213867,907.85888671875,1810.6622314453125,49.975528717041016,50.02323532104492,100,0,0,346.3729553222656,0,7.924896240234375,20.28127098083496,20.32826805114746,0,1.034000039100647,0.9067617654800415,50,2.799999952316284,2.2933006286621094,0,0,0,0,1.3593121758582503,0,0,0,0.0016955113969743252,-0.0016970194410532713,0,-1.508102286607027e-06,100.29192352294922,100.2921371459961,790.2739868164062,790.2741088867188,790.2741088867188,549.693359375,0,0,23.76312255859375,0.0010999999940395355,0.02200000174343586,0.03299999609589577,0.04399999603629112,5655.8173828125,114276.53125,0.0429663360118866,0,3.1392715754918754e-05,299.5225524902344,0,0.0002616529818624258,2.8350639695418067e-05,0,0,23.700000762939453,0,0,1600,0,50,0,0,0,50,50,800,0.0,0.0,0.0,0.0
165,158.19540405273438,309.1125183105469,326.0917053222656,326.0447082519531,292.1330871582031,292.1803283691406,16515.818359375,33031.63671875,69.04644775390625,69.04656219482422,1794.043701171875,3576.9873046875,1793.5166015625,3577.312255859375,284.5437316894531,61.97908401489258,-3.7461620649992255e-06,0,0,2574.67626953125,1291.880615234375,0,23.76124382019043,2712.900634765625,11.829833030700684,11.83849048614502,907.8574829101562,1810.661865234375,49.975833892822266,50.02316665649414,100,0,0,346.3730163574219,0,7.924896240234375,20.281339645385742,20.328336715698242,0,1.034000039100647,0.9067617654800415,50,2.799999952316284,2.293302059173584,0,0,0,0,1.3303906535783756,0,0,0,0.0016955113969743252,-0.0016966843977570534,0,-1.1730356845873757e-06,100.29190826416016,100.29207611083984,790.2737426757812,790.2738647460938,790.2738647460938,549.6932373046875,0,0,23.76124382019043,0.0010999999940395355,0.02200000174343586,0.03299999609589577,0.04399999603629112,5655.8173828125,114276.53125,0.0429663360118866,0,3.1392715754918754e-05,301.3433532714844,0,0.0002616529818624258,2.8350639695418067e-05,0,0,23.700000762939453,0,0,1600,0,50,0,0,0,50,50,800,0.0,0.0,0.0,0.0
166,158.19549560546875,309.1125183105469,326.0917053222656,326.0447082519531,292.1330871582031,292.1803283691406,16515.818359375,33031.63671875,69.04645538330078,69.04656982421875,1794.0423583984375,3576.977783203125,1793.5166015625,3577.312255859375,284.54376220703125,61.97922897338867,-2.939337036877987e-06,0,0,2574.675537109375,1291.880615234375,0,23.76207160949707,2712.899169921875,11.829859733581543,11.838482856750488,907.8572387695312,1810.6612548828125,49.976139068603516,50.02309036254883,100,0,0,346.3730773925781,0,7.924896240234375,20.2813720703125,20.328369140625,0,1.034000039100647,0.9067617654800415,50,2.799999952316284,2.2933032512664795,0,0,0,0,1.301469131298501,0,0,0,0.0016955113969743252,-0.0016963493544608355,0,-8.379691394111433e-07,100.29190063476562,100.29202270507812,790.2734985351562,790.2736206054688,790.2736206054688,549.6930541992188,0,0,23.76207160949707,0.0010999999940395355,0.02200000174343586,0.03299999609589577,0.04399999603629112,5655.8173828125,114276.53125,0.0429663360118866,0,3.1392715754918754e-05,303.1641540527344,0,0.0002616529818624258,2.8350639695418067e-05,0,0,23.700000762939453,0,0,1600,0,50,0,0,0,50,50,800,0.0,0.0,0.0,0.0
167,158.1956024169922,309.1125183105469,326.0917053222656,326.0447082519531,292.1330871582031,292.18035888671875,16515.818359375,33031.63671875,69.04646301269531,69.04658508300781,1794.040283203125,3576.96826171875,1793.516845703125,3577.311767578125,284.5438232421875,61.979366302490234,-3.294527232355904e-06,0,0,2574.675537109375,1291.880615234375,0,23.762897491455078,2712.8984375,11.829887390136719,11.83847427368164,907.857177734375,1810.660888671875,49.976478576660156,50.02300262451172,100,0,0,346.3731384277344,0,7.924896240234375,20.28144073486328,20.32843780517578,0,1.034000039100647,0.9067617654800415,50,2.799999952316284,2.293303966522217,0,0,0,0,1.2725476090186263,0,0,0,0.0016955113969743252,-0.0016961819492280483,0,-6.705872124257439e-07,100.29190063476562,100.2919921875,790.2733764648438,790.2734375,790.2734375,549.6929931640625,0,0,23.762897491455078,0.0010999999940395355,0.02200000174343586,0.03299999609589577,0.04399999603629112,5655.8173828125,114276.53125,0.0429663360118866,0,3.1392715754918754e-05,304.9849548339844,0,0.0002616529818624258,2.8350639695418067e-05,0,0,23.700000762939453,0,0,1600,0,50,0,0,0,50,50,800,0.0,0.0,0.0,0.0
168,158.19570922851562,309.1125183105469,326.0917053222656,326.0447082519531,292.1330871582031,292.18035888671875,16515.818359375,33031.63671875,69.04647064208984,69.04658508300781,1794.0386962890625,3576.958984375,1793.518798828125,3577.310302734375,284.54388427734375,61.97950744628906,-3.0687097023474053e-06,0,0,2574.67529296875,1291.880615234375,0,23.76102066040039,2712.897705078125,11.829914093017578,11.838464736938477,907.8571166992188,1810.6578369140625,49.97679901123047,50.02289581298828,100,0,0,346.3731689453125,0,7.924896240234375,20.281475067138672,20.328472137451172,0,1.034000039100647,0.9067617654800415,50,2.799999952316284,2.293304443359375,0,0,0,0,1.2436260867387516,0,0,0,0.0016955113969743252,-0.0016960144275799394,0,-5.030539114159183e-07,100.29190063476562,100.2919692993164,790.2732543945312,790.2733154296875,790.2733154296875,549.6929321289062,0,0,23.76102066040039,0.0010999999940395355,0.02200000174343586,0.03299999609589577,0.04399999603629112,5655.8173828125,114276.53125,0.0429663360118866,0,3.1392715754918754e-05,306.8057556152344,0,0.0002616529818624258,2.8350639695418067e-05,0,0,23.700000762939453,0,0,1600,0,50,0,0,0,50,50,800,0.0,0.0,0.0,0.0
169,158.19580078125,309.1125183105469,326.0917053222656,326.0447082519531,292.1330871582031,292.18035888671875,16515.818359375,33031.63671875,69.04647064208984,69.04659271240234,1794.03759765625,3576.9501953125,1793.5159912109375,3577.31298828125,284.5439453125,61.979644775390625,-3.4239001251989976e-06,0,0,2574.6748046875,1291.880615234375,0,23.76184844970703,2712.89697265625,11.829939842224121,11.838456153869629,907.857177734375,1810.6573486328125,49.97712707519531,50.02277755737305,100,0,0,346.37322998046875,0,7.924896240234375,20.28154182434082,20.32853889465332,0,1.034000039100647,0.9067617654800415,50,2.799999952316284,2.2933051586151123,0,0,0,0,1.2147045644588772,0,0,0,0.0016955113969743252,-0.0016958469059318304,0,-3.355206104060926e-07,100.29190063476562,100.29193878173828,790.273193359375,790.273193359375,790.273193359375,549.69287109375,0,0,23.76184844970703,0.0010999999940395355,0.02200000174343586,0.03299999609589577,0.04399999603629112,5655.8173828125,114276.53125,0.0429663360118866,0,3.1392715754918754e-05,308.6265563964844,0,0.0002616529818624258,2.8350639695418067e-05,0,0,23.700000762939453,0,0,1600,0,50,0,0,0,50,50,800,0.0,0.0,0.0,0.0
170,158.19590759277344,309.1125183105469,326.0917053222656,326.0446472167969,292.1330871582031,292.1803894042969,16515.818359375,33031.63671875,69.04647827148438,69.04659271240234,1794.0364990234375,3576.94140625,1793.5159912109375,3577.3125,284.54400634765625,61.97978973388672,-2.617075097077759e-06,0,0,2574.674560546875,1291.880615234375,0,23.759971618652344,2712.89697265625,11.829965591430664,11.838446617126465,907.8570556640625,1810.656982421875,49.97742462158203,50.02267074584961,100,0,0,346.3732604980469,0,7.924896240234375,20.28157615661621,20.3286075592041,0,1.034000039100647,0.9067617654800415,50,2.799999952316284,2.2933051586151123,0,0,0,0,1.1857830421790025,0,0,0,0.0016955113969743252,-0.0016958469059318304,0,-3.355206104060926e-07,100.29190826416016,100.29193878173828,790.273193359375,790.273193359375,790.273193359375,549.69287109375,0,0,23.759971618652344,0.0010999999940395355,0.02200000174343586,0.03299999609589577,0.04399999603629112,5655.8173828125,114276.53125,0.0429663360118866,0,3.1392715754918754e-05,310.4473571777344,0,0.0002616529818624258,2.8350639695418067e-05,0,0,23.700000762939453,0,0,1600,0,50,0,0,0,50,50,800,0.0,0.0,0.0,0.0
171,158.19601440429688,309.1125183105469,326.0917053222656,326.0446472167969,292.1330871582031,292.1803894042969,16515.818359375,33031.63671875,69.04647827148438,69.04660034179688,1794.03515625,3576.932373046875,1793.516357421875,3577.312255859375,284.5440673828125,61.97992706298828,-2.9722655199293513e-06,0,0,2574.674560546875,1291.880615234375,0,23.75943374633789,2712.89697265625,11.829992294311523,11.838438034057617,907.8570556640625,1810.6563720703125,49.97774124145508,50.02257537841797,100,0,0,346.3733215332031,0,7.924896240234375,20.281644821166992,20.32867431640625,0,1.034000039100647,0.9067617654800415,50,2.799999952316284,2.2933051586151123,0,0,0,0,1.1568613941582992,0,0,0,0.0016955113969743252,-0.0016958469059318304,0,-3.355206104060926e-07,100.29190826416016,100.29193878173828,790.273193359375,790.273193359375,790.273193359375,549.69287109375,0,0,23.75943374633789,0.0010999999940395355,0.02200000174343586,0.03299999609589577,0.04399999603629112,5655.8173828125,114276.53125,0.0429663360118866,0,3.1392715754918754e-05,312.2681579589844,0,0.0002616529818624258,2.8350639695418067e-05,0,0,23.700000762939453,0,0,1600,0,50,0,0,0,50,50,800,0.0,0.0,0.0,0.0
172,158.19610595703125,309.1125183105469,326.0917053222656,326.0446472167969,292.13311767578125,292.1803894042969,16515.818359375,33031.63671875,69.0464859008789,69.04660034179688,1794.03271484375,3576.924072265625,1793.5146484375,3577.314208984375,284.5440979003906,61.98006820678711,-2.7464479899208527e-06,0,0,2574.673828125,1291.8807373046875,0,23.760284423828125,2712.89697265625,11.830018997192383,11.83842945098877,907.8555908203125,1810.6561279296875,49.97804260253906,50.0224723815918,100,0,0,346.3733825683594,0,7.924896240234375,20.28167724609375,20.32870864868164,0,1.034000039100647,0.9067617654800415,50,2.799999952316284,2.2933051586151123,0,0,0,0,1.1279398718784246,0,0,0,0.0016955113969743252,-0.0016958469059318304,0,-3.355206104060926e-07,100.29190826416016,100.29193878173828,790.273193359375,790.273193359375,790.273193359375,549.69287109375,0,0,23.760284423828125,0.0010999999940395355,0.02200000174343586,0.03299999609589577,0.04399999603629112,5655.8173828125,114276.53125,0.0429663360118866,0,3.1392715754918754e-05,314.0889587402344,0,0.0002616529818624258,2.8350639695418067e-05,0,0,23.700000762939453,0,0,1600,0,50,0,0,0,50,50,800,0.0,0.0,0.0,0.0
173,158.1962127685547,309.1125183105469,326.0917053222656,326.0446472167969,292.13311767578125,292.1803894042969,16515.818359375,33031.63671875,69.0464859008789,69.0466079711914,1794.0313720703125,3576.916015625,1793.5147705078125,3577.314208984375,284.5441589355469,61.9802131652832,-1.939622961799614e-06,0,0,2574.673583984375,1291.8807373046875,0,23.75838279724121,2712.89697265625,11.830044746398926,11.838418960571289,907.85546875,1810.65576171875,49.97834014892578,50.0223503112793,100,0,0,346.3734436035156,0,7.924896240234375,20.28174591064453,20.328777313232422,0,1.034000039100647,0.9067617654800415,50,2.799999952316284,2.2933051586151123,0,0,0,0,1.09901834959855,0,0,0,0.0016955113969743252,-0.0016958469059318304,0,-3.355206104060926e-07,100.29190826416016,100.29193878173828,790.273193359375,790.273193359375,790.273193359375,549.69287109375,0,0,23.75838279724121,0.0010999999940395355,0.02200000174343586,0.03299999609589577,0.04399999603629112,5655.8173828125,114276.53125,0.0429663360118866,0,3.1392715754918754e-05,315.9097595214844,0,0.0002616529818624258,2.8350639695418067e-05,0,0,23.700000762939453,0,0,1600,0,50,0,0,0,50,50,800,0.0,0.0,0.0,0.0
174,158.19630432128906,309.1125183105469,326.0917053222656,326.0446472167969,292.13311767578125,292.1803894042969,16515.818359375,33031.63671875,69.04649353027344,69.0466079711914,1794.029541015625,3576.90869140625,1793.5150146484375,3577.313720703125,284.5442199707031,61.98035430908203,-1.7138054317911156e-06,0,0,2574.67333984375,1291.8807373046875,0,23.75648307800293,2712.89697265625,11.830070495605469,11.838408470153809,907.8554077148438,1810.6553955078125,49.97864532470703,50.02222442626953,100,0,0,346.37347412109375,0,7.924896240234375,20.281780242919922,20.32880973815918,0,1.034000039100647,0.9067617654800415,50,2.799999952316284,2.2933051586151123,0,0,0,0,1.0700968273186753,0,0,0,0.0016955113969743252,-0.0016958469059318304,0,-3.355206104060926e-07,100.29190826416016,100.29193878173828,790.273193359375,790.273193359375,790.273193359375,549.69287109375,0,0,23.75648307800293,0.0010999999940395355,0.02200000174343586,0.03299999609589577,0.04399999603629112,5655.8173828125,114276.53125,0.0429663360118866,0,3.1392715754918754e-05,317.7305603027344,0,0.0002616529818624258,2.8350639695418067e-05,0,0,23.700000762939453,0,0,1600,0,50,0,0,0,50,50,800,0.0,0.0,0.0,0.0
175,158.1964111328125,309.1125183105469,326.0917053222656,326.0446472167969,292.13311767578125,292.1803894042969,16515.818359375,33031.63671875,69.04650115966797,69.04661560058594,1794.02734375,3576.900390625,1793.51513671875,3577.3134765625,284.5442810058594,61.98050308227539,-3.2597239396636724e-07,0,0,2574.673095703125,1291.8807373046875,0,23.75594711303711,2712.89697265625,11.830097198486328,11.838398933410645,907.8554077148438,1810.6549072265625,49.97895812988281,50.02211380004883,100,0,0,346.37353515625,0,7.924896240234375,20.28184700012207,20.32887840270996,0,1.034000039100647,0.9067617654800415,50,2.799999952316284,2.2933051586151123,0,0,0,0,1.0411753050388008,0,0,0,0.0016955113969743252,-0.0016958469059318304,0,-3.355206104060926e-07,100.29190826416016,100.29193878173828,790.273193359375,790.273193359375,790.273193359375,549.69287109375,0,0,23.75594711303711,0.0010999999940395355,0.02200000174343586,0.03299999609589577,0.04399999603629112,5655.8173828125,114276.53125,0.0429663360118866,0,3.1392715754918754e-05,319.5513610839844,0,0.0002616529818624258,2.8350639695418067e-05,0,0,23.700000762939453,0,0,1600,0,50,0,0,0,50,50,800,0.0,0.0,0.0,0.0
176,158.19651794433594,309.1125183105469,326.0917053222656,326.04461669921875,292.13311767578125,292.180419921875,16515.818359375,33031.63671875,69.04650115966797,69.04662322998047,1794.025634765625,3576.892822265625,1793.5169677734375,3577.311767578125,284.5443420410156,61.980648040771484,4.808528046851279e-07,0,0,2574.6728515625,1291.8807373046875,0,23.758113861083984,2712.89697265625,11.830122947692871,11.838388442993164,907.8552856445312,1810.652099609375,49.9792594909668,50.02199172973633,100,0,0,346.3735656738281,0,7.924896240234375,20.28188133239746,20.328947067260742,0,1.034000039100647,0.9067617654800415,50,2.799999952316284,2.2933051586151123,0,0,0,0,1.0122537827589262,0,0,0,0.0016955113969743252,-0.0016958469059318304,0,-3.355206104060926e-07,100.29190826416016,100.29193878173828,790.273193359375,790.273193359375,790.273193359375,549.69287109375,0,0,23.758113861083984,0.0010999999940395355,0.02200000174343586,0.03299999609589577,0.04399999603629112,5655.8173828125,114276.53125,0.0429663360118866,0,3.1392715754918754e-05,321.3721618652344,0,0.0002616529818624258,2.8350639695418067e-05,0,0,23.700000762939453,0,0,1600,0,50,0,0,0,50,50,800,0.0,0.0,0.0,0.0
177,158.1966094970703,309.112548828125,326.0917053222656,326.04461669921875,292.1331481933594,292.1804504394531,16515.818359375,33031.63671875,69.04650115966797,69.04662322998047,1794.0234375,3576.885986328125,1793.5169677734375,3577.311767578125,284.54437255859375,61.98078918457031,7.066701641633699e-07,0,0,2574.672607421875,1291.880859375,0,23.756216049194336,2712.89697265625,11.830147743225098,11.838377952575684,907.8551025390625,1810.651611328125,49.97954559326172,50.021873474121094,100,0,0,346.3736267089844,0,7.924896240234375,20.281949996948242,20.32901382446289,0,1.034000039100647,0.9067617654800415,50,2.799999952316284,2.2933051586151123,0,0,0,0,0.9833322604790515,0,0,0,0.001693418831564486,-0.0016958469059318304,0,-2.42809778683295e-06,100.29190826416016,100.29193878173828,790.273193359375,790.273193359375,790.273193359375,549.69287109375,0,0,23.756216049194336,0.0010999999940395355,0.02200000174343586,0.03299999609589577,0.04399999603629112,5655.8173828125,114276.53125,0.0429663360118866,0,3.1392715754918754e-05,323.1929626464844,0,0.0002616529818624258,2.8350639695418067e-05,0,0,23.700000762939453,0,0,1600,0,50,0,0,0,50,50,800,0.0,0.0,0.0,0.0
178,158.19671630859375,309.112548828125,326.0917053222656,326.04461669921875,292.1331481933594,292.1804504394531,16515.818359375,33031.63671875,69.0465087890625,69.046630859375,1794.0206298828125,3576.87890625,1793.5172119140625,3577.311767578125,284.54443359375,61.98093795776367,2.094503315674956e-06,0,0,2574.672119140625,1291.8807373046875,0,23.754316329956055,2712.896240234375,11.830174446105957,11.838367462158203,907.8563232421875,1810.6539306640625,49.9798698425293,50.02175521850586,100,0,0,346.37371826171875,0,7.924896240234375,20.28201675415039,20.329082489013672,0,1.034000039100647,0.9067617654800415,50,2.799999952316284,2.2933056354522705,0,0,0,0,0.9544106753287626,0,0,0,0.001693418831564486,-0.0016957632033154368,0,-2.3444067664968316e-06,100.291748046875,100.29191589355469,790.2730102539062,790.2731323242188,790.2731323242188,549.6928100585938,0,0,23.754316329956055,0.0010999999940395355,0.02200000174343586,0.03299999609589577,0.04399999603629112,5655.8173828125,114276.53125,0.0429663360118866,0,3.1392715754918754e-05,325.0137634277344,0,0.0002616529818624258,2.8350639695418067e-05,0,0,23.700000762939453,0,0,1600,0,50,0,0,0,50,50,800,0.0,0.0,0.0,0.0
179,158.1968231201172,309.112548828125,326.0917053222656,326.04461669921875,292.1331481933594,292.1804504394531,16515.818359375,33031.63671875,69.04651641845703,69.04663848876953,1794.0181884765625,3576.8720703125,1793.5172119140625,3577.311279296875,284.54449462890625,61.98108673095703,3.4823362966562854e-06,0,0,2574.671875,1291.8807373046875,0,23.7551212310791,2712.894775390625,11.8302001953125,11.838356018066406,907.856201171875,1810.653564453125,49.98018264770508,50.021629333496094,100,0,0,346.3737487792969,0,7.924896240234375,20.28205108642578,20.32911491394043,0,1.034000039100647,0.9067617654800415,50,2.799999952316284,2.293306827545166,0,0,0,0,0.925489153048888,0,0,0,0.001693418831564486,-0.001695428160019219,0,-2.0093400507903425e-06,100.2916488647461,100.29186248779297,790.272705078125,790.2728271484375,790.2728271484375,549.6926879882812,0,0,23.7551212310791,0.0010999999940395355,0.02200000174343586,0.03299999609589577,0.04399999603629112,5655.8173828125,114276.53125,0.0429663360118866,0,3.1392715754918754e-05,326.8345642089844,0,0.0002616529818624258,2.8350639695418067e-05,0,0,23.700000762939453,0,0,1600,0,50,0,0,0,50,50,800,0.0,0.0,0.0,0.0
180,158.19691467285156,309.112548828125,326.0917053222656,326.04461669921875,292.1331481933594,292.1804504394531,16515.818359375,33031.63671875,69.04651641845703,69.04663848876953,1794.0152587890625,3576.865478515625,1793.5185546875,3577.310302734375,284.5445556640625,61.981231689453125,4.2891615521511994e-06,0,0,2574.671630859375,1291.880859375,0,23.754562377929688,2712.89306640625,11.83022689819336,11.83834457397461,907.8546752929688,1810.6531982421875,49.98048782348633,50.02151870727539,100,0,0,346.3738098144531,0,7.924896240234375,20.28211784362793,20.32918357849121,0,1.034000039100647,0.9067617654800415,50,2.799999952316284,2.2933084964752197,0,0,0,0,0.8965676307690134,0,0,0,0.001693418831564486,-0.0016950094141066074,0,-1.5905825421214104e-06,100.29158782958984,100.29179382324219,790.2723999023438,790.2725219726562,790.2725219726562,549.6925048828125,0,0,23.754562377929688,0.0010999999940395355,0.02200000174343586,0.03299999609589577,0.04399999603629112,5655.8173828125,114276.53125,0.0429663360118866,0,3.1392715754918754e-05,328.6553649902344,0,0.0002616529818624258,2.8350639695418067e-05,0,0,23.700000762939453,0,0,1600,0,50,0,0,0,50,50,800,0.0,0.0,0.0,0.0
181,158.197021484375,309.112548828125,326.0917053222656,326.04461669921875,292.1331481933594,292.1804504394531,16515.818359375,33031.63671875,69.04652404785156,69.04664611816406,1794.01220703125,3576.858642578125,1793.515625,3577.3134765625,284.54461669921875,61.98137283325195,4.514978627412347e-06,0,0,2574.671142578125,1291.880859375,0,23.754024505615234,2712.891357421875,11.830252647399902,11.838334083557129,907.8546142578125,1810.65283203125,49.980804443359375,50.02140426635742,100,0,0,346.37384033203125,0,7.924896240234375,20.28215217590332,20.3292179107666,0,1.034000039100647,0.9067617654800415,50,2.799999952316284,2.2933096885681152,0,0,0,0,0.8676461084891388,0,0,0,0.001693418831564486,-0.0016946743708103895,0,-1.255515940101759e-06,100.29155731201172,100.29173278808594,790.2720947265625,790.272216796875,790.272216796875,549.6923828125,0,0,23.754024505615234,0.0010999999940395355,0.02200000174343586,0.03299999609589577,0.04399999603629112,5655.8173828125,114276.53125,0.0429663360118866,0,3.1392715754918754e-05,330.4761657714844,0,0.0002616529818624258,2.8350639695418067e-05,0,0,23.700000762939453,0,0,1600,0,50,0,0,0,50,50,800,0.0,0.0,0.0,0.0
182,158.19711303710938,309.112548828125,326.0917053222656,326.04461669921875,292.1331481933594,292.1804504394531,16515.818359375,33031.63671875,69.0465316772461,69.0466537475586,1794.010009765625,3576.851806640625,1793.5172119140625,3577.311767578125,284.544677734375,61.98152160644531,-4.732923571282299e-06,0,0,2574.671142578125,1291.880859375,0,23.753488540649414,2712.889892578125,11.830277442932129,11.838321685791016,907.8544311523438,1810.650146484375,49.98109817504883,50.02128219604492,100,0,0,346.3739013671875,0,7.924896240234375,20.2822208404541,20.32928466796875,0,1.034000039100647,0.9067617654800415,50,2.799999952316284,2.29331111907959,0,0,0,0,0.8387245233388498,0,0,0,0.001693418831564486,-0.0016943392110988498,0,-9.204493949255266e-07,100.29155731201172,100.29167938232422,790.2719116210938,790.27197265625,790.27197265625,549.6922607421875,0,0,23.753488540649414,0.0010999999940395355,0.02200000174343586,0.03299999609589577,0.04399999603629112,5655.8173828125,114276.53125,0.0429663360118866,0,3.1392715754918754e-05,332.2969665527344,0,0.0002616529818624258,2.8350639695418067e-05,0,0,23.700000762939453,0,0,1600,0,50,0,0,0,50,50,800,0.0,0.0,0.0,0.0
183,158.1972198486328,309.112548828125,326.0917053222656,326.04461669921875,292.1331481933594,292.18048095703125,16515.818359375,33031.63671875,69.0465316772461,69.0466537475586,1794.0078125,3576.844970703125,1793.517333984375,3577.311279296875,284.54473876953125,61.981658935546875,-5.088113539386541e-06,0,0,2574.6708984375,1291.880859375,0,23.7529296875,2712.88916015625,11.830301284790039,11.838310241699219,907.8544311523438,1810.6495361328125,49.981414794921875,50.021141052246094,100,0,0,346.3739318847656,0,7.924896240234375,20.282255172729492,20.32931900024414,0,1.034000039100647,0.9067617654800415,50,2.799999952316284,2.293311834335327,0,0,0,0,0.8098030010589752,0,0,0,0.001693418831564486,-0.0016941719222813845,0,-7.530674679401272e-07,100.29155731201172,100.2916488647461,790.2717895507812,790.2718505859375,790.2718505859375,549.6921997070312,0,0,23.7529296875,0.0010999999940395355,0.02200000174343586,0.03299999609589577,0.04399999603629112,5655.8173828125,114276.53125,0.0429663360118866,0,3.1392715754918754e-05,334.1177673339844,0,0.0002616529818624258,2.8350639695418067e-05,0,0,23.700000762939453,0,0,1600,0,50,0,0,0,50,50,800,0.0,0.0,0.0,0.0
184,158.19732666015625,309.112548828125,326.0917053222656,326.04461669921875,292.1331481933594,292.18048095703125,16515.818359375,33031.63671875,69.0465316772461,69.0466537475586,1794.005615234375,3576.83935546875,1793.517333984375,3577.311279296875,284.5447998046875,61.981807708740234,-3.700281013152562e-06,0,0,2574.670166015625,1291.8809814453125,0,23.751052856445312,2712.88818359375,11.830326080322266,11.838297843933105,907.8543090820312,1810.6494140625,49.98170471191406,50.02099609375,100,0,0,346.3740234375,0,7.924896240234375,20.28232192993164,20.329387664794922,0,1.034000039100647,0.9067617654800415,50,2.799999952316284,2.2933123111724854,0,0,0,0,0.7808814787791005,0,0,0,0.001693418831564486,-0.0016940044006332755,0,-5.855341669303016e-07,100.29155731201172,100.29161834716797,790.2716064453125,790.2716674804688,790.2716674804688,549.692138671875,0,0,23.751052856445312,0.0010999999940395355,0.02200000174343586,0.03299999609589577,0.04399999603629112,5655.8173828125,114276.53125,0.0429663360118866,0,3.1392715754918754e-05,335.9385681152344,0,0.0002616529818624258,2.8350639695418067e-05,0,0,23.700000762939453,0,0,1600,0,50,0,0,0,50,50,800,0.0,0.0,0.0,0.0
185,158.19741821289062,309.112548828125,326.0917053222656,326.04461669921875,292.1331481933594,292.18048095703125,16515.818359375,33031.63671875,69.0465316772461,69.0466537475586,1794.0032958984375,3576.833984375,1793.517333984375,3577.311279296875,284.54486083984375,61.98195266723633,-2.8934555302839726e-06,0,0,2574.669921875,1291.8809814453125,0,23.753219604492188,2712.8876953125,11.830350875854492,11.838286399841309,907.8541870117188,1810.6490478515625,49.981998443603516,50.0208625793457,100,0,0,346.3740539550781,0,7.924896240234375,20.28235626220703,20.32942008972168,0,1.034000039100647,0.9067617654800415,50,2.799999952316284,2.2933130264282227,0,0,0,0,0.751959956499226,0,0,0,0.001693418831564486,-0.0016938367625698447,0,-4.180008659204759e-07,100.29155731201172,100.29159545898438,790.2715454101562,790.2715454101562,790.2715454101562,549.6920776367188,0,0,23.753219604492188,0.0010999999940395355,0.02200000174343586,0.03299999609589577,0.04399999603629112,5655.8173828125,114276.53125,0.0429663360118866,0,3.1392715754918754e-05,337.7593688964844,0,0.0002616529818624258,2.8350639695418067e-05,0,0,23.700000762939453,0,0,1600,0,50,0,0,0,50,50,800,0.0,0.0,0.0,0.0
186,158.19752502441406,309.112548828125,326.0917053222656,326.04461669921875,292.1331787109375,292.18048095703125,16515.818359375,33031.63671875,69.0465316772461,69.0466537475586,1794.000244140625,3576.828369140625,1793.517333984375,3577.311279296875,284.544921875,61.98208999633789,-3.2486461805092404e-06,0,0,2574.669921875,1291.8809814453125,0,23.751319885253906,2712.8876953125,11.830375671386719,11.838274955749512,907.8540649414062,1810.6488037109375,49.9822998046875,50.020729064941406,100,0,0,346.3741149902344,0,7.924896240234375,20.28242301940918,20.32948875427246,0,1.034000039100647,0.9067617654800415,50,2.799999952316284,2.2933130264282227,0,0,0,0,0.7230384342193513,0,0,0,0.001693418831564486,-0.0016938367625698447,0,-4.180008659204759e-07,100.29155731201172,100.29159545898438,790.2715454101562,790.2715454101562,790.2715454101562,549.6920776367188,0,0,23.751319885253906,0.0010999999940395355,0.02200000174343586,0.03299999609589577,0.04399999603629112,5655.8173828125,114276.53125,0.0429663360118866,0,3.1392715754918754e-05,339.5801696777344,0,0.0002616529818624258,2.8350639695418067e-05,0,0,23.700000762939453,0,0,1600,0,50,0,0,0,50,50,800,0.0,0.0,0.0,0.0
187,158.1975860595703,309.112548828125,326.0917053222656,326.04461669921875,292.1331787109375,292.18048095703125,16515.818359375,33031.63671875,69.0465316772461,69.0466537475586,1793.9974365234375,3576.82275390625,1793.517578125,3577.311279296875,284.5449523925781,61.98222732543945,-3.6038366033608327e-06,0,0,2574.669677734375,1291.8809814453125,0,23.74944305419922,2712.8876953125,11.830400466918945,11.838262557983398,907.8539428710938,1810.6485595703125,49.982582092285156,50.020591735839844,100,0,0,346.3741455078125,0,7.924896240234375,20.28245735168457,20.32952308654785,0,1.034000039100647,0.9067617654800415,50,2.799999952316284,2.2933130264282227,0,0,0,0,0.6989371237391796,0,0,0,0.001693418831564486,-0.0016938367625698447,0,-4.180008659204759e-07,100.29155731201172,100.29159545898438,790.2715454101562,790.2715454101562,790.2715454101562,549.6920776367188,0,0,23.74944305419922,0.0010999999940395355,0.02200000174343586,0.03299999609589577,0.04399999603629112,5655.8173828125,114276.53125,0.0429663360118866,0,3.1392715754918754e-05,341.4009704589844,0,0.0002616529818624258,2.8350639695418067e-05,0,0,23.700000762939453,0,0,1600,0,50,0,0,0,50,50,800,0.0,0.0,0.0,0.0
188,158.19766235351562,309.112548828125,326.0917053222656,326.04461669921875,292.1331787109375,292.18048095703125,16515.818359375,33031.63671875,69.0465316772461,69.0466537475586,1793.994873046875,3576.81787109375,1793.517578125,3577.311279296875,284.5450134277344,61.982364654541016,-3.9590267988387495e-06,0,0,2574.66943359375,1291.8809814453125,0,23.75029182434082,2712.8876953125,11.830425262451172,11.838250160217285,907.8538208007812,1810.648193359375,49.982872009277344,50.02043914794922,100,0,0,346.3741760253906,0,7.924896240234375,20.28249168395996,20.329557418823242,0,1.034000039100647,0.9067617654800415,50,2.799999952316284,2.2933130264282227,0,0,0,0,0.6796560879291251,0,0,0,0.001693418831564486,-0.0016938367625698447,0,-4.180008659204759e-07,100.29155731201172,100.29159545898438,790.2715454101562,790.2715454101562,790.2715454101562,549.6920776367188,0,0,23.75029182434082,0.0010999999940395355,0.02200000174343586,0.03299999609589577,0.04399999603629112,5655.8173828125,114276.53125,0.0429663360118866,0,3.1392715754918754e-05,343.2217712402344,0,0.0002616529818624258,2.8350639695418067e-05,0,0,23.700000762939453,0,0,1600,0,50,0,0,0,50,50,800,0.0,0.0,0.0,0.0
189,158.19772338867188,309.112548828125,326.0917053222656,326.04461669921875,292.1331787109375,292.18048095703125,16515.818359375,33031.63671875,69.0465316772461,69.0466537475586,1793.9923095703125,3576.814453125,1793.517333984375,3577.311279296875,284.5450439453125,61.98249435424805,5.159502507012803e-06,0,0,2574.669189453125,1291.8809814453125,0,23.751140594482422,2712.8876953125,11.830449104309082,11.838235855102539,907.8536376953125,1810.6480712890625,49.983158111572266,50.0202751159668,100,0,0,346.37420654296875,0,7.924896240234375,20.28252601623535,20.32958984375,0,1.034000039100647,0.9067617654800415,50,2.799999952316284,2.2933130264282227,0,0,0,0,0.6603750521190705,0,0,0,0.001693418831564486,-0.0016938367625698447,0,-4.180008659204759e-07,100.29155731201172,100.29159545898438,790.2715454101562,790.2715454101562,790.2715454101562,549.6920776367188,0,0,23.751140594482422,0.0010999999940395355,0.02200000174343586,0.03299999609589577,0.04399999603629112,5655.8173828125,114276.53125,0.0429663360118866,0,3.1392715754918754e-05,345.0425720214844,0,0.0002616529818624258,2.8350639695418067e-05,0,0,23.700000762939453,0,0,1600,0,50,0,0,0,50,50,800,0.0,0.0,0.0,0.0
190,158.1977996826172,309.112548828125,326.0917053222656,326.04461669921875,292.1331787109375,292.18048095703125,16515.818359375,33031.63671875,69.0465316772461,69.0466537475586,1793.9891357421875,3576.81005859375,1793.517333984375,3577.311279296875,284.54510498046875,61.98262405395508,3.6422964058147045e-06,0,0,2574.6689453125,1291.8809814453125,0,23.749286651611328,2712.8876953125,11.830474853515625,11.838223457336426,907.853515625,1810.647705078125,49.983455657958984,50.02012634277344,100,0,0,346.3742370605469,0,7.924896240234375,20.282560348510742,20.32962417602539,0,1.034000039100647,0.9067617654800415,50,2.799999952316284,2.2933130264282227,0,0,0,0,0.6410940791794304,0,0,0,0.001693418831564486,-0.0016938367625698447,0,-4.180008659204759e-07,100.29155731201172,100.29159545898438,790.2715454101562,790.2715454101562,790.2715454101562,549.6920776367188,0,0,23.749286651611328,0.0010999999940395355,0.02200000174343586,0.03299999609589577,0.04399999603629112,5655.8173828125,114276.53125,0.0429663360118866,0,3.1392715754918754e-05,346.8633728027344,0,0.0002616529818624258,2.8350639695418067e-05,0,0,23.700000762939453,0,0,1600,0,50,0,0,0,50,50,800,0.0,0.0,0.0,0.0
191,158.19786071777344,309.112548828125,326.0917053222656,326.04461669921875,292.1331787109375,292.18048095703125,16515.818359375,33031.63671875,69.0465316772461,69.0466537475586,1793.986572265625,3576.8056640625,1793.517333984375,3577.311279296875,284.545166015625,61.98276138305664,3.287105982963112e-06,0,0,2574.6689453125,1291.8809814453125,0,23.748794555664062,2712.8876953125,11.830497741699219,11.838210105895996,907.8533935546875,1810.6474609375,49.98373031616211,50.01997756958008,100,0,0,346.3742980957031,0,7.924896240234375,20.2825927734375,20.32965850830078,0,1.034000039100647,0.9067617654800415,50,2.799999952316284,2.2933130264282227,0,0,0,0,0.6218130433693758,0,0,0,0.001693418831564486,-0.0016938367625698447,0,-4.180008659204759e-07,100.29155731201172,100.29159545898438,790.2715454101562,790.2715454101562,790.2715454101562,549.6920776367188,0,0,23.748794555664062,0.0010999999940395355,0.02200000174343586,0.03299999609589577,0.04399999603629112,5655.8173828125,114276.53125,0.0429663360118866,0,3.1392715754918754e-05,348.6841735839844,0,0.0002616529818624258,2.8350639695418067e-05,0,0,23.700000762939453,0,0,1600,0,50,0,0,0,50,50,800,0.0,0.0,0.0,0.0
192,158.1979217529297,309.112548828125,326.0917053222656,326.04461669921875,292.1331787109375,292.18048095703125,16515.818359375,33031.63671875,69.0465316772461,69.0466537475586,1793.9837646484375,3576.80078125,1793.517333984375,3577.311279296875,284.54522705078125,61.98289489746094,2.35090806199878e-06,0,0,2574.66845703125,1291.8809814453125,0,23.749643325805664,2712.8876953125,11.830521583557129,11.838197708129883,907.853271484375,1810.6474609375,49.984004974365234,50.01982498168945,100,0,0,346.37432861328125,0,7.924896240234375,20.28262710571289,20.329692840576172,0,1.034000039100647,0.9067617654800415,50,2.799999952316284,2.2933130264282227,0,0,0,0,0.6025320075593213,0,0,0,0.001693418831564486,-0.0016938367625698447,0,-4.180008659204759e-07,100.29155731201172,100.29159545898438,790.2715454101562,790.2715454101562,790.2715454101562,549.6920776367188,0,0,23.749643325805664,0.0010999999940395355,0.02200000174343586,0.03299999609589577,0.04399999603629112,5655.8173828125,114276.53125,0.0429663360118866,0,3.1392715754918754e-05,350.5049743652344,0,0.0002616529818624258,2.8350639695418067e-05,0,0,23.700000762939453,0,0,1600,0,50,0,0,0,50,50,800,0.0,0.0,0.0,0.0
193,158.197998046875,309.112548828125,326.0917053222656,326.04461669921875,292.1331787109375,292.18048095703125,16515.818359375,33031.63671875,69.0465316772461,69.0466537475586,1793.98095703125,3576.79638671875,1793.517333984375,3577.311279296875,284.5452575683594,61.9830322265625,1.9957176391471876e-06,0,0,2574.668212890625,1291.8809814453125,0,23.74915313720703,2712.8876953125,11.830544471740723,11.83818531036377,907.8530883789062,1810.647216796875,49.984275817871094,50.019676208496094,100,0,0,346.3743591308594,0,7.924896240234375,20.28266143798828,20.32972526550293,0,1.034000039100647,0.9067617654800415,50,2.799999952316284,2.2933130264282227,0,0,0,0,0.5832509717492668,0,0,0,0.001693418831564486,-0.0016938367625698447,0,-4.180008659204759e-07,100.29155731201172,100.29159545898438,790.2715454101562,790.2715454101562,790.2715454101562,549.6920776367188,0,0,23.74915313720703,0.0010999999940395355,0.02200000174343586,0.03299999609589577,0.04399999603629112,5655.8173828125,114276.53125,0.0429663360118866,0,3.1392715754918754e-05,352.3257751464844,0,0.0002616529818624258,2.8350639695418067e-05,0,0,23.700000762939453,0,0,1600,0,50,0,0,0,50,50,800,0.0,0.0,0.0,0.0
194,158.19805908203125,309.1125793457031,326.0917053222656,326.04461669921875,292.1332092285156,292.1805114746094,16515.818359375,33031.63671875,69.04653930664062,69.0466537475586,1793.978759765625,3576.79150390625,1793.517578125,3577.311279296875,284.5453186035156,61.98316192626953,4.785118221661833e-07,0,0,2574.66796875,1291.8812255859375,0,23.750001907348633,2712.8876953125,11.830568313598633,11.83817195892334,907.8530883789062,1810.6468505859375,49.98458480834961,50.019508361816406,100,0,0,346.3743896484375,0,7.924896240234375,20.282695770263672,20.32975959777832,0,1.034000039100647,0.9067617654800415,50,2.799999952316284,2.2933130264282227,0,0,0,0,0.5639699359392123,0,0,0,0.0016913262661546469,-0.0016938367625698447,0,-2.5105780423473334e-06,100.29155731201172,100.29159545898438,790.2715454101562,790.2715454101562,790.2715454101562,549.6920776367188,0,0,23.750001907348633,0.0010999999940395355,0.02200000174343586,0.03299999609589577,0.04399999603629112,5655.8173828125,114276.53125,0.0429663360118866,0,3.1392715754918754e-05,354.1465759277344,0,0.0002616529818624258,2.8350639695418067e-05,0,0,23.700000762939453,0,0,1600,0,50,0,0,0,50,50,800,0.0,0.0,0.0,0.0
195,158.19813537597656,309.1125793457031,326.0917053222656,326.04461669921875,292.1332092285156,292.1805114746094,16515.818359375,33031.63671875,69.04654693603516,69.04666900634766,1793.975341796875,3576.788330078125,1793.520751953125,3577.30810546875,284.5453796386719,61.98329162597656,-1.0386941085016588e-06,0,0,2574.667724609375,1291.8812255859375,0,23.748146057128906,2712.886962890625,11.830592155456543,11.83815860748291,907.8543090820312,1810.649169921875,49.98487854003906,50.01934814453125,100,0,0,346.3744201660156,0,7.924896240234375,20.28272819519043,20.32979393005371,0,1.034000039100647,0.9067617654800415,50,2.799999952316284,2.293313503265381,0,0,0,0,0.5446889629995721,0,0,0,0.0016913262661546469,-0.001693753176368773,0,-2.426887022011215e-06,100.29139709472656,100.29157257080078,790.2713623046875,790.271484375,790.271484375,549.6920776367188,0,0,23.748146057128906,0.0010999999940395355,0.02200000174343586,0.03299999609589577,0.04399999603629112,5655.8173828125,114276.53125,0.0429663360118866,0,3.1392715754918754e-05,355.9673767089844,0,0.0002616529818624258,2.8350639695418067e-05,0,0,23.700000762939453,0,0,1600,0,50,0,0,0,50,50,800,0.0,0.0,0.0,0.0
196,158.1981964111328,309.1125793457031,326.0917053222656,326.04461669921875,292.1332092285156,292.1805114746094,16515.818359375,33031.63671875,69.04655456542969,69.04667663574219,1793.9718017578125,3576.784912109375,1793.5157470703125,3577.31298828125,284.5454406738281,61.98342514038086,-1.9748922568396665e-06,0,0,2574.667724609375,1291.88134765625,0,23.74765396118164,2712.885498046875,11.830615997314453,11.83814525604248,907.852783203125,1810.64892578125,49.985145568847656,50.01921844482422,100,0,0,346.37445068359375,0,7.924896240234375,20.28276252746582,20.3298282623291,0,1.034000039100647,0.9067617654800415,50,2.799999952316284,2.2933149337768555,0,0,0,0,0.5254078957543105,0,0,0,0.0016913262661546469,-0.0016934180166572332,0,-2.091820306304726e-06,100.29129791259766,100.29151153564453,790.2710571289062,790.271240234375,790.271240234375,549.69189453125,0,0,23.74765396118164,0.0010999999940395355,0.02200000174343586,0.03299999609589577,0.04399999603629112,5655.8173828125,114276.53125,0.0429663360118866,0,3.1392715754918754e-05,357.7881774902344,0,0.0002616529818624258,2.8350639695418067e-05,0,0,23.700000762939453,0,0,1600,0,50,0,0,0,50,50,800,0.0,0.0,0.0,0.0
197,158.19825744628906,309.1125793457031,326.0917053222656,326.04461669921875,292.1332092285156,292.1805114746094,16515.818359375,33031.63671875,69.04656219482422,69.04668426513672,1793.9681396484375,3576.77978515625,1793.51513671875,3577.3134765625,284.5455017089844,61.98355484008789,-3.4920979032904143e-06,0,0,2574.667724609375,1291.88134765625,0,23.747161865234375,2712.883544921875,11.830638885498047,11.838133811950684,907.8524169921875,1810.64892578125,49.985389709472656,50.01911926269531,100,0,0,346.3744812011719,0,7.924896240234375,20.28279685974121,20.329862594604492,0,1.034000039100647,0.9067617654800415,50,2.799999952316284,2.29331636428833,0,0,0,0,0.5061268913794631,0,0,0,0.0016913262661546469,-0.0016929992707446218,0,-1.6730627976357937e-06,100.2912368774414,100.29144287109375,790.270751953125,790.2708740234375,790.2708740234375,549.6917114257812,0,0,23.747161865234375,0.0010999999940395355,0.02200000174343586,0.03299999609589577,0.04399999603629112,5655.8173828125,114276.53125,0.0429663360118866,0,3.1392715754918754e-05,359.6089782714844,0,0.0002616529818624258,2.8350639695418067e-05,0,0,23.700000762939453,0,0,1600,0,50,0,0,0,50,50,800,0.0,0.0,0.0,0.0
198,158.19833374023438,309.1125793457031,326.0917053222656,326.04461669921875,292.13323974609375,292.1805419921875,16515.818359375,33031.63671875,69.04656982421875,69.04668426513672,1793.96484375,3576.77685546875,1793.5166015625,3577.312255859375,284.5455322265625,61.98368835449219,-4.428296506375773e-06,0,0,2574.66748046875,1291.88134765625,0,23.74530792236328,2712.882080078125,11.83066177368164,11.838119506835938,907.8521728515625,1810.646240234375,49.98567199707031,50.01896286010742,100,0,0,346.37451171875,0,7.924896240234375,20.2828311920166,20.32989501953125,0,1.034000039100647,0.9067617654800415,50,2.799999952316284,2.2933175563812256,0,0,0,0,0.48684585556940857,0,0,0,0.0016913262661546469,-0.0016926642274484038,0,-1.3379961956161424e-06,100.29122161865234,100.29138946533203,790.2704467773438,790.2706298828125,790.2706298828125,549.6915893554688,0,0,23.74530792236328,0.0010999999940395355,0.02200000174343586,0.03299999609589577,0.04399999603629112,5655.8173828125,114276.53125,0.0429663360118866,0,3.1392715754918754e-05,361.4297790527344,0,0.0002616529818624258,2.8350639695418067e-05,0,0,23.700000762939453,0,0,1600,0,50,0,0,0,50,50,800,0.0,0.0,0.0,0.0
199,158.19839477539062,309.1125793457031,326.0917053222656,326.04461669921875,292.13323974609375,292.1805419921875,16515.818359375,33031.63671875,69.04656982421875,69.04669189453125,1793.96240234375,3576.7724609375,1793.5172119140625,3577.311279296875,284.5455627441406,61.98380661010742,2.9472096230165334e-06,0,0,2574.667236328125,1291.88134765625,0,23.746177673339844,2712.88037109375,11.830683708190918,11.838107109069824,907.852294921875,1810.645751953125,49.986000061035156,50.018798828125,100,0,0,346.3745422363281,0,7.924896240234375,20.282865524291992,20.32992935180664,0,1.034000039100647,0.9067617654800415,50,2.799999952316284,2.2933189868927,0,0,0,0,0.4675648511945612,0,0,0,0.0016913262661546469,-0.0016923293005675077,0,-1.0030810244643362e-06,100.29120635986328,100.29132843017578,790.270263671875,790.2703247070312,790.2703247070312,549.6914672851562,0,0,23.746177673339844,0.0010999999940395355,0.02200000174343586,0.03299999609589577,0.04399999603629112,5655.8173828125,114276.53125,0.0429663360118866,0,3.1392715754918754e-05,363.2505798339844,0,0.0002616529818624258,2.8350639695418067e-05,0,0,23.700000762939453,0,0,1600,0,50,0,0,0,50,50,800,0.0,0.0,0.0,0.0
200,158.19847106933594,309.1125793457031,326.0917053222656,326.04461669921875,292.13323974609375,292.1805419921875,16515.818359375,33031.63671875,69.04657745361328,69.04669189453125,1793.958984375,3576.769287109375,1793.5172119140625,3577.311767578125,284.5456237792969,61.98393249511719,8.48995966862276e-07,0,0,2574.666748046875,1291.88134765625,0,23.745731353759766,2712.8798828125,11.830707550048828,11.838092803955078,907.8521728515625,1810.6456298828125,49.98627853393555,50.01864242553711,100,0,0,346.3746032714844,0,7.924896240234375,20.28289794921875,20.32996368408203,0,1.034000039100647,0.9067617654800415,50,2.799999952316284,2.2933194637298584,0,0,0,0,0.4482838153845067,0,0,0,0.0016913262661546469,-0.0016921617789193988,0,-8.355477234545106e-07,100.29120635986328,100.29130554199219,790.2701416015625,790.2702026367188,790.2702026367188,549.69140625,0,0,23.745731353759766,0.0010999999940395355,0.02200000174343586,0.03299999609589577,0.04399999603629112,5655.8173828125,114276.53125,0.0429663360118866,0,3.1392715754918754e-05,365.0713806152344,0,0.0002616529818624258,2.8350639695418067e-05,0,0,23.700000762939453,0,0,1600,0,50,0,0,0,50,50,800,0.0,0.0,0.0,0.0
201,158.1985321044922,309.1125793457031,326.0917053222656,326.04461669921875,292.13323974609375,292.1805419921875,16515.818359375,33031.63671875,69.04658508300781,69.04669952392578,1793.955810546875,3576.76611328125,1793.5169677734375,3577.311767578125,284.5456848144531,61.98405456542969,-1.8302255284652347e-06,0,0,2574.66650390625,1291.88134765625,0,23.746627807617188,2712.87890625,11.830729484558105,11.838079452514648,907.8519897460938,1810.6455078125,49.98653793334961,50.01848602294922,100,0,0,346.3746337890625,0,7.924896240234375,20.28293228149414,20.329998016357422,0,1.034000039100647,0.9067617654800415,50,2.799999952316284,2.2933201789855957,0,0,0,0,0.42900277957445215,0,0,0,0.0016913262661546469,-0.0016919942572712898,0,-6.680144224446849e-07,100.29119110107422,100.29127502441406,790.27001953125,790.2700805664062,790.2700805664062,549.6912841796875,0,0,23.746627807617188,0.0010999999940395355,0.02200000174343586,0.03299999609589577,0.04399999603629112,5655.8173828125,114276.53125,0.0429663360118866,0,3.1392715754918754e-05,366.8921813964844,0,0.0002616529818624258,2.8350639695418067e-05,0,0,23.700000762939453,0,0,1600,0,50,0,0,0,50,50,800,0.0,0.0,0.0,0.0
202,158.19859313964844,309.1125793457031,326.0917053222656,326.04461669921875,292.13323974609375,292.1805419921875,16515.818359375,33031.63671875,69.04658508300781,69.04670715332031,1793.952392578125,3576.762451171875,1793.516845703125,3577.311767578125,284.5457458496094,61.98417663574219,-4.509447080636164e-06,0,0,2574.66650390625,1291.88134765625,0,23.747520446777344,2712.878173828125,11.830751419067383,11.838065147399902,907.8518676757812,1810.6453857421875,49.9868049621582,50.01832962036133,100,0,0,346.3746643066406,0,7.924896240234375,20.28296661376953,20.33003044128418,0,1.034000039100647,0.9067617654800415,50,2.799999952316284,2.293320894241333,0,0,0,0,0.4097217751996048,0,0,0,0.0016913262661546469,-0.0016918267356231809,0,-5.004811214348592e-07,100.29119110107422,100.29124450683594,790.2698364257812,790.2699584960938,790.2699584960938,549.6912231445312,0,0,23.747520446777344,0.0010999999940395355,0.02200000174343586,0.03299999609589577,0.04399999603629112,5655.8173828125,114276.53125,0.0429663360118866,0,3.1392715754918754e-05,368.7129821777344,0,0.0002616529818624258,2.8350639695418067e-05,0,0,23.700000762939453,0,0,1600,0,50,0,0,0,50,50,800,0.0,0.0,0.0,0.0
203,158.19866943359375,309.1125793457031,326.0917053222656,326.04461669921875,292.13330078125,292.1805419921875,16515.818359375,33031.63671875,69.04658508300781,69.04670715332031,1793.9488525390625,3576.760498046875,1793.5179443359375,3577.31103515625,284.5457763671875,61.98429870605469,3.447066546868882e-06,0,0,2574.666259765625,1291.881591796875,0,23.745710372924805,2712.877685546875,11.83077335357666,11.838050842285156,907.8502807617188,1810.6453857421875,49.98704528808594,50.0181770324707,100,0,0,346.37469482421875,0,7.924896240234375,20.283000946044922,20.33006477355957,0,1.034000039100647,0.9067617654800415,50,2.799999952316284,2.293321371078491,0,0,0,0,0.39044073938955026,0,0,0,0.0016913262661546469,-0.0016917430330067873,0,-4.1679015794215957e-07,100.29119110107422,100.29122924804688,790.2698364257812,790.2698364257812,790.2698364257812,549.6912231445312,0,0,23.745710372924805,0.0010999999940395355,0.02200000174343586,0.03299999609589577,0.04399999603629112,5655.8173828125,114276.53125,0.0429663360118866,0,3.1392715754918754e-05,370.5337829589844,0,0.0002616529818624258,2.8350639695418067e-05,0,0,23.700000762939453,0,0,1600,0,50,0,0,0,50,50,800,0.0,0.0,0.0,0.0
204,158.19873046875,309.1125793457031,326.0917053222656,326.04461669921875,292.13330078125,292.1805419921875,16515.818359375,33031.63671875,69.04658508300781,69.04670715332031,1793.9453125,3576.759033203125,1793.517822265625,3577.31103515625,284.54583740234375,61.98442077636719,7.67845278915047e-07,0,0,2574.666015625,1291.8814697265625,0,23.74660301208496,2712.877685546875,11.830796241760254,11.83803653717041,907.8501586914062,1810.6453857421875,49.9873046875,50.018001556396484,100,0,0,346.3747253417969,0,7.924896240234375,20.28303337097168,20.33009910583496,0,1.034000039100647,0.9067617654800415,50,2.799999952316284,2.293321371078491,0,0,0,0,0.37115970357949574,0,0,0,0.0016913262661546469,-0.0016917430330067873,0,-4.1679015794215957e-07,100.29119110107422,100.29122924804688,790.2698364257812,790.2698364257812,790.2698364257812,549.6912231445312,0,0,23.74660301208496,0.0010999999940395355,0.02200000174343586,0.03299999609589577,0.04399999603629112,5655.8173828125,114276.53125,0.0429663360118866,0,3.1392715754918754e-05,372.3545837402344,0,0.0002616529818624258,2.8350639695418067e-05,0,0,23.700000762939453,0,0,1600,0,50,0,0,0,50,50,800,0.0,0.0,0.0,0.0
205,158.1988067626953,309.1125793457031,326.0917053222656,326.04461669921875,292.13330078125,292.1805419921875,16515.818359375,33031.63671875,69.04659271240234,69.04670715332031,1793.9412841796875,3576.7578125,1793.517333984375,3577.311279296875,284.5458679199219,61.98454666137695,-1.3303684909260483e-06,0,0,2574.665771484375,1291.8814697265625,0,23.744792938232422,2712.877685546875,11.830818176269531,11.838022232055664,907.8497924804688,1810.6453857421875,49.987525939941406,50.017852783203125,100,0,0,346.374755859375,0,7.924896240234375,20.28306770324707,20.33013343811035,0,1.034000039100647,0.9067617654800415,50,2.799999952316284,2.293321371078491,0,0,0,0,0.3518786992046484,0,0,0,0.0016913262661546469,-0.0016917430330067873,0,-4.1679015794215957e-07,100.29119110107422,100.29122924804688,790.2698364257812,790.2698364257812,790.2698364257812,549.6912231445312,0,0,23.744792938232422,0.0010999999940395355,0.02200000174343586,0.03299999609589577,0.04399999603629112,5655.8173828125,114276.53125,0.0429663360118866,0,3.1392715754918754e-05,374.1753845214844,0,0.0002616529818624258,2.8350639695418067e-05,0,0,23.700000762939453,0,0,1600,0,50,0,0,0,50,50,800,0.0,0.0,0.0,0.0
206,158.19886779785156,309.1125793457031,326.0917053222656,326.04461669921875,292.13330078125,292.1805419921875,16515.818359375,33031.63671875,69.04659271240234,69.04670715332031,1793.9383544921875,3576.75537109375,1793.517578125,3577.311279296875,284.5459289550781,61.98466491699219,-4.5905976548965555e-06,0,0,2574.665771484375,1291.8814697265625,0,23.74432373046875,2712.877685546875,11.830840110778809,11.838007926940918,907.8497924804688,1810.64501953125,49.98781967163086,50.01767349243164,100,0,0,346.3747863769531,0,7.924896240234375,20.28310203552246,20.330167770385742,0,1.034000039100647,0.9067617654800415,50,2.799999952316284,2.293321371078491,0,0,0,0,0.3325976633945939,0,0,0,0.0016913262661546469,-0.0016917430330067873,0,-4.1679015794215957e-07,100.29119110107422,100.29122924804688,790.2698364257812,790.2698364257812,790.2698364257812,549.6912231445312,0,0,23.74432373046875,0.0010999999940395355,0.02200000174343586,0.03299999609589577,0.04399999603629112,5655.8173828125,114276.53125,0.0429663360118866,0,3.1392715754918754e-05,375.9961853027344,0,0.0002616529818624258,2.8350639695418067e-05,0,0,23.700000762939453,0,0,1600,0,50,0,0,0,50,50,800,0.0,0.0,0.0,0.0
207,158.19894409179688,309.1125793457031,326.0917053222656,326.04461669921875,292.13330078125,292.1805419921875,16515.818359375,33031.63671875,69.04659271240234,69.04670715332031,1793.93505859375,3576.753662109375,1793.517333984375,3577.311279296875,284.54595947265625,61.98478317260742,2.7849080197484e-06,0,0,2574.66552734375,1291.8814697265625,0,23.74251365661621,2712.877685546875,11.83086109161377,11.837992668151855,907.849609375,1810.6448974609375,49.988067626953125,50.01749801635742,100,0,0,346.37481689453125,0,7.924896240234375,20.28313636779785,20.3302001953125,0,1.034000039100647,0.9067617654800415,50,2.799999952316284,2.293321371078491,0,0,0,0,0.3133166275845394,0,0,0,0.0016913262661546469,-0.0016917430330067873,0,-4.1679015794215957e-07,100.29119110107422,100.29122924804688,790.2698364257812,790.2698364257812,790.2698364257812,549.6912231445312,0,0,23.74251365661621,0.0010999999940395355,0.02200000174343586,0.03299999609589577,0.04399999603629112,5655.8173828125,114276.53125,0.0429663360118866,0,3.1392715754918754e-05,377.8169860839844,0,0.0002616529818624258,2.8350639695418067e-05,0,0,23.700000762939453,0,0,1600,0,50,0,0,0,50,50,800,0.0,0.0,0.0,0.0
208,158.19900512695312,309.1125793457031,326.0917053222656,326.04461669921875,292.13330078125,292.1805419921875,16515.818359375,33031.63671875,69.04659271240234,69.04670715332031,1793.931884765625,3576.751708984375,1793.5172119140625,3577.311279296875,284.5460205078125,61.984901428222656,-4.7532103053526953e-07,0,0,2574.66552734375,1291.8814697265625,0,23.742067337036133,2712.877685546875,11.83088207244873,11.837979316711426,907.8494873046875,1810.644775390625,49.98830795288086,50.017333984375,100,0,0,346.3748474121094,0,7.924896240234375,20.283170700073242,20.33023452758789,0,1.034000039100647,0.9067617654800415,50,2.799999952316284,2.293321371078491,0,0,0,0,0.294035623209692,0,0,0,0.0016913262661546469,-0.0016917430330067873,0,-4.1679015794215957e-07,100.29119110107422,100.29122924804688,790.2698364257812,790.2698364257812,790.2698364257812,549.6912231445312,0,0,23.742067337036133,0.0010999999940395355,0.02200000174343586,0.03299999609589577,0.04399999603629112,5655.8173828125,114276.53125,0.0429663360118866,0,3.1392715754918754e-05,379.6377868652344,0,0.0002616529818624258,2.8350639695418067e-05,0,0,23.700000762939453,0,0,1600,0,50,0,0,0,50,50,800,0.0,0.0,0.0,0.0
209,158.19906616210938,309.1125793457031,326.0917053222656,326.04461669921875,292.13330078125,292.1805419921875,16515.818359375,33031.63671875,69.04659271240234,69.04670715332031,1793.9287109375,3576.750244140625,1793.5172119140625,3577.311279296875,284.54608154296875,61.98503494262695,-1.4115191788732773e-06,0,0,2574.6650390625,1291.8814697265625,0,23.74025535583496,2712.877685546875,11.830901145935059,11.83796501159668,907.849365234375,1810.6446533203125,49.98854064941406,50.01716995239258,100,0,0,346.3749084472656,0,7.924896240234375,20.283203125,20.33026885986328,0,1.034000039100647,0.9067617654800415,50,2.799999952316284,2.293321371078491,0,0,0,0,0.2747545873996375,0,0,0,0.0016913262661546469,-0.0016917430330067873,0,-4.1679015794215957e-07,100.29119110107422,100.29122924804688,790.2698364257812,790.2698364257812,790.2698364257812,549.6912231445312,0,0,23.74025535583496,0.0010999999940395355,0.02200000174343586,0.03299999609589577,0.04399999603629112,5655.8173828125,114276.53125,0.0429663360118866,0,3.1392715754918754e-05,381.4585876464844,0,0.0002616529818624258,2.8350639695418067e-05,0,0,23.700000762939453,0,0,1600,0,50,0,0,0,50,50,800,0.0,0.0,0.0,0.0
210,158.1991424560547,309.1125793457031,326.0917053222656,326.04461669921875,292.13330078125,292.1805419921875,16515.818359375,33031.63671875,69.04659271240234,69.04670715332031,1793.92529296875,3576.74853515625,1793.516845703125,3577.311767578125,284.5461120605469,61.98515319824219,-4.671748683904298e-06,0,0,2574.664794921875,1291.881591796875,0,23.742490768432617,2712.877685546875,11.83092212677002,11.83795166015625,907.84912109375,1810.6446533203125,49.98878479003906,50.01700973510742,100,0,0,346.37493896484375,0,7.924896240234375,20.28323745727539,20.330303192138672,0,1.034000039100647,0.9067617654800415,50,2.799999952316284,2.293321371078491,0,0,0,0,0.25547356730718657,0,0,0,0.0016913262661546469,-0.0016917430330067873,0,-4.1679015794215957e-07,100.29119110107422,100.29122924804688,790.2698364257812,790.2698364257812,790.2698364257812,549.6912231445312,0,0,23.742490768432617,0.0010999999940395355,0.02200000174343586,0.03299999609589577,0.04399999603629112,5655.8173828125,114276.53125,0.0429663360118866,0,3.1392715754918754e-05,383.2793884277344,0,0.0002616529818624258,2.8350639695418067e-05,0,0,23.700000762939453,0,0,1600,0,50,0,0,0,50,50,800,0.0,0.0,0.0,0.0
211,158.19920349121094,309.1125793457031,326.0917053222656,326.04461669921875,292.13330078125,292.1805419921875,16515.818359375,33031.63671875,69.04659271240234,69.04671478271484,1793.9219970703125,3576.747802734375,1793.519775390625,3577.309326171875,284.546142578125,61.98527145385742,2.703757672861684e-06,0,0,2574.66455078125,1291.881591796875,0,23.74204444885254,2712.877685546875,11.83094310760498,11.837936401367188,907.8489379882812,1810.6446533203125,49.9890251159668,50.01683044433594,100,0,0,346.3749694824219,0,7.924896240234375,20.28327178955078,20.33033561706543,0,1.034000039100647,0.9067617654800415,50,2.799999952316284,2.293321371078491,0,0,0,0,0.23619254721473562,0,0,0,0.0016913262661546469,-0.0016917430330067873,0,-4.1679015794215957e-07,100.29119110107422,100.29122924804688,790.2698364257812,790.2698364257812,790.2698364257812,549.6912231445312,0,0,23.74204444885254,0.0010999999940395355,0.02200000174343586,0.03299999609589577,0.04399999603629112,5655.8173828125,114276.53125,0.0429663360118866,0,3.1392715754918754e-05,385.1001892089844,0,0.0002616529818624258,2.8350639695418067e-05,0,0,23.700000762939453,0,0,1600,0,50,0,0,0,50,50,800,0.0,0.0,0.0,0.0
212,158.19927978515625,309.1125793457031,326.0917053222656,326.04461669921875,292.13330078125,292.1805419921875,16515.818359375,33031.63671875,69.04660034179688,69.04671478271484,1793.918212890625,3576.74658203125,1793.519775390625,3577.309326171875,284.54620361328125,61.98539733886719,6.055437893337512e-07,0,0,2574.664306640625,1291.881591796875,0,23.74159812927246,2712.877685546875,11.830964088439941,11.837922096252441,907.8488159179688,1810.64453125,49.98927307128906,50.016666412353516,100,0,0,346.375,0,7.924896240234375,20.283306121826172,20.33036994934082,0,1.034000039100647,0.9067617654800415,50,2.799999952316284,2.293321371078491,0,0,0,0,0.2169115271222847,0,0,0,0.0016913262661546469,-0.0016917430330067873,0,-4.1679015794215957e-07,100.29119110107422,100.29122924804688,790.2698364257812,790.2698364257812,790.2698364257812,549.6912231445312,0,0,23.74159812927246,0.0010999999940395355,0.02200000174343586,0.03299999609589577,0.04399999603629112,5655.8173828125,114276.53125,0.0429663360118866,0,3.1392715754918754e-05,386.9209899902344,0,0.0002616529818624258,2.8350639695418067e-05,0,0,23.700000762939453,0,0,1600,0,50,0,0,0,50,50,800,0.0,0.0,0.0,0.0
213,158.1993408203125,309.1125793457031,326.0917053222656,326.04461669921875,292.1333312988281,292.1805419921875,16515.818359375,33031.63671875,69.04660034179688,69.04672241210938,1793.91455078125,3576.745361328125,1793.51953125,3577.309814453125,284.5462646484375,61.98552322387695,-1.4926697531336686e-06,0,0,2574.664306640625,1291.881591796875,0,23.741127014160156,2712.877685546875,11.830985069274902,11.837907791137695,907.8486328125,1810.64453125,49.98951721191406,50.01650619506836,100,0,0,346.3750305175781,0,7.924896240234375,20.28333854675293,20.33040428161621,0,1.034000039100647,0.9067617654800415,50,2.799999952316284,2.293321371078491,0,0,0,0,0.19763049131223015,0,0,0,0.0016913262661546469,-0.0016917430330067873,0,-4.1679015794215957e-07,100.29119110107422,100.29122924804688,790.2698364257812,790.2698364257812,790.2698364257812,549.6912231445312,0,0,23.741127014160156,0.0010999999940395355,0.02200000174343586,0.03299999609589577,0.04399999603629112,5655.8173828125,114276.53125,0.0429663360118866,0,3.1392715754918754e-05,388.7417907714844,0,0.0002616529818624258,2.8350639695418067e-05,0,0,23.700000762939453,0,0,1600,0,50,0,0,0,50,50,800,0.0,0.0,0.0,0.0
214,158.19940185546875,309.1125793457031,326.0917053222656,326.04461669921875,292.1333312988281,292.1805419921875,16515.818359375,33031.63671875,69.0466079711914,69.04672241210938,1793.91064453125,3576.745361328125,1793.5191650390625,3577.309814453125,284.54632568359375,61.98564147949219,-4.752899258164689e-06,0,0,2574.6640625,1291.881591796875,0,23.740659713745117,2712.877685546875,11.831006050109863,11.83789348602295,907.8484497070312,1810.64453125,49.98976135253906,50.016326904296875,100,0,0,346.37506103515625,0,7.924896240234375,20.28337287902832,20.3304386138916,0,1.034000039100647,0.9067617654800415,50,2.799999952316284,2.293321371078491,0,0,0,0,0.17834947121977923,0,0,0,0.0016913262661546469,-0.0016917430330067873,0,-4.1679015794215957e-07,100.29119110107422,100.29122924804688,790.2698364257812,790.2698364257812,790.2698364257812,549.6912231445312,0,0,23.740659713745117,0.0010999999940395355,0.02200000174343586,0.03299999609589577,0.04399999603629112,5655.8173828125,114276.53125,0.0429663360118866,0,3.1392715754918754e-05,390.5625915527344,0,0.0002616529818624258,2.8350639695418067e-05,0,0,23.700000762939453,0,0,1600,0,50,0,0,0,50,50,800,0.0,0.0,0.0,0.0
215,158.19947814941406,309.11260986328125,326.0917053222656,326.0445861816406,292.13336181640625,292.1806335449219,16515.818359375,33031.63671875,69.0466079711914,69.04672241210938,1793.907958984375,3576.743896484375,1793.517822265625,3577.31103515625,284.5463562011719,61.98575973510742,2.6226068712276174e-06,0,0,2574.6640625,1291.8818359375,0,23.740211486816406,2712.877685546875,11.831025123596191,11.837879180908203,907.848388671875,1810.6419677734375,49.989994049072266,50.01615905761719,100,0,0,346.3751220703125,0,7.924896240234375,20.2834415435791,20.33053970336914,0,1.034000039100647,0.9067617654800415,50,2.799999952316284,2.293321371078491,0,0,0,0,0.1590684511273283,0,0,0,0.0016892337007448077,-0.0016917430330067873,0,-2.509367277525598e-06,100.29119110107422,100.29122924804688,790.2698364257812,790.2698364257812,790.2698364257812,549.6912231445312,0,0,23.740211486816406,0.0010999999940395355,0.02200000174343586,0.03299999609589577,0.04399999603629112,5655.8173828125,114276.53125,0.0429663360118866,0,3.1392715754918754e-05,392.3833923339844,0,0.0002616529818624258,2.8350639695418067e-05,0,0,23.700000762939453,0,0,1600,0,50,0,0,0,50,50,800,0.0,0.0,0.0,0.0
216,158.1995391845703,309.1126708984375,326.0917053222656,326.0445861816406,292.13336181640625,292.1806335449219,16515.818359375,33031.63671875,69.04662322998047,69.0467300415039,1793.90478515625,3576.74267578125,1793.517578125,3577.311279296875,284.5464172363281,61.98589324951172,1.6864087228896096e-06,0,0,2574.663818359375,1291.8817138671875,0,23.738401412963867,2712.877197265625,11.83104419708252,11.837864875793457,907.8507690429688,1810.64697265625,49.99022674560547,50.01599884033203,100,0,0,346.3751525878906,0,7.924896240234375,20.283475875854492,20.33057403564453,0,1.034000039100647,0.9067617654800415,50,2.799999952316284,2.2933218479156494,0,0,0,0,0.13978743103487737,0,0,0,0.001687140902504325,-0.001691659213975072,0,-4.5182532630860806e-06,100.2909164428711,100.29120635986328,790.2695922851562,790.269775390625,790.269775390625,549.6912231445312,0,0,23.738401412963867,0.0010999999940395355,0.02200000174343586,0.03299999609589577,0.04399999603629112,5655.8173828125,114276.53125,0.0429663360118866,0,3.1392715754918754e-05,394.2041931152344,0,0.0002616529818624258,2.8350639695418067e-05,0,0,23.700000762939453,0,0,1600,0,50,0,0,0,50,50,800,0.0,0.0,0.0,0.0
217,158.19961547851562,309.1126708984375,326.0917053222656,326.0445861816406,292.13336181640625,292.1806335449219,16515.818359375,33031.63671875,69.046630859375,69.04673767089844,1793.9010009765625,3576.74072265625,1793.5189208984375,3577.310302734375,284.54644775390625,61.98601531982422,-9.928128292813199e-07,0,0,2574.663330078125,1291.8818359375,0,23.7379093170166,2712.87451171875,11.831064224243164,11.837851524353027,907.8493041992188,1810.6468505859375,49.99049377441406,50.01585006713867,100,0,0,346.3752136230469,0,7.924896240234375,20.28350830078125,20.330608367919922,0,1.034000039100647,0.9067617654800415,50,2.799999952316284,2.2933242321014404,0,0,0,0,0.12050640308362463,0,0,0,0.001687140902504325,-0.0016910728299990296,0,-3.931962510250742e-06,100.29069519042969,100.29110717773438,790.2689819335938,790.2693481445312,790.2693481445312,549.6909790039062,0,0,23.7379093170166,0.0010999999940395355,0.02200000174343586,0.03299999609589577,0.04399999603629112,5655.8173828125,114276.53125,0.0429663360118866,0,3.1392715754918754e-05,396.0249938964844,0,0.0002616529818624258,2.8350639695418067e-05,0,0,23.700000762939453,0,0,1600,0,50,0,0,0,50,50,800,0.0,0.0,0.0,0.0
218,158.19967651367188,309.1126708984375,326.0917053222656,326.0445861816406,292.13336181640625,292.1806335449219,16515.818359375,33031.63671875,69.04663848876953,69.0467529296875,1793.896484375,3576.739013671875,1793.518798828125,3577.310546875,284.5465087890625,61.986141204833984,-3.0910264285921585e-06,0,0,2574.663330078125,1291.882080078125,0,23.737438201904297,2712.87060546875,11.831084251403809,11.837837219238281,907.84912109375,1810.6466064453125,49.99075698852539,50.01571273803711,100,0,0,346.375244140625,0,7.924896240234375,20.28354263305664,20.33064079284668,0,1.034000039100647,0.9067617654800415,50,2.799999952316284,2.2933273315429688,0,0,0,0,0.1012253751323719,0,0,0,0.001687140902504325,-0.0016902353381738067,0,-3.094447265539202e-06,100.29056549072266,100.29096221923828,790.268310546875,790.2686157226562,790.2686157226562,549.6906127929688,0,0,23.737438201904297,0.0010999999940395355,0.02200000174343586,0.03299999609589577,0.04399999603629112,5655.8173828125,114276.53125,0.0429663360118866,0,3.1392715754918754e-05,397.8457946777344,0,0.0002616529818624258,2.8350639695418067e-05,0,0,23.700000762939453,0,0,1600,0,50,0,0,0,50,50,800,0.0,0.0,0.0,0.0
219,158.19973754882812,309.1126708984375,326.0917053222656,326.0445861816406,292.13336181640625,292.1806335449219,16515.818359375,33031.63671875,69.04664611816406,69.04676055908203,1793.89208984375,3576.73828125,1793.5185546875,3577.310546875,284.5465393066406,61.98625564575195,3.703471747940057e-06,0,0,2574.6630859375,1291.882080078125,0,23.73833465576172,2712.866943359375,11.831104278564453,11.837821960449219,907.848876953125,1810.646484375,49.99100875854492,50.01556396484375,100,0,0,346.3752746582031,0,7.924896240234375,20.28357696533203,20.33067512512207,0,1.034000039100647,0.9067617654800415,50,2.799999952316284,2.293330430984497,0,0,0,0,0.08194435503992097,0,0,0,0.001687140902504325,-0.0016894815489649773,0,-2.340623268537456e-06,100.29049682617188,100.29083251953125,790.2677612304688,790.2680053710938,790.2680053710938,549.6903686523438,0,0,23.73833465576172,0.0010999999940395355,0.02200000174343586,0.03299999609589577,0.04399999603629112,5655.8173828125,114276.53125,0.0429663360118866,0,3.1392715754918754e-05,399.6665954589844,0,0.0002616529818624258,2.8350639695418067e-05,0,0,23.700000762939453,0,0,1600,0,50,0,0,0,50,50,800,0.0,0.0,0.0,0.0
220,158.19981384277344,309.1126708984375,326.0917053222656,326.0445861816406,292.13336181640625,292.1806335449219,16515.818359375,33031.63671875,69.0466537475586,69.04676818847656,1793.8880615234375,3576.736328125,1793.5201416015625,3577.30908203125,284.5466003417969,61.98636245727539,-1.2997809335502097e-06,0,0,2574.662841796875,1291.882080078125,0,23.739273071289062,2712.8642578125,11.831123352050781,11.837808609008789,907.8487548828125,1810.6439208984375,49.99127960205078,50.01541519165039,100,0,0,346.37530517578125,0,7.924896240234375,20.283611297607422,20.33070945739746,0,1.034000039100647,0.9067617654800415,50,2.799999952316284,2.293332576751709,0,0,0,0,0.06266332708866823,0,0,0,0.001687140902504325,-0.0016888952814042568,0,-1.7543324020152795e-06,100.29047393798828,100.29073333740234,790.267333984375,790.267578125,790.267578125,549.6900634765625,0,0,23.739273071289062,0.0010999999940395355,0.02200000174343586,0.03299999609589577,0.04399999603629112,5655.8173828125,114276.53125,0.0429663360118866,0,3.1392715754918754e-05,401.4873962402344,0,0.0002616529818624258,2.8350639695418067e-05,0,0,23.700000762939453,0,0,1600,0,50,0,0,0,50,50,800,0.0,0.0,0.0,0.0
221,158.1998748779297,309.1126708984375,326.0917053222656,326.0445861816406,292.1333923339844,292.1806335449219,16515.818359375,33031.63671875,69.04666137695312,69.0467758178711,1793.884521484375,3576.7353515625,1793.5181884765625,3577.31103515625,284.546630859375,61.98646926879883,4.332701792009175e-06,0,0,2574.66259765625,1291.8822021484375,0,23.73887062072754,2712.862060546875,11.831141471862793,11.837794303894043,907.8472290039062,1810.6439208984375,49.99148178100586,50.01527786254883,100,0,0,346.3753356933594,0,7.924896240234375,20.28364372253418,20.33074378967285,0,1.034000039100647,0.9067617654800415,50,2.799999952316284,2.293334484100342,0,0,0,0,0.0433823030668164,0,0,0,0.001687140902504325,-0.0016883928328752518,0,-1.2518838730102289e-06,100.29046630859375,100.2906494140625,790.2670288085938,790.2671508789062,790.2671508789062,549.6898803710938,0,0,23.73887062072754,0.0010999999940395355,0.02200000174343586,0.03299999609589577,0.04399999603629112,5655.8173828125,114276.53125,0.0429663360118866,0,3.1392715754918754e-05,403.3081970214844,0,0.0002616529818624258,2.8350639695418067e-05,0,0,23.700000762939453,0,0,1600,0,50,0,0,0,50,50,800,0.0,0.0,0.0,0.0
222,158.199951171875,309.1126708984375,326.0917053222656,326.0445861816406,292.1333923339844,292.1806335449219,16515.818359375,33031.63671875,69.04666900634766,69.04678344726562,1793.8807373046875,3576.735107421875,1793.517822265625,3577.311279296875,284.54669189453125,61.986572265625,-1.251558728654345e-06,0,0,2574.662353515625,1291.8822021484375,0,23.739830017089844,2712.860595703125,11.831159591674805,11.837779998779297,907.8469848632812,1810.6439208984375,49.99170684814453,50.0151252746582,100,0,0,346.3753662109375,0,7.924896240234375,20.28367805480957,20.330778121948242,0,1.034000039100647,0.9067617654800415,50,2.799999952316284,2.2933359146118164,0,0,0,0,0.024101281009665014,0,0,0,0.001687140902504325,-0.0016880577895790339,0,-9.168172709905775e-07,100.29046630859375,100.29059600830078,790.2667236328125,790.2669067382812,790.2669067382812,549.6897583007812,0,0,23.739830017089844,0.0010999999940395355,0.02200000174343586,0.03299999609589577,0.04399999603629112,5655.8173828125,114276.53125,0.0429663360118866,0,3.1392715754918754e-05,405.1289978027344,0,0.0002616529818624258,2.8350639695418067e-05,0,0,23.700000762939453,0,0,1600,0,50,0,0,0,50,50,800,0.0,0.0,0.0,0.0
223,158.20001220703125,309.1126708984375,326.0917053222656,326.0445861816406,292.1334228515625,292.1806335449219,16515.818359375,33031.63671875,69.04667663574219,69.04679107666016,1793.876953125,3576.734619140625,1793.517578125,3577.311767578125,284.5467224121094,61.98667907714844,4.380923655844526e-06,0,0,2574.662353515625,1291.8822021484375,0,23.739450454711914,2712.859375,11.831178665161133,11.837766647338867,907.8468017578125,1810.6439208984375,49.9919319152832,50.01497268676758,100,0,0,346.3753967285156,0,7.924896240234375,20.28371238708496,20.330810546875,0,1.034000039100647,0.9067617654800415,50,2.799999952316284,2.293336868286133,0,0,0,0,0.004820256005462958,0,0,0,0.001687140902504325,-0.0016878065653145313,0,-6.655929496446333e-07,100.29046630859375,100.2905502319336,790.2666015625,790.2666625976562,790.2666625976562,549.689697265625,0,0,23.739450454711914,0.0010999999940395355,0.02200000174343586,0.03299999609589577,0.04399999603629112,5655.8173828125,114276.53125,0.0429663360118866,0,3.1392715754918754e-05,406.9497985839844,0,0.0002616529818624258,2.8350639695418067e-05,0,0,23.700000762939453,0,0,1600,0,50,0,0,0,50,50,800,0.0,0.0,0.0,0.0
224,158.20008850097656,309.1126708984375,326.0917053222656,326.0445861816406,292.1334228515625,292.1806640625,16515.818359375,33031.63671875,69.04667663574219,69.04679107666016,1793.873291015625,3576.734130859375,1793.5191650390625,3577.310302734375,284.5467529296875,61.98677444458008,-2.365351974731311e-06,0,0,2574.662353515625,1291.8822021484375,0,23.739049911499023,2712.85888671875,11.831196784973145,11.837752342224121,907.8466796875,1810.6412353515625,49.99217224121094,50.01480484008789,100,0,0,346.37542724609375,0,7.924896240234375,20.28374671936035,20.33084487915039,0,1.034000039100647,0.9067617654800415,50,2.799999952316284,2.293337345123291,0,0,0,0,0.0,0,0,0,0.001687140902504325,-0.0016876389272511005,0,-4.980597054782265e-07,100.29046630859375,100.29052734375,790.2664794921875,790.2665405273438,790.2665405273438,549.6896362304688,0,0,23.739049911499023,0.0010999999940395355,0.02200000174343586,0.03299999609589577,0.04399999603629112,5655.8173828125,114276.53125,0.0429663360118866,0,3.1392715754918754e-05,408.7705993652344,0,0.0002616529818624258,2.8350639695418067e-05,0,0,23.700000762939453,0,0,1600,0,50,0,0,0,50,50,800,0.0,0.0,0.0,0.0
225,158.2001495361328,309.1126708984375,326.0917053222656,326.0445861816406,292.1334228515625,292.1806640625,16515.818359375,33031.63671875,69.04668426513672,69.04679107666016,1793.8699951171875,3576.734619140625,1793.518798828125,3577.310302734375,284.5467834472656,61.98687744140625,2.6861227979679825e-06,0,0,2574.662109375,1291.88232421875,0,23.738691329956055,2712.85791015625,11.83121395111084,11.837737083435059,907.8464965820312,1810.641357421875,49.99237823486328,50.01463317871094,100,0,0,346.3754577636719,0,7.924896240234375,20.283781051635742,20.33087921142578,0,1.034000039100647,0.9067617654800415,50,2.799999952316284,2.2933380603790283,0,0,0,0,0.0,0,0,0,0.001687140902504325,-0.0016874714056029916,0,-3.3052637604669144e-07,100.29046630859375,100.29049682617188,790.2664184570312,790.2664184570312,790.2664184570312,549.6895751953125,0,0,23.738691329956055,0.0010999999940395355,0.02200000174343586,0.03299999609589577,0.04399999603629112,5655.8173828125,114276.53125,0.0429663360118866,0,3.1392715754918754e-05,410.5914001464844,0,0.0002616529818624258,2.8350639695418067e-05,0,0,23.700000762939453,0,0,1600,0,50,0,0,0,50,50,800,0.0,0.0,0.0,0.0
226,158.20021057128906,309.1126708984375,326.0917053222656,326.0445861816406,292.1334228515625,292.1806640625,16515.818359375,33031.63671875,69.04668426513672,69.04679107666016,1793.8665771484375,3576.734130859375,1793.521728515625,3577.30712890625,284.5468444824219,61.986976623535156,-3.4791455618687905e-06,0,0,2574.661865234375,1291.88232421875,0,23.736948013305664,2712.85791015625,11.831233024597168,11.837723731994629,907.846435546875,1810.6412353515625,49.99262619018555,50.01445007324219,100,0,0,346.3755187988281,0,7.924896240234375,20.2838134765625,20.330913543701172,0,1.034000039100647,0.9067617654800415,50,2.799999952316284,2.2933380603790283,0,0,0,0,0.0,0,0,0,0.001687140902504325,-0.0016874714056029916,0,-3.3052637604669144e-07,100.29046630859375,100.29049682617188,790.2664184570312,790.2664184570312,790.2664184570312,549.6895751953125,0,0,23.736948013305664,0.0010999999940395355,0.02200000174343586,0.03299999609589577,0.04399999603629112,5655.8173828125,114276.53125,0.0429663360118866,0,3.1392715754918754e-05,412.4122009277344,0,0.0002616529818624258,2.8350639695418067e-05,0,0,23.700000762939453,0,0,1600,0,50,0,0,0,50,50,800,0.0,0.0,0.0,0.0
227,158.20028686523438,309.1126708984375,326.0917053222656,326.0445861816406,292.1334228515625,292.1806640625,16515.818359375,33031.63671875,69.04668426513672,69.04679107666016,1793.8629150390625,3576.734619140625,1793.5216064453125,3577.307373046875,284.546875,61.98706817626953,-1.7069385194190545e-07,0,0,2574.661376953125,1291.88232421875,0,23.737930297851562,2712.85791015625,11.831250190734863,11.837709426879883,907.8462524414062,1810.6412353515625,49.99283218383789,50.01428985595703,100,0,0,346.37554931640625,0,7.924896240234375,20.28384780883789,20.33094596862793,0,1.034000039100647,0.9067617654800415,50,2.799999952316284,2.2933380603790283,0,0,0,0,0.0,0,0,0,0.001687140902504325,-0.0016874714056029916,0,-3.3052637604669144e-07,100.29046630859375,100.29049682617188,790.2664184570312,790.2664184570312,790.2664184570312,549.6895751953125,0,0,23.737930297851562,0.0010999999940395355,0.02200000174343586,0.03299999609589577,0.04399999603629112,5655.8173828125,114276.53125,0.0429663360118866,0,3.1392715754918754e-05,414.2330017089844,0,0.0002616529818624258,2.8350639695418067e-05,0,0,23.700000762939453,0,0,1600,0,50,0,0,0,50,50,800,0.0,0.0,0.0,0.0
228,158.20034790039062,309.1126708984375,326.0917053222656,326.0445861816406,292.1334228515625,292.1806640625,16515.818359375,33031.63671875,69.04668426513672,69.04679107666016,1793.859130859375,3576.73583984375,1793.5213623046875,3577.307373046875,284.5469055175781,61.98716735839844,4.299773081584135e-06,0,0,2574.6611328125,1291.88232421875,0,23.73623275756836,2712.85791015625,11.831268310546875,11.83769416809082,907.8461303710938,1810.6412353515625,49.99303436279297,50.01411056518555,100,0,0,346.3755798339844,0,7.924896240234375,20.28388214111328,20.33098030090332,0,1.034000039100647,0.9067617654800415,50,2.799999952316284,2.2933380603790283,0,0,0,0,0.0,0,0,0,0.001687140902504325,-0.0016874714056029916,0,-3.3052637604669144e-07,100.29046630859375,100.29049682617188,790.2664184570312,790.2664184570312,790.2664184570312,549.6895751953125,0,0,23.73623275756836,0.0010999999940395355,0.02200000174343586,0.03299999609589577,0.04399999603629112,5655.8173828125,114276.53125,0.0429663360118866,0,3.1392715754918754e-05,416.0538024902344,0,0.0002616529818624258,2.8350639695418067e-05,0,0,23.700000762939453,0,0,1600,0,50,0,0,0,50,50,800,0.0,0.0,0.0,0.0
229,158.20042419433594,309.1126708984375,326.0917053222656,326.0445861816406,292.1334228515625,292.1806640625,16515.818359375,33031.63671875,69.04668426513672,69.04679107666016,1793.8558349609375,3576.736328125,1793.5211181640625,3577.307861328125,284.5469665527344,61.98727035522461,-1.2844872117057093e-06,0,0,2574.6611328125,1291.88232421875,0,23.73721694946289,2712.85791015625,11.831284523010254,11.837679862976074,907.845947265625,1810.6412353515625,49.993221282958984,50.01395034790039,100,0,0,346.3756103515625,0,7.924896240234375,20.283916473388672,20.33101463317871,0,1.034000039100647,0.9067617654800415,50,2.799999952316284,2.2933380603790283,0,0,0,0,0.0,0,0,0,0.001687140902504325,-0.0016874714056029916,0,-3.3052637604669144e-07,100.29046630859375,100.29049682617188,790.2664184570312,790.2664184570312,790.2664184570312,549.6895751953125,0,0,23.73721694946289,0.0010999999940395355,0.02200000174343586,0.03299999609589577,0.04399999603629112,5655.8173828125,114276.53125,0.0429663360118866,0,3.1392715754918754e-05,417.8746032714844,0,0.0002616529818624258,2.8350639695418067e-05,0,0,23.700000762939453,0,0,1600,0,50,0,0,0,50,50,800,0.0,0.0,0.0,0.0
230,158.2004852294922,309.1126708984375,326.0917053222656,326.0445861816406,292.1334228515625,292.1806640625,16515.818359375,33031.63671875,69.04668426513672,69.04679107666016,1793.85205078125,3576.736572265625,1793.52099609375,3577.30810546875,284.5469970703125,61.98736572265625,2.6049719963339157e-06,0,0,2574.660888671875,1291.88232421875,0,23.73683738708496,2712.85791015625,11.83130168914795,11.837666511535645,907.8458251953125,1810.6412353515625,49.99342346191406,50.01378631591797,100,0,0,346.3756408691406,0,7.924896240234375,20.28394889831543,20.3310489654541,0,1.034000039100647,0.9067617654800415,50,2.799999952316284,2.2933380603790283,0,0,0,0,0.0,0,0,0,0.001687140902504325,-0.0016874714056029916,0,-3.3052637604669144e-07,100.29046630859375,100.29049682617188,790.2664184570312,790.2664184570312,790.2664184570312,549.6895751953125,0,0,23.73683738708496,0.0010999999940395355,0.02200000174343586,0.03299999609589577,0.04399999603629112,5655.8173828125,114276.53125,0.0429663360118866,0,3.1392715754918754e-05,419.6954040527344,0,0.0002616529818624258,2.8350639695418067e-05,0,0,23.700000762939453,0,0,1600,0,50,0,0,0,50,50,800,0.0,0.0,0.0,0.0
231,158.20054626464844,309.1126708984375,326.0917053222656,326.0445861816406,292.1334228515625,292.1806640625,16515.818359375,33031.63671875,69.04668426513672,69.04679107666016,1793.848388671875,3576.7373046875,1793.5206298828125,3577.30810546875,284.5470275878906,61.98747253417969,-2.3982804577826755e-06,0,0,2574.66064453125,1291.88232421875,0,23.736478805541992,2712.85791015625,11.831317901611328,11.837652206420898,907.8455810546875,1810.641357421875,49.993614196777344,50.01362609863281,100,0,0,346.37567138671875,0,7.924896240234375,20.28398323059082,20.331083297729492,0,1.034000039100647,0.9067617654800415,50,2.799999952316284,2.2933380603790283,0,0,0,0,0.0,0,0,0,0.001687140902504325,-0.0016874714056029916,0,-3.3052637604669144e-07,100.29046630859375,100.29049682617188,790.2664184570312,790.2664184570312,790.2664184570312,549.6895751953125,0,0,23.736478805541992,0.0010999999940395355,0.02200000174343586,0.03299999609589577,0.04399999603629112,5655.8173828125,114276.53125,0.0429663360118866,0,3.1392715754918754e-05,421.5162048339844,0,0.0002616529818624258,2.8350639695418067e-05,0,0,23.700000762939453,0,0,1600,0,50,0,0,0,50,50,800,0.0,0.0,0.0,0.0
232,158.20062255859375,309.1126708984375,326.0917053222656,326.0445861816406,292.1334228515625,292.1806640625,16515.818359375,33031.63671875,69.04668426513672,69.04679107666016,1793.844482421875,3576.738525390625,1793.5201416015625,3577.30859375,284.54705810546875,61.987571716308594,2.0721865894302027e-06,0,0,2574.660400390625,1291.88232421875,0,23.737438201904297,2712.85791015625,11.831335067749023,11.837636947631836,907.8453979492188,1810.6414794921875,49.993812561035156,50.013450622558594,100,0,0,346.3757019042969,0,7.924896240234375,20.28401756286621,20.33111572265625,0,1.034000039100647,0.9067617654800415,50,2.799999952316284,2.2933380603790283,0,0,0,0,0.0,0,0,0,0.001687140902504325,-0.0016874714056029916,0,-3.3052637604669144e-07,100.29046630859375,100.29049682617188,790.2664184570312,790.2664184570312,790.2664184570312,549.6895751953125,0,0,23.737438201904297,0.0010999999940395355,0.02200000174343586,0.03299999609589577,0.04399999603629112,5655.8173828125,114276.53125,0.0429663360118866,0,3.1392715754918754e-05,423.3370056152344,0,0.0002616529818624258,2.8350639695418067e-05,0,0,23.700000762939453,0,0,1600,0,50,0,0,0,50,50,800,0.0,0.0,0.0,0.0
233,158.20068359375,309.1126708984375,326.0917053222656,326.0445861816406,292.1334533691406,292.1806640625,16515.818359375,33031.63671875,69.04668426513672,69.04679107666016,1793.8411865234375,3576.739501953125,1793.5216064453125,3577.307373046875,284.5470886230469,61.98765563964844,4.218622507323744e-06,0,0,2574.66015625,1291.882568359375,0,23.73978614807129,2712.85791015625,11.831351280212402,11.837623596191406,907.8439331054688,1810.641357421875,49.9940185546875,50.01327896118164,100,0,0,346.375732421875,0,7.924896240234375,20.2840518951416,20.33115005493164,0,1.034000039100647,0.9067617654800415,50,2.799999952316284,2.2933380603790283,0,0,0,0,0.0,0,0,0,0.001687140902504325,-0.0016874714056029916,0,-3.3052637604669144e-07,100.29046630859375,100.29049682617188,790.2664184570312,790.2664184570312,790.2664184570312,549.6895751953125,0,0,23.73978614807129,0.0010999999940395355,0.02200000174343586,0.03299999609589577,0.04399999603629112,5655.8173828125,114276.53125,0.0429663360118866,0,3.1392715754918754e-05,425.1578063964844,0,0.0002616529818624258,2.8350639695418067e-05,0,0,23.700000762939453,0,0,1600,0,50,0,0,0,50,50,800,0.0,0.0,0.0,0.0
234,158.2007598876953,309.1126708984375,326.0917053222656,326.0445861816406,292.1334533691406,292.1806640625,16515.818359375,33031.63671875,69.04668426513672,69.04679107666016,1793.837890625,3576.74072265625,1793.5213623046875,3577.307861328125,284.5471496582031,61.98775100708008,-2.5276535779994447e-06,0,0,2574.66015625,1291.882568359375,0,23.735383987426758,2712.85791015625,11.831367492675781,11.83760929107666,907.8438110351562,1810.6414794921875,49.99420928955078,50.01311492919922,100,0,0,346.3757629394531,0,7.924896240234375,20.284086227416992,20.33118438720703,0,1.034000039100647,0.9067617654800415,50,2.799999952316284,2.2933380603790283,0,0,0,0,0.0,0,0,0,0.001687140902504325,-0.0016874714056029916,0,-3.3052637604669144e-07,100.29046630859375,100.29049682617188,790.2664184570312,790.2664184570312,790.2664184570312,549.6895751953125,0,0,23.735383987426758,0.0010999999940395355,0.02200000174343586,0.03299999609589577,0.04399999603629112,5655.8173828125,114276.53125,0.0429663360118866,0,3.1392715754918754e-05,426.9786071777344,0,0.0002616529818624258,2.8350639695418067e-05,0,0,23.700000762939453,0,0,1600,0,50,0,0,0,50,50,800,0.0,0.0,0.0,0.0
235,158.20082092285156,309.1126708984375,326.0917053222656,326.0445861816406,292.1334533691406,292.1806640625,16515.818359375,33031.63671875,69.04668426513672,69.04679107666016,1793.8338623046875,3576.74267578125,1793.5211181640625,3577.307861328125,284.54718017578125,61.98785400390625,2.5238214220735244e-06,0,0,2574.66015625,1291.882568359375,0,23.733661651611328,2712.85791015625,11.83138370513916,11.837594032287598,907.8436279296875,1810.6414794921875,49.9943962097168,50.012939453125,100,0,0,346.3758239746094,0,7.924896240234375,20.28411865234375,20.331218719482422,0,1.034000039100647,0.9067617654800415,50,2.799999952316284,2.2933380603790283,0,0,0,0,0.0,0,0,0,0.001687140902504325,-0.0016874714056029916,0,-3.3052637604669144e-07,100.29046630859375,100.29049682617188,790.2664184570312,790.2664184570312,790.2664184570312,549.6895751953125,0,0,23.733661651611328,0.0010999999940395355,0.02200000174343586,0.03299999609589577,0.04399999603629112,5655.8173828125,114276.53125,0.0429663360118866,0,3.1392715754918754e-05,428.7994079589844,0,0.0002616529818624258,2.8350639695418067e-05,0,0,23.700000762939453,0,0,1600,0,50,0,0,0,50,50,800,0.0,0.0,0.0,0.0
236,158.2008819580078,309.1126708984375,326.0917053222656,326.0445861816406,292.1334533691406,292.1806640625,16515.818359375,33031.63671875,69.04668426513672,69.04679107666016,1793.830322265625,3576.743896484375,1793.520751953125,3577.30810546875,284.5472412109375,61.987953186035156,-3.641446710389573e-06,0,0,2574.65966796875,1291.882568359375,0,23.7332820892334,2712.85791015625,11.831398963928223,11.837580680847168,907.843505859375,1810.6416015625,49.99456787109375,50.012779235839844,100,0,0,346.3758544921875,0,7.924896240234375,20.28415298461914,20.33125114440918,0,1.034000039100647,0.9067617654800415,50,2.799999952316284,2.2933380603790283,0,0,0,0,0.0,0,0,0,0.001687140902504325,-0.0016874714056029916,0,-3.3052637604669144e-07,100.29046630859375,100.29049682617188,790.2664184570312,790.2664184570312,790.2664184570312,549.6895751953125,0,0,23.7332820892334,0.0010999999940395355,0.02200000174343586,0.03299999609589577,0.04399999603629112,5655.8173828125,114276.53125,0.0429663360118866,0,3.1392715754918754e-05,430.6202087402344,0,0.0002616529818624258,2.8350639695418067e-05,0,0,23.700000762939453,0,0,1600,0,50,0,0,0,50,50,800,0.0,0.0,0.0,0.0
237,158.20095825195312,309.1126708984375,326.0917053222656,326.0445861816406,292.13348388671875,292.1806640625,16515.818359375,33031.63671875,69.04668426513672,69.04679107666016,1793.826904296875,3576.744873046875,1793.5203857421875,3577.30859375,284.5472717285156,61.98805618286133,1.4100280623097206e-06,0,0,2574.659423828125,1291.882568359375,0,23.73290252685547,2712.85791015625,11.831414222717285,11.837566375732422,907.8432006835938,1810.6417236328125,49.99474334716797,50.01261520385742,100,0,0,346.3758850097656,0,7.924896240234375,20.28418731689453,20.33128547668457,0,1.034000039100647,0.9067617654800415,50,2.799999952316284,2.2933380603790283,0,0,0,0,0.0,0,0,0,0.001687140902504325,-0.0016874714056029916,0,-3.3052637604669144e-07,100.29046630859375,100.29049682617188,790.2664184570312,790.2664184570312,790.2664184570312,549.6895751953125,0,0,23.73290252685547,0.0010999999940395355,0.02200000174343586,0.03299999609589577,0.04399999603629112,5655.8173828125,114276.53125,0.0429663360118866,0,3.1392715754918754e-05,432.4410095214844,0,0.0002616529818624258,2.8350639695418067e-05,0,0,23.700000762939453,0,0,1600,0,50,0,0,0,50,50,800,0.0,0.0,0.0,0.0
238,158.20101928710938,309.1126708984375,326.0917053222656,326.0445861816406,292.13348388671875,292.1806640625,16515.818359375,33031.63671875,69.04668426513672,69.04679107666016,1793.8228759765625,3576.74609375,1793.52001953125,3577.30908203125,284.54730224609375,61.988155364990234,-4.7552402975270525e-06,0,0,2574.6591796875,1291.882568359375,0,23.732521057128906,2712.85791015625,11.831430435180664,11.837552070617676,907.843017578125,1810.6419677734375,49.99493408203125,50.012454986572266,100,0,0,346.37591552734375,0,7.924896240234375,20.284221649169922,20.33131980895996,0,1.034000039100647,0.9067617654800415,50,2.799999952316284,2.2933380603790283,0,0,0,0,0.0,0,0,0,0.001687140902504325,-0.0016874714056029916,0,-3.3052637604669144e-07,100.29046630859375,100.29049682617188,790.2664184570312,790.2664184570312,790.2664184570312,549.6895751953125,0,0,23.732521057128906,0.0010999999940395355,0.02200000174343586,0.03299999609589577,0.04399999603629112,5655.8173828125,114276.53125,0.0429663360118866,0,3.1392715754918754e-05,434.2618103027344,0,0.0002616529818624258,2.8350639695418067e-05,0,0,23.700000762939453,0,0,1600,0,50,0,0,0,50,50,800,0.0,0.0,0.0,0.0
239,158.2010955810547,309.1126708984375,326.0917053222656,326.0445861816406,292.13348388671875,292.1806640625,16515.818359375,33031.63671875,69.04668426513672,69.04679107666016,1793.819580078125,3576.748291015625,1793.519775390625,3577.30908203125,284.5473327636719,61.988258361816406,2.962347309676261e-07,0,0,2574.658935546875,1291.882568359375,0,23.733505249023438,2712.85791015625,11.831445693969727,11.83753776550293,907.8428344726562,1810.6419677734375,49.9951057434082,50.01227951049805,100,0,0,346.3759460449219,0,7.924896240234375,20.28425407409668,20.33135414123535,0,1.034000039100647,0.9067617654800415,50,2.799999952316284,2.2933380603790283,0,0,0,0,0.0,0,0,0,0.001687140902504325,-0.0016874714056029916,0,-3.3052637604669144e-07,100.29046630859375,100.29049682617188,790.2664184570312,790.2664184570312,790.2664184570312,549.6895751953125,0,0,23.733505249023438,0.0010999999940395355,0.02200000174343586,0.03299999609589577,0.04399999603629112,5655.8173828125,114276.53125,0.0429663360118866,0,3.1392715754918754e-05,436.0826110839844,0,0.0002616529818624258,2.8350639695418067e-05,0,0,23.700000762939453,0,0,1600,0,50,0,0,0,50,50,800,0.0,0.0,0.0,0.0
240,158.20115661621094,309.1126708984375,326.0917053222656,326.0445861816406,292.13348388671875,292.1806640625,16515.818359375,33031.63671875,69.04668426513672,69.04679107666016,1793.8153076171875,3576.750244140625,1793.5194091796875,3577.309326171875,284.54736328125,61.98835372924805,4.185693796898704e-06,0,0,2574.658935546875,1291.8826904296875,0,23.73448944091797,2712.85791015625,11.831461906433105,11.837523460388184,907.8426513671875,1810.64208984375,49.995296478271484,50.012115478515625,100,0,0,346.3759765625,0,7.924896240234375,20.28428840637207,20.331388473510742,0,1.034000039100647,0.9067617654800415,50,2.799999952316284,2.2933380603790283,0,0,0,0,0.0,0,0,0,0.001687140902504325,-0.0016874714056029916,0,-3.3052637604669144e-07,100.29046630859375,100.29049682617188,790.2664184570312,790.2664184570312,790.2664184570312,549.6895751953125,0,0,23.73448944091797,0.0010999999940395355,0.02200000174343586,0.03299999609589577,0.04399999603629112,5655.8173828125,114276.53125,0.0429663360118866,0,3.1392715754918754e-05,437.9034118652344,0,0.0002616529818624258,2.8350639695418067e-05,0,0,23.700000762939453,0,0,1600,0,50,0,0,0,50,50,800,0.0,0.0,0.0,0.0
241,158.20123291015625,309.1126708984375,326.0917053222656,326.0445861816406,292.13348388671875,292.1806640625,16515.818359375,33031.63671875,69.04668426513672,69.04679107666016,1793.8115234375,3576.751708984375,1793.5191650390625,3577.309814453125,284.54742431640625,61.98845672607422,-1.3985663827043027e-06,0,0,2574.65869140625,1291.8826904296875,0,23.73276710510254,2712.85791015625,11.831477165222168,11.837509155273438,907.8424072265625,1810.6422119140625,49.99546432495117,50.01195526123047,100,0,0,346.3760070800781,0,7.924896240234375,20.28432273864746,20.3314208984375,0,1.034000039100647,0.9067617654800415,50,2.799999952316284,2.2933380603790283,0,0,0,0,0.0,0,0,0,0.001687140902504325,-0.0016874714056029916,0,-3.3052637604669144e-07,100.29046630859375,100.29049682617188,790.2664184570312,790.2664184570312,790.2664184570312,549.6895751953125,0,0,23.73276710510254,0.0010999999940395355,0.02200000174343586,0.03299999609589577,0.04399999603629112,5655.8173828125,114276.53125,0.0429663360118866,0,3.1392715754918754e-05,439.7242126464844,0,0.0002616529818624258,2.8350639695418067e-05,0,0,23.700000762939453,0,0,1600,0,50,0,0,0,50,50,800,0.0,0.0,0.0,0.0
242,158.2012939453125,309.1126708984375,326.0917053222656,326.0445861816406,292.13348388671875,292.1806640625,16515.818359375,33031.63671875,69.04668426513672,69.04679107666016,1793.80810546875,3576.754638671875,1793.518798828125,3577.310302734375,284.5474548339844,61.988555908203125,3.0719006645085756e-06,0,0,2574.658447265625,1291.8826904296875,0,23.73238754272461,2712.85791015625,11.831491470336914,11.837493896484375,907.8422241210938,1810.642333984375,49.995628356933594,50.011775970458984,100,0,0,346.37603759765625,0,7.924896240234375,20.28435707092285,20.33145523071289,0,1.034000039100647,0.9067617654800415,50,2.799999952316284,2.2933380603790283,0,0,0,0,0.0,0,0,0,0.001687140902504325,-0.0016874714056029916,0,-3.3052637604669144e-07,100.29046630859375,100.29049682617188,790.2664184570312,790.2664184570312,790.2664184570312,549.6895751953125,0,0,23.73238754272461,0.0010999999940395355,0.02200000174343586,0.03299999609589577,0.04399999603629112,5655.8173828125,114276.53125,0.0429663360118866,0,3.1392715754918754e-05,441.5450134277344,0,0.0002616529818624258,2.8350639695418067e-05,0,0,23.700000762939453,0,0,1600,0,50,0,0,0,50,50,800,0.0,0.0,0.0,0.0
243,158.20135498046875,309.1126708984375,326.0917053222656,326.0445861816406,292.13348388671875,292.1806640625,16515.818359375,33031.63671875,69.04669189453125,69.04679107666016,1793.8043212890625,3576.756103515625,1793.5185546875,3577.310546875,284.5475158691406,61.988651275634766,-3.6743751934409374e-06,0,0,2574.658447265625,1291.882568359375,0,23.73200798034668,2712.85791015625,11.83150577545166,11.837480545043945,907.8421020507812,1810.6424560546875,49.99580001831055,50.01161575317383,100,0,0,346.3760681152344,0,7.924896240234375,20.284391403198242,20.33148956298828,0,1.034000039100647,0.9067617654800415,50,2.799999952316284,2.2933380603790283,0,0,0,0,0.0,0,0,0,0.001687140902504325,-0.0016874714056029916,0,-3.3052637604669144e-07,100.29046630859375,100.29049682617188,790.2664184570312,790.2664184570312,790.2664184570312,549.6895751953125,0,0,23.73200798034668,0.0010999999940395355,0.02200000174343586,0.03299999609589577,0.04399999603629112,5655.8173828125,114276.53125,0.0429663360118866,0,3.1392715754918754e-05,443.3658142089844,0,0.0002616529818624258,2.8350639695418067e-05,0,0,23.700000762939453,0,0,1600,0,50,0,0,0,50,50,800,0.0,0.0,0.0,0.0
244,158.20143127441406,309.1126708984375,326.0917053222656,326.0445861816406,292.13348388671875,292.1806640625,16515.818359375,33031.63671875,69.04669189453125,69.04679107666016,1793.8016357421875,3576.7578125,1793.5216064453125,3577.307373046875,284.54754638671875,61.98875427246094,1.3770995792583562e-06,0,0,2574.657958984375,1291.882568359375,0,23.728923797607422,2712.85791015625,11.831520080566406,11.8374662399292,907.842041015625,1810.642333984375,49.995994567871094,50.011436462402344,100,0,0,346.3761291503906,0,7.924896240234375,20.284423828125,20.331523895263672,0,1.034000039100647,0.9067617654800415,50,2.799999952316284,2.2933380603790283,0,0,0,0,0.0,0,0,0,0.001687140902504325,-0.0016874714056029916,0,-3.3052637604669144e-07,100.29046630859375,100.29049682617188,790.2664184570312,790.2664184570312,790.2664184570312,549.6895751953125,0,0,23.728923797607422,0.0010999999940395355,0.02200000174343586,0.03299999609589577,0.04399999603629112,5655.8173828125,114276.53125,0.0429663360118866,0,3.1392715754918754e-05,445.1866149902344,0,0.0002616529818624258,2.8350639695418067e-05,0,0,23.700000762939453,0,0,1600,0,50,0,0,0,50,50,800,0.0,0.0,0.0,0.0
245,158.2014923095703,309.1126708984375,326.0917053222656,326.0445861816406,292.13348388671875,292.1806640625,16515.818359375,33031.63671875,69.04669189453125,69.04679107666016,1793.7979736328125,3576.76025390625,1793.5211181640625,3577.307861328125,284.547607421875,61.988853454589844,-4.788168553204741e-06,0,0,2574.65771484375,1291.882568359375,0,23.729907989501953,2712.85791015625,11.831534385681152,11.83745288848877,907.8418579101562,1810.6424560546875,49.996158599853516,50.01127243041992,100,0,0,346.37615966796875,0,7.924896240234375,20.28445816040039,20.33155632019043,0,1.034000039100647,0.9067617654800415,50,2.799999952316284,2.2933380603790283,0,0,0,0,0.0,0,0,0,0.001687140902504325,-0.0016874714056029916,0,-3.3052637604669144e-07,100.29046630859375,100.29049682617188,790.2664184570312,790.2664184570312,790.2664184570312,549.6895751953125,0,0,23.729907989501953,0.0010999999940395355,0.02200000174343586,0.03299999609589577,0.04399999603629112,5655.8173828125,114276.53125,0.0429663360118866,0,3.1392715754918754e-05,447.0074157714844,0,0.0002616529818624258,2.8350639695418067e-05,0,0,23.700000762939453,0,0,1600,0,50,0,0,0,50,50,800,0.0,0.0,0.0,0.0
246,158.20156860351562,309.1126708984375,326.0917053222656,326.0445861816406,292.13348388671875,292.1806640625,16515.818359375,33031.63671875,69.04669189453125,69.04679107666016,1793.794189453125,3576.762939453125,1793.52099609375,3577.307861328125,284.547607421875,61.988956451416016,2.633062479162618e-07,0,0,2574.65771484375,1291.882568359375,0,23.729528427124023,2712.85791015625,11.831547737121582,11.837437629699707,907.8417358398438,1810.642578125,49.99631881713867,50.0110969543457,100,0,0,346.3761901855469,0,7.924896240234375,20.28449249267578,20.33159065246582,0,1.034000039100647,0.9067617654800415,50,2.799999952316284,2.2933380603790283,0,0,0,0,0.0,0,0,0,0.001687140902504325,-0.0016874714056029916,0,-3.3052637604669144e-07,100.29046630859375,100.29049682617188,790.2664184570312,790.2664184570312,790.2664184570312,549.6895751953125,0,0,23.729528427124023,0.0010999999940395355,0.02200000174343586,0.03299999609589577,0.04399999603629112,5655.8173828125,114276.53125,0.0429663360118866,0,3.1392715754918754e-05,448.8282165527344,0,0.0002616529818624258,2.8350639695418067e-05,0,0,23.700000762939453,0,0,1600,0,50,0,0,0,50,50,800,0.0,0.0,0.0,0.0
247,158.20162963867188,309.1126708984375,326.0917053222656,326.0445861816406,292.1335144042969,292.1806640625,16515.818359375,33031.63671875,69.04669189453125,69.04679107666016,1793.7904052734375,3576.765380859375,1793.5203857421875,3577.30810546875,284.5476379394531,61.98905563354492,4.733773039333755e-06,0,0,2574.657470703125,1291.882568359375,0,23.730510711669922,2712.85791015625,11.831562995910645,11.837423324584961,907.8414306640625,1810.6427001953125,49.99649429321289,50.01093673706055,100,0,0,346.376220703125,0,7.924896240234375,20.284526824951172,20.33162498474121,0,1.034000039100647,0.9067617654800415,50,2.799999952316284,2.2933380603790283,0,0,0,0,0.0,0,0,0,0.001687140902504325,-0.0016874714056029916,0,-3.3052637604669144e-07,100.29046630859375,100.29049682617188,790.2664184570312,790.2664184570312,790.2664184570312,549.6895751953125,0,0,23.730510711669922,0.0010999999940395355,0.02200000174343586,0.03299999609589577,0.04399999603629112,5655.8173828125,114276.53125,0.0429663360118866,0,3.1392715754918754e-05,450.6490173339844,0,0.0002616529818624258,2.8350639695418067e-05,0,0,23.700000762939453,0,0,1600,0,50,0,0,0,50,50,800,0.0,0.0,0.0,0.0
248,158.20169067382812,309.1126708984375,326.0917053222656,326.0445861816406,292.1335144042969,292.1806640625,16515.818359375,33031.63671875,69.04669189453125,69.04679107666016,1793.78662109375,3576.767822265625,1793.5201416015625,3577.30859375,284.5476989746094,61.98915100097656,-2.0125025912420824e-06,0,0,2574.6572265625,1291.8826904296875,0,23.730131149291992,2712.85791015625,11.83157730102539,11.837409019470215,907.84130859375,1810.642822265625,49.99665451049805,50.010772705078125,100,0,0,346.3762512207031,0,7.924896240234375,20.28455924987793,20.3316593170166,0,1.034000039100647,0.9067617654800415,50,2.799999952316284,2.2933380603790283,0,0,0,0,0.0,0,0,0,0.001687140902504325,-0.0016874714056029916,0,-3.3052637604669144e-07,100.29046630859375,100.29049682617188,790.2664184570312,790.2664184570312,790.2664184570312,549.6895751953125,0,0,23.730131149291992,0.0010999999940395355,0.02200000174343586,0.03299999609589577,0.04399999603629112,5655.8173828125,114276.53125,0.0429663360118866,0,3.1392715754918754e-05,452.4698181152344,0,0.0002616529818624258,2.8350639695418067e-05,0,0,23.700000762939453,0,0,1600,0,50,0,0,0,50,50,800,0.0,0.0,0.0,0.0
249,158.20176696777344,309.1126708984375,326.0917053222656,326.0445861816406,292.1335144042969,292.1806640625,16515.818359375,33031.63671875,69.04669189453125,69.04679107666016,1793.783447265625,3576.77099609375,1793.519775390625,3577.30908203125,284.5477294921875,61.9892578125,3.619980134317302e-06,0,0,2574.656982421875,1291.8826904296875,0,23.729772567749023,2712.85791015625,11.831589698791504,11.837394714355469,907.841064453125,1810.6429443359375,49.99679946899414,50.010597229003906,100,0,0,346.37628173828125,0,7.924896240234375,20.28459358215332,20.331693649291992,0,1.034000039100647,0.9067617654800415,50,2.799999952316284,2.2933380603790283,0,0,0,0,0.0,0,0,0,0.001687140902504325,-0.0016874714056029916,0,-3.3052637604669144e-07,100.29046630859375,100.29049682617188,790.2664184570312,790.2664184570312,790.2664184570312,549.6895751953125,0,0,23.729772567749023,0.0010999999940395355,0.02200000174343586,0.03299999609589577,0.04399999603629112,5655.8173828125,114276.53125,0.0429663360118866,0,3.1392715754918754e-05,454.2906188964844,0,0.0002616529818624258,2.8350639695418067e-05,0,0,23.700000762939453,0,0,1600,0,50,0,0,0,50,50,800,0.0,0.0,0.0,0.0
250,158.2018280029297,309.1126708984375,326.0917053222656,326.0445861816406,292.1335144042969,292.1806640625,16515.818359375,33031.63671875,69.04669189453125,69.04679107666016,1793.780029296875,3576.773681640625,1793.5225830078125,3577.306640625,284.54779052734375,61.989356994628906,-2.5452879981457954e-06,0,0,2574.65673828125,1291.8826904296875,0,23.73073387145996,2712.85791015625,11.831603050231934,11.837380409240723,907.8408813476562,1810.6431884765625,49.996944427490234,50.010433197021484,100,0,0,346.3763122558594,0,7.924896240234375,20.28462791442871,20.33172607421875,0,1.034000039100647,0.9067617654800415,50,2.799999952316284,2.2933380603790283,0,0,0,0,0.0,0,0,0,0.001687140902504325,-0.0016874714056029916,0,-3.3052637604669144e-07,100.29046630859375,100.29049682617188,790.2664184570312,790.2664184570312,790.2664184570312,549.6895751953125,0,0,23.73073387145996,0.0010999999940395355,0.02200000174343586,0.03299999609589577,0.04399999603629112,5655.8173828125,114276.53125,0.0429663360118866,0,3.1392715754918754e-05,456.1114196777344,0,0.0002616529818624258,2.8350639695418067e-05,0,0,23.700000762939453,0,0,1600,0,50,0,0,0,50,50,800,0.0,0.0,0.0,0.0
251,158.201904296875,309.1126708984375,326.0917053222656,326.0445861816406,292.1335144042969,292.1806640625,16515.818359375,33031.63671875,69.04669189453125,69.04679107666016,1793.7764892578125,3576.77490234375,1793.5225830078125,3577.306640625,284.5478210449219,61.98945617675781,1.9251788216934074e-06,0,0,2574.65673828125,1291.8826904296875,0,23.72901153564453,2712.85791015625,11.831616401672363,11.83736801147461,907.8409423828125,1810.6431884765625,49.99714279174805,50.01027297973633,100,0,0,346.3763427734375,0,7.924896240234375,20.2846622467041,20.33176040649414,0,1.034000039100647,0.9067617654800415,50,2.799999952316284,2.2933380603790283,0,0,0,0,0.0,0,0,0,0.001687140902504325,-0.0016874714056029916,0,-3.3052637604669144e-07,100.29046630859375,100.29049682617188,790.2664184570312,790.2664184570312,790.2664184570312,549.6895751953125,0,0,23.72901153564453,0.0010999999940395355,0.02200000174343586,0.03299999609589577,0.04399999603629112,5655.8173828125,114276.53125,0.0429663360118866,0,3.1392715754918754e-05,457.9322204589844,0,0.0002616529818624258,2.8350639695418067e-05,0,0,23.700000762939453,0,0,1600,0,50,0,0,0,50,50,800,0.0,0.0,0.0,0.0
252,158.20196533203125,309.1126708984375,326.0917053222656,326.0445861816406,292.1335144042969,292.1806640625,16515.818359375,33031.63671875,69.04669189453125,69.04679107666016,1793.7728271484375,3576.77734375,1793.522216796875,3577.30712890625,284.5478820800781,61.98955154418945,-4.821097263629781e-06,0,0,2574.65673828125,1291.8826904296875,0,23.7286319732666,2712.85791015625,11.831629753112793,11.83735466003418,907.8406982421875,1810.643310546875,49.997291564941406,50.0101203918457,100,0,0,346.3763732910156,0,7.924896240234375,20.284696578979492,20.33179473876953,0,1.034000039100647,0.9067617654800415,50,2.799999952316284,2.2933380603790283,0,0,0,0,0.0,0,0,0,0.001687140902504325,-0.0016874714056029916,0,-3.3052637604669144e-07,100.29046630859375,100.29049682617188,790.2664184570312,790.2664184570312,790.2664184570312,549.6895751953125,0,0,23.7286319732666,0.0010999999940395355,0.02200000174343586,0.03299999609589577,0.04399999603629112,5655.8173828125,114276.53125,0.0429663360118866,0,3.1392715754918754e-05,459.7530212402344,0,0.0002616529818624258,2.8350639695418067e-05,0,0,23.700000762939453,0,0,1600,0,50,0,0,0,50,50,800,0.0,0.0,0.0,0.0
253,158.20204162597656,309.1126708984375,326.0917053222656,326.0445861816406,292.1335144042969,292.1806640625,16515.818359375,33031.63671875,69.04669189453125,69.04679107666016,1793.769287109375,3576.77978515625,1793.52197265625,3577.30712890625,284.5478820800781,61.989654541015625,2.3037776486489747e-07,0,0,2574.65625,1291.8826904296875,0,23.726911544799805,2712.85791015625,11.831642150878906,11.837342262268066,907.8405151367188,1810.643310546875,49.9974365234375,50.009971618652344,100,0,0,346.3764343261719,0,7.924896240234375,20.28472900390625,20.331829071044922,0,1.034000039100647,0.9067617654800415,50,2.799999952316284,2.2933380603790283,0,0,0,0,0.0,0,0,0,0.001687140902504325,-0.0016874714056029916,0,-3.3052637604669144e-07,100.29046630859375,100.29049682617188,790.2664184570312,790.2664184570312,790.2664184570312,549.6895751953125,0,0,23.726911544799805,0.0010999999940395355,0.02200000174343586,0.03299999609589577,0.04399999603629112,5655.8173828125,114276.53125,0.0429663360118866,0,3.1392715754918754e-05,461.5738220214844,0,0.0002616529818624258,2.8350639695418067e-05,0,0,23.700000762939453,0,0,1600,0,50,0,0,0,50,50,800,0.0,0.0,0.0,0.0
254,158.2021026611328,309.1126708984375,326.0917053222656,326.0445861816406,292.1335144042969,292.1806640625,16515.818359375,33031.63671875,69.04669189453125,69.04679107666016,1793.76611328125,3576.782958984375,1793.5216064453125,3577.307373046875,284.54791259765625,61.989749908447266,4.119836830795975e-06,0,0,2574.656005859375,1291.8826904296875,0,23.726531982421875,2712.85791015625,11.831655502319336,11.83732795715332,907.84033203125,1810.6435546875,49.997581481933594,50.00981140136719,100,0,0,346.37646484375,0,7.924896240234375,20.28476333618164,20.33186149597168,0,1.034000039100647,0.9067617654800415,50,2.799999952316284,2.2933380603790283,0,0,0,0,0.0,0,0,0,0.001687140902504325,-0.0016874714056029916,0,-3.3052637604669144e-07,100.29046630859375,100.29049682617188,790.2664184570312,790.2664184570312,790.2664184570312,549.6895751953125,0,0,23.726531982421875,0.0010999999940395355,0.02200000174343586,0.03299999609589577,0.04399999603629112,5655.8173828125,114276.53125,0.0429663360118866,0,3.1392715754918754e-05,463.3946228027344,0,0.0002616529818624258,2.8350639695418067e-05,0,0,23.700000762939453,0,0,1600,0,50,0,0,0,50,50,800,0.0,0.0,0.0,0.0
255,158.20216369628906,309.1126708984375,326.0917053222656,326.0445861816406,292.1335144042969,292.1806640625,16515.818359375,33031.63671875,69.04669189453125,69.04679107666016,1793.7625732421875,3576.78564453125,1793.5213623046875,3577.307861328125,284.5479736328125,61.9898567199707,-8.83415566477197e-07,0,0,2574.65576171875,1291.8826904296875,0,23.726173400878906,2712.85791015625,11.83166790008545,11.837315559387207,907.8401489257812,1810.6436767578125,49.99773025512695,50.00966262817383,100,0,0,346.3764953613281,0,7.924896240234375,20.28479766845703,20.33189582824707,0,1.034000039100647,0.9067617654800415,50,2.799999952316284,2.2933380603790283,0,0,0,0,0.0,0,0,0,0.001687140902504325,-0.0016874714056029916,0,-3.3052637604669144e-07,100.29046630859375,100.29049682617188,790.2664184570312,790.2664184570312,790.2664184570312,549.6895751953125,0,0,23.726173400878906,0.0010999999940395355,0.02200000174343586,0.03299999609589577,0.04399999603629112,5655.8173828125,114276.53125,0.0429663360118866,0,3.1392715754918754e-05,465.2154235839844,0,0.0002616529818624258,2.8350639695418067e-05,0,0,23.700000762939453,0,0,1600,0,50,0,0,0,50,50,800,0.0,0.0,0.0,0.0
256,158.20223999023438,309.1126708984375,326.0917053222656,326.0445861816406,292.1335144042969,292.1806640625,16515.818359375,33031.63671875,69.04669189453125,69.04679107666016,1793.7591552734375,3576.788330078125,1793.52099609375,3577.30810546875,284.5480041503906,61.989952087402344,3.006043698405847e-06,0,0,2574.655517578125,1291.8829345703125,0,23.727136611938477,2712.85791015625,11.831679344177246,11.837302207946777,907.8399658203125,1810.6439208984375,49.99786376953125,50.00951385498047,100,0,0,346.37652587890625,0,7.924896240234375,20.284832000732422,20.33193016052246,0,1.034000039100647,0.9067617654800415,50,2.799999952316284,2.2933380603790283,0,0,0,0,0.0,0,0,0,0.001687140902504325,-0.0016874714056029916,0,-3.3052637604669144e-07,100.29046630859375,100.29049682617188,790.2664184570312,790.2664184570312,790.2664184570312,549.6895751953125,0,0,23.727136611938477,0.0010999999940395355,0.02200000174343586,0.03299999609589577,0.04399999603629112,5655.8173828125,114276.53125,0.0429663360118866,0,3.1392715754918754e-05,467.0362243652344,0,0.0002616529818624258,2.8350639695418067e-05,0,0,23.700000762939453,0,0,1600,0,50,0,0,0,50,50,800,0.0,0.0,0.0,0.0
257,158.20230102539062,309.1126708984375,326.0917053222656,326.0445861816406,292.1335144042969,292.1806640625,16515.818359375,33031.63671875,69.04669952392578,69.04679107666016,1793.7554931640625,3576.79052734375,1793.5206298828125,3577.30859375,284.5480651855469,61.99005126953125,-3.1592244340572506e-06,0,0,2574.655517578125,1291.8829345703125,0,23.726778030395508,2712.85791015625,11.831690788269043,11.837289810180664,907.8397827148438,1810.64404296875,49.99799728393555,50.009368896484375,100,0,0,346.3765563964844,0,7.924896240234375,20.28486442565918,20.33196449279785,0,1.034000039100647,0.9067617654800415,50,2.799999952316284,2.2933380603790283,0,0,0,0,0.0,0,0,0,0.001687140902504325,-0.0016874714056029916,0,-3.3052637604669144e-07,100.29046630859375,100.29049682617188,790.2664184570312,790.2664184570312,790.2664184570312,549.6895751953125,0,0,23.726778030395508,0.0010999999940395355,0.02200000174343586,0.03299999609589577,0.04399999603629112,5655.8173828125,114276.53125,0.0429663360118866,0,3.1392715754918754e-05,468.8570251464844,0,0.0002616529818624258,2.8350639695418067e-05,0,0,23.700000762939453,0,0,1600,0,50,0,0,0,50,50,800,0.0,0.0,0.0,0.0
258,158.20237731933594,309.1126708984375,326.0917053222656,326.0445861816406,292.133544921875,292.1806640625,16515.818359375,33031.63671875,69.04669952392578,69.04679107666016,1793.7528076171875,3576.79248046875,1793.5235595703125,3577.305419921875,284.548095703125,61.99015426635742,1.8922504523288808e-06,0,0,2574.6552734375,1291.8829345703125,0,23.726398468017578,2712.85791015625,11.83170223236084,11.837276458740234,907.8397216796875,1810.64404296875,49.99816131591797,50.00920104980469,100,0,0,346.3765869140625,0,7.924896240234375,20.28489875793457,20.331998825073242,0,1.034000039100647,0.9067617654800415,50,2.799999952316284,2.2933380603790283,0,0,0,0,0.0,0,0,0,0.001687140902504325,-0.0016874714056029916,0,-3.3052637604669144e-07,100.29046630859375,100.29049682617188,790.2664184570312,790.2664184570312,790.2664184570312,549.6895751953125,0,0,23.726398468017578,0.0010999999940395355,0.02200000174343586,0.03299999609589577,0.04399999603629112,5655.8173828125,114276.53125,0.0429663360118866,0,3.1392715754918754e-05,470.6778259277344,0,0.0002616529818624258,2.8350639695418067e-05,0,0,23.700000762939453,0,0,1600,0,50,0,0,0,50,50,800,0.0,0.0,0.0,0.0
259,158.2024383544922,309.1126708984375,326.0917053222656,326.0445861816406,292.133544921875,292.1806640625,16515.818359375,33031.63671875,69.04669952392578,69.04679107666016,1793.7491455078125,3576.795654296875,1793.5233154296875,3577.305908203125,284.5481262207031,61.99024200439453,4.619694209395675e-06,0,0,2574.655029296875,1291.8829345703125,0,23.728744506835938,2712.85791015625,11.831714630126953,11.837264060974121,907.839599609375,1810.64404296875,49.99829864501953,50.00904846191406,100,0,0,346.3766174316406,0,7.924896240234375,20.28493309020996,20.33203125,0,1.034000039100647,0.9067617654800415,50,2.799999952316284,2.2933380603790283,0,0,0,0,0.0,0,0,0,0.001687140902504325,-0.0016874714056029916,0,-3.3052637604669144e-07,100.29046630859375,100.29049682617188,790.2664184570312,790.2664184570312,790.2664184570312,549.6895751953125,0,0,23.728744506835938,0.0010999999940395355,0.02200000174343586,0.03299999609589577,0.04399999603629112,5655.8173828125,114276.53125,0.0429663360118866,0,3.1392715754918754e-05,472.4986267089844,0,0.0002616529818624258,2.8350639695418067e-05,0,0,23.700000762939453,0,0,1600,0,50,0,0,0,50,50,800,0.0,0.0,0.0,0.0
260,158.20249938964844,309.1126708984375,326.0917053222656,326.0445861816406,292.133544921875,292.1806640625,16515.818359375,33031.63671875,69.04669952392578,69.04679107666016,1793.745361328125,3576.79931640625,1793.52294921875,3577.30615234375,284.5481872558594,61.99033737182617,-2.126581648553838e-06,0,0,2574.65478515625,1291.8829345703125,0,23.72568130493164,2712.85791015625,11.831727027893066,11.837249755859375,907.8394165039062,1810.644287109375,49.998443603515625,50.008888244628906,100,0,0,346.37664794921875,0,7.924896240234375,20.28496742248535,20.33206558227539,0,1.034000039100647,0.9067617654800415,50,2.799999952316284,2.2933380603790283,0,0,0,0,0.0,0,0,0,0.001687140902504325,-0.0016874714056029916,0,-3.3052637604669144e-07,100.29046630859375,100.29049682617188,790.2664184570312,790.2664184570312,790.2664184570312,549.6895751953125,0,0,23.72568130493164,0.0010999999940395355,0.02200000174343586,0.03299999609589577,0.04399999603629112,5655.8173828125,114276.53125,0.0429663360118866,0,3.1392715754918754e-05,474.3194274902344,0,0.0002616529818624258,2.8350639695418067e-05,0,0,23.700000762939453,0,0,1600,0,50,0,0,0,50,50,800,0.0,0.0,0.0,0.0
261,158.20257568359375,309.1126708984375,326.0917053222656,326.0445861816406,292.133544921875,292.1806640625,16515.818359375,33031.63671875,69.04669952392578,69.04679107666016,1793.741943359375,3576.802490234375,1793.5225830078125,3577.306640625,284.5481872558594,61.99042892456055,1.1818696066256962e-06,0,0,2574.65478515625,1291.8829345703125,0,23.725324630737305,2712.85791015625,11.831738471984863,11.837237358093262,907.8392333984375,1810.6444091796875,49.99857711791992,50.00873947143555,100,0,0,346.3766784667969,0,7.924896240234375,20.285001754760742,20.33209991455078,0,1.034000039100647,0.9067617654800415,50,2.799999952316284,2.2933380603790283,0,0,0,0,0.0,0,0,0,0.001687140902504325,-0.0016874714056029916,0,-3.3052637604669144e-07,100.29046630859375,100.29049682617188,790.2664184570312,790.2664184570312,790.2664184570312,549.6895751953125,0,0,23.725324630737305,0.0010999999940395355,0.02200000174343586,0.03299999609589577,0.04399999603629112,5655.8173828125,114276.53125,0.0429663360118866,0,3.1392715754918754e-05,476.1402282714844,0,0.0002616529818624258,2.8350639695418067e-05,0,0,23.700000762939453,0,0,1600,0,50,0,0,0,50,50,800,0.0,0.0,0.0,0.0
262,158.20263671875,309.1126708984375,326.0917053222656,326.0445861816406,292.133544921875,292.1806640625,16515.818359375,33031.63671875,69.04669952392578,69.04679107666016,1793.7384033203125,3576.8056640625,1793.522216796875,3577.30712890625,284.5482177734375,61.99052429199219,5.071328814665321e-06,0,0,2574.654296875,1291.8829345703125,0,23.72498893737793,2712.85791015625,11.83174991607666,11.837224960327148,907.8389892578125,1810.6446533203125,49.99871063232422,50.00859069824219,100,0,0,346.3767395019531,0,7.924896240234375,20.2850341796875,20.332134246826172,0,1.034000039100647,0.9067617654800415,50,2.799999952316284,2.2933380603790283,0,0,0,0,0.0,0,0,0,0.001687140902504325,-0.0016874714056029916,0,-3.3052637604669144e-07,100.29046630859375,100.29049682617188,790.2664184570312,790.2664184570312,790.2664184570312,549.6895751953125,0,0,23.72498893737793,0.0010999999940395355,0.02200000174343586,0.03299999609589577,0.04399999603629112,5655.8173828125,114276.53125,0.0429663360118866,0,3.1392715754918754e-05,477.9610290527344,0,0.0002616529818624258,2.8350639695418067e-05,0,0,23.700000762939453,0,0,1600,0,50,0,0,0,50,50,800,0.0,0.0,0.0,0.0
263,158.2027130126953,309.1126708984375,326.0917053222656,326.0445861816406,292.133544921875,292.1806640625,16515.818359375,33031.63671875,69.04669952392578,69.04679107666016,1793.7349853515625,3576.807861328125,1793.521728515625,3577.30712890625,284.54827880859375,61.99060821533203,-3.417970219743438e-06,0,0,2574.654296875,1291.8829345703125,0,23.725994110107422,2712.85791015625,11.83176040649414,11.837211608886719,907.8388671875,1810.644775390625,49.99882888793945,50.008445739746094,100,0,0,346.37677001953125,0,7.924896240234375,20.28506851196289,20.33216667175293,0,1.034000039100647,0.9067617654800415,50,2.799999952316284,2.2933380603790283,0,0,0,0,0.0,0,0,0,0.001687140902504325,-0.0016874714056029916,0,-3.3052637604669144e-07,100.29046630859375,100.29049682617188,790.2664184570312,790.2664184570312,790.2664184570312,549.6895751953125,0,0,23.725994110107422,0.0010999999940395355,0.02200000174343586,0.03299999609589577,0.04399999603629112,5655.8173828125,114276.53125,0.0429663360118866,0,3.1392715754918754e-05,479.7818298339844,0,0.0002616529818624258,2.8350639695418067e-05,0,0,23.700000762939453,0,0,1600,0,50,0,0,0,50,50,800,0.0,0.0,0.0,0.0
264,158.20277404785156,309.1126708984375,326.0917053222656,326.0445861816406,292.133544921875,292.1806640625,16515.818359375,33031.63671875,69.04669952392578,69.04679107666016,1793.732177734375,3576.81103515625,1793.5216064453125,3577.307373046875,284.5483093261719,61.99071502685547,2.214512278442271e-06,0,0,2574.654052734375,1291.883056640625,0,23.72295570373535,2712.85791015625,11.831769943237305,11.837199211120605,907.8386840820312,1810.6448974609375,49.998931884765625,50.008296966552734,100,0,0,346.3768005371094,0,7.924896240234375,20.28510284423828,20.33220100402832,0,1.034000039100647,0.9067617654800415,50,2.799999952316284,2.2933380603790283,0,0,0,0,0.0,0,0,0,0.001687140902504325,-0.0016874714056029916,0,-3.3052637604669144e-07,100.29046630859375,100.29049682617188,790.2664184570312,790.2664184570312,790.2664184570312,549.6895751953125,0,0,23.72295570373535,0.0010999999940395355,0.02200000174343586,0.03299999609589577,0.04399999603629112,5655.8173828125,114276.53125,0.0429663360118866,0,3.1392715754918754e-05,481.6026306152344,0,0.0002616529818624258,2.8350639695418067e-05,0,0,23.700000762939453,0,0,1600,0,50,0,0,0,50,50,800,0.0,0.0,0.0,0.0
265,158.2028350830078,309.1126708984375,326.0917053222656,326.0445861816406,292.133544921875,292.1806640625,16515.818359375,33031.63671875,69.04670715332031,69.04679107666016,1793.7286376953125,3576.814453125,1793.524169921875,3577.3046875,284.5483703613281,61.99081039428711,-4.531763806880917e-06,0,0,2574.65380859375,1291.883056640625,0,23.72391700744629,2712.85791015625,11.831781387329102,11.837185859680176,907.8385009765625,1810.645263671875,49.99906539916992,50.008148193359375,100,0,0,346.3768310546875,0,7.924896240234375,20.285137176513672,20.33223533630371,0,1.034000039100647,0.9067617654800415,50,2.799999952316284,2.2933380603790283,0,0,0,0,0.0,0,0,0,0.001687140902504325,-0.0016874714056029916,0,-3.3052637604669144e-07,100.29046630859375,100.29049682617188,790.2664184570312,790.2664184570312,790.2664184570312,549.6895751953125,0,0,23.72391700744629,0.0010999999940395355,0.02200000174343586,0.03299999609589577,0.04399999603629112,5655.8173828125,114276.53125,0.0429663360118866,0,3.1392715754918754e-05,483.4234313964844,0,0.0002616529818624258,2.8350639695418067e-05,0,0,23.700000762939453,0,0,1600,0,50,0,0,0,50,50,800,0.0,0.0,0.0,0.0
266,158.20291137695312,309.1126708984375,326.0917053222656,326.0445861816406,292.133544921875,292.1806640625,16515.818359375,33031.63671875,69.04670715332031,69.04679107666016,1793.7257080078125,3576.818359375,1793.5244140625,3577.3046875,284.54840087890625,61.990909576416016,-6.129659624320993e-08,0,0,2574.653564453125,1291.883056640625,0,23.722196578979492,2712.85791015625,11.831791877746582,11.837172508239746,907.8385620117188,1810.64501953125,49.99922180175781,50.007965087890625,100,0,0,346.3768615722656,0,7.924896240234375,20.28516960144043,20.3322696685791,0,1.034000039100647,0.9067617654800415,50,2.799999952316284,2.2933380603790283,0,0,0,0,0.0,0,0,0,0.001687140902504325,-0.0016874714056029916,0,-3.3052637604669144e-07,100.29046630859375,100.29049682617188,790.2664184570312,790.2664184570312,790.2664184570312,549.6895751953125,0,0,23.722196578979492,0.0010999999940395355,0.02200000174343586,0.03299999609589577,0.04399999603629112,5655.8173828125,114276.53125,0.0429663360118866,0,3.1392715754918754e-05,485.2442321777344,0,0.0002616529818624258,2.8350639695418067e-05,0,0,23.700000762939453,0,0,1600,0,50,0,0,0,50,50,800,0.0,0.0,0.0,0.0
267,158.20297241210938,309.1126708984375,326.0917053222656,326.0445861816406,292.133544921875,292.1806640625,16515.818359375,33031.63671875,69.04670715332031,69.04679107666016,1793.7222900390625,3576.822021484375,1793.52392578125,3577.304931640625,284.5484313964844,61.99101257324219,4.99017824040493e-06,0,0,2574.6533203125,1291.883056640625,0,23.723180770874023,2712.85791015625,11.831802368164062,11.837159156799316,907.8383178710938,1810.6453857421875,49.99934387207031,50.007816314697266,100,0,0,346.37689208984375,0,7.924896240234375,20.28520393371582,20.332304000854492,0,1.034000039100647,0.9067617654800415,50,2.799999952316284,2.2933380603790283,0,0,0,0,0.0,0,0,0,0.001687140902504325,-0.0016874714056029916,0,-3.3052637604669144e-07,100.29046630859375,100.29049682617188,790.2664184570312,790.2664184570312,790.2664184570312,549.6895751953125,0,0,23.723180770874023,0.0010999999940395355,0.02200000174343586,0.03299999609589577,0.04399999603629112,5655.8173828125,114276.53125,0.0429663360118866,0,3.1392715754918754e-05,487.0650329589844,0,0.0002616529818624258,2.8350639695418067e-05,0,0,23.700000762939453,0,0,1600,0,50,0,0,0,50,50,800,0.0,0.0,0.0,0.0
268,158.2030029296875,309.1126708984375,326.0917053222656,326.0445861816406,292.133544921875,292.1806640625,16515.818359375,33031.63671875,69.04670715332031,69.04679107666016,1793.7188720703125,3576.8251953125,1793.5235595703125,3577.305419921875,284.5484924316406,61.99110794067383,-1.756097617544583e-06,0,0,2574.6533203125,1291.883056640625,0,23.72279930114746,2712.85791015625,11.831812858581543,11.83714771270752,907.838134765625,1810.6455078125,49.99946212768555,50.00768280029297,100,0,0,346.3769226074219,0,7.924896240234375,20.28523826599121,20.33233642578125,0,1.034000039100647,0.9067617654800415,50,2.799999952316284,2.2933380603790283,0,0,0,0,0.0,0,0,0,0.001687140902504325,-0.0016874714056029916,0,-3.3052637604669144e-07,100.29046630859375,100.29049682617188,790.2664184570312,790.2664184570312,790.2664184570312,549.6895751953125,0,0,23.72279930114746,0.0010999999940395355,0.02200000174343586,0.03299999609589577,0.04399999603629112,5655.8173828125,114276.53125,0.0429663360118866,0,3.1392715754918754e-05,488.8858337402344,0,0.0002616529818624258,2.8350639695418067e-05,0,0,23.700000762939453,0,0,1600,0,50,0,0,0,50,50,800,0.0,0.0,0.0,0.0
269,158.2030487060547,309.1126708984375,326.0917053222656,326.0445861816406,292.133544921875,292.1806640625,16515.818359375,33031.63671875,69.04670715332031,69.04679107666016,1793.7154541015625,3576.827880859375,1793.5233154296875,3577.305908203125,284.5484924316406,61.99119567871094,9.713460258353734e-07,0,0,2574.6533203125,1291.883056640625,0,23.722442626953125,2712.85791015625,11.831823348999023,11.837136268615723,907.8379516601562,1810.6456298828125,49.99958038330078,50.00754928588867,100,0,0,346.376953125,0,7.924896240234375,20.2852725982666,20.33237075805664,0,1.034000039100647,0.9067617654800415,50,2.799999952316284,2.2933380603790283,0,0,0,0,0.0,0,0,0,0.001687140902504325,-0.0016874714056029916,0,-3.3052637604669144e-07,100.29046630859375,100.29049682617188,790.2664184570312,790.2664184570312,790.2664184570312,549.6895751953125,0,0,23.722442626953125,0.0010999999940395355,0.02200000174343586,0.03299999609589577,0.04399999603629112,5655.8173828125,114276.53125,0.0429663360118866,0,3.1392715754918754e-05,490.7066345214844,0,0.0002616529818624258,2.8350639695418067e-05,0,0,23.700000762939453,0,0,1600,0,50,0,0,0,50,50,800,0.0,0.0,0.0,0.0
270,158.2030792236328,309.1126708984375,326.0917053222656,326.0445861816406,292.13360595703125,292.1806640625,16515.818359375,33031.63671875,69.04670715332031,69.04679107666016,1793.7125244140625,3576.8310546875,1793.52294921875,3577.30615234375,284.54852294921875,61.99127960205078,3.1177819437289145e-06,0,0,2574.6533203125,1291.883056640625,0,23.723468780517578,2712.85791015625,11.831832885742188,11.837124824523926,907.8378295898438,1810.6458740234375,49.99968719482422,50.00741195678711,100,0,0,346.376953125,0,7.924896240234375,20.2852725982666,20.33237075805664,0,1.034000039100647,0.9067617654800415,50,2.799999952316284,2.2933380603790283,0,0,0,0,0.0,0,0,0,0.001687140902504325,-0.0016874714056029916,0,-3.3052637604669144e-07,100.29046630859375,100.29049682617188,790.2664184570312,790.2664184570312,790.2664184570312,549.6895751953125,0,0,23.723468780517578,0.0010999999940395355,0.02200000174343586,0.03299999609589577,0.04399999603629112,5655.8173828125,114276.53125,0.0429663360118866,0,3.1392715754918754e-05,492.5274353027344,0,0.0002616529818624258,2.8350639695418067e-05,0,0,23.700000762939453,0,0,1600,0,50,0,0,0,50,50,800,0.0,0.0,0.0,0.0
271,158.20310974121094,309.1126708984375,326.0917053222656,326.0445861816406,292.13360595703125,292.1806640625,16515.818359375,33031.63671875,69.04670715332031,69.04679107666016,1793.7093505859375,3576.834228515625,1793.5223388671875,3577.306640625,284.548583984375,61.991371154785156,-4.209501639707014e-06,0,0,2574.653076171875,1291.883056640625,0,23.72179412841797,2712.85791015625,11.831842422485352,11.837113380432129,907.8375854492188,1810.6461181640625,49.999794006347656,50.00727844238281,100,0,0,346.3769836425781,0,7.924896240234375,20.285306930541992,20.33240509033203,0,1.034000039100647,0.9067617654800415,50,2.799999952316284,2.2933380603790283,0,0,0,0,0.0,0,0,0,0.001687140902504325,-0.0016874714056029916,0,-3.3052637604669144e-07,100.29046630859375,100.29049682617188,790.2664184570312,790.2664184570312,790.2664184570312,549.6895751953125,0,0,23.72179412841797,0.0010999999940395355,0.02200000174343586,0.03299999609589577,0.04399999603629112,5655.8173828125,114276.53125,0.0429663360118866,0,3.1392715754918754e-05,494.3482360839844,0,0.0002616529818624258,2.8350639695418067e-05,0,0,23.700000762939453,0,0,1600,0,50,0,0,0,50,50,800,0.0,0.0,0.0,0.0
272,158.20314025878906,309.1126708984375,326.0917053222656,326.0445861816406,292.13360595703125,292.1806640625,16515.818359375,33031.63671875,69.04670715332031,69.04679107666016,1793.7061767578125,3576.83740234375,1793.525390625,3577.303466796875,284.5486145019531,61.991458892822266,-1.4820579963270575e-06,0,0,2574.653076171875,1291.8831787109375,0,23.722822189331055,2712.85791015625,11.831851959228516,11.837100982666016,907.83740234375,1810.6461181640625,49.99989700317383,50.007144927978516,100,0,0,346.3769836425781,0,7.924896240234375,20.285306930541992,20.33240509033203,0,1.034000039100647,0.9067617654800415,50,2.799999952316284,2.2933380603790283,0,0,0,0,0.0,0,0,0,0.001687140902504325,-0.0016874714056029916,0,-3.3052637604669144e-07,100.29046630859375,100.29049682617188,790.2664184570312,790.2664184570312,790.2664184570312,549.6895751953125,0,0,23.722822189331055,0.0010999999940395355,0.02200000174343586,0.03299999609589577,0.04399999603629112,5655.8173828125,114276.53125,0.0429663360118866,0,3.1392715754918754e-05,496.1690368652344,0,0.0002616529818624258,2.8350639695418067e-05,0,0,23.700000762939453,0,0,1600,0,50,0,0,0,50,50,800,0.0,0.0,0.0,0.0
273,158.20318603515625,309.1126708984375,326.0917053222656,326.0445861816406,292.13360595703125,292.1806640625,16515.818359375,33031.63671875,69.04670715332031,69.04679107666016,1793.703369140625,3576.84033203125,1793.5255126953125,3577.303466796875,284.54864501953125,61.991546630859375,1.245385647052899e-06,0,0,2574.652587890625,1291.8831787109375,0,23.72112274169922,2712.85791015625,11.831860542297363,11.837089538574219,907.8374633789062,1810.6461181640625,50.00004196166992,50.00699234008789,100,0,0,346.3770446777344,0,7.924896240234375,20.28533935546875,20.332439422607422,0,1.034000039100647,0.9067617654800415,50,2.799999952316284,2.2933380603790283,0,0,0,0,0.0,0,0,0,0.001687140902504325,-0.0016874714056029916,0,-3.3052637604669144e-07,100.29046630859375,100.29049682617188,790.2664184570312,790.2664184570312,790.2664184570312,549.6895751953125,0,0,23.72112274169922,0.0010999999940395355,0.02200000174343586,0.03299999609589577,0.04399999603629112,5655.8173828125,114276.53125,0.0429663360118866,0,3.1392715754918754e-05,497.9898376464844,0,0.0002616529818624258,2.8350639695418067e-05,0,0,23.700000762939453,0,0,1600,0,50,0,0,0,50,50,800,0.0,0.0,0.0,0.0
274,158.20321655273438,309.1126708984375,326.0917053222656,326.0445861816406,292.13360595703125,292.1806640625,16515.818359375,33031.63671875,69.04670715332031,69.04679107666016,1793.7003173828125,3576.84375,1793.525146484375,3577.3037109375,284.5486755371094,61.99163818359375,4.553837243292946e-06,0,0,2574.652587890625,1291.8831787109375,0,23.722150802612305,2712.85791015625,11.831869125366211,11.837078094482422,907.8372802734375,1810.6463623046875,50.00013732910156,50.00685501098633,100,0,0,346.3770446777344,0,7.924896240234375,20.28533935546875,20.332439422607422,0,1.034000039100647,0.9067617654800415,50,2.799999952316284,2.2933380603790283,0,0,0,0,0.0,0,0,0,0.001687140902504325,-0.0016874714056029916,0,-3.3052637604669144e-07,100.29046630859375,100.29049682617188,790.2664184570312,790.2664184570312,790.2664184570312,549.6895751953125,0,0,23.722150802612305,0.0010999999940395355,0.02200000174343586,0.03299999609589577,0.04399999603629112,5655.8173828125,114276.53125,0.0429663360118866,0,3.1392715754918754e-05,499.8106384277344,0,0.0002616529818624258,2.8350639695418067e-05,0,0,23.700000762939453,0,0,1600,0,50,0,0,0,50,50,800,0.0,0.0,0.0,0.0
275,158.2032470703125,309.1126708984375,326.0917053222656,326.0445861816406,292.13360595703125,292.1806640625,16515.818359375,33031.63671875,69.04670715332031,69.04679107666016,1793.6971435546875,3576.847412109375,1793.5247802734375,3577.30419921875,284.5487365722656,61.99172592163086,-3.3544540656293975e-06,0,0,2574.65234375,1291.8831787109375,0,23.72181510925293,2712.85791015625,11.831878662109375,11.837066650390625,907.837158203125,1810.646484375,50.00023651123047,50.00672149658203,100,0,0,346.3770751953125,0,7.924896240234375,20.28537368774414,20.33247184753418,0,1.034000039100647,0.9067617654800415,50,2.799999952316284,2.2933380603790283,0,0,0,0,0.0,0,0,0,0.001687140902504325,-0.0016874714056029916,0,-3.3052637604669144e-07,100.29046630859375,100.29049682617188,790.2664184570312,790.2664184570312,790.2664184570312,549.6895751953125,0,0,23.72181510925293,0.0010999999940395355,0.02200000174343586,0.03299999609589577,0.04399999603629112,5655.8173828125,114276.53125,0.0429663360118866,0,3.1392715754918754e-05,501.6314392089844,0,0.0002616529818624258,2.8350639695418067e-05,0,0,23.700000762939453,0,0,1600,0,50,0,0,0,50,50,800,0.0,0.0,0.0,0.0
276,158.20327758789062,309.1126708984375,326.0917053222656,326.0445861816406,292.13360595703125,292.1806640625,16515.818359375,33031.63671875,69.04670715332031,69.04679107666016,1793.6939697265625,3576.85107421875,1793.5244140625,3577.3046875,284.54876708984375,61.9918098449707,-1.208018375109532e-06,0,0,2574.65234375,1291.8831787109375,0,23.721481323242188,2712.85791015625,11.831887245178223,11.837055206298828,907.8369750976562,1810.6468505859375,50.000343322753906,50.00658416748047,100,0,0,346.3770751953125,0,7.924896240234375,20.28537368774414,20.33247184753418,0,1.034000039100647,0.9067617654800415,50,2.799999952316284,2.2933380603790283,0,0,0,0,0.0,0,0,0,0.001687140902504325,-0.0016874714056029916,0,-3.3052637604669144e-07,100.29046630859375,100.29049682617188,790.2664184570312,790.2664184570312,790.2664184570312,549.6895751953125,0,0,23.721481323242188,0.0010999999940395355,0.02200000174343586,0.03299999609589577,0.04399999603629112,5655.8173828125,114276.53125,0.0429663360118866,0,3.1392715754918754e-05,503.4522399902344,0,0.0002616529818624258,2.8350639695418067e-05,0,0,23.700000762939453,0,0,1600,0,50,0,0,0,50,50,800,0.0,0.0,0.0,0.0
277,158.20330810546875,309.1126708984375,326.0917053222656,326.0445861816406,292.13360595703125,292.1806640625,16515.818359375,33031.63671875,69.04670715332031,69.04679107666016,1793.6907958984375,3576.8544921875,1793.52392578125,3577.304931640625,284.54876708984375,61.991905212402344,2.681440946616931e-06,0,0,2574.652099609375,1291.8831787109375,0,23.719804763793945,2712.85791015625,11.831896781921387,11.837042808532715,907.8367919921875,1810.64697265625,50.000450134277344,50.00645446777344,100,0,0,346.3771057128906,0,7.924896240234375,20.28540802001953,20.33250617980957,0,1.034000039100647,0.9067617654800415,50,2.799999952316284,2.2933380603790283,0,0,0,0,0.0,0,0,0,0.001687140902504325,-0.0016874714056029916,0,-3.3052637604669144e-07,100.29046630859375,100.29049682617188,790.2664184570312,790.2664184570312,790.2664184570312,549.6895751953125,0,0,23.719804763793945,0.0010999999940395355,0.02200000174343586,0.03299999609589577,0.04399999603629112,5655.8173828125,114276.53125,0.0429663360118866,0,3.1392715754918754e-05,505.2730407714844,0,0.0002616529818624258,2.8350639695418067e-05,0,0,23.700000762939453,0,0,1600,0,50,0,0,0,50,50,800,0.0,0.0,0.0,0.0
278,158.20335388183594,309.1126708984375,326.0917053222656,326.0445861816406,292.13360595703125,292.1806640625,16515.818359375,33031.63671875,69.04670715332031,69.04679107666016,1793.68798828125,3576.858154296875,1793.5238037109375,3577.305419921875,284.5487976074219,61.99198913574219,4.8278766371367965e-06,0,0,2574.652099609375,1291.8831787109375,0,23.720809936523438,2712.85791015625,11.831905364990234,11.837031364440918,907.8366088867188,1810.647216796875,50.00054168701172,50.006317138671875,100,0,0,346.3771057128906,0,7.924896240234375,20.28540802001953,20.33250617980957,0,1.034000039100647,0.9067617654800415,50,2.799999952316284,2.2933380603790283,0,0,0,0,0.0,0,0,0,0.001687140902504325,-0.0016874714056029916,0,-3.3052637604669144e-07,100.29046630859375,100.29049682617188,790.2664184570312,790.2664184570312,790.2664184570312,549.6895751953125,0,0,23.720809936523438,0.0010999999940395355,0.02200000174343586,0.03299999609589577,0.04399999603629112,5655.8173828125,114276.53125,0.0429663360118866,0,3.1392715754918754e-05,507.0938415527344,0,0.0002616529818624258,2.8350639695418067e-05,0,0,23.700000762939453,0,0,1600,0,50,0,0,0,50,50,800,0.0,0.0,0.0,0.0
279,158.20338439941406,309.1126708984375,326.0917053222656,326.0445861816406,292.13360595703125,292.1806640625,16515.818359375,33031.63671875,69.04671478271484,69.04679107666016,1793.6845703125,3576.862060546875,1793.5233154296875,3577.305908203125,284.5488586425781,61.99208068847656,-2.499406946299132e-06,0,0,2574.652099609375,1291.8831787109375,0,23.719133377075195,2712.85791015625,11.831912994384766,11.837019920349121,907.83642578125,1810.6473388671875,50.000633239746094,50.00618362426758,100,0,0,346.37713623046875,0,7.924896240234375,20.285442352294922,20.33254051208496,0,1.034000039100647,0.9067617654800415,50,2.799999952316284,2.2933380603790283,0,0,0,0,0.0,0,0,0,0.001687140902504325,-0.0016874714056029916,0,-3.3052637604669144e-07,100.29046630859375,100.29049682617188,790.2664184570312,790.2664184570312,790.2664184570312,549.6895751953125,0,0,23.719133377075195,0.0010999999940395355,0.02200000174343586,0.03299999609589577,0.04399999603629112,5655.8173828125,114276.53125,0.0429663360118866,0,3.1392715754918754e-05,508.9146423339844,0,0.0002616529818624258,2.8350639695418067e-05,0,0,23.700000762939453,0,0,1600,0,50,0,0,0,50,50,800,0.0,0.0,0.0,0.0
280,158.2034149169922,309.1126708984375,326.0917053222656,326.0445861816406,292.13360595703125,292.1806640625,16515.818359375,33031.63671875,69.04671478271484,69.04679107666016,1793.6826171875,3576.865478515625,1793.5263671875,3577.302734375,284.54888916015625,61.99216842651367,2.2803681076766225e-07,0,0,2574.652099609375,1291.8831787109375,0,23.71879768371582,2712.85791015625,11.83191967010498,11.837008476257324,907.83642578125,1810.6474609375,50.0007438659668,50.00603103637695,100,0,0,346.37713623046875,0,7.924896240234375,20.285442352294922,20.33254051208496,0,1.034000039100647,0.9067617654800415,50,2.799999952316284,2.2933380603790283,0,0,0,0,0.0,0,0,0,0.001687140902504325,-0.0016874714056029916,0,-3.3052637604669144e-07,100.29046630859375,100.29049682617188,790.2664184570312,790.2664184570312,790.2664184570312,549.6895751953125,0,0,23.71879768371582,0.0010999999940395355,0.02200000174343586,0.03299999609589577,0.04399999603629112,5655.8173828125,114276.53125,0.0429663360118866,0,3.1392715754918754e-05,510.7354431152344,0,0.0002616529818624258,2.8350639695418067e-05,0,0,23.700000762939453,0,0,1600,0,50,0,0,0,50,50,800,0.0,0.0,0.0,0.0
281,158.2034454345703,309.1126708984375,326.0917053222656,326.0445861816406,292.13360595703125,292.1806640625,16515.818359375,33031.63671875,69.04671478271484,69.04679107666016,1793.6795654296875,3576.86962890625,1793.5260009765625,3577.302734375,284.5489196777344,61.992244720458984,1.2124571640015347e-06,0,0,2574.652099609375,1291.8831787109375,0,23.719825744628906,2712.85791015625,11.831928253173828,11.836995124816895,907.8363037109375,1810.6475830078125,50.00083923339844,50.00587844848633,100,0,0,346.3771667480469,0,7.924896240234375,20.28547477722168,20.33257484436035,0,1.034000039100647,0.9067617654800415,50,2.799999952316284,2.2933380603790283,0,0,0,0,0.0,0,0,0,0.001687140902504325,-0.0016874714056029916,0,-3.3052637604669144e-07,100.29046630859375,100.29049682617188,790.2664184570312,790.2664184570312,790.2664184570312,549.6895751953125,0,0,23.719825744628906,0.0010999999940395355,0.02200000174343586,0.03299999609589577,0.04399999603629112,5655.8173828125,114276.53125,0.0429663360118866,0,3.1392715754918754e-05,512.5562744140625,0,0.0002616529818624258,2.8350639695418067e-05,0,0,23.700000762939453,0,0,1600,0,50,0,0,0,50,50,800,0.0,0.0,0.0,0.0
282,158.20347595214844,309.1126708984375,326.0917053222656,326.0445861816406,292.13360595703125,292.1806640625,16515.818359375,33031.63671875,69.04671478271484,69.04679107666016,1793.6766357421875,3576.873046875,1793.5255126953125,3577.302978515625,284.5489501953125,61.99233627319336,4.5209089876152575e-06,0,0,2574.65185546875,1291.88330078125,0,23.718172073364258,2712.85791015625,11.831936836242676,11.836986541748047,907.8361206054688,1810.647705078125,50.00093078613281,50.00577163696289,100,0,0,346.3771667480469,0,7.924896240234375,20.28547477722168,20.33257484436035,0,1.034000039100647,0.9067617654800415,50,2.799999952316284,2.2933380603790283,0,0,0,0,0.0,0,0,0,0.001687140902504325,-0.0016874714056029916,0,-3.3052637604669144e-07,100.29046630859375,100.29049682617188,790.2664184570312,790.2664184570312,790.2664184570312,549.6895751953125,0,0,23.718172073364258,0.0010999999940395355,0.02200000174343586,0.03299999609589577,0.04399999603629112,5655.8173828125,114276.53125,0.0429663360118866,0,3.1392715754918754e-05,514.3770751953125,0,0.0002616529818624258,2.8350639695418067e-05,0,0,23.700000762939453,0,0,1600,0,50,0,0,0,50,50,800,0.0,0.0,0.0,0.0
283,158.20352172851562,309.1126708984375,326.0917053222656,326.0445861816406,292.1336364746094,292.1806640625,16515.818359375,33031.63671875,69.04671478271484,69.04679107666016,1793.6732177734375,3576.876220703125,1793.525390625,3577.303466796875,284.54901123046875,61.9924201965332,-3.968390501540853e-06,0,0,2574.65185546875,1291.88330078125,0,23.719200134277344,2712.85791015625,11.831944465637207,11.836976051330566,907.8360595703125,1810.64794921875,50.00102615356445,50.00564956665039,100,0,0,346.377197265625,0,7.924896240234375,20.28550910949707,20.332609176635742,0,1.034000039100647,0.9067617654800415,50,2.799999952316284,2.2933380603790283,0,0,0,0,0.0,0,0,0,0.001687140902504325,-0.0016874714056029916,0,-3.3052637604669144e-07,100.29046630859375,100.29049682617188,790.2664184570312,790.2664184570312,790.2664184570312,549.6895751953125,0,0,23.719200134277344,0.0010999999940395355,0.02200000174343586,0.03299999609589577,0.04399999603629112,5655.8173828125,114276.53125,0.0429663360118866,0,3.1392715754918754e-05,516.1978759765625,0,0.0002616529818624258,2.8350639695418067e-05,0,0,23.700000762939453,0,0,1600,0,50,0,0,0,50,50,800,0.0,0.0,0.0,0.0
284,158.20355224609375,309.1126708984375,326.0917053222656,326.0445861816406,292.1336364746094,292.1806640625,16515.818359375,33031.63671875,69.04671478271484,69.04679107666016,1793.67041015625,3576.879638671875,1793.52490234375,3577.3037109375,284.5490417480469,61.99250793457031,-1.2409468581608962e-06,0,0,2574.651611328125,1291.88330078125,0,23.718887329101562,2712.85791015625,11.831951141357422,11.836965560913086,907.8358154296875,1810.648193359375,50.001102447509766,50.005531311035156,100,0,0,346.377197265625,0,7.924896240234375,20.28550910949707,20.332609176635742,0,1.034000039100647,0.9067617654800415,50,2.799999952316284,2.2933380603790283,0,0,0,0,0.0,0,0,0,0.001687140902504325,-0.0016874714056029916,0,-3.3052637604669144e-07,100.29046630859375,100.29049682617188,790.2664184570312,790.2664184570312,790.2664184570312,549.6895751953125,0,0,23.718887329101562,0.0010999999940395355,0.02200000174343586,0.03299999609589577,0.04399999603629112,5655.8173828125,114276.53125,0.0429663360118866,0,3.1392715754918754e-05,518.0186767578125,0,0.0002616529818624258,2.8350639695418067e-05,0,0,23.700000762939453,0,0,1600,0,50,0,0,0,50,50,800,0.0,0.0,0.0,0.0
285,158.20358276367188,309.1126708984375,326.0917053222656,326.0445861816406,292.1336364746094,292.1806640625,16515.818359375,33031.63671875,69.04671478271484,69.04679107666016,1793.66748046875,3576.88330078125,1793.5245361328125,3577.30419921875,284.549072265625,61.992584228515625,-2.5652647650531435e-07,0,0,2574.651611328125,1291.88330078125,0,23.71991729736328,2712.85791015625,11.83195972442627,11.836955070495605,907.8356323242188,1810.6483154296875,50.00119400024414,50.005409240722656,100,0,0,346.3772277832031,0,7.924896240234375,20.28554344177246,20.3326416015625,0,1.034000039100647,0.9067617654800415,50,2.799999952316284,2.2933380603790283,0,0,0,0,0.0,0,0,0,0.001687140902504325,-0.0016874714056029916,0,-3.3052637604669144e-07,100.29046630859375,100.29049682617188,790.2664184570312,790.2664184570312,790.2664184570312,549.6895751953125,0,0,23.71991729736328,0.0010999999940395355,0.02200000174343586,0.03299999609589577,0.04399999603629112,5655.8173828125,114276.53125,0.0429663360118866,0,3.1392715754918754e-05,519.8394775390625,0,0.0002616529818624258,2.8350639695418067e-05,0,0,23.700000762939453,0,0,1600,0,50,0,0,0,50,50,800,0.0,0.0,0.0,0.0
286,158.20361328125,309.1126708984375,326.0917053222656,326.0445861816406,292.1336364746094,292.1806640625,16515.818359375,33031.63671875,69.04671478271484,69.04679107666016,1793.664306640625,3576.886962890625,1793.5244140625,3577.3046875,284.549072265625,61.99267578125,3.051924977626186e-06,0,0,2574.6513671875,1291.88330078125,0,23.71826171875,2712.85791015625,11.8319673538208,11.836944580078125,907.8355102539062,1810.6485595703125,50.001285552978516,50.005287170410156,100,0,0,346.3772277832031,0,7.924896240234375,20.28554344177246,20.3326416015625,0,1.034000039100647,0.9067617654800415,50,2.799999952316284,2.2933380603790283,0,0,0,0,0.0,0,0,0,0.001687140902504325,-0.0016874714056029916,0,-3.3052637604669144e-07,100.29046630859375,100.29049682617188,790.2664184570312,790.2664184570312,790.2664184570312,549.6895751953125,0,0,23.71826171875,0.0010999999940395355,0.02200000174343586,0.03299999609589577,0.04399999603629112,5655.8173828125,114276.53125,0.0429663360118866,0,3.1392715754918754e-05,521.6602783203125,0,0.0002616529818624258,2.8350639695418067e-05,0,0,23.700000762939453,0,0,1600,0,50,0,0,0,50,50,800,0.0,0.0,0.0,0.0
287,158.20364379882812,309.1126708984375,326.0917053222656,326.0445861816406,292.1336364746094,292.1806640625,16515.818359375,33031.63671875,69.04671478271484,69.04679107666016,1793.66162109375,3576.890380859375,1793.527099609375,3577.3017578125,284.5491027832031,61.992759704589844,5.1983606681460515e-06,0,0,2574.6513671875,1291.88330078125,0,23.717926025390625,2712.85791015625,11.831974029541016,11.836934089660645,907.8353881835938,1810.6488037109375,50.00135040283203,50.00516891479492,100,0,0,346.37725830078125,0,7.924896240234375,20.28557777404785,20.33267593383789,0,1.034000039100647,0.9067617654800415,50,2.799999952316284,2.2933380603790283,0,0,0,0,0.0,0,0,0,0.001687140902504325,-0.0016874714056029916,0,-3.3052637604669144e-07,100.29046630859375,100.29049682617188,790.2664184570312,790.2664184570312,790.2664184570312,549.6895751953125,0,0,23.717926025390625,0.0010999999940395355,0.02200000174343586,0.03299999609589577,0.04399999603629112,5655.8173828125,114276.53125,0.0429663360118866,0,3.1392715754918754e-05,523.4810791015625,0,0.0002616529818624258,2.8350639695418067e-05,0,0,23.700000762939453,0,0,1600,0,50,0,0,0,50,50,800,0.0,0.0,0.0,0.0
288,158.2036895751953,309.1126708984375,326.0917053222656,326.0445861816406,292.1336364746094,292.1806640625,16515.818359375,33031.63671875,69.04671478271484,69.04679107666016,1793.6593017578125,3576.89453125,1793.527099609375,3577.30224609375,284.5491638183594,61.99284362792969,-3.290938366262708e-06,0,0,2574.6513671875,1291.88330078125,0,23.717613220214844,2712.85791015625,11.83198070526123,11.836923599243164,907.8353881835938,1810.64892578125,50.00146484375,50.005027770996094,100,0,0,346.37725830078125,0,7.924896240234375,20.28557777404785,20.33267593383789,0,1.034000039100647,0.9067617654800415,50,2.799999952316284,2.2933380603790283,0,0,0,0,0.0,0,0,0,0.001687140902504325,-0.0016874714056029916,0,-3.3052637604669144e-07,100.29046630859375,100.29049682617188,790.2664184570312,790.2664184570312,790.2664184570312,549.6895751953125,0,0,23.717613220214844,0.0010999999940395355,0.02200000174343586,0.03299999609589577,0.04399999603629112,5655.8173828125,114276.53125,0.0429663360118866,0,3.1392715754918754e-05,525.3018798828125,0,0.0002616529818624258,2.8350639695418067e-05,0,0,23.700000762939453,0,0,1600,0,50,0,0,0,50,50,800,0.0,0.0,0.0,0.0
289,158.20372009277344,309.1126708984375,326.0917053222656,326.0445861816406,292.1336364746094,292.1806640625,16515.818359375,33031.63671875,69.04671478271484,69.04679107666016,1793.65673828125,3576.89794921875,1793.5267333984375,3577.30224609375,284.5491943359375,61.9929313659668,-5.634946091959137e-07,0,0,2574.65087890625,1291.88330078125,0,23.7159366607666,2712.85791015625,11.831986427307129,11.836913108825684,907.8352661132812,1810.6490478515625,50.00153350830078,50.00490951538086,100,0,0,346.3772888183594,0,7.924896240234375,20.285612106323242,20.33271026611328,0,1.034000039100647,0.9067617654800415,50,2.799999952316284,2.2933380603790283,0,0,0,0,0.0,0,0,0,0.001687140902504325,-0.0016874714056029916,0,-3.3052637604669144e-07,100.29046630859375,100.29049682617188,790.2664184570312,790.2664184570312,790.2664184570312,549.6895751953125,0,0,23.7159366607666,0.0010999999940395355,0.02200000174343586,0.03299999609589577,0.04399999603629112,5655.8173828125,114276.53125,0.0429663360118866,0,3.1392715754918754e-05,527.1226806640625,0,0.0002616529818624258,2.8350639695418067e-05,0,0,23.700000762939453,0,0,1600,0,50,0,0,0,50,50,800,0.0,0.0,0.0,0.0
290,158.20375061035156,309.1126708984375,326.0917053222656,326.0445861816406,292.1336364746094,292.1806640625,16515.818359375,33031.63671875,69.04671478271484,69.04679107666016,1793.6536865234375,3576.902099609375,1793.526611328125,3577.302734375,284.5492248535156,61.99300765991211,4.209257440379588e-07,0,0,2574.65087890625,1291.88330078125,0,23.71696662902832,2712.85791015625,11.831993103027344,11.836902618408203,907.8350219726562,1810.649169921875,50.00161361694336,50.00478744506836,100,0,0,346.3772888183594,0,7.924896240234375,20.285612106323242,20.33271026611328,0,1.034000039100647,0.9067617654800415,50,2.799999952316284,2.2933380603790283,0,0,0,0,0.0,0,0,0,0.001687140902504325,-0.0016874714056029916,0,-3.3052637604669144e-07,100.29046630859375,100.29049682617188,790.2664184570312,790.2664184570312,790.2664184570312,549.6895751953125,0,0,23.71696662902832,0.0010999999940395355,0.02200000174343586,0.03299999609589577,0.04399999603629112,5655.8173828125,114276.53125,0.0429663360118866,0,3.1392715754918754e-05,528.9434814453125,0,0.0002616529818624258,2.8350639695418067e-05,0,0,23.700000762939453,0,0,1600,0,50,0,0,0,50,50,800,0.0,0.0,0.0,0.0
291,158.2037811279297,309.1126708984375,326.0917053222656,326.0445861816406,292.1336364746094,292.1806640625,16515.818359375,33031.63671875,69.04671478271484,69.04679107666016,1793.65087890625,3576.906494140625,1793.526123046875,3577.302978515625,284.54925537109375,61.993099212646484,3.729377340278006e-06,0,0,2574.65087890625,1291.88330078125,0,23.71531105041504,2712.85791015625,11.832000732421875,11.836892127990723,907.8348999023438,1810.6494140625,50.00168991088867,50.00466537475586,100,0,0,346.3773498535156,0,7.924896240234375,20.28564453125,20.332744598388672,0,1.034000039100647,0.9067617654800415,50,2.799999952316284,2.2933380603790283,0,0,0,0,0.0,0,0,0,0.001687140902504325,-0.0016874714056029916,0,-3.3052637604669144e-07,100.29046630859375,100.29049682617188,790.2664184570312,790.2664184570312,790.2664184570312,549.6895751953125,0,0,23.71531105041504,0.0010999999940395355,0.02200000174343586,0.03299999609589577,0.04399999603629112,5655.8173828125,114276.53125,0.0429663360118866,0,3.1392715754918754e-05,530.7642822265625,0,0.0002616529818624258,2.8350639695418067e-05,0,0,23.700000762939453,0,0,1600,0,50,0,0,0,50,50,800,0.0,0.0,0.0,0.0
292,158.2038116455078,309.1126708984375,326.0917053222656,326.0445861816406,292.1336364746094,292.1806640625,16515.818359375,33031.63671875,69.04671478271484,69.04679107666016,1793.6480712890625,3576.910400390625,1793.5257568359375,3577.303466796875,284.54931640625,61.99318313598633,-4.759921921504429e-06,0,0,2574.65087890625,1291.88330078125,0,23.716339111328125,2712.85791015625,11.832006454467773,11.836881637573242,907.8347778320312,1810.649658203125,50.00175476074219,50.00454330444336,100,0,0,346.3773498535156,0,7.924896240234375,20.28564453125,20.332744598388672,0,1.034000039100647,0.9067617654800415,50,2.799999952316284,2.2933380603790283,0,0,0,0,0.0,0,0,0,0.001687140902504325,-0.0016874714056029916,0,-3.3052637604669144e-07,100.29046630859375,100.29049682617188,790.2664184570312,790.2664184570312,790.2664184570312,549.6895751953125,0,0,23.716339111328125,0.0010999999940395355,0.02200000174343586,0.03299999609589577,0.04399999603629112,5655.8173828125,114276.53125,0.0429663360118866,0,3.1392715754918754e-05,532.5850830078125,0,0.0002616529818624258,2.8350639695418067e-05,0,0,23.700000762939453,0,0,1600,0,50,0,0,0,50,50,800,0.0,0.0,0.0,0.0
293,158.203857421875,309.1126708984375,326.0917053222656,326.0445861816406,292.1336364746094,292.1806640625,16515.818359375,33031.63671875,69.04671478271484,69.04679107666016,1793.6453857421875,3576.914306640625,1793.5255126953125,3577.3037109375,284.5493469238281,61.99327087402344,-2.032478278124472e-06,0,0,2574.650634765625,1291.88330078125,0,23.717390060424805,2712.85791015625,11.832013130187988,11.836871147155762,907.8346557617188,1810.6497802734375,50.0018310546875,50.004425048828125,100,0,0,346.37738037109375,0,7.924896240234375,20.28567886352539,20.33277702331543,0,1.034000039100647,0.9067617654800415,50,2.799999952316284,2.2933380603790283,0,0,0,0,0.0,0,0,0,0.001687140902504325,-0.0016874714056029916,0,-3.3052637604669144e-07,100.29046630859375,100.29049682617188,790.2664184570312,790.2664184570312,790.2664184570312,549.6895751953125,0,0,23.717390060424805,0.0010999999940395355,0.02200000174343586,0.03299999609589577,0.04399999603629112,5655.8173828125,114276.53125,0.0429663360118866,0,3.1392715754918754e-05,534.4058837890625,0,0.0002616529818624258,2.8350639695418067e-05,0,0,23.700000762939453,0,0,1600,0,50,0,0,0,50,50,800,0.0,0.0,0.0,0.0
294,158.20388793945312,309.1126708984375,326.0917053222656,326.0445861816406,292.1336364746094,292.1806640625,16515.818359375,33031.63671875,69.04671478271484,69.04679107666016,1793.6429443359375,3576.918701171875,1793.525146484375,3577.30419921875,284.54937744140625,61.99335479736328,1.1395761845278685e-07,0,0,2574.650634765625,1291.88330078125,0,23.7156925201416,2712.85791015625,11.832018852233887,11.836860656738281,907.83447265625,1810.650146484375,50.001895904541016,50.004302978515625,100,0,0,346.37738037109375,0,7.924896240234375,20.28567886352539,20.33277702331543,0,1.034000039100647,0.9067617654800415,50,2.799999952316284,2.2933380603790283,0,0,0,0,0.0,0,0,0,0.001687140902504325,-0.0016874714056029916,0,-3.3052637604669144e-07,100.29046630859375,100.29049682617188,790.2664184570312,790.2664184570312,790.2664184570312,549.6895751953125,0,0,23.7156925201416,0.0010999999940395355,0.02200000174343586,0.03299999609589577,0.04399999603629112,5655.8173828125,114276.53125,0.0429663360118866,0,3.1392715754918754e-05,536.2266845703125,0,0.0002616529818624258,2.8350639695418067e-05,0,0,23.700000762939453,0,0,1600,0,50,0,0,0,50,50,800,0.0,0.0,0.0,0.0
295,158.20391845703125,309.1126708984375,326.0917053222656,326.0445861816406,292.1336364746094,292.1806640625,16515.818359375,33031.63671875,69.04672241210938,69.04679107666016,1793.6397705078125,3576.923095703125,1793.5279541015625,3577.301025390625,284.54937744140625,61.993438720703125,2.26039355766261e-06,0,0,2574.650390625,1291.88330078125,0,23.71537971496582,2712.85791015625,11.832025527954102,11.8368501663208,907.8343505859375,1810.650390625,50.001976013183594,50.004180908203125,100,0,0,346.3774108886719,0,7.924896240234375,20.28571319580078,20.33281135559082,0,1.034000039100647,0.9067617654800415,50,2.799999952316284,2.2933380603790283,0,0,0,0,0.0,0,0,0,0.001687140902504325,-0.0016874714056029916,0,-3.3052637604669144e-07,100.29046630859375,100.29049682617188,790.2664184570312,790.2664184570312,790.2664184570312,549.6895751953125,0,0,23.71537971496582,0.0010999999940395355,0.02200000174343586,0.03299999609589577,0.04399999603629112,5655.8173828125,114276.53125,0.0429663360118866,0,3.1392715754918754e-05,538.0474853515625,0,0.0002616529818624258,2.8350639695418067e-05,0,0,23.700000762939453,0,0,1600,0,50,0,0,0,50,50,800,0.0,0.0,0.0,0.0
296,158.20394897460938,309.1126708984375,326.0917053222656,326.0445861816406,292.1336364746094,292.1806640625,16515.818359375,33031.63671875,69.04672241210938,69.04679107666016,1793.6378173828125,3576.925537109375,1793.5279541015625,3577.301025390625,284.5494079589844,61.99351501464844,3.2448137972096447e-06,0,0,2574.650390625,1291.88330078125,0,23.71506690979004,2712.85791015625,11.832030296325684,11.836841583251953,907.8343505859375,1810.650390625,50.0020637512207,50.00407028198242,100,0,0,346.3774108886719,0,7.924896240234375,20.28571319580078,20.33281135559082,0,1.034000039100647,0.9067617654800415,50,2.799999952316284,2.2933380603790283,0,0,0,0,0.0,0,0,0,0.001687140902504325,-0.0016874714056029916,0,-3.3052637604669144e-07,100.29046630859375,100.29049682617188,790.2664184570312,790.2664184570312,790.2664184570312,549.6895751953125,0,0,23.71506690979004,0.0010999999940395355,0.02200000174343586,0.03299999609589577,0.04399999603629112,5655.8173828125,114276.53125,0.0429663360118866,0,3.1392715754918754e-05,539.8682861328125,0,0.0002616529818624258,2.8350639695418067e-05,0,0,23.700000762939453,0,0,1600,0,50,0,0,0,50,50,800,0.0,0.0,0.0,0.0
297,158.2039794921875,309.1126708984375,326.0917053222656,326.0445861816406,292.1336364746094,292.1806640625,16515.818359375,33031.63671875,69.04672241210938,69.04679107666016,1793.6353759765625,3576.92919921875,1793.5277099609375,3577.301513671875,284.5494689941406,61.99359893798828,-5.244485237199115e-06,0,0,2574.650390625,1291.88330078125,0,23.713411331176758,2712.85791015625,11.832036018371582,11.836833000183105,907.834228515625,1810.6505126953125,50.00212860107422,50.00395965576172,100,0,0,346.37744140625,0,7.924896240234375,20.285747528076172,20.33284568786621,0,1.034000039100647,0.9067617654800415,50,2.799999952316284,2.2933380603790283,0,0,0,0,0.0,0,0,0,0.001687140902504325,-0.0016874714056029916,0,-3.3052637604669144e-07,100.29046630859375,100.29049682617188,790.2664184570312,790.2664184570312,790.2664184570312,549.6895751953125,0,0,23.713411331176758,0.0010999999940395355,0.02200000174343586,0.03299999609589577,0.04399999603629112,5655.8173828125,114276.53125,0.0429663360118866,0,3.1392715754918754e-05,541.6890869140625,0,0.0002616529818624258,2.8350639695418067e-05,0,0,23.700000762939453,0,0,1600,0,50,0,0,0,50,50,800,0.0,0.0,0.0,0.0
298,158.2040252685547,309.1126708984375,326.0916442871094,326.0445861816406,292.1336669921875,292.1806640625,16515.818359375,33031.63671875,69.04672241210938,69.04679107666016,1793.6328125,3576.93310546875,1793.52734375,3577.3017578125,284.54949951171875,61.99368667602539,-2.517041593819158e-06,0,0,2574.650146484375,1291.88330078125,0,23.71173667907715,2712.85791015625,11.832040786743164,11.836823463439941,907.8340454101562,1810.6507568359375,50.00218200683594,50.00385284423828,100,0,0,346.37744140625,0,7.924896240234375,20.28577995300293,20.33284568786621,0,1.034000039100647,0.9067617654800415,50,2.799999952316284,2.2933380603790283,0,0,0,0,0.0,0,0,0,0.001687140902504325,-0.0016874714056029916,0,-3.3052637604669144e-07,100.29046630859375,100.29049682617188,790.2664184570312,790.2664184570312,790.2664184570312,549.6895751953125,0,0,23.71173667907715,0.0010999999940395355,0.02200000174343586,0.03299999609589577,0.04399999603629112,5655.8173828125,114276.53125,0.0429663360118866,0,3.1392715754918754e-05,543.5098876953125,0,0.0002616529818624258,2.8350639695418067e-05,0,0,23.700000762939453,0,0,1600,0,50,0,0,0,50,50,800,0.0,0.0,0.0,0.0
299,158.2040557861328,309.1126708984375,326.0916442871094,326.0445861816406,292.1336669921875,292.1806640625,16515.818359375,33031.63671875,69.04672241210938,69.04679107666016,1793.630126953125,3576.93701171875,1793.5269775390625,3577.30224609375,284.5495300292969,61.993770599365234,-3.706056759256171e-07,0,0,2574.650146484375,1291.88330078125,0,23.7127628326416,2712.85791015625,11.832046508789062,11.836813926696777,907.8339233398438,1810.6510009765625,50.00224304199219,50.003746032714844,100,0,0,346.3774719238281,0,7.924896240234375,20.28581428527832,20.3328800201416,0,1.034000039100647,0.9067617654800415,50,2.799999952316284,2.2933380603790283,0,0,0,0,0.0,0,0,0,0.001687140902504325,-0.0016874714056029916,0,-3.3052637604669144e-07,100.29046630859375,100.29049682617188,790.2664184570312,790.2664184570312,790.2664184570312,549.6895751953125,0,0,23.7127628326416,0.0010999999940395355,0.02200000174343586,0.03299999609589577,0.04399999603629112,5655.8173828125,114276.53125,0.0429663360118866,0,3.1392715754918754e-05,545.3306884765625,0,0.0002616529818624258,2.8350639695418067e-05,0,0,23.700000762939453,0,0,1600,0,50,0,0,0,50,50,800,0.0,0.0,0.0,0.0
