TIME,P,TAVG,THA,THB,TCA,TCB,WRCA,WRCB,PSGA,PSGB,WFWA,WFWB,WSTA,WSTB,VOL,LVPZ,VOID,WLR,WUP,HUP,HLW,WHPI,WECS,QMWT,LSGA,LSGB,QMGA,QMGB,NSGA,NSGB,TBLD,WTRA,WTRB,TSAT,QRHR,LVCR,SCMA,SCMB,FRCL,PRB,PRBA,TRB,LWRB,DNBR,QFCL,WBK,WSPY,WCSP,HTR,MH2,CNH2,RHBR,RHMT,RHFL,RHRD,RH,PWNT,PWR,TFSB,TFPK,TF,TPCT,WCFT,WLPI,WCHG,RM1,RM2,RM3,RM4,RC87,RC131,STRB,STSG,STTB,RBLK,SGLK,DTHY,DWB,WRLA,WRLB,WLD,MBK,EBK,TKLV,FRZR,TDBR,MDBR,MCRT,MGAS,TCRT,TSLP,PPM,Pad_Col_0,Pad_Col_1,Pad_Col_2,Pad_Col_3
0,158.1999969482422,309.1399841308594,326.1538391113281,326.11614990234375,292.1261291503906,292.1638488769531,16515.818359375,33031.63671875,69.00464630126953,69.0042495727539,1790.2763671875,3580.552734375,1792.9256591796875,3577.9033203125,284.552001953125,62.0,1.8346643173572375e-06,0,0,2574.662353515625,1291.7806396484375,0,23.700000762939453,2705.0,11.830000877380371,11.830000877380371,910.2337036132812,1816.4324951171875,50.0,50.0,100,0,0,346.3753967285156,0,7.924896240234375,20.2215576171875,20.25926399230957,0,1.034000039100647,0.9067617654800415,50,2.799999952316284,2.3000001907348633,0,0,0,0,0.0,0,0,0,0.0,0.0,0,0.0,100.0,100.0,788.9000244140625,788.9000244140625,788.9000244140625,549.02001953125,0,0,23.700000762939453,0.0010999999940395355,0.02200000174343586,0.03299999609589577,0.04399999603629112,5655.8173828125,114276.53125,0.0429663360118866,0,3.1392715754918754e-05,0.9104048013687134,0,0.0002616529818624258,2.8350639695418067e-05,0,0,23.700000762939453,0,0,1600,0,50,0,0,0,50,50,800,0.0,0.0,0.0,0.0
1,158.19033813476562,309.12530517578125,326.16485595703125,326.1134338378906,292.1111755371094,292.1626281738281,16515.818359375,33031.63671875,68.99504089355469,69.01297760009766,1864.440673828125,3580.143310546875,1796.92236328125,3573.906494140625,284.549560546875,61.99385070800781,1.1948225164815085e-06,0,0,2574.67333984375,1290.9090576171875,0,23.700000762939453,2705.042236328125,11.833539962768555,11.830208778381348,917.4719848632812,1815.0777587890625,50.07678985595703,49.98440170288086,100,0,0,346.37347412109375,0,7.924896240234375,20.20860481262207,20.26004409790039,0,1.034000039100647,0.9067617654800415,50,2.799999952316284,2.299964189529419,0,0,0,0,1.0797373766589098,0,0,0,0.0009064910700544715,0.0,0,0.0009064910700544715,100.05531311035156,100.0015640258789,788.9423217773438,788.9000244140625,788.9000244140625,549.0162353515625,0,0,23.700000762939453,0.0010999999940395355,0.02200000174343586,0.03299999609589577,0.04399999603629112,5655.8173828125,114276.53125,0.0429663360118866,0,3.1392715754918754e-05,2.7312145233154297,0,0.0002616529818624258,2.8350639695418067e-05,0,0,23.700000762939453,0,0,1600,0,50,0,0,0,50,50,800,0.0,0.0,0.0,0.0
2,158.1730499267578,309.10748291015625,326.1733093261719,326.1062316894531,292.0934143066406,292.1604919433594,16515.818359375,33031.63671875,68.99710083007812,69.01702117919922,1882.7825927734375,3580.877197265625,1793.5711669921875,3577.257568359375,284.5401611328125,61.97007751464844,-3.4956869967572857e-06,0,0,2574.717041015625,1291.077392578125,0,25.92641258239746,2705.894775390625,11.838112831115723,11.830400466918945,914.984375,1813.3541259765625,50.10863494873047,49.9881706237793,100,0,0,346.3659973144531,0,7.924896240234375,20.19270133972168,20.25977325439453,0,1.034000039100647,0.9067617654800415,50,2.799999952316284,2.2992396354675293,0,0,0,0,5.239618322143996,0,0,0,0.002007292117923498,-0.00016549750580452383,0,0.0018417946994304657,100.23870086669922,100.0330810546875,789.1959228515625,789.0340576171875,789.0340576171875,549.0746459960938,0,0,25.92641258239746,0.0010999999940395355,0.02200000174343586,0.03299999609589577,0.04399999603629112,5655.8173828125,114276.53125,0.0429663360118866,0,3.1392715754918754e-05,4.552023887634277,0,0.0002616529818624258,2.8350639695418067e-05,0,0,23.700000762939453,0,0,1600,0,50,0,0,0,50,50,800,0.0,0.0,0.0,0.0
3,158.15591430664062,309.09283447265625,326.17669677734375,326.09637451171875,292.0770568847656,292.15740966796875,16515.818359375,33031.63671875,68.9974365234375,69.01860809326172,1888.04541015625,3581.2890625,1792.83642578125,3577.99267578125,284.52874755859375,61.941253662109375,-1.031826286634896e-06,0,0,2574.769287109375,1291.113525390625,0,27.061321258544922,2708.084228515625,11.842987060546875,11.830521583557129,913.8823852539062,1811.9830322265625,50.15422821044922,49.971134185791016,100,0,0,346.3570556640625,0,7.924896240234375,20.18035888671875,20.26068878173828,0,1.034000039100647,0.9067617654800415,50,2.799999952316284,2.2973806858062744,0,0,0,0,10.262324661355203,0,0,0,0.0029110547620803118,-0.0006256408523768187,0,0.002285413909703493,100.43053436279297,100.11402130126953,789.65576171875,789.4066162109375,789.4066162109375,549.2530517578125,0,0,27.061321258544922,0.0010999999940395355,0.02200000174343586,0.03299999609589577,0.04399999603629112,5655.8173828125,114276.53125,0.0429663360118866,0,3.1392715754918754e-05,6.372833251953125,0,0.0002616529818624258,2.8350639695418067e-05,0,0,23.700000762939453,0,0,1600,0,50,0,0,0,50,50,800,0.0,0.0,0.0,0.0
4,158.14210510253906,309.08203125,326.17669677734375,326.0852355957031,292.0622863769531,292.1537780761719,16515.818359375,33031.63671875,68.99637603759766,69.01828002929688,1889.73291015625,3582.043212890625,1792.521240234375,3578.307861328125,284.5184631347656,61.91535186767578,-2.1688522622298478e-07,0,0,2574.81640625,1291.1151123046875,0,27.031707763671875,2711.0986328125,11.847916603088379,11.830611228942871,913.3026123046875,1811.05078125,50.18985366821289,49.94983673095703,100,0,0,346.3490295410156,0,7.924896240234375,20.17232322692871,20.263774871826172,0,1.034000039100647,0.9067617654800415,50,2.799999952316284,2.2948262691497803,0,0,0,0,14.754804056115061,0,0,0,0.0035761420149356127,-0.0012702938402071595,0,0.002305848291143775,100.58086395263672,100.22545623779297,790.2083740234375,789.9285888671875,789.9285888671875,549.5077514648438,0,0,27.031707763671875,0.0010999999940395355,0.02200000174343586,0.03299999609589577,0.04399999603629112,5655.8173828125,114276.53125,0.0429663360118866,0,3.1392715754918754e-05,8.193642616271973,0,0.0002616529818624258,2.8350639695418067e-05,0,0,23.700000762939453,0,0,1600,0,50,0,0,0,50,50,800,0.0,0.0,0.0,0.0
5,158.1327667236328,309.0752868652344,326.17486572265625,326.07421875,292.0492248535156,292.1499328613281,16515.818359375,33031.63671875,68.9944839477539,69.01677703857422,1890.43505859375,3582.917724609375,1792.373046875,3578.455810546875,284.51080322265625,61.89598846435547,-3.3137200716737425e-06,0,0,2574.851318359375,1291.108642578125,0,26.43893814086914,2714.30322265625,11.85286808013916,11.83069133758545,913.00732421875,1810.5274658203125,50.223182678222656,49.92754364013672,100,0,0,346.3430480957031,0,7.924896240234375,20.16818618774414,20.268827438354492,0,1.034000039100647,0.9067617654800415,50,2.799999952316284,2.29211688041687,0,0,0,0,18.080780752931414,0,0,0,0.003992265556007624,-0.0019614300690591335,0,0.0020308352541178465,100.68276977539062,100.34392547607422,790.7549438476562,790.4882202148438,790.4882202148438,549.783203125,0,0,26.43893814086914,0.0010999999940395355,0.02200000174343586,0.03299999609589577,0.04399999603629112,5655.8173828125,114276.53125,0.0429663360118866,0,3.1392715754918754e-05,10.014452934265137,0,0.0002616529818624258,2.8350639695418067e-05,0,0,23.700000762939453,0,0,1600,0,50,0,0,0,50,50,800,0.0,0.0,0.0,0.0
6,158.12782287597656,309.07220458984375,326.1724548339844,326.06414794921875,292.0379638671875,292.1463317871094,16515.818359375,33031.63671875,68.9922103881836,69.01470184326172,1890.8115234375,3583.735595703125,1792.2987060546875,3578.5302734375,284.50604248046875,61.88393783569336,1.2648962410821696e-06,0,0,2574.87255859375,1291.1024169921875,0,25.674373626708984,2717.248291015625,11.857834815979004,11.830778121948242,912.9052124023438,1810.3499755859375,50.25870132446289,49.907169342041016,100,0,0,346.33941650390625,0,7.924896240234375,20.16696548461914,20.2752685546875,0,1.034000039100647,0.9067617654800415,50,2.799999952316284,2.289632558822632,0,0,0,0,20.11010897034187,0,0,0,0.004182532895356417,-0.002600555308163166,0,0.001581977354362607,100.73955535888672,100.45280456542969,791.2315063476562,791.0057373046875,791.0057373046875,550.03955078125,0,0,25.674373626708984,0.0010999999940395355,0.02200000174343586,0.03299999609589577,0.04399999603629112,5655.8173828125,114276.53125,0.0429663360118866,0,3.1392715754918754e-05,11.8352632522583,0,0.0002616529818624258,2.8350639695418067e-05,0,0,23.700000762939453,0,0,1600,0,50,0,0,0,50,50,800,0.0,0.0,0.0,0.0
7,158.12677001953125,309.0723876953125,326.1705017089844,326.0558776855469,292.0284729003906,292.14312744140625,16515.818359375,33031.63671875,68.98999786376953,69.0125732421875,1891.0128173828125,3584.386962890625,1792.2562255859375,3578.572998046875,284.50390625,61.878562927246094,1.576546196702111e-06,0,0,2574.88134765625,1291.0986328125,0,24.923311233520508,2719.6318359375,11.862815856933594,11.830878257751465,912.9511108398438,1810.46142578125,50.29877471923828,49.890968322753906,100,0,0,346.337890625,0,7.924896240234375,20.16740608215332,20.28201675415039,0,1.034000039100647,0.9067617654800415,50,2.799999952316284,2.287626028060913,0,0,0,0,20.958473288575984,0,0,0,0.004172078799456358,-0.003121169051155448,0,0.0010509095154702663,100.75480651855469,100.5409164428711,791.595703125,791.4273071289062,791.4273071289062,550.2496948242188,0,0,24.923311233520508,0.0010999999940395355,0.02200000174343586,0.03299999609589577,0.04399999603629112,5655.8173828125,114276.53125,0.0429663360118866,0,3.1392715754918754e-05,13.656073570251465,0,0.0002616529818624258,2.8350639695418067e-05,0,0,23.700000762939453,0,0,1600,0,50,0,0,0,50,50,800,0.0,0.0,0.0,0.0
8,158.128173828125,309.07421875,326.1694030761719,326.04962158203125,292.0205993652344,292.1404113769531,16515.818359375,33031.63671875,68.98814392089844,69.01073455810547,1891.0889892578125,3584.8583984375,1792.2342529296875,3578.594482421875,284.50390625,61.87856674194336,2.157554035875364e-06,0,0,2574.880126953125,1291.0968017578125,0,24.275379180908203,2721.381103515625,11.867810249328613,11.830995559692383,913.0656127929688,1810.7056884765625,50.34388732910156,49.879554748535156,100,0,0,346.338134765625,0,7.924896240234375,20.168729782104492,20.28852653503418,0,1.034000039100647,0.9067617654800415,50,2.799999952316284,2.2861554622650146,0,0,0,0,20.837967302008852,0,0,0,0.004059174098074436,-0.0035055154003202915,0,0.0005536586395464838,100.75599670410156,100.60558319091797,791.85693359375,791.738525390625,791.738525390625,550.4058227539062,0,0,24.275379180908203,0.0010999999940395355,0.02200000174343586,0.03299999609589577,0.04399999603629112,5655.8173828125,114276.53125,0.0429663360118866,0,3.1392715754918754e-05,15.476883888244629,0,0.0002616529818624258,2.8350639695418067e-05,0,0,23.700000762939453,0,0,1600,0,50,0,0,0,50,50,800,0.0,0.0,0.0,0.0
9,158.1312255859375,309.077392578125,326.16925048828125,326.04522705078125,292.0143737792969,292.1383972167969,16515.818359375,33031.63671875,68.98678588867188,69.00936126708984,1891.060791015625,3585.163818359375,1792.219970703125,3578.609130859375,284.50537109375,61.882240295410156,-2.025920593951014e-06,0,0,2574.873046875,1291.0980224609375,0,23.825416564941406,2722.568603515625,11.872814178466797,11.831130981445312,913.220947265625,1811.0367431640625,50.393409729003906,49.87244415283203,100,0,0,346.33929443359375,0,7.924896240234375,20.17005157470703,20.29405403137207,0,1.034000039100647,0.9067617654800415,50,2.799999952316284,2.285158157348633,0,0,0,0,20.177592564241856,0,0,0,0.003862625453621149,-0.0037688370794057846,0,9.378837421536446e-05,100.74089050292969,100.64949035644531,792.023681640625,791.9517211914062,791.9517211914062,550.513671875,0,0,23.825416564941406,0.0010999999940395355,0.02200000174343586,0.03299999609589577,0.04399999603629112,5655.8173828125,114276.53125,0.0429663360118866,0,3.1392715754918754e-05,17.297693252563477,0,0.0002616529818624258,2.8350639695418067e-05,0,0,23.700000762939453,0,0,1600,0,50,0,0,0,50,50,800,0.0,0.0,0.0,0.0
10,158.13525390625,309.081298828125,326.1700744628906,326.0426025390625,292.0095520019531,292.13702392578125,16515.818359375,33031.63671875,68.98600769042969,69.00853729248047,1890.9278564453125,3585.295654296875,1792.212158203125,3578.61669921875,284.5078125,61.88836669921875,-4.872125373367453e-06,0,0,2574.8623046875,1291.1016845703125,0,23.495325088500977,2723.1943359375,11.877827644348145,11.831279754638672,913.3923950195312,1811.4000244140625,50.447288513183594,49.86962127685547,100,0,0,346.3411560058594,0,7.924896240234375,20.17106819152832,20.298564910888672,0,1.034000039100647,0.9067617654800415,50,2.799999952316284,2.284633159637451,0,0,0,0,19.14123665368737,0,0,0,0.0036221484187990427,-0.003910381346940994,0,-0.000288232637103647,100.69425964355469,100.67262268066406,792.0833740234375,792.0663452148438,792.0663452148438,550.5728149414062,0,0,23.495325088500977,0.0010999999940395355,0.02200000174343586,0.03299999609589577,0.04399999603629112,5655.8173828125,114276.53125,0.0429663360118866,0,3.1392715754918754e-05,19.118501663208008,0,0.0002616529818624258,2.8350639695418067e-05,0,0,23.700000762939453,0,0,1600,0,50,0,0,0,50,50,800,0.0,0.0,0.0,0.0
11,158.13963317871094,309.0852355957031,326.1717834472656,326.0414733886719,292.00592041015625,292.13623046875,16515.818359375,33031.63671875,68.98584747314453,69.0083236694336,1890.6864013671875,3585.2431640625,1792.2109375,3578.61767578125,284.5107116699219,61.8957633972168,4.949761660100194e-06,0,0,2574.849609375,1291.10693359375,0,23.29237174987793,2723.2060546875,11.882842063903809,11.831439971923828,913.5513916015625,1811.738525390625,50.50586700439453,49.87144470214844,100,0,0,346.3433532714844,0,7.924896240234375,20.17157745361328,20.30188751220703,0,1.034000039100647,0.9067617654800415,50,2.799999952316284,2.284623384475708,0,0,0,0,17.912070762254825,0,0,0,0.003379560075700283,-0.003917835187166929,0,-0.000538275227881968,100.63906860351562,100.67304992675781,792.045654296875,792.0723876953125,792.0723876953125,550.5778198242188,0,0,23.29237174987793,0.0010999999940395355,0.02200000174343586,0.03299999609589577,0.04399999603629112,5655.8173828125,114276.53125,0.0429663360118866,0,3.1392715754918754e-05,20.93931007385254,0,0.0002616529818624258,2.8350639695418067e-05,0,0,23.700000762939453,0,0,1600,0,50,0,0,0,50,50,800,0.0,0.0,0.0,0.0
12,158.1437530517578,309.0886535644531,326.1739807128906,326.0413818359375,292.0033874511719,292.135986328125,16515.818359375,33031.63671875,68.98614501953125,69.008544921875,1890.373046875,3585.080078125,1792.2060546875,3578.623291015625,284.5137023925781,61.903255462646484,-2.6103623440576484e-06,0,0,2574.83642578125,1291.1131591796875,0,23.222366333007812,2722.803955078125,11.887853622436523,11.831608772277832,913.6741943359375,1812.00830078125,50.56755065917969,49.87642288208008,100,0,0,346.3455505371094,0,7.924896240234375,20.17157745361328,20.3041934967041,0,1.034000039100647,0.9067617654800415,50,2.799999952316284,2.2849607467651367,0,0,0,0,16.678085476337966,0,0,0,0.0031683240085840225,-0.003834416391327977,0,-0.0006660923827439547,100.59169006347656,100.65818786621094,791.9524536132812,792.0048217773438,792.0048217773438,550.5459594726562,0,0,23.222366333007812,0.0010999999940395355,0.02200000174343586,0.03299999609589577,0.04399999603629112,5655.8173828125,114276.53125,0.0429663360118866,0,3.1392715754918754e-05,22.76011848449707,0,0.0002616529818624258,2.8350639695418067e-05,0,0,23.700000762939453,0,0,1600,0,50,0,0,0,50,50,800,0.0,0.0,0.0,0.0
13,158.1472625732422,309.0913391113281,326.1764221191406,326.0419616699219,292.00164794921875,292.1361389160156,16515.818359375,33031.63671875,68.98682403564453,69.0091323852539,1890.008544921875,3584.8408203125,1792.2080078125,3578.620849609375,284.5163269042969,61.90992736816406,3.177398866682779e-06,0,0,2574.824951171875,1291.119384765625,0,23.26789665222168,2722.14697265625,11.892854690551758,11.831779479980469,913.7561645507812,1812.19775390625,50.63111877441406,49.883277893066406,100,0,0,346.3475341796875,0,7.924896240234375,20.17110252380371,20.305583953857422,0,1.034000039100647,0.9067617654800415,50,2.799999952316284,2.2855124473571777,0,0,0,0,15.574246977810128,0,0,0,0.003003088990226388,-0.0036942961160093546,0,-0.0006912072421982884,100.54871368408203,100.63389587402344,791.8242797851562,791.891357421875,791.891357421875,550.49072265625,0,0,23.26789665222168,0.0010999999940395355,0.02200000174343586,0.03299999609589577,0.04399999603629112,5655.8173828125,114276.53125,0.0429663360118866,0,3.1392715754918754e-05,24.5809268951416,0,0.0002616529818624258,2.8350639695418067e-05,0,0,23.700000762939453,0,0,1600,0,50,0,0,0,50,50,800,0.0,0.0,0.0,0.0
14,158.14990234375,309.0930480957031,326.1788330078125,326.0428771972656,292.00054931640625,292.1365051269531,16515.818359375,33031.63671875,68.98773193359375,69.00994110107422,1889.6119384765625,3584.569091796875,1792.208984375,3578.619873046875,284.5184326171875,61.91519546508789,-2.7667335871228715e-06,0,0,2574.81591796875,1291.125732421875,0,23.390138626098633,2721.360595703125,11.897841453552246,11.831947326660156,913.7904052734375,1812.2957763671875,50.69553756713867,49.89104080200195,100,0,0,346.34912109375,0,7.924896240234375,20.1702880859375,20.30626106262207,0,1.034000039100647,0.9067617654800415,50,2.799999952316284,2.28617262840271,0,0,0,0,14.692140862626024,0,0,0,0.0028964129742234945,-0.0035247784107923508,0,-0.0006283654947765172,100.52127075195312,100.60482788085938,791.6882934570312,791.7540893554688,791.7540893554688,550.4232177734375,0,0,23.390138626098633,0.0010999999940395355,0.02200000174343586,0.03299999609589577,0.04399999603629112,5655.8173828125,114276.53125,0.0429663360118866,0,3.1392715754918754e-05,26.401735305786133,0,0.0002616529818624258,2.8350639695418067e-05,0,0,23.700000762939453,0,0,1600,0,50,0,0,0,50,50,800,0.0,0.0,0.0,0.0
15,158.15164184570312,309.0939025878906,326.1809387207031,326.0438232421875,291.9998474121094,292.1369934082031,16515.818359375,33031.63671875,68.98873901367188,69.01084899902344,1889.2137451171875,3584.321044921875,1792.2098388671875,3578.619140625,284.51983642578125,61.918800354003906,3.863121946778847e-06,0,0,2574.80908203125,1291.131103515625,0,23.557172775268555,2720.6328125,11.902810096740723,11.832112312316895,913.7843017578125,1812.3155517578125,50.75930404663086,49.89835739135742,100,0,0,346.3502502441406,0,7.924896240234375,20.1693058013916,20.30643081665039,0,1.034000039100647,0.9067617654800415,50,2.799999952316284,2.2867844104766846,0,0,0,0,14.065506915882388,0,0,0,0.002844119444489479,-0.0033669027034193277,0,-0.0005227834917604923,100.50381469726562,100.57791900634766,791.5679321289062,791.6262817382812,791.6262817382812,550.3599243164062,0,0,23.557172775268555,0.0010999999940395355,0.02200000174343586,0.03299999609589577,0.04399999603629112,5655.8173828125,114276.53125,0.0429663360118866,0,3.1392715754918754e-05,28.222543716430664,0,0.0002616529818624258,2.8350639695418067e-05,0,0,23.700000762939453,0,0,1600,0,50,0,0,0,50,50,800,0.0,0.0,0.0,0.0
16,158.15252685546875,309.093994140625,326.1825866699219,326.0445556640625,291.99945068359375,292.1374816894531,16515.818359375,33031.63671875,68.9897232055664,69.01173400878906,1888.8133544921875,3584.0986328125,1792.2098388671875,3578.619140625,284.5206298828125,61.92079162597656,-1.2871382750745397e-06,0,0,2574.805419921875,1291.1357421875,0,23.733171463012695,2719.995361328125,11.907760620117188,11.832271575927734,913.7451171875,1812.2708740234375,50.822174072265625,49.90494155883789,100,0,0,346.35089111328125,0,7.924896240234375,20.16828727722168,20.30632972717285,0,1.034000039100647,0.9067617654800415,50,2.799999952316284,2.287320137023926,0,0,0,0,13.694347149432478,0,0,0,0.00283784419298172,-0.0032278713770210743,0,-0.0003900271840393543,100.49127960205078,100.55435943603516,791.4640502929688,791.513671875,791.513671875,550.3038940429688,0,0,23.733171463012695,0.0010999999940395355,0.02200000174343586,0.03299999609589577,0.04399999603629112,5655.8173828125,114276.53125,0.0429663360118866,0,3.1392715754918754e-05,30.043352127075195,0,0.0002616529818624258,2.8350639695418067e-05,0,0,23.700000762939453,0,0,1600,0,50,0,0,0,50,50,800,0.0,0.0,0.0,0.0
17,158.1527862548828,309.0938415527344,326.18377685546875,326.0450439453125,291.9992370605469,292.13800048828125,16515.818359375,33031.63671875,68.99061584472656,69.01251983642578,1888.4169921875,3583.90966796875,1792.2105712890625,3578.617919921875,284.5208740234375,61.92140579223633,-3.4665024486457696e-06,0,0,2574.8037109375,1291.1414794921875,0,23.890682220458984,2719.46533203125,11.912688255310059,11.832422256469727,913.684326171875,1812.1849365234375,50.88398361206055,49.9106330871582,100,0,0,346.3511962890625,0,7.924896240234375,20.16740608215332,20.30615997314453,0,1.034000039100647,0.9067617654800415,50,2.799999952316284,2.2877659797668457,0,0,0,0,13.53527896550441,0,0,0,0.002848302945494652,-0.0031115373130887747,0,-0.000263234309386462,100.48529815673828,100.5347671508789,791.3805541992188,791.4194946289062,791.4194946289062,550.2566528320312,0,0,23.890682220458984,0.0010999999940395355,0.02200000174343586,0.03299999609589577,0.04399999603629112,5655.8173828125,114276.53125,0.0429663360118866,0,3.1392715754918754e-05,31.864160537719727,0,0.0002616529818624258,2.8350639695418067e-05,0,0,23.700000762939453,0,0,1600,0,50,0,0,0,50,50,800,0.0,0.0,0.0,0.0
18,158.1525421142578,309.093017578125,326.18450927734375,326.04522705078125,291.9991149902344,292.1383972167969,16515.818359375,33031.63671875,68.99138641357422,69.01318359375,1888.0263671875,3583.756591796875,1792.212158203125,3578.61669921875,284.5207214355469,61.92101287841797,5.041073336542468e-07,0,0,2574.8037109375,1291.1436767578125,0,24.015182495117188,2719.05859375,11.917594909667969,11.832569122314453,913.6212158203125,1812.0953369140625,50.944637298583984,49.91535568237305,100,0,0,346.3511962890625,0,7.924896240234375,20.16669464111328,20.30595588684082,0,1.034000039100647,0.9067617654800415,50,2.799999952316284,2.2881083488464355,0,0,0,0,13.530458565093465,0,0,0,0.0028985044918954372,-0.0030219207983464003,0,-0.0001234161900356412,100.4842758178711,100.51972198486328,791.3190307617188,791.346923828125,791.346923828125,550.22021484375,0,0,24.015182495117188,0.0010999999940395355,0.02200000174343586,0.03299999609589577,0.04399999603629112,5655.8173828125,114276.53125,0.0429663360118866,0,3.1392715754918754e-05,33.68497085571289,0,0.0002616529818624258,2.8350639695418067e-05,0,0,23.700000762939453,0,0,1600,0,50,0,0,0,50,50,800,0.0,0.0,0.0,0.0
19,158.15191650390625,309.09197998046875,326.1846923828125,326.0450744628906,291.9990539550781,292.1387023925781,16515.818359375,33031.63671875,68.99198913574219,69.01366424560547,1887.64306640625,3583.64306640625,1792.213623046875,3578.615234375,284.520263671875,61.91988754272461,-7.214242145892058e-07,0,0,2574.80517578125,1291.1461181640625,0,24.108009338378906,2718.78271484375,11.922479629516602,11.832709312438965,913.5418701171875,1811.974853515625,51.0040283203125,49.91904067993164,100,0,0,346.3509521484375,0,7.924896240234375,20.1662540435791,20.305889129638672,0,1.034000039100647,0.9067617654800415,50,2.799999952316284,2.2883403301239014,0,0,0,0,13.670246153304378,0,0,0,0.0029633473604917526,-0.002960361773148179,0,2.985633955177036e-06,100.48914337158203,100.50952911376953,791.281005859375,791.2970581054688,791.2970581054688,550.1947631835938,0,0,24.108009338378906,0.0010999999940395355,0.02200000174343586,0.03299999609589577,0.04399999603629112,5655.8173828125,114276.53125,0.0429663360118866,0,3.1392715754918754e-05,35.50577926635742,0,0.0002616529818624258,2.8350639695418067e-05,0,0,23.700000762939453,0,0,1600,0,50,0,0,0,50,50,800,0.0,0.0,0.0,0.0
20,158.1511688232422,309.09088134765625,326.1845397949219,326.0446472167969,291.99896240234375,292.1388854980469,16515.818359375,33031.63671875,68.99241638183594,69.01396942138672,1887.2681884765625,3583.570556640625,1792.21533203125,3578.614013671875,284.5196533203125,61.918373107910156,2.604661858640611e-06,0,0,2574.80712890625,1291.1483154296875,0,24.168134689331055,2718.640625,11.927339553833008,11.832843780517578,913.4655151367188,1811.8616943359375,51.06210708618164,49.92165756225586,100,0,0,346.3505859375,0,7.924896240234375,20.16604995727539,20.30592155456543,0,1.034000039100647,0.9067617654800415,50,2.799999952316284,2.2884600162506104,0,0,0,0,13.872696935004328,0,0,0,0.003030280116945505,-0.002927865367382765,0,0.00010241474956274033,100.49817657470703,100.5042724609375,791.2659301757812,791.270751953125,791.270751953125,550.1810913085938,0,0,24.168134689331055,0.0010999999940395355,0.02200000174343586,0.03299999609589577,0.04399999603629112,5655.8173828125,114276.53125,0.0429663360118866,0,3.1392715754918754e-05,37.32658767700195,0,0.0002616529818624258,2.8350639695418067e-05,0,0,23.700000762939453,0,0,1600,0,50,0,0,0,50,50,800,0.0,0.0,0.0,0.0
21,158.15040588378906,309.08984375,326.18402099609375,326.04400634765625,291.9989013671875,292.1389465332031,16515.818359375,33031.63671875,68.99269104003906,69.01412200927734,1886.8995361328125,3583.533203125,1792.215576171875,3578.613525390625,284.5190124511719,61.91674041748047,-1.4447576859311084e-06,0,0,2574.8095703125,1291.14990234375,0,24.194263458251953,2718.62060546875,11.932180404663086,11.83297348022461,913.3945922851562,1811.7625732421875,51.11904525756836,49.923316955566406,100,0,0,346.3501892089844,0,7.924896240234375,20.16615104675293,20.30615997314453,0,1.034000039100647,0.9067617654800415,50,2.799999952316284,2.2884769439697266,0,0,0,0,14.094428312421433,0,0,0,0.0030951197259128094,-0.002922169864177704,0,0.0001729497453197837,100.50952911376953,100.50353240966797,791.2709350585938,791.2661743164062,791.2661743164062,550.17822265625,0,0,24.194263458251953,0.0010999999940395355,0.02200000174343586,0.03299999609589577,0.04399999603629112,5655.8173828125,114276.53125,0.0429663360118866,0,3.1392715754918754e-05,39.147396087646484,0,0.0002616529818624258,2.8350639695418067e-05,0,0,23.700000762939453,0,0,1600,0,50,0,0,0,50,50,800,0.0,0.0,0.0,0.0
22,158.14976501464844,309.0889587402344,326.18328857421875,326.043212890625,291.9988708496094,292.1389465332031,16515.818359375,33031.63671875,68.99282836914062,69.01412200927734,1886.5341796875,3583.52587890625,1792.218505859375,3578.610107421875,284.5184326171875,61.91521453857422,1.3830513978518866e-07,0,0,2574.8115234375,1291.151611328125,0,24.193571090698242,2718.701416015625,11.93699836730957,11.833099365234375,913.332763671875,1811.6807861328125,51.1749153137207,49.9241943359375,100,0,0,346.3498229980469,0,7.924896240234375,20.16655921936035,20.3066349029541,0,1.034000039100647,0.9067617654800415,50,2.799999952316284,2.2884087562561035,0,0,0,0,14.296879094121383,0,0,0,0.003149500349536538,-0.002938669640570879,0,0.0002108307380694896,100.52163696289062,100.50652313232422,791.2913818359375,791.279541015625,791.279541015625,550.1844482421875,0,0,24.193571090698242,0.0010999999940395355,0.02200000174343586,0.03299999609589577,0.04399999603629112,5655.8173828125,114276.53125,0.0429663360118866,0,3.1392715754918754e-05,40.968204498291016,0,0.0002616529818624258,2.8350639695418067e-05,0,0,23.700000762939453,0,0,1600,0,50,0,0,0,50,50,800,0.0,0.0,0.0,0.0
23,158.14935302734375,309.0882873535156,326.18243408203125,326.0423889160156,291.9988098144531,292.1388854980469,16515.818359375,33031.63671875,68.99287414550781,69.01406860351562,1886.1678466796875,3583.538330078125,1792.2117919921875,3578.6171875,284.5179138183594,61.91396713256836,1.5919949873932637e-06,0,0,2574.813232421875,1291.1529541015625,0,24.17066192626953,2718.854248046875,11.94179630279541,11.833223342895508,913.2825317382812,1811.625244140625,51.230010986328125,49.92450714111328,100,0,0,346.3495788574219,0,7.924896240234375,20.16713523864746,20.30717658996582,0,1.034000039100647,0.9067617654800415,50,2.799999952316284,2.2882802486419678,0,0,0,0,14.451127883565135,0,0,0,0.0031913307029753923,-0.0029711658135056496,0,0.00022016477305442095,100.53301239013672,100.51216888427734,791.322265625,791.3058471679688,791.3058471679688,550.1972045898438,0,0,24.17066192626953,0.0010999999940395355,0.02200000174343586,0.03299999609589577,0.04399999603629112,5655.8173828125,114276.53125,0.0429663360118866,0,3.1392715754918754e-05,42.78901290893555,0,0.0002616529818624258,2.8350639695418067e-05,0,0,23.700000762939453,0,0,1600,0,50,0,0,0,50,50,800,0.0,0.0,0.0,0.0
24,158.14923095703125,309.0878601074219,326.1815185546875,326.0415954589844,291.9988098144531,292.13873291015625,16515.818359375,33031.63671875,68.99286651611328,69.01390838623047,1885.7955322265625,3583.562255859375,1792.21533203125,3578.613525390625,284.517578125,61.913108825683594,-1.5059328006827855e-06,0,0,2574.814208984375,1291.1549072265625,0,24.13306427001953,2719.049560546875,11.946575164794922,11.833346366882324,913.2445068359375,1811.595947265625,51.284481048583984,49.92453384399414,100,0,0,346.3493957519531,0,7.924896240234375,20.16788101196289,20.30778694152832,0,1.034000039100647,0.9067617654800415,50,2.799999952316284,2.2881157398223877,0,0,0,0,14.537892073182272,0,0,0,0.0032164284493774176,-0.003013293957337737,0,0.00020313449203968048,100.54264831542969,100.51939392089844,791.3582763671875,791.3399658203125,791.3399658203125,550.2139892578125,0,0,24.13306427001953,0.0010999999940395355,0.02200000174343586,0.03299999609589577,0.04399999603629112,5655.8173828125,114276.53125,0.0429663360118866,0,3.1392715754918754e-05,44.60982131958008,0,0.0002616529818624258,2.8350639695418067e-05,0,0,23.700000762939453,0,0,1600,0,50,0,0,0,50,50,800,0.0,0.0,0.0,0.0
25,158.1493682861328,309.0876770019531,326.1806640625,326.0408935546875,291.9988098144531,292.1385803222656,16515.818359375,33031.63671875,68.99282836914062,69.01372528076172,1885.414306640625,3583.588134765625,1792.2191162109375,3578.609619140625,284.5174255371094,61.9127197265625,3.045684934477322e-06,0,0,2574.814208984375,1291.1568603515625,0,24.081745147705078,2719.25830078125,11.951333045959473,11.833470344543457,913.216796875,1811.5870361328125,51.33869171142578,49.924407958984375,100,0,0,346.3493957519531,0,7.924896240234375,20.168729782104492,20.308500289916992,0,1.034000039100647,0.9067617654800415,50,2.799999952316284,2.287940263748169,0,0,0,0,14.52825127236038,0,0,0,0.003228977555409074,-0.003058604896068573,0,0.00017037273210007697,100.54985809326172,100.52710723876953,791.39453125,791.3766479492188,791.3766479492188,550.232177734375,0,0,24.081745147705078,0.0010999999940395355,0.02200000174343586,0.03299999609589577,0.04399999603629112,5655.8173828125,114276.53125,0.0429663360118866,0,3.1392715754918754e-05,46.43062973022461,0,0.0002616529818624258,2.8350639695418067e-05,0,0,23.700000762939453,0,0,1600,0,50,0,0,0,50,50,800,0.0,0.0,0.0,0.0
26,158.1497344970703,309.0877380371094,326.1799011230469,326.0403137207031,291.9988708496094,292.138427734375,16515.818359375,33031.63671875,68.99280548095703,69.01355743408203,1885.0198974609375,3583.60888671875,1792.2222900390625,3578.6064453125,284.5174560546875,61.912757873535156,-1.779972421900311e-06,0,0,2574.8134765625,1291.1591796875,0,24.034114837646484,2719.45556640625,11.956070899963379,11.83359432220459,913.1973876953125,1811.5955810546875,51.39274597167969,49.92438507080078,100,0,0,346.3495178222656,0,7.924896240234375,20.169645309448242,20.30921173095703,0,1.034000039100647,0.9067617654800415,50,2.799999952316284,2.2877743244171143,0,0,0,0,14.455948283976081,0,0,0,0.0032247945200651884,-0.0031017379369586706,0,0.00012305661221034825,100.5544204711914,100.5344009399414,791.4273071289062,791.4115600585938,791.4115600585938,550.2496337890625,0,0,24.034114837646484,0.0010999999940395355,0.02200000174343586,0.03299999609589577,0.04399999603629112,5655.8173828125,114276.53125,0.0429663360118866,0,3.1392715754918754e-05,48.25143814086914,0,0.0002616529818624258,2.8350639695418067e-05,0,0,23.700000762939453,0,0,1600,0,50,0,0,0,50,50,800,0.0,0.0,0.0,0.0
27,158.15032958984375,309.0879821777344,326.17919921875,326.0398864746094,291.9990539550781,292.13836669921875,16515.818359375,33031.63671875,68.99281311035156,69.01342010498047,1884.609130859375,3583.61962890625,1792.2259521484375,3578.603271484375,284.51763916015625,61.91323471069336,-3.6041462863067864e-06,0,0,2574.811767578125,1291.162109375,0,23.984895706176758,2719.622802734375,11.960789680480957,11.833719253540039,913.1849365234375,1811.6190185546875,51.44679260253906,49.924591064453125,100,0,0,346.34979248046875,0,7.924896240234375,20.17059326171875,20.30992317199707,0,1.034000039100647,0.9067617654800415,50,2.799999952316284,2.2876336574554443,0,0,0,0,14.316160695765168,0,0,0,0.0032101538963615894,-0.003138589905574918,0,7.156410720199347e-05,100.55611419677734,100.54058074951172,791.45361328125,791.44140625,791.44140625,550.2646484375,0,0,23.984895706176758,0.0010999999940395355,0.02200000174343586,0.03299999609589577,0.04399999603629112,5655.8173828125,114276.53125,0.0429663360118866,0,3.1392715754918754e-05,50.07224655151367,0,0.0002616529818624258,2.8350639695418067e-05,0,0,23.700000762939453,0,0,1600,0,50,0,0,0,50,50,800,0.0,0.0,0.0,0.0
28,158.1510772705078,309.0884094238281,326.1786804199219,326.03961181640625,291.99932861328125,292.1383361816406,16515.818359375,33031.63671875,68.99288177490234,69.01336669921875,1884.1812744140625,3583.61669921875,1792.22607421875,3578.602783203125,284.5179748535156,61.9140625,-5.154281097929925e-06,0,0,2574.809814453125,1291.165283203125,0,23.940839767456055,2719.746826171875,11.965486526489258,11.833844184875488,913.1766967773438,1811.654541015625,51.50091552734375,49.925132751464844,100,0,0,346.3501281738281,0,7.924896240234375,20.171476364135742,20.31053352355957,0,1.034000039100647,0.9067617654800415,50,2.799999952316284,2.287529230117798,0,0,0,0,14.123349708960479,0,0,0,0.0031829646322876215,-0.0031662285327911377,0,1.6736075849621557e-05,100.55528259277344,100.54517364501953,791.4717407226562,791.4638061523438,791.4638061523438,550.2759399414062,0,0,23.940839767456055,0.0010999999940395355,0.02200000174343586,0.03299999609589577,0.04399999603629112,5655.8173828125,114276.53125,0.0429663360118866,0,3.1392715754918754e-05,51.8930549621582,0,0.0002616529818624258,2.8350639695418067e-05,0,0,23.700000762939453,0,0,1600,0,50,0,0,0,50,50,800,0.0,0.0,0.0,0.0
29,158.15196228027344,309.08892822265625,326.17822265625,326.0395202636719,291.9996643066406,292.13836669921875,16515.818359375,33031.63671875,68.99302673339844,69.01333618164062,1883.733642578125,3583.598876953125,1792.2235107421875,3578.605224609375,284.5184020996094,61.9151725769043,4.382955012260936e-06,0,0,2574.807373046875,1291.1690673828125,0,23.902284622192383,2719.82080078125,11.97016429901123,11.83397102355957,913.1697998046875,1811.6895751953125,51.555110931396484,49.92609786987305,100,0,0,346.3505554199219,0,7.924896240234375,20.17232322692871,20.31104278564453,0,1.034000039100647,0.9067617654800415,50,2.799999952316284,2.2874670028686523,0,0,0,0,13.887158136237167,0,0,0,0.003151591867208481,-0.0031829793006181717,0,-3.1387597118737176e-05,100.55218505859375,100.54790496826172,791.480712890625,791.4773559570312,791.4773559570312,550.2830200195312,0,0,23.902284622192383,0.0010999999940395355,0.02200000174343586,0.03299999609589577,0.04399999603629112,5655.8173828125,114276.53125,0.0429663360118866,0,3.1392715754918754e-05,53.713863372802734,0,0.0002616529818624258,2.8350639695418067e-05,0,0,23.700000762939453,0,0,1600,0,50,0,0,0,50,50,800,0.0,0.0,0.0,0.0
30,158.15289306640625,309.0894775390625,326.1778869628906,326.03955078125,292.0000915527344,292.13848876953125,16515.818359375,33031.63671875,68.99323272705078,69.01338195800781,1883.27001953125,3583.5634765625,1792.2294921875,3578.599365234375,284.5189208984375,61.91645431518555,-2.4774003577476833e-06,0,0,2574.8046875,1291.1729736328125,0,23.87494659423828,2719.84326171875,11.974820137023926,11.834097862243652,913.1626586914062,1811.7283935546875,51.60958480834961,49.92738342285156,100,0,0,346.35101318359375,0,7.924896240234375,20.173137664794922,20.31148338317871,0,1.034000039100647,0.9067617654800415,50,2.799999952316284,2.2874481678009033,0,0,0,0,13.622043155121547,0,0,0,0.0031181268859654665,-0.0031885907519608736,0,-7.04638659954071e-05,100.54747772216797,100.54873657226562,791.4808959960938,791.4818725585938,791.4818725585938,550.2855224609375,0,0,23.87494659423828,0.0010999999940395355,0.02200000174343586,0.03299999609589577,0.04399999603629112,5655.8173828125,114276.53125,0.0429663360118866,0,3.1392715754918754e-05,55.534671783447266,0,0.0002616529818624258,2.8350639695418067e-05,0,0,23.700000762939453,0,0,1600,0,50,0,0,0,50,50,800,0.0,0.0,0.0,0.0
31,158.15383911132812,309.0899963378906,326.1776123046875,326.0396728515625,292.00067138671875,292.1386413574219,16515.818359375,33031.63671875,68.9935073852539,69.01348114013672,1882.7891845703125,3583.513671875,1792.2325439453125,3578.59619140625,284.5194396972656,61.917816162109375,2.863407871700474e-06,0,0,2574.8017578125,1291.1771240234375,0,23.859233856201172,2719.818115234375,11.979451179504395,11.83422565460205,913.1519775390625,1811.761474609375,51.66411590576172,49.92904281616211,100,0,0,346.3515319824219,0,7.924896240234375,20.173917770385742,20.311857223510742,0,1.034000039100647,0.9067617654800415,50,2.799999952316284,2.2874691486358643,0,0,0,0,13.352108779521613,0,0,0,0.0030846616718918085,-0.0031837329734116793,0,-9.907135245157406e-05,100.54183197021484,100.54780578613281,791.4732666015625,791.4779663085938,791.4779663085938,550.2838134765625,0,0,23.859233856201172,0.0010999999940395355,0.02200000174343586,0.03299999609589577,0.04399999603629112,5655.8173828125,114276.53125,0.0429663360118866,0,3.1392715754918754e-05,57.3554801940918,0,0.0002616529818624258,2.8350639695418067e-05,0,0,23.700000762939453,0,0,1600,0,50,0,0,0,50,50,800,0.0,0.0,0.0,0.0
32,158.15476989746094,309.09051513671875,326.177490234375,326.0399475097656,292.001220703125,292.1387939453125,16515.818359375,33031.63671875,68.99382781982422,69.01364135742188,1882.2921142578125,3583.452880859375,1792.236083984375,3578.5927734375,284.5199890136719,61.919166564941406,-4.174542482360266e-06,0,0,2574.799072265625,1291.1815185546875,0,23.852752685546875,2719.753662109375,11.984060287475586,11.834351539611816,913.137939453125,1811.788818359375,51.71867752075195,49.93097686767578,100,0,0,346.3520202636719,0,7.924896240234375,20.174528121948242,20.31205940246582,0,1.034000039100647,0.9067617654800415,50,2.799999952316284,2.2875235080718994,0,0,0,0,13.082174403921679,0,0,0,0.0030532877426594496,-0.0031702485866844654,0,-0.00011696093861246482,100.53572845458984,100.54541778564453,791.4594116210938,791.467041015625,791.467041015625,550.2786865234375,0,0,23.852752685546875,0.0010999999940395355,0.02200000174343586,0.03299999609589577,0.04399999603629112,5655.8173828125,114276.53125,0.0429663360118866,0,3.1392715754918754e-05,59.17628860473633,0,0.0002616529818624258,2.8350639695418067e-05,0,0,23.700000762939453,0,0,1600,0,50,0,0,0,50,50,800,0.0,0.0,0.0,0.0
33,158.15560913085938,309.0909118652344,326.17730712890625,326.04022216796875,292.0018615722656,292.1390075683594,16515.818359375,33031.63671875,68.99420166015625,69.01384735107422,1881.7808837890625,3583.382080078125,1792.2379150390625,3578.5908203125,284.5205078125,61.9204216003418,-4.4662165237241425e-06,0,0,2574.79638671875,1291.1861572265625,0,23.855880737304688,2719.658935546875,11.988643646240234,11.834479331970215,913.117919921875,1811.8057861328125,51.773155212402344,49.93317413330078,100,0,0,346.3524475097656,0,7.924896240234375,20.175138473510742,20.31222915649414,0,1.034000039100647,0.9067617654800415,50,2.799999952316284,2.2876031398773193,0,0,0,0,12.826701229554581,0,0,0,0.0030281883664429188,-0.003150064265355468,0,-0.00012187585525680333,100.52980041503906,100.54191589355469,791.4411010742188,791.45068359375,791.45068359375,550.2706909179688,0,0,23.855880737304688,0.0010999999940395355,0.02200000174343586,0.03299999609589577,0.04399999603629112,5655.8173828125,114276.53125,0.0429663360118866,0,3.1392715754918754e-05,60.99709701538086,0,0.0002616529818624258,2.8350639695418067e-05,0,0,23.700000762939453,0,0,1600,0,50,0,0,0,50,50,800,0.0,0.0,0.0,0.0
34,158.1563720703125,309.0912170410156,326.1771545410156,326.04052734375,292.0025634765625,292.1392517089844,16515.818359375,33031.63671875,68.99459838867188,69.01407623291016,1881.2591552734375,3583.306640625,1792.2408447265625,3578.588134765625,284.5209045410156,61.921531677246094,5.071018676972017e-06,0,0,2574.7939453125,1291.1903076171875,0,23.86752700805664,2719.5458984375,11.993202209472656,11.834603309631348,913.0936889648438,1811.8145751953125,51.8275260925293,49.93544387817383,100,0,0,346.35284423828125,0,7.924896240234375,20.17571449279785,20.31233024597168,0,1.034000039100647,0.9067617654800415,50,2.799999952316284,2.287698268890381,0,0,0,0,12.60014945172653,0,0,0,0.0030093637760728598,-0.003125775372609496,0,-0.00011641157470876351,100.52446746826172,100.5377426147461,791.4205932617188,791.4310302734375,791.4310302734375,550.2610473632812,0,0,23.86752700805664,0.0010999999940395355,0.02200000174343586,0.03299999609589577,0.04399999603629112,5655.8173828125,114276.53125,0.0429663360118866,0,3.1392715754918754e-05,62.81790542602539,0,0.0002616529818624258,2.8350639695418067e-05,0,0,23.700000762939453,0,0,1600,0,50,0,0,0,50,50,800,0.0,0.0,0.0,0.0
35,158.1570281982422,309.0914611816406,326.17694091796875,326.0408020019531,292.0033264160156,292.1395263671875,16515.818359375,33031.63671875,68.99501037597656,69.01432037353516,1880.7271728515625,3583.229248046875,1792.24462890625,3578.58447265625,284.52130126953125,61.9224739074707,-3.2035256936069345e-07,0,0,2574.791748046875,1291.1949462890625,0,23.881093978881836,2719.42626953125,11.997734069824219,11.83472728729248,913.0639038085938,1811.8131103515625,51.881629943847656,49.93775939941406,100,0,0,346.3532409667969,0,7.924896240234375,20.17629051208496,20.31243324279785,0,1.034000039100647,0.9067617654800415,50,2.799999952316284,2.2877988815307617,0,0,0,0,12.39769867002658,0,0,0,0.002994722221046686,-0.0030998955480754375,0,-0.00010517337796045467,100.52007293701172,100.53331756591797,791.3995971679688,791.4100952148438,791.4100952148438,550.250732421875,0,0,23.881093978881836,0.0010999999940395355,0.02200000174343586,0.03299999609589577,0.04399999603629112,5655.8173828125,114276.53125,0.0429663360118866,0,3.1392715754918754e-05,64.63871765136719,0,0.0002616529818624258,2.8350639695418067e-05,0,0,23.700000762939453,0,0,1600,0,50,0,0,0,50,50,800,0.0,0.0,0.0,0.0
36,158.15757751464844,309.09161376953125,326.17669677734375,326.0409851074219,292.0040588378906,292.1398010253906,16515.818359375,33031.63671875,68.99542999267578,69.01456451416016,1880.1875,3583.15283203125,1792.248046875,3578.580810546875,284.5216064453125,61.92323684692383,-1.1118839893242694e-06,0,0,2574.7900390625,1291.1993408203125,0,23.899377822875977,2719.30908203125,12.002238273620605,11.83484935760498,913.031005859375,1811.80419921875,51.93539810180664,49.940040588378906,100,0,0,346.3535461425781,0,7.924896240234375,20.17683219909668,20.31253433227539,0,1.034000039100647,0.9067617654800415,50,2.799999952316284,2.2878975868225098,0,0,0,0,12.224169284865674,0,0,0,0.0029863554518669844,-0.0030744345858693123,0,-8.807892299955711e-05,100.51667022705078,100.52898406982422,791.3797607421875,791.3894653320312,791.3894653320312,550.240478515625,0,0,23.899377822875977,0.0010999999940395355,0.02200000174343586,0.03299999609589577,0.04399999603629112,5655.8173828125,114276.53125,0.0429663360118866,0,3.1392715754918754e-05,66.45953369140625,0,0.0002616529818624258,2.8350639695418067e-05,0,0,23.700000762939453,0,0,1600,0,50,0,0,0,50,50,800,0.0,0.0,0.0,0.0
37,158.15806579589844,309.0916748046875,326.1763916015625,326.0411682128906,292.00482177734375,292.14007568359375,16515.818359375,33031.63671875,68.99583435058594,69.0147933959961,1879.6416015625,3583.0791015625,1792.252197265625,3578.576904296875,284.5218505859375,61.92384338378906,-4.453263954928843e-06,0,0,2574.788330078125,1291.203857421875,0,23.915605545043945,2719.20263671875,12.006714820861816,11.834969520568848,912.9940185546875,1811.7900390625,51.98875045776367,49.942230224609375,100,0,0,346.3537902832031,0,7.924896240234375,20.177410125732422,20.31263542175293,0,1.034000039100647,0.9067617654800415,50,2.799999952316284,2.287987232208252,0,0,0,0,12.07474089583287,0,0,0,0.0029821721836924553,-0.0030512346420437098,0,-6.906245835125446e-05,100.51433563232422,100.5250473022461,791.3622436523438,791.3706665039062,791.3706665039062,550.2311401367188,0,0,23.915605545043945,0.0010999999940395355,0.02200000174343586,0.03299999609589577,0.04399999603629112,5655.8173828125,114276.53125,0.0429663360118866,0,3.1392715754918754e-05,68.28034973144531,0,0.0002616529818624258,2.8350639695418067e-05,0,0,23.700000762939453,0,0,1600,0,50,0,0,0,50,50,800,0.0,0.0,0.0,0.0
38,158.1584930419922,309.0916748046875,326.176025390625,326.0412902832031,292.00555419921875,292.1403503417969,16515.818359375,33031.63671875,68.99623107910156,69.01500701904297,1879.090576171875,3583.01123046875,1792.2568359375,3578.572509765625,284.5220031738281,61.92431640625,3.7772892937937286e-06,0,0,2574.786865234375,1291.2081298828125,0,23.92832374572754,2719.111328125,12.011163711547852,11.83508586883545,912.954345703125,1811.7713623046875,52.04166793823242,49.94424819946289,100,0,0,346.3540344238281,0,7.924896240234375,20.178020477294922,20.3127384185791,0,1.034000039100647,0.9067617654800415,50,2.799999952316284,2.2880640029907227,0,0,0,0,11.944594108443848,0,0,0,0.0029821721836924553,-0.0030313010793179274,0,-4.9128873797599226e-05,100.5129165649414,100.52167510986328,791.3475952148438,791.3545532226562,791.3545532226562,550.2230834960938,0,0,23.92832374572754,0.0010999999940395355,0.02200000174343586,0.03299999609589577,0.04399999603629112,5655.8173828125,114276.53125,0.0429663360118866,0,3.1392715754918754e-05,70.10116577148438,0,0.0002616529818624258,2.8350639695418067e-05,0,0,23.700000762939453,0,0,1600,0,50,0,0,0,50,50,800,0.0,0.0,0.0,0.0
39,158.1588592529297,309.0916748046875,326.1755676269531,326.0413818359375,292.00628662109375,292.1405334472656,16515.818359375,33031.63671875,68.9966049194336,69.01519775390625,1878.53466796875,3582.947509765625,1792.2596435546875,3578.5693359375,284.52215576171875,61.9246711730957,4.63233664049767e-06,0,0,2574.785888671875,1291.2125244140625,0,23.941556930541992,2719.038330078125,12.015583992004395,11.835204124450684,912.9143676757812,1811.755126953125,52.0941276550293,49.94614028930664,100,0,0,346.354248046875,0,7.924896240234375,20.17866325378418,20.31287384033203,0,1.034000039100647,0.9067617654800415,50,2.799999952316284,2.2881252765655518,0,0,0,0,11.83372892269861,0,0,0,0.0029821721836924553,-0.0030153042171150446,0,-3.3131942473119125e-05,100.5123062133789,100.51897430419922,791.3363647460938,791.341552734375,791.341552734375,550.2166137695312,0,0,23.941556930541992,0.0010999999940395355,0.02200000174343586,0.03299999609589577,0.04399999603629112,5655.8173828125,114276.53125,0.0429663360118866,0,3.1392715754918754e-05,71.92198181152344,0,0.0002616529818624258,2.8350639695418067e-05,0,0,23.700000762939453,0,0,1600,0,50,0,0,0,50,50,800,0.0,0.0,0.0,0.0
40,158.15919494628906,309.09161376953125,326.1750793457031,326.0413818359375,292.0070495605469,292.1407470703125,16515.818359375,33031.63671875,68.99696350097656,69.015380859375,1877.9744873046875,3582.8896484375,1792.2628173828125,3578.566162109375,284.52227783203125,61.92497634887695,-2.065716898869141e-06,0,0,2574.78466796875,1291.2164306640625,0,23.947032928466797,2718.98388671875,12.019974708557129,11.835317611694336,912.8728637695312,1811.734130859375,52.146080017089844,49.947853088378906,100,0,0,346.3544006347656,0,7.924896240234375,20.17934226989746,20.31304359436035,0,1.034000039100647,0.9067617654800415,50,2.799999952316284,2.2881712913513184,0,0,0,0,11.732503531848636,0,0,0,0.0029863554518669844,-0.0030033274088054895,0,-1.6971864170045592e-05,100.5122299194336,100.51696014404297,791.328125,791.3318481445312,791.3318481445312,550.2117309570312,0,0,23.947032928466797,0.0010999999940395355,0.02200000174343586,0.03299999609589577,0.04399999603629112,5655.8173828125,114276.53125,0.0429663360118866,0,3.1392715754918754e-05,73.7427978515625,0,0.0002616529818624258,2.8350639695418067e-05,0,0,23.700000762939453,0,0,1600,0,50,0,0,0,50,50,800,0.0,0.0,0.0,0.0
41,158.15953063964844,309.09161376953125,326.1745300292969,326.0413818359375,292.0077819824219,292.1409606933594,16515.818359375,33031.63671875,68.99729919433594,69.0155258178711,1877.4100341796875,3582.837646484375,1792.2659912109375,3578.56298828125,284.52239990234375,61.92524337768555,-3.938112968171481e-06,0,0,2574.783935546875,1291.2208251953125,0,23.951345443725586,2718.9462890625,12.024335861206055,11.835429191589355,912.8323974609375,1811.7186279296875,52.197540283203125,49.94942855834961,100,0,0,346.3545837402344,0,7.924896240234375,20.1800537109375,20.313213348388672,0,1.034000039100647,0.9067617654800415,50,2.799999952316284,2.2882027626037598,0,0,0,0,11.636098541409606,0,0,0,0.0029863554518669844,-0.002995035843923688,0,-8.680252904014196e-06,100.51258850097656,100.51557159423828,791.3228149414062,791.3251342773438,791.3251342773438,550.2083740234375,0,0,23.951345443725586,0.0010999999940395355,0.02200000174343586,0.03299999609589577,0.04399999603629112,5655.8173828125,114276.53125,0.0429663360118866,0,3.1392715754918754e-05,75.56361389160156,0,0.0002616529818624258,2.8350639695418067e-05,0,0,23.700000762939453,0,0,1600,0,50,0,0,0,50,50,800,0.0,0.0,0.0,0.0
42,158.1598663330078,309.09161376953125,326.1739501953125,326.0412902832031,292.008544921875,292.1411437988281,16515.818359375,33031.63671875,68.99762725830078,69.01567077636719,1876.84130859375,3582.787353515625,1792.272705078125,3578.55615234375,284.52252197265625,61.92552947998047,-2.9054706374154193e-06,0,0,2574.78271484375,1291.2249755859375,0,23.948976516723633,2718.92236328125,12.028668403625488,11.835540771484375,912.79443359375,1811.703125,52.24859619140625,49.95087814331055,100,0,0,346.3547668457031,0,7.924896240234375,20.18079948425293,20.31344985961914,0,1.034000039100647,0.9067617654800415,50,2.799999952316284,2.2882227897644043,0,0,0,0,11.539692545043946,0,0,0,0.0029863554518669844,-0.0029898430220782757,0,-3.487477215458057e-06,100.5129165649414,100.51469421386719,791.3195190429688,791.3209838867188,791.3209838867188,550.206298828125,0,0,23.948976516723633,0.0010999999940395355,0.02200000174343586,0.03299999609589577,0.04399999603629112,5655.8173828125,114276.53125,0.0429663360118866,0,3.1392715754918754e-05,77.38442993164062,0,0.0002616529818624258,2.8350639695418067e-05,0,0,23.700000762939453,0,0,1600,0,50,0,0,0,50,50,800,0.0,0.0,0.0,0.0
43,158.1602325439453,309.09161376953125,326.17333984375,326.0412292480469,292.00927734375,292.141357421875,16515.818359375,33031.63671875,68.99794006347656,69.01579284667969,1876.2664794921875,3582.740966796875,1792.2767333984375,3578.55224609375,284.5226135253906,61.92584228515625,2.1942264538665768e-06,0,0,2574.78173828125,1291.22900390625,0,23.94654083251953,2718.90869140625,12.03297233581543,11.835650444030762,912.7560424804688,1811.6929931640625,52.299198150634766,49.952239990234375,100,0,0,346.35491943359375,0,7.924896240234375,20.18157958984375,20.313688278198242,0,1.034000039100647,0.9067617654800415,50,2.799999952316284,2.2882344722747803,0,0,0,0,11.43846715419397,0,0,0,0.0029863554518669844,-0.0029868280980736017,0,-4.724832365354814e-07,100.51322174072266,100.5141830444336,791.3177490234375,791.3185424804688,791.3185424804688,550.205078125,0,0,23.94654083251953,0.0010999999940395355,0.02200000174343586,0.03299999609589577,0.04399999603629112,5655.8173828125,114276.53125,0.0429663360118866,0,3.1392715754918754e-05,79.20524597167969,0,0.0002616529818624258,2.8350639695418067e-05,0,0,23.700000762939453,0,0,1600,0,50,0,0,0,50,50,800,0.0,0.0,0.0,0.0
44,158.16062927246094,309.0916748046875,326.1727294921875,326.0411682128906,292.0100402832031,292.1414794921875,16515.818359375,33031.63671875,68.99824523925781,69.01591491699219,1875.6865234375,3582.696533203125,1792.2813720703125,3578.5478515625,284.52276611328125,61.926204681396484,4.211289251543349e-06,0,0,2574.78076171875,1291.233642578125,0,23.937196731567383,2718.901123046875,12.03724479675293,11.835758209228516,912.71875,1811.682861328125,52.34939956665039,49.95354080200195,100,0,0,346.3551330566406,0,7.924896240234375,20.18239402770996,20.3139591217041,0,1.034000039100647,0.9067617654800415,50,2.799999952316284,2.288240671157837,0,0,0,0,11.332422368859678,0,0,0,0.0029821721836924553,-0.002985236467793584,0,-3.064330712732044e-06,100.51336669921875,100.51390838623047,791.3168334960938,791.3171997070312,791.3171997070312,550.2044067382812,0,0,23.937196731567383,0.0010999999940395355,0.02200000174343586,0.03299999609589577,0.04399999603629112,5655.8173828125,114276.53125,0.0429663360118866,0,3.1392715754918754e-05,81.02606201171875,0,0.0002616529818624258,2.8350639695418067e-05,0,0,23.700000762939453,0,0,1600,0,50,0,0,0,50,50,800,0.0,0.0,0.0,0.0
45,158.1610565185547,309.0917663574219,326.172119140625,326.0411682128906,292.0107727050781,292.14166259765625,16515.818359375,33031.63671875,68.99855041503906,69.01602935791016,1875.1005859375,3582.65087890625,1792.28515625,3578.5439453125,284.52294921875,61.92664337158203,-3.4229622087877942e-06,0,0,2574.779296875,1291.2379150390625,0,23.92901611328125,2718.896240234375,12.041488647460938,11.835866928100586,912.6824951171875,1811.677978515625,52.39926528930664,49.95481491088867,100,0,0,346.3553161621094,0,7.924896240234375,20.183208465576172,20.31416130065918,0,1.034000039100647,0.9067617654800415,50,2.799999952316284,2.2882449626922607,0,0,0,0,11.21191537636592,0,0,0,0.0029758973978459835,-0.0029842315707355738,0,-8.33428930491209e-06,100.51315307617188,100.51372528076172,791.31591796875,791.31640625,791.31640625,550.2041015625,0,0,23.92901611328125,0.0010999999940395355,0.02200000174343586,0.03299999609589577,0.04399999603629112,5655.8173828125,114276.53125,0.0429663360118866,0,3.1392715754918754e-05,82.84687805175781,0,0.0002616529818624258,2.8350639695418067e-05,0,0,23.700000762939453,0,0,1600,0,50,0,0,0,50,50,800,0.0,0.0,0.0,0.0
46,158.16152954101562,309.0919189453125,326.1715087890625,326.0411682128906,292.01153564453125,292.14178466796875,16515.818359375,33031.63671875,68.99886322021484,69.01615142822266,1874.5089111328125,3582.60595703125,1792.291748046875,3578.53759765625,284.5231628417969,61.92713928222656,-2.34209755944903e-06,0,0,2574.77783203125,1291.2423095703125,0,23.920543670654297,2718.889404296875,12.04570198059082,11.83597183227539,912.6484985351562,1811.675537109375,52.44876480102539,49.956077575683594,100,0,0,346.3555603027344,0,7.924896240234375,20.18405532836914,20.31439971923828,0,1.034000039100647,0.9067617654800415,50,2.799999952316284,2.288250684738159,0,0,0,0,11.081768588976898,0,0,0,0.0029675306286662817,-0.002982891397550702,0,-1.536069976282306e-05,100.51245880126953,100.51347351074219,791.3145141601562,791.3153076171875,791.3153076171875,550.20361328125,0,0,23.920543670654297,0.0010999999940395355,0.02200000174343586,0.03299999609589577,0.04399999603629112,5655.8173828125,114276.53125,0.0429663360118866,0,3.1392715754918754e-05,84.66769409179688,0,0.0002616529818624258,2.8350639695418067e-05,0,0,23.700000762939453,0,0,1600,0,50,0,0,0,50,50,800,0.0,0.0,0.0,0.0
47,158.16201782226562,309.092041015625,326.1709289550781,326.0411682128906,292.01226806640625,292.1419677734375,16515.818359375,33031.63671875,68.99918365478516,69.01628112792969,1873.9097900390625,3582.559326171875,1792.2952880859375,3578.533935546875,284.52337646484375,61.92770767211914,-8.578200549891335e-07,0,0,2574.77685546875,1291.2467041015625,0,23.91050910949707,2718.87841796875,12.049884796142578,11.836076736450195,912.6141357421875,1811.675537109375,52.49794387817383,49.95736312866211,100,0,0,346.3558044433594,0,7.924896240234375,20.18486976623535,20.31463623046875,0,1.034000039100647,0.9067617654800415,50,2.799999952316284,2.288259983062744,0,0,0,0,10.94680140117693,0,0,0,0.0029591640923172235,-0.0029806301463395357,0,-2.1466054022312164e-05,100.51139831542969,100.5130615234375,791.3121948242188,791.3134765625,791.3134765625,550.2026977539062,0,0,23.91050910949707,0.0010999999940395355,0.02200000174343586,0.03299999609589577,0.04399999603629112,5655.8173828125,114276.53125,0.0429663360118866,0,3.1392715754918754e-05,86.48851013183594,0,0.0002616529818624258,2.8350639695418067e-05,0,0,23.700000762939453,0,0,1600,0,50,0,0,0,50,50,800,0.0,0.0,0.0,0.0
48,158.1625518798828,309.0922546386719,326.17034912109375,326.04119873046875,292.0130615234375,292.1421813964844,16515.818359375,33031.63671875,68.99951934814453,69.01641845703125,1873.3043212890625,3582.51025390625,1792.30029296875,3578.52880859375,284.52362060546875,61.92832565307617,-2.4561766167607857e-06,0,0,2574.775146484375,1291.251708984375,0,23.901569366455078,2718.861328125,12.054037094116211,11.836181640625,912.5806274414062,1811.6756591796875,52.54680252075195,49.958702087402344,100,0,0,346.3560791015625,0,7.924896240234375,20.18571662902832,20.31487464904785,0,1.034000039100647,0.9067617654800415,50,2.799999952316284,2.2882742881774902,0,0,0,0,10.802193412555072,0,0,0,0.0029466140549629927,-0.002977112540975213,0,-3.0498626074404456e-05,100.51002502441406,100.51243591308594,791.3087768554688,791.3106689453125,791.3106689453125,550.201416015625,0,0,23.901569366455078,0.0010999999940395355,0.02200000174343586,0.03299999609589577,0.04399999603629112,5655.8173828125,114276.53125,0.0429663360118866,0,3.1392715754918754e-05,88.309326171875,0,0.0002616529818624258,2.8350639695418067e-05,0,0,23.700000762939453,0,0,1600,0,50,0,0,0,50,50,800,0.0,0.0,0.0,0.0
49,158.1630859375,309.0924377441406,326.1697692871094,326.0412292480469,292.01385498046875,292.1423645019531,16515.818359375,33031.63671875,68.9998550415039,69.01657104492188,1872.6925048828125,3582.458984375,1792.3050537109375,3578.52392578125,284.52386474609375,61.928985595703125,2.3365523702523205e-06,0,0,2574.773681640625,1291.25634765625,0,23.89379119873047,2718.8369140625,12.058158874511719,11.836284637451172,912.5470581054688,1811.677734375,52.59539794921875,49.960060119628906,100,0,0,346.3563537597656,0,7.924896240234375,20.186565399169922,20.31511116027832,0,1.034000039100647,0.9067617654800415,50,2.799999952316284,2.288294792175293,0,0,0,0,10.64794562903795,0,0,0,0.002934063784778118,-0.0029720033053308725,0,-3.7939706089673564e-05,100.50821685791016,100.51152801513672,791.303955078125,791.3065185546875,791.3065185546875,550.1994018554688,0,0,23.89379119873047,0.0010999999940395355,0.02200000174343586,0.03299999609589577,0.04399999603629112,5655.8173828125,114276.53125,0.0429663360118866,0,3.1392715754918754e-05,90.13014221191406,0,0.0002616529818624258,2.8350639695418067e-05,0,0,23.700000762939453,0,0,1600,0,50,0,0,0,50,50,800,0.0,0.0,0.0,0.0
50,158.1636199951172,309.0926513671875,326.16925048828125,326.0412902832031,292.0146789550781,292.142578125,16515.818359375,33031.63671875,69.00021362304688,69.01673126220703,1872.0740966796875,3582.40478515625,1792.311279296875,3578.51806640625,284.5241394042969,61.92967224121094,5.606004833680345e-07,0,0,2574.77197265625,1291.26123046875,0,23.888582229614258,2718.8046875,12.062248229980469,11.836387634277344,912.5130004882812,1811.677490234375,52.643653869628906,49.96147155761719,100,0,0,346.35662841796875,0,7.924896240234375,20.1873779296875,20.31531524658203,0,1.034000039100647,0.9067617654800415,50,2.799999952316284,2.2883219718933105,0,0,0,0,10.49369784552083,0,0,0,0.0029215132817626,-0.0029652193188667297,0,-4.370606256998144e-05,100.5062026977539,100.51033782958984,791.2977905273438,791.301025390625,791.301025390625,550.19677734375,0,0,23.888582229614258,0.0010999999940395355,0.02200000174343586,0.03299999609589577,0.04399999603629112,5655.8173828125,114276.53125,0.0429663360118866,0,3.1392715754918754e-05,91.95095825195312,0,0.0002616529818624258,2.8350639695418067e-05,0,0,23.700000762939453,0,0,1600,0,50,0,0,0,50,50,800,0.0,0.0,0.0,0.0
51,158.16415405273438,309.0928649902344,326.168701171875,326.0413818359375,292.0155029296875,292.1427917480469,16515.818359375,33031.63671875,69.00057983398438,69.01689910888672,1871.4500732421875,3582.348876953125,1792.3160400390625,3578.5126953125,284.5244140625,61.93037033081055,5.276720003166702e-07,0,0,2574.770263671875,1291.26611328125,0,23.883285522460938,2718.76513671875,12.066306114196777,11.836488723754883,912.478759765625,1811.679443359375,52.69162368774414,49.962913513183594,100,0,0,346.3569030761719,0,7.924896240234375,20.18819236755371,20.315519332885742,0,1.034000039100647,0.9067617654800415,50,2.799999952316284,2.2883551120758057,0,0,0,0,10.339449056077077,0,0,0,0.002908963244408369,-0.0029568439349532127,0,-4.788062142324634e-05,100.5040283203125,100.50888061523438,791.2904663085938,791.2942504882812,791.2942504882812,550.1934814453125,0,0,23.883285522460938,0.0010999999940395355,0.02200000174343586,0.03299999609589577,0.04399999603629112,5655.8173828125,114276.53125,0.0429663360118866,0,3.1392715754918754e-05,93.77177429199219,0,0.0002616529818624258,2.8350639695418067e-05,0,0,23.700000762939453,0,0,1600,0,50,0,0,0,50,50,800,0.0,0.0,0.0,0.0
52,158.16470336914062,309.0930480957031,326.16815185546875,326.04144287109375,292.016357421875,292.14300537109375,16515.818359375,33031.63671875,69.0009536743164,69.01707458496094,1870.8193359375,3582.290283203125,1792.3223876953125,3578.5068359375,284.5246887207031,61.931068420410156,4.947435172653059e-07,0,0,2574.768798828125,1291.2713623046875,0,23.88066864013672,2718.7197265625,12.070334434509277,11.836589813232422,912.4429321289062,1811.67626953125,52.73926544189453,49.964412689208984,100,0,0,346.3572082519531,0,7.924896240234375,20.18903923034668,20.31575584411621,0,1.034000039100647,0.9067617654800415,50,2.799999952316284,2.288393259048462,0,0,0,0,10.185201272559956,0,0,0,0.0028964129742234945,-0.0029471286106854677,0,-5.071552004665136e-05,100.50181579589844,100.5072021484375,791.2821044921875,791.286376953125,791.286376953125,550.1896362304688,0,0,23.88066864013672,0.0010999999940395355,0.02200000174343586,0.03299999609589577,0.04399999603629112,5655.8173828125,114276.53125,0.0429663360118866,0,3.1392715754918754e-05,95.59259033203125,0,0.0002616529818624258,2.8350639695418067e-05,0,0,23.700000762939453,0,0,1600,0,50,0,0,0,50,50,800,0.0,0.0,0.0,0.0
53,158.1652374267578,309.09326171875,326.1675720214844,326.0415344238281,292.01727294921875,292.14324951171875,16515.818359375,33031.63671875,69.0013427734375,69.01726531982422,1870.1845703125,3582.23095703125,1792.329345703125,3578.5,284.52496337890625,61.931758880615234,-7.002005304457271e-07,0,0,2574.76708984375,1291.2762451171875,0,23.878055572509766,2718.669677734375,12.074328422546387,11.836688041687012,912.4068603515625,1811.6756591796875,52.78657913208008,49.96590042114258,100,0,0,346.3574523925781,0,7.924896240234375,20.18988800048828,20.31592559814453,0,1.034000039100647,0.9067617654800415,50,2.799999952316284,2.288435459136963,0,0,0,0,10.030952483116206,0,0,0,0.00288386270403862,-0.002936408156529069,0,-5.2545521612046286e-05,100.49957275390625,100.5053482055664,791.2731323242188,791.2777099609375,791.2777099609375,550.1854248046875,0,0,23.878055572509766,0.0010999999940395355,0.02200000174343586,0.03299999609589577,0.04399999603629112,5655.8173828125,114276.53125,0.0429663360118866,0,3.1392715754918754e-05,97.41340637207031,0,0.0002616529818624258,2.8350639695418067e-05,0,0,23.700000762939453,0,0,1600,0,50,0,0,0,50,50,800,0.0,0.0,0.0,0.0
54,158.16574096679688,309.0934753417969,326.1670227050781,326.0415954589844,292.0181579589844,292.1435241699219,16515.818359375,33031.63671875,69.0017318725586,69.01746368408203,1869.5443115234375,3582.16943359375,1792.333984375,3578.4951171875,284.5252380371094,61.93243408203125,-4.219175934849773e-06,0,0,2574.765625,1291.28125,0,23.8768253326416,2718.61669921875,12.078289031982422,11.836787223815918,912.3705444335938,1811.6748046875,52.83353042602539,49.96742248535156,100,0,0,346.35772705078125,0,7.924896240234375,20.190702438354492,20.316129684448242,0,1.034000039100647,0.9067617654800415,50,2.799999952316284,2.288480281829834,0,0,0,0,9.88152510001003,0,0,0,0.002871312201023102,-0.0029250173829495907,0,-5.370539292925969e-05,100.49732971191406,100.50338745117188,791.2637329101562,791.2684936523438,791.2684936523438,550.180908203125,0,0,23.8768253326416,0.0010999999940395355,0.02200000174343586,0.03299999609589577,0.04399999603629112,5655.8173828125,114276.53125,0.0429663360118866,0,3.1392715754918754e-05,99.23422241210938,0,0.0002616529818624258,2.8350639695418067e-05,0,0,23.700000762939453,0,0,1600,0,50,0,0,0,50,50,800,0.0,0.0,0.0,0.0
55,158.16624450683594,309.0936584472656,326.1664733886719,326.04168701171875,292.0190734863281,292.1438293457031,16515.818359375,33031.63671875,69.00212860107422,69.01766967773438,1868.8992919921875,3582.10888671875,1792.34033203125,3578.48876953125,284.5255126953125,61.933074951171875,-2.3314855752687436e-06,0,0,2574.763916015625,1291.2864990234375,0,23.878389358520508,2718.56103515625,12.082219123840332,11.836882591247559,912.3339233398438,1811.6715087890625,52.88011169433594,49.96892166137695,100,0,0,346.35797119140625,0,7.924896240234375,20.19151496887207,20.31629753112793,0,1.034000039100647,0.9067617654800415,50,2.799999952316284,2.288527011871338,0,0,0,0,9.736917111388172,0,0,0,0.0028587616980075836,-0.0029131246265023947,0,-5.436281207948923e-05,100.49510192871094,100.50133514404297,791.2539672851562,791.2588500976562,791.2588500976562,550.1762084960938,0,0,23.878389358520508,0.0010999999940395355,0.02200000174343586,0.03299999609589577,0.04399999603629112,5655.8173828125,114276.53125,0.0429663360118866,0,3.1392715754918754e-05,101.05503845214844,0,0.0002616529818624258,2.8350639695418067e-05,0,0,23.700000762939453,0,0,1600,0,50,0,0,0,50,50,800,0.0,0.0,0.0,0.0
56,158.16671752929688,309.09381103515625,326.1658630371094,326.041748046875,292.02001953125,292.14410400390625,16515.818359375,33031.63671875,69.00253295898438,69.01787567138672,1868.2510986328125,3582.047119140625,1792.3465576171875,3578.482421875,284.5257568359375,61.93368911743164,-4.510849976213649e-06,0,0,2574.7626953125,1291.291748046875,0,23.87870216369629,2718.5048828125,12.086114883422852,11.8369779586792,912.2946166992188,1811.66552734375,52.926326751708984,49.97041702270508,100,0,0,346.3582458496094,0,7.924896240234375,20.19239616394043,20.31650161743164,0,1.034000039100647,0.9067617654800415,50,2.799999952316284,2.288574457168579,0,0,0,0,9.597129523177257,0,0,0,0.002850394695997238,-0.002900980180129409,0,-5.058536771684885e-05,100.49297332763672,100.49925231933594,791.2440795898438,791.2490234375,791.2490234375,550.17138671875,0,0,23.87870216369629,0.0010999999940395355,0.02200000174343586,0.03299999609589577,0.04399999603629112,5655.8173828125,114276.53125,0.0429663360118866,0,3.1392715754918754e-05,102.8758544921875,0,0.0002616529818624258,2.8350639695418067e-05,0,0,23.700000762939453,0,0,1600,0,50,0,0,0,50,50,800,0.0,0.0,0.0,0.0
57,158.1671905517578,309.09393310546875,326.165283203125,326.04180908203125,292.02093505859375,292.1443786621094,16515.818359375,33031.63671875,69.00293731689453,69.01808166503906,1867.5987548828125,3581.986083984375,1792.351318359375,3578.477783203125,284.5259704589844,61.934288024902344,1.6214895595112466e-06,0,0,2574.76123046875,1291.296630859375,0,23.879127502441406,2718.44873046875,12.089977264404297,11.837072372436523,912.2538452148438,1811.6571044921875,52.97212600708008,49.97190475463867,100,0,0,346.3584899902344,0,7.924896240234375,20.19321060180664,20.31667137145996,0,1.034000039100647,0.9067617654800415,50,2.799999952316284,2.288621425628662,0,0,0,0,9.46216233537729,0,0,0,0.002842027461156249,-0.002888919785618782,0,-4.689237175625749e-05,100.49118041992188,100.49718475341797,791.2344970703125,791.2392578125,791.2392578125,550.1665649414062,0,0,23.879127502441406,0.0010999999940395355,0.02200000174343586,0.03299999609589577,0.04399999603629112,5655.8173828125,114276.53125,0.0429663360118866,0,3.1392715754918754e-05,104.69667053222656,0,0.0002616529818624258,2.8350639695418067e-05,0,0,23.700000762939453,0,0,1600,0,50,0,0,0,50,50,800,0.0,0.0,0.0,0.0
58,158.16763305664062,309.0940856933594,326.16473388671875,326.0418701171875,292.0218200683594,292.1446533203125,16515.818359375,33031.63671875,69.00334167480469,69.0182876586914,1866.9437255859375,3581.925537109375,1792.3590087890625,3578.47021484375,284.52618408203125,61.934852600097656,2.5247593384847278e-06,0,0,2574.759765625,1291.3017578125,0,23.8809814453125,2718.3955078125,12.093806266784668,11.837163925170898,912.2141723632812,1811.64892578125,53.01752853393555,49.97334671020508,100,0,0,346.3587341308594,0,7.924896240234375,20.19399070739746,20.31684112548828,0,1.034000039100647,0.9067617654800415,50,2.799999952316284,2.2886664867401123,0,0,0,0,9.332015547988268,0,0,0,0.0028336604591459036,-0.0028773618396371603,0,-4.3701216782210395e-05,100.48954010009766,100.49520874023438,791.2254028320312,791.2298583984375,791.2298583984375,550.1619873046875,0,0,23.8809814453125,0.0010999999940395355,0.02200000174343586,0.03299999609589577,0.04399999603629112,5655.8173828125,114276.53125,0.0429663360118866,0,3.1392715754918754e-05,106.51748657226562,0,0.0002616529818624258,2.8350639695418067e-05,0,0,23.700000762939453,0,0,1600,0,50,0,0,0,50,50,800,0.0,0.0,0.0,0.0
59,158.16806030273438,309.0942077636719,326.1640930175781,326.0419006347656,292.0227355957031,292.1448974609375,16515.818359375,33031.63671875,69.00373077392578,69.01848602294922,1866.285400390625,3581.86572265625,1792.3656005859375,3578.46337890625,284.5263977050781,61.935394287109375,-5.801771152391666e-08,0,0,2574.75830078125,1291.306884765625,0,23.8815860748291,2718.3447265625,12.097602844238281,11.837254524230957,912.1731567382812,1811.640380859375,53.06254959106445,49.9747428894043,100,0,0,346.3589172363281,0,7.924896240234375,20.19483757019043,20.3170108795166,0,1.034000039100647,0.9067617654800415,50,2.799999952316284,2.2887089252471924,0,0,0,0,9.206689161010194,0,0,0,0.002825293457135558,-0.0028664737474173307,0,-4.1180199332302436e-05,100.48802947998047,100.49333953857422,791.2168579101562,791.2210693359375,791.2210693359375,550.1575927734375,0,0,23.8815860748291,0.0010999999940395355,0.02200000174343586,0.03299999609589577,0.04399999603629112,5655.8173828125,114276.53125,0.0429663360118866,0,3.1392715754918754e-05,108.33830261230469,0,0.0002616529818624258,2.8350639695418067e-05,0,0,23.700000762939453,0,0,1600,0,50,0,0,0,50,50,800,0.0,0.0,0.0,0.0
60,158.1685028076172,309.0943603515625,326.1634826660156,326.0419921875,292.023681640625,292.1451416015625,16515.818359375,33031.63671875,69.0041275024414,69.01869201660156,1865.624755859375,3581.80712890625,1792.372802734375,3578.4560546875,284.5266418457031,61.93593215942383,-3.221802671760088e-06,0,0,2574.757080078125,1291.31201171875,0,23.88091468811035,2718.297607421875,12.101364135742188,11.8373441696167,912.1332397460938,1811.6319580078125,53.107120513916016,49.97610092163086,100,0,0,346.3591613769531,0,7.924896240234375,20.19568634033203,20.317180633544922,0,1.034000039100647,0.9067617654800415,50,2.799999952316284,2.2887487411499023,0,0,0,0,9.081362774032119,0,0,0,0.002816926222294569,-0.0028562559746205807,0,-3.932961408281699e-05,100.48657989501953,100.49159240722656,791.2088623046875,791.2127685546875,791.2127685546875,550.153564453125,0,0,23.88091468811035,0.0010999999940395355,0.02200000174343586,0.03299999609589577,0.04399999603629112,5655.8173828125,114276.53125,0.0429663360118866,0,3.1392715754918754e-05,110.15911865234375,0,0.0002616529818624258,2.8350639695418067e-05,0,0,23.700000762939453,0,0,1600,0,50,0,0,0,50,50,800,0.0,0.0,0.0,0.0
61,158.1689453125,309.094482421875,326.1628112792969,326.0419921875,292.024658203125,292.1455078125,16515.818359375,33031.63671875,69.00452423095703,69.01889038085938,1864.9615478515625,3581.749267578125,1792.378173828125,3578.450927734375,284.5268249511719,61.93647384643555,4.831155365536688e-06,0,0,2574.755859375,1291.3172607421875,0,23.878904342651367,2718.252685546875,12.105090141296387,11.837433815002441,912.093017578125,1811.62646484375,53.15122604370117,49.97745895385742,100,0,0,346.359375,0,7.924896240234375,20.19656753540039,20.3173828125,0,1.034000039100647,0.9067617654800415,50,2.799999952316284,2.2887866497039795,0,0,0,0,8.956035381127412,0,0,0,0.0028085592202842236,-0.0028466240037232637,0,-3.806471431744285e-05,100.48514556884766,100.48993682861328,791.201171875,791.2050170898438,791.2050170898438,550.149658203125,0,0,23.878904342651367,0.0010999999940395355,0.02200000174343586,0.03299999609589577,0.04399999603629112,5655.8173828125,114276.53125,0.0429663360118866,0,3.1392715754918754e-05,111.97993469238281,0,0.0002616529818624258,2.8350639695418067e-05,0,0,23.700000762939453,0,0,1600,0,50,0,0,0,50,50,800,0.0,0.0,0.0,0.0
62,158.16937255859375,309.0946044921875,326.1622009277344,326.0420227050781,292.0256042480469,292.145751953125,16515.818359375,33031.63671875,69.00492095947266,69.01909637451172,1864.29541015625,3581.691162109375,1792.384033203125,3578.445068359375,284.52703857421875,61.93701171875,1.6673709524184233e-06,0,0,2574.754638671875,1291.3223876953125,0,23.876869201660156,2718.2099609375,12.108784675598145,11.837520599365234,912.0516967773438,1811.6182861328125,53.194976806640625,49.978763580322266,100,0,0,346.3595886230469,0,7.924896240234375,20.197416305541992,20.31758689880371,0,1.034000039100647,0.9067617654800415,50,2.799999952316284,2.288822650909424,0,0,0,0,8.830708994149338,0,0,0,0.0028001919854432344,-0.0028374111279845238,0,-3.72190261259675e-05,100.48373413085938,100.48834991455078,791.19384765625,791.197509765625,791.197509765625,550.14599609375,0,0,23.876869201660156,0.0010999999940395355,0.02200000174343586,0.03299999609589577,0.04399999603629112,5655.8173828125,114276.53125,0.0429663360118866,0,3.1392715754918754e-05,113.80075073242188,0,0.0002616529818624258,2.8350639695418067e-05,0,0,23.700000762939453,0,0,1600,0,50,0,0,0,50,50,800,0.0,0.0,0.0,0.0
63,158.16981506347656,309.0947570800781,326.1615905761719,326.0420837402344,292.02655029296875,292.1460266113281,16515.818359375,33031.63671875,69.00531768798828,69.019287109375,1863.6275634765625,3581.6337890625,1792.3927001953125,3578.436279296875,284.52728271484375,61.93755340576172,-9.154060762739391e-07,0,0,2574.753173828125,1291.32763671875,0,23.874858856201172,2718.168212890625,12.112442016601562,11.837607383728027,912.0113525390625,1811.6099853515625,53.23828125,49.98004913330078,100,0,0,346.3598327636719,0,7.924896240234375,20.19826316833496,20.31775665283203,0,1.034000039100647,0.9067617654800415,50,2.799999952316284,2.2888576984405518,0,0,0,0,8.705382607171263,0,0,0,0.0027918247506022453,-0.00282844970934093,0,-3.662486778921448e-05,100.48231506347656,100.48680877685547,791.186767578125,791.1902465820312,791.1902465820312,550.1425170898438,0,0,23.874858856201172,0.0010999999940395355,0.02200000174343586,0.03299999609589577,0.04399999603629112,5655.8173828125,114276.53125,0.0429663360118866,0,3.1392715754918754e-05,115.62156677246094,0,0.0002616529818624258,2.8350639695418067e-05,0,0,23.700000762939453,0,0,1600,0,50,0,0,0,50,50,800,0.0,0.0,0.0,0.0
64,158.17025756835938,309.0948791503906,326.1609191894531,326.0421142578125,292.0274963378906,292.14630126953125,16515.818359375,33031.63671875,69.00570678710938,69.01948547363281,1862.9573974609375,3581.57666015625,1792.4002685546875,3578.4287109375,284.5274963378906,61.938106536865234,-1.7551597011333797e-06,0,0,2574.751708984375,1291.3328857421875,0,23.871461868286133,2718.127685546875,12.116067886352539,11.837690353393555,911.9710693359375,1811.60400390625,53.28124237060547,49.98127365112305,100,0,0,346.36004638671875,0,7.924896240234375,20.19911003112793,20.31792640686035,0,1.034000039100647,0.9067617654800415,50,2.799999952316284,2.2888917922973633,0,0,0,0,8.580056220193187,0,0,0,0.0027834577485919,-0.0028197390493005514,0,-3.628132617450319e-05,100.48091125488281,100.48531341552734,791.1797485351562,791.1832275390625,791.1832275390625,550.1390380859375,0,0,23.871461868286133,0.0010999999940395355,0.02200000174343586,0.03299999609589577,0.04399999603629112,5655.8173828125,114276.53125,0.0429663360118866,0,3.1392715754918754e-05,117.4423828125,0,0.0002616529818624258,2.8350639695418067e-05,0,0,23.700000762939453,0,0,1600,0,50,0,0,0,50,50,800,0.0,0.0,0.0,0.0
65,158.17068481445312,309.09503173828125,326.1602478027344,326.0421142578125,292.0284423828125,292.1465759277344,16515.818359375,33031.63671875,69.00609588623047,69.01968383789062,1862.284912109375,3581.520263671875,1792.40673828125,3578.42236328125,284.5277099609375,61.93865966796875,-2.594913439679658e-06,0,0,2574.750732421875,1291.338134765625,0,23.869382858276367,2718.087890625,12.119657516479492,11.837774276733398,911.9293212890625,1811.595947265625,53.323726654052734,49.982513427734375,100,0,0,346.36029052734375,0,7.924896240234375,20.20002555847168,20.31816291809082,0,1.034000039100647,0.9067617654800415,50,2.799999952316284,2.2889254093170166,0,0,0,0,8.45472882728848,0,0,0,0.0027750905137509108,-0.0028111962601542473,0,-3.6105771869188175e-05,100.47948455810547,100.48384094238281,791.1728515625,791.1763305664062,791.1763305664062,550.1356201171875,0,0,23.869382858276367,0.0010999999940395355,0.02200000174343586,0.03299999609589577,0.04399999603629112,5655.8173828125,114276.53125,0.0429663360118866,0,3.1392715754918754e-05,119.26319885253906,0,0.0002616529818624258,2.8350639695418067e-05,0,0,23.700000762939453,0,0,1600,0,50,0,0,0,50,50,800,0.0,0.0,0.0,0.0
66,158.17112731933594,309.09521484375,326.15960693359375,326.0421447753906,292.02935791015625,292.1468200683594,16515.818359375,33031.63671875,69.0064926147461,69.01988220214844,1861.6107177734375,3581.4638671875,1792.415283203125,3578.413818359375,284.5279235839844,61.93922805786133,-1.1106360489065992e-06,0,0,2574.749267578125,1291.3436279296875,0,23.86594009399414,2718.048583984375,12.123212814331055,11.83785629272461,911.8900146484375,1811.5902099609375,53.365840911865234,49.98371505737305,100,0,0,346.3604736328125,0,7.924896240234375,20.20087432861328,20.31833267211914,0,1.034000039100647,0.9067617654800415,50,2.799999952316284,2.2889585494995117,0,0,0,0,8.329402440310407,0,0,0,0.0027625395450741053,-0.002802737057209015,0,-4.01973957195878e-05,100.47797393798828,100.48238372802734,791.166015625,791.16943359375,791.16943359375,550.1322631835938,0,0,23.86594009399414,0.0010999999940395355,0.02200000174343586,0.03299999609589577,0.04399999603629112,5655.8173828125,114276.53125,0.0429663360118866,0,3.1392715754918754e-05,121.08401489257812,0,0.0002616529818624258,2.8350639695418067e-05,0,0,23.700000762939453,0,0,1600,0,50,0,0,0,50,50,800,0.0,0.0,0.0,0.0
67,158.17156982421875,309.0954284667969,326.158935546875,326.04217529296875,292.03033447265625,292.1471252441406,16515.818359375,33031.63671875,69.00688934326172,69.02008819580078,1860.9337158203125,3581.406494140625,1792.424072265625,3578.405029296875,284.5281677246094,61.93981170654297,2.697672471185797e-06,0,0,2574.747802734375,1291.3486328125,0,23.8610897064209,2718.00732421875,12.126733779907227,11.837937355041504,911.851806640625,1811.5870361328125,53.40754699707031,49.98493576049805,100,0,0,346.3607177734375,0,7.924896240234375,20.20178985595703,20.31853675842285,0,1.034000039100647,0.9067617654800415,50,2.799999952316284,2.2889931201934814,0,0,0,0,8.204075550369016,0,0,0,0.0027499885763972998,-0.00279402662999928,0,-4.40381008957047e-05,100.47615051269531,100.48086547851562,791.15869140625,791.1624145507812,791.1624145507812,550.1288452148438,0,0,23.8610897064209,0.0010999999940395355,0.02200000174343586,0.03299999609589577,0.04399999603629112,5655.8173828125,114276.53125,0.0429663360118866,0,3.1392715754918754e-05,122.90483093261719,0,0.0002616529818624258,2.8350639695418067e-05,0,0,23.700000762939453,0,0,1600,0,50,0,0,0,50,50,800,0.0,0.0,0.0,0.0
68,158.1719970703125,309.09564208984375,326.1582946777344,326.0422058105469,292.03131103515625,292.1474304199219,16515.818359375,33031.63671875,69.00729370117188,69.02029418945312,1860.2548828125,3581.35009765625,1792.4300537109375,3578.399169921875,284.5284118652344,61.94040298461914,-2.9677385100512765e-06,0,0,2574.746826171875,1291.354248046875,0,23.857534408569336,2717.96337890625,12.130219459533691,11.83801555633545,911.8123168945312,1811.583740234375,53.448875427246094,49.98612976074219,100,0,0,346.3609619140625,0,7.924896240234375,20.20267105102539,20.31873893737793,0,1.034000039100647,0.9067617654800415,50,2.799999952316284,2.289030075073242,0,0,0,0,8.07874916339094,0,0,0,0.0027374376077204943,-0.002784646349027753,0,-4.720867218566127e-05,100.47413635253906,100.47924041748047,791.1508178710938,791.15478515625,791.15478515625,550.1251831054688,0,0,23.857534408569336,0.0010999999940395355,0.02200000174343586,0.03299999609589577,0.04399999603629112,5655.8173828125,114276.53125,0.0429663360118866,0,3.1392715754918754e-05,124.72564697265625,0,0.0002616529818624258,2.8350639695418067e-05,0,0,23.700000762939453,0,0,1600,0,50,0,0,0,50,50,800,0.0,0.0,0.0,0.0
69,158.1724395751953,309.0958251953125,326.15765380859375,326.04229736328125,292.0323181152344,292.147705078125,16515.818359375,33031.63671875,69.00769805908203,69.02051544189453,1859.5738525390625,3581.29052734375,1792.437744140625,3578.39111328125,284.52862548828125,61.94098663330078,8.405700100411195e-07,0,0,2574.745361328125,1291.3594970703125,0,23.856685638427734,2717.91650390625,12.133670806884766,11.838094711303711,911.77392578125,1811.58056640625,53.48981475830078,49.98736572265625,100,0,0,346.3611755371094,0,7.924896240234375,20.203519821166992,20.318876266479492,0,1.034000039100647,0.9067617654800415,50,2.799999952316284,2.289069890975952,0,0,0,0,7.95342227344955,0,0,0,0.002724886406213045,-0.00277459598146379,0,-4.97094115416985e-05,100.47203063964844,100.47750091552734,791.1423950195312,791.1466674804688,791.1466674804688,550.1212158203125,0,0,23.856685638427734,0.0010999999940395355,0.02200000174343586,0.03299999609589577,0.04399999603629112,5655.8173828125,114276.53125,0.0429663360118866,0,3.1392715754918754e-05,126.54646301269531,0,0.0002616529818624258,2.8350639695418067e-05,0,0,23.700000762939453,0,0,1600,0,50,0,0,0,50,50,800,0.0,0.0,0.0,0.0
70,158.17288208007812,309.0960388183594,326.15704345703125,326.0423583984375,292.03326416015625,292.1479797363281,16515.818359375,33031.63671875,69.00811767578125,69.02074432373047,1858.890869140625,3581.231201171875,1792.444580078125,3578.384521484375,284.5288391113281,61.94156265258789,3.4868630791606847e-06,0,0,2574.744140625,1291.364990234375,0,23.854496002197266,2717.866455078125,12.137086868286133,11.838171005249023,911.7341918945312,1811.5771484375,53.5303840637207,49.988590240478516,100,0,0,346.36138916015625,0,7.924896240234375,20.20436668395996,20.31904411315918,0,1.034000039100647,0.9067617654800415,50,2.799999952316284,2.289111852645874,0,0,0,0,7.828095886471474,0,0,0,0.002712335204705596,-0.0027638752944767475,0,-5.154002064955421e-05,100.46987915039062,100.47565460205078,791.1334228515625,791.1380004882812,791.1380004882812,550.116943359375,0,0,23.854496002197266,0.0010999999940395355,0.02200000174343586,0.03299999609589577,0.04399999603629112,5655.8173828125,114276.53125,0.0429663360118866,0,3.1392715754918754e-05,128.36727905273438,0,0.0002616529818624258,2.8350639695418067e-05,0,0,23.700000762939453,0,0,1600,0,50,0,0,0,50,50,800,0.0,0.0,0.0,0.0
71,158.17332458496094,309.09619140625,326.15643310546875,326.04241943359375,292.0342102050781,292.14825439453125,16515.818359375,33031.63671875,69.00852966308594,69.0209732055664,1858.2064208984375,3581.1708984375,1792.4547119140625,3578.37451171875,284.5290832519531,61.94214630126953,-3.3405638077965705e-06,0,0,2574.74267578125,1291.3701171875,0,23.85232925415039,2717.8134765625,12.140467643737793,11.83824634552002,911.693115234375,1811.56884765625,53.57057189941406,49.98982620239258,100,0,0,346.36163330078125,0,7.924896240234375,20.20521354675293,20.3192138671875,0,1.034000039100647,0.9067617654800415,50,2.799999952316284,2.289156436920166,0,0,0,0,7.702768996530084,0,0,0,0.002703967969864607,-0.002752484753727913,0,-4.851685298490338e-05,100.4677734375,100.47369384765625,791.1240844726562,791.1287841796875,791.1287841796875,550.1124267578125,0,0,23.85232925415039,0.0010999999940395355,0.02200000174343586,0.03299999609589577,0.04399999603629112,5655.8173828125,114276.53125,0.0429663360118866,0,3.1392715754918754e-05,130.18807983398438,0,0.0002616529818624258,2.8350639695418067e-05,0,0,23.700000762939453,0,0,1600,0,50,0,0,0,50,50,800,0.0,0.0,0.0,0.0
72,158.1737518310547,309.0963134765625,326.15582275390625,326.04248046875,292.03515625,292.14849853515625,16515.818359375,33031.63671875,69.00894165039062,69.02119445800781,1857.5208740234375,3581.1103515625,1792.460693359375,3578.368408203125,284.5293273925781,61.94271469116211,-1.8562861896498362e-06,0,0,2574.741455078125,1291.3756103515625,0,23.851499557495117,2717.76025390625,12.143813133239746,11.838321685791016,911.6506958007812,1811.5601806640625,53.61032485961914,49.991065979003906,100,0,0,346.3618469238281,0,7.924896240234375,20.20602798461914,20.31934928894043,0,1.034000039100647,0.9067617654800415,50,2.799999952316284,2.289201498031616,0,0,0,0,7.577442609552009,0,0,0,0.002695600502192974,-0.0027410106267780066,0,-4.541015005088411e-05,100.46598815917969,100.47172546386719,791.1149291992188,791.1194458007812,791.1194458007812,550.1078491210938,0,0,23.851499557495117,0.0010999999940395355,0.02200000174343586,0.03299999609589577,0.04399999603629112,5655.8173828125,114276.53125,0.0429663360118866,0,3.1392715754918754e-05,132.00888061523438,0,0.0002616529818624258,2.8350639695418067e-05,0,0,23.700000762939453,0,0,1600,0,50,0,0,0,50,50,800,0.0,0.0,0.0,0.0
73,158.17416381835938,309.096435546875,326.1551208496094,326.04248046875,292.0361633300781,292.1487731933594,16515.818359375,33031.63671875,69.00935363769531,69.02141571044922,1856.83447265625,3581.051025390625,1792.4700927734375,3578.35888671875,284.529541015625,61.943275451660156,-1.5340242498496082e-06,0,0,2574.740234375,1291.381103515625,0,23.850740432739258,2717.708984375,12.147123336791992,11.838395118713379,911.6082153320312,1811.54931640625,53.649662017822266,49.99225997924805,100,0,0,346.3620910644531,0,7.924896240234375,20.20694351196289,20.31958770751953,0,1.034000039100647,0.9067617654800415,50,2.799999952316284,2.2892444133758545,0,0,0,0,7.456936120021565,0,0,0,0.0026872330345213413,-0.00272995512932539,0,-4.2722047510324046e-05,100.46437072753906,100.46983337402344,791.1062622070312,791.1105346679688,791.1105346679688,550.1034545898438,0,0,23.850740432739258,0.0010999999940395355,0.02200000174343586,0.03299999609589577,0.04399999603629112,5655.8173828125,114276.53125,0.0429663360118866,0,3.1392715754918754e-05,133.82968139648438,0,0.0002616529818624258,2.8350639695418067e-05,0,0,23.700000762939453,0,0,1600,0,50,0,0,0,50,50,800,0.0,0.0,0.0,0.0
74,158.174560546875,309.0965881347656,326.1544494628906,326.0425109863281,292.03717041015625,292.1490478515625,16515.818359375,33031.63671875,69.00975799560547,69.02163696289062,1856.1483154296875,3580.992919921875,1792.476806640625,3578.3525390625,284.5297546386719,61.943824768066406,-2.954785713882302e-06,0,0,2574.739013671875,1291.3863525390625,0,23.85136604309082,2717.660400390625,12.150397300720215,11.83846664428711,911.5657348632812,1811.541015625,53.68855285644531,49.993408203125,100,0,0,346.3622741699219,0,7.924896240234375,20.20782470703125,20.31975746154785,0,1.034000039100647,0.9067617654800415,50,2.799999952316284,2.28928542137146,0,0,0,0,7.341250030902066,0,0,0,0.0026788655668497086,-0.00271948566660285,0,-4.062024163431488e-05,100.46285247802734,100.4680404663086,791.0979614257812,791.10205078125,791.10205078125,550.0993041992188,0,0,23.85136604309082,0.0010999999940395355,0.02200000174343586,0.03299999609589577,0.04399999603629112,5655.8173828125,114276.53125,0.0429663360118866,0,3.1392715754918754e-05,135.65048217773438,0,0.0002616529818624258,2.8350639695418067e-05,0,0,23.700000762939453,0,0,1600,0,50,0,0,0,50,50,800,0.0,0.0,0.0,0.0
75,158.1749725341797,309.09674072265625,326.1537780761719,326.0425720214844,292.03814697265625,292.14935302734375,16515.818359375,33031.63671875,69.01016235351562,69.02185821533203,1855.4615478515625,3580.93505859375,1792.4854736328125,3578.34326171875,284.52996826171875,61.94437026977539,-4.956555130775087e-06,0,0,2574.738037109375,1291.3917236328125,0,23.847946166992188,2717.6142578125,12.153636932373047,11.838537216186523,911.5243530273438,1811.53271484375,53.72700500488281,49.994544982910156,100,0,0,346.36248779296875,0,7.924896240234375,20.208707809448242,20.319927215576172,0,1.034000039100647,0.9067617654800415,50,2.799999952316284,2.2893242835998535,0,0,0,0,7.225563941782568,0,0,0,0.0026684061158448458,-0.0027095191180706024,0,-4.1113002225756645e-05,100.46138763427734,100.4663314819336,791.090087890625,791.093994140625,791.093994140625,550.0952758789062,0,0,23.847946166992188,0.0010999999940395355,0.02200000174343586,0.03299999609589577,0.04399999603629112,5655.8173828125,114276.53125,0.0429663360118866,0,3.1392715754918754e-05,137.47128295898438,0,0.0002616529818624258,2.8350639695418067e-05,0,0,23.700000762939453,0,0,1600,0,50,0,0,0,50,50,800,0.0,0.0,0.0,0.0
76,158.1753692626953,309.0969543457031,326.1531066894531,326.0425720214844,292.0391540527344,292.149658203125,16515.818359375,33031.63671875,69.01056671142578,69.0220718383789,1854.7745361328125,3580.877685546875,1792.4949951171875,3578.334228515625,284.5301818847656,61.94492721557617,5.420434263214702e-06,0,0,2574.736572265625,1291.3974609375,0,23.845890045166016,2717.569580078125,12.156841278076172,11.838606834411621,911.4844360351562,1811.5267333984375,53.76506042480469,49.995643615722656,100,0,0,346.3627014160156,0,7.924896240234375,20.2095890045166,20.32012939453125,0,1.034000039100647,0.9067617654800415,50,2.799999952316284,2.2893619537353516,0,0,0,0,7.109877852663069,0,0,0,0.002655854681506753,-0.0026999711990356445,0,-4.411649570101872e-05,100.45967102050781,100.46467590332031,791.0823364257812,791.0862426757812,791.0862426757812,550.091552734375,0,0,23.845890045166016,0.0010999999940395355,0.02200000174343586,0.03299999609589577,0.04399999603629112,5655.8173828125,114276.53125,0.0429663360118866,0,3.1392715754918754e-05,139.29208374023438,0,0.0002616529818624258,2.8350639695418067e-05,0,0,23.700000762939453,0,0,1600,0,50,0,0,0,50,50,800,0.0,0.0,0.0,0.0
77,158.17578125,309.09716796875,326.1524658203125,326.0426330566406,292.0401611328125,292.1499328613281,16515.818359375,33031.63671875,69.01097106933594,69.02230072021484,1854.0870361328125,3580.8203125,1792.5015869140625,3578.327392578125,284.5303955078125,61.94548034667969,4.5806805246684235e-06,0,0,2574.7353515625,1291.40283203125,0,23.84381103515625,2717.523681640625,12.160011291503906,11.838674545288086,911.4443969726562,1811.5234375,53.80272674560547,49.99671936035156,100,0,0,346.3628845214844,0,7.924896240234375,20.21043586730957,20.32026481628418,0,1.034000039100647,0.9067617654800415,50,2.799999952316284,2.289400577545166,0,0,0,0,6.99419176354357,0,0,0,0.002643303479999304,-0.002690172055736184,0,-4.6868761273799464e-05,100.4577407836914,100.46298217773438,791.0741577148438,791.0783081054688,791.0783081054688,550.0877075195312,0,0,23.84381103515625,0.0010999999940395355,0.02200000174343586,0.03299999609589577,0.04399999603629112,5655.8173828125,114276.53125,0.0429663360118866,0,3.1392715754918754e-05,141.11288452148438,0,0.0002616529818624258,2.8350639695418067e-05,0,0,23.700000762939453,0,0,1600,0,50,0,0,0,50,50,800,0.0,0.0,0.0,0.0
78,158.17617797851562,309.09735107421875,326.15185546875,326.0426940917969,292.0411376953125,292.15020751953125,16515.818359375,33031.63671875,69.01138305664062,69.02252960205078,1853.3985595703125,3580.76171875,1792.5130615234375,3578.31591796875,284.5306091308594,61.9460334777832,3.740926786122145e-06,0,0,2574.734375,1291.4083251953125,0,23.840368270874023,2717.475341796875,12.163143157958984,11.83874225616455,911.4056396484375,1811.517822265625,53.83994674682617,49.997833251953125,100,0,0,346.36309814453125,0,7.924896240234375,20.21125030517578,20.320402145385742,0,1.034000039100647,0.9067617654800415,50,2.799999952316284,2.2894413471221924,0,0,0,0,6.878505171460757,0,0,0,0.0026307518128305674,-0.002679870231077075,0,-4.9118280003312975e-05,100.4556884765625,100.46119689941406,791.0656127929688,791.0699462890625,791.0699462890625,550.0836181640625,0,0,23.840368270874023,0.0010999999940395355,0.02200000174343586,0.03299999609589577,0.04399999603629112,5655.8173828125,114276.53125,0.0429663360118866,0,3.1392715754918754e-05,142.93368530273438,0,0.0002616529818624258,2.8350639695418067e-05,0,0,23.700000762939453,0,0,1600,0,50,0,0,0,50,50,800,0.0,0.0,0.0,0.0
79,158.1765899658203,309.0975036621094,326.1512145996094,326.042724609375,292.0421142578125,292.1505126953125,16515.818359375,33031.63671875,69.01179504394531,69.02276611328125,1852.710205078125,3580.703369140625,1792.51953125,3578.3095703125,284.53082275390625,61.94659423828125,4.0631889532960486e-06,0,0,2574.73291015625,1291.4134521484375,0,23.83829116821289,2717.425048828125,12.166242599487305,11.838807106018066,911.3643798828125,1811.51171875,53.876827239990234,49.99890899658203,100,0,0,346.3633117675781,0,7.924896240234375,20.21209716796875,20.32056999206543,0,1.034000039100647,0.9067617654800415,50,2.799999952316284,2.2894837856292725,0,0,0,0,6.762819082341259,0,0,0,0.0026223838794976473,-0.002669065957888961,0,-4.668200926971622e-05,100.45367431640625,100.45933532714844,791.0567626953125,791.0612182617188,791.0612182617188,550.079345703125,0,0,23.83829116821289,0.0010999999940395355,0.02200000174343586,0.03299999609589577,0.04399999603629112,5655.8173828125,114276.53125,0.0429663360118866,0,3.1392715754918754e-05,144.75448608398438,0,0.0002616529818624258,2.8350639695418067e-05,0,0,23.700000762939453,0,0,1600,0,50,0,0,0,50,50,800,0.0,0.0,0.0,0.0
80,158.17698669433594,309.0976257324219,326.1505126953125,326.042724609375,292.0431213378906,292.1508483886719,16515.818359375,33031.63671875,69.01220703125,69.02299499511719,1852.0220947265625,3580.645263671875,1792.529052734375,3578.30029296875,284.53106689453125,61.94713592529297,1.4804119246036862e-06,0,0,2574.731689453125,1291.4188232421875,0,23.838916778564453,2717.374267578125,12.169303894042969,11.838871002197266,911.3216552734375,1811.5008544921875,53.91324996948242,49.999996185302734,100,0,0,346.3634948730469,0,7.924896240234375,20.212980270385742,20.32077407836914,0,1.034000039100647,0.9067617654800415,50,2.799999952316284,2.2895264625549316,0,0,0,0,6.647132993221761,0,0,0,0.0026140164118260145,-0.002658094512298703,0,-4.407805317896418e-05,100.45193481445312,100.45745849609375,791.0479736328125,791.0523071289062,791.0523071289062,550.074951171875,0,0,23.838916778564453,0.0010999999940395355,0.02200000174343586,0.03299999609589577,0.04399999603629112,5655.8173828125,114276.53125,0.0429663360118866,0,3.1392715754918754e-05,146.57528686523438,0,0.0002616529818624258,2.8350639695418067e-05,0,0,23.700000762939453,0,0,1600,0,50,0,0,0,50,50,800,0.0,0.0,0.0,0.0
81,158.17739868164062,309.0978088378906,326.14984130859375,326.042724609375,292.04412841796875,292.15118408203125,16515.818359375,33031.63671875,69.01261138916016,69.02322387695312,1851.33349609375,3580.586669921875,1792.537841796875,3578.291259765625,284.5312805175781,61.94768524169922,5.9650432149283e-08,0,0,2574.73046875,1291.42431640625,0,23.834156036376953,2717.324951171875,12.172331809997559,11.838934898376465,911.279052734375,1811.489990234375,53.94926834106445,50.00106430053711,100,0,0,346.36370849609375,0,7.924896240234375,20.2138614654541,20.32097816467285,0,1.034000039100647,0.9067617654800415,50,2.799999952316284,2.2895681858062744,0,0,0,0,6.531446904102262,0,0,0,0.002603556727990508,-0.002647457644343376,0,-4.3900985474465415e-05,100.45033264160156,100.45563507080078,791.0394897460938,791.043701171875,791.043701171875,550.0707397460938,0,0,23.834156036376953,0.0010999999940395355,0.02200000174343586,0.03299999609589577,0.04399999603629112,5655.8173828125,114276.53125,0.0429663360118866,0,3.1392715754918754e-05,148.39608764648438,0,0.0002616529818624258,2.8350639695418067e-05,0,0,23.700000762939453,0,0,1600,0,50,0,0,0,50,50,800,0.0,0.0,0.0,0.0
82,158.17779541015625,309.0980224609375,326.149169921875,326.04278564453125,292.045166015625,292.1514587402344,16515.818359375,33031.63671875,69.01301574707031,69.02345275878906,1850.646240234375,3580.529296875,1792.5467529296875,3578.281982421875,284.531494140625,61.94823455810547,-1.3611110034617013e-06,0,0,2574.729248046875,1291.4298095703125,0,23.833463668823242,2717.27685546875,12.175321578979492,11.838996887207031,911.240234375,1811.4866943359375,53.98484802246094,50.00209426879883,100,0,0,346.3639221191406,0,7.924896240234375,20.21474266052246,20.32111358642578,0,1.034000039100647,0.9067617654800415,50,2.799999952316284,2.2896084785461426,0,0,0,0,6.415760814982764,0,0,0,0.0025910050608217716,-0.0026371560525149107,0,-4.6150806156219915e-05,100.44856262207031,100.453857421875,791.03125,791.035400390625,791.035400390625,550.066650390625,0,0,23.833463668823242,0.0010999999940395355,0.02200000174343586,0.03299999609589577,0.04399999603629112,5655.8173828125,114276.53125,0.0429663360118866,0,3.1392715754918754e-05,150.21688842773438,0,0.0002616529818624258,2.8350639695418067e-05,0,0,23.700000762939453,0,0,1600,0,50,0,0,0,50,50,800,0.0,0.0,0.0,0.0
83,158.17819213867188,309.09814453125,326.14849853515625,326.0428161621094,292.0461730957031,292.1517639160156,16515.818359375,33031.63671875,69.01342010498047,69.023681640625,1849.9591064453125,3580.47265625,1792.55517578125,3578.273681640625,284.5317077636719,61.94878387451172,-2.781872581181233e-06,0,0,2574.72802734375,1291.4351806640625,0,23.83140754699707,2717.228759765625,12.178278923034668,11.839056968688965,911.198974609375,1811.4783935546875,54.020023345947266,50.00311279296875,100,0,0,346.3641357421875,0,7.924896240234375,20.21565818786621,20.321317672729492,0,1.034000039100647,0.9067617654800415,50,2.799999952316284,2.28964900970459,0,0,0,0,6.300074725863265,0,0,0,0.002582637360319495,-0.0026268542278558016,0,-4.421698395162821e-05,100.44668579101562,100.45207977294922,791.0227661132812,791.0270385742188,791.0270385742188,550.0625610351562,0,0,23.83140754699707,0.0010999999940395355,0.02200000174343586,0.03299999609589577,0.04399999603629112,5655.8173828125,114276.53125,0.0429663360118866,0,3.1392715754918754e-05,152.03768920898438,0,0.0002616529818624258,2.8350639695418067e-05,0,0,23.700000762939453,0,0,1600,0,50,0,0,0,50,50,800,0.0,0.0,0.0,0.0
84,158.17860412597656,309.0983581542969,326.1478576660156,326.04290771484375,292.047119140625,292.15203857421875,16515.818359375,33031.63671875,69.01382446289062,69.02391815185547,1849.272705078125,3580.41455078125,1792.5635986328125,3578.265625,284.53192138671875,61.949317932128906,4.1090702325163875e-06,0,0,2574.726806640625,1291.440673828125,0,23.830713272094727,2717.179931640625,12.18120002746582,11.839117050170898,911.15771484375,1811.4725341796875,54.0547981262207,50.00413131713867,100,0,0,346.3643493652344,0,7.924896240234375,20.21650505065918,20.321453094482422,0,1.034000039100647,0.9067617654800415,50,2.799999952316284,2.2896902561187744,0,0,0,0,6.184388636743767,0,0,0,0.002570085460320115,-0.0026163847651332617,0,-4.629942122846842e-05,100.4449234008789,100.45027923583984,791.0143432617188,791.0185546875,791.0185546875,550.0584106445312,0,0,23.830713272094727,0.0010999999940395355,0.02200000174343586,0.03299999609589577,0.04399999603629112,5655.8173828125,114276.53125,0.0429663360118866,0,3.1392715754918754e-05,153.85848999023438,0,0.0002616529818624258,2.8350639695418067e-05,0,0,23.700000762939453,0,0,1600,0,50,0,0,0,50,50,800,0.0,0.0,0.0,0.0
85,158.17898559570312,309.0984802246094,326.14715576171875,326.04290771484375,292.04815673828125,292.1523742675781,16515.818359375,33031.63671875,69.01422882080078,69.02415466308594,1848.5872802734375,3580.357177734375,1792.5731201171875,3578.256103515625,284.5321350097656,61.949859619140625,1.5262932038240251e-06,0,0,2574.725830078125,1291.4456787109375,0,23.82733917236328,2717.13134765625,12.184083938598633,11.8391752243042,911.1176147460938,1811.464111328125,54.08914566040039,50.005123138427734,100,0,0,346.36456298828125,0,7.924896240234375,20.217388153076172,20.3216552734375,0,1.034000039100647,0.9067617654800415,50,2.799999952316284,2.28973126411438,0,0,0,0,6.068702547624269,0,0,0,0.002561717526987195,-0.002605915768072009,0,-4.419821925694123e-05,100.44307708740234,100.44847869873047,791.0057983398438,791.0100708007812,791.0100708007812,550.0542602539062,0,0,23.82733917236328,0.0010999999940395355,0.02200000174343586,0.03299999609589577,0.04399999603629112,5655.8173828125,114276.53125,0.0429663360118866,0,3.1392715754918754e-05,155.67929077148438,0,0.0002616529818624258,2.8350639695418067e-05,0,0,23.700000762939453,0,0,1600,0,50,0,0,0,50,50,800,0.0,0.0,0.0,0.0
86,158.1793670654297,309.09869384765625,326.1465148925781,326.04296875,292.04913330078125,292.15264892578125,16515.818359375,33031.63671875,69.01463317871094,69.02438354492188,1847.90234375,3580.299560546875,1792.5828857421875,3578.24609375,284.5323486328125,61.95038986206055,-2.7995070013275836e-06,0,0,2574.724609375,1291.4515380859375,0,23.828031539916992,2717.08251953125,12.186934471130371,11.839232444763184,911.0764770507812,1811.455810546875,54.12309646606445,50.006099700927734,100,0,0,346.3647155761719,0,7.924896240234375,20.21820068359375,20.321758270263672,0,1.034000039100647,0.9067617654800415,50,2.799999952316284,2.2897725105285645,0,0,0,0,5.962656756363347,0,0,0,0.002549165626987815,-0.002595446305349469,0,-4.628065653378144e-05,100.44132232666016,100.44667053222656,790.9973754882812,791.0015869140625,791.0015869140625,550.0501098632812,0,0,23.828031539916992,0.0010999999940395355,0.02200000174343586,0.03299999609589577,0.04399999603629112,5655.8173828125,114276.53125,0.0429663360118866,0,3.1392715754918754e-05,157.50009155273438,0,0.0002616529818624258,2.8350639695418067e-05,0,0,23.700000762939453,0,0,1600,0,50,0,0,0,50,50,800,0.0,0.0,0.0,0.0
87,158.1797332763672,309.0988464355469,326.1459045410156,326.04302978515625,292.05010986328125,292.1529235839844,16515.818359375,33031.63671875,69.0150375366211,69.02462005615234,1847.218505859375,3580.2431640625,1792.5916748046875,3578.2373046875,284.5325622558594,61.95092010498047,3.510427404762595e-06,0,0,2574.723388671875,1291.456787109375,0,23.82604217529297,2717.033447265625,12.18974781036377,11.839288711547852,911.03662109375,1811.4500732421875,54.1566047668457,50.0070686340332,100,0,0,346.36492919921875,0,7.924896240234375,20.21901512145996,20.3218936920166,0,1.034000039100647,0.9067617654800415,50,2.799999952316284,2.28981351852417,0,0,0,0,5.856610965102425,0,0,0,0.0025387059431523085,-0.0025849773082882166,0,-4.627142334356904e-05,100.43936920166016,100.44486236572266,790.98876953125,790.9931030273438,790.9931030273438,550.0459594726562,0,0,23.82604217529297,0.0010999999940395355,0.02200000174343586,0.03299999609589577,0.04399999603629112,5655.8173828125,114276.53125,0.0429663360118866,0,3.1392715754918754e-05,159.32089233398438,0,0.0002616529818624258,2.8350639695418067e-05,0,0,23.700000762939453,0,0,1600,0,50,0,0,0,50,50,800,0.0,0.0,0.0,0.0
88,158.1800994873047,309.0989990234375,326.145263671875,326.0430603027344,292.05108642578125,292.1532287597656,16515.818359375,33031.63671875,69.01544189453125,69.02485656738281,1846.5355224609375,3580.18603515625,1792.6009521484375,3578.227783203125,284.53277587890625,61.951446533203125,-1.3963804121885914e-06,0,0,2574.722412109375,1291.4620361328125,0,23.824052810668945,2716.98388671875,12.192527770996094,11.839343070983887,910.9954833984375,1811.4415283203125,54.189754486083984,50.008018493652344,100,0,0,346.3651428222656,0,7.924896240234375,20.21986198425293,20.322063446044922,0,1.034000039100647,0.9067617654800415,50,2.799999952316284,2.289855480194092,0,0,0,0,5.750565676804819,0,0,0,0.0025303380098193884,-0.002574256621301174,0,-4.391869515529834e-05,100.43758392333984,100.44302368164062,790.9801635742188,790.9844360351562,790.9844360351562,550.0416870117188,0,0,23.824052810668945,0.0010999999940395355,0.02200000174343586,0.03299999609589577,0.04399999603629112,5655.8173828125,114276.53125,0.0429663360118866,0,3.1392715754918754e-05,161.14169311523438,0,0.0002616529818624258,2.8350639695418067e-05,0,0,23.700000762939453,0,0,1600,0,50,0,0,0,50,50,800,0.0,0.0,0.0,0.0
89,158.1804656982422,309.0991516113281,326.14459228515625,326.0430908203125,292.0521240234375,292.1535339355469,16515.818359375,33031.63671875,69.01583862304688,69.02508544921875,1845.8541259765625,3580.12939453125,1792.609375,3578.219482421875,284.532958984375,61.95197296142578,4.3325467231625225e-06,0,0,2574.72119140625,1291.467529296875,0,23.822086334228516,2716.935302734375,12.195272445678711,11.839396476745605,910.953125,1811.4307861328125,54.22246170043945,50.00895309448242,100,0,0,346.36529541015625,0,7.924896240234375,20.22071075439453,20.32219886779785,0,1.034000039100647,0.9067617654800415,50,2.799999952316284,2.2898964881896973,0,0,0,0,5.644519885543898,0,0,0,0.0025198778603225946,-0.0025637876242399216,0,-4.3909614760195836e-05,100.43597412109375,100.44123077392578,790.9718627929688,790.9759521484375,790.9759521484375,550.0375366210938,0,0,23.822086334228516,0.0010999999940395355,0.02200000174343586,0.03299999609589577,0.04399999603629112,5655.8173828125,114276.53125,0.0429663360118866,0,3.1392715754918754e-05,162.96249389648438,0,0.0002616529818624258,2.8350639695418067e-05,0,0,23.700000762939453,0,0,1600,0,50,0,0,0,50,50,800,0.0,0.0,0.0,0.0
90,158.18084716796875,309.099365234375,326.14398193359375,326.0431823730469,292.0530700683594,292.15380859375,16515.818359375,33031.63671875,69.0162353515625,69.02532196044922,1845.1741943359375,3580.0732421875,1792.621337890625,3578.207763671875,284.5331726074219,61.9525032043457,6.7462799790973804e-09,0,0,2574.72021484375,1291.472900390625,0,23.818756103515625,2716.887451171875,12.197980880737305,11.839448928833008,910.91455078125,1811.425048828125,54.254737854003906,50.00987243652344,100,0,0,346.3655090332031,0,7.924896240234375,20.221525192260742,20.32233428955078,0,1.034000039100647,0.9067617654800415,50,2.799999952316284,2.2899367809295654,0,0,0,0,5.538474094282976,0,0,0,0.0025073259603232145,-0.002553569385781884,0,-4.624342545866966e-05,100.43417358398438,100.43946075439453,790.9635620117188,790.9677124023438,790.9677124023438,550.0335083007812,0,0,23.818756103515625,0.0010999999940395355,0.02200000174343586,0.03299999609589577,0.04399999603629112,5655.8173828125,114276.53125,0.0429663360118866,0,3.1392715754918754e-05,164.78329467773438,0,0.0002616529818624258,2.8350639695418067e-05,0,0,23.700000762939453,0,0,1600,0,50,0,0,0,50,50,800,0.0,0.0,0.0,0.0
91,158.18121337890625,309.09954833984375,326.1433410644531,326.043212890625,292.0540466308594,292.15411376953125,16515.818359375,33031.63671875,69.01663970947266,69.02555847167969,1844.495361328125,3580.017578125,1792.631103515625,3578.19775390625,284.53338623046875,61.953025817871094,5.154665814188775e-06,0,0,2574.718994140625,1291.4781494140625,0,23.818130493164062,2716.8388671875,12.200654029846191,11.839500427246094,910.8749389648438,1811.419189453125,54.28661346435547,50.010780334472656,100,0,0,346.36566162109375,0,7.924896240234375,20.22233772277832,20.32246971130371,0,1.034000039100647,0.9067617654800415,50,2.799999952316284,2.289977550506592,0,0,0,0,5.43242880598537,0,0,0,0.0024968660436570644,-0.002543184207752347,0,-4.6318189561134204e-05,100.43218994140625,100.43766784667969,790.9549560546875,790.9592895507812,790.9592895507812,550.0293579101562,0,0,23.818130493164062,0.0010999999940395355,0.02200000174343586,0.03299999609589577,0.04399999603629112,5655.8173828125,114276.53125,0.0429663360118866,0,3.1392715754918754e-05,166.60409545898438,0,0.0002616529818624258,2.8350639695418067e-05,0,0,23.700000762939453,0,0,1600,0,50,0,0,0,50,50,800,0.0,0.0,0.0,0.0
92,158.18157958984375,309.09967041015625,326.1427307128906,326.04327392578125,292.05499267578125,292.1543884277344,16515.818359375,33031.63671875,69.01703643798828,69.02579498291016,1843.818359375,3579.9609375,1792.6395263671875,3578.189208984375,284.5335998535156,61.95355224609375,2.478574572251091e-07,0,0,2574.7177734375,1291.4833984375,0,23.814800262451172,2716.7890625,12.203292846679688,11.839550018310547,910.8340454101562,1811.410888671875,54.318092346191406,50.01168441772461,100,0,0,346.3658752441406,0,7.924896240234375,20.22315216064453,20.32260513305664,0,1.034000039100647,0.9067617654800415,50,2.799999952316284,2.2900195121765137,0,0,0,0,5.326383014724448,0,0,0,0.0024884978774935007,-0.0025324635207653046,0,-4.396575968712568e-05,100.4303970336914,100.43582916259766,790.9463500976562,790.9506225585938,790.9506225585938,550.0250854492188,0,0,23.814800262451172,0.0010999999940395355,0.02200000174343586,0.03299999609589577,0.04399999603629112,5655.8173828125,114276.53125,0.0429663360118866,0,3.1392715754918754e-05,168.42489624023438,0,0.0002616529818624258,2.8350639695418067e-05,0,0,23.700000762939453,0,0,1600,0,50,0,0,0,50,50,800,0.0,0.0,0.0,0.0
93,158.18194580078125,309.099853515625,326.1420593261719,326.0433044433594,292.0559997558594,292.1546936035156,16515.818359375,33031.63671875,69.01742553710938,69.02603149414062,1843.1429443359375,3579.905517578125,1792.6488037109375,3578.180419921875,284.5337829589844,61.954071044921875,4.814768999494845e-06,0,0,2574.716796875,1291.4888916015625,0,23.81419563293457,2716.74072265625,12.205897331237793,11.839598655700684,910.7919311523438,1811.39990234375,54.34917068481445,50.01255416870117,100,0,0,346.3660583496094,0,7.924896240234375,20.2239990234375,20.32274055480957,0,1.034000039100647,0.9067617654800415,50,2.799999952316284,2.290060520172119,0,0,0,0,5.220337223463527,0,0,0,0.002478037727996707,-0.0025219942908734083,0,-4.395653013489209e-05,100.42877197265625,100.43403625488281,790.93798828125,790.942138671875,790.942138671875,550.0209350585938,0,0,23.81419563293457,0.0010999999940395355,0.02200000174343586,0.03299999609589577,0.04399999603629112,5655.8173828125,114276.53125,0.0429663360118866,0,3.1392715754918754e-05,170.24569702148438,0,0.0002616529818624258,2.8350639695418067e-05,0,0,23.700000762939453,0,0,1600,0,50,0,0,0,50,50,800,0.0,0.0,0.0,0.0
94,158.1823272705078,309.10003662109375,326.1414489746094,326.0433654785156,292.05694580078125,292.15496826171875,16515.818359375,33031.63671875,69.017822265625,69.0262680053711,1842.469482421875,3579.850830078125,1792.6585693359375,3578.17041015625,284.5340270996094,61.954593658447266,-6.7304688400327e-07,0,0,2574.715576171875,1291.494384765625,0,23.81088638305664,2716.69287109375,12.208465576171875,11.839645385742188,910.7537231445312,1811.3941650390625,54.37981414794922,50.013404846191406,100,0,0,346.3662414550781,0,7.924896240234375,20.22481346130371,20.3228759765625,0,1.034000039100647,0.9067617654800415,50,2.799999952316284,2.2901008129119873,0,0,0,0,5.114291432202605,0,0,0,0.0024654853623360395,-0.0025117765180766582,0,-4.62909483758267e-05,100.4269790649414,100.43226623535156,790.9297485351562,790.933837890625,790.933837890625,550.0169067382812,0,0,23.81088638305664,0.0010999999940395355,0.02200000174343586,0.03299999609589577,0.04399999603629112,5655.8173828125,114276.53125,0.0429663360118866,0,3.1392715754918754e-05,172.06649780273438,0,0.0002616529818624258,2.8350639695418067e-05,0,0,23.700000762939453,0,0,1600,0,50,0,0,0,50,50,800,0.0,0.0,0.0,0.0
95,158.1826934814453,309.1002197265625,326.1407775878906,326.04339599609375,292.0579528808594,292.1552734375,16515.818359375,33031.63671875,69.01821899414062,69.0265121459961,1841.797607421875,3579.7958984375,1792.6688232421875,3578.159912109375,284.5342102050781,61.955116271972656,4.474872184800915e-06,0,0,2574.71435546875,1291.4993896484375,0,23.810283660888672,2716.644287109375,12.210999488830566,11.839692115783691,910.715576171875,1811.388427734375,54.410037994384766,50.01426315307617,100,0,0,346.366455078125,0,7.924896240234375,20.22566032409668,20.32304573059082,0,1.034000039100647,0.9067617654800415,50,2.799999952316284,2.2901415824890137,0,0,0,0,5.008246143904999,0,0,0,0.002455025212839246,-0.0025013908743858337,0,-4.636555604520254e-05,100.42499542236328,100.43047332763672,790.9210815429688,790.9254760742188,790.9254760742188,550.0128173828125,0,0,23.810283660888672,0.0010999999940395355,0.02200000174343586,0.03299999609589577,0.04399999603629112,5655.8173828125,114276.53125,0.0429663360118866,0,3.1392715754918754e-05,173.88729858398438,0,0.0002616529818624258,2.8350639695418067e-05,0,0,23.700000762939453,0,0,1600,0,50,0,0,0,50,50,800,0.0,0.0,0.0,0.0
96,158.1830291748047,309.100341796875,326.1401672363281,326.0434875488281,292.05889892578125,292.155517578125,16515.818359375,33031.63671875,69.01861572265625,69.0267562866211,1841.12744140625,3579.740478515625,1792.676513671875,3578.152099609375,284.534423828125,61.955623626708984,-3.336974714329699e-06,0,0,2574.713623046875,1291.5045166015625,0,23.811044692993164,2716.594482421875,12.213499069213867,11.839736938476562,910.6737060546875,1811.377685546875,54.43989181518555,50.015113830566406,100,0,0,346.3666076660156,0,7.924896240234375,20.2264404296875,20.323148727416992,0,1.034000039100647,0.9067617654800415,50,2.799999952316284,2.2901835441589355,0,0,0,0,4.907020753055023,0,0,0,0.002446657046675682,-0.002490670420229435,0,-4.401328260428272e-05,100.4231948852539,100.42863464355469,790.9124755859375,790.916748046875,790.916748046875,550.008544921875,0,0,23.811044692993164,0.0010999999940395355,0.02200000174343586,0.03299999609589577,0.04399999603629112,5655.8173828125,114276.53125,0.0429663360118866,0,3.1392715754918754e-05,175.70809936523438,0,0.0002616529818624258,2.8350639695418067e-05,0,0,23.700000762939453,0,0,1600,0,50,0,0,0,50,50,800,0.0,0.0,0.0,0.0
97,158.18336486816406,309.1004943847656,326.1395568847656,326.0435485839844,292.0598449707031,292.1557922363281,16515.818359375,33031.63671875,69.01900482177734,69.02698516845703,1840.4599609375,3579.684326171875,1792.6881103515625,3578.140869140625,284.5346374511719,61.95612716674805,-1.0940942729575909e-06,0,0,2574.71240234375,1291.509765625,0,23.809144973754883,2716.546142578125,12.215964317321777,11.83978271484375,910.6332397460938,1811.366943359375,54.46934509277344,50.01594161987305,100,0,0,346.3667907714844,0,7.924896240234375,20.22722053527832,20.32324981689453,0,1.034000039100647,0.9067617654800415,50,2.799999952316284,2.290224552154541,0,0,0,0,4.810615762615994,0,0,0,0.0024382888805121183,-0.0024802011903375387,0,-4.1912378947017714e-05,100.42157745361328,100.42684173583984,790.9041748046875,790.9082641601562,790.9082641601562,550.0043334960938,0,0,23.809144973754883,0.0010999999940395355,0.02200000174343586,0.03299999609589577,0.04399999603629112,5655.8173828125,114276.53125,0.0429663360118866,0,3.1392715754918754e-05,177.52890014648438,0,0.0002616529818624258,2.8350639695418067e-05,0,0,23.700000762939453,0,0,1600,0,50,0,0,0,50,50,800,0.0,0.0,0.0,0.0
98,158.18370056152344,309.1006774902344,326.138916015625,326.0435791015625,292.0608215332031,292.1560974121094,16515.818359375,33031.63671875,69.0193862915039,69.0272216796875,1839.794677734375,3579.630126953125,1792.697021484375,3578.131591796875,284.5348205566406,61.956626892089844,5.677783292412641e-07,0,0,2574.71142578125,1291.51513671875,0,23.808629989624023,2716.498779296875,12.21839427947998,11.839825630187988,910.5941162109375,1811.3612060546875,54.49837112426758,50.01673889160156,100,0,0,346.3669738769531,0,7.924896240234375,20.22803497314453,20.32338523864746,0,1.034000039100647,0.9067617654800415,50,2.799999952316284,2.290264368057251,0,0,0,0,4.714210269213649,0,0,0,0.002425736514851451,-0.0024700670037418604,0,-4.433048889040947e-05,100.41993713378906,100.42509460449219,790.89599609375,790.9000854492188,790.9000854492188,550.0003662109375,0,0,23.808629989624023,0.0010999999940395355,0.02200000174343586,0.03299999609589577,0.04399999603629112,5655.8173828125,114276.53125,0.0429663360118866,0,3.1392715754918754e-05,179.34970092773438,0,0.0002616529818624258,2.8350639695418067e-05,0,0,23.700000762939453,0,0,1600,0,50,0,0,0,50,50,800,0.0,0.0,0.0,0.0
99,158.1840362548828,309.1008605957031,326.13824462890625,326.0435791015625,292.06182861328125,292.15643310546875,16515.818359375,33031.63671875,69.019775390625,69.02745819091797,1839.1318359375,3579.576904296875,1792.708251953125,3578.12060546875,284.5350036621094,61.95712661743164,2.229651045126957e-06,0,0,2574.71044921875,1291.5203857421875,0,23.805389404296875,2716.451904296875,12.220789909362793,11.839866638183594,910.5551147460938,1811.35302734375,54.526973724365234,50.01751708984375,100,0,0,346.36712646484375,0,7.924896240234375,20.2288818359375,20.32355499267578,0,1.034000039100647,0.9067617654800415,50,2.799999952316284,2.290303945541382,0,0,0,0,4.61780527877462,0,0,0,0.0024152761325240135,-0.002460016403347254,0,-4.474031811696477e-05,100.41816711425781,100.4233627319336,790.8878784179688,790.8919677734375,790.8919677734375,549.996337890625,0,0,23.805389404296875,0.0010999999940395355,0.02200000174343586,0.03299999609589577,0.04399999603629112,5655.8173828125,114276.53125,0.0429663360118866,0,3.1392715754918754e-05,181.17050170898438,0,0.0002616529818624258,2.8350639695418067e-05,0,0,23.700000762939453,0,0,1600,0,50,0,0,0,50,50,800,0.0,0.0,0.0,0.0
100,158.1843719482422,309.10107421875,326.1375732421875,326.0435791015625,292.0628356933594,292.15679931640625,16515.818359375,33031.63671875,69.02015686035156,69.02770233154297,1838.470703125,3579.5224609375,1792.71875,3578.110107421875,284.53521728515625,61.95762252807617,3.3105159218393965e-06,0,0,2574.709716796875,1291.5257568359375,0,23.804874420166016,2716.404541015625,12.223152160644531,11.8399076461792,910.517578125,1811.3470458984375,54.55522537231445,50.01829147338867,100,0,0,346.3673095703125,0,7.924896240234375,20.2297306060791,20.3237247467041,0,1.034000039100647,0.9067617654800415,50,2.799999952316284,2.290343761444092,0,0,0,0,4.52140028833559,0,0,0,0.0024027235340327024,-0.0024498822167515755,0,-4.7158730012597516e-05,100.416259765625,100.4216079711914,790.8795166015625,790.8837280273438,790.8837280273438,549.9923706054688,0,0,23.804874420166016,0.0010999999940395355,0.02200000174343586,0.03299999609589577,0.04399999603629112,5655.8173828125,114276.53125,0.0429663360118866,0,3.1392715754918754e-05,182.99130249023438,0,0.0002616529818624258,2.8350639695418067e-05,0,0,23.700000762939453,0,0,1600,0,50,0,0,0,50,50,800,0.0,0.0,0.0,0.0
101,158.18470764160156,309.1011962890625,326.136962890625,326.04364013671875,292.06378173828125,292.15704345703125,16515.818359375,33031.63671875,69.02054595947266,69.02794647216797,1837.812255859375,3579.468505859375,1792.727783203125,3578.101318359375,284.5354309082031,61.9581298828125,-4.5013312046648934e-06,0,0,2574.70849609375,1291.530517578125,0,23.80029296875,2716.355712890625,12.225479125976562,11.839947700500488,910.478759765625,1811.3389892578125,54.583038330078125,50.01906967163086,100,0,0,346.3674621582031,0,7.924896240234375,20.230510711669922,20.32382583618164,0,1.034000039100647,0.9067617654800415,50,2.799999952316284,2.2903850078582764,0,0,0,0,4.424994794933245,0,0,0,0.0023943553678691387,-0.0024394129868596792,0,-4.5057829993311316e-05,100.4143295288086,100.41980743408203,790.8709106445312,790.875244140625,790.875244140625,549.9882202148438,0,0,23.80029296875,0.0010999999940395355,0.02200000174343586,0.03299999609589577,0.04399999603629112,5655.8173828125,114276.53125,0.0429663360118866,0,3.1392715754918754e-05,184.81210327148438,0,0.0002616529818624258,2.8350639695418067e-05,0,0,23.700000762939453,0,0,1600,0,50,0,0,0,50,50,800,0.0,0.0,0.0,0.0
102,158.18504333496094,309.101318359375,326.1363525390625,326.043701171875,292.0647277832031,292.1573181152344,16515.818359375,33031.63671875,69.02092742919922,69.02818298339844,1837.1563720703125,3579.415283203125,1792.737548828125,3578.091552734375,284.5356140136719,61.958621978759766,-4.001473826065194e-06,0,0,2574.70751953125,1291.53564453125,0,23.801118850708008,2716.306396484375,12.227771759033203,11.839985847473145,910.438720703125,1811.3282470703125,54.6104621887207,50.019832611083984,100,0,0,346.36767578125,0,7.924896240234375,20.2313232421875,20.32396125793457,0,1.034000039100647,0.9067617654800415,50,2.799999952316284,2.29042649269104,0,0,0,0,4.328589804494216,0,0,0,0.0023859869688749313,-0.002428776351734996,0,-4.278939377400093e-05,100.41264343261719,100.41798400878906,790.8624267578125,790.8666381835938,790.8666381835938,549.9839477539062,0,0,23.801118850708008,0.0010999999940395355,0.02200000174343586,0.03299999609589577,0.04399999603629112,5655.8173828125,114276.53125,0.0429663360118866,0,3.1392715754918754e-05,186.63290405273438,0,0.0002616529818624258,2.8350639695418067e-05,0,0,23.700000762939453,0,0,1600,0,50,0,0,0,50,50,800,0.0,0.0,0.0,0.0
103,158.1853790283203,309.1014709472656,326.1357116699219,326.0437316894531,292.065673828125,292.1576232910156,16515.818359375,33031.63671875,69.02130126953125,69.02841186523438,1836.5030517578125,3579.362548828125,1792.7479248046875,3578.0810546875,284.53582763671875,61.95912170410156,-2.3396014512400143e-06,0,0,2574.70654296875,1291.5408935546875,0,23.796537399291992,2716.2587890625,12.23003101348877,11.840023040771484,910.3988647460938,1811.3175048828125,54.63747024536133,50.02057647705078,100,0,0,346.3678283691406,0,7.924896240234375,20.23213768005371,20.3240966796875,0,1.034000039100647,0.9067617654800415,50,2.799999952316284,2.290466785430908,0,0,0,0,4.232184814055187,0,0,0,0.002377618569880724,-0.0024184745270758867,0,-4.085602631676011e-05,100.41108703613281,100.41622161865234,790.854248046875,790.8583374023438,790.8583374023438,549.9798583984375,0,0,23.796537399291992,0.0010999999940395355,0.02200000174343586,0.03299999609589577,0.04399999603629112,5655.8173828125,114276.53125,0.0429663360118866,0,3.1392715754918754e-05,188.45370483398438,0,0.0002616529818624258,2.8350639695418067e-05,0,0,23.700000762939453,0,0,1600,0,50,0,0,0,50,50,800,0.0,0.0,0.0,0.0
104,158.18572998046875,309.1016845703125,326.1350402832031,326.0437316894531,292.0666809082031,292.157958984375,16515.818359375,33031.63671875,69.02167510986328,69.02864837646484,1835.8531494140625,3579.310791015625,1792.755615234375,3578.073486328125,284.5360107421875,61.959617614746094,-1.2587365745275747e-06,0,0,2574.70556640625,1291.546142578125,0,23.797388076782227,2716.212646484375,12.232255935668945,11.840059280395508,910.3604736328125,1811.3118896484375,54.664093017578125,50.02128219604492,100,0,0,346.3680114746094,0,7.924896240234375,20.23298454284668,20.32426643371582,0,1.034000039100647,0.9067617654800415,50,2.799999952316284,2.2905056476593018,0,0,0,0,4.1357795721345,0,0,0,0.0023650657385587692,-0.002408591564744711,0,-4.3525815272005275e-05,100.40948486328125,100.41451263427734,790.8463745117188,790.8502807617188,790.8502807617188,549.9759521484375,0,0,23.797388076782227,0.0010999999940395355,0.02200000174343586,0.03299999609589577,0.04399999603629112,5655.8173828125,114276.53125,0.0429663360118866,0,3.1392715754918754e-05,190.27450561523438,0,0.0002616529818624258,2.8350639695418067e-05,0,0,23.700000762939453,0,0,1600,0,50,0,0,0,50,50,800,0.0,0.0,0.0,0.0
105,158.18606567382812,309.101806640625,326.1343688964844,326.0437316894531,292.06768798828125,292.15826416015625,16515.818359375,33031.63671875,69.02204895019531,69.02888488769531,1835.2060546875,3579.258544921875,1792.7672119140625,3578.06201171875,284.53619384765625,61.96011734008789,4.031360276712803e-07,0,0,2574.70458984375,1291.55126953125,0,23.79416847229004,2716.1669921875,12.234448432922363,11.840094566345215,910.3222045898438,1811.3038330078125,54.69032669067383,50.021968841552734,100,0,0,346.3681945800781,0,7.924896240234375,20.23379898071289,20.32443618774414,0,1.034000039100647,0.9067617654800415,50,2.799999952316284,2.290544271469116,0,0,0,0,4.03937458169547,0,0,0,0.002356697339564562,-0.002398792654275894,0,-4.2095198296010494e-05,100.40772247314453,100.41282653808594,790.83837890625,790.8423461914062,790.8423461914062,549.9720458984375,0,0,23.79416847229004,0.0010999999940395355,0.02200000174343586,0.03299999609589577,0.04399999603629112,5655.8173828125,114276.53125,0.0429663360118866,0,3.1392715754918754e-05,192.09530639648438,0,0.0002616529818624258,2.8350639695418067e-05,0,0,23.700000762939453,0,0,1600,0,50,0,0,0,50,50,800,0.0,0.0,0.0,0.0
106,158.1864013671875,309.1020202636719,326.1337585449219,326.0437316894531,292.0686340332031,292.1585693359375,16515.818359375,33031.63671875,69.02242279052734,69.02912139892578,1834.5615234375,3579.20703125,1792.77783203125,3578.05126953125,284.5364074707031,61.960609436035156,9.029930652104667e-07,0,0,2574.703369140625,1291.55615234375,0,23.79365348815918,2716.120849609375,12.236607551574707,11.840127944946289,910.2853393554688,1811.295654296875,54.71616744995117,50.02264404296875,100,0,0,346.36834716796875,0,7.924896240234375,20.23457908630371,20.32460594177246,0,1.034000039100647,0.9067617654800415,50,2.799999952316284,2.2905828952789307,0,0,0,0,3.942969339774783,0,0,0,0.002344144508242607,-0.0023889096919447184,0,-4.476498725125566e-05,100.406005859375,100.41112518310547,790.8303833007812,790.8343505859375,790.8343505859375,549.9681396484375,0,0,23.79365348815918,0.0010999999940395355,0.02200000174343586,0.03299999609589577,0.04399999603629112,5655.8173828125,114276.53125,0.0429663360118866,0,3.1392715754918754e-05,193.91610717773438,0,0.0002616529818624258,2.8350639695418067e-05,0,0,23.700000762939453,0,0,1600,0,50,0,0,0,50,50,800,0.0,0.0,0.0,0.0
107,158.18673706054688,309.1021728515625,326.1331481933594,326.0438232421875,292.069580078125,292.1588439941406,16515.818359375,33031.63671875,69.0228042602539,69.02936553955078,1833.9193115234375,3579.1552734375,1792.787109375,3578.04150390625,284.5365905761719,61.96111297607422,3.145873506582575e-06,0,0,2574.7021484375,1291.5611572265625,0,23.79045867919922,2716.07421875,12.23873233795166,11.840161323547363,910.2484741210938,1811.2900390625,54.74159240722656,50.023345947265625,100,0,0,346.3685302734375,0,7.924896240234375,20.23535919189453,20.32470703125,0,1.034000039100647,0.9067617654800415,50,2.799999952316284,2.2906222343444824,0,0,0,0,3.8465643493357535,0,0,0,0.002333683893084526,-0.002378942910581827,0,-4.525895928964019e-05,100.40406799316406,100.4094009399414,790.8220825195312,790.8262939453125,790.8262939453125,549.9642333984375,0,0,23.79045867919922,0.0010999999940395355,0.02200000174343586,0.03299999609589577,0.04399999603629112,5655.8173828125,114276.53125,0.0429663360118866,0,3.1392715754918754e-05,195.73690795898438,0,0.0002616529818624258,2.8350639695418067e-05,0,0,23.700000762939453,0,0,1600,0,50,0,0,0,50,50,800,0.0,0.0,0.0,0.0
108,158.1870574951172,309.1023254394531,326.1325378417969,326.04388427734375,292.07049560546875,292.15911865234375,16515.818359375,33031.63671875,69.0231704711914,69.02960205078125,1833.2803955078125,3579.10302734375,1792.7955322265625,3578.03369140625,284.5367736816406,61.96159744262695,2.4837149794620927e-06,0,0,2574.701416015625,1291.56640625,0,23.791284561157227,2716.026123046875,12.240824699401855,11.840193748474121,910.209228515625,1811.2794189453125,54.76665496826172,50.02403259277344,100,0,0,346.3686828613281,0,7.924896240234375,20.23613929748535,20.324810028076172,0,1.034000039100647,0.9067617654800415,50,2.799999952316284,2.290663003921509,0,0,0,0,3.7501591074150666,0,0,0,0.0023253154940903187,-0.0023685574997216463,0,-4.3241900129942223e-05,100.40231323242188,100.4076156616211,790.8136596679688,790.81787109375,790.81787109375,549.9600830078125,0,0,23.791284561157227,0.0010999999940395355,0.02200000174343586,0.03299999609589577,0.04399999603629112,5655.8173828125,114276.53125,0.0429663360118866,0,3.1392715754918754e-05,197.55770874023438,0,0.0002616529818624258,2.8350639695418067e-05,0,0,23.700000762939453,0,0,1600,0,50,0,0,0,50,50,800,0.0,0.0,0.0,0.0
109,158.18736267089844,309.1024475097656,326.1319274902344,326.04388427734375,292.0714416503906,292.1594543457031,16515.818359375,33031.63671875,69.0235366821289,69.02983856201172,1832.645263671875,3579.05126953125,1792.8065185546875,3578.02294921875,284.5369873046875,61.962066650390625,-5.024746201343078e-07,0,0,2574.700439453125,1291.571533203125,0,23.789474487304688,2715.978271484375,12.242883682250977,11.840225219726562,910.1702270507812,1811.2686767578125,54.79133987426758,50.02470016479492,100,0,0,346.3688659667969,0,7.924896240234375,20.236919403076172,20.324979782104492,0,1.034000039100647,0.9067617654800415,50,2.799999952316284,2.290703296661377,0,0,0,0,3.6633946663162718,0,0,0,0.0023169468622654676,-0.002358255675062537,0,-4.13088382629212e-05,100.40069580078125,100.40585327148438,790.8054809570312,790.8095703125,790.8095703125,549.9559936523438,0,0,23.789474487304688,0.0010999999940395355,0.02200000174343586,0.03299999609589577,0.04399999603629112,5655.8173828125,114276.53125,0.0429663360118866,0,3.1392715754918754e-05,199.37850952148438,0,0.0002616529818624258,2.8350639695418067e-05,0,0,23.700000762939453,0,0,1600,0,50,0,0,0,50,50,800,0.0,0.0,0.0,0.0
110,158.18765258789062,309.1026611328125,326.1313171386719,326.0439147949219,292.0723876953125,292.15972900390625,16515.818359375,33031.63671875,69.0239028930664,69.03007507324219,1832.012451171875,3579.0009765625,1792.8160400390625,3578.012939453125,284.53717041015625,61.96254348754883,-2.3266486550710397e-06,0,0,2574.69970703125,1291.5762939453125,0,23.787708282470703,2715.931640625,12.24491024017334,11.840254783630371,910.1338500976562,1811.26318359375,54.81562423706055,50.02532958984375,100,0,0,346.3689880371094,0,7.924896240234375,20.2376651763916,20.32508087158203,0,1.034000039100647,0.9067617654800415,50,2.799999952316284,2.2907426357269287,0,0,0,0,3.576629973735819,0,0,0,0.002304394030943513,-0.0023482891265302896,0,-4.389508467284031e-05,100.39907836914062,100.40412902832031,790.7974853515625,790.8014526367188,790.8014526367188,549.9520263671875,0,0,23.787708282470703,0.0010999999940395355,0.02200000174343586,0.03299999609589577,0.04399999603629112,5655.8173828125,114276.53125,0.0429663360118866,0,3.1392715754918754e-05,201.19931030273438,0,0.0002616529818624258,2.8350639695418067e-05,0,0,23.700000762939453,0,0,1600,0,50,0,0,0,50,50,800,0.0,0.0,0.0,0.0
111,158.18795776367188,309.102783203125,326.1307067871094,326.0439147949219,292.0733337402344,292.1600646972656,16515.818359375,33031.63671875,69.0242691040039,69.03031158447266,1831.3836669921875,3578.950439453125,1792.826416015625,3578.00244140625,284.537353515625,61.963016510009766,-4.731830358650768e-06,0,0,2574.69873046875,1291.581298828125,0,23.785919189453125,2715.8857421875,12.246904373168945,11.840283393859863,910.0963745117188,1811.2550048828125,54.83954620361328,50.02594757080078,100,0,0,346.3691711425781,0,7.924896240234375,20.238445281982422,20.32525062561035,0,1.034000039100647,0.9067617654800415,50,2.799999952316284,2.2907814979553223,0,0,0,0,3.4898652811553665,0,0,0,0.002296025399118662,-0.002338406164199114,0,-4.2380775994388387e-05,100.39730072021484,100.40242767333984,790.7894287109375,790.79345703125,790.79345703125,549.9481201171875,0,0,23.785919189453125,0.0010999999940395355,0.02200000174343586,0.03299999609589577,0.04399999603629112,5655.8173828125,114276.53125,0.0429663360118866,0,3.1392715754918754e-05,203.02011108398438,0,0.0002616529818624258,2.8350639695418067e-05,0,0,23.700000762939453,0,0,1600,0,50,0,0,0,50,50,800,0.0,0.0,0.0,0.0
112,158.18826293945312,309.1029357910156,326.1300964355469,326.0439147949219,292.07427978515625,292.1603698730469,16515.818359375,33031.63671875,69.02462005615234,69.0305404663086,1830.758544921875,3578.900146484375,1792.83740234375,3577.99169921875,284.53753662109375,61.96348571777344,2.9177151645853883e-06,0,0,2574.69775390625,1291.586181640625,0,23.784154891967773,2715.83935546875,12.248865127563477,11.840312004089355,910.0591430664062,1811.2445068359375,54.86306381225586,50.02656173706055,100,0,0,346.3692932128906,0,7.924896240234375,20.23919105529785,20.32538604736328,0,1.034000039100647,0.9067617654800415,50,2.799999952316284,2.290820360183716,0,0,0,0,3.403100840056571,0,0,0,0.002287656767293811,-0.0023284393828362226,0,-4.0782626456348225e-05,100.39568328857422,100.40071868896484,790.781494140625,790.785400390625,790.785400390625,549.9441528320312,0,0,23.784154891967773,0.0010999999940395355,0.02200000174343586,0.03299999609589577,0.04399999603629112,5655.8173828125,114276.53125,0.0429663360118866,0,3.1392715754918754e-05,204.84091186523438,0,0.0002616529818624258,2.8350639695418067e-05,0,0,23.700000762939453,0,0,1600,0,50,0,0,0,50,50,800,0.0,0.0,0.0,0.0
113,158.18856811523438,309.1030578613281,326.12945556640625,326.0439147949219,292.0751953125,292.1606750488281,16515.818359375,33031.63671875,69.02497863769531,69.03076934814453,1830.1358642578125,3578.852294921875,1792.8487548828125,3577.980224609375,284.5377197265625,61.96396255493164,1.0935409591183998e-06,0,0,2574.69677734375,1291.5908203125,0,23.78238868713379,2715.794189453125,12.25079345703125,11.840336799621582,910.0219116210938,1811.2340087890625,54.88617706298828,50.02715301513672,100,0,0,346.3694763183594,0,7.924896240234375,20.24000358581543,20.3255558013916,0,1.034000039100647,0.9067617654800415,50,2.799999952316284,2.290858507156372,0,0,0,0,3.3163361474761186,0,0,0,0.00227928813546896,-0.002318723825737834,0,-3.943585397792049e-05,100.39414978027344,100.3990478515625,790.773681640625,790.7775268554688,790.7775268554688,549.9402465820312,0,0,23.78238868713379,0.0010999999940395355,0.02200000174343586,0.03299999609589577,0.04399999603629112,5655.8173828125,114276.53125,0.0429663360118866,0,3.1392715754918754e-05,206.66171264648438,0,0.0002616529818624258,2.8350639695418067e-05,0,0,23.700000762939453,0,0,1600,0,50,0,0,0,50,50,800,0.0,0.0,0.0,0.0
114,158.18887329101562,309.103271484375,326.12884521484375,326.0439147949219,292.07611083984375,292.1609802246094,16515.818359375,33031.63671875,69.02533721923828,69.031005859375,1829.5174560546875,3578.802978515625,1792.8592529296875,3577.969482421875,284.53790283203125,61.96443557739258,-1.3116407444613287e-06,0,0,2574.696044921875,1291.5958251953125,0,23.781965255737305,2715.75,12.252691268920898,11.840363502502441,909.9863891601562,1811.2283935546875,54.90896987915039,50.02771759033203,100,0,0,346.36962890625,0,7.924896240234375,20.24078369140625,20.325725555419922,0,1.034000039100647,0.9067617654800415,50,2.799999952316284,2.290895700454712,0,0,0,0,3.2295714548956664,0,0,0,0.0022667348384857178,-0.0023092597257345915,0,-4.252485450706445e-05,100.39258575439453,100.39741516113281,790.7660522460938,790.7698974609375,790.7698974609375,549.9365234375,0,0,23.781965255737305,0.0010999999940395355,0.02200000174343586,0.03299999609589577,0.04399999603629112,5655.8173828125,114276.53125,0.0429663360118866,0,3.1392715754918754e-05,208.48251342773438,0,0.0002616529818624258,2.8350639695418067e-05,0,0,23.700000762939453,0,0,1600,0,50,0,0,0,50,50,800,0.0,0.0,0.0,0.0
115,158.18917846679688,309.1034240722656,326.1282653808594,326.0439453125,292.0770263671875,292.1612548828125,16515.818359375,33031.63671875,69.02568817138672,69.03123474121094,1828.9022216796875,3578.754638671875,1792.86669921875,3577.9619140625,284.5381164550781,61.96490478515625,-4.297830400901148e-06,0,0,2574.695068359375,1291.6009521484375,0,23.780197143554688,2715.705810546875,12.254555702209473,11.840388298034668,909.949462890625,1811.220458984375,54.93132400512695,50.028282165527344,100,0,0,346.3697814941406,0,7.924896240234375,20.241497039794922,20.32582664489746,0,1.034000039100647,0.9067617654800415,50,2.799999952316284,2.290933132171631,0,0,0,0,3.142807013796871,0,0,0,0.002256273990496993,-0.0022997953929007053,0,-4.352157702669501e-05,100.39083099365234,100.39578247070312,790.7583618164062,790.76220703125,790.76220703125,549.9328002929688,0,0,23.780197143554688,0.0010999999940395355,0.02200000174343586,0.03299999609589577,0.04399999603629112,5655.8173828125,114276.53125,0.0429663360118866,0,3.1392715754918754e-05,210.30331420898438,0,0.0002616529818624258,2.8350639695418067e-05,0,0,23.700000762939453,0,0,1600,0,50,0,0,0,50,50,800,0.0,0.0,0.0,0.0
116,158.18948364257812,309.1036071777344,326.1276550292969,326.04400634765625,292.0779113769531,292.1615295410156,16515.818359375,33031.63671875,69.02603912353516,69.0314712524414,1828.2904052734375,3578.70654296875,1792.87841796875,3577.95068359375,284.53826904296875,61.96538162231445,4.513730800681515e-06,0,0,2574.6943359375,1291.6055908203125,0,23.777069091796875,2715.660400390625,12.256388664245605,11.840411186218262,909.915283203125,1811.215087890625,54.95333480834961,50.028839111328125,100,0,0,346.36993408203125,0,7.924896240234375,20.242277145385742,20.325927734375,0,1.034000039100647,0.9067617654800415,50,2.799999952316284,2.290971279144287,0,0,0,0,3.0560423212164185,0,0,0,0.0022458129096776247,-0.0022900800686329603,0,-4.426707891980186e-05,100.38894653320312,100.39410400390625,790.7503051757812,790.7543334960938,790.7543334960938,549.928955078125,0,0,23.777069091796875,0.0010999999940395355,0.02200000174343586,0.03299999609589577,0.04399999603629112,5655.8173828125,114276.53125,0.0429663360118866,0,3.1392715754918754e-05,212.12411499023438,0,0.0002616529818624258,2.8350639695418067e-05,0,0,23.700000762939453,0,0,1600,0,50,0,0,0,50,50,800,0.0,0.0,0.0,0.0
117,158.1897735595703,309.1037292480469,326.1271057128906,326.0440368652344,292.0788269042969,292.1618347167969,16515.818359375,33031.63671875,69.02639770507812,69.03170776367188,1827.681884765625,3578.657470703125,1792.88720703125,3577.94189453125,284.5384826660156,61.96583938598633,-2.154821885369529e-07,0,0,2574.693359375,1291.6102294921875,0,23.77800941467285,2715.61376953125,12.258190155029297,11.840435028076172,909.8787841796875,1811.20703125,54.9749870300293,50.02940368652344,100,0,0,346.3700866699219,0,7.924896240234375,20.24298858642578,20.326030731201172,0,1.034000039100647,0.9067617654800415,50,2.799999952316284,2.291010618209839,0,0,0,0,2.969277628635966,0,0,0,0.0022374442778527737,-0.0022800297010689974,0,-4.258539047441445e-05,100.38719177246094,100.39237976074219,790.7421264648438,790.7462158203125,790.7462158203125,549.9249267578125,0,0,23.77800941467285,0.0010999999940395355,0.02200000174343586,0.03299999609589577,0.04399999603629112,5655.8173828125,114276.53125,0.0429663360118866,0,3.1392715754918754e-05,213.94491577148438,0,0.0002616529818624258,2.8350639695418067e-05,0,0,23.700000762939453,0,0,1600,0,50,0,0,0,50,50,800,0.0,0.0,0.0,0.0
118,158.19007873535156,309.1038818359375,326.1264953613281,326.0440368652344,292.07977294921875,292.16217041015625,16515.818359375,33031.63671875,69.02674102783203,69.03193664550781,1827.07763671875,3578.6083984375,1792.8963623046875,3577.932861328125,284.5386657714844,61.96630096435547,-4.363687367003877e-06,0,0,2574.6923828125,1291.614990234375,0,23.776287078857422,2715.567138671875,12.25995922088623,11.840457916259766,909.8424682617188,1811.1966552734375,54.99626922607422,50.02996063232422,100,0,0,346.3702392578125,0,7.924896240234375,20.2437686920166,20.326200485229492,0,1.034000039100647,0.9067617654800415,50,2.799999952316284,2.2910499572753906,0,0,0,0,2.882513187537171,0,0,0,0.0022290751803666353,-0.002269979100674391,0,-4.0903851186158136e-05,100.3855972290039,100.39065551757812,790.7340698242188,790.7380981445312,790.7380981445312,549.9209594726562,0,0,23.776287078857422,0.0010999999940395355,0.02200000174343586,0.03299999609589577,0.04399999603629112,5655.8173828125,114276.53125,0.0429663360118866,0,3.1392715754918754e-05,215.76571655273438,0,0.0002616529818624258,2.8350639695418067e-05,0,0,23.700000762939453,0,0,1600,0,50,0,0,0,50,50,800,0.0,0.0,0.0,0.0
119,158.1903839111328,309.10400390625,326.1258850097656,326.0440368652344,292.0806579589844,292.1624450683594,16515.818359375,33031.63671875,69.02708435058594,69.03216552734375,1826.476806640625,3578.56103515625,1792.90771484375,3577.921142578125,284.538818359375,61.966758728027344,1.5428348660861957e-06,0,0,2574.69140625,1291.61962890625,0,23.773202896118164,2715.521728515625,12.261697769165039,11.84047794342041,909.80615234375,1811.1861572265625,55.017154693603516,50.03049087524414,100,0,0,346.3703918457031,0,7.924896240234375,20.24451446533203,20.326335906982422,0,1.034000039100647,0.9067617654800415,50,2.799999952316284,2.291088581085205,0,0,0,0,2.7957484949567184,0,0,0,0.0022207065485417843,-0.0022601799573749304,0,-3.9473536162404343e-05,100.38407135009766,100.38896942138672,790.7262573242188,790.7301635742188,790.7301635742188,549.9170532226562,0,0,23.773202896118164,0.0010999999940395355,0.02200000174343586,0.03299999609589577,0.04399999603629112,5655.8173828125,114276.53125,0.0429663360118866,0,3.1392715754918754e-05,217.58651733398438,0,0.0002616529818624258,2.8350639695418067e-05,0,0,23.700000762939453,0,0,1600,0,50,0,0,0,50,50,800,0.0,0.0,0.0,0.0
120,158.190673828125,309.1041564941406,326.1252746582031,326.0440368652344,292.08154296875,292.1627502441406,16515.818359375,33031.63671875,69.02742004394531,69.03239440917969,1825.879638671875,3578.5146484375,1792.9146728515625,3577.9140625,284.5390319824219,61.96721267700195,-3.767385805986123e-06,0,0,2574.690673828125,1291.624267578125,0,23.772844314575195,2715.477783203125,12.263405799865723,11.840497970581055,909.7702026367188,1811.17822265625,55.037689208984375,50.03099060058594,100,0,0,346.37054443359375,0,7.924896240234375,20.24529457092285,20.326505661010742,0,1.034000039100647,0.9067617654800415,50,2.799999952316284,2.291125535964966,0,0,0,0,2.708983802376266,0,0,0,0.002212337451055646,-0.002250715857371688,0,-3.837828990072012e-05,100.3825912475586,100.38734436035156,790.71875,790.7224731445312,790.7224731445312,549.9132690429688,0,0,23.772844314575195,0.0010999999940395355,0.02200000174343586,0.03299999609589577,0.04399999603629112,5655.8173828125,114276.53125,0.0429663360118866,0,3.1392715754918754e-05,219.40731811523438,0,0.0002616529818624258,2.8350639695418067e-05,0,0,23.700000762939453,0,0,1600,0,50,0,0,0,50,50,800,0.0,0.0,0.0,0.0
121,158.19094848632812,309.1042785644531,326.1246643066406,326.0440368652344,292.0824279785156,292.16302490234375,16515.818359375,33031.63671875,69.02775573730469,69.0326156616211,1825.2877197265625,3578.468505859375,1792.9254150390625,3577.9033203125,284.5391845703125,61.9676513671875,-7.659024277018034e-07,0,0,2574.689697265625,1291.6287841796875,0,23.77250862121582,2715.435302734375,12.265081405639648,11.840517044067383,909.735595703125,1811.16796875,55.05781173706055,50.03148651123047,100,0,0,346.3706970214844,0,7.924896240234375,20.24604034423828,20.326641082763672,0,1.034000039100647,0.9067617654800415,50,2.799999952316284,2.291161298751831,0,0,0,0,2.631859910617705,0,0,0,0.002203968819230795,-0.0022415865678340197,0,-3.7617959605995566e-05,100.38114929199219,100.38578033447266,790.71142578125,790.715087890625,790.715087890625,549.90966796875,0,0,23.77250862121582,0.0010999999940395355,0.02200000174343586,0.03299999609589577,0.04399999603629112,5655.8173828125,114276.53125,0.0429663360118866,0,3.1392715754918754e-05,221.22811889648438,0,0.0002616529818624258,2.8350639695418067e-05,0,0,23.700000762939453,0,0,1600,0,50,0,0,0,50,50,800,0.0,0.0,0.0,0.0
122,158.1912078857422,309.10443115234375,326.12408447265625,326.0440368652344,292.08331298828125,292.1632995605469,16515.818359375,33031.63671875,69.02808380126953,69.0328369140625,1824.69921875,3578.422607421875,1792.9356689453125,3577.89306640625,284.5393371582031,61.96810531616211,4.5596120799018536e-06,0,0,2574.68896484375,1291.633544921875,0,23.76949119567871,2715.3935546875,12.266728401184082,11.840535163879395,909.7000732421875,1811.1600341796875,55.07762145996094,50.03194046020508,100,0,0,346.3708190917969,0,7.924896240234375,20.24675178527832,20.3267765045166,0,1.034000039100647,0.9067617654800415,50,2.799999952316284,2.291196584701538,0,0,0,0,2.5547357673774873,0,0,0,0.0021955997217446566,-0.0022326249163597822,0,-3.702516187331639e-05,100.37970733642578,100.38423919677734,790.7042236328125,790.7078247070312,790.7078247070312,549.9060668945312,0,0,23.76949119567871,0.0010999999940395355,0.02200000174343586,0.03299999609589577,0.04399999603629112,5655.8173828125,114276.53125,0.0429663360118866,0,3.1392715754918754e-05,223.04891967773438,0,0.0002616529818624258,2.8350639695418067e-05,0,0,23.700000762939453,0,0,1600,0,50,0,0,0,50,50,800,0.0,0.0,0.0,0.0
123,158.1914825439453,309.1046142578125,326.12353515625,326.0440979003906,292.0841979980469,292.16357421875,16515.818359375,33031.63671875,69.02841186523438,69.0330581665039,1824.1146240234375,3578.37841796875,1792.946044921875,3577.883056640625,284.53955078125,61.96854782104492,-2.4936318823165493e-06,0,0,2574.68798828125,1291.6383056640625,0,23.77052116394043,2715.352294921875,12.268342971801758,11.840551376342773,909.6671752929688,1811.1549072265625,55.09702682495117,50.03239059448242,100,0,0,346.3709716796875,0,7.924896240234375,20.2474308013916,20.32687759399414,0,1.034000039100647,0.9067617654800415,50,2.799999952316284,2.291231393814087,0,0,0,0,2.477611624137269,0,0,0,0.002183046191930771,-0.0022238309029489756,0,-4.078459460288286e-05,100.378173828125,100.3827133178711,790.6970825195312,790.70068359375,790.70068359375,549.9026489257812,0,0,23.77052116394043,0.0010999999940395355,0.02200000174343586,0.03299999609589577,0.04399999603629112,5655.8173828125,114276.53125,0.0429663360118866,0,3.1392715754918754e-05,224.86972045898438,0,0.0002616529818624258,2.8350639695418067e-05,0,0,23.700000762939453,0,0,1600,0,50,0,0,0,50,50,800,0.0,0.0,0.0,0.0
124,158.19174194335938,309.1047668457031,326.12298583984375,326.04412841796875,292.08502197265625,292.1638488769531,16515.818359375,33031.63671875,69.02873992919922,69.03327941894531,1823.53466796875,3578.33349609375,1792.955322265625,3577.873779296875,284.5397033691406,61.968994140625,1.6698669469406013e-06,0,0,2574.687255859375,1291.6427001953125,0,23.76750373840332,2715.310791015625,12.269927978515625,11.840567588806152,909.6332397460938,1811.1468505859375,55.11612319946289,50.03281784057617,100,0,0,346.37109375,0,7.924896240234375,20.24810791015625,20.32697868347168,0,1.034000039100647,0.9067617654800415,50,2.799999952316284,2.291266441345215,0,0,0,0,2.400487480897051,0,0,0,0.002174677327275276,-0.0022148690186440945,0,-4.019179687020369e-05,100.37644958496094,100.38117218017578,790.689697265625,790.6934204101562,790.6934204101562,549.8990478515625,0,0,23.76750373840332,0.0010999999940395355,0.02200000174343586,0.03299999609589577,0.04399999603629112,5655.8173828125,114276.53125,0.0429663360118866,0,3.1392715754918754e-05,226.69052124023438,0,0.0002616529818624258,2.8350639695418067e-05,0,0,23.700000762939453,0,0,1600,0,50,0,0,0,50,50,800,0.0,0.0,0.0,0.0
125,158.1920166015625,309.1048889160156,326.12237548828125,326.04412841796875,292.0859069824219,292.1641845703125,16515.818359375,33031.63671875,69.02906799316406,69.03350067138672,1822.9580078125,3578.288818359375,1792.9649658203125,3577.8642578125,284.5398864746094,61.96943664550781,5.252357823337661e-06,0,0,2574.686767578125,1291.6470947265625,0,23.765827178955078,2715.267822265625,12.271482467651367,11.840582847595215,909.599365234375,1811.139404296875,55.13482666015625,50.03327178955078,100,0,0,346.3712463378906,0,7.924896240234375,20.24885368347168,20.327116012573242,0,1.034000039100647,0.9067617654800415,50,2.799999952316284,2.2913026809692383,0,0,0,0,2.323363337656833,0,0,0,0.002166308229789138,-0.002205656375735998,0,-3.934807682526298e-05,100.37484741210938,100.37958526611328,790.6822509765625,790.6859741210938,790.6859741210938,549.8953857421875,0,0,23.765827178955078,0.0010999999940395355,0.02200000174343586,0.03299999609589577,0.04399999603629112,5655.8173828125,114276.53125,0.0429663360118866,0,3.1392715754918754e-05,228.51132202148438,0,0.0002616529818624258,2.8350639695418067e-05,0,0,23.700000762939453,0,0,1600,0,50,0,0,0,50,50,800,0.0,0.0,0.0,0.0
126,158.19229125976562,309.10504150390625,326.12176513671875,326.04412841796875,292.0867919921875,292.16448974609375,16515.818359375,33031.63671875,69.0293960571289,69.03372192382812,1822.3853759765625,3578.24365234375,1792.975341796875,3577.853515625,284.5400695800781,61.969886779785156,-6.388704605342355e-07,0,0,2574.685546875,1291.6517333984375,0,23.76280975341797,2715.22509765625,12.2730073928833,11.840597152709961,909.5645141601562,1811.12890625,55.15321350097656,50.03371047973633,100,0,0,346.3713684082031,0,7.924896240234375,20.249601364135742,20.327251434326172,0,1.034000039100647,0.9067617654800415,50,2.799999952316284,2.2913386821746826,0,0,0,0,2.246239194416615,0,0,0,0.002157939365133643,-0.0021964432671666145,0,-3.850405482808128e-05,100.37333679199219,100.37800598144531,790.6748657226562,790.6785278320312,790.6785278320312,549.8917236328125,0,0,23.76280975341797,0.0010999999940395355,0.02200000174343586,0.03299999609589577,0.04399999603629112,5655.8173828125,114276.53125,0.0429663360118866,0,3.1392715754918754e-05,230.33212280273438,0,0.0002616529818624258,2.8350639695418067e-05,0,0,23.700000762939453,0,0,1600,0,50,0,0,0,50,50,800,0.0,0.0,0.0,0.0
127,158.1925506591797,309.105224609375,326.1212158203125,326.04412841796875,292.0876770019531,292.1647644042969,16515.818359375,33031.63671875,69.02971649169922,69.03394317626953,1821.8170166015625,3578.199951171875,1792.9844970703125,3577.84423828125,284.54022216796875,61.97032928466797,2.943620529549662e-06,0,0,2574.68505859375,1291.656494140625,0,23.762474060058594,2715.182861328125,12.274502754211426,11.84061050415039,909.5324096679688,1811.123779296875,55.171241760253906,50.034114837646484,100,0,0,346.3714904785156,0,7.924896240234375,20.25027847290039,20.3273868560791,0,1.034000039100647,0.9067617654800415,50,2.799999952316284,2.291374444961548,0,0,0,0,2.1691153026580543,0,0,0,0.002145385602489114,-0.0021873977966606617,0,-4.2012263293145224e-05,100.37177276611328,100.3764419555664,790.6675415039062,790.6712036132812,790.6712036132812,549.88818359375,0,0,23.762474060058594,0.0010999999940395355,0.02200000174343586,0.03299999609589577,0.04399999603629112,5655.8173828125,114276.53125,0.0429663360118866,0,3.1392715754918754e-05,232.15292358398438,0,0.0002616529818624258,2.8350639695418067e-05,0,0,23.700000762939453,0,0,1600,0,50,0,0,0,50,50,800,0.0,0.0,0.0,0.0
128,158.1928253173828,309.1053771972656,326.1206970214844,326.0441589355469,292.0885009765625,292.1650390625,16515.818359375,33031.63671875,69.03004455566406,69.03417205810547,1821.252197265625,3578.1552734375,1792.9959716796875,3577.832763671875,284.5404357910156,61.97077560424805,-3.5286157071823254e-06,0,0,2574.68408203125,1291.66064453125,0,23.759456634521484,2715.1396484375,12.275970458984375,11.840622901916504,909.5004272460938,1811.1185302734375,55.18894577026367,50.0345344543457,100,0,0,346.3716735839844,0,7.924896240234375,20.25098991394043,20.32752227783203,0,1.034000039100647,0.9067617654800415,50,2.799999952316284,2.2914109230041504,0,0,0,0,2.091991159417836,0,0,0,0.0021370165050029755,-0.0021781851537525654,0,-4.1168543248204514e-05,100.37000274658203,100.37484741210938,790.6599731445312,790.6637573242188,790.6637573242188,549.884521484375,0,0,23.759456634521484,0.0010999999940395355,0.02200000174343586,0.03299999609589577,0.04399999603629112,5655.8173828125,114276.53125,0.0429663360118866,0,3.1392715754918754e-05,233.97372436523438,0,0.0002616529818624258,2.8350639695418067e-05,0,0,23.700000762939453,0,0,1600,0,50,0,0,0,50,50,800,0.0,0.0,0.0,0.0
129,158.19309997558594,309.1054992675781,326.1201477050781,326.044189453125,292.08929443359375,292.165283203125,16515.818359375,33031.63671875,69.03036499023438,69.03439331054688,1820.6925048828125,3578.111328125,1793.004638671875,3577.824462890625,284.54058837890625,61.97121047973633,-1.1081399406975834e-06,0,0,2574.683349609375,1291.6650390625,0,23.759143829345703,2715.095703125,12.277406692504883,11.840635299682617,909.46630859375,1811.1082763671875,55.2063102722168,50.03492736816406,100,0,0,346.3717956542969,0,7.924896240234375,20.25166893005371,20.32762336730957,0,1.034000039100647,0.9067617654800415,50,2.799999952316284,2.291447877883911,0,0,0,0,2.0148670161776177,0,0,0,0.002128647407516837,-0.0021687208209186792,0,-4.007359893876128e-05,100.36837768554688,100.37322235107422,790.6522827148438,790.6560668945312,790.6560668945312,549.8807373046875,0,0,23.759143829345703,0.0010999999940395355,0.02200000174343586,0.03299999609589577,0.04399999603629112,5655.8173828125,114276.53125,0.0429663360118866,0,3.1392715754918754e-05,235.79452514648438,0,0.0002616529818624258,2.8350639695418067e-05,0,0,23.700000762939453,0,0,1600,0,50,0,0,0,50,50,800,0.0,0.0,0.0,0.0
130,158.193359375,309.10565185546875,326.1195983886719,326.04425048828125,292.0901184082031,292.1655578613281,16515.818359375,33031.63671875,69.03068542480469,69.03461456298828,1820.13623046875,3578.067626953125,1793.0155029296875,3577.813720703125,284.540771484375,61.971641540527344,7.313278160836489e-07,0,0,2574.682373046875,1291.66943359375,0,23.758874893188477,2715.052001953125,12.278814315795898,11.840646743774414,909.4334106445312,1811.1004638671875,55.22330856323242,50.03533935546875,100,0,0,346.3719482421875,0,7.924896240234375,20.252347946166992,20.32769203186035,0,1.034000039100647,0.9067617654800415,50,2.799999952316284,2.2914845943450928,0,0,0,0,1.9377428729373998,0,0,0,0.0021202783100306988,-0.0021593403071165085,0,-3.90621971746441e-05,100.3668441772461,100.37161254882812,790.644775390625,790.6484985351562,790.6484985351562,549.8770141601562,0,0,23.758874893188477,0.0010999999940395355,0.02200000174343586,0.03299999609589577,0.04399999603629112,5655.8173828125,114276.53125,0.0429663360118866,0,3.1392715754918754e-05,237.61532592773438,0,0.0002616529818624258,2.8350639695418067e-05,0,0,23.700000762939453,0,0,1600,0,50,0,0,0,50,50,800,0.0,0.0,0.0,0.0
131,158.19363403320312,309.10577392578125,326.1190490722656,326.04425048828125,292.0909729003906,292.1658630371094,16515.818359375,33031.63671875,69.03099822998047,69.03483581542969,1819.5845947265625,3578.02490234375,1793.02490234375,3577.803955078125,284.5409240722656,61.97206497192383,1.4087800082052127e-06,0,0,2574.681640625,1291.6737060546875,0,23.758628845214844,2715.009521484375,12.280193328857422,11.840655326843262,909.4007568359375,1811.0928955078125,55.239967346191406,50.03571319580078,100,0,0,346.3720703125,0,7.924896240234375,20.25302505493164,20.32782745361328,0,1.034000039100647,0.9067617654800415,50,2.799999952316284,2.291520833969116,0,0,0,0,1.8606188554380103,0,0,0,0.0021119092125445604,-0.0021501274313777685,0,-3.821832433459349e-05,100.3653564453125,100.37003326416016,790.6373901367188,790.6410522460938,790.6410522460938,549.8733520507812,0,0,23.758628845214844,0.0010999999940395355,0.02200000174343586,0.03299999609589577,0.04399999603629112,5655.8173828125,114276.53125,0.0429663360118866,0,3.1392715754918754e-05,239.43612670898438,0,0.0002616529818624258,2.8350639695418067e-05,0,0,23.700000762939453,0,0,1600,0,50,0,0,0,50,50,800,0.0,0.0,0.0,0.0
132,158.1938934326172,309.10589599609375,326.1184997558594,326.04425048828125,292.0918273925781,292.1661376953125,16515.818359375,33031.63671875,69.03131103515625,69.03504943847656,1819.0379638671875,3577.982666015625,1793.034912109375,3577.794189453125,284.5411071777344,61.97248840332031,2.086232370857033e-06,0,0,2574.680908203125,1291.6781005859375,0,23.757041931152344,2714.96728515625,12.281543731689453,11.840664863586426,909.3684692382812,1811.0826416015625,55.25630569458008,50.03607177734375,100,0,0,346.3722229003906,0,7.924896240234375,20.253704071044922,20.32796287536621,0,1.034000039100647,0.9067617654800415,50,2.799999952316284,2.2915563583374023,0,0,0,0,1.7834947121977922,0,0,0,0.0021035398822277784,-0.0021410821937024593,0,-3.754228964680806e-05,100.36388397216797,100.36847686767578,790.630126953125,790.6337280273438,790.6337280273438,549.8697509765625,0,0,23.757041931152344,0.0010999999940395355,0.02200000174343586,0.03299999609589577,0.04399999603629112,5655.8173828125,114276.53125,0.0429663360118866,0,3.1392715754918754e-05,241.25692749023438,0,0.0002616529818624258,2.8350639695418067e-05,0,0,23.700000762939453,0,0,1600,0,50,0,0,0,50,50,800,0.0,0.0,0.0,0.0
133,158.19412231445312,309.1060485839844,326.11798095703125,326.04425048828125,292.0926208496094,292.1664123535156,16515.818359375,33031.63671875,69.0316162109375,69.03527069091797,1818.4952392578125,3577.941162109375,1793.04345703125,3577.785400390625,284.541259765625,61.972896575927734,4.3965343365925946e-07,0,0,2574.68017578125,1291.6824951171875,0,23.755455017089844,2714.926025390625,12.282865524291992,11.840673446655273,909.3361206054688,1811.0750732421875,55.272274017333984,50.03643035888672,100,0,0,346.372314453125,0,7.924896240234375,20.25434684753418,20.32806396484375,0,1.034000039100647,0.9067617654800415,50,2.799999952316284,2.291591167449951,0,0,0,0,1.7160111182978086,0,0,0,0.0020951705519109964,-0.0021322041284292936,0,-3.703363472595811e-05,100.36244201660156,100.36695098876953,790.6229858398438,790.6265258789062,790.6265258789062,549.8662719726562,0,0,23.755455017089844,0.0010999999940395355,0.02200000174343586,0.03299999609589577,0.04399999603629112,5655.8173828125,114276.53125,0.0429663360118866,0,3.1392715754918754e-05,243.07772827148438,0,0.0002616529818624258,2.8350639695418067e-05,0,0,23.700000762939453,0,0,1600,0,50,0,0,0,50,50,800,0.0,0.0,0.0,0.0
134,158.19435119628906,309.1061706542969,326.117431640625,326.04425048828125,292.09344482421875,292.16668701171875,16515.818359375,33031.63671875,69.03192138671875,69.03547668457031,1817.956787109375,3577.900634765625,1793.0526123046875,3577.776611328125,284.5414123535156,61.973297119140625,-2.368940840824507e-06,0,0,2574.6796875,1291.6866455078125,0,23.75527572631836,2714.88525390625,12.284159660339355,11.840680122375488,909.3040161132812,1811.067626953125,55.28789138793945,50.036773681640625,100,0,0,346.3724670410156,0,7.924896240234375,20.25502586364746,20.32819938659668,0,1.034000039100647,0.9067617654800415,50,2.799999952316284,2.291625499725342,0,0,0,0,1.648527524397825,0,0,0,0.002086801454424858,-0.0021234937012195587,0,-3.669236321002245e-05,100.36101531982422,100.36544799804688,790.6160278320312,790.6194458007812,790.6194458007812,549.86279296875,0,0,23.75527572631836,0.0010999999940395355,0.02200000174343586,0.03299999609589577,0.04399999603629112,5655.8173828125,114276.53125,0.0429663360118866,0,3.1392715754918754e-05,244.89852905273438,0,0.0002616529818624258,2.8350639695418067e-05,0,0,23.700000762939453,0,0,1600,0,50,0,0,0,50,50,800,0.0,0.0,0.0,0.0
135,158.19459533691406,309.1063232421875,326.1169128417969,326.04425048828125,292.0942687988281,292.1669616699219,16515.818359375,33031.63671875,69.0322265625,69.03569793701172,1817.423583984375,3577.859375,1793.0643310546875,3577.7646484375,284.5415954589844,61.97370910644531,-3.434512109379284e-06,0,0,2574.6787109375,1291.690673828125,0,23.7537784576416,2714.845703125,12.285426139831543,11.840686798095703,909.2735595703125,1811.059814453125,55.303226470947266,50.03708267211914,100,0,0,346.37255859375,0,7.924896240234375,20.25563621520996,20.32830238342285,0,1.034000039100647,0.9067617654800415,50,2.799999952316284,2.291658878326416,0,0,0,0,1.5810439304978412,0,0,0,0.002078432124108076,-0.0021149509120732546,0,-3.651877705124207e-05,100.35958099365234,100.36398315429688,790.6090698242188,790.612548828125,790.612548828125,549.859375,0,0,23.7537784576416,0.0010999999940395355,0.02200000174343586,0.03299999609589577,0.04399999603629112,5655.8173828125,114276.53125,0.0429663360118866,0,3.1392715754918754e-05,246.71932983398438,0,0.0002616529818624258,2.8350639695418067e-05,0,0,23.700000762939453,0,0,1600,0,50,0,0,0,50,50,800,0.0,0.0,0.0,0.0
136,158.19482421875,309.1064453125,326.1164245605469,326.0442810058594,292.09503173828125,292.1672058105469,16515.818359375,33031.63671875,69.03252410888672,69.03590393066406,1816.89453125,3577.819580078125,1793.070556640625,3577.75830078125,284.5417175292969,61.9741096496582,4.392628397908993e-06,0,0,2574.677978515625,1291.69482421875,0,23.753599166870117,2714.805908203125,12.286664009094238,11.840692520141602,909.2420043945312,1811.0523681640625,55.31820297241211,50.03739929199219,100,0,0,346.3726806640625,0,7.924896240234375,20.25628089904785,20.32840347290039,0,1.034000039100647,0.9067617654800415,50,2.799999952316284,2.2916924953460693,0,0,0,0,1.5135603365978576,0,0,0,0.002070062793791294,-0.0021064081229269505,0,-3.634534004959278e-05,100.358154296875,100.36251068115234,790.6021728515625,790.6056518554688,790.6056518554688,549.8560180664062,0,0,23.753599166870117,0.0010999999940395355,0.02200000174343586,0.03299999609589577,0.04399999603629112,5655.8173828125,114276.53125,0.0429663360118866,0,3.1392715754918754e-05,248.54013061523438,0,0.0002616529818624258,2.8350639695418067e-05,0,0,23.700000762939453,0,0,1600,0,50,0,0,0,50,50,800,0.0,0.0,0.0,0.0
137,158.195068359375,309.1065979003906,326.1159362792969,326.0442810058594,292.0958251953125,292.16748046875,16515.818359375,33031.63671875,69.03282165527344,69.03611755371094,1816.3704833984375,3577.779296875,1793.081298828125,3577.74755859375,284.5419006347656,61.97450637817383,1.0030264547822298e-06,0,0,2574.67724609375,1291.6990966796875,0,23.752103805541992,2714.7666015625,12.28787612915039,11.840697288513184,909.210693359375,1811.042236328125,55.3328971862793,50.03768539428711,100,0,0,346.3728332519531,0,7.924896240234375,20.25689125061035,20.32853889465332,0,1.034000039100647,0.9067617654800415,50,2.799999952316284,2.2917258739471436,0,0,0,0,1.4460768684387026,0,0,0,0.002061693463474512,-0.002097948919981718,0,-3.625544559326954e-05,100.35671997070312,100.36105346679688,790.5953979492188,790.5987548828125,790.5987548828125,549.8526611328125,0,0,23.752103805541992,0.0010999999940395355,0.02200000174343586,0.03299999609589577,0.04399999603629112,5655.8173828125,114276.53125,0.0429663360118866,0,3.1392715754918754e-05,250.36093139648438,0,0.0002616529818624258,2.8350639695418067e-05,0,0,23.700000762939453,0,0,1600,0,50,0,0,0,50,50,800,0.0,0.0,0.0,0.0
138,158.19529724121094,309.1067199707031,326.1154479980469,326.0443115234375,292.0965576171875,292.167724609375,16515.818359375,33031.63671875,69.03311920166016,69.03632354736328,1815.8497314453125,3577.740966796875,1793.09033203125,3577.73828125,284.54205322265625,61.97489929199219,-2.9675834412046243e-06,0,0,2574.6767578125,1291.703125,0,23.7506046295166,2714.7275390625,12.289060592651367,11.84070110321045,909.1807861328125,1811.0347900390625,55.34722137451172,50.03797149658203,100,0,0,346.3729248046875,0,7.924896240234375,20.25746726989746,20.3286075592041,0,1.034000039100647,0.9067617654800415,50,2.799999952316284,2.2917587757110596,0,0,0,0,1.378593274538719,0,0,0,0.00205332413315773,-0.002089573536068201,0,-3.624939199653454e-05,100.35529327392578,100.35961151123047,790.588623046875,790.5919799804688,790.5919799804688,549.8493041992188,0,0,23.7506046295166,0.0010999999940395355,0.02200000174343586,0.03299999609589577,0.04399999603629112,5655.8173828125,114276.53125,0.0429663360118866,0,3.1392715754918754e-05,252.18173217773438,0,0.0002616529818624258,2.8350639695418067e-05,0,0,23.700000762939453,0,0,1600,0,50,0,0,0,50,50,800,0.0,0.0,0.0,0.0
139,158.19554138183594,309.10687255859375,326.114990234375,326.0444030761719,292.0973205566406,292.16796875,16515.818359375,33031.63671875,69.03340911865234,69.03652954101562,1815.334228515625,3577.701171875,1793.0985107421875,3577.730224609375,284.5422058105469,61.97529983520508,4.859557520831004e-06,0,0,2574.676025390625,1291.7071533203125,0,23.747766494750977,2714.6884765625,12.290217399597168,11.840705871582031,909.1497802734375,1811.0274658203125,55.361244201660156,50.038265228271484,100,0,0,346.3730773925781,0,7.924896240234375,20.25807762145996,20.32867431640625,0,1.034000039100647,0.9067617654800415,50,2.799999952316284,2.2917916774749756,0,0,0,0,1.3111096806387355,0,0,0,0.0020449545700103045,-0.002081198152154684,0,-3.624349119490944e-05,100.3538589477539,100.35816955566406,790.5818481445312,790.585205078125,790.585205078125,549.8460083007812,0,0,23.747766494750977,0.0010999999940395355,0.02200000174343586,0.03299999609589577,0.04399999603629112,5655.8173828125,114276.53125,0.0429663360118866,0,3.1392715754918754e-05,254.00253295898438,0,0.0002616529818624258,2.8350639695418067e-05,0,0,23.700000762939453,0,0,1600,0,50,0,0,0,50,50,800,0.0,0.0,0.0,0.0
140,158.19577026367188,309.10699462890625,326.11444091796875,326.0444030761719,292.0981140136719,292.1682434082031,16515.818359375,33031.63671875,69.03369903564453,69.03673553466797,1814.8236083984375,3577.662841796875,1793.109375,3577.719482421875,284.5423583984375,61.97570037841797,2.050962848443305e-06,0,0,2574.67529296875,1291.7113037109375,0,23.74626922607422,2714.6494140625,12.29134750366211,11.840706825256348,909.120361328125,1811.0225830078125,55.374969482421875,50.038509368896484,100,0,0,346.3731689453125,0,7.924896240234375,20.25872230529785,20.328777313232422,0,1.034000039100647,0.9067617654800415,50,2.799999952316284,2.2918245792388916,0,0,0,0,1.2436260867387516,0,0,0,0.0020365852396935225,-0.002072822768241167,0,-3.623743759817444e-05,100.35243225097656,100.35672760009766,790.5750122070312,790.5784301757812,790.5784301757812,549.8426513671875,0,0,23.74626922607422,0.0010999999940395355,0.02200000174343586,0.03299999609589577,0.04399999603629112,5655.8173828125,114276.53125,0.0429663360118866,0,3.1392715754918754e-05,255.82333374023438,0,0.0002616529818624258,2.8350639695418067e-05,0,0,23.700000762939453,0,0,1600,0,50,0,0,0,50,50,800,0.0,0.0,0.0,0.0
141,158.19601440429688,309.10711669921875,326.1139221191406,326.0444030761719,292.0989074707031,292.16851806640625,16515.818359375,33031.63671875,69.03398132324219,69.03694152832031,1814.3167724609375,3577.625,1793.1156005859375,3577.713623046875,284.54254150390625,61.97609329223633,-1.919647047543549e-06,0,0,2574.674560546875,1291.7152099609375,0,23.746135711669922,2714.610595703125,12.292451858520508,11.840709686279297,909.091064453125,1811.01513671875,55.38834762573242,50.03878402709961,100,0,0,346.373291015625,0,7.924896240234375,20.259366989135742,20.32891273498535,0,1.034000039100647,0.9067617654800415,50,2.799999952316284,2.2918574810028076,0,0,0,0,1.176142492838768,0,0,0,0.0020282159093767405,-0.00206444738432765,0,-3.623153315857053e-05,100.35098266601562,100.35528564453125,790.5682373046875,790.5716552734375,790.5716552734375,549.83935546875,0,0,23.746135711669922,0.0010999999940395355,0.02200000174343586,0.03299999609589577,0.04399999603629112,5655.8173828125,114276.53125,0.0429663360118866,0,3.1392715754918754e-05,257.6441345214844,0,0.0002616529818624258,2.8350639695418067e-05,0,0,23.700000762939453,0,0,1600,0,50,0,0,0,50,50,800,0.0,0.0,0.0,0.0
142,158.1962432861328,309.1072692871094,326.11346435546875,326.04443359375,292.0996398925781,292.16876220703125,16515.818359375,33031.63671875,69.03427124023438,69.03714752197266,1813.8153076171875,3577.587158203125,1793.124755859375,3577.704345703125,284.54266357421875,61.976478576660156,3.583462330425391e-06,0,0,2574.673828125,1291.718994140625,0,23.744659423828125,2714.571533203125,12.29352855682373,11.840710639953613,909.0618896484375,1811.0078125,55.401424407958984,50.03904342651367,100,0,0,346.3734130859375,0,7.924896240234375,20.25994300842285,20.3289794921875,0,1.034000039100647,0.9067617654800415,50,2.799999952316284,2.2918903827667236,0,0,0,0,1.1086588989387844,0,0,0,0.002019846346229315,-0.002056072000414133,0,-3.622547956183553e-05,100.34954071044922,100.35384368896484,790.5614624023438,790.5648803710938,790.5648803710938,549.8360595703125,0,0,23.744659423828125,0.0010999999940395355,0.02200000174343586,0.03299999609589577,0.04399999603629112,5655.8173828125,114276.53125,0.0429663360118866,0,3.1392715754918754e-05,259.4649353027344,0,0.0002616529818624258,2.8350639695418067e-05,0,0,23.700000762939453,0,0,1600,0,50,0,0,0,50,50,800,0.0,0.0,0.0,0.0
143,158.1964569091797,309.1073913574219,326.11297607421875,326.0444641113281,292.10040283203125,292.16900634765625,16515.818359375,33031.63671875,69.03455352783203,69.037353515625,1813.3182373046875,3577.54931640625,1793.1351318359375,3577.693603515625,284.5428466796875,61.97686767578125,-9.681552910478786e-07,0,0,2574.673095703125,1291.7232666015625,0,23.744569778442383,2714.532470703125,12.294581413269043,11.840710639953613,909.0318603515625,1811.0003662109375,55.414222717285156,50.03927993774414,100,0,0,346.37353515625,0,7.924896240234375,20.26055335998535,20.329082489013672,0,1.034000039100647,0.9067617654800415,50,2.799999952316284,2.2919232845306396,0,0,0,0,1.0411753050388008,0,0,0,0.002011477015912533,-0.002047696616500616,0,-3.6219727917341515e-05,100.34809875488281,100.35240173339844,790.5546875,790.55810546875,790.55810546875,549.8327026367188,0,0,23.744569778442383,0.0010999999940395355,0.02200000174343586,0.03299999609589577,0.04399999603629112,5655.8173828125,114276.53125,0.0429663360118866,0,3.1392715754918754e-05,261.2857360839844,0,0.0002616529818624258,2.8350639695418067e-05,0,0,23.700000762939453,0,0,1600,0,50,0,0,0,50,50,800,0.0,0.0,0.0,0.0
144,158.19667053222656,309.1075439453125,326.112548828125,326.0445251464844,292.10113525390625,292.169189453125,16515.818359375,33031.63671875,69.03482818603516,69.03755187988281,1812.8255615234375,3577.511962890625,1793.1435546875,3577.685302734375,284.54296875,61.977230072021484,1.0489077340025688e-06,0,0,2574.672607421875,1291.72705078125,0,23.74448013305664,2714.493408203125,12.29560661315918,11.840710639953613,909.0032958984375,1810.9930419921875,55.42669677734375,50.039520263671875,100,0,0,346.3736267089844,0,7.924896240234375,20.26109504699707,20.32911491394043,0,1.034000039100647,0.9067617654800415,50,2.799999952316284,2.2919561862945557,0,0,0,0,0.9833322604790515,0,0,0,0.002003107452765107,-0.002039321232587099,0,-3.6213674320606515e-05,100.3466567993164,100.35095977783203,790.5479125976562,790.5513305664062,790.5513305664062,549.8294067382812,0,0,23.74448013305664,0.0010999999940395355,0.02200000174343586,0.03299999609589577,0.04399999603629112,5655.8173828125,114276.53125,0.0429663360118866,0,3.1392715754918754e-05,263.1065368652344,0,0.0002616529818624258,2.8350639695418067e-05,0,0,23.700000762939453,0,0,1600,0,50,0,0,0,50,50,800,0.0,0.0,0.0,0.0
145,158.19686889648438,309.107666015625,326.1121520996094,326.0445861816406,292.10186767578125,292.1694030761719,16515.818359375,33031.63671875,69.03510284423828,69.03775787353516,1812.3377685546875,3577.4755859375,1793.152099609375,3577.677001953125,284.5431213378906,61.977596282958984,3.6469784845394315e-06,0,0,2574.671875,1291.7308349609375,0,23.74175262451172,2714.454345703125,12.296607971191406,11.840709686279297,908.9747924804688,1810.985595703125,55.438880920410156,50.03974914550781,100,0,0,346.3737487792969,0,7.924896240234375,20.26160430908203,20.32914924621582,0,1.034000039100647,0.9067617654800415,50,2.799999952316284,2.291989326477051,0,0,0,0,0.925489153048888,0,0,0,0.0019947378896176815,-0.002030945848673582,0,-3.620792631409131e-05,100.3452377319336,100.34951782226562,790.5411376953125,790.5444946289062,790.5444946289062,549.8260498046875,0,0,23.74175262451172,0.0010999999940395355,0.02200000174343586,0.03299999609589577,0.04399999603629112,5655.8173828125,114276.53125,0.0429663360118866,0,3.1392715754918754e-05,264.9273376464844,0,0.0002616529818624258,2.8350639695418067e-05,0,0,23.700000762939453,0,0,1600,0,50,0,0,0,50,50,800,0.0,0.0,0.0,0.0
146,158.1970672607422,309.1078186035156,326.1117248535156,326.0446472167969,292.1025390625,292.16961669921875,16515.818359375,33031.63671875,69.03538513183594,69.03795623779297,1811.8544921875,3577.43896484375,1793.16162109375,3577.667724609375,284.54327392578125,61.97795867919922,-4.971693670086097e-06,0,0,2574.671142578125,1291.7347412109375,0,23.743118286132812,2714.41552734375,12.29758358001709,11.840706825256348,908.9467163085938,1810.9783935546875,55.45077133178711,50.03996276855469,100,0,0,346.37384033203125,0,7.924896240234375,20.262113571166992,20.32918357849121,0,1.034000039100647,0.9067617654800415,50,2.799999952316284,2.292022228240967,0,0,0,0,0.8676461084891388,0,0,0,0.001986368326470256,-0.002022570464760065,0,-3.62020218744874e-05,100.3437728881836,100.34807586669922,790.5343627929688,790.5377197265625,790.5377197265625,549.82275390625,0,0,23.743118286132812,0.0010999999940395355,0.02200000174343586,0.03299999609589577,0.04399999603629112,5655.8173828125,114276.53125,0.0429663360118866,0,3.1392715754918754e-05,266.7481384277344,0,0.0002616529818624258,2.8350639695418067e-05,0,0,23.700000762939453,0,0,1600,0,50,0,0,0,50,50,800,0.0,0.0,0.0,0.0
147,158.197265625,309.1079406738281,326.11126708984375,326.0446472167969,292.103271484375,292.16986083984375,16515.818359375,33031.63671875,69.03565979003906,69.03816223144531,1811.3763427734375,3577.40234375,1793.17138671875,3577.657470703125,284.54339599609375,61.97830581665039,5.357073405320989e-06,0,0,2574.6708984375,1291.7384033203125,0,23.743118286132812,2714.37646484375,12.29853343963623,11.840704917907715,908.920166015625,1810.9735107421875,55.4623908996582,50.040157318115234,100,0,0,346.3739318847656,0,7.924896240234375,20.2626895904541,20.32928466796875,0,1.034000039100647,0.9067617654800415,50,2.799999952316284,2.292055130004883,0,0,0,0,0.8098030010589752,0,0,0,0.00197799876332283,-0.002014195080846548,0,-3.619627022999339e-05,100.34234619140625,100.34663391113281,790.527587890625,790.5309448242188,790.5309448242188,549.8193969726562,0,0,23.743118286132812,0.0010999999940395355,0.02200000174343586,0.03299999609589577,0.04399999603629112,5655.8173828125,114276.53125,0.0429663360118866,0,3.1392715754918754e-05,268.5689392089844,0,0.0002616529818624258,2.8350639695418067e-05,0,0,23.700000762939453,0,0,1600,0,50,0,0,0,50,50,800,0.0,0.0,0.0,0.0
148,158.19747924804688,309.10809326171875,326.1108093261719,326.0446472167969,292.10400390625,292.1701354980469,16515.818359375,33031.63671875,69.03593444824219,69.03836059570312,1810.9017333984375,3577.36669921875,1793.1820068359375,3577.64697265625,284.5435485839844,61.97865676879883,-5.004621925763786e-06,0,0,2574.669921875,1291.7423095703125,0,23.740455627441406,2714.33740234375,12.299460411071777,11.84070110321045,908.8923950195312,1810.96630859375,55.47370529174805,50.04035949707031,100,0,0,346.3740539550781,0,7.924896240234375,20.26323127746582,20.329387664794922,0,1.034000039100647,0.9067617654800415,50,2.799999952316284,2.292088031768799,0,0,0,0,0.751959956499226,0,0,0,0.0019696292001754045,-0.002005819696933031,0,-3.6190369428368285e-05,100.3409194946289,100.3451919555664,790.5208129882812,790.524169921875,790.524169921875,549.8161010742188,0,0,23.740455627441406,0.0010999999940395355,0.02200000174343586,0.03299999609589577,0.04399999603629112,5655.8173828125,114276.53125,0.0429663360118866,0,3.1392715754918754e-05,270.3897399902344,0,0.0002616529818624258,2.8350639695418067e-05,0,0,23.700000762939453,0,0,1600,0,50,0,0,0,50,50,800,0.0,0.0,0.0,0.0
149,158.1976776123047,309.10821533203125,326.1103515625,326.0446472167969,292.104736328125,292.17041015625,16515.818359375,33031.63671875,69.03620147705078,69.03856658935547,1810.4322509765625,3577.331298828125,1793.1883544921875,3577.64013671875,284.5436706542969,61.97899627685547,4.162129698670469e-06,0,0,2574.66943359375,1291.74609375,0,23.741865158081055,2714.29833984375,12.300361633300781,11.840697288513184,908.8649291992188,1810.958984375,55.484718322753906,50.04056167602539,100,0,0,346.3741455078125,0,7.924896240234375,20.26380729675293,20.32948875427246,0,1.034000039100647,0.9067617654800415,50,2.799999952316284,2.292120933532715,0,0,0,0,0.6941168490690623,0,0,0,0.001961259637027979,-0.001997444313019514,0,-3.618477057898417e-05,100.33948516845703,100.34375,790.5139770507812,790.5173950195312,790.5173950195312,549.812744140625,0,0,23.741865158081055,0.0010999999940395355,0.02200000174343586,0.03299999609589577,0.04399999603629112,5655.8173828125,114276.53125,0.0429663360118866,0,3.1392715754918754e-05,272.2105407714844,0,0.0002616529818624258,2.8350639695418067e-05,0,0,23.700000762939453,0,0,1600,0,50,0,0,0,50,50,800,0.0,0.0,0.0,0.0
150,158.19784545898438,309.10833740234375,326.10986328125,326.0446472167969,292.10546875,292.1706848144531,16515.818359375,33031.63671875,69.0364761352539,69.03876495361328,1809.967529296875,3577.296142578125,1793.1953125,3577.6337890625,284.5437927246094,61.97931671142578,-2.118932087569192e-07,0,0,2574.6689453125,1291.7496337890625,0,23.741954803466797,2714.259521484375,12.301238059997559,11.840692520141602,908.8375854492188,1810.9517822265625,55.495426177978516,50.0407600402832,100,0,0,346.3742370605469,0,7.924896240234375,20.264385223388672,20.32958984375,0,1.034000039100647,0.9067617654800415,50,2.799999952316284,2.292153835296631,0,0,0,0,0.6410940791794304,0,0,0,0.0019528900738805532,-0.001989068929105997,0,-3.617886613938026e-05,100.33805084228516,100.3423080444336,790.5072631835938,790.5106201171875,790.5106201171875,549.8094482421875,0,0,23.741954803466797,0.0010999999940395355,0.02200000174343586,0.03299999609589577,0.04399999603629112,5655.8173828125,114276.53125,0.0429663360118866,0,3.1392715754918754e-05,274.0313415527344,0,0.0002616529818624258,2.8350639695418067e-05,0,0,23.700000762939453,0,0,1600,0,50,0,0,0,50,50,800,0.0,0.0,0.0,0.0
151,158.19801330566406,309.1084899902344,326.1094665527344,326.0447082519531,292.1061706542969,292.1709289550781,16515.818359375,33031.63671875,69.0367431640625,69.0389633178711,1809.508056640625,3577.261962890625,1793.2047119140625,3577.624267578125,284.5439147949219,61.97962188720703,3.72578847418481e-06,0,0,2574.66845703125,1291.75341796875,0,23.74347496032715,2714.220947265625,12.302088737487793,11.840686798095703,908.8104248046875,1810.944580078125,55.505828857421875,50.04093933105469,100,0,0,346.3743591308594,0,7.924896240234375,20.264892578125,20.32965850830078,0,1.034000039100647,0.9067617654800415,50,2.799999952316284,2.2921864986419678,0,0,0,0,0.5928915210895013,0,0,0,0.0019445203943178058,-0.0019807773642241955,0,-3.625695899245329e-05,100.33662414550781,100.34088134765625,790.5005493164062,790.50390625,790.50390625,549.80615234375,0,0,23.74347496032715,0.0010999999940395355,0.02200000174343586,0.03299999609589577,0.04399999603629112,5655.8173828125,114276.53125,0.0429663360118866,0,3.1392715754918754e-05,275.8521423339844,0,0.0002616529818624258,2.8350639695418067e-05,0,0,23.700000762939453,0,0,1600,0,50,0,0,0,50,50,800,0.0,0.0,0.0,0.0
152,158.19818115234375,309.1086120605469,326.1089782714844,326.0447082519531,292.1069030761719,292.17120361328125,16515.818359375,33031.63671875,69.0370101928711,69.0391616821289,1809.0533447265625,3577.227294921875,1793.2152099609375,3577.614013671875,284.5440673828125,61.97993087768555,-2.3912575670692604e-06,0,0,2574.667724609375,1291.7569580078125,0,23.742334365844727,2714.18212890625,12.302918434143066,11.840681076049805,908.784912109375,1810.93994140625,55.51601791381836,50.04109573364258,100,0,0,346.3744201660156,0,7.924896240234375,20.26543617248535,20.32972526550293,0,1.034000039100647,0.9067617654800415,50,2.799999952316284,2.2922191619873047,0,0,0,0,0.5446889629995721,0,0,0,0.0019361505983397365,-0.001972485799342394,0,-3.633505184552632e-05,100.3351821899414,100.3394546508789,790.4937744140625,790.4971923828125,790.4971923828125,549.8028564453125,0,0,23.742334365844727,0.0010999999940395355,0.02200000174343586,0.03299999609589577,0.04399999603629112,5655.8173828125,114276.53125,0.0429663360118866,0,3.1392715754918754e-05,277.6729431152344,0,0.0002616529818624258,2.8350639695418067e-05,0,0,23.700000762939453,0,0,1600,0,50,0,0,0,50,50,800,0.0,0.0,0.0,0.0
153,158.19834899902344,309.1087646484375,326.10858154296875,326.0447692871094,292.1075744628906,292.17138671875,16515.818359375,33031.63671875,69.03727722167969,69.03936767578125,1808.60302734375,3577.193115234375,1793.221435546875,3577.607177734375,284.5441589355469,61.980224609375,-1.9659947270156408e-07,0,0,2574.66748046875,1291.7606201171875,0,23.742534637451172,2714.143310546875,12.303723335266113,11.84067440032959,908.7583618164062,1810.9326171875,55.52593231201172,50.0412483215332,100,0,0,346.37451171875,0,7.924896240234375,20.26594352722168,20.32975959777832,0,1.034000039100647,0.9067617654800415,50,2.799999952316284,2.2922520637512207,0,0,0,0,0.4964863734744358,0,0,0,0.001927780918776989,-0.001964110415428877,0,-3.63294493581634e-05,100.33372497558594,100.3380126953125,790.4869995117188,790.4904174804688,790.4904174804688,549.799560546875,0,0,23.742534637451172,0.0010999999940395355,0.02200000174343586,0.03299999609589577,0.04399999603629112,5655.8173828125,114276.53125,0.0429663360118866,0,3.1392715754918754e-05,279.4937438964844,0,0.0002616529818624258,2.8350639695418067e-05,0,0,23.700000762939453,0,0,1600,0,50,0,0,0,50,50,800,0.0,0.0,0.0,0.0
154,158.19851684570312,309.10882568359375,326.1081848144531,326.0447998046875,292.1082763671875,292.171630859375,16515.818359375,33031.63671875,69.03753662109375,69.03955841064453,1808.1578369140625,3577.1591796875,1793.2303466796875,3577.598388671875,284.5442810058594,61.98050308227539,-3.2597239396636724e-07,0,0,2574.666748046875,1291.7640380859375,0,23.74280548095703,2714.1044921875,12.304505348205566,11.840667724609375,908.7306518554688,1810.923095703125,55.53551483154297,50.04142379760742,100,0,0,346.3746032714844,0,7.924896240234375,20.26641845703125,20.32979393005371,0,1.034000039100647,0.9067617654800415,50,2.799999952316284,2.2922847270965576,0,0,0,0,0.4482838153845067,0,0,0,0.0019235961372032762,-0.00195573503151536,0,-3.213884701835923e-05,100.3323745727539,100.33657836914062,790.4802856445312,790.483642578125,790.483642578125,549.7962036132812,0,0,23.74280548095703,0.0010999999940395355,0.02200000174343586,0.03299999609589577,0.04399999603629112,5655.8173828125,114276.53125,0.0429663360118866,0,3.1392715754918754e-05,281.3145446777344,0,0.0002616529818624258,2.8350639695418067e-05,0,0,23.700000762939453,0,0,1600,0,50,0,0,0,50,50,800,0.0,0.0,0.0,0.0
155,158.19866943359375,309.10888671875,326.10772705078125,326.0447998046875,292.1089172363281,292.1718444824219,16515.818359375,33031.63671875,69.03778839111328,69.03974151611328,1807.7176513671875,3577.1259765625,1793.2401123046875,3577.5888671875,284.54437255859375,61.98078536987305,1.2566242446609976e-07,0,0,2574.66650390625,1291.7674560546875,0,23.74175262451172,2714.0673828125,12.305264472961426,11.840659141540527,908.703369140625,1810.913330078125,55.54487991333008,50.04153823852539,100,0,0,346.37469482421875,0,7.924896240234375,20.2669620513916,20.32989501953125,0,1.034000039100647,0.9067617654800415,50,2.799999952316284,2.292316198348999,0,0,0,0,0.40008125729457755,0,0,0,0.0019194111227989197,-0.001947694574482739,0,-2.828346441674512e-05,100.33134460449219,100.335205078125,790.4740600585938,790.4771118164062,790.4771118164062,549.79296875,0,0,23.74175262451172,0.0010999999940395355,0.02200000174343586,0.03299999609589577,0.04399999603629112,5655.8173828125,114276.53125,0.0429663360118866,0,3.1392715754918754e-05,283.1353454589844,0,0.0002616529818624258,2.8350639695418067e-05,0,0,23.700000762939453,0,0,1600,0,50,0,0,0,50,50,800,0.0,0.0,0.0,0.0
156,158.1988067626953,309.10894775390625,326.1072692871094,326.04473876953125,292.1095886230469,292.172119140625,16515.818359375,33031.63671875,69.03803253173828,69.03992462158203,1807.2823486328125,3577.094970703125,1793.249755859375,3577.57958984375,284.54449462890625,61.981040954589844,-3.489757091301726e-06,0,0,2574.666015625,1291.7708740234375,0,23.742067337036133,2714.033203125,12.306000709533691,11.840649604797363,908.6760864257812,1810.901123046875,55.55391311645508,50.0416374206543,100,0,0,346.374755859375,0,7.924896240234375,20.26750373840332,20.33003044128418,0,1.034000039100647,0.9067617654800415,50,2.799999952316284,2.2923450469970703,0,0,0,0,0.36151921710967566,0,0,0,0.001915226224809885,-0.0019403243204578757,0,-2.5098061087192036e-05,100.33047485351562,100.33394622802734,790.4684448242188,790.4711303710938,790.4711303710938,549.7900390625,0,0,23.742067337036133,0.0010999999940395355,0.02200000174343586,0.03299999609589577,0.04399999603629112,5655.8173828125,114276.53125,0.0429663360118866,0,3.1392715754918754e-05,284.9561462402344,0,0.0002616529818624258,2.8350639695418067e-05,0,0,23.700000762939453,0,0,1600,0,50,0,0,0,50,50,800,0.0,0.0,0.0,0.0
157,158.198974609375,309.1091003417969,326.1067810058594,326.04473876953125,292.1102600097656,292.1723937988281,16515.818359375,33031.63671875,69.03826904296875,69.04010009765625,1806.851806640625,3577.06591796875,1793.2552490234375,3577.57373046875,284.54461669921875,61.98131561279297,-4.200137937004911e-06,0,0,2574.66552734375,1291.7742919921875,0,23.741106033325195,2714.0029296875,12.306714057922363,11.840641021728516,908.650390625,1810.894287109375,55.5626220703125,50.04172134399414,100,0,0,346.37481689453125,0,7.924896240234375,20.268047332763672,20.33009910583496,0,1.034000039100647,0.9067617654800415,50,2.799999952316284,2.292370557785034,0,0,0,0,0.3181369022546566,0,0,0,0.0019068565452471375,-0.0019337914418429136,0,-2.693487476790324e-05,100.32959747314453,100.33282470703125,790.4633178710938,790.4658813476562,790.4658813476562,549.7874145507812,0,0,23.741106033325195,0.0010999999940395355,0.02200000174343586,0.03299999609589577,0.04399999603629112,5655.8173828125,114276.53125,0.0429663360118866,0,3.1392715754918754e-05,286.7769470214844,0,0.0002616529818624258,2.8350639695418067e-05,0,0,23.700000762939453,0,0,1600,0,50,0,0,0,50,50,800,0.0,0.0,0.0,0.0
158,158.1991424560547,309.1092224121094,326.1063537597656,326.0447082519531,292.1109313964844,292.172607421875,16515.818359375,33031.63671875,69.03850555419922,69.04027557373047,1806.4271240234375,3577.035888671875,1793.263916015625,3577.565185546875,284.5447082519531,61.981590270996094,-4.910518782708095e-06,0,0,2574.6650390625,1291.7777099609375,0,23.73871421813965,2713.973876953125,12.307405471801758,11.840631484985352,908.626220703125,1810.889892578125,55.57106399536133,50.041786193847656,100,0,0,346.37493896484375,0,7.924896240234375,20.26858901977539,20.33023452758789,0,1.034000039100647,0.9067617654800415,50,2.799999952316284,2.2923951148986816,0,0,0,0,0.26993434416472745,0,0,0,0.0018984866328537464,-0.0019275937229394913,0,-2.910705552494619e-05,100.3284683227539,100.33174896240234,790.458251953125,790.4608154296875,790.4608154296875,549.7849731445312,0,0,23.73871421813965,0.0010999999940395355,0.02200000174343586,0.03299999609589577,0.04399999603629112,5655.8173828125,114276.53125,0.0429663360118866,0,3.1392715754918754e-05,288.5977478027344,0,0.0002616529818624258,2.8350639695418067e-05,0,0,23.700000762939453,0,0,1600,0,50,0,0,0,50,50,800,0.0,0.0,0.0,0.0
159,158.19931030273438,309.109375,326.1059265136719,326.0447082519531,292.11163330078125,292.1728210449219,16515.818359375,33031.63671875,69.03874969482422,69.04045104980469,1806.0068359375,3577.006103515625,1793.273193359375,3577.5556640625,284.5448303222656,61.98188018798828,-3.2968682717182674e-06,0,0,2574.664306640625,1291.781005859375,0,23.7363224029541,2713.943603515625,12.308074951171875,11.840620994567871,908.6023559570312,1810.885498046875,55.57929229736328,50.04183578491211,100,0,0,346.375,0,7.924896240234375,20.26906394958496,20.330303192138672,0,1.034000039100647,0.9067617654800415,50,2.799999952316284,2.2924206256866455,0,0,0,0,0.22173177035719474,0,0,0,0.0018901168368756771,-0.0019211446633562446,0,-3.1027862860355526e-05,100.32718658447266,100.33063507080078,790.452880859375,790.4556274414062,790.4556274414062,549.782470703125,0,0,23.7363224029541,0.0010999999940395355,0.02200000174343586,0.03299999609589577,0.04399999603629112,5655.8173828125,114276.53125,0.0429663360118866,0,3.1392715754918754e-05,290.4185485839844,0,0.0002616529818624258,2.8350639695418067e-05,0,0,23.700000762939453,0,0,1600,0,50,0,0,0,50,50,800,0.0,0.0,0.0,0.0
160,158.19944763183594,309.1094970703125,326.10552978515625,326.04473876953125,292.11224365234375,292.17303466796875,16515.818359375,33031.63671875,69.03897857666016,69.04063415527344,1805.5916748046875,3576.97705078125,1793.278076171875,3577.551025390625,284.5449523925781,61.982154846191406,-4.007249117421452e-06,0,0,2574.6640625,1291.784423828125,0,23.736591339111328,2713.911865234375,12.308721542358398,11.840609550476074,908.5786743164062,1810.881103515625,55.58726501464844,50.0418815612793,100,0,0,346.37506103515625,0,7.924896240234375,20.26953887939453,20.33033561706543,0,1.034000039100647,0.9067617654800415,50,2.799999952316284,2.292447328567505,0,0,0,0,0.17834947121977923,0,0,0,0.001881746924482286,-0.00191436056047678,0,-3.26136032526847e-05,100.32584381103516,100.32946014404297,790.447265625,790.4501342773438,790.4501342773438,549.77978515625,0,0,23.736591339111328,0.0010999999940395355,0.02200000174343586,0.03299999609589577,0.04399999603629112,5655.8173828125,114276.53125,0.0429663360118866,0,3.1392715754918754e-05,292.2393493652344,0,0.0002616529818624258,2.8350639695418067e-05,0,0,23.700000762939453,0,0,1600,0,50,0,0,0,50,50,800,0.0,0.0,0.0,0.0
161,158.19956970214844,309.10955810546875,326.1051330566406,326.04473876953125,292.1128845214844,292.17327880859375,16515.818359375,33031.63671875,69.03921508789062,69.04080963134766,1805.1805419921875,3576.947509765625,1793.2872314453125,3577.54150390625,284.5450134277344,61.9824104309082,3.0130663617455866e-06,0,0,2574.663818359375,1291.78759765625,0,23.73692512512207,2713.87890625,12.309348106384277,11.840597152709961,908.5550537109375,1810.874267578125,55.5949821472168,50.041954040527344,100,0,0,346.3751525878906,0,7.924896240234375,20.270048141479492,20.3304386138916,0,1.034000039100647,0.9067617654800415,50,2.799999952316284,2.2924752235412598,0,0,0,0,0.13978743103487737,0,0,0,0.0018775621429085732,-0.0019072415307164192,0,-2.967942418763414e-05,100.32453918457031,100.32823944091797,790.4414672851562,790.4443359375,790.4443359375,549.7769775390625,0,0,23.73692512512207,0.0010999999940395355,0.02200000174343586,0.03299999609589577,0.04399999603629112,5655.8173828125,114276.53125,0.0429663360118866,0,3.1392715754918754e-05,294.0601501464844,0,0.0002616529818624258,2.8350639695418067e-05,0,0,23.700000762939453,0,0,1600,0,50,0,0,0,50,50,800,0.0,0.0,0.0,0.0
162,158.19970703125,309.1096496582031,326.1047058105469,326.04473876953125,292.1134948730469,292.1734619140625,16515.818359375,33031.63671875,69.03944396972656,69.04098510742188,1804.774169921875,3576.918701171875,1793.293212890625,3577.535888671875,284.5451354980469,61.98267364501953,5.596625669568311e-07,0,0,2574.663330078125,1291.79052734375,0,23.735963821411133,2713.845947265625,12.309951782226562,11.840584754943848,908.529296875,1810.86474609375,55.60245132446289,50.0420036315918,100,0,0,346.375244140625,0,7.924896240234375,20.27052116394043,20.33050537109375,0,1.034000039100647,0.9067617654800415,50,2.799999952316284,2.2925031185150146,0,0,0,0,0.1012253751323719,0,0,0,0.0018733771285042167,-0.0019001223845407367,0,-2.6745245122583583e-05,100.32349395751953,100.3270263671875,790.435791015625,790.4385986328125,790.4385986328125,549.7741088867188,0,0,23.735963821411133,0.0010999999940395355,0.02200000174343586,0.03299999609589577,0.04399999603629112,5655.8173828125,114276.53125,0.0429663360118866,0,3.1392715754918754e-05,295.8809509277344,0,0.0002616529818624258,2.8350639695418067e-05,0,0,23.700000762939453,0,0,1600,0,50,0,0,0,50,50,800,0.0,0.0,0.0,0.0
163,158.19984436035156,309.1097412109375,326.10430908203125,326.04473876953125,292.1141052246094,292.1736755371094,16515.818359375,33031.63671875,69.03966522216797,69.04115295410156,1804.3734130859375,3576.890380859375,1793.302001953125,3577.527099609375,284.5452575683594,61.98292922973633,-3.0557569061784307e-06,0,0,2574.662841796875,1291.7940673828125,0,23.7349796295166,2713.81494140625,12.31053352355957,11.840572357177734,908.5037231445312,1810.8553466796875,55.60964584350586,50.04204559326172,100,0,0,346.37530517578125,0,7.924896240234375,20.27099609375,20.33057403564453,0,1.034000039100647,0.9067617654800415,50,2.799999952316284,2.292529344558716,0,0,0,0,0.06266332708866823,0,0,0,0.0018670996651053429,-0.0018934221006929874,0,-2.632240102684591e-05,100.32262420654297,100.32587432861328,790.4306030273438,790.4331665039062,790.4331665039062,549.7714233398438,0,0,23.7349796295166,0.0010999999940395355,0.02200000174343586,0.03299999609589577,0.04399999603629112,5655.8173828125,114276.53125,0.0429663360118866,0,3.1392715754918754e-05,297.7017517089844,0,0.0002616529818624258,2.8350639695418067e-05,0,0,23.700000762939453,0,0,1600,0,50,0,0,0,50,50,800,0.0,0.0,0.0,0.0
164,158.19998168945312,309.1098327636719,326.10394287109375,326.0447692871094,292.1147155761719,292.17388916015625,16515.818359375,33031.63671875,69.0398941040039,69.04132080078125,1803.976806640625,3576.864501953125,1793.31005859375,3577.5185546875,284.5453186035156,61.983192443847656,5.126573796587763e-06,0,0,2574.662353515625,1291.796875,0,23.734020233154297,2713.78564453125,12.311097145080566,11.840558052062988,908.4820556640625,1810.8511962890625,55.6165657043457,50.04206848144531,100,0,0,346.3753662109375,0,7.924896240234375,20.27143669128418,20.330608367919922,0,1.034000039100647,0.9067617654800415,50,2.799999952316284,2.2925541400909424,0,0,0,0,0.024101281009665014,0,0,0,0.001860822201706469,-0.0018871405627578497,0,-2.6318315576645546e-05,100.32156372070312,100.32479095458984,790.4255981445312,790.4281005859375,790.4281005859375,549.7689819335938,0,0,23.734020233154297,0.0010999999940395355,0.02200000174343586,0.03299999609589577,0.04399999603629112,5655.8173828125,114276.53125,0.0429663360118866,0,3.1392715754918754e-05,299.5225524902344,0,0.0002616529818624258,2.8350639695418067e-05,0,0,23.700000762939453,0,0,1600,0,50,0,0,0,50,50,800,0.0,0.0,0.0,0.0
165,158.2001190185547,309.1099853515625,326.103515625,326.0447692871094,292.1153259277344,292.1741027832031,16515.818359375,33031.63671875,69.04010772705078,69.04148864746094,1803.5853271484375,3576.837158203125,1793.3165283203125,3577.5126953125,284.5454406738281,61.98344802856445,1.5111544371393393e-06,0,0,2574.662353515625,1291.800048828125,0,23.733036041259766,2713.756591796875,12.311638832092285,11.840545654296875,908.4595336914062,1810.8443603515625,55.62327575683594,50.042083740234375,100,0,0,346.37542724609375,0,7.924896240234375,20.27191162109375,20.33067512512207,0,1.034000039100647,0.9067617654800415,50,2.799999952316284,2.2925784587860107,0,0,0,0,0.0,0,0,0,0.001852452289313078,-0.0018809427274391055,0,-2.8490496333688498e-05,100.32050323486328,100.32372283935547,790.4205322265625,790.4230346679688,790.4230346679688,549.7664794921875,0,0,23.733036041259766,0.0010999999940395355,0.02200000174343586,0.03299999609589577,0.04399999603629112,5655.8173828125,114276.53125,0.0429663360118866,0,3.1392715754918754e-05,301.3433532714844,0,0.0002616529818624258,2.8350639695418067e-05,0,0,23.700000762939453,0,0,1600,0,50,0,0,0,50,50,800,0.0,0.0,0.0,0.0
166,158.20025634765625,309.1100769042969,326.1031188964844,326.0447692871094,292.1159362792969,292.17431640625,16515.818359375,33031.63671875,69.04032897949219,69.04165649414062,1803.1978759765625,3576.81005859375,1793.322265625,3577.507080078125,284.5455322265625,61.98370361328125,-2.1042651496827602e-06,0,0,2574.661865234375,1291.8031005859375,0,23.732074737548828,2713.727294921875,12.312161445617676,11.840531349182129,908.4371337890625,1810.8428955078125,55.6297492980957,50.0421028137207,100,0,0,346.3755187988281,0,7.924896240234375,20.27238655090332,20.33074378967285,0,1.034000039100647,0.9067617654800415,50,2.799999952316284,2.2926034927368164,0,0,0,0,0.0,0,0,0,0.0018461748259142041,-0.0018746611895039678,0,-2.8486410883488134e-05,100.31926727294922,100.3226318359375,790.4153442382812,790.41796875,790.41796875,549.7640380859375,0,0,23.732074737548828,0.0010999999940395355,0.02200000174343586,0.03299999609589577,0.04399999603629112,5655.8173828125,114276.53125,0.0429663360118866,0,3.1392715754918754e-05,303.1641540527344,0,0.0002616529818624258,2.8350639695418067e-05,0,0,23.700000762939453,0,0,1600,0,50,0,0,0,50,50,800,0.0,0.0,0.0,0.0
167,158.20037841796875,309.1101379394531,326.10272216796875,326.04473876953125,292.1165466308594,292.174560546875,16515.818359375,33031.63671875,69.0405502319336,69.04182434082031,1802.8160400390625,3576.783203125,1793.33203125,3577.496826171875,284.5456237792969,61.98395919799805,4.916050329484278e-06,0,0,2574.6611328125,1291.80615234375,0,23.731115341186523,2713.697021484375,12.312663078308105,11.840516090393066,908.4137573242188,1810.83349609375,55.635982513427734,50.04210662841797,100,0,0,346.3755798339844,0,7.924896240234375,20.27286148071289,20.33084487915039,0,1.034000039100647,0.9067617654800415,50,2.799999952316284,2.2926290035247803,0,0,0,0,0.0,0,0,0,0.0018419898115098476,-0.0018681285437196493,0,-2.613867400214076e-05,100.31819152832031,100.32151794433594,790.4100341796875,790.4126586914062,790.4126586914062,549.7614135742188,0,0,23.731115341186523,0.0010999999940395355,0.02200000174343586,0.03299999609589577,0.04399999603629112,5655.8173828125,114276.53125,0.0429663360118866,0,3.1392715754918754e-05,304.9849548339844,0,0.0002616529818624258,2.8350639695418067e-05,0,0,23.700000762939453,0,0,1600,0,50,0,0,0,50,50,800,0.0,0.0,0.0,0.0
168,158.2005157470703,309.1102600097656,326.102294921875,326.04473876953125,292.1171569824219,292.17474365234375,16515.818359375,33031.63671875,69.04075622558594,69.04198455810547,1802.438720703125,3576.7578125,1793.337158203125,3577.491455078125,284.5457458496094,61.984222412109375,2.4626463073218474e-06,0,0,2574.660888671875,1291.8092041015625,0,23.730154037475586,2713.667236328125,12.31314468383789,11.840499877929688,908.390625,1810.8240966796875,55.64198303222656,50.04209518432617,100,0,0,346.3756408691406,0,7.924896240234375,20.27333641052246,20.330913543701172,0,1.034000039100647,0.9067617654800415,50,2.799999952316284,2.292654275894165,0,0,0,0,0.0,0,0,0,0.0018357123481109738,-0.0018616794841364026,0,-2.5967054170905612e-05,100.31729888916016,100.3204116821289,790.405029296875,790.407470703125,790.407470703125,549.7588500976562,0,0,23.730154037475586,0.0010999999940395355,0.02200000174343586,0.03299999609589577,0.04399999603629112,5655.8173828125,114276.53125,0.0429663360118866,0,3.1392715754918754e-05,306.8057556152344,0,0.0002616529818624258,2.8350639695418067e-05,0,0,23.700000762939453,0,0,1600,0,50,0,0,0,50,50,800,0.0,0.0,0.0,0.0
169,158.20065307617188,309.1103515625,326.1019287109375,326.04473876953125,292.11773681640625,292.1749572753906,16515.818359375,33031.63671875,69.04096984863281,69.04214477539062,1802.066650390625,3576.73291015625,1793.34521484375,3577.48388671875,284.54583740234375,61.98447799682617,-1.152773279500252e-06,0,0,2574.660400390625,1291.8121337890625,0,23.730533599853516,2713.638916015625,12.313606262207031,11.840483665466309,908.3701171875,1810.820068359375,55.6477165222168,50.042083740234375,100,0,0,346.3757019042969,0,7.924896240234375,20.27377700805664,20.33098030090332,0,1.034000039100647,0.9067617654800415,50,2.799999952316284,2.292678117752075,0,0,0,0,0.0,0,0,0,0.0018294347682967782,-0.0018556491704657674,0,-2.6214343961328268e-05,100.31621551513672,100.31936645507812,790.4000854492188,790.402587890625,790.402587890625,549.7564697265625,0,0,23.730533599853516,0.0010999999940395355,0.02200000174343586,0.03299999609589577,0.04399999603629112,5655.8173828125,114276.53125,0.0429663360118866,0,3.1392715754918754e-05,308.6265563964844,0,0.0002616529818624258,2.8350639695418067e-05,0,0,23.700000762939453,0,0,1600,0,50,0,0,0,50,50,800,0.0,0.0,0.0,0.0
170,158.20079040527344,309.11041259765625,326.1015625,326.04473876953125,292.1182861328125,292.1751708984375,16515.818359375,33031.63671875,69.04117584228516,69.04229736328125,1801.698974609375,3576.708251953125,1793.3524169921875,3577.476806640625,284.5459289550781,61.9847297668457,5.286534360493533e-06,0,0,2574.66015625,1291.81494140625,0,23.73093605041504,2713.610595703125,12.31404972076416,11.84046745300293,908.3474731445312,1810.8134765625,55.65327072143555,50.04205322265625,100,0,0,346.3757629394531,0,7.924896240234375,20.27421760559082,20.3310489654541,0,1.034000039100647,0.9067617654800415,50,2.799999952316284,2.2927019596099854,0,0,0,0,0.0,0,0,0,0.0018252497538924217,-0.0018495351541787386,0,-2.4285365725518204e-05,100.31523895263672,100.31832122802734,790.3952026367188,790.3976440429688,790.3976440429688,549.7540283203125,0,0,23.73093605041504,0.0010999999940395355,0.02200000174343586,0.03299999609589577,0.04399999603629112,5655.8173828125,114276.53125,0.0429663360118866,0,3.1392715754918754e-05,310.4473571777344,0,0.0002616529818624258,2.8350639695418067e-05,0,0,23.700000762939453,0,0,1600,0,50,0,0,0,50,50,800,0.0,0.0,0.0,0.0
171,158.200927734375,309.11053466796875,326.1011962890625,326.04473876953125,292.11883544921875,292.17535400390625,16515.818359375,33031.63671875,69.04137420654297,69.04244995117188,1801.33642578125,3576.684814453125,1793.3594970703125,3577.46923828125,284.5460510253906,61.984981536865234,1.090107161871856e-06,0,0,2574.65966796875,1291.8177490234375,0,23.7286319732666,2713.583251953125,12.314473152160645,11.840450286865234,908.3250122070312,1810.8067626953125,55.65856170654297,50.04200744628906,100,0,0,346.3758544921875,0,7.924896240234375,20.274658203125,20.33111572265625,0,1.034000039100647,0.9067617654800415,50,2.799999952316284,2.292725086212158,0,0,0,0,0.0,0,0,0,0.0018189724069088697,-0.001843588543124497,0,-2.4616194423288107e-05,100.31439208984375,100.31730651855469,790.3905029296875,790.392822265625,790.392822265625,549.7516479492188,0,0,23.7286319732666,0.0010999999940395355,0.02200000174343586,0.03299999609589577,0.04399999603629112,5655.8173828125,114276.53125,0.0429663360118866,0,3.1392715754918754e-05,312.2681579589844,0,0.0002616529818624258,2.8350639695418067e-05,0,0,23.700000762939453,0,0,1600,0,50,0,0,0,50,50,800,0.0,0.0,0.0,0.0
172,158.20106506347656,309.11065673828125,326.1008605957031,326.0447692871094,292.119384765625,292.175537109375,16515.818359375,33031.63671875,69.04157257080078,69.0426025390625,1800.9791259765625,3576.660888671875,1793.36669921875,3577.462158203125,284.546142578125,61.9852409362793,-1.9443045857769903e-06,0,0,2574.6591796875,1291.8206787109375,0,23.72633171081543,2713.556396484375,12.3148775100708,11.840432167053223,908.305419921875,1810.802490234375,55.66365432739258,50.041954040527344,100,0,0,346.37591552734375,0,7.924896240234375,20.275066375732422,20.33115005493164,0,1.034000039100647,0.9067617654800415,50,2.799999952316284,2.292747735977173,0,0,0,0,0.0,0,0,0,0.001810602261684835,-0.0018378933891654015,0,-2.72911274805665e-05,100.3133544921875,100.31631469726562,790.3859252929688,790.38818359375,790.38818359375,549.7493896484375,0,0,23.72633171081543,0.0010999999940395355,0.02200000174343586,0.03299999609589577,0.04399999603629112,5655.8173828125,114276.53125,0.0429663360118866,0,3.1392715754918754e-05,314.0889587402344,0,0.0002616529818624258,2.8350639695418067e-05,0,0,23.700000762939453,0,0,1600,0,50,0,0,0,50,50,800,0.0,0.0,0.0,0.0
173,158.20118713378906,309.1107177734375,326.1004943847656,326.0447998046875,292.11993408203125,292.17572021484375,16515.818359375,33031.63671875,69.04177856445312,69.04275512695312,1800.6256103515625,3576.637451171875,1793.3739013671875,3577.454833984375,284.5462646484375,61.98550033569336,-4.978716333425837e-06,0,0,2574.658935546875,1291.8231201171875,0,23.72671127319336,2713.529052734375,12.315264701843262,11.840414047241211,908.285888671875,1810.798583984375,55.668521881103516,50.041900634765625,100,0,0,346.3759765625,0,7.924896240234375,20.27547264099121,20.33118438720703,0,1.034000039100647,0.9067617654800415,50,2.799999952316284,2.2927708625793457,0,0,0,0,0.0,0,0,0,0.0018064172472804785,-0.0018320305971428752,0,-2.5613373509258963e-05,100.31221771240234,100.3153076171875,790.3810424804688,790.3834838867188,790.3834838867188,549.7470703125,0,0,23.72671127319336,0.0010999999940395355,0.02200000174343586,0.03299999609589577,0.04399999603629112,5655.8173828125,114276.53125,0.0429663360118866,0,3.1392715754918754e-05,315.9097595214844,0,0.0002616529818624258,2.8350639695418067e-05,0,0,23.700000762939453,0,0,1600,0,50,0,0,0,50,50,800,0.0,0.0,0.0,0.0
174,158.20132446289062,309.11077880859375,326.10015869140625,326.0447998046875,292.1204833984375,292.1759033203125,16515.818359375,33031.63671875,69.0419692993164,69.04290771484375,1800.2767333984375,3576.61376953125,1793.3814697265625,3577.447265625,284.5463562011719,61.98574447631836,2.985756850648613e-07,0,0,2574.658447265625,1291.825927734375,0,23.727113723754883,2713.5009765625,12.315632820129395,11.840396881103516,908.2640380859375,1810.7894287109375,55.67314529418945,50.0418701171875,100,0,0,346.37603759765625,0,7.924896240234375,20.27587890625,20.33125114440918,0,1.034000039100647,0.9067617654800415,50,2.799999952316284,2.2927944660186768,0,0,0,0,0.0,0,0,0,0.001802232232876122,-0.00182600028347224,0,-2.376808515691664e-05,100.311279296875,100.31427001953125,790.376220703125,790.3786010742188,790.3786010742188,549.7446899414062,0,0,23.727113723754883,0.0010999999940395355,0.02200000174343586,0.03299999609589577,0.04399999603629112,5655.8173828125,114276.53125,0.0429663360118866,0,3.1392715754918754e-05,317.7305603027344,0,0.0002616529818624258,2.8350639695418067e-05,0,0,23.700000762939453,0,0,1600,0,50,0,0,0,50,50,800,0.0,0.0,0.0,0.0
175,158.2014617919922,309.1108703613281,326.0998229980469,326.0447998046875,292.1210021972656,292.1761169433594,16515.818359375,33031.63671875,69.04216003417969,69.04305267333984,1799.9329833984375,3576.59228515625,1793.3878173828125,3577.44091796875,284.54644775390625,61.98598861694336,-5.059867362433579e-06,0,0,2574.657958984375,1291.8287353515625,0,23.726198196411133,2713.474365234375,12.315980911254883,11.840376853942871,908.2423706054688,1810.7830810546875,55.67753601074219,50.041805267333984,100,0,0,346.3761291503906,0,7.924896240234375,20.276287078857422,20.33131980895996,0,1.034000039100647,0.9067617654800415,50,2.799999952316284,2.2928171157836914,0,0,0,0,0.0,0,0,0,0.0017980471020564437,-0.0018202211940661073,0,-2.217417386418674e-05,100.31044006347656,100.31328582763672,790.3716430664062,790.3739013671875,790.3739013671875,549.7423706054688,0,0,23.726198196411133,0.0010999999940395355,0.02200000174343586,0.03299999609589577,0.04399999603629112,5655.8173828125,114276.53125,0.0429663360118866,0,3.1392715754918754e-05,319.5513610839844,0,0.0002616529818624258,2.8350639695418067e-05,0,0,23.700000762939453,0,0,1600,0,50,0,0,0,50,50,800,0.0,0.0,0.0,0.0
176,158.20159912109375,309.1109313964844,326.0994873046875,326.0447998046875,292.12152099609375,292.1762390136719,16515.818359375,33031.63671875,69.04234313964844,69.04319763183594,1799.59423828125,3576.57080078125,1793.393798828125,3577.43505859375,284.5465393066406,61.986236572265625,7.984327794474666e-07,0,0,2574.65771484375,1291.8311767578125,0,23.72528076171875,2713.448974609375,12.316313743591309,11.840356826782227,908.222412109375,1810.7764892578125,55.6817512512207,50.04171371459961,100,0,0,346.3761901855469,0,7.924896240234375,20.27669334411621,20.331388473510742,0,1.034000039100647,0.9067617654800415,50,2.799999952316284,2.2928385734558105,0,0,0,0,0.0,0,0,0,0.0017938620876520872,-0.0018147772643715143,0,-2.091517671942711e-05,100.30968475341797,100.31234741210938,790.3673706054688,790.3695068359375,790.3695068359375,549.740234375,0,0,23.72528076171875,0.0010999999940395355,0.02200000174343586,0.03299999609589577,0.04399999603629112,5655.8173828125,114276.53125,0.0429663360118866,0,3.1392715754918754e-05,321.3721618652344,0,0.0002616529818624258,2.8350639695418067e-05,0,0,23.700000762939453,0,0,1600,0,50,0,0,0,50,50,800,0.0,0.0,0.0,0.0
177,158.2017364501953,309.1110534667969,326.0990905761719,326.04473876953125,292.1221008300781,292.17645263671875,16515.818359375,33031.63671875,69.04252624511719,69.0433349609375,1799.260009765625,3576.550537109375,1793.3997802734375,3577.428955078125,284.5466613769531,61.986488342285156,-3.397994760234724e-06,0,0,2574.6572265625,1291.8341064453125,0,23.722976684570312,2713.42529296875,12.316629409790039,11.840336799621582,908.20361328125,1810.772705078125,55.685707092285156,50.04163360595703,100,0,0,346.3762512207031,0,7.924896240234375,20.27716827392578,20.331523895263672,0,1.034000039100647,0.9067617654800415,50,2.799999952316284,2.292858600616455,0,0,0,0,0.0,0,0,0,0.0017854919424280524,-0.0018096682615578175,0,-2.4176400984288193e-05,100.30884552001953,100.31147003173828,790.3633422851562,790.3653564453125,790.3653564453125,549.7381591796875,0,0,23.722976684570312,0.0010999999940395355,0.02200000174343586,0.03299999609589577,0.04399999603629112,5655.8173828125,114276.53125,0.0429663360118866,0,3.1392715754918754e-05,323.1929626464844,0,0.0002616529818624258,2.8350639695418067e-05,0,0,23.700000762939453,0,0,1600,0,50,0,0,0,50,50,800,0.0,0.0,0.0,0.0
178,158.2018585205078,309.1111755371094,326.0987548828125,326.04473876953125,292.1226501464844,292.1766662597656,16515.818359375,33031.63671875,69.04271697998047,69.0434799194336,1798.929931640625,3576.529296875,1793.40478515625,3577.42431640625,284.5467224121094,61.98674011230469,3.0413129934458993e-06,0,0,2574.65673828125,1291.836669921875,0,23.72203826904297,2713.400634765625,12.316926956176758,11.840317726135254,908.185302734375,1810.7713623046875,55.689491271972656,50.04154968261719,100,0,0,346.3763122558594,0,7.924896240234375,20.27757453918457,20.33159065246582,0,1.034000039100647,0.9067617654800415,50,2.799999952316284,2.292879343032837,0,0,0,0,0.0,0,0,0,0.0017792143626138568,-0.001804475556127727,0,-2.5261206246796064e-05,100.30772399902344,100.31056213378906,790.35888671875,790.3611450195312,790.3611450195312,549.7361450195312,0,0,23.72203826904297,0.0010999999940395355,0.02200000174343586,0.03299999609589577,0.04399999603629112,5655.8173828125,114276.53125,0.0429663360118866,0,3.1392715754918754e-05,325.0137634277344,0,0.0002616529818624258,2.8350639695418067e-05,0,0,23.700000762939453,0,0,1600,0,50,0,0,0,50,50,800,0.0,0.0,0.0,0.0
179,158.20199584960938,309.1112365722656,326.0984191894531,326.04473876953125,292.1231384277344,292.1768493652344,16515.818359375,33031.63671875,69.04290008544922,69.04362487792969,1798.605224609375,3576.50732421875,1793.4151611328125,3577.413818359375,284.5468444824219,61.986976623535156,-3.4791455618687905e-06,0,0,2574.65673828125,1291.839111328125,0,23.721101760864258,2713.375,12.317207336425781,11.84029769897461,908.166015625,1810.7647705078125,55.693115234375,50.04145431518555,100,0,0,346.3763732910156,0,7.924896240234375,20.277982711791992,20.3316593170166,0,1.034000039100647,0.9067617654800415,50,2.799999952316284,2.292901039123535,0,0,0,0,0.0,0,0,0,0.0017750291153788567,-0.0017989478074014187,0,-2.391866837569978e-05,100.30671691894531,100.30961608886719,790.3543701171875,790.356689453125,790.356689453125,549.7339477539062,0,0,23.721101760864258,0.0010999999940395355,0.02200000174343586,0.03299999609589577,0.04399999603629112,5655.8173828125,114276.53125,0.0429663360118866,0,3.1392715754918754e-05,326.8345642089844,0,0.0002616529818624258,2.8350639695418067e-05,0,0,23.700000762939453,0,0,1600,0,50,0,0,0,50,50,800,0.0,0.0,0.0,0.0
180,158.20213317871094,309.1112976074219,326.0980529785156,326.04473876953125,292.1236572265625,292.1770324707031,16515.818359375,33031.63671875,69.04308319091797,69.04376983642578,1798.2847900390625,3576.487060546875,1793.419677734375,3577.409423828125,284.54693603515625,61.987220764160156,1.7981468545258394e-06,0,0,2574.656005859375,1291.8414306640625,0,23.720205307006836,2713.34912109375,12.317469596862793,11.840276718139648,908.1467895507812,1810.75830078125,55.696495056152344,50.04136657714844,100,0,0,346.37646484375,0,7.924896240234375,20.27838897705078,20.33172607421875,0,1.034000039100647,0.9067617654800415,50,2.799999952316284,2.2929229736328125,0,0,0,0,0.0,0,0,0,0.001770844217389822,-0.0017933363560587168,0,-2.2492138668894768e-05,100.30583953857422,100.30865478515625,790.3499145507812,790.3521118164062,790.3521118164062,549.731689453125,0,0,23.720205307006836,0.0010999999940395355,0.02200000174343586,0.03299999609589577,0.04399999603629112,5655.8173828125,114276.53125,0.0429663360118866,0,3.1392715754918754e-05,328.6553649902344,0,0.0002616529818624258,2.8350639695418067e-05,0,0,23.700000762939453,0,0,1600,0,50,0,0,0,50,50,800,0.0,0.0,0.0,0.0
181,158.2022705078125,309.1113586425781,326.0977478027344,326.04473876953125,292.1241455078125,292.17718505859375,16515.818359375,33031.63671875,69.04325866699219,69.04389953613281,1797.968505859375,3576.468017578125,1793.42431640625,3577.40478515625,284.5470275878906,61.987464904785156,-3.5602959087555064e-06,0,0,2574.655517578125,1291.843994140625,0,23.719289779663086,2713.323974609375,12.317716598510742,11.840254783630371,908.1276245117188,1810.7523193359375,55.699649810791016,50.04127502441406,100,0,0,346.37652587890625,0,7.924896240234375,20.27876091003418,20.33179473876953,0,1.034000039100647,0.9067617654800415,50,2.799999952316284,2.2929441928863525,0,0,0,0,0.0,0,0,0,0.0017666589701548219,-0.001787892309948802,0,-2.1233294319245033e-05,100.30503845214844,100.30772399902344,790.3456420898438,790.3477172851562,790.3477172851562,549.7295532226562,0,0,23.719289779663086,0.0010999999940395355,0.02200000174343586,0.03299999609589577,0.04399999603629112,5655.8173828125,114276.53125,0.0429663360118866,0,3.1392715754918754e-05,330.4761657714844,0,0.0002616529818624258,2.8350639695418067e-05,0,0,23.700000762939453,0,0,1600,0,50,0,0,0,50,50,800,0.0,0.0,0.0,0.0
182,158.20240783691406,309.1114501953125,326.0974426269531,326.04473876953125,292.1246032714844,292.1773681640625,16515.818359375,33031.63671875,69.04342651367188,69.04403686523438,1797.6572265625,3576.44873046875,1793.432861328125,3577.396240234375,284.547119140625,61.98770523071289,1.1359883274053573e-06,0,0,2574.6552734375,1291.8463134765625,0,23.719738006591797,2713.30029296875,12.317947387695312,11.840232849121094,908.10888671875,1810.745849609375,55.7026481628418,50.041160583496094,100,0,0,346.3765869140625,0,7.924896240234375,20.27913475036621,20.33186149597168,0,1.034000039100647,0.9067617654800415,50,2.799999952316284,2.292964220046997,0,0,0,0,0.0,0,0,0,0.0017624738393351436,-0.001782783423550427,0,-2.030951509368606e-05,100.30429077148438,100.30684661865234,790.341552734375,790.3435668945312,790.3435668945312,549.7274780273438,0,0,23.719738006591797,0.0010999999940395355,0.02200000174343586,0.03299999609589577,0.04399999603629112,5655.8173828125,114276.53125,0.0429663360118866,0,3.1392715754918754e-05,332.2969665527344,0,0.0002616529818624258,2.8350639695418067e-05,0,0,23.700000762939453,0,0,1600,0,50,0,0,0,50,50,800,0.0,0.0,0.0,0.0
183,158.20254516601562,309.11151123046875,326.0971374511719,326.04473876953125,292.1250915527344,292.17755126953125,16515.818359375,33031.63671875,69.04359436035156,69.0441665649414,1797.3504638671875,3576.42919921875,1793.4356689453125,3577.39306640625,284.5472412109375,61.98794937133789,-4.222454663249664e-06,0,0,2574.65478515625,1291.8487548828125,0,23.717479705810547,2713.27734375,12.318161010742188,11.840211868286133,908.0903930664062,1810.739501953125,55.70542526245117,50.04104995727539,100,0,0,346.37664794921875,0,7.924896240234375,20.279508590698242,20.33193016052246,0,1.034000039100647,0.9067617654800415,50,2.799999952316284,2.2929835319519043,0,0,0,0,0.0,0,0,0,0.001758288824930787,-0.0017778418259695172,0,-1.9552966477931477e-05,100.30355072021484,100.30599975585938,790.3377075195312,790.339599609375,790.339599609375,549.7255249023438,0,0,23.717479705810547,0.0010999999940395355,0.02200000174343586,0.03299999609589577,0.04399999603629112,5655.8173828125,114276.53125,0.0429663360118866,0,3.1392715754918754e-05,334.1177673339844,0,0.0002616529818624258,2.8350639695418067e-05,0,0,23.700000762939453,0,0,1600,0,50,0,0,0,50,50,800,0.0,0.0,0.0,0.0
184,158.20266723632812,309.11163330078125,326.0968322753906,326.04473876953125,292.12554931640625,292.1777038574219,16515.818359375,33031.63671875,69.04376983642578,69.04429626464844,1797.0489501953125,3576.411376953125,1793.44482421875,3577.384033203125,284.54730224609375,61.988182067871094,-6.881856506879558e-07,0,0,2574.654296875,1291.8515625,0,23.719289779663086,2713.255126953125,12.318360328674316,11.840188026428223,908.0732421875,1810.73583984375,55.70801544189453,50.04090881347656,100,0,0,346.3767395019531,0,7.924896240234375,20.27988052368164,20.331998825073242,0,1.034000039100647,0.9067617654800415,50,2.799999952316284,2.2930023670196533,0,0,0,0,0.0,0,0,0,0.0017499185632914305,-0.0017731516854837537,0,-2.3233098545460962e-05,100.30274200439453,100.30518341064453,790.3338623046875,790.3357543945312,790.3357543945312,549.7236328125,0,0,23.719289779663086,0.0010999999940395355,0.02200000174343586,0.03299999609589577,0.04399999603629112,5655.8173828125,114276.53125,0.0429663360118866,0,3.1392715754918754e-05,335.9385681152344,0,0.0002616529818624258,2.8350639695418067e-05,0,0,23.700000762939453,0,0,1600,0,50,0,0,0,50,50,800,0.0,0.0,0.0,0.0
185,158.2028045654297,309.1116943359375,326.0965881347656,326.04473876953125,292.12603759765625,292.1778564453125,16515.818359375,33031.63671875,69.04393768310547,69.04442596435547,1796.7518310546875,3576.392578125,1793.4488525390625,3577.3798828125,284.5473937988281,61.988426208496094,4.589106538332999e-06,0,0,2574.654052734375,1291.853759765625,0,23.71705436706543,2713.232421875,12.318541526794434,11.840166091918945,908.0565795898438,1810.7320556640625,55.71042251586914,50.0407829284668,100,0,0,346.3768005371094,0,7.924896240234375,20.28022003173828,20.33206558227539,0,1.034000039100647,0.9067617654800415,50,2.799999952316284,2.2930214405059814,0,0,0,0,0.0,0,0,0,0.0017457334324717522,-0.0017682939069345593,0,-2.2560545403393917e-05,100.30171966552734,100.3043441772461,790.329833984375,790.3318481445312,790.3318481445312,549.7217407226562,0,0,23.71705436706543,0.0010999999940395355,0.02200000174343586,0.03299999609589577,0.04399999603629112,5655.8173828125,114276.53125,0.0429663360118866,0,3.1392715754918754e-05,337.7593688964844,0,0.0002616529818624258,2.8350639695418067e-05,0,0,23.700000762939453,0,0,1600,0,50,0,0,0,50,50,800,0.0,0.0,0.0,0.0
186,158.20294189453125,309.1117858886719,326.0963134765625,326.04473876953125,292.1264953613281,292.177978515625,16515.818359375,33031.63671875,69.04409790039062,69.0445556640625,1796.459228515625,3576.374267578125,1793.4573974609375,3577.3720703125,284.5475158691406,61.98866271972656,-1.931352016981691e-06,0,0,2574.653564453125,1291.85595703125,0,23.71613883972168,2713.208740234375,12.318709373474121,11.840143203735352,908.0387573242188,1810.728271484375,55.71269226074219,50.0406379699707,100,0,0,346.3768615722656,0,7.924896240234375,20.280559539794922,20.332134246826172,0,1.034000039100647,0.9067617654800415,50,2.799999952316284,2.293041467666626,0,0,0,0,0.0,0,0,0,0.001741548185236752,-0.0017631850205361843,0,-2.1636766177834943e-05,100.30084228515625,100.303466796875,790.32568359375,790.3276977539062,790.3276977539062,549.7197265625,0,0,23.71613883972168,0.0010999999940395355,0.02200000174343586,0.03299999609589577,0.04399999603629112,5655.8173828125,114276.53125,0.0429663360118866,0,3.1392715754918754e-05,339.5801696777344,0,0.0002616529818624258,2.8350639695418067e-05,0,0,23.700000762939453,0,0,1600,0,50,0,0,0,50,50,800,0.0,0.0,0.0,0.0
187,158.2030792236328,309.1118469238281,326.0960388183594,326.0447692871094,292.1269226074219,292.1781005859375,16515.818359375,33031.63671875,69.04426574707031,69.04468536376953,1796.1702880859375,3576.357177734375,1793.46142578125,3577.3671875,284.547607421875,61.9889030456543,2.7649325602396857e-06,0,0,2574.6533203125,1291.8583984375,0,23.71524429321289,2713.185546875,12.31886100769043,11.840119361877441,908.0208740234375,1810.7220458984375,55.714717864990234,50.04051971435547,100,0,0,346.3769226074219,0,7.924896240234375,20.28089714050293,20.33216667175293,0,1.034000039100647,0.9067617654800415,50,2.799999952316284,2.2930612564086914,0,0,0,0,0.0,0,0,0,0.0017373632872477174,-0.001758159720338881,0,-2.0796525859623216e-05,100.30003356933594,100.30260467529297,790.3215942382812,790.3236694335938,790.3236694335938,549.7177124023438,0,0,23.71524429321289,0.0010999999940395355,0.02200000174343586,0.03299999609589577,0.04399999603629112,5655.8173828125,114276.53125,0.0429663360118866,0,3.1392715754918754e-05,341.4009704589844,0,0.0002616529818624258,2.8350639695418067e-05,0,0,23.700000762939453,0,0,1600,0,50,0,0,0,50,50,800,0.0,0.0,0.0,0.0
188,158.20321655273438,309.1119079589844,326.09576416015625,326.0447692871094,292.1273193359375,292.1782531738281,16515.818359375,33031.63671875,69.04442596435547,69.04480743408203,1795.886474609375,3576.339599609375,1793.4683837890625,3577.36083984375,284.5476989746094,61.9891357421875,-4.336533493187744e-06,0,0,2574.652587890625,1291.8604736328125,0,23.715713500976562,2713.16259765625,12.318998336791992,11.840095520019531,908.0048217773438,1810.7158203125,55.71661376953125,50.04036331176758,100,0,0,346.3769836425781,0,7.924896240234375,20.28123664855957,20.33223533630371,0,1.034000039100647,0.9067617654800415,50,2.799999952316284,2.2930805683135986,0,0,0,0,0.0,0,0,0,0.0017331780400127172,-0.0017532182391732931,0,-2.0040130038978532e-05,100.29927062988281,100.3017578125,790.3176879882812,790.3196411132812,790.3196411132812,549.7157592773438,0,0,23.715713500976562,0.0010999999940395355,0.02200000174343586,0.03299999609589577,0.04399999603629112,5655.8173828125,114276.53125,0.0429663360118866,0,3.1392715754918754e-05,343.2217712402344,0,0.0002616529818624258,2.8350639695418067e-05,0,0,23.700000762939453,0,0,1600,0,50,0,0,0,50,50,800,0.0,0.0,0.0,0.0
189,158.20335388183594,309.1119689941406,326.0954895019531,326.0447692871094,292.1277160644531,292.1783752441406,16515.818359375,33031.63671875,69.04457092285156,69.04492950439453,1795.607177734375,3576.322509765625,1793.47216796875,3577.357177734375,284.54779052734375,61.98936080932617,-1.96428027265938e-06,0,0,2574.65234375,1291.86279296875,0,23.714841842651367,2713.140380859375,12.319120407104492,11.840071678161621,907.9876098632812,1810.7120361328125,55.71832275390625,50.040218353271484,100,0,0,346.3770751953125,0,7.924896240234375,20.28157615661621,20.332304000854492,0,1.034000039100647,0.9067617654800415,50,2.799999952316284,2.2930994033813477,0,0,0,0,0.0,0,0,0,0.001728992909193039,-0.001748444396071136,0,-1.9451417756499723e-05,100.29853820800781,100.30093383789062,790.3139038085938,790.3157958984375,790.3157958984375,549.7138671875,0,0,23.714841842651367,0.0010999999940395355,0.02200000174343586,0.03299999609589577,0.04399999603629112,5655.8173828125,114276.53125,0.0429663360118866,0,3.1392715754918754e-05,345.0425720214844,0,0.0002616529818624258,2.8350639695418067e-05,0,0,23.700000762939453,0,0,1600,0,50,0,0,0,50,50,800,0.0,0.0,0.0,0.0
190,158.20347595214844,309.112060546875,326.0951843261719,326.0447692871094,292.128173828125,292.1785583496094,16515.818359375,33031.63671875,69.04472351074219,69.0450439453125,1795.3326416015625,3576.306884765625,1793.4788818359375,3577.35009765625,284.5478820800781,61.989601135253906,2.7320040771883214e-06,0,0,2574.652099609375,1291.8646240234375,0,23.712629318237305,2713.118896484375,12.319228172302246,11.840047836303711,907.9716186523438,1810.7059326171875,55.71980667114258,50.04006576538086,100,0,0,346.3771667480469,0,7.924896240234375,20.281982421875,20.33240509033203,0,1.034000039100647,0.9067617654800415,50,2.799999952316284,2.2931175231933594,0,0,0,0,0.0,0,0,0,0.0017248077783733606,-0.0017438378417864442,0,-1.90300870599458e-05,100.29780578613281,100.30014038085938,790.3102416992188,790.3120727539062,790.3120727539062,549.7120361328125,0,0,23.712629318237305,0.0010999999940395355,0.02200000174343586,0.03299999609589577,0.04399999603629112,5655.8173828125,114276.53125,0.0429663360118866,0,3.1392715754918754e-05,346.8633728027344,0,0.0002616529818624258,2.8350639695418067e-05,0,0,23.700000762939453,0,0,1600,0,50,0,0,0,50,50,800,0.0,0.0,0.0,0.0
191,158.20361328125,309.11212158203125,326.09490966796875,326.0447692871094,292.12860107421875,292.1786804199219,16515.818359375,33031.63671875,69.04487609863281,69.045166015625,1795.061767578125,3576.291015625,1793.485107421875,3577.34375,284.5479431152344,61.98982620239258,5.10425707034301e-06,0,0,2574.651611328125,1291.86669921875,0,23.713098526000977,2713.097900390625,12.319321632385254,11.840023040771484,907.9562377929688,1810.702392578125,55.721160888671875,50.03990173339844,100,0,0,346.3772277832031,0,7.924896240234375,20.28232192993164,20.33247184753418,0,1.034000039100647,0.9067617654800415,50,2.799999952316284,2.293135166168213,0,0,0,0,0.0,0,0,0,0.0017206224147230387,-0.0017393151065334678,0,-1.8692599041969515e-05,100.2970962524414,100.29936981201172,790.306640625,790.3084106445312,790.3084106445312,549.710205078125,0,0,23.713098526000977,0.0010999999940395355,0.02200000174343586,0.03299999609589577,0.04399999603629112,5655.8173828125,114276.53125,0.0429663360118866,0,3.1392715754918754e-05,348.6841735839844,0,0.0002616529818624258,2.8350639695418067e-05,0,0,23.700000762939453,0,0,1600,0,50,0,0,0,50,50,800,0.0,0.0,0.0,0.0
192,158.20375061035156,309.1121826171875,326.0946044921875,326.04473876953125,292.1290588378906,292.1788635253906,16515.818359375,33031.63671875,69.0450210571289,69.04528045654297,1794.7962646484375,3576.27587890625,1793.4869384765625,3577.342041015625,284.5480651855469,61.99005889892578,-1.9972087557107443e-06,0,0,2574.65087890625,1291.8690185546875,0,23.710886001586914,2713.07763671875,12.319400787353516,11.839997291564941,907.939697265625,1810.69873046875,55.72235870361328,50.039710998535156,100,0,0,346.3772888183594,0,7.924896240234375,20.282695770263672,20.33257484436035,0,1.034000039100647,0.9067617654800415,50,2.799999952316284,2.2931525707244873,0,0,0,0,0.0,0,0,0,0.0017164372839033604,-0.0017349600093439221,0,-1.8522643586038612e-05,100.29637145996094,100.29861450195312,790.3031005859375,790.3048706054688,790.3048706054688,549.70849609375,0,0,23.710886001586914,0.0010999999940395355,0.02200000174343586,0.03299999609589577,0.04399999603629112,5655.8173828125,114276.53125,0.0429663360118866,0,3.1392715754918754e-05,350.5049743652344,0,0.0002616529818624258,2.8350639695418067e-05,0,0,23.700000762939453,0,0,1600,0,50,0,0,0,50,50,800,0.0,0.0,0.0,0.0
193,158.20388793945312,309.11224365234375,326.09429931640625,326.04473876953125,292.1294860839844,292.17901611328125,16515.818359375,33031.63671875,69.04517364501953,69.04539489746094,1794.5347900390625,3576.261474609375,1793.4920654296875,3577.33740234375,284.54815673828125,61.99028015136719,-2.0596328909050499e-07,0,0,2574.65087890625,1291.87109375,0,23.71137809753418,2713.057373046875,12.319465637207031,11.839972496032715,907.9243774414062,1810.6929931640625,55.72332000732422,50.03955078125,100,0,0,346.37738037109375,0,7.924896240234375,20.28306770324707,20.3326416015625,0,1.034000039100647,0.9067617654800415,50,2.799999952316284,2.2931694984436035,0,0,0,0,0.0,0,0,0,0.001712252153083682,-0.0017306046793237329,0,-1.8352538972976618e-05,100.29566192626953,100.29786682128906,790.299560546875,790.3013305664062,790.3013305664062,549.706787109375,0,0,23.71137809753418,0.0010999999940395355,0.02200000174343586,0.03299999609589577,0.04399999603629112,5655.8173828125,114276.53125,0.0429663360118866,0,3.1392715754918754e-05,352.3257751464844,0,0.0002616529818624258,2.8350639695418067e-05,0,0,23.700000762939453,0,0,1600,0,50,0,0,0,50,50,800,0.0,0.0,0.0,0.0
194,158.2040252685547,309.1123046875,326.0940246582031,326.04473876953125,292.1298828125,292.17919921875,16515.818359375,33031.63671875,69.04531860351562,69.0455093383789,1794.2774658203125,3576.245849609375,1793.4990234375,3577.329833984375,284.5482177734375,61.990501403808594,1.585282348059991e-06,0,0,2574.650390625,1291.8731689453125,0,23.71055030822754,2713.03759765625,12.319518089294434,11.839947700500488,907.9094848632812,1810.689208984375,55.724185943603516,50.03937530517578,100,0,0,346.37744140625,0,7.924896240234375,20.28340721130371,20.33271026611328,0,1.034000039100647,0.9067617654800415,50,2.799999952316284,2.2931861877441406,0,0,0,0,0.0,0,0,0,0.0017080670222640038,-0.0017263332847505808,0,-1.826627521950286e-05,100.29495239257812,100.29713439941406,790.2962036132812,790.2978515625,790.2978515625,549.705078125,0,0,23.71055030822754,0.0010999999940395355,0.02200000174343586,0.03299999609589577,0.04399999603629112,5655.8173828125,114276.53125,0.0429663360118866,0,3.1392715754918754e-05,354.1465759277344,0,0.0002616529818624258,2.8350639695418067e-05,0,0,23.700000762939453,0,0,1600,0,50,0,0,0,50,50,800,0.0,0.0,0.0,0.0
195,158.2041473388672,309.1123962402344,326.09375,326.04473876953125,292.13031005859375,292.1793212890625,16515.818359375,33031.63671875,69.04545593261719,69.04562377929688,1794.0240478515625,3576.232421875,1793.50341796875,3577.32568359375,284.5483093261719,61.990726470947266,3.957535227527842e-06,0,0,2574.64990234375,1291.875244140625,0,23.70972442626953,2713.017822265625,12.319558143615723,11.839921951293945,907.8946533203125,1810.685791015625,55.724853515625,50.03919982910156,100,0,0,346.37750244140625,0,7.924896240234375,20.28374671936035,20.33277702331543,0,1.034000039100647,0.9067617654800415,50,2.799999952316284,2.2932028770446777,0,0,0,0,0.0,0,0,0,0.0017038818914443254,-0.0017221455927938223,0,-1.826370134949684e-05,100.29422760009766,100.2964096069336,790.2927856445312,790.2944946289062,790.2944946289062,549.7034301757812,0,0,23.70972442626953,0.0010999999940395355,0.02200000174343586,0.03299999609589577,0.04399999603629112,5655.8173828125,114276.53125,0.0429663360118866,0,3.1392715754918754e-05,355.9673767089844,0,0.0002616529818624258,2.8350639695418067e-05,0,0,23.700000762939453,0,0,1600,0,50,0,0,0,50,50,800,0.0,0.0,0.0,0.0
196,158.20425415039062,309.1124572753906,326.0934753417969,326.04473876953125,292.1307067871094,292.1794738769531,16515.818359375,33031.63671875,69.04559326171875,69.04573822021484,1793.775634765625,3576.218017578125,1793.5113525390625,3577.31787109375,284.54840087890625,61.99094009399414,4.586765498970635e-06,0,0,2574.649658203125,1291.877197265625,0,23.710237503051758,2712.99853515625,12.319583892822266,11.839896202087402,907.8802490234375,1810.6822509765625,55.72541427612305,50.039005279541016,100,0,0,346.3775329589844,0,7.924896240234375,20.2840518951416,20.33281135559082,0,1.034000039100647,0.9067617654800415,50,2.799999952316284,2.2932193279266357,0,0,0,0,0.0,0,0,0,0.0016996965277940035,-0.0017179580172523856,0,-1.8261431250721216e-05,100.29351806640625,100.29569244384766,790.2893676757812,790.2910766601562,790.2910766601562,549.7017822265625,0,0,23.710237503051758,0.0010999999940395355,0.02200000174343586,0.03299999609589577,0.04399999603629112,5655.8173828125,114276.53125,0.0429663360118866,0,3.1392715754918754e-05,357.7881774902344,0,0.0002616529818624258,2.8350639695418067e-05,0,0,23.700000762939453,0,0,1600,0,50,0,0,0,50,50,800,0.0,0.0,0.0,0.0
197,158.20436096191406,309.1125183105469,326.09326171875,326.04473876953125,292.1310729980469,292.1795959472656,16515.818359375,33031.63671875,69.04573822021484,69.04584503173828,1793.530517578125,3576.20556640625,1793.5147705078125,3577.314208984375,284.5484924316406,61.99114990234375,4.634987817553338e-06,0,0,2574.649169921875,1291.879150390625,0,23.70943260192871,2712.978759765625,12.319596290588379,11.839869499206543,907.8658447265625,1810.676513671875,55.72575759887695,50.038822174072266,100,0,0,346.3775939941406,0,7.924896240234375,20.28435707092285,20.3328800201416,0,1.034000039100647,0.9067617654800415,50,2.799999952316284,2.2932357788085938,0,0,0,0,0.0,0,0,0,0.0016955113969743252,-0.0017137702088803053,0,-1.8258859199704602e-05,100.29280090332031,100.29496765136719,790.2860107421875,790.2877197265625,790.2877197265625,549.7000732421875,0,0,23.70943260192871,0.0010999999940395355,0.02200000174343586,0.03299999609589577,0.04399999603629112,5655.8173828125,114276.53125,0.0429663360118866,0,3.1392715754918754e-05,359.6089782714844,0,0.0002616529818624258,2.8350639695418067e-05,0,0,23.700000762939453,0,0,1600,0,50,0,0,0,50,50,800,0.0,0.0,0.0,0.0
198,158.20445251464844,309.1125793457031,326.0929870605469,326.04473876953125,292.1315002441406,292.17974853515625,16515.818359375,33031.63671875,69.0458755493164,69.04595184326172,1793.2904052734375,3576.192626953125,1793.5201416015625,3577.30908203125,284.5485534667969,61.99135208129883,3.5211944577895338e-06,0,0,2574.64892578125,1291.8809814453125,0,23.708650588989258,2712.95947265625,12.319596290588379,11.839842796325684,907.8517456054688,1810.6729736328125,55.725982666015625,50.03862380981445,100,0,0,346.377685546875,0,7.924896240234375,20.284696578979492,20.33294677734375,0,1.034000039100647,0.9067617654800415,50,2.799999952316284,2.2932522296905518,0,0,0,0,0.0,0,0,0,0.0016913262661546469,-0.0017095825169235468,0,-1.8256285329698585e-05,100.29208374023438,100.29425048828125,790.2825927734375,790.2843017578125,790.2843017578125,549.6984252929688,0,0,23.708650588989258,0.0010999999940395355,0.02200000174343586,0.03299999609589577,0.04399999603629112,5655.8173828125,114276.53125,0.0429663360118866,0,3.1392715754918754e-05,361.4297790527344,0,0.0002616529818624258,2.8350639695418067e-05,0,0,23.700000762939453,0,0,1600,0,50,0,0,0,50,50,800,0.0,0.0,0.0,0.0
199,158.20455932617188,309.1126708984375,326.0927429199219,326.04473876953125,292.1318664550781,292.17987060546875,16515.818359375,33031.63671875,69.04601287841797,69.04606628417969,1793.0545654296875,3576.179443359375,1793.52294921875,3577.30615234375,284.54864501953125,61.9915657043457,4.150424501858652e-06,0,0,2574.648681640625,1291.8829345703125,0,23.707889556884766,2712.93994140625,12.319583892822266,11.839816093444824,907.837890625,1810.6695556640625,55.726070404052734,50.038421630859375,100,0,0,346.3777160644531,0,7.924896240234375,20.28496742248535,20.33298110961914,0,1.034000039100647,0.9067617654800415,50,2.799999952316284,2.293268918991089,0,0,0,0,0.0,0,0,0,0.001687140902504325,-0.0017053948249667883,0,-1.8253864254802465e-05,100.29137420654297,100.29352569580078,790.2792358398438,790.2809448242188,790.2809448242188,549.69677734375,0,0,23.707889556884766,0.0010999999940395355,0.02200000174343586,0.03299999609589577,0.04399999603629112,5655.8173828125,114276.53125,0.0429663360118866,0,3.1392715754918754e-05,363.2505798339844,0,0.0002616529818624258,2.8350639695418067e-05,0,0,23.700000762939453,0,0,1600,0,50,0,0,0,50,50,800,0.0,0.0,0.0,0.0
200,158.2046661376953,309.11273193359375,326.092529296875,326.04473876953125,292.1322021484375,292.1800231933594,16515.818359375,33031.63671875,69.046142578125,69.0461654663086,1792.8228759765625,3576.16650390625,1793.5289306640625,3577.2998046875,284.5487365722656,61.991764068603516,2.4556234166084323e-06,0,0,2574.6484375,1291.8848876953125,0,23.70981216430664,2712.92041015625,12.319559097290039,11.839789390563965,907.8240966796875,1810.6661376953125,55.72600173950195,50.03822708129883,100,0,0,346.3777770996094,0,7.924896240234375,20.28523826599121,20.333049774169922,0,1.034000039100647,0.9067617654800415,50,2.799999952316284,2.2932851314544678,0,0,0,0,0.0,0,0,0,0.0016829557716846466,-0.0017012072494253516,0,-1.8251443179906346e-05,100.2906494140625,100.29280853271484,790.2758178710938,790.2775268554688,790.2775268554688,549.6951293945312,0,0,23.70981216430664,0.0010999999940395355,0.02200000174343586,0.03299999609589577,0.04399999603629112,5655.8173828125,114276.53125,0.0429663360118866,0,3.1392715754918754e-05,365.0713806152344,0,0.0002616529818624258,2.8350639695418067e-05,0,0,23.700000762939453,0,0,1600,0,50,0,0,0,50,50,800,0.0,0.0,0.0,0.0
201,158.2047576904297,309.11279296875,326.09234619140625,326.04473876953125,292.1325378417969,292.1801452636719,16515.818359375,33031.63671875,69.04627227783203,69.04627227783203,1792.59521484375,3576.15380859375,1793.5355224609375,3577.29345703125,284.5487976074219,61.991966247558594,1.3418300568446284e-06,0,0,2574.648193359375,1291.8865966796875,0,23.706348419189453,2712.90087890625,12.319522857666016,11.839762687683105,907.8106689453125,1810.6627197265625,55.72582244873047,50.03802490234375,100,0,0,346.3778076171875,0,7.924896240234375,20.28547477722168,20.33308219909668,0,1.034000039100647,0.9067617654800415,50,2.799999952316284,2.293301820755005,0,0,0,0,0.0,0,0,0,0.0016787704080343246,-0.0016970194410532713,0,-1.8249022105010226e-05,100.2899398803711,100.29208374023438,790.2724609375,790.2741088867188,790.2741088867188,549.6934204101562,0,0,23.706348419189453,0.0010999999940395355,0.02200000174343586,0.03299999609589577,0.04399999603629112,5655.8173828125,114276.53125,0.0429663360118866,0,3.1392715754918754e-05,366.8921813964844,0,0.0002616529818624258,2.8350639695418067e-05,0,0,23.700000762939453,0,0,1600,0,50,0,0,0,50,50,800,0.0,0.0,0.0,0.0
202,158.20486450195312,309.11285400390625,326.0921325683594,326.04473876953125,292.13287353515625,292.1802978515625,16515.818359375,33031.63671875,69.04640197753906,69.04637908935547,1792.3714599609375,3576.141845703125,1793.5374755859375,3577.29150390625,284.54888916015625,61.99216079711914,-9.339787538920064e-07,0,0,2574.647705078125,1291.8880615234375,0,23.706953048706055,2712.88134765625,12.319474220275879,11.839735984802246,907.798583984375,1810.659423828125,55.725460052490234,50.03783416748047,100,0,0,346.37786865234375,0,7.924896240234375,20.285747528076172,20.33315086364746,0,1.034000039100647,0.9067617654800415,50,2.799999952316284,2.293318271636963,0,0,0,0,0.0,0,0,0,0.0016745852772146463,-0.0016928317490965128,0,-1.824644823500421e-05,100.28923034667969,100.29136657714844,790.26904296875,790.270751953125,790.270751953125,549.6917724609375,0,0,23.706953048706055,0.0010999999940395355,0.02200000174343586,0.03299999609589577,0.04399999603629112,5655.8173828125,114276.53125,0.0429663360118866,0,3.1392715754918754e-05,368.7129821777344,0,0.0002616529818624258,2.8350639695418067e-05,0,0,23.700000762939453,0,0,1600,0,50,0,0,0,50,50,800,0.0,0.0,0.0,0.0
203,158.2049560546875,309.1129150390625,326.0919189453125,326.04473876953125,292.1332092285156,292.180419921875,16515.818359375,33031.63671875,69.0465316772461,69.04647827148438,1792.15234375,3576.13037109375,1793.54150390625,3577.28759765625,284.5489807128906,61.99235153198242,-3.7907952901150566e-06,0,0,2574.647705078125,1291.8900146484375,0,23.707578659057617,2712.86181640625,12.319414138793945,11.83970832824707,907.7854614257812,1810.656005859375,55.724979400634766,50.03762435913086,100,0,0,346.3778991699219,0,7.924896240234375,20.28598403930664,20.33318519592285,0,1.034000039100647,0.9067617654800415,50,2.799999952316284,2.293334722518921,0,0,0,0,0.0,0,0,0,0.0016704000299796462,-0.0016886440571397543,0,-1.824402716010809e-05,100.28850555419922,100.29064178466797,790.2656860351562,790.267333984375,790.267333984375,549.6901245117188,0,0,23.707578659057617,0.0010999999940395355,0.02200000174343586,0.03299999609589577,0.04399999603629112,5655.8173828125,114276.53125,0.0429663360118866,0,3.1392715754918754e-05,370.5337829589844,0,0.0002616529818624258,2.8350639695418067e-05,0,0,23.700000762939453,0,0,1600,0,50,0,0,0,50,50,800,0.0,0.0,0.0,0.0
204,158.20506286621094,309.1130065917969,326.0917053222656,326.0447692871094,292.13360595703125,292.1805419921875,16515.818359375,33031.63671875,69.0466537475586,69.04658508300781,1791.9368896484375,3576.119140625,1793.5452880859375,3577.283447265625,284.5490417480469,61.99253845214844,3.407115400477778e-06,0,0,2574.647216796875,1291.891845703125,0,23.70686149597168,2712.842529296875,12.319342613220215,11.839678764343262,907.7725830078125,1810.6527099609375,55.724361419677734,50.03740692138672,100,0,0,346.37799072265625,0,7.924896240234375,20.28628921508789,20.333219528198242,0,1.034000039100647,0.9067617654800415,50,2.799999952316284,2.293351173400879,0,0,0,0,0.0,0,0,0,0.001666214899159968,-0.001684456248767674,0,-1.8241455109091476e-05,100.28779602050781,100.28992462158203,790.2622680664062,790.2639770507812,790.2639770507812,549.6884765625,0,0,23.70686149597168,0.0010999999940395355,0.02200000174343586,0.03299999609589577,0.04399999603629112,5655.8173828125,114276.53125,0.0429663360118866,0,3.1392715754918754e-05,372.3545837402344,0,0.0002616529818624258,2.8350639695418067e-05,0,0,23.700000762939453,0,0,1600,0,50,0,0,0,50,50,800,0.0,0.0,0.0,0.0
205,158.20516967773438,309.1130676269531,326.0914611816406,326.0447998046875,292.13397216796875,292.1806640625,16515.818359375,33031.63671875,69.04678344726562,69.04668426513672,1791.7247314453125,3576.1083984375,1793.5509033203125,3577.27783203125,284.5491027832031,61.99272155761719,-6.117168709351972e-07,0,0,2574.646728515625,1291.8935546875,0,23.70616912841797,2712.82275390625,12.31926155090332,11.839651107788086,907.7609252929688,1810.6495361328125,55.72360610961914,50.037208557128906,100,0,0,346.3780212402344,0,7.924896240234375,20.28656005859375,20.333219528198242,0,1.034000039100647,0.9067617654800415,50,2.799999952316284,2.293367624282837,0,0,0,0,0.0,0,0,0,0.001662029535509646,-0.0016802686732262373,0,-1.823918501031585e-05,100.28707122802734,100.28919982910156,790.2588500976562,790.2605590820312,790.2605590820312,549.6868286132812,0,0,23.70616912841797,0.0010999999940395355,0.02200000174343586,0.03299999609589577,0.04399999603629112,5655.8173828125,114276.53125,0.0429663360118866,0,3.1392715754918754e-05,374.1753845214844,0,0.0002616529818624258,2.8350639695418067e-05,0,0,23.700000762939453,0,0,1600,0,50,0,0,0,50,50,800,0.0,0.0,0.0,0.0
206,158.20526123046875,309.1131286621094,326.0912170410156,326.0447998046875,292.13433837890625,292.1807861328125,16515.818359375,33031.63671875,69.04691314697266,69.04678344726562,1791.517578125,3576.09716796875,1793.5552978515625,3577.2734375,284.5491638183594,61.992897033691406,4.84317070004181e-06,0,0,2574.646728515625,1291.8953857421875,0,23.70684051513672,2712.803466796875,12.319167137145996,11.83962345123291,907.7484741210938,1810.646240234375,55.72273635864258,50.03699493408203,100,0,0,346.3780822753906,0,7.924896240234375,20.286865234375,20.33328628540039,0,1.034000039100647,0.9067617654800415,50,2.799999952316284,2.293384075164795,0,0,0,0,0.0,0,0,0,0.0016578442882746458,-0.0016760809812694788,0,-1.823676393541973e-05,100.28636169433594,100.28848266601562,790.2554931640625,790.2572021484375,790.2572021484375,549.6851196289062,0,0,23.70684051513672,0.0010999999940395355,0.02200000174343586,0.03299999609589577,0.04399999603629112,5655.8173828125,114276.53125,0.0429663360118866,0,3.1392715754918754e-05,375.9961853027344,0,0.0002616529818624258,2.8350639695418067e-05,0,0,23.700000762939453,0,0,1600,0,50,0,0,0,50,50,800,0.0,0.0,0.0,0.0
207,158.20535278320312,309.1131896972656,326.09100341796875,326.0447998046875,292.13470458984375,292.1809387207031,16515.818359375,33031.63671875,69.04703521728516,69.04688262939453,1791.31396484375,3576.08740234375,1793.559814453125,3577.26904296875,284.54925537109375,61.99305725097656,-2.66170832219359e-06,0,0,2574.646484375,1291.8970947265625,0,23.707555770874023,2712.783935546875,12.319064140319824,11.839593887329102,907.7361450195312,1810.6429443359375,55.721744537353516,50.036773681640625,100,0,0,346.37811279296875,0,7.924896240234375,20.2871036529541,20.33332061767578,0,1.034000039100647,0.9067617654800415,50,2.799999952316284,2.293400764465332,0,0,0,0,0.0,0,0,0,0.0016536590410396457,-0.0016718932893127203,0,-1.8234190065413713e-05,100.28565216064453,100.28775787353516,790.2521362304688,790.2537841796875,790.2537841796875,549.6834716796875,0,0,23.707555770874023,0.0010999999940395355,0.02200000174343586,0.03299999609589577,0.04399999603629112,5655.8173828125,114276.53125,0.0429663360118866,0,3.1392715754918754e-05,377.8169860839844,0,0.0002616529818624258,2.8350639695418067e-05,0,0,23.700000762939453,0,0,1600,0,50,0,0,0,50,50,800,0.0,0.0,0.0,0.0
208,158.20541381835938,309.11328125,326.0908203125,326.0447998046875,292.1350402832031,292.1810607910156,16515.818359375,33031.63671875,69.04715728759766,69.04698181152344,1791.1142578125,3576.07666015625,1793.56298828125,3577.265869140625,284.54931640625,61.99320602416992,-1.2738753412122605e-06,0,0,2574.646240234375,1291.898681640625,0,23.706953048706055,2712.764892578125,12.318948745727539,11.839567184448242,907.7252197265625,1810.6395263671875,55.72059631347656,50.036582946777344,100,0,0,346.3781433105469,0,7.924896240234375,20.28734016418457,20.333354949951172,0,1.034000039100647,0.9067617654800415,50,2.799999952316284,2.293416738510132,0,0,0,0,0.0,0,0,0,0.0016494737938046455,-0.0016677894163876772,0,-1.8315611669095233e-05,100.28492736816406,100.28705596923828,790.248779296875,790.25048828125,790.25048828125,549.6818237304688,0,0,23.706953048706055,0.0010999999940395355,0.02200000174343586,0.03299999609589577,0.04399999603629112,5655.8173828125,114276.53125,0.0429663360118866,0,3.1392715754918754e-05,379.6377868652344,0,0.0002616529818624258,2.8350639695418067e-05,0,0,23.700000762939453,0,0,1600,0,50,0,0,0,50,50,800,0.0,0.0,0.0,0.0
209,158.2054901123047,309.11334228515625,326.0906066894531,326.0447998046875,292.1353759765625,292.18121337890625,16515.818359375,33031.63671875,69.04727935791016,69.04708862304688,1790.918701171875,3576.06494140625,1793.5679931640625,3577.26123046875,284.54937744140625,61.99334716796875,-1.0480579248905997e-06,0,0,2574.64599609375,1291.900390625,0,23.70775604248047,2712.745361328125,12.318822860717773,11.839539527893066,907.7131958007812,1810.6363525390625,55.71934509277344,50.036376953125,100,0,0,346.378173828125,0,7.924896240234375,20.287578582763672,20.33338737487793,0,1.034000039100647,0.9067617654800415,50,2.799999952316284,2.293433427810669,0,0,0,0,0.0,0,0,0,0.0016452884301543236,-0.0016636016080155969,0,-1.8313190594199114e-05,100.28421783447266,100.28633117675781,790.245361328125,790.2470703125,790.2470703125,549.68017578125,0,0,23.70775604248047,0.0010999999940395355,0.02200000174343586,0.03299999609589577,0.04399999603629112,5655.8173828125,114276.53125,0.0429663360118866,0,3.1392715754918754e-05,381.4585876464844,0,0.0002616529818624258,2.8350639695418067e-05,0,0,23.700000762939453,0,0,1600,0,50,0,0,0,50,50,800,0.0,0.0,0.0,0.0
210,158.20555114746094,309.1134033203125,326.0904235839844,326.0448303222656,292.13568115234375,292.1813049316406,16515.818359375,33031.63671875,69.04740905761719,69.04718780517578,1790.7264404296875,3576.056640625,1793.5694580078125,3577.25927734375,284.5494079589844,61.99348068237305,-1.984256186915445e-06,0,0,2574.6455078125,1291.90185546875,0,23.70994758605957,2712.725830078125,12.31868839263916,11.839509010314941,907.70263671875,1810.6358642578125,55.717952728271484,50.03615188598633,100,0,0,346.3782043457031,0,7.924896240234375,20.28778076171875,20.33338737487793,0,1.034000039100647,0.9067617654800415,50,2.799999952316284,2.293449640274048,0,0,0,0,0.0,0,0,0,0.0016411031829193234,-0.0016594139160588384,0,-1.831076770031359e-05,100.28350830078125,100.28561401367188,790.2420654296875,790.2437133789062,790.2437133789062,549.6785278320312,0,0,23.70994758605957,0.0010999999940395355,0.02200000174343586,0.03299999609589577,0.04399999603629112,5655.8173828125,114276.53125,0.0429663360118866,0,3.1392715754918754e-05,383.2793884277344,0,0.0002616529818624258,2.8350639695418067e-05,0,0,23.700000762939453,0,0,1600,0,50,0,0,0,50,50,800,0.0,0.0,0.0,0.0
211,158.2056121826172,309.11346435546875,326.0902404785156,326.0448303222656,292.13604736328125,292.1814270019531,16515.818359375,33031.63671875,69.04753112792969,69.04728698730469,1790.538818359375,3576.046142578125,1793.57177734375,3577.257080078125,284.5494689941406,61.99361038208008,-3.501461833366193e-06,0,0,2574.6455078125,1291.9034423828125,0,23.709455490112305,2712.706787109375,12.318544387817383,11.83948040008545,907.6911010742188,1810.632568359375,55.71649932861328,50.035919189453125,100,0,0,346.3782653808594,0,7.924896240234375,20.28801918029785,20.33342170715332,0,1.034000039100647,0.9067617654800415,50,2.799999952316284,2.2934658527374268,0,0,0,0,0.0,0,0,0,0.0016369178192690015,-0.0016553100431337953,0,-1.839218930399511e-05,100.28278350830078,100.28490447998047,790.2386474609375,790.2403564453125,790.2403564453125,549.6768798828125,0,0,23.709455490112305,0.0010999999940395355,0.02200000174343586,0.03299999609589577,0.04399999603629112,5655.8173828125,114276.53125,0.0429663360118866,0,3.1392715754918754e-05,385.1001892089844,0,0.0002616529818624258,2.8350639695418067e-05,0,0,23.700000762939453,0,0,1600,0,50,0,0,0,50,50,800,0.0,0.0,0.0,0.0
212,158.2056884765625,309.113525390625,326.09002685546875,326.0448303222656,292.1363830566406,292.18157958984375,16515.818359375,33031.63671875,69.04764556884766,69.0473861694336,1790.3548583984375,3576.03662109375,1793.5787353515625,3577.25048828125,284.54949951171875,61.99372482299805,3.2930363431660226e-06,0,0,2574.645263671875,1291.905029296875,0,23.7103271484375,2712.687255859375,12.318387985229492,11.83945083618164,907.6808471679688,1810.6295166015625,55.714866638183594,50.03571319580078,100,0,0,346.3782958984375,0,7.924896240234375,20.28825569152832,20.33345603942871,0,1.034000039100647,0.9067617654800415,50,2.799999952316284,2.2934823036193848,0,0,0,0,0.0,0,0,0,0.0016327325720340014,-0.0016511223511770368,0,-1.838976822909899e-05,100.28206634521484,100.28418731689453,790.2352905273438,790.2369995117188,790.2369995117188,549.6752319335938,0,0,23.7103271484375,0.0010999999940395355,0.02200000174343586,0.03299999609589577,0.04399999603629112,5655.8173828125,114276.53125,0.0429663360118866,0,3.1392715754918754e-05,386.9209899902344,0,0.0002616529818624258,2.8350639695418067e-05,0,0,23.700000762939453,0,0,1600,0,50,0,0,0,50,50,800,0.0,0.0,0.0,0.0
213,158.20574951171875,309.1136169433594,326.0898742675781,326.0448303222656,292.1366882324219,292.18170166015625,16515.818359375,33031.63671875,69.04776763916016,69.0474853515625,1790.17431640625,3576.02880859375,1793.5811767578125,3577.24755859375,284.549560546875,61.99383544921875,-1.1292086128378287e-06,0,0,2574.64501953125,1291.906494140625,0,23.711265563964844,2712.667724609375,12.31822395324707,11.839421272277832,907.6696166992188,1810.626220703125,55.71316146850586,50.03547668457031,100,0,0,346.3783264160156,0,7.924896240234375,20.28845977783203,20.3334903717041,0,1.034000039100647,0.9067617654800415,50,2.799999952316284,2.293498992919922,0,0,0,0,0.0,0,0,0,0.0016285472083836794,-0.0016469347756356,0,-1.8387498130323365e-05,100.28133392333984,100.28346252441406,790.2318725585938,790.2335815429688,790.2335815429688,549.673583984375,0,0,23.711265563964844,0.0010999999940395355,0.02200000174343586,0.03299999609589577,0.04399999603629112,5655.8173828125,114276.53125,0.0429663360118866,0,3.1392715754918754e-05,388.7417907714844,0,0.0002616529818624258,2.8350639695418067e-05,0,0,23.700000762939453,0,0,1600,0,50,0,0,0,50,50,800,0.0,0.0,0.0,0.0
214,158.20579528808594,309.1136169433594,326.08966064453125,326.0448303222656,292.136962890625,292.1818542480469,16515.818359375,33031.63671875,69.04788208007812,69.04757690429688,1789.997314453125,3576.02001953125,1793.58251953125,3577.246826171875,284.5495910644531,61.99391555786133,4.362194943041686e-07,0,0,2574.64501953125,1291.9078369140625,0,23.71629524230957,2712.6484375,12.3180513381958,11.839391708374023,907.6585083007812,1810.62060546875,55.711326599121094,50.03526306152344,100,0,0,346.37835693359375,0,7.924896240234375,20.2886962890625,20.333524703979492,0,1.034000039100647,0.9067617654800415,50,2.799999952316284,2.293515205383301,0,0,0,0,0.0,0,0,0,0.0016285472083836794,-0.0016427469672635198,0,-1.4199770703271497e-05,100.28071594238281,100.28275299072266,790.2285766601562,790.2301635742188,790.2301635742188,549.6719360351562,0,0,23.71629524230957,0.0010999999940395355,0.02200000174343586,0.03299999609589577,0.04399999603629112,5655.8173828125,114276.53125,0.0429663360118866,0,3.1392715754918754e-05,390.5625915527344,0,0.0002616529818624258,2.8350639695418067e-05,0,0,23.700000762939453,0,0,1600,0,50,0,0,0,50,50,800,0.0,0.0,0.0,0.0
215,158.20582580566406,309.1136169433594,326.0894470214844,326.0448303222656,292.13720703125,292.1819152832031,16515.818359375,33031.63671875,69.04798889160156,69.04766082763672,1789.824951171875,3576.012451171875,1793.588134765625,3577.24072265625,284.54962158203125,61.99399948120117,2.5826552700891625e-06,0,0,2574.644775390625,1291.9090576171875,0,23.71327781677246,2712.630615234375,12.317867279052734,11.839361190795898,907.6463012695312,1810.614990234375,55.7093505859375,50.03502655029297,100,0,0,346.3783874511719,0,7.924896240234375,20.2889347076416,20.33355712890625,0,1.034000039100647,0.9067617654800415,50,2.799999952316284,2.293530225753784,0,0,0,0,0.0,0,0,0,0.0016285472083836794,-0.0016388943186029792,0,-1.0347110219299793e-05,100.28038787841797,100.28209686279297,790.2257080078125,790.22705078125,790.22705078125,549.6703491210938,0,0,23.71327781677246,0.0010999999940395355,0.02200000174343586,0.03299999609589577,0.04399999603629112,5655.8173828125,114276.53125,0.0429663360118866,0,3.1392715754918754e-05,392.3833923339844,0,0.0002616529818624258,2.8350639695418067e-05,0,0,23.700000762939453,0,0,1600,0,50,0,0,0,50,50,800,0.0,0.0,0.0,0.0
216,158.2058563232422,309.1136169433594,326.0892639160156,326.0448303222656,292.1374816894531,292.1819763183594,16515.818359375,33031.63671875,69.04808044433594,69.04773712158203,1789.656982421875,3576.005615234375,1793.5928955078125,3577.235595703125,284.5496520996094,61.99406433105469,1.8240525605506264e-06,0,0,2574.644775390625,1291.910400390625,0,23.7156925201416,2712.61669921875,12.317675590515137,11.839332580566406,907.6344604492188,1810.6068115234375,55.707275390625,50.03476333618164,100,0,0,346.3783874511719,0,7.924896240234375,20.28913688659668,20.33355712890625,0,1.034000039100647,0.9067617654800415,50,2.799999952316284,2.2935421466827393,0,0,0,0,0.0,0,0,0,0.0016285472083836794,-0.0016357953427359462,0,-7.248122983583016e-06,100.28025817871094,100.28157806396484,790.2235717773438,790.2245483398438,790.2245483398438,549.6690673828125,0,0,23.7156925201416,0.0010999999940395355,0.02200000174343586,0.03299999609589577,0.04399999603629112,5655.8173828125,114276.53125,0.0429663360118866,0,3.1392715754918754e-05,394.2041931152344,0,0.0002616529818624258,2.8350639695418067e-05,0,0,23.700000762939453,0,0,1600,0,50,0,0,0,50,50,800,0.0,0.0,0.0,0.0
217,158.2058868408203,309.1136474609375,326.08905029296875,326.0447998046875,292.1377868652344,292.18206787109375,16515.818359375,33031.63671875,69.04817962646484,69.04781341552734,1789.4925537109375,3576.00048828125,1793.5931396484375,3577.235595703125,284.5496520996094,61.9941520690918,4.551496203930583e-06,0,0,2574.64453125,1291.9117431640625,0,23.712718963623047,2712.60595703125,12.317475318908691,11.839302062988281,907.6226806640625,1810.601318359375,55.70505905151367,50.03446960449219,100,0,0,346.37841796875,0,7.924896240234375,20.28937530517578,20.33362579345703,0,1.034000039100647,0.9067617654800415,50,2.799999952316284,2.293551206588745,0,0,0,0,0.0,0,0,0,0.0016264546429738402,-0.0016334503889083862,0,-6.99568772688508e-06,100.28018951416016,100.28118133544922,790.2218627929688,790.22265625,790.22265625,549.6680908203125,0,0,23.712718963623047,0.0010999999940395355,0.02200000174343586,0.03299999609589577,0.04399999603629112,5655.8173828125,114276.53125,0.0429663360118866,0,3.1392715754918754e-05,396.0249938964844,0,0.0002616529818624258,2.8350639695418067e-05,0,0,23.700000762939453,0,0,1600,0,50,0,0,0,50,50,800,0.0,0.0,0.0,0.0
218,158.2059326171875,309.11370849609375,326.0888671875,326.0447998046875,292.1380615234375,292.1821594238281,16515.818359375,33031.63671875,69.04826354980469,69.04788208007812,1789.3331298828125,3575.99560546875,1793.5994873046875,3577.229248046875,284.5497131347656,61.994232177734375,-4.518810783338267e-06,0,0,2574.64453125,1291.9132080078125,0,23.712383270263672,2712.596923828125,12.317266464233398,11.839272499084473,907.6136474609375,1810.6009521484375,55.70273208618164,50.034156799316406,100,0,0,346.37841796875,0,7.924896240234375,20.2895450592041,20.33362579345703,0,1.034000039100647,0.9067617654800415,50,2.799999952316284,2.2935588359832764,0,0,0,0,0.0,0,0,0,0.00162226939573884,-0.0016315239481627941,0,-9.25458789424738e-06,100.27989959716797,100.28084564208984,790.2203369140625,790.2211303710938,790.2211303710938,549.6673583984375,0,0,23.712383270263672,0.0010999999940395355,0.02200000174343586,0.03299999609589577,0.04399999603629112,5655.8173828125,114276.53125,0.0429663360118866,0,3.1392715754918754e-05,397.8457946777344,0,0.0002616529818624258,2.8350639695418067e-05,0,0,23.700000762939453,0,0,1600,0,50,0,0,0,50,50,800,0.0,0.0,0.0,0.0
219,158.2060089111328,309.11376953125,326.0887451171875,326.0447998046875,292.1383361816406,292.1822204589844,16515.818359375,33031.63671875,69.04835510253906,69.0479507446289,1789.17626953125,3575.99169921875,1793.6014404296875,3577.227294921875,284.54974365234375,61.99431610107422,-2.3723748654447263e-06,0,0,2574.64453125,1291.9144287109375,0,23.713457107543945,2712.587646484375,12.317049026489258,11.839241981506348,907.6060180664062,1810.6004638671875,55.70026779174805,50.03386688232422,100,0,0,346.3784484863281,0,7.924896240234375,20.289714813232422,20.333660125732422,0,1.034000039100647,0.9067617654800415,50,2.799999952316284,2.2935667037963867,0,0,0,0,0.0,0,0,0,0.0016180840320885181,-0.0016295977402478456,0,-1.151363812823547e-05,100.2794189453125,100.28050231933594,790.2186889648438,790.2195434570312,790.2195434570312,549.6666259765625,0,0,23.713457107543945,0.0010999999940395355,0.02200000174343586,0.03299999609589577,0.04399999603629112,5655.8173828125,114276.53125,0.0429663360118866,0,3.1392715754918754e-05,399.6665954589844,0,0.0002616529818624258,2.8350639695418067e-05,0,0,23.700000762939453,0,0,1600,0,50,0,0,0,50,50,800,0.0,0.0,0.0,0.0
220,158.20606994628906,309.11383056640625,326.0885925292969,326.0447998046875,292.13861083984375,292.1822814941406,16515.818359375,33031.63671875,69.04844665527344,69.04802703857422,1789.023193359375,3575.986083984375,1793.602294921875,3577.2265625,284.5497741699219,61.994422912597656,3.260107632740983e-06,0,0,2574.644287109375,1291.9158935546875,0,23.70905303955078,2712.576904296875,12.31682300567627,11.839212417602539,907.597412109375,1810.6002197265625,55.69775390625,50.03358459472656,100,0,0,346.37847900390625,0,7.924896240234375,20.289884567260742,20.33369255065918,0,1.034000039100647,0.9067617654800415,50,2.799999952316284,2.2935757637023926,0,0,0,0,0.0,0,0,0,0.001613898784853518,-0.0016273362562060356,0,-1.3437471352517605e-05,100.2788314819336,100.28010559082031,790.2166748046875,790.2177124023438,790.2177124023438,549.665771484375,0,0,23.70905303955078,0.0010999999940395355,0.02200000174343586,0.03299999609589577,0.04399999603629112,5655.8173828125,114276.53125,0.0429663360118866,0,3.1392715754918754e-05,401.4873962402344,0,0.0002616529818624258,2.8350639695418067e-05,0,0,23.700000762939453,0,0,1600,0,50,0,0,0,50,50,800,0.0,0.0,0.0,0.0
221,158.20614624023438,309.1139221191406,326.08843994140625,326.0448303222656,292.13885498046875,292.182373046875,16515.818359375,33031.63671875,69.04854583740234,69.04810333251953,1788.873291015625,3575.981201171875,1793.6063232421875,3577.222900390625,284.5498352050781,61.99452209472656,-2.9051602723484393e-06,0,0,2574.643798828125,1291.9169921875,0,23.71001434326172,2712.564697265625,12.31658935546875,11.83918285369873,907.5887451171875,1810.599853515625,55.69514083862305,50.03330993652344,100,0,0,346.3785095214844,0,7.924896240234375,20.29008674621582,20.33369255065918,0,1.034000039100647,0.9067617654800415,50,2.799999952316284,2.293586015701294,0,0,0,0,0.0,0,0,0,0.001609713421203196,-0.0016247399616986513,0,-1.5026540495455265e-05,100.27816772460938,100.27965545654297,790.2144775390625,790.2156372070312,790.2156372070312,549.6647338867188,0,0,23.71001434326172,0.0010999999940395355,0.02200000174343586,0.03299999609589577,0.04399999603629112,5655.8173828125,114276.53125,0.0429663360118866,0,3.1392715754918754e-05,403.3081970214844,0,0.0002616529818624258,2.8350639695418067e-05,0,0,23.700000762939453,0,0,1600,0,50,0,0,0,50,50,800,0.0,0.0,0.0,0.0
222,158.2061767578125,309.11395263671875,326.0882873535156,326.0448303222656,292.1391296386719,292.1825256347656,16515.818359375,33031.63671875,69.04864501953125,69.04818725585938,1788.7264404296875,3575.9755859375,1793.6090087890625,3577.2197265625,284.54986572265625,61.99461364746094,4.0329103967451374e-07,0,0,2574.643798828125,1291.9180908203125,0,23.709632873535156,2712.55078125,12.316349029541016,11.839152336120605,907.581787109375,1810.599365234375,55.69248580932617,50.03303146362305,100,0,0,346.3785705566406,0,7.924896240234375,20.29025650024414,20.33372688293457,0,1.034000039100647,0.9067617654800415,50,2.799999952316284,2.29359769821167,0,0,0,0,0.0,0,0,0,0.001607620739378035,-0.0016218085074797273,0,-1.4187815395416692e-05,100.2774658203125,100.27914428710938,790.2119750976562,790.2132568359375,790.2132568359375,549.66357421875,0,0,23.709632873535156,0.0010999999940395355,0.02200000174343586,0.03299999609589577,0.04399999603629112,5655.8173828125,114276.53125,0.0429663360118866,0,3.1392715754918754e-05,405.1289978027344,0,0.0002616529818624258,2.8350639695418067e-05,0,0,23.700000762939453,0,0,1600,0,50,0,0,0,50,50,800,0.0,0.0,0.0,0.0
223,158.20620727539062,309.11395263671875,326.0881652832031,326.0448303222656,292.139404296875,292.1826171875,16515.818359375,33031.63671875,69.04873657226562,69.04825592041016,1788.5833740234375,3575.97021484375,1793.61181640625,3577.217041015625,284.5498962402344,61.99470138549805,3.130734739897889e-06,0,0,2574.6435546875,1291.9193115234375,0,23.707935333251953,2712.536376953125,12.316100120544434,11.839123725891113,907.5709838867188,1810.59130859375,55.689720153808594,50.032779693603516,100,0,0,346.3785705566406,0,7.924896240234375,20.29039192199707,20.33372688293457,0,1.034000039100647,0.9067617654800415,50,2.799999952316284,2.293609857559204,0,0,0,0,0.0,0,0,0,0.001607620739378035,-0.0016186258289963007,0,-1.100513600249542e-05,100.27700805664062,100.27861022949219,790.2093505859375,790.2106323242188,790.2106323242188,549.6622924804688,0,0,23.707935333251953,0.0010999999940395355,0.02200000174343586,0.03299999609589577,0.04399999603629112,5655.8173828125,114276.53125,0.0429663360118866,0,3.1392715754918754e-05,406.9497985839844,0,0.0002616529818624258,2.8350639695418067e-05,0,0,23.700000762939453,0,0,1600,0,50,0,0,0,50,50,800,0.0,0.0,0.0,0.0
224,158.20623779296875,309.11395263671875,326.08795166015625,326.0448303222656,292.13958740234375,292.18267822265625,16515.818359375,33031.63671875,69.04881286621094,69.04832458496094,1788.444091796875,3575.96484375,1793.6165771484375,3577.212158203125,284.5499267578125,61.99477767944336,4.115155206818599e-06,0,0,2574.6435546875,1291.92041015625,0,23.71169090270996,2712.5224609375,12.315844535827637,11.839093208312988,907.560546875,1810.5855712890625,55.68690490722656,50.032493591308594,100,0,0,346.37860107421875,0,7.924896240234375,20.290630340576172,20.33376121520996,0,1.034000039100647,0.9067617654800415,50,2.799999952316284,2.29362154006958,0,0,0,0,0.0,0,0,0,0.001607620739378035,-0.001615610672160983,0,-7.98999099060893e-06,100.27677154541016,100.2780990600586,790.2072143554688,790.2081909179688,790.2081909179688,549.6610717773438,0,0,23.71169090270996,0.0010999999940395355,0.02200000174343586,0.03299999609589577,0.04399999603629112,5655.8173828125,114276.53125,0.0429663360118866,0,3.1392715754918754e-05,408.7705993652344,0,0.0002616529818624258,2.8350639695418067e-05,0,0,23.700000762939453,0,0,1600,0,50,0,0,0,50,50,800,0.0,0.0,0.0,0.0
225,158.20626831054688,309.114013671875,326.08782958984375,326.0448303222656,292.1398010253906,292.1827697753906,16515.818359375,33031.63671875,69.04889678955078,69.04838562011719,1788.306884765625,3575.96142578125,1793.614990234375,3577.214111328125,284.5499572753906,61.9948616027832,-4.374144282337511e-06,0,0,2574.643310546875,1291.921630859375,0,23.710037231445312,2712.51123046875,12.315581321716309,11.839062690734863,907.552490234375,1810.5855712890625,55.68391036987305,50.032230377197266,100,0,0,346.37860107421875,0,7.924896240234375,20.2907657623291,20.33376121520996,0,1.034000039100647,0.9067617654800415,50,2.799999952316284,2.2936313152313232,0,0,0,0,0.0,0,0,0,0.001603435375727713,-0.0016131818993017077,0,-9.746442628966179e-06,100.27656555175781,100.27767944335938,790.2053833007812,790.2062377929688,790.2062377929688,549.6600952148438,0,0,23.710037231445312,0.0010999999940395355,0.02200000174343586,0.03299999609589577,0.04399999603629112,5655.8173828125,114276.53125,0.0429663360118866,0,3.1392715754918754e-05,410.5914001464844,0,0.0002616529818624258,2.8350639695418067e-05,0,0,23.700000762939453,0,0,1600,0,50,0,0,0,50,50,800,0.0,0.0,0.0,0.0
226,158.20631408691406,309.114013671875,326.0876770019531,326.0448303222656,292.1400146484375,292.1828308105469,16515.818359375,33031.63671875,69.04898071289062,69.04844665527344,1788.1748046875,3575.95947265625,1793.618408203125,3577.21044921875,284.54998779296875,61.99494552612305,-2.2277081370702945e-06,0,0,2574.643310546875,1291.9224853515625,0,23.70972442626953,2712.501220703125,12.31531047821045,11.839030265808105,907.5447387695312,1810.5830078125,55.68082809448242,50.031917572021484,100,0,0,346.3786315917969,0,7.924896240234375,20.290935516357422,20.33379554748535,0,1.034000039100647,0.9067617654800415,50,2.799999952316284,2.293639659881592,0,0,0,0,0.0,0,0,0,0.001603435375727713,-0.001611004234291613,0,-7.5688121796702035e-06,100.27621459960938,100.27730560302734,790.20361328125,790.2044677734375,790.2044677734375,549.6592407226562,0,0,23.70972442626953,0.0010999999940395355,0.02200000174343586,0.03299999609589577,0.04399999603629112,5655.8173828125,114276.53125,0.0429663360118866,0,3.1392715754918754e-05,412.4122009277344,0,0.0002616529818624258,2.8350639695418067e-05,0,0,23.700000762939453,0,0,1600,0,50,0,0,0,50,50,800,0.0,0.0,0.0,0.0
227,158.2063446044922,309.1140441894531,326.0875549316406,326.0448303222656,292.14019775390625,292.1828918457031,16515.818359375,33031.63671875,69.0490493774414,69.04850769042969,1788.04638671875,3575.95654296875,1793.6236572265625,3577.205078125,284.5500183105469,61.99502944946289,-8.127227602017228e-08,0,0,2574.643310546875,1291.923828125,0,23.70941162109375,2712.49169921875,12.315033912658691,11.838998794555664,907.5348510742188,1810.5772705078125,55.677734375,50.03158187866211,100,0,0,346.378662109375,0,7.924896240234375,20.291105270385742,20.333829879760742,0,1.034000039100647,0.9067617654800415,50,2.799999952316284,2.2936477661132812,0,0,0,0,0.0,0,0,0,0.0016013426939025521,-0.0016089103883132339,0,-7.567752618342638e-06,100.27603912353516,100.2769546508789,790.2020263671875,790.2028198242188,790.2028198242188,549.658447265625,0,0,23.70941162109375,0.0010999999940395355,0.02200000174343586,0.03299999609589577,0.04399999603629112,5655.8173828125,114276.53125,0.0429663360118866,0,3.1392715754918754e-05,414.2330017089844,0,0.0002616529818624258,2.8350639695418067e-05,0,0,23.700000762939453,0,0,1600,0,50,0,0,0,50,50,800,0.0,0.0,0.0,0.0
228,158.2063751220703,309.1141052246094,326.0874328613281,326.0448303222656,292.1404113769531,292.1829528808594,16515.818359375,33031.63671875,69.04912567138672,69.04856872558594,1787.9208984375,3575.95458984375,1793.6243896484375,3577.20458984375,284.550048828125,61.995113372802734,2.0651636987167876e-06,0,0,2574.643310546875,1291.9248046875,0,23.70909881591797,2712.483154296875,12.31474781036377,11.838968276977539,907.5286254882812,1810.5771484375,55.6744499206543,50.03129196166992,100,0,0,346.378662109375,0,7.924896240234375,20.291240692138672,20.333829879760742,0,1.034000039100647,0.9067617654800415,50,2.799999952316284,2.2936549186706543,0,0,0,0,0.0,0,0,0,0.0015971573302522302,-0.0016071515856310725,0,-9.994185347750317e-06,100.27569580078125,100.27664184570312,790.2006225585938,790.2013549804688,790.2013549804688,549.65771484375,0,0,23.70909881591797,0.0010999999940395355,0.02200000174343586,0.03299999609589577,0.04399999603629112,5655.8173828125,114276.53125,0.0429663360118866,0,3.1392715754918754e-05,416.0538024902344,0,0.0002616529818624258,2.8350639695418067e-05,0,0,23.700000762939453,0,0,1600,0,50,0,0,0,50,50,800,0.0,0.0,0.0,0.0
229,158.20640563964844,309.11419677734375,326.0872497558594,326.0447998046875,292.14068603515625,292.18310546875,16515.818359375,33031.63671875,69.04920196533203,69.04862976074219,1787.7989501953125,3575.95166015625,1793.6268310546875,3577.2021484375,284.5500793457031,61.995201110839844,4.792607342096744e-06,0,0,2574.64306640625,1291.9256591796875,0,23.708786010742188,2712.47412109375,12.314456939697266,11.83893871307373,907.5227661132812,1810.57958984375,55.67115020751953,50.030982971191406,100,0,0,346.3786926269531,0,7.924896240234375,20.29144287109375,20.33389663696289,0,1.034000039100647,0.9067617654800415,50,2.799999952316284,2.2936625480651855,0,0,0,0,0.0,0,0,0,0.00159297208301723,-0.0016052252613008022,0,-1.225323649123311e-05,100.27518463134766,100.27630615234375,790.1989135742188,790.1998291015625,790.1998291015625,549.656982421875,0,0,23.708786010742188,0.0010999999940395355,0.02200000174343586,0.03299999609589577,0.04399999603629112,5655.8173828125,114276.53125,0.0429663360118866,0,3.1392715754918754e-05,417.8746032714844,0,0.0002616529818624258,2.8350639695418067e-05,0,0,23.700000762939453,0,0,1600,0,50,0,0,0,50,50,800,0.0,0.0,0.0,0.0
230,158.20645141601562,309.11419677734375,326.0871276855469,326.0447998046875,292.140869140625,292.1831970214844,16515.818359375,33031.63671875,69.04928588867188,69.04869079589844,1787.6790771484375,3575.9501953125,1793.6278076171875,3577.200927734375,284.5501403808594,61.99528503417969,-3.6966919196856907e-06,0,0,2574.64306640625,1291.926513671875,0,23.70844841003418,2712.463623046875,12.314160346984863,11.838907241821289,907.5155639648438,1810.576904296875,55.667755126953125,50.030696868896484,100,0,0,346.3786926269531,0,7.924896240234375,20.29157829284668,20.33389663696289,0,1.034000039100647,0.9067617654800415,50,2.799999952316284,2.2936716079711914,0,0,0,0,0.0,0,0,0,0.00159297208301723,-0.0016029640100896358,0,-9.991915248974692e-06,100.27464294433594,100.27591705322266,790.1969604492188,790.197998046875,790.197998046875,549.6560668945312,0,0,23.70844841003418,0.0010999999940395355,0.02200000174343586,0.03299999609589577,0.04399999603629112,5655.8173828125,114276.53125,0.0429663360118866,0,3.1392715754918754e-05,419.6954040527344,0,0.0002616529818624258,2.8350639695418067e-05,0,0,23.700000762939453,0,0,1600,0,50,0,0,0,50,50,800,0.0,0.0,0.0,0.0
231,158.20648193359375,309.11419677734375,326.08697509765625,326.0447998046875,292.1410827636719,292.1832580566406,16515.818359375,33031.63671875,69.04935455322266,69.04875183105469,1787.5631103515625,3575.94775390625,1793.63232421875,3577.196533203125,284.5501708984375,61.995357513427734,-3.293279178251396e-06,0,0,2574.64306640625,1291.9273681640625,0,23.70949935913086,2712.452392578125,12.313858032226562,11.838875770568848,907.5074462890625,1810.571533203125,55.66435241699219,50.03038787841797,100,0,0,346.37872314453125,0,7.924896240234375,20.291748046875,20.33393096923828,0,1.034000039100647,0.9067617654800415,50,2.799999952316284,2.2936809062957764,0,0,0,0,0.0,0,0,0,0.00159297208301723,-0.0016005351208150387,0,-7.563061444670893e-06,100.27437591552734,100.27550506591797,790.1951293945312,790.1959838867188,790.1959838867188,549.6550903320312,0,0,23.70949935913086,0.0010999999940395355,0.02200000174343586,0.03299999609589577,0.04399999603629112,5655.8173828125,114276.53125,0.0429663360118866,0,3.1392715754918754e-05,421.5162048339844,0,0.0002616529818624258,2.8350639695418067e-05,0,0,23.700000762939453,0,0,1600,0,50,0,0,0,50,50,800,0.0,0.0,0.0,0.0
232,158.20651245117188,309.1142272949219,326.08685302734375,326.0447692871094,292.14129638671875,292.183349609375,16515.818359375,33031.63671875,69.04942321777344,69.0488052368164,1787.4501953125,3575.9462890625,1793.6337890625,3577.195068359375,284.5502014160156,61.99543380737305,-2.308858938704361e-06,0,0,2574.642822265625,1291.928466796875,0,23.709232330322266,2712.44287109375,12.313549041748047,11.838845252990723,907.4994506835938,1810.5662841796875,55.660823822021484,50.030094146728516,100,0,0,346.37872314453125,0,7.924896240234375,20.29188346862793,20.333965301513672,0,1.034000039100647,0.9067617654800415,50,2.799999952316284,2.293689012527466,0,0,0,0,0.0,0,0,0,0.001590879401192069,-0.0015984411584213376,0,-7.561850452475483e-06,100.27422332763672,100.27515411376953,790.1935424804688,790.1943359375,790.1943359375,549.6542358398438,0,0,23.709232330322266,0.0010999999940395355,0.02200000174343586,0.03299999609589577,0.04399999603629112,5655.8173828125,114276.53125,0.0429663360118866,0,3.1392715754918754e-05,423.3370056152344,0,0.0002616529818624258,2.8350639695418067e-05,0,0,23.700000762939453,0,0,1600,0,50,0,0,0,50,50,800,0.0,0.0,0.0,0.0
233,158.20654296875,309.1142578125,326.0867004394531,326.0447692871094,292.1414794921875,292.18341064453125,16515.818359375,33031.63671875,69.04949188232422,69.0488510131836,1787.3409423828125,3575.944580078125,1793.63720703125,3577.19189453125,284.55023193359375,61.995513916015625,-7.434307462972356e-07,0,0,2574.642822265625,1291.92919921875,0,23.708940505981445,2712.4345703125,12.313233375549316,11.838814735412598,907.494140625,1810.5684814453125,55.65723419189453,50.02978515625,100,0,0,346.3787536621094,0,7.924896240234375,20.29205322265625,20.33399772644043,0,1.034000039100647,0.9067617654800415,50,2.799999952316284,2.293696165084839,0,0,0,0,0.0,0,0,0,0.0015887866029515862,-0.0015966823557391763,0,-7.895706403360236e-06,100.27389526367188,100.27484130859375,790.192138671875,790.19287109375,790.19287109375,549.653564453125,0,0,23.708940505981445,0.0010999999940395355,0.02200000174343586,0.03299999609589577,0.04399999603629112,5655.8173828125,114276.53125,0.0429663360118866,0,3.1392715754918754e-05,425.1578063964844,0,0.0002616529818624258,2.8350639695418067e-05,0,0,23.700000762939453,0,0,1600,0,50,0,0,0,50,50,800,0.0,0.0,0.0,0.0
234,158.20657348632812,309.1142578125,326.0865783691406,326.0447692871094,292.1416931152344,292.1834716796875,16515.818359375,33031.63671875,69.04954528808594,69.04890441894531,1787.235107421875,3575.943115234375,1793.639404296875,3577.189453125,284.5502624511719,61.9955940246582,8.219973892664711e-07,0,0,2574.642578125,1291.9300537109375,0,23.705923080444336,2712.426025390625,12.312912940979004,11.838785171508789,907.4866333007812,1810.563232421875,55.65359115600586,50.02946472167969,100,0,0,346.3787536621094,0,7.924896240234375,20.29218864440918,20.33399772644043,0,1.034000039100647,0.9067617654800415,50,2.799999952316284,2.293703317642212,0,0,0,0,0.0,0,0,0,0.0015887866029515862,-0.0015948397340252995,0,-6.053142897144426e-06,100.2736587524414,100.27452850341797,790.1907348632812,790.19140625,790.19140625,549.65283203125,0,0,23.705923080444336,0.0010999999940395355,0.02200000174343586,0.03299999609589577,0.04399999603629112,5655.8173828125,114276.53125,0.0429663360118866,0,3.1392715754918754e-05,426.9786071777344,0,0.0002616529818624258,2.8350639695418067e-05,0,0,23.700000762939453,0,0,1600,0,50,0,0,0,50,50,800,0.0,0.0,0.0,0.0
235,158.2066192626953,309.11431884765625,326.08642578125,326.0447692871094,292.1418762207031,292.18353271484375,16515.818359375,33031.63671875,69.04961395263672,69.04895782470703,1787.1317138671875,3575.94384765625,1793.63916015625,3577.18994140625,284.5502624511719,61.99567413330078,2.3874256385170156e-06,0,0,2574.642578125,1291.93115234375,0,23.706974029541016,2712.41845703125,12.312585830688477,11.838753700256348,907.4801025390625,1810.5633544921875,55.6497917175293,50.0291633605957,100,0,0,346.3787841796875,0,7.924896240234375,20.2923583984375,20.33403205871582,0,1.034000039100647,0.9067617654800415,50,2.799999952316284,2.2937095165252686,0,0,0,0,0.0,0,0,0,0.0015846013557165861,-0.0015932484529912472,0,-8.647109098092187e-06,100.27342987060547,100.27425384521484,790.189453125,790.1901245117188,790.1901245117188,549.6521606445312,0,0,23.706974029541016,0.0010999999940395355,0.02200000174343586,0.03299999609589577,0.04399999603629112,5655.8173828125,114276.53125,0.0429663360118866,0,3.1392715754918754e-05,428.7994079589844,0,0.0002616529818624258,2.8350639695418067e-05,0,0,23.700000762939453,0,0,1600,0,50,0,0,0,50,50,800,0.0,0.0,0.0,0.0
236,158.20664978027344,309.1143493652344,326.0863037109375,326.0447692871094,292.1420593261719,292.18359375,16515.818359375,33031.63671875,69.04967498779297,69.04900360107422,1787.0322265625,3575.942138671875,1793.64013671875,3577.188720703125,284.55029296875,61.99576187133789,5.114869054523297e-06,0,0,2574.64208984375,1291.9320068359375,0,23.706684112548828,2712.410400390625,12.312254905700684,11.838724136352539,907.475341796875,1810.5655517578125,55.64602279663086,50.02885818481445,100,0,0,346.3787841796875,0,7.924896240234375,20.29249382019043,20.33403205871582,0,1.034000039100647,0.9067617654800415,50,2.799999952316284,2.2937164306640625,0,0,0,0,0.0,0,0,0,0.0015825085574761033,-0.0015915733529254794,0,-9.06480727280723e-06,100.2729721069336,100.27395629882812,790.18798828125,790.1887817382812,790.1887817382812,549.6515502929688,0,0,23.706684112548828,0.0010999999940395355,0.02200000174343586,0.03299999609589577,0.04399999603629112,5655.8173828125,114276.53125,0.0429663360118866,0,3.1392715754918754e-05,430.6202087402344,0,0.0002616529818624258,2.8350639695418067e-05,0,0,23.700000762939453,0,0,1600,0,50,0,0,0,50,50,800,0.0,0.0,0.0,0.0
237,158.20668029785156,309.1143493652344,326.0861511230469,326.0447692871094,292.1422424316406,292.1836853027344,16515.818359375,33031.63671875,69.04973602294922,69.04905700683594,1786.934814453125,3575.942138671875,1793.6441650390625,3577.1845703125,284.55035400390625,61.99584197998047,-3.9554379327455536e-06,0,0,2574.64208984375,1291.9326171875,0,23.706348419189453,2712.40185546875,12.311919212341309,11.838692665100098,907.4692993164062,1810.5604248046875,55.64216613769531,50.02854919433594,100,0,0,346.3788146972656,0,7.924896240234375,20.29266357421875,20.33406639099121,0,1.034000039100647,0.9067617654800415,50,2.799999952316284,2.2937235832214355,0,0,0,0,0.0,0,0,0,0.0015825085574761033,-0.001589647145010531,0,-7.1385529736289755e-06,100.27264404296875,100.27363586425781,790.1864013671875,790.1871948242188,790.1871948242188,549.6507568359375,0,0,23.706348419189453,0.0010999999940395355,0.02200000174343586,0.03299999609589577,0.04399999603629112,5655.8173828125,114276.53125,0.0429663360118866,0,3.1392715754918754e-05,432.4410095214844,0,0.0002616529818624258,2.8350639695418067e-05,0,0,23.700000762939453,0,0,1600,0,50,0,0,0,50,50,800,0.0,0.0,0.0,0.0
238,158.2067108154297,309.1143493652344,326.0860290527344,326.0447692871094,292.1423645019531,292.1837463378906,16515.818359375,33031.63671875,69.04979705810547,69.0490951538086,1786.84033203125,3575.942138671875,1793.6451416015625,3577.183837890625,284.5503845214844,61.99591827392578,-2.9710174658248434e-06,0,0,2574.64208984375,1291.9334716796875,0,23.707420349121094,2712.39306640625,12.311576843261719,11.838663101196289,907.462158203125,1810.5577392578125,55.638240814208984,50.02824783325195,100,0,0,346.3788146972656,0,7.924896240234375,20.29279899597168,20.33406639099121,0,1.034000039100647,0.9067617654800415,50,2.799999952316284,2.293731212615967,0,0,0,0,0.0,0,0,0,0.0015825085574761033,-0.0015877207042649388,0,-5.2121467888355255e-06,100.27249145507812,100.27330780029297,790.1849975585938,790.1856079101562,790.1856079101562,549.6500244140625,0,0,23.707420349121094,0.0010999999940395355,0.02200000174343586,0.03299999609589577,0.04399999603629112,5655.8173828125,114276.53125,0.0429663360118866,0,3.1392715754918754e-05,434.2618103027344,0,0.0002616529818624258,2.8350639695418067e-05,0,0,23.700000762939453,0,0,1600,0,50,0,0,0,50,50,800,0.0,0.0,0.0,0.0
239,158.2067413330078,309.1143798828125,326.0859069824219,326.0447692871094,292.1425476074219,292.1838073730469,16515.818359375,33031.63671875,69.04985046386719,69.04914093017578,1786.750244140625,3575.94189453125,1793.646484375,3577.18212890625,284.5504150390625,61.9959831237793,-3.729620402737055e-06,0,0,2574.64208984375,1291.934326171875,0,23.707130432128906,2712.38623046875,12.311229705810547,11.838632583618164,907.455322265625,1810.5550537109375,55.6342658996582,50.027923583984375,100,0,0,346.3788757324219,0,7.924896240234375,20.29296875,20.3341007232666,0,1.034000039100647,0.9067617654800415,50,2.799999952316284,2.2937369346618652,0,0,0,0,0.0,0,0,0,0.0015804158756509423,-0.0015862132422626019,0,-5.79737843509065e-06,100.27241516113281,100.27305603027344,790.1839599609375,790.1843872070312,790.1843872070312,549.6494140625,0,0,23.707130432128906,0.0010999999940395355,0.02200000174343586,0.03299999609589577,0.04399999603629112,5655.8173828125,114276.53125,0.0429663360118866,0,3.1392715754918754e-05,436.0826110839844,0,0.0002616529818624258,2.8350639695418067e-05,0,0,23.700000762939453,0,0,1600,0,50,0,0,0,50,50,800,0.0,0.0,0.0,0.0
240,158.206787109375,309.1144104003906,326.0858154296875,326.0447692871094,292.1426696777344,292.1838684082031,16515.818359375,33031.63671875,69.0499038696289,69.04917907714844,1786.662353515625,3575.943359375,1793.65087890625,3577.177978515625,284.5504455566406,61.99605941772461,-2.745199935816345e-06,0,0,2574.64208984375,1291.934814453125,0,23.705522537231445,2712.3798828125,12.310877799987793,11.838601112365723,907.4522094726562,1810.5550537109375,55.63019561767578,50.0275993347168,100,0,0,346.3788757324219,0,7.924896240234375,20.29303741455078,20.3341007232666,0,1.034000039100647,0.9067617654800415,50,2.799999952316284,2.2937421798706055,0,0,0,0,0.0,0,0,0,0.0015783233102411032,-0.0015849567716941237,0,-6.633531484112609e-06,100.27210998535156,100.2728271484375,790.182861328125,790.1834106445312,790.1834106445312,549.64892578125,0,0,23.705522537231445,0.0010999999940395355,0.02200000174343586,0.03299999609589577,0.04399999603629112,5655.8173828125,114276.53125,0.0429663360118866,0,3.1392715754918754e-05,437.9034118652344,0,0.0002616529818624258,2.8350639695418067e-05,0,0,23.700000762939453,0,0,1600,0,50,0,0,0,50,50,800,0.0,0.0,0.0,0.0
241,158.20681762695312,309.1144104003906,326.08575439453125,326.0447692871094,292.142822265625,292.1839599609375,16515.818359375,33031.63671875,69.04995727539062,69.04922485351562,1786.577392578125,3575.944091796875,1793.6527099609375,3577.17626953125,284.55047607421875,61.99614334106445,-5.987640747662226e-07,0,0,2574.641845703125,1291.935546875,0,23.703866958618164,2712.37353515625,12.310522079467773,11.838570594787598,907.4456787109375,1810.5523681640625,55.626121520996094,50.02726745605469,100,0,0,346.37890625,0,7.924896240234375,20.29313850402832,20.334135055541992,0,1.034000039100647,0.9067617654800415,50,2.799999952316284,2.293747663497925,0,0,0,0,0.0,0,0,0,0.0015783233102411032,-0.0015835330123081803,0,-5.209725259192055e-06,100.2718734741211,100.27259063720703,790.1817016601562,790.1822509765625,790.1822509765625,549.6483154296875,0,0,23.703866958618164,0.0010999999940395355,0.02200000174343586,0.03299999609589577,0.04399999603629112,5655.8173828125,114276.53125,0.0429663360118866,0,3.1392715754918754e-05,439.7242126464844,0,0.0002616529818624258,2.8350639695418067e-05,0,0,23.700000762939453,0,0,1600,0,50,0,0,0,50,50,800,0.0,0.0,0.0,0.0
242,158.20684814453125,309.114501953125,326.085693359375,326.0447692871094,292.1429443359375,292.1839904785156,16515.818359375,33031.63671875,69.05001068115234,69.04926300048828,1786.494873046875,3575.9453125,1793.653076171875,3577.17578125,284.5505065917969,61.9962158203125,-1.9535147544047504e-07,0,0,2574.641845703125,1291.936279296875,0,23.706281661987305,2712.3671875,12.310161590576172,11.838541030883789,907.4415283203125,1810.5523681640625,55.62193298339844,50.0269660949707,100,0,0,346.37890625,0,7.924896240234375,20.2932071685791,20.334135055541992,0,1.034000039100647,0.9067617654800415,50,2.799999952316284,2.293752908706665,0,0,0,0,0.0,0,0,0,0.0015741378301754594,-0.0015821930719539523,0,-8.055219041125383e-06,100.27165222167969,100.27235412597656,790.1806030273438,790.18115234375,790.18115234375,549.6478271484375,0,0,23.706281661987305,0.0010999999940395355,0.02200000174343586,0.03299999609589577,0.04399999603629112,5655.8173828125,114276.53125,0.0429663360118866,0,3.1392715754918754e-05,441.5450134277344,0,0.0002616529818624258,2.8350639695418067e-05,0,0,23.700000762939453,0,0,1600,0,50,0,0,0,50,50,800,0.0,0.0,0.0,0.0
243,158.20687866210938,309.114501953125,326.08563232421875,326.0447692871094,292.1430969238281,292.1840515136719,16515.818359375,33031.63671875,69.05006408691406,69.04930877685547,1786.4154052734375,3575.946533203125,1793.6549072265625,3577.17431640625,284.550537109375,61.99629211425781,7.890689062151068e-07,0,0,2574.6416015625,1291.9368896484375,0,23.704648971557617,2712.360595703125,12.309798240661621,11.838510513305664,907.4364013671875,1810.5523681640625,55.617740631103516,50.02665328979492,100,0,0,346.3789367675781,0,7.924896240234375,20.29330825805664,20.33416748046875,0,1.034000039100647,0.9067617654800415,50,2.799999952316284,2.2937586307525635,0,0,0,0,0.0,0,0,0,0.0015741378301754594,-0.001580769196152687,0,-6.631412816204829e-06,100.27129364013672,100.27210998535156,790.1793823242188,790.1799926757812,790.1799926757812,549.647216796875,0,0,23.704648971557617,0.0010999999940395355,0.02200000174343586,0.03299999609589577,0.04399999603629112,5655.8173828125,114276.53125,0.0429663360118866,0,3.1392715754918754e-05,443.3658142089844,0,0.0002616529818624258,2.8350639695418067e-05,0,0,23.700000762939453,0,0,1600,0,50,0,0,0,50,50,800,0.0,0.0,0.0,0.0
244,158.2069091796875,309.114501953125,326.0855407714844,326.0447692871094,292.1432189941406,292.1841125488281,16515.818359375,33031.63671875,69.05010986328125,69.04934692382812,1786.338623046875,3575.947509765625,1793.6573486328125,3577.17138671875,284.550537109375,61.99637222290039,2.3544971554656513e-06,0,0,2574.6416015625,1291.9373779296875,0,23.70435905456543,2712.353515625,12.309429168701172,11.838479995727539,907.4314575195312,1810.54736328125,55.613494873046875,50.026336669921875,100,0,0,346.3789367675781,0,7.924896240234375,20.293376922607422,20.33416748046875,0,1.034000039100647,0.9067617654800415,50,2.799999952316284,2.293764591217041,0,0,0,0,0.0,0,0,0,0.0015741378301754594,-0.0015792616177350283,0,-5.123764367453987e-06,100.27111053466797,100.2718505859375,790.1781616210938,790.1787719726562,790.1787719726562,549.6466064453125,0,0,23.70435905456543,0.0010999999940395355,0.02200000174343586,0.03299999609589577,0.04399999603629112,5655.8173828125,114276.53125,0.0429663360118866,0,3.1392715754918754e-05,445.1866149902344,0,0.0002616529818624258,2.8350639695418067e-05,0,0,23.700000762939453,0,0,1600,0,50,0,0,0,50,50,800,0.0,0.0,0.0,0.0
245,158.2069549560547,309.11456298828125,326.0854797363281,326.0447998046875,292.14337158203125,292.18414306640625,16515.818359375,33031.63671875,69.05015563964844,69.04938507080078,1786.264892578125,3575.949462890625,1793.6578369140625,3577.171142578125,284.5505676269531,61.9964485168457,3.338917395012686e-06,0,0,2574.641357421875,1291.9383544921875,0,23.704069137573242,2712.346923828125,12.309057235717773,11.838448524475098,907.4266357421875,1810.5498046875,55.60922622680664,50.025997161865234,100,0,0,346.37896728515625,0,7.924896240234375,20.29347801208496,20.33416748046875,0,1.034000039100647,0.9067617654800415,50,2.799999952316284,2.2937700748443604,0,0,0,0,0.0,0,0,0,0.0015699524665251374,-0.001577837741933763,0,-7.88526358519448e-06,100.27090454101562,100.2716064453125,790.1770629882812,790.1776123046875,790.1776123046875,549.6460571289062,0,0,23.704069137573242,0.0010999999940395355,0.02200000174343586,0.03299999609589577,0.04399999603629112,5655.8173828125,114276.53125,0.0429663360118866,0,3.1392715754918754e-05,447.0074157714844,0,0.0002616529818624258,2.8350639695418067e-05,0,0,23.700000762939453,0,0,1600,0,50,0,0,0,50,50,800,0.0,0.0,0.0,0.0
246,158.2069854736328,309.11456298828125,326.0854187011719,326.0447998046875,292.1434631347656,292.18414306640625,16515.818359375,33031.63671875,69.05020904541016,69.04942321777344,1786.1937255859375,3575.9501953125,1793.66064453125,3577.168212890625,284.55059814453125,61.99652099609375,3.7423301364469808e-06,0,0,2574.641357421875,1291.9388427734375,0,23.705141067504883,2712.340087890625,12.308680534362793,11.838419914245605,907.4231567382812,1810.5472412109375,55.60487365722656,50.025699615478516,100,0,0,346.37896728515625,0,7.924896240234375,20.293546676635742,20.33416748046875,0,1.034000039100647,0.9067617654800415,50,2.799999952316284,2.293775796890259,0,0,0,0,0.0,0,0,0,0.0015699524665251374,-0.0015764139825478196,0,-6.4614578150212765e-06,100.27056121826172,100.27135467529297,790.1758422851562,790.1764526367188,790.1764526367188,549.6455078125,0,0,23.705141067504883,0.0010999999940395355,0.02200000174343586,0.03299999609589577,0.04399999603629112,5655.8173828125,114276.53125,0.0429663360118866,0,3.1392715754918754e-05,448.8282165527344,0,0.0002616529818624258,2.8350639695418067e-05,0,0,23.700000762939453,0,0,1600,0,50,0,0,0,50,50,800,0.0,0.0,0.0,0.0
247,158.20701599121094,309.11456298828125,326.0853576660156,326.0447998046875,292.1435546875,292.18414306640625,16515.818359375,33031.63671875,69.05025482177734,69.0494613647461,1786.1253662109375,3575.95263671875,1793.661865234375,3577.166748046875,284.5506286621094,61.99658966064453,3.5647349250211846e-06,0,0,2574.64111328125,1291.939208984375,0,23.704872131347656,2712.333251953125,12.308300018310547,11.838388442993164,907.4185791015625,1810.5447998046875,55.600494384765625,50.025367736816406,100,0,0,346.3789978027344,0,7.924896240234375,20.29364776611328,20.33420181274414,0,1.034000039100647,0.9067617654800415,50,2.799999952316284,2.2937815189361572,0,0,0,0,0.0,0,0,0,0.0015699524665251374,-0.0015749065205454826,0,-4.953960797138279e-06,100.2703628540039,100.27110290527344,790.1746215820312,790.1752319335938,790.1752319335938,549.6448974609375,0,0,23.704872131347656,0.0010999999940395355,0.02200000174343586,0.03299999609589577,0.04399999603629112,5655.8173828125,114276.53125,0.0429663360118866,0,3.1392715754918754e-05,450.6490173339844,0,0.0002616529818624258,2.8350639695418067e-05,0,0,23.700000762939453,0,0,1600,0,50,0,0,0,50,50,800,0.0,0.0,0.0,0.0
248,158.20704650878906,309.11456298828125,326.0852966308594,326.0447998046875,292.1436767578125,292.18414306640625,16515.818359375,33031.63671875,69.05029296875,69.04949188232422,1786.05908203125,3575.955322265625,1793.6614990234375,3577.16748046875,284.5506591796875,61.99666213989258,3.9681472117081285e-06,0,0,2574.64111328125,1291.93994140625,0,23.704605102539062,2712.32666015625,12.307916641235352,11.838357925415039,907.4127197265625,1810.54248046875,55.59602737426758,50.02507019042969,100,0,0,346.3789978027344,0,7.924896240234375,20.29371452331543,20.33420181274414,0,1.034000039100647,0.9067617654800415,50,2.799999952316284,2.2937872409820557,0,0,0,0,0.0,0,0,0,0.0015699524665251374,-0.0015734825283288956,0,-3.530003596097231e-06,100.2702865600586,100.27085876464844,790.1736450195312,790.1741333007812,790.1741333007812,549.644287109375,0,0,23.704605102539062,0.0010999999940395355,0.02200000174343586,0.03299999609589577,0.04399999603629112,5655.8173828125,114276.53125,0.0429663360118866,0,3.1392715754918754e-05,452.4698181152344,0,0.0002616529818624258,2.8350639695418067e-05,0,0,23.700000762939453,0,0,1600,0,50,0,0,0,50,50,800,0.0,0.0,0.0,0.0
249,158.2070770263672,309.11456298828125,326.085205078125,326.0447998046875,292.14373779296875,292.18414306640625,16515.818359375,33031.63671875,69.05033111572266,69.04952239990234,1785.9962158203125,3575.958251953125,1793.6630859375,3577.166015625,284.5506896972656,61.996734619140625,4.371559953142423e-06,0,0,2574.64111328125,1291.9404296875,0,23.705699920654297,2712.32177734375,12.30752944946289,11.83832836151123,907.4083251953125,1810.5399169921875,55.5915412902832,50.02474594116211,100,0,0,346.3790283203125,0,7.924896240234375,20.2938175201416,20.33423614501953,0,1.034000039100647,0.9067617654800415,50,2.799999952316284,2.2937912940979004,0,0,0,0,0.0,0,0,0,0.0015699524665251374,-0.00157239381223917,0,-2.4412643142568413e-06,100.27024841308594,100.27067565917969,790.1729125976562,790.1732177734375,790.1732177734375,549.6439208984375,0,0,23.705699920654297,0.0010999999940395355,0.02200000174343586,0.03299999609589577,0.04399999603629112,5655.8173828125,114276.53125,0.0429663360118866,0,3.1392715754918754e-05,454.2906188964844,0,0.0002616529818624258,2.8350639695418067e-05,0,0,23.700000762939453,0,0,1600,0,50,0,0,0,50,50,800,0.0,0.0,0.0,0.0
250,158.20712280273438,309.1145935058594,326.08514404296875,326.0447998046875,292.1438293457031,292.1841735839844,16515.818359375,33031.63671875,69.05036163330078,69.04954528808594,1785.936279296875,3575.962158203125,1793.6630859375,3577.166015625,284.55072021484375,61.99679946899414,3.6129570162302116e-06,0,0,2574.64111328125,1291.9410400390625,0,23.70543098449707,2712.318359375,12.307138442993164,11.838296890258789,907.4041748046875,1810.5400390625,55.586997985839844,50.024391174316406,100,0,0,346.3790283203125,0,7.924896240234375,20.29388427734375,20.33423614501953,0,1.034000039100647,0.9067617654800415,50,2.799999952316284,2.2937941551208496,0,0,0,0,0.0,0,0,0,0.0015678597846999764,-0.0015716399066150188,0,-3.7801685266458662e-06,100.27024841308594,100.27055358886719,790.17236328125,790.172607421875,790.172607421875,549.6435546875,0,0,23.70543098449707,0.0010999999940395355,0.02200000174343586,0.03299999609589577,0.04399999603629112,5655.8173828125,114276.53125,0.0429663360118866,0,3.1392715754918754e-05,456.1114196777344,0,0.0002616529818624258,2.8350639695418067e-05,0,0,23.700000762939453,0,0,1600,0,50,0,0,0,50,50,800,0.0,0.0,0.0,0.0
251,158.2071533203125,309.1146240234375,326.0850830078125,326.0447998046875,292.1439208984375,292.1841735839844,16515.818359375,33031.63671875,69.05039978027344,69.04957580566406,1785.8790283203125,3575.9658203125,1793.6676025390625,3577.16162109375,284.5507507324219,61.99687194824219,4.016369985038182e-06,0,0,2574.64111328125,1291.94140625,0,23.70382308959961,2712.31494140625,12.306744575500488,11.838266372680664,907.402587890625,1810.5426025390625,55.582420349121094,50.02405548095703,100,0,0,346.3790588378906,0,7.924896240234375,20.293987274169922,20.334270477294922,0,1.034000039100647,0.9067617654800415,50,2.799999952316284,2.293797254562378,0,0,0,0,0.0,0,0,0,0.0015657671028748155,-0.0015709699364379048,0,-5.202914962865179e-06,100.26997375488281,100.27042388916016,790.1717529296875,790.1720581054688,790.1720581054688,549.6433715820312,0,0,23.70382308959961,0.0010999999940395355,0.02200000174343586,0.03299999609589577,0.04399999603629112,5655.8173828125,114276.53125,0.0429663360118866,0,3.1392715754918754e-05,457.9322204589844,0,0.0002616529818624258,2.8350639695418067e-05,0,0,23.700000762939453,0,0,1600,0,50,0,0,0,50,50,800,0.0,0.0,0.0,0.0
252,158.20718383789062,309.1146240234375,326.08502197265625,326.0447998046875,292.1440124511719,292.1841735839844,16515.818359375,33031.63671875,69.0504379272461,69.04960632324219,1785.8238525390625,3575.96923828125,1793.6671142578125,3577.161865234375,284.55078125,61.996944427490234,4.419782271725126e-06,0,0,2574.640869140625,1291.9417724609375,0,23.702190399169922,2712.310791015625,12.306347846984863,11.838235855102539,907.3987426757812,1810.540283203125,55.57782745361328,50.023719787597656,100,0,0,346.3790588378906,0,7.924896240234375,20.29405403137207,20.334270477294922,0,1.034000039100647,0.9067617654800415,50,2.799999952316284,2.2938005924224854,0,0,0,0,0.0,0,0,0,0.0015657671028748155,-0.0015700486255809665,0,-4.281557721697027e-06,100.26974487304688,100.27027130126953,790.1708984375,790.1713256835938,790.1713256835938,549.6429443359375,0,0,23.702190399169922,0.0010999999940395355,0.02200000174343586,0.03299999609589577,0.04399999603629112,5655.8173828125,114276.53125,0.0429663360118866,0,3.1392715754918754e-05,459.7530212402344,0,0.0002616529818624258,2.8350639695418067e-05,0,0,23.700000762939453,0,0,1600,0,50,0,0,0,50,50,800,0.0,0.0,0.0,0.0
253,158.20721435546875,309.1146240234375,326.0849304199219,326.0447998046875,292.1440734863281,292.1841735839844,16515.818359375,33031.63671875,69.05047607421875,69.04963684082031,1785.7708740234375,3575.972412109375,1793.666259765625,3577.162353515625,284.5508117675781,61.997013092041016,4.2421870602993295e-06,0,0,2574.640869140625,1291.9422607421875,0,23.703285217285156,2712.30615234375,12.305949211120605,11.838207244873047,907.3948974609375,1810.537841796875,55.573184967041016,50.023406982421875,100,0,0,346.37908935546875,0,7.924896240234375,20.294157028198242,20.33430290222168,0,1.034000039100647,0.9067617654800415,50,2.799999952316284,2.29380464553833,0,0,0,0,0.0,0,0,0,0.0015657671028748155,-0.0015690436121076345,0,-3.2765092328190804e-06,100.26962280273438,100.27009582519531,790.170166015625,790.1705322265625,790.1705322265625,549.642578125,0,0,23.703285217285156,0.0010999999940395355,0.02200000174343586,0.03299999609589577,0.04399999603629112,5655.8173828125,114276.53125,0.0429663360118866,0,3.1392715754918754e-05,461.5738220214844,0,0.0002616529818624258,2.8350639695418067e-05,0,0,23.700000762939453,0,0,1600,0,50,0,0,0,50,50,800,0.0,0.0,0.0,0.0
254,158.20724487304688,309.1146545410156,326.0848693847656,326.0447998046875,292.1441955566406,292.18426513671875,16515.818359375,33031.63671875,69.05050659179688,69.0496597290039,1785.720458984375,3575.97607421875,1793.66845703125,3577.160400390625,284.55084228515625,61.99708557128906,4.645599801733624e-06,0,0,2574.640625,1291.9427490234375,0,23.703018188476562,2712.30224609375,12.305546760559082,11.838177680969238,907.3922729492188,1810.537841796875,55.56848907470703,50.023101806640625,100,0,0,346.37908935546875,0,7.924896240234375,20.29422378540039,20.33430290222168,0,1.034000039100647,0.9067617654800415,50,2.799999952316284,2.2938079833984375,0,0,0,0,0.0,0,0,0,0.0015636743046343327,-0.0015682060038670897,0,-4.531722424871987e-06,100.26947021484375,100.26995086669922,790.16943359375,790.1698608398438,790.1698608398438,549.6422729492188,0,0,23.703018188476562,0.0010999999940395355,0.02200000174343586,0.03299999609589577,0.04399999603629112,5655.8173828125,114276.53125,0.0429663360118866,0,3.1392715754918754e-05,463.3946228027344,0,0.0002616529818624258,2.8350639695418067e-05,0,0,23.700000762939453,0,0,1600,0,50,0,0,0,50,50,800,0.0,0.0,0.0,0.0
255,158.20729064941406,309.1146545410156,326.0848083496094,326.0447998046875,292.14434814453125,292.184326171875,16515.818359375,33031.63671875,69.05054473876953,69.04969024658203,1785.6728515625,3575.979248046875,1793.66943359375,3577.159423828125,284.55084228515625,61.99715042114258,3.886996637447737e-06,0,0,2574.640625,1291.9432373046875,0,23.70275115966797,2712.297607421875,12.30514144897461,11.838149070739746,907.3887329101562,1810.5379638671875,55.56378936767578,50.02277755737305,100,0,0,346.3791198730469,0,7.924896240234375,20.29432487487793,20.33433723449707,0,1.034000039100647,0.9067617654800415,50,2.799999952316284,2.293811798095703,0,0,0,0,0.0,0,0,0,0.0015636743046343327,-0.0015672009903937578,0,-3.5266741633677157e-06,100.2693099975586,100.26978302001953,790.168701171875,790.1690063476562,790.1690063476562,549.641845703125,0,0,23.70275115966797,0.0010999999940395355,0.02200000174343586,0.03299999609589577,0.04399999603629112,5655.8173828125,114276.53125,0.0429663360118866,0,3.1392715754918754e-05,465.2154235839844,0,0.0002616529818624258,2.8350639695418067e-05,0,0,23.700000762939453,0,0,1600,0,50,0,0,0,50,50,800,0.0,0.0,0.0,0.0
256,158.2073211669922,309.1146545410156,326.0847473144531,326.0447998046875,292.1444396972656,292.18438720703125,16515.818359375,33031.63671875,69.05056762695312,69.04971313476562,1785.6273193359375,3575.98291015625,1793.6722412109375,3577.15673828125,284.5508728027344,61.997230529785156,5.452424829854863e-06,0,0,2574.64013671875,1291.943603515625,0,23.702505111694336,2712.293701171875,12.30473518371582,11.838119506835938,907.3853149414062,1810.53564453125,55.559085845947266,50.02245330810547,100,0,0,346.3791198730469,0,7.924896240234375,20.29439353942871,20.33433723449707,0,1.034000039100647,0.9067617654800415,50,2.799999952316284,2.2938151359558105,0,0,0,0,0.0,0,0,0,0.0015636743046343327,-0.0015663634985685349,0,-2.6891591460298514e-06,100.26923370361328,100.26963806152344,790.1680297851562,790.1683349609375,790.1683349609375,549.6414794921875,0,0,23.702505111694336,0.0010999999940395355,0.02200000174343586,0.03299999609589577,0.04399999603629112,5655.8173828125,114276.53125,0.0429663360118866,0,3.1392715754918754e-05,467.0362243652344,0,0.0002616529818624258,2.8350639695418067e-05,0,0,23.700000762939453,0,0,1600,0,50,0,0,0,50,50,800,0.0,0.0,0.0,0.0
257,158.2073516845703,309.11468505859375,326.0846862792969,326.0447998046875,292.1445007324219,292.1844177246094,16515.818359375,33031.63671875,69.05059814453125,69.04972839355469,1785.584716796875,3575.988525390625,1793.6719970703125,3577.1572265625,284.5509033203125,61.99729537963867,4.693821665568976e-06,0,0,2574.64013671875,1291.944091796875,0,23.703577041625977,2712.29052734375,12.304325103759766,11.838089942932129,907.3818969726562,1810.5333251953125,55.55429458618164,50.02212142944336,100,0,0,346.3791809082031,0,7.924896240234375,20.29449462890625,20.33437156677246,0,1.034000039100647,0.9067617654800415,50,2.799999952316284,2.2938179969787598,0,0,0,0,0.0,0,0,0,0.0015615816228091717,-0.0015656097093597054,0,-4.028063358418876e-06,100.26920318603516,100.26951599121094,790.16748046875,790.167724609375,790.167724609375,549.6411743164062,0,0,23.703577041625977,0.0010999999940395355,0.02200000174343586,0.03299999609589577,0.04399999603629112,5655.8173828125,114276.53125,0.0429663360118866,0,3.1392715754918754e-05,468.8570251464844,0,0.0002616529818624258,2.8350639695418067e-05,0,0,23.700000762939453,0,0,1600,0,50,0,0,0,50,50,800,0.0,0.0,0.0,0.0
258,158.20738220214844,309.1147155761719,326.0846862792969,326.04486083984375,292.14453125,292.1844177246094,16515.818359375,33031.63671875,69.05062866210938,69.04975128173828,1785.544189453125,3575.9931640625,1793.6719970703125,3577.1572265625,284.55096435546875,61.997371673583984,-4.9574928198126145e-06,0,0,2574.639892578125,1291.9442138671875,0,23.701967239379883,2712.286865234375,12.303913116455078,11.838059425354004,907.3823852539062,1810.53857421875,55.549503326416016,50.02178955078125,100,0,0,346.3791809082031,0,7.924896240234375,20.29449462890625,20.33430290222168,0,1.034000039100647,0.9067617654800415,50,2.799999952316284,2.293820858001709,0,0,0,0,0.0,0,0,0,0.0015594890573993325,-0.0015649397391825914,0,-5.45065859114402e-06,100.2689208984375,100.2693862915039,790.1668701171875,790.1671752929688,790.1671752929688,549.6409301757812,0,0,23.701967239379883,0.0010999999940395355,0.02200000174343586,0.03299999609589577,0.04399999603629112,5655.8173828125,114276.53125,0.0429663360118866,0,3.1392715754918754e-05,470.6778259277344,0,0.0002616529818624258,2.8350639695418067e-05,0,0,23.700000762939453,0,0,1600,0,50,0,0,0,50,50,800,0.0,0.0,0.0,0.0
259,158.20742797851562,309.1147155761719,326.0846862792969,326.044921875,292.1446228027344,292.1844177246094,16515.818359375,33031.63671875,69.05065155029297,69.0497817993164,1785.505615234375,3575.997314453125,1793.6748046875,3577.154296875,284.5509948730469,61.99744415283203,-4.55408007837832e-06,0,0,2574.639892578125,1291.9444580078125,0,23.701677322387695,2712.282470703125,12.303499221801758,11.838029861450195,907.3792114257812,1810.5362548828125,55.544681549072266,50.021480560302734,100,0,0,346.37921142578125,0,7.924896240234375,20.29452896118164,20.334270477294922,0,1.034000039100647,0.9067617654800415,50,2.799999952316284,2.2938246726989746,0,0,0,0,0.0,0,0,0,0.0015594890573993325,-0.001564018428325653,0,-4.5294523260963615e-06,100.2686996459961,100.26922607421875,790.166015625,790.1664428710938,790.1664428710938,549.6405639648438,0,0,23.701677322387695,0.0010999999940395355,0.02200000174343586,0.03299999609589577,0.04399999603629112,5655.8173828125,114276.53125,0.0429663360118866,0,3.1392715754918754e-05,472.4986267089844,0,0.0002616529818624258,2.8350639695418067e-05,0,0,23.700000762939453,0,0,1600,0,50,0,0,0,50,50,800,0.0,0.0,0.0,0.0
260,158.20745849609375,309.1147155761719,326.0846862792969,326.0450134277344,292.1446838378906,292.1844177246094,16515.818359375,33031.63671875,69.0506820678711,69.0498046875,1785.468505859375,3576.003173828125,1793.6748046875,3577.154052734375,284.551025390625,61.99750900268555,-5.312683242664207e-06,0,0,2574.639892578125,1291.9449462890625,0,23.70277214050293,2712.278076171875,12.303084373474121,11.838000297546387,907.3760375976562,1810.5340576171875,55.539833068847656,50.02116394042969,100,0,0,346.37921142578125,0,7.924896240234375,20.29452896118164,20.33420181274414,0,1.034000039100647,0.9067617654800415,50,2.799999952316284,2.2938284873962402,0,0,0,0,0.0,0,0,0,0.0015594890573993325,-0.0015630134148523211,0,-3.5244040645920904e-06,100.26856231689453,100.26905822753906,790.1652221679688,790.1656494140625,790.1656494140625,549.6401977539062,0,0,23.70277214050293,0.0010999999940395355,0.02200000174343586,0.03299999609589577,0.04399999603629112,5655.8173828125,114276.53125,0.0429663360118866,0,3.1392715754918754e-05,474.3194274902344,0,0.0002616529818624258,2.8350639695418067e-05,0,0,23.700000762939453,0,0,1600,0,50,0,0,0,50,50,800,0.0,0.0,0.0,0.0
261,158.20748901367188,309.1147155761719,326.0846862792969,326.0450134277344,292.14471435546875,292.1844177246094,16515.818359375,33031.63671875,69.05071258544922,69.0498275756836,1785.4344482421875,3576.008056640625,1793.6756591796875,3577.153564453125,284.551025390625,61.99757385253906,4.564449227473233e-06,0,0,2574.639892578125,1291.9451904296875,0,23.701162338256836,2712.27392578125,12.302666664123535,11.837970733642578,907.3731689453125,1810.5316162109375,55.53498840332031,50.020843505859375,100,0,0,346.3792419433594,0,7.924896240234375,20.29456329345703,20.33423614501953,0,1.034000039100647,0.9067617654800415,50,2.799999952316284,2.2938318252563477,0,0,0,0,0.0,0,0,0,0.0015594890573993325,-0.0015620921039953828,0,-2.6030465960502625e-06,100.26850128173828,100.26890563964844,790.16455078125,790.1648559570312,790.1648559570312,549.6398315429688,0,0,23.701162338256836,0.0010999999940395355,0.02200000174343586,0.03299999609589577,0.04399999603629112,5655.8173828125,114276.53125,0.0429663360118866,0,3.1392715754918754e-05,476.1402282714844,0,0.0002616529818624258,2.8350639695418067e-05,0,0,23.700000762939453,0,0,1600,0,50,0,0,0,50,50,800,0.0,0.0,0.0,0.0
262,158.20751953125,309.1147155761719,326.0846862792969,326.0450134277344,292.144775390625,292.1844177246094,16515.818359375,33031.63671875,69.05073547363281,69.04984283447266,1785.4031982421875,3576.011962890625,1793.6776123046875,3577.151611328125,284.5510559082031,61.99763870239258,3.805846063187346e-06,0,0,2574.639892578125,1291.9454345703125,0,23.702280044555664,2712.2705078125,12.302247047424316,11.837943077087402,907.3704833984375,1810.53173828125,55.53012466430664,50.0205192565918,100,0,0,346.3792419433594,0,7.924896240234375,20.29456329345703,20.33423614501953,0,1.034000039100647,0.9067617654800415,50,2.799999952316284,2.293834924697876,0,0,0,0,0.0,0,0,0,0.0015594890573993325,-0.0015613381983712316,0,-1.849222485361679e-06,100.26847839355469,100.2687759399414,790.1640625,790.1642456054688,790.1642456054688,549.6395263671875,0,0,23.702280044555664,0.0010999999940395355,0.02200000174343586,0.03299999609589577,0.04399999603629112,5655.8173828125,114276.53125,0.0429663360118866,0,3.1392715754918754e-05,477.9610290527344,0,0.0002616529818624258,2.8350639695418067e-05,0,0,23.700000762939453,0,0,1600,0,50,0,0,0,50,50,800,0.0,0.0,0.0,0.0
263,158.20755004882812,309.1147155761719,326.0846862792969,326.0450134277344,292.144775390625,292.1844177246094,16515.818359375,33031.63671875,69.0507583618164,69.04985809326172,1785.3740234375,3576.018310546875,1793.6798095703125,3577.149169921875,284.55108642578125,61.997711181640625,4.209258804621641e-06,0,0,2574.6396484375,1291.945556640625,0,23.699308395385742,2712.26806640625,12.301825523376465,11.83791446685791,907.3689575195312,1810.5294189453125,55.525177001953125,50.020198822021484,100,0,0,346.3792724609375,0,7.924896240234375,20.294597625732422,20.334270477294922,0,1.034000039100647,0.9067617654800415,50,2.799999952316284,2.293836832046509,0,0,0,0,0.0,0,0,0,0.0015594890573993325,-0.0015608357498422265,0,-1.3467739563566283e-06,100.2684555053711,100.26869201660156,790.1636352539062,790.1638793945312,790.1638793945312,549.6392822265625,0,0,23.699308395385742,0.0010999999940395355,0.02200000174343586,0.03299999609589577,0.04399999603629112,5655.8173828125,114276.53125,0.0429663360118866,0,3.1392715754918754e-05,479.7818298339844,0,0.0002616529818624258,2.8350639695418067e-05,0,0,23.700000762939453,0,0,1600,0,50,0,0,0,50,50,800,0.0,0.0,0.0,0.0
264,158.2075958251953,309.1147155761719,326.0845947265625,326.0450134277344,292.14483642578125,292.1844177246094,16515.818359375,33031.63671875,69.05077362060547,69.04987335205078,1785.3468017578125,3576.02392578125,1793.67626953125,3577.15283203125,284.5511169433594,61.997772216796875,2.869647914849338e-06,0,0,2574.6396484375,1291.9459228515625,0,23.701766967773438,2712.266357421875,12.301403045654297,11.837885856628418,907.3663940429688,1810.5296630859375,55.52024841308594,50.01988220214844,100,0,0,346.3792724609375,0,7.924896240234375,20.29466438293457,20.334270477294922,0,1.034000039100647,0.9067617654800415,50,2.799999952316284,2.2938382625579834,0,0,0,0,0.0,0,0,0,0.0015594890573993325,-0.001560417003929615,0,-9.280163908442773e-07,100.2684555053711,100.26862335205078,790.1633911132812,790.1635131835938,790.1635131835938,549.6390991210938,0,0,23.701766967773438,0.0010999999940395355,0.02200000174343586,0.03299999609589577,0.04399999603629112,5655.8173828125,114276.53125,0.0429663360118866,0,3.1392715754918754e-05,481.6026306152344,0,0.0002616529818624258,2.8350639695418067e-05,0,0,23.700000762939453,0,0,1600,0,50,0,0,0,50,50,800,0.0,0.0,0.0,0.0
265,158.20762634277344,309.1147155761719,326.0845642089844,326.0450134277344,292.1448974609375,292.1844177246094,16515.818359375,33031.63671875,69.05079650878906,69.04989624023438,1785.32177734375,3576.02978515625,1793.6768798828125,3577.15185546875,284.5511474609375,61.997840881347656,2.692052703423542e-06,0,0,2574.639404296875,1291.946044921875,0,23.700180053710938,2712.2646484375,12.30097770690918,11.837858200073242,907.3649291992188,1810.5301513671875,55.51523971557617,50.01958084106445,100,0,0,346.3793029785156,0,7.924896240234375,20.29473304748535,20.33430290222168,0,1.034000039100647,0.9067617654800415,50,2.799999952316284,2.293839693069458,0,0,0,0,0.0,0,0,0,0.0015594890573993325,-0.001560081960633397,0,-5.92949788824626e-07,100.2684555053711,100.26856231689453,790.1632080078125,790.1632690429688,790.1632690429688,549.6389770507812,0,0,23.700180053710938,0.0010999999940395355,0.02200000174343586,0.03299999609589577,0.04399999603629112,5655.8173828125,114276.53125,0.0429663360118866,0,3.1392715754918754e-05,483.4234313964844,0,0.0002616529818624258,2.8350639695418067e-05,0,0,23.700000762939453,0,0,1600,0,50,0,0,0,50,50,800,0.0,0.0,0.0,0.0
266,158.20765686035156,309.11474609375,326.0845031738281,326.0449523925781,292.1449890136719,292.1844482421875,16515.818359375,33031.63671875,69.05081176757812,69.0499038696289,1785.2989501953125,3576.035888671875,1793.677978515625,3577.15087890625,284.5511474609375,61.99790954589844,2.514457491997746e-06,0,0,2574.639404296875,1291.9466552734375,0,23.701274871826172,2712.263916015625,12.300553321838379,11.837830543518066,907.362548828125,1810.52783203125,55.51027297973633,50.01925277709961,100,0,0,346.3793029785156,0,7.924896240234375,20.2947998046875,20.33433723449707,0,1.034000039100647,0.9067617654800415,50,2.799999952316284,2.293840169906616,0,0,0,0,0.0,0,0,0,0.0015573962591588497,-0.0015599144389852881,0,-2.518145038266084e-06,100.26848602294922,100.26853942871094,790.1630249023438,790.1631469726562,790.1631469726562,549.638916015625,0,0,23.701274871826172,0.0010999999940395355,0.02200000174343586,0.03299999609589577,0.04399999603629112,5655.8173828125,114276.53125,0.0429663360118866,0,3.1392715754918754e-05,485.2442321777344,0,0.0002616529818624258,2.8350639695418067e-05,0,0,23.700000762939453,0,0,1600,0,50,0,0,0,50,50,800,0.0,0.0,0.0,0.0
267,158.2076873779297,309.11480712890625,326.0844421386719,326.0449523925781,292.1450500488281,292.1844482421875,16515.818359375,33031.63671875,69.05083465576172,69.04991912841797,1785.2784423828125,3576.041748046875,1793.6795654296875,3577.149658203125,284.5511779785156,61.99797821044922,2.3368622805719497e-06,0,0,2574.63916015625,1291.9466552734375,0,23.70102882385254,2712.262451171875,12.300126075744629,11.837800979614258,907.3641967773438,1810.532958984375,55.50532150268555,50.018898010253906,100,0,0,346.37933349609375,0,7.924896240234375,20.294902801513672,20.33437156677246,0,1.034000039100647,0.9067617654800415,50,2.799999952316284,2.293841600418091,0,0,0,0,0.0,0,0,0,0.0015553035773336887,-0.0015596632147207856,0,-4.359649210528005e-06,100.26821899414062,100.26847839355469,790.1627197265625,790.1629028320312,790.1629028320312,549.6388549804688,0,0,23.70102882385254,0.0010999999940395355,0.02200000174343586,0.03299999609589577,0.04399999603629112,5655.8173828125,114276.53125,0.0429663360118866,0,3.1392715754918754e-05,487.0650329589844,0,0.0002616529818624258,2.8350639695418067e-05,0,0,23.700000762939453,0,0,1600,0,50,0,0,0,50,50,800,0.0,0.0,0.0,0.0
268,158.2077178955078,309.11480712890625,326.08441162109375,326.0449523925781,292.1451110839844,292.1844482421875,16515.818359375,33031.63671875,69.05084991455078,69.04993438720703,1785.2593994140625,3576.0478515625,1793.6807861328125,3577.14794921875,284.55120849609375,61.998046875,2.1592670691461535e-06,0,0,2574.63916015625,1291.9468994140625,0,23.69939613342285,2712.259765625,12.299698829650879,11.837773323059082,907.3619995117188,1810.5308837890625,55.50032043457031,50.01859664916992,100,0,0,346.37933349609375,0,7.924896240234375,20.29493522644043,20.33437156677246,0,1.034000039100647,0.9067617654800415,50,2.799999952316284,2.293843984603882,0,0,0,0,0.0,0,0,0,0.0015553035773336887,-0.0015590769471600652,0,-3.7733582303189905e-06,100.26800537109375,100.26837921142578,790.1621704101562,790.1624145507812,790.1624145507812,549.6386108398438,0,0,23.69939613342285,0.0010999999940395355,0.02200000174343586,0.03299999609589577,0.04399999603629112,5655.8173828125,114276.53125,0.0429663360118866,0,3.1392715754918754e-05,488.8858337402344,0,0.0002616529818624258,2.8350639695418067e-05,0,0,23.700000762939453,0,0,1600,0,50,0,0,0,50,50,800,0.0,0.0,0.0,0.0
269,158.207763671875,309.11480712890625,326.08441162109375,326.0449523925781,292.14520263671875,292.1844482421875,16515.818359375,33031.63671875,69.05086517333984,69.0499496459961,1785.24169921875,3576.0537109375,1793.6795654296875,3577.149658203125,284.5512390136719,61.998111724853516,1.4006642459207796e-06,0,0,2574.63916015625,1291.9468994140625,0,23.70051383972168,2712.25634765625,12.299270629882812,11.837745666503906,907.3610229492188,1810.531005859375,55.49532699584961,50.018287658691406,100,0,0,346.3793640136719,0,7.924896240234375,20.29496955871582,20.33440589904785,0,1.034000039100647,0.9067617654800415,50,2.799999952316284,2.293846845626831,0,0,0,0,0.0,0,0,0,0.0015553035773336887,-0.0015583231579512358,0,-3.0195340059435694e-06,100.26789093017578,100.26825714111328,790.1615600585938,790.1618041992188,790.1618041992188,549.6383056640625,0,0,23.70051383972168,0.0010999999940395355,0.02200000174343586,0.03299999609589577,0.04399999603629112,5655.8173828125,114276.53125,0.0429663360118866,0,3.1392715754918754e-05,490.7066345214844,0,0.0002616529818624258,2.8350639695418067e-05,0,0,23.700000762939453,0,0,1600,0,50,0,0,0,50,50,800,0.0,0.0,0.0,0.0
270,158.20779418945312,309.11480712890625,326.0843200683594,326.0449523925781,292.145263671875,292.1844482421875,16515.818359375,33031.63671875,69.0508804321289,69.04996490478516,1785.2261962890625,3576.060546875,1793.677978515625,3577.15087890625,284.55126953125,61.99817657470703,6.420612521651492e-07,0,0,2574.638916015625,1291.9471435546875,0,23.69890594482422,2712.253173828125,12.298840522766113,11.837717056274414,907.35888671875,1810.5289306640625,55.490264892578125,50.018001556396484,100,0,0,346.3793640136719,0,7.924896240234375,20.2950382232666,20.33440589904785,0,1.034000039100647,0.9067617654800415,50,2.799999952316284,2.293849468231201,0,0,0,0,0.0,0,0,0,0.0015553035773336887,-0.0015576530713588,0,-2.349552232772112e-06,100.26781463623047,100.26814270019531,790.1610107421875,790.1613159179688,790.1613159179688,549.6380615234375,0,0,23.69890594482422,0.0010999999940395355,0.02200000174343586,0.03299999609589577,0.04399999603629112,5655.8173828125,114276.53125,0.0429663360118866,0,3.1392715754918754e-05,492.5274353027344,0,0.0002616529818624258,2.8350639695418067e-05,0,0,23.700000762939453,0,0,1600,0,50,0,0,0,50,50,800,0.0,0.0,0.0,0.0
271,158.20782470703125,309.11480712890625,326.0843200683594,326.0449523925781,292.145263671875,292.1844482421875,16515.818359375,33031.63671875,69.05089569091797,69.04998016357422,1785.2132568359375,3576.066162109375,1793.682861328125,3577.146484375,284.5513000488281,61.99822998046875,-1.8595649180497276e-06,0,0,2574.638916015625,1291.9471435546875,0,23.700021743774414,2712.25048828125,12.29841136932373,11.837690353393555,907.3582763671875,1810.529052734375,55.485286712646484,50.0176887512207,100,0,0,346.37939453125,0,7.924896240234375,20.295072555541992,20.334440231323242,0,1.034000039100647,0.9067617654800415,50,2.799999952316284,2.293851613998413,0,0,0,0,0.0,0,0,0,0.0015553035773336887,-0.0015570668037980795,0,-1.763261479936773e-06,100.26778411865234,100.2680435180664,790.1605834960938,790.1608276367188,790.1608276367188,549.6378173828125,0,0,23.700021743774414,0.0010999999940395355,0.02200000174343586,0.03299999609589577,0.04399999603629112,5655.8173828125,114276.53125,0.0429663360118866,0,3.1392715754918754e-05,494.3482360839844,0,0.0002616529818624258,2.8350639695418067e-05,0,0,23.700000762939453,0,0,1600,0,50,0,0,0,50,50,800,0.0,0.0,0.0,0.0
272,158.20785522460938,309.11480712890625,326.08428955078125,326.0449523925781,292.1452941894531,292.1844482421875,16515.818359375,33031.63671875,69.05091094970703,69.04998779296875,1785.201416015625,3576.072265625,1793.68017578125,3577.148681640625,284.55133056640625,61.99828338623047,-4.361191258794861e-06,0,0,2574.638916015625,1291.947509765625,0,23.69982147216797,2712.248291015625,12.297980308532715,11.837663650512695,907.3565063476562,1810.5294189453125,55.480247497558594,50.01738739013672,100,0,0,346.37939453125,0,7.924896240234375,20.29510498046875,20.334440231323242,0,1.034000039100647,0.9067617654800415,50,2.799999952316284,2.293853521347046,0,0,0,0,0.0,0,0,0,0.0015553035773336887,-0.0015565643552690744,0,-1.2608128372448846e-06,100.26776123046875,100.26795959472656,790.1602783203125,790.160400390625,790.160400390625,549.6375732421875,0,0,23.69982147216797,0.0010999999940395355,0.02200000174343586,0.03299999609589577,0.04399999603629112,5655.8173828125,114276.53125,0.0429663360118866,0,3.1392715754918754e-05,496.1690368652344,0,0.0002616529818624258,2.8350639695418067e-05,0,0,23.700000762939453,0,0,1600,0,50,0,0,0,50,50,800,0.0,0.0,0.0,0.0
273,158.2078857421875,309.11480712890625,326.08428955078125,326.0449523925781,292.1452941894531,292.1844482421875,16515.818359375,33031.63671875,69.05091857910156,69.04999542236328,1785.19287109375,3576.078857421875,1793.6839599609375,3577.145263671875,284.55133056640625,61.99833679199219,3.7729175801359816e-06,0,0,2574.638916015625,1291.947509765625,0,23.699621200561523,2712.24658203125,12.297547340393066,11.83763599395752,907.3560180664062,1810.527099609375,55.475196838378906,50.01706314086914,100,0,0,346.3794250488281,0,7.924896240234375,20.29513931274414,20.33447265625,0,1.034000039100647,0.9067617654800415,50,2.799999952316284,2.2938549518585205,0,0,0,0,0.0,0,0,0,0.0015553035773336887,-0.0015562293119728565,0,-9.257462920686521e-07,100.26776123046875,100.26789855957031,790.1599731445312,790.16015625,790.16015625,549.637451171875,0,0,23.699621200561523,0.0010999999940395355,0.02200000174343586,0.03299999609589577,0.04399999603629112,5655.8173828125,114276.53125,0.0429663360118866,0,3.1392715754918754e-05,497.9898376464844,0,0.0002616529818624258,2.8350639695418067e-05,0,0,23.700000762939453,0,0,1600,0,50,0,0,0,50,50,800,0.0,0.0,0.0,0.0
274,158.2079315185547,309.11480712890625,326.08428955078125,326.0449523925781,292.1452941894531,292.1844482421875,16515.818359375,33031.63671875,69.0509262084961,69.05000305175781,1785.185302734375,3576.085693359375,1793.6832275390625,3577.1455078125,284.5513610839844,61.99839782714844,2.433306690363679e-06,0,0,2574.638427734375,1291.947509765625,0,23.700782775878906,2712.24560546875,12.29711627960205,11.83760929107666,907.355712890625,1810.5274658203125,55.47015380859375,50.01675033569336,100,0,0,346.3794250488281,0,7.924896240234375,20.29513931274414,20.33447265625,0,1.034000039100647,0.9067617654800415,50,2.799999952316284,2.293855905532837,0,0,0,0,0.0,0,0,0,0.0015553035773336887,-0.001555978087708354,0,-6.745220275661268e-07,100.26776123046875,100.26786041259766,790.1598510742188,790.159912109375,790.159912109375,549.6373901367188,0,0,23.700782775878906,0.0010999999940395355,0.02200000174343586,0.03299999609589577,0.04399999603629112,5655.8173828125,114276.53125,0.0429663360118866,0,3.1392715754918754e-05,499.8106384277344,0,0.0002616529818624258,2.8350639695418067e-05,0,0,23.700000762939453,0,0,1600,0,50,0,0,0,50,50,800,0.0,0.0,0.0,0.0
275,158.2079620361328,309.11480712890625,326.0842590332031,326.0449523925781,292.14532470703125,292.1844482421875,16515.818359375,33031.63671875,69.05093383789062,69.05001068115234,1785.1795654296875,3576.09326171875,1793.6810302734375,3577.14794921875,284.5513916015625,61.998443603515625,-1.2303349876674474e-06,0,0,2574.638427734375,1291.94775390625,0,23.700559616088867,2712.244873046875,12.296683311462402,11.8375825881958,907.3541259765625,1810.5277099609375,55.4650764465332,50.016448974609375,100,0,0,346.3794860839844,0,7.924896240234375,20.295207977294922,20.33450698852539,0,1.034000039100647,0.9067617654800415,50,2.799999952316284,2.293856620788574,0,0,0,0,0.0,0,0,0,0.0015553035773336887,-0.001555810566060245,0,-5.069887265563011e-07,100.26778411865234,100.26782989501953,790.1597290039062,790.1597900390625,790.1597900390625,549.6372680664062,0,0,23.700559616088867,0.0010999999940395355,0.02200000174343586,0.03299999609589577,0.04399999603629112,5655.8173828125,114276.53125,0.0429663360118866,0,3.1392715754918754e-05,501.6314392089844,0,0.0002616529818624258,2.8350639695418067e-05,0,0,23.700000762939453,0,0,1600,0,50,0,0,0,50,50,800,0.0,0.0,0.0,0.0
276,158.20799255371094,309.11480712890625,326.0842590332031,326.0449523925781,292.14532470703125,292.1844482421875,16515.818359375,33031.63671875,69.05094909667969,69.05001831054688,1785.17529296875,3576.1015625,1793.6800537109375,3577.149169921875,284.5514221191406,61.998497009277344,-3.731961214725743e-06,0,0,2574.63818359375,1291.94775390625,0,23.700380325317383,2712.244384765625,12.29625129699707,11.837554931640625,907.353759765625,1810.5284423828125,55.4599723815918,50.01613998413086,100,0,0,346.3794860839844,0,7.924896240234375,20.295207977294922,20.33450698852539,0,1.034000039100647,0.9067617654800415,50,2.799999952316284,2.2938568592071533,0,0,0,0,0.0,0,0,0,0.0015553035773336887,-0.0015557267470285296,0,-4.2314641746088455e-07,100.26779174804688,100.26781463623047,790.1597290039062,790.1597290039062,790.1597290039062,549.6372680664062,0,0,23.700380325317383,0.0010999999940395355,0.02200000174343586,0.03299999609589577,0.04399999603629112,5655.8173828125,114276.53125,0.0429663360118866,0,3.1392715754918754e-05,503.4522399902344,0,0.0002616529818624258,2.8350639695418067e-05,0,0,23.700000762939453,0,0,1600,0,50,0,0,0,50,50,800,0.0,0.0,0.0,0.0
277,158.20802307128906,309.11480712890625,326.0842590332031,326.0449523925781,292.14532470703125,292.1844482421875,16515.818359375,33031.63671875,69.05095672607422,69.0500259399414,1785.173095703125,3576.109619140625,1793.679443359375,3577.149658203125,284.5514221191406,61.99855041503906,4.402147624205099e-06,0,0,2574.63818359375,1291.94775390625,0,23.700180053710938,2712.244384765625,12.295818328857422,11.837528228759766,907.353515625,1810.52880859375,55.45488357543945,50.01582717895508,100,0,0,346.3795166015625,0,7.924896240234375,20.29524040222168,20.33454132080078,0,1.034000039100647,0.9067617654800415,50,2.799999952316284,2.2938568592071533,0,0,0,0,0.0,0,0,0,0.0015553035773336887,-0.0015557267470285296,0,-4.2314641746088455e-07,100.26779174804688,100.26781463623047,790.1597290039062,790.1597290039062,790.1597290039062,549.6372680664062,0,0,23.700180053710938,0.0010999999940395355,0.02200000174343586,0.03299999609589577,0.04399999603629112,5655.8173828125,114276.53125,0.0429663360118866,0,3.1392715754918754e-05,505.2730407714844,0,0.0002616529818624258,2.8350639695418067e-05,0,0,23.700000762939453,0,0,1600,0,50,0,0,0,50,50,800,0.0,0.0,0.0,0.0
278,158.2080535888672,309.11480712890625,326.084228515625,326.0449523925781,292.1453552246094,292.1844482421875,16515.818359375,33031.63671875,69.05096435546875,69.05003356933594,1785.173095703125,3576.11669921875,1793.683837890625,3577.145263671875,284.5514221191406,61.998600006103516,1.319513444286713e-06,0,0,2574.63818359375,1291.94775390625,0,23.70134162902832,2712.244384765625,12.29538631439209,11.837502479553223,907.353515625,1810.5264892578125,55.4498176574707,50.01551818847656,100,0,0,346.3795166015625,0,7.924896240234375,20.29527473449707,20.33454132080078,0,1.034000039100647,0.9067617654800415,50,2.799999952316284,2.2938568592071533,0,0,0,0,0.0,0,0,0,0.0015553035773336887,-0.0015557267470285296,0,-4.2314641746088455e-07,100.26779174804688,100.26781463623047,790.1597290039062,790.1597290039062,790.1597290039062,549.6372680664062,0,0,23.70134162902832,0.0010999999940395355,0.02200000174343586,0.03299999609589577,0.04399999603629112,5655.8173828125,114276.53125,0.0429663360118866,0,3.1392715754918754e-05,507.0938415527344,0,0.0002616529818624258,2.8350639695418067e-05,0,0,23.700000762939453,0,0,1600,0,50,0,0,0,50,50,800,0.0,0.0,0.0,0.0
279,158.20809936523438,309.11480712890625,326.084228515625,326.0449523925781,292.1453552246094,292.1844482421875,16515.818359375,33031.63671875,69.05096435546875,69.05003356933594,1785.1748046875,3576.124267578125,1793.6822509765625,3577.146728515625,284.55145263671875,61.998653411865234,-1.1821127827715827e-06,0,0,2574.637939453125,1291.9478759765625,0,23.698434829711914,2712.244384765625,12.294952392578125,11.83747673034668,907.3524780273438,1810.52685546875,55.444759368896484,50.015201568603516,100,0,0,346.3795471191406,0,7.924896240234375,20.29530906677246,20.334575653076172,0,1.034000039100647,0.9067617654800415,50,2.799999952316284,2.2938568592071533,0,0,0,0,0.0,0,0,0,0.0015553035773336887,-0.0015557267470285296,0,-4.2314641746088455e-07,100.26779174804688,100.26781463623047,790.1597290039062,790.1597290039062,790.1597290039062,549.6372680664062,0,0,23.698434829711914,0.0010999999940395355,0.02200000174343586,0.03299999609589577,0.04399999603629112,5655.8173828125,114276.53125,0.0429663360118866,0,3.1392715754918754e-05,508.9146423339844,0,0.0002616529818624258,2.8350639695418067e-05,0,0,23.700000762939453,0,0,1600,0,50,0,0,0,50,50,800,0.0,0.0,0.0,0.0
280,158.2081298828125,309.11480712890625,326.084228515625,326.0449523925781,292.1453552246094,292.1844482421875,16515.818359375,33031.63671875,69.05096435546875,69.05003356933594,1785.1773681640625,3576.1318359375,1793.6820068359375,3577.147216796875,284.5514831542969,61.99870300292969,-4.264746621629456e-06,0,0,2574.637939453125,1291.9478759765625,0,23.69959831237793,2712.244384765625,12.294519424438477,11.837450981140137,907.3524780273438,1810.5272216796875,55.43965530395508,50.014915466308594,100,0,0,346.3795471191406,0,7.924896240234375,20.29530906677246,20.334575653076172,0,1.034000039100647,0.9067617654800415,50,2.799999952316284,2.2938568592071533,0,0,0,0,0.0,0,0,0,0.0015553035773336887,-0.0015557267470285296,0,-4.2314641746088455e-07,100.26779174804688,100.26781463623047,790.1597290039062,790.1597290039062,790.1597290039062,549.6372680664062,0,0,23.69959831237793,0.0010999999940395355,0.02200000174343586,0.03299999609589577,0.04399999603629112,5655.8173828125,114276.53125,0.0429663360118866,0,3.1392715754918754e-05,510.7354431152344,0,0.0002616529818624258,2.8350639695418067e-05,0,0,23.700000762939453,0,0,1600,0,50,0,0,0,50,50,800,0.0,0.0,0.0,0.0
281,158.20816040039062,309.11480712890625,326.084228515625,326.0449523925781,292.1453552246094,292.1844482421875,16515.818359375,33031.63671875,69.05096435546875,69.05003356933594,1785.1817626953125,3576.139892578125,1793.6817626953125,3577.147216796875,284.5514831542969,61.99876022338867,4.450369488040451e-06,0,0,2574.6376953125,1291.9478759765625,0,23.696691513061523,2712.244384765625,12.294087409973145,11.837425231933594,907.3526000976562,1810.5277099609375,55.434574127197266,50.01461410522461,100,0,0,346.37957763671875,0,7.924896240234375,20.29534339904785,20.33460807800293,0,1.034000039100647,0.9067617654800415,50,2.799999952316284,2.2938568592071533,0,0,0,0,0.0,0,0,0,0.0015553035773336887,-0.0015557267470285296,0,-4.2314641746088455e-07,100.26779174804688,100.26781463623047,790.1597290039062,790.1597290039062,790.1597290039062,549.6372680664062,0,0,23.696691513061523,0.0010999999940395355,0.02200000174343586,0.03299999609589577,0.04399999603629112,5655.8173828125,114276.53125,0.0429663360118866,0,3.1392715754918754e-05,512.5562744140625,0,0.0002616529818624258,2.8350639695418067e-05,0,0,23.700000762939453,0,0,1600,0,50,0,0,0,50,50,800,0.0,0.0,0.0,0.0
282,158.20819091796875,309.11480712890625,326.084228515625,326.0449523925781,292.1453552246094,292.1844482421875,16515.818359375,33031.63671875,69.05096435546875,69.05003356933594,1785.187744140625,3576.148193359375,1793.6820068359375,3577.147216796875,284.551513671875,61.99882125854492,3.110758825641824e-06,0,0,2574.6376953125,1291.9478759765625,0,23.697834014892578,2712.244384765625,12.293654441833496,11.837398529052734,907.3529052734375,1810.5279541015625,55.42949676513672,50.01430130004883,100,0,0,346.37957763671875,0,7.924896240234375,20.29534339904785,20.33460807800293,0,1.034000039100647,0.9067617654800415,50,2.799999952316284,2.2938568592071533,0,0,0,0,0.0,0,0,0,0.0015553035773336887,-0.0015557267470285296,0,-4.2314641746088455e-07,100.26779174804688,100.26781463623047,790.1597290039062,790.1597290039062,790.1597290039062,549.6372680664062,0,0,23.697834014892578,0.0010999999940395355,0.02200000174343586,0.03299999609589577,0.04399999603629112,5655.8173828125,114276.53125,0.0429663360118866,0,3.1392715754918754e-05,514.3770751953125,0,0.0002616529818624258,2.8350639695418067e-05,0,0,23.700000762939453,0,0,1600,0,50,0,0,0,50,50,800,0.0,0.0,0.0,0.0
283,158.20822143554688,309.11480712890625,326.084228515625,326.0449523925781,292.1453552246094,292.1844482421875,16515.818359375,33031.63671875,69.05096435546875,69.05003356933594,1785.1954345703125,3576.15673828125,1793.6820068359375,3577.146728515625,284.5515441894531,61.99886703491211,-5.528827387024648e-07,0,0,2574.6376953125,1291.94775390625,0,23.698972702026367,2712.244384765625,12.293222427368164,11.837373733520508,907.3532104492188,1810.528564453125,55.42441940307617,50.01399612426758,100,0,0,346.3796081542969,0,7.924896240234375,20.295377731323242,20.33464241027832,0,1.034000039100647,0.9067617654800415,50,2.799999952316284,2.2938568592071533,0,0,0,0,0.0,0,0,0,0.0015553035773336887,-0.0015557267470285296,0,-4.2314641746088455e-07,100.26779174804688,100.26781463623047,790.1597290039062,790.1597290039062,790.1597290039062,549.6372680664062,0,0,23.698972702026367,0.0010999999940395355,0.02200000174343586,0.03299999609589577,0.04399999603629112,5655.8173828125,114276.53125,0.0429663360118866,0,3.1392715754918754e-05,516.1978759765625,0,0.0002616529818624258,2.8350639695418067e-05,0,0,23.700000762939453,0,0,1600,0,50,0,0,0,50,50,800,0.0,0.0,0.0,0.0
284,158.20826721191406,309.11480712890625,326.084228515625,326.0449523925781,292.1453552246094,292.1844482421875,16515.818359375,33031.63671875,69.05096435546875,69.05003356933594,1785.20458984375,3576.16455078125,1793.682373046875,3577.146484375,284.55157470703125,61.99892044067383,-3.054509079447598e-06,0,0,2574.6376953125,1291.94775390625,0,23.697429656982422,2712.244384765625,12.292790412902832,11.837348937988281,907.3536987304688,1810.52880859375,55.41935348510742,50.013710021972656,100,0,0,346.3796081542969,0,7.924896240234375,20.295377731323242,20.33464241027832,0,1.034000039100647,0.9067617654800415,50,2.799999952316284,2.2938568592071533,0,0,0,0,0.0,0,0,0,0.0015553035773336887,-0.0015557267470285296,0,-4.2314641746088455e-07,100.26779174804688,100.26781463623047,790.1597290039062,790.1597290039062,790.1597290039062,549.6372680664062,0,0,23.697429656982422,0.0010999999940395355,0.02200000174343586,0.03299999609589577,0.04399999603629112,5655.8173828125,114276.53125,0.0429663360118866,0,3.1392715754918754e-05,518.0186767578125,0,0.0002616529818624258,2.8350639695418067e-05,0,0,23.700000762939453,0,0,1600,0,50,0,0,0,50,50,800,0.0,0.0,0.0,0.0
285,158.2082977294922,309.11480712890625,326.084228515625,326.0449523925781,292.1453552246094,292.1844482421875,16515.818359375,33031.63671875,69.05096435546875,69.05003356933594,1785.2154541015625,3576.172607421875,1793.682861328125,3577.14599609375,284.55157470703125,61.99897384643555,5.079599759483244e-06,0,0,2574.637451171875,1291.94775390625,0,23.698593139648438,2712.244384765625,12.292359352111816,11.837324142456055,907.3541870117188,1810.5291748046875,55.41429138183594,50.01342010498047,100,0,0,346.379638671875,0,7.924896240234375,20.29541015625,20.33467674255371,0,1.034000039100647,0.9067617654800415,50,2.799999952316284,2.2938568592071533,0,0,0,0,0.0,0,0,0,0.0015553035773336887,-0.0015557267470285296,0,-4.2314641746088455e-07,100.26779174804688,100.26781463623047,790.1597290039062,790.1597290039062,790.1597290039062,549.6372680664062,0,0,23.698593139648438,0.0010999999940395355,0.02200000174343586,0.03299999609589577,0.04399999603629112,5655.8173828125,114276.53125,0.0429663360118866,0,3.1392715754918754e-05,519.8394775390625,0,0.0002616529818624258,2.8350639695418067e-05,0,0,23.700000762939453,0,0,1600,0,50,0,0,0,50,50,800,0.0,0.0,0.0,0.0
286,158.2083282470703,309.11480712890625,326.084228515625,326.0449523925781,292.1453552246094,292.1844482421875,16515.818359375,33031.63671875,69.05096435546875,69.05003356933594,1785.2279052734375,3576.18017578125,1793.683349609375,3577.1455078125,284.5516052246094,61.999027252197266,2.5779736461117864e-06,0,0,2574.637451171875,1291.9476318359375,0,23.69839096069336,2712.244384765625,12.2919282913208,11.837300300598145,907.354736328125,1810.529541015625,55.40923309326172,50.01313400268555,100,0,0,346.3796691894531,0,7.924896240234375,20.29544448852539,20.3347110748291,0,1.034000039100647,0.9067617654800415,50,2.799999952316284,2.2938568592071533,0,0,0,0,0.0,0,0,0,0.0015553035773336887,-0.0015557267470285296,0,-4.2314641746088455e-07,100.26779174804688,100.26781463623047,790.1597290039062,790.1597290039062,790.1597290039062,549.6372680664062,0,0,23.69839096069336,0.0010999999940395355,0.02200000174343586,0.03299999609589577,0.04399999603629112,5655.8173828125,114276.53125,0.0429663360118866,0,3.1392715754918754e-05,521.6602783203125,0,0.0002616529818624258,2.8350639695418067e-05,0,0,23.700000762939453,0,0,1600,0,50,0,0,0,50,50,800,0.0,0.0,0.0,0.0
287,158.20835876464844,309.11480712890625,326.084228515625,326.0449523925781,292.1453552246094,292.1844482421875,16515.818359375,33031.63671875,69.05096435546875,69.05003356933594,1785.241455078125,3576.1884765625,1793.6839599609375,3577.145263671875,284.5516357421875,61.99907684326172,-5.046605338066001e-07,0,0,2574.637451171875,1291.9476318359375,0,23.69818878173828,2712.244384765625,12.291497230529785,11.837275505065918,907.3554077148438,1810.530029296875,55.4041862487793,50.01284408569336,100,0,0,346.3796691894531,0,7.924896240234375,20.29544448852539,20.3347110748291,0,1.034000039100647,0.9067617654800415,50,2.799999952316284,2.2938568592071533,0,0,0,0,0.0,0,0,0,0.0015553035773336887,-0.0015557267470285296,0,-4.2314641746088455e-07,100.26779174804688,100.26781463623047,790.1597290039062,790.1597290039062,790.1597290039062,549.6372680664062,0,0,23.69818878173828,0.0010999999940395355,0.02200000174343586,0.03299999609589577,0.04399999603629112,5655.8173828125,114276.53125,0.0429663360118866,0,3.1392715754918754e-05,523.4810791015625,0,0.0002616529818624258,2.8350639695418067e-05,0,0,23.700000762939453,0,0,1600,0,50,0,0,0,50,50,800,0.0,0.0,0.0,0.0
288,158.20838928222656,309.11480712890625,326.084228515625,326.0449523925781,292.1453552246094,292.1844482421875,16515.818359375,33031.63671875,69.05096435546875,69.05003356933594,1785.2567138671875,3576.19775390625,1793.6845703125,3577.144287109375,284.5516662597656,61.99913024902344,-3.0062867608648958e-06,0,0,2574.63720703125,1291.947509765625,0,23.69664764404297,2712.244384765625,12.291069030761719,11.837249755859375,907.3560791015625,1810.5303955078125,55.39915466308594,50.01253890991211,100,0,0,346.37969970703125,0,7.924896240234375,20.29547882080078,20.334745407104492,0,1.034000039100647,0.9067617654800415,50,2.799999952316284,2.2938568592071533,0,0,0,0,0.0,0,0,0,0.0015553035773336887,-0.0015557267470285296,0,-4.2314641746088455e-07,100.26779174804688,100.26781463623047,790.1597290039062,790.1597290039062,790.1597290039062,549.6372680664062,0,0,23.69664764404297,0.0010999999940395355,0.02200000174343586,0.03299999609589577,0.04399999603629112,5655.8173828125,114276.53125,0.0429663360118866,0,3.1392715754918754e-05,525.3018798828125,0,0.0002616529818624258,2.8350639695418067e-05,0,0,23.700000762939453,0,0,1600,0,50,0,0,0,50,50,800,0.0,0.0,0.0,0.0
289,158.20843505859375,309.11480712890625,326.084228515625,326.0449523925781,292.1453552246094,292.1844482421875,16515.818359375,33031.63671875,69.05096435546875,69.05003356933594,1785.2728271484375,3576.20654296875,1793.6842041015625,3577.144775390625,284.5516662597656,61.99917221069336,3.384798674233025e-06,0,0,2574.63720703125,1291.9471435546875,0,23.699172973632812,2712.244384765625,12.290639877319336,11.837225914001465,907.358154296875,1810.53076171875,55.39411163330078,50.01225280761719,100,0,0,346.37969970703125,0,7.924896240234375,20.29547882080078,20.334745407104492,0,1.034000039100647,0.9067617654800415,50,2.799999952316284,2.2938568592071533,0,0,0,0,0.0,0,0,0,0.0015553035773336887,-0.0015557267470285296,0,-4.2314641746088455e-07,100.26779174804688,100.26781463623047,790.1597290039062,790.1597290039062,790.1597290039062,549.6372680664062,0,0,23.699172973632812,0.0010999999940395355,0.02200000174343586,0.03299999609589577,0.04399999603629112,5655.8173828125,114276.53125,0.0429663360118866,0,3.1392715754918754e-05,527.1226806640625,0,0.0002616529818624258,2.8350639695418067e-05,0,0,23.700000762939453,0,0,1600,0,50,0,0,0,50,50,800,0.0,0.0,0.0,0.0
290,158.20846557617188,309.11480712890625,326.084228515625,326.0449523925781,292.1453552246094,292.1844482421875,16515.818359375,33031.63671875,69.05096435546875,69.05003356933594,1785.290771484375,3576.214111328125,1793.6851806640625,3577.14404296875,284.55169677734375,61.99922561645508,8.831723903313105e-07,0,0,2574.63671875,1291.9471435546875,0,23.696290969848633,2712.244384765625,12.29021167755127,11.837202072143555,907.3590087890625,1810.5311279296875,55.389095306396484,50.01197814941406,100,0,0,346.3797302246094,0,7.924896240234375,20.295513153076172,20.33477783203125,0,1.034000039100647,0.9067617654800415,50,2.799999952316284,2.2938568592071533,0,0,0,0,0.0,0,0,0,0.0015553035773336887,-0.0015557267470285296,0,-4.2314641746088455e-07,100.26779174804688,100.26781463623047,790.1597290039062,790.1597290039062,790.1597290039062,549.6372680664062,0,0,23.696290969848633,0.0010999999940395355,0.02200000174343586,0.03299999609589577,0.04399999603629112,5655.8173828125,114276.53125,0.0429663360118866,0,3.1392715754918754e-05,528.9434814453125,0,0.0002616529818624258,2.8350639695418067e-05,0,0,23.700000762939453,0,0,1600,0,50,0,0,0,50,50,800,0.0,0.0,0.0,0.0
291,158.20849609375,309.11480712890625,326.084228515625,326.0449523925781,292.1453552246094,292.1844482421875,16515.818359375,33031.63671875,69.05095672607422,69.05003356933594,1785.309814453125,3576.221923828125,1793.683349609375,3577.1455078125,284.5517272949219,61.999267578125,-3.361477183716488e-06,0,0,2574.63671875,1291.947021484375,0,23.698816299438477,2712.244384765625,12.289785385131836,11.837179183959961,907.3599853515625,1810.5313720703125,55.38409423828125,50.011695861816406,100,0,0,346.3797302246094,0,7.924896240234375,20.295513153076172,20.33477783203125,0,1.034000039100647,0.9067617654800415,50,2.799999952316284,2.2938568592071533,0,0,0,0,0.0,0,0,0,0.0015553035773336887,-0.0015557267470285296,0,-4.2314641746088455e-07,100.26779174804688,100.26781463623047,790.1597290039062,790.1597290039062,790.1597290039062,549.6372680664062,0,0,23.698816299438477,0.0010999999940395355,0.02200000174343586,0.03299999609589577,0.04399999603629112,5655.8173828125,114276.53125,0.0429663360118866,0,3.1392715754918754e-05,530.7642822265625,0,0.0002616529818624258,2.8350639695418067e-05,0,0,23.700000762939453,0,0,1600,0,50,0,0,0,50,50,800,0.0,0.0,0.0,0.0
292,158.20852661132812,309.11480712890625,326.084228515625,326.0449523925781,292.1453552246094,292.1844482421875,16515.818359375,33031.63671875,69.05095672607422,69.05003356933594,1785.3304443359375,3576.23046875,1793.6842041015625,3577.144775390625,284.5517272949219,61.99930191040039,1.8675928004086018e-06,0,0,2574.636474609375,1291.9468994140625,0,23.700021743774414,2712.244384765625,12.289358139038086,11.837156295776367,907.36083984375,1810.5321044921875,55.379058837890625,50.011436462402344,100,0,0,346.3797912597656,0,7.924896240234375,20.29554557800293,20.33481216430664,0,1.034000039100647,0.9067617654800415,50,2.799999952316284,2.2938568592071533,0,0,0,0,0.0,0,0,0,0.0015553035773336887,-0.0015557267470285296,0,-4.2314641746088455e-07,100.26779174804688,100.26781463623047,790.1597290039062,790.1597290039062,790.1597290039062,549.6372680664062,0,0,23.700021743774414,0.0010999999940395355,0.02200000174343586,0.03299999609589577,0.04399999603629112,5655.8173828125,114276.53125,0.0429663360118866,0,3.1392715754918754e-05,532.5850830078125,0,0.0002616529818624258,2.8350639695418067e-05,0,0,23.700000762939453,0,0,1600,0,50,0,0,0,50,50,800,0.0,0.0,0.0,0.0
293,158.2085418701172,309.11480712890625,326.084228515625,326.0449523925781,292.1453552246094,292.1844482421875,16515.818359375,33031.63671875,69.05095672607422,69.05003356933594,1785.3516845703125,3576.2392578125,1793.6822509765625,3577.146728515625,284.5517272949219,61.99934005737305,-2.9580644422821933e-06,0,0,2574.636474609375,1291.9468994140625,0,23.69852638244629,2712.244384765625,12.288933753967285,11.837132453918457,907.3617553710938,1810.5325927734375,55.37405776977539,50.011173248291016,100,0,0,346.3797912597656,0,7.924896240234375,20.29554557800293,20.33481216430664,0,1.034000039100647,0.9067617654800415,50,2.799999952316284,2.2938568592071533,0,0,0,0,0.0,0,0,0,0.0015553035773336887,-0.0015557267470285296,0,-4.2314641746088455e-07,100.26779174804688,100.26781463623047,790.1597290039062,790.1597290039062,790.1597290039062,549.6372680664062,0,0,23.69852638244629,0.0010999999940395355,0.02200000174343586,0.03299999609589577,0.04399999603629112,5655.8173828125,114276.53125,0.0429663360118866,0,3.1392715754918754e-05,534.4058837890625,0,0.0002616529818624258,2.8350639695418067e-05,0,0,23.700000762939453,0,0,1600,0,50,0,0,0,50,50,800,0.0,0.0,0.0,0.0
294,158.2085418701172,309.11480712890625,326.084228515625,326.0449523925781,292.1453552246094,292.1844482421875,16515.818359375,33031.63671875,69.05094909667969,69.05003356933594,1785.3748779296875,3576.24755859375,1793.6807861328125,3577.14794921875,284.5517272949219,61.99936294555664,5.279820811665559e-07,0,0,2574.636474609375,1291.94677734375,0,23.70111846923828,2712.244384765625,12.288509368896484,11.837109565734863,907.3629760742188,1810.5328369140625,55.369083404541016,50.010894775390625,100,0,0,346.3797912597656,0,7.924896240234375,20.29554557800293,20.33481216430664,0,1.034000039100647,0.9067617654800415,50,2.799999952316284,2.2938568592071533,0,0,0,0,0.0,0,0,0,0.0015553035773336887,-0.0015557267470285296,0,-4.2314641746088455e-07,100.26779174804688,100.26781463623047,790.1597290039062,790.1597290039062,790.1597290039062,549.6372680664062,0,0,23.70111846923828,0.0010999999940395355,0.02200000174343586,0.03299999609589577,0.04399999603629112,5655.8173828125,114276.53125,0.0429663360118866,0,3.1392715754918754e-05,536.2266845703125,0,0.0002616529818624258,2.8350639695418067e-05,0,0,23.700000762939453,0,0,1600,0,50,0,0,0,50,50,800,0.0,0.0,0.0,0.0
295,158.2085418701172,309.11480712890625,326.084228515625,326.0449523925781,292.1453552246094,292.1844482421875,16515.818359375,33031.63671875,69.05094909667969,69.05003356933594,1785.399169921875,3576.257568359375,1793.6817626953125,3577.147216796875,284.5517272949219,61.99938201904297,3.4330209928157274e-06,0,0,2574.636474609375,1291.9466552734375,0,23.699665069580078,2712.244384765625,12.2880859375,11.837084770202637,907.364013671875,1810.5335693359375,55.36409378051758,50.010616302490234,100,0,0,346.3797912597656,0,7.924896240234375,20.29554557800293,20.33481216430664,0,1.034000039100647,0.9067617654800415,50,2.799999952316284,2.2938568592071533,0,0,0,0,0.0,0,0,0,0.0015553035773336887,-0.0015557267470285296,0,-4.2314641746088455e-07,100.26779174804688,100.26781463623047,790.1597290039062,790.1597290039062,790.1597290039062,549.6372680664062,0,0,23.699665069580078,0.0010999999940395355,0.02200000174343586,0.03299999609589577,0.04399999603629112,5655.8173828125,114276.53125,0.0429663360118866,0,3.1392715754918754e-05,538.0474853515625,0,0.0002616529818624258,2.8350639695418067e-05,0,0,23.700000762939453,0,0,1600,0,50,0,0,0,50,50,800,0.0,0.0,0.0,0.0
296,158.2085418701172,309.11480712890625,326.084228515625,326.0449523925781,292.1453552246094,292.1844482421875,16515.818359375,33031.63671875,69.05094146728516,69.05003356933594,1785.423828125,3576.266357421875,1793.68017578125,3577.148681640625,284.5517578125,61.99939727783203,-4.878683284914587e-06,0,0,2574.636474609375,1291.9464111328125,0,23.69959831237793,2712.244384765625,12.287665367126465,11.83706283569336,907.3651123046875,1810.533935546875,55.35913848876953,50.0103645324707,100,0,0,346.3797912597656,0,7.924896240234375,20.29554557800293,20.33481216430664,0,1.034000039100647,0.9067617654800415,50,2.799999952316284,2.2938568592071533,0,0,0,0,0.0,0,0,0,0.0015553035773336887,-0.0015557267470285296,0,-4.2314641746088455e-07,100.26779174804688,100.26781463623047,790.1597290039062,790.1597290039062,790.1597290039062,549.6372680664062,0,0,23.69959831237793,0.0010999999940395355,0.02200000174343586,0.03299999609589577,0.04399999603629112,5655.8173828125,114276.53125,0.0429663360118866,0,3.1392715754918754e-05,539.8682861328125,0,0.0002616529818624258,2.8350639695418067e-05,0,0,23.700000762939453,0,0,1600,0,50,0,0,0,50,50,800,0.0,0.0,0.0,0.0
297,158.2085418701172,309.11480712890625,326.084228515625,326.0449523925781,292.1453552246094,292.1844482421875,16515.818359375,33031.63671875,69.05094146728516,69.05003356933594,1785.450439453125,3576.274169921875,1793.6785888671875,3577.150390625,284.5517578125,61.99941635131836,-1.9736442027351586e-06,0,0,2574.636474609375,1291.9462890625,0,23.69953155517578,2712.244384765625,12.28724479675293,11.837041854858398,907.3663330078125,1810.534423828125,55.35417556762695,50.010128021240234,100,0,0,346.3797912597656,0,7.924896240234375,20.29554557800293,20.33481216430664,0,1.034000039100647,0.9067617654800415,50,2.799999952316284,2.2938568592071533,0,0,0,0,0.0,0,0,0,0.0015553035773336887,-0.0015557267470285296,0,-4.2314641746088455e-07,100.26779174804688,100.26781463623047,790.1597290039062,790.1597290039062,790.1597290039062,549.6372680664062,0,0,23.69953155517578,0.0010999999940395355,0.02200000174343586,0.03299999609589577,0.04399999603629112,5655.8173828125,114276.53125,0.0429663360118866,0,3.1392715754918754e-05,541.6890869140625,0,0.0002616529818624258,2.8350639695418067e-05,0,0,23.700000762939453,0,0,1600,0,50,0,0,0,50,50,800,0.0,0.0,0.0,0.0
298,158.2085418701172,309.11480712890625,326.084228515625,326.0449523925781,292.1453552246094,292.1844482421875,16515.818359375,33031.63671875,69.05093383789062,69.05003356933594,1785.478271484375,3576.28271484375,1793.67724609375,3577.151611328125,284.5517578125,61.99943542480469,9.313945952271752e-07,0,0,2574.636474609375,1291.9461669921875,0,23.699462890625,2712.244384765625,12.286826133728027,11.837019920349121,907.3677368164062,1810.5350341796875,55.349273681640625,50.00986099243164,100,0,0,346.3797912597656,0,7.924896240234375,20.29554557800293,20.33481216430664,0,1.034000039100647,0.9067617654800415,50,2.799999952316284,2.2938568592071533,0,0,0,0,0.0,0,0,0,0.0015553035773336887,-0.0015557267470285296,0,-4.2314641746088455e-07,100.26779174804688,100.26781463623047,790.1597290039062,790.1597290039062,790.1597290039062,549.6372680664062,0,0,23.699462890625,0.0010999999940395355,0.02200000174343586,0.03299999609589577,0.04399999603629112,5655.8173828125,114276.53125,0.0429663360118866,0,3.1392715754918754e-05,543.5098876953125,0,0.0002616529818624258,2.8350639695418067e-05,0,0,23.700000762939453,0,0,1600,0,50,0,0,0,50,50,800,0.0,0.0,0.0,0.0
299,158.2085418701172,309.11480712890625,326.084228515625,326.0449523925781,292.1453552246094,292.1844482421875,16515.818359375,33031.63671875,69.05093383789062,69.05003356933594,1785.5068359375,3576.29150390625,1793.676025390625,3577.153076171875,284.5517578125,61.99945068359375,3.2554257813899312e-06,0,0,2574.636474609375,1291.946044921875,0,23.69939613342285,2712.244384765625,12.286409378051758,11.836997985839844,907.3690185546875,1810.535400390625,55.34436798095703,50.00960922241211,100,0,0,346.3797912597656,0,7.924896240234375,20.29554557800293,20.33481216430664,0,1.034000039100647,0.9067617654800415,50,2.799999952316284,2.2938568592071533,0,0,0,0,0.0,0,0,0,0.0015553035773336887,-0.0015557267470285296,0,-4.2314641746088455e-07,100.26779174804688,100.26781463623047,790.1597290039062,790.1597290039062,790.1597290039062,549.6372680664062,0,0,23.69939613342285,0.0010999999940395355,0.02200000174343586,0.03299999609589577,0.04399999603629112,5655.8173828125,114276.53125,0.0429663360118866,0,3.1392715754918754e-05,545.3306884765625,0,0.0002616529818624258,2.8350639695418067e-05,0,0,23.700000762939453,0,0,1600,0,50,0,0,0,50,50,800,0.0,0.0,0.0,0.0
