TIME,P,TAVG,THA,THB,TCA,TCB,WRCA,WRCB,PSGA,PSGB,WFWA,WFWB,WSTA,WSTB,VOL,LVPZ,VOID,WLR,WUP,HUP,HLW,WHPI,WECS,QMWT,LSGA,LSGB,QMGA,QMGB,NSGA,NSGB,TBLD,WTRA,WTRB,TSAT,QRHR,LVCR,SCMA,SCMB,FRCL,PRB,PRBA,TRB,LWRB,DNBR,QFCL,WBK,WSPY,WCSP,HTR,MH2,CNH2,RHBR,RHMT,RHFL,RHRD,RH,PWNT,PWR,TFSB,TFPK,TF,TPCT,WCFT,WLPI,WCHG,RM1,RM2,RM3,RM4,RC87,RC131,STRB,STSG,STTB,RBLK,SGLK,DTHY,DWB,WRLA,WRLB,WLD,MBK,EBK,TKLV,FRZR,TDBR,MDBR,MCRT,MGAS,TCRT,TSLP,PPM,Pad_Col_0,Pad_Col_1,Pad_Col_2,Pad_Col_3
0,158.1999969482422,309.1399841308594,326.1538391113281,326.11614990234375,292.1261291503906,292.1638488769531,16515.818359375,33031.63671875,69.00464630126953,69.0042495727539,1790.2763671875,3580.552734375,1792.9256591796875,3577.9033203125,284.552001953125,62.0,1.8346643173572375e-06,0,0,2574.662353515625,1291.7806396484375,0,23.700000762939453,2705.0,11.830000877380371,11.830000877380371,910.2337036132812,1816.4324951171875,50.0,50.0,100,0,0,346.3753967285156,0,7.924896240234375,20.2215576171875,20.25926399230957,0,1.034000039100647,0.9067617654800415,50,2.799999952316284,2.3000001907348633,0,0,0,0,0.0,0,0,0,0.0,0.0,0,0.0,100.0,100.0,788.9000244140625,788.9000244140625,788.9000244140625,549.02001953125,0,0,23.700000762939453,0.0010999999940395355,0.02200000174343586,0.03299999609589577,0.04399999603629112,5655.8173828125,114276.53125,0.0429663360118866,0,3.1392715754918754e-05,0.9104048013687134,0,0.0002616529818624258,2.8350639695418067e-05,0,0,23.700000762939453,0,0,1600,0,50,0,0,0,50,50,800,0.0,0.0,0.0,0.0
1,158.19033813476562,309.12530517578125,326.13812255859375,326.1134338378906,292.137939453125,292.1626281738281,16515.818359375,33031.63671875,69.02457427978516,69.01022338867188,1716.7647705078125,3580.143310546875,1789.2406005859375,3581.58837890625,284.549560546875,61.99385070800781,1.1948225164815085e-06,0,0,2574.67333984375,1292.619384765625,0,23.700000762939453,2705.042236328125,11.826481819152832,11.830208778381348,901.7396240234375,1815.0777587890625,49.99375915527344,49.98440170288086,100,0,0,346.37347412109375,0,7.924896240234375,20.23535919189453,20.26004409790039,0,1.034000039100647,0.9067617654800415,50,2.799999952316284,2.299964189529419,0,0,0,0,1.0797373766589098,0,0,0,0.0009064910700544715,0.0,0,0.0009064910700544715,100.05531311035156,100.0015640258789,788.9423217773438,788.9000244140625,788.9000244140625,549.0162353515625,0,0,23.700000762939453,0.0010999999940395355,0.02200000174343586,0.03299999609589577,0.04399999603629112,5655.8173828125,114276.53125,0.0429663360118866,0,3.1392715754918754e-05,2.7312145233154297,0,0.0002616529818624258,2.8350639695418067e-05,0,0,23.700000762939453,0,0,1600,0,50,0,0,0,50,50,800,0.0,0.0,0.0,0.0
2,158.1794891357422,309.1185607910156,326.1183776855469,326.1083068847656,292.151611328125,292.16168212890625,16515.818359375,33031.63671875,69.03524017333984,69.01531982421875,1698.6337890625,3579.968505859375,1792.306884765625,3578.522216796875,284.5421142578125,61.97506332397461,7.442806122526235e-07,0,0,2574.7080078125,1292.4466552734375,0,25.92641258239746,2705.853271484375,11.82183837890625,11.830327033996582,902.975830078125,1814.04150390625,49.93332290649414,49.979713439941406,100,0,0,346.36761474609375,0,7.924896240234375,20.24922752380371,20.25929832458496,0,1.034000039100647,0.9067617654800415,50,2.799999952316284,2.2992749214172363,0,0,0,0,4.367152001855154,0,0,0,0.00132300378754735,-0.00016549750580452383,0,0.0011575062526389956,100.1688232421875,100.03153991699219,789.1421508789062,789.0340576171875,789.0340576171875,549.078369140625,0,0,25.92641258239746,0.0010999999940395355,0.02200000174343586,0.03299999609589577,0.04399999603629112,5655.8173828125,114276.53125,0.0429663360118866,0,3.1392715754918754e-05,4.552023887634277,0,0.0002616529818624258,2.8350639695418067e-05,0,0,23.700000762939453,0,0,1600,0,50,0,0,0,50,50,800,0.0,0.0,0.0,0.0
3,158.17176818847656,309.1131896972656,326.0992431640625,326.1018981933594,292.16357421875,292.16094970703125,16515.818359375,33031.63671875,69.04200744628906,69.0194091796875,1694.0821533203125,3580.432373046875,1793.536376953125,3577.292724609375,284.53594970703125,61.959468841552734,-2.646569555508904e-06,0,0,2574.736328125,1292.414794921875,0,25.767805099487305,2707.205078125,11.81689167022705,11.830466270446777,902.99072265625,1813.1968994140625,49.868324279785156,49.96979904174805,100,0,0,346.3627624511719,0,7.924896240234375,20.26350212097168,20.2608585357666,0,1.034000039100647,0.9067617654800415,50,2.799999952316284,2.298126697540283,0,0,0,0,7.076136055713078,0,0,0,0.0016536590410396457,-0.00045319178025238216,0,0.0012004673480987549,100.25128173828125,100.0815200805664,789.400634765625,789.2669677734375,789.2669677734375,549.19140625,0,0,25.767805099487305,0.0010999999940395355,0.02200000174343586,0.03299999609589577,0.04399999603629112,5655.8173828125,114276.53125,0.0429663360118866,0,3.1392715754918754e-05,6.372833251953125,0,0.0002616529818624258,2.8350639695418067e-05,0,0,23.700000762939453,0,0,1600,0,50,0,0,0,50,50,800,0.0,0.0,0.0,0.0
4,158.16712951660156,309.11016845703125,326.081787109375,326.0950927734375,292.17388916015625,292.16058349609375,16515.818359375,33031.63671875,69.04668426513672,69.02268981933594,1693.17333984375,3580.910400390625,1794.0537109375,3576.775390625,284.5318603515625,61.94915771484375,9.782138477021363e-07,0,0,2574.754638671875,1292.41748046875,0,25.18681526184082,2708.759765625,11.811836242675781,11.830619812011719,902.8072509765625,1812.6011962890625,49.80072021484375,49.95847702026367,100,0,0,346.35955810546875,0,7.924896240234375,20.27777862548828,20.26448631286621,0,1.034000039100647,0.9067617654800415,50,2.799999952316284,2.2968077659606934,0,0,0,0,8.84998958986649,0,0,0,0.0018398973625153303,-0.0007882907520979643,0,0.001051606610417366,100.30512237548828,100.13899230957031,789.6690673828125,789.538330078125,789.538330078125,549.3248901367188,0,0,25.18681526184082,0.0010999999940395355,0.02200000174343586,0.03299999609589577,0.04399999603629112,5655.8173828125,114276.53125,0.0429663360118866,0,3.1392715754918754e-05,8.193642616271973,0,0.0002616529818624258,2.8350639695418067e-05,0,0,23.700000762939453,0,0,1600,0,50,0,0,0,50,50,800,0.0,0.0,0.0,0.0
5,158.16525268554688,309.1094970703125,326.0665283203125,326.0887145996094,292.18280029296875,292.1606140136719,16515.818359375,33031.63671875,69.0501937866211,69.02543640136719,1693.2252197265625,3581.282958984375,1794.303466796875,3576.52587890625,284.5296630859375,61.943660736083984,3.969085355493007e-06,0,0,2574.7646484375,1292.4295654296875,0,24.651470184326172,2710.199951171875,11.806746482849121,11.830781936645508,902.6629028320312,1812.2459716796875,49.73274612426758,49.94852828979492,100,0,0,346.35791015625,0,7.924896240234375,20.2913761138916,20.26919937133789,0,1.034000039100647,0.9067617654800415,50,2.799999952316284,2.2955870628356934,0,0,0,0,9.770658908338163,0,0,0,0.001881746924482286,-0.0011014462215825915,0,0.0007803007611073554,100.32988739013672,100.1922378540039,789.9002685546875,789.7918701171875,789.7918701171875,549.45068359375,0,0,24.651470184326172,0.0010999999940395355,0.02200000174343586,0.03299999609589577,0.04399999603629112,5655.8173828125,114276.53125,0.0429663360118866,0,3.1392715754918754e-05,10.014452934265137,0,0.0002616529818624258,2.8350639695418067e-05,0,0,23.700000762939453,0,0,1600,0,50,0,0,0,50,50,800,0.0,0.0,0.0,0.0
6,158.16566467285156,309.1104736328125,326.0536804199219,326.08319091796875,292.1905822753906,292.1611022949219,16515.818359375,33031.63671875,69.05309295654297,69.02793884277344,1693.506591796875,3581.536865234375,1794.4373779296875,3576.391357421875,284.5291748046875,61.94235610961914,-3.2923412618401926e-06,0,0,2574.766357421875,1292.4425048828125,0,24.170326232910156,2711.34326171875,11.801651000976562,11.830948829650879,902.596923828125,1812.081298828125,49.66613006591797,49.94122314453125,100,0,0,346.35760498046875,0,7.924896240234375,20.303922653198242,20.27442169189453,0,1.034000039100647,0.9067617654800415,50,2.799999952316284,2.294619083404541,0,0,0,0,9.949008693910013,0,0,0,0.001821064855903387,-0.0013522050576284528,0,0.0004688597109634429,100.33753204345703,100.23450469970703,790.0760498046875,789.9949340820312,789.9949340820312,549.5523681640625,0,0,24.170326232910156,0.0010999999940395355,0.02200000174343586,0.03299999609589577,0.04399999603629112,5655.8173828125,114276.53125,0.0429663360118866,0,3.1392715754918754e-05,11.8352632522583,0,0.0002616529818624258,2.8350639695418067e-05,0,0,23.700000762939453,0,0,1600,0,50,0,0,0,50,50,800,0.0,0.0,0.0,0.0
7,158.1675567626953,309.1128234863281,326.043212890625,326.0787048339844,292.1976318359375,292.162109375,16515.818359375,33031.63671875,69.05570983886719,69.03036499023438,1693.8255615234375,3581.691650390625,1794.512451171875,3576.31640625,284.5299377441406,61.94429397583008,4.6947598093538545e-06,0,0,2574.7626953125,1292.4566650390625,0,23.775728225708008,2712.1708984375,11.79655933380127,11.831123352050781,902.587158203125,1812.035400390625,49.60124588012695,49.93667221069336,100,0,0,346.35821533203125,0,7.924896240234375,20.31501007080078,20.279508590698242,0,1.034000039100647,0.9067617654800415,50,2.799999952316284,2.293919086456299,0,0,0,0,9.60677032399915,0,0,0,0.0016766778426244855,-0.0015355420764535666,0,0.00014113582437857985,100.33274841308594,100.26509857177734,790.1965942382812,790.1433715820312,790.1433715820312,549.62744140625,0,0,23.775728225708008,0.0010999999940395355,0.02200000174343586,0.03299999609589577,0.04399999603629112,5655.8173828125,114276.53125,0.0429663360118866,0,3.1392715754918754e-05,13.656073570251465,0,0.0002616529818624258,2.8350639695418067e-05,0,0,23.700000762939453,0,0,1600,0,50,0,0,0,50,50,800,0.0,0.0,0.0,0.0
8,158.17054748535156,309.1160583496094,326.0349426269531,326.07537841796875,292.2041320800781,292.1636657714844,16515.818359375,33031.63671875,69.05826568603516,69.03285217285156,1694.1300048828125,3581.748291015625,1794.556884765625,3576.272216796875,284.53167724609375,61.948638916015625,-3.5886976093024714e-06,0,0,2574.755126953125,1292.4716796875,0,23.469867706298828,2712.674072265625,11.791479110717773,11.83130168914795,902.6199951171875,1812.07275390625,49.538551330566406,49.93472671508789,100,0,0,346.3594970703125,0,7.924896240234375,20.32457160949707,20.28411865234375,0,1.034000039100647,0.9067617654800415,50,2.799999952316284,2.2934935092926025,0,0,0,0,8.893372187638375,0,0,0,0.0014778724871575832,-0.00164927972946316,0,-0.00017140728596132249,100.30731201171875,100.28369903564453,790.2540893554688,790.2354736328125,790.2354736328125,549.6749267578125,0,0,23.469867706298828,0.0010999999940395355,0.02200000174343586,0.03299999609589577,0.04399999603629112,5655.8173828125,114276.53125,0.0429663360118866,0,3.1392715754918754e-05,15.476883888244629,0,0.0002616529818624258,2.8350639695418067e-05,0,0,23.700000762939453,0,0,1600,0,50,0,0,0,50,50,800,0.0,0.0,0.0,0.0
9,158.1741485595703,309.11968994140625,326.0286560058594,326.0731201171875,292.2101135253906,292.1656799316406,16515.818359375,33031.63671875,69.06088256835938,69.03547668457031,1694.391357421875,3581.676025390625,1794.5855712890625,3576.24365234375,284.5340270996094,61.954586029052734,-1.8350624486629386e-06,0,0,2574.745361328125,1292.48681640625,0,23.246326446533203,2712.761474609375,11.786410331726074,11.831483840942383,902.673095703125,1812.1439208984375,49.478797912597656,49.9360237121582,100,0,0,346.3612060546875,0,7.924896240234375,20.33254051208496,20.2880859375,0,1.034000039100647,0.9067617654800415,50,2.799999952316284,2.29341983795166,0,0,0,0,7.934141677732396,0,0,0,0.0012539380695670843,-0.0016727307811379433,0,-0.0004187927406746894,100.26676940917969,100.28692626953125,790.2385864257812,790.2544555664062,790.2544555664062,549.6861572265625,0,0,23.246326446533203,0.0010999999940395355,0.02200000174343586,0.03299999609589577,0.04399999603629112,5655.8173828125,114276.53125,0.0429663360118866,0,3.1392715754918754e-05,17.297693252563477,0,0.0002616529818624258,2.8350639695418067e-05,0,0,23.700000762939453,0,0,1600,0,50,0,0,0,50,50,800,0.0,0.0,0.0,0.0
10,158.1779022216797,309.1232604980469,326.0240478515625,326.07177734375,292.2158203125,292.1680908203125,16515.818359375,33031.63671875,69.06360626220703,69.03825378417969,1694.61572265625,3581.502685546875,1794.6033935546875,3576.2255859375,284.53668212890625,61.961280822753906,-3.1969896099326434e-06,0,0,2574.73388671875,1292.50146484375,0,23.11358070373535,2712.481201171875,11.781357765197754,11.8316650390625,902.726806640625,1812.212646484375,49.42171096801758,49.94011688232422,100,0,0,346.3631286621094,0,7.924896240234375,20.33908462524414,20.29134178161621,0,1.034000039100647,0.9067617654800415,50,2.799999952316284,2.293656587600708,0,0,0,0,6.8640444731912345,0,0,0,0.0010320792207494378,-0.0016158621292561293,0,-0.0005837828502990305,100.22271728515625,100.27656555175781,790.166015625,790.2084350585938,790.2084350585938,549.6649780273438,0,0,23.11358070373535,0.0010999999940395355,0.02200000174343586,0.03299999609589577,0.04399999603629112,5655.8173828125,114276.53125,0.0429663360118866,0,3.1392715754918754e-05,19.118501663208008,0,0.0002616529818624258,2.8350639695418067e-05,0,0,23.700000762939453,0,0,1600,0,50,0,0,0,50,50,800,0.0,0.0,0.0,0.0
11,158.181396484375,309.12646484375,326.020751953125,326.0711364746094,292.22113037109375,292.1707458496094,16515.818359375,33031.63671875,69.06641387939453,69.04114532470703,1694.818603515625,3581.25244140625,1794.6138916015625,3576.21533203125,284.539306640625,61.96792221069336,-2.0572908852045657e-06,0,0,2574.722900390625,1292.5155029296875,0,23.072118759155273,2711.92724609375,11.776314735412598,11.8318452835083,902.7648315429688,1812.25146484375,49.366661071777344,49.94625473022461,100,0,0,346.364990234375,0,7.924896240234375,20.34423828125,20.293851852416992,0,1.034000039100647,0.9067617654800415,50,2.799999952316284,2.2941250801086426,0,0,0,0,5.813228870293857,0,0,0,0.0008353220764547586,-0.0014987741596996784,0,-0.0006634521414525807,100.17951965332031,100.25608825683594,790.0533447265625,790.1135864257812,790.1135864257812,549.6192626953125,0,0,23.072118759155273,0.0010999999940395355,0.02200000174343586,0.03299999609589577,0.04399999603629112,5655.8173828125,114276.53125,0.0429663360118866,0,3.1392715754918754e-05,20.93931007385254,0,0.0002616529818624258,2.8350639695418067e-05,0,0,23.700000762939453,0,0,1600,0,50,0,0,0,50,50,800,0.0,0.0,0.0,0.0
12,158.1843719482422,309.1289978027344,326.0183410644531,326.07086181640625,292.22613525390625,292.17364501953125,16515.818359375,33031.63671875,69.06924438476562,69.04408264160156,1695.0135498046875,3580.955322265625,1794.621337890625,3576.207275390625,284.5416259765625,61.97382354736328,3.3599860671529314e-06,0,0,2574.71337890625,1292.5284423828125,0,23.118118286132812,2711.19970703125,11.771282196044922,11.832021713256836,902.7789916992188,1812.2374267578125,49.31290817260742,49.95365524291992,100,0,0,346.36669921875,0,7.924896240234375,20.34834098815918,20.295818328857422,0,1.034000039100647,0.9067617654800415,50,2.799999952316284,2.294740676879883,0,0,0,0,4.878099356515977,0,0,0,0.000678325304761529,-0.0013429921818897128,0,-0.0006646668771281838,100.14118957519531,100.22919464111328,789.9181518554688,789.9874877929688,789.9874877929688,549.5576171875,0,0,23.118118286132812,0.0010999999940395355,0.02200000174343586,0.03299999609589577,0.04399999603629112,5655.8173828125,114276.53125,0.0429663360118866,0,3.1392715754918754e-05,22.76011848449707,0,0.0002616529818624258,2.8350639695418067e-05,0,0,23.700000762939453,0,0,1600,0,50,0,0,0,50,50,800,0.0,0.0,0.0,0.0
13,158.18666076660156,309.1308288574219,326.0165710449219,326.0707702636719,292.2307434082031,292.17657470703125,16515.818359375,33031.63671875,69.072021484375,69.04698181152344,1695.220947265625,3580.655517578125,1794.626220703125,3576.202392578125,284.5434875488281,61.97858428955078,5.227700057730544e-06,0,0,2574.705322265625,1292.5399169921875,0,23.215972900390625,2710.427978515625,11.766260147094727,11.832188606262207,902.7691040039062,1812.173583984375,49.25956726074219,49.96128463745117,100,0,0,346.3680114746094,0,7.924896240234375,20.35142707824707,20.2972412109375,0,1.034000039100647,0.9067617654800415,50,2.799999952316284,2.295393943786621,0,0,0,0,4.121318873864976,0,0,0,0.0005652822437696159,-0.0011766570387408137,0,-0.0006113747949711978,100.11425018310547,100.20066833496094,789.7847900390625,789.852783203125,789.852783203125,549.4913940429688,0,0,23.215972900390625,0.0010999999940395355,0.02200000174343586,0.03299999609589577,0.04399999603629112,5655.8173828125,114276.53125,0.0429663360118866,0,3.1392715754918754e-05,24.5809268951416,0,0.0002616529818624258,2.8350639695418067e-05,0,0,23.700000762939453,0,0,1600,0,50,0,0,0,50,50,800,0.0,0.0,0.0,0.0
14,158.18824768066406,309.1319580078125,326.01519775390625,326.0706787109375,292.23492431640625,292.179443359375,16515.818359375,33031.63671875,69.07466125488281,69.04975128173828,1695.4466552734375,3580.363525390625,1794.6302490234375,3576.198974609375,284.5448913574219,61.98204803466797,9.960036777556525e-07,0,0,2574.699462890625,1292.550048828125,0,23.346731185913086,2709.68017578125,11.761245727539062,11.832347869873047,902.7361450195312,1812.0625,49.20608139038086,49.968666076660156,100,0,0,346.3690185546875,0,7.924896240234375,20.35383415222168,20.29836082458496,0,1.034000039100647,0.9067617654800415,50,2.799999952316284,2.296027660369873,0,0,0,0,3.5669894243955844,0,0,0,0.0004961981903761625,-0.001014677225612104,0,-0.0005184790934436023,100.09833526611328,100.17301940917969,789.662841796875,789.7216186523438,789.7216186523438,549.4265747070312,0,0,23.346731185913086,0.0010999999940395355,0.02200000174343586,0.03299999609589577,0.04399999603629112,5655.8173828125,114276.53125,0.0429663360118866,0,3.1392715754918754e-05,26.401735305786133,0,0.0002616529818624258,2.8350639695418067e-05,0,0,23.700000762939453,0,0,1600,0,50,0,0,0,50,50,800,0.0,0.0,0.0,0.0
15,158.18917846679688,309.13250732421875,326.01397705078125,326.0704345703125,292.23870849609375,292.1822204589844,16515.818359375,33031.63671875,69.07710266113281,69.05233764648438,1695.70166015625,3580.10400390625,1794.63427734375,3576.19482421875,284.5457458496094,61.9842414855957,5.3676853895012755e-06,0,0,2574.69580078125,1292.5584716796875,0,23.482362747192383,2709.036376953125,11.756240844726562,11.832497596740723,902.686767578125,1811.912353515625,49.15192794799805,49.97517776489258,100,0,0,346.3696594238281,0,7.924896240234375,20.35569953918457,20.29924201965332,0,1.034000039100647,0.9067617654800415,50,2.799999952316284,2.2965734004974365,0,0,0,0,3.2102906076968547,0,0,0,0.00046270230086520314,-0.0008746409439481795,0,-0.00041193864308297634,100.08527374267578,100.14921569824219,789.5579223632812,789.6082153320312,789.6082153320312,549.3702392578125,0,0,23.482362747192383,0.0010999999940395355,0.02200000174343586,0.03299999609589577,0.04399999603629112,5655.8173828125,114276.53125,0.0429663360118866,0,3.1392715754918754e-05,28.222543716430664,0,0.0002616529818624258,2.8350639695418067e-05,0,0,23.700000762939453,0,0,1600,0,50,0,0,0,50,50,800,0.0,0.0,0.0,0.0
16,158.1895751953125,309.1325988769531,326.0128173828125,326.0700378417969,292.2420654296875,292.184814453125,16515.818359375,33031.63671875,69.07929992675781,69.05467987060547,1695.98583984375,3579.87841796875,1794.6365966796875,3576.192138671875,284.5461730957031,61.9853515625,4.269185410521459e-06,0,0,2574.69384765625,1292.5654296875,0,23.60502815246582,2708.4921875,11.751246452331543,11.832636833190918,902.62744140625,1811.743408203125,49.09715270996094,49.98081588745117,100,0,0,346.3699645996094,0,7.924896240234375,20.357158660888672,20.299955368041992,0,1.034000039100647,0.9067617654800415,50,2.799999952316284,2.297034740447998,0,0,0,0,3.027120673195715,0,0,0,0.0004564217524603009,-0.0007557942881248891,0,-0.0002993725356645882,100.07672882080078,100.12909698486328,789.4707641601562,789.5120239257812,789.5120239257812,549.3223266601562,0,0,23.60502815246582,0.0010999999940395355,0.02200000174343586,0.03299999609589577,0.04399999603629112,5655.8173828125,114276.53125,0.0429663360118866,0,3.1392715754918754e-05,30.043352127075195,0,0.0002616529818624258,2.8350639695418067e-05,0,0,23.700000762939453,0,0,1600,0,50,0,0,0,50,50,800,0.0,0.0,0.0,0.0
17,158.1896209716797,309.13238525390625,326.0116271972656,326.0693664550781,292.2449951171875,292.18719482421875,16515.818359375,33031.63671875,69.08123779296875,69.0567626953125,1696.2994384765625,3579.6865234375,1794.6378173828125,3576.19140625,284.5462951660156,61.98561096191406,1.2347737765594502e-06,0,0,2574.693359375,1292.57080078125,0,23.701766967773438,2708.054443359375,11.746262550354004,11.832765579223633,902.5658569335938,1811.5687255859375,49.041725158691406,49.98556137084961,100,0,0,346.3700866699219,0,7.924896240234375,20.35844612121582,20.300701141357422,0,1.034000039100647,0.9067617654800415,50,2.799999952316284,2.297405958175659,0,0,0,0,2.969277628635966,0,0,0,0.0004689828201662749,-0.000659896177239716,0,-0.00019091334252152592,100.07286834716797,100.11292266845703,789.40283203125,789.4343872070312,789.4343872070312,549.283447265625,0,0,23.701766967773438,0.0010999999940395355,0.02200000174343586,0.03299999609589577,0.04399999603629112,5655.8173828125,114276.53125,0.0429663360118866,0,3.1392715754918754e-05,31.864160537719727,0,0.0002616529818624258,2.8350639695418067e-05,0,0,23.700000762939453,0,0,1600,0,50,0,0,0,50,50,800,0.0,0.0,0.0,0.0
18,158.18934631347656,309.1319580078125,326.0104064941406,326.0685119628906,292.2475280761719,292.1893615722656,16515.818359375,33031.63671875,69.08290100097656,69.05858612060547,1696.6434326171875,3579.529541015625,1794.639892578125,3576.18896484375,284.5461730957031,61.98530197143555,-3.2839152481756173e-06,0,0,2574.693359375,1292.5750732421875,0,23.7744083404541,2707.728515625,11.741288185119629,11.832886695861816,902.50439453125,1811.39306640625,48.98558807373047,49.98938751220703,100,0,0,346.3700256347656,0,7.924896240234375,20.359600067138672,20.301513671875,0,1.034000039100647,0.9067617654800415,50,2.799999952316284,2.297682523727417,0,0,0,0,3.0030194255859577,0,0,0,0.0004961981903761625,-0.0005880354437977076,0,-9.183722431771457e-05,100.07308197021484,100.10086822509766,789.354248046875,789.3761596679688,789.3761596679688,549.254150390625,0,0,23.7744083404541,0.0010999999940395355,0.02200000174343586,0.03299999609589577,0.04399999603629112,5655.8173828125,114276.53125,0.0429663360118866,0,3.1392715754918754e-05,33.68497085571289,0,0.0002616529818624258,2.8350639695418067e-05,0,0,23.700000762939453,0,0,1600,0,50,0,0,0,50,50,800,0.0,0.0,0.0,0.0
19,158.1889190673828,309.1314697265625,326.0091857910156,326.0674743652344,292.2496643066406,292.1913146972656,16515.818359375,33031.63671875,69.08429718017578,69.06015014648438,1697.015625,3579.405517578125,1794.6416015625,3576.187255859375,284.5458984375,61.984622955322266,-3.4594808084875694e-07,0,0,2574.694580078125,1292.5782470703125,0,23.826019287109375,2707.510498046875,11.73633098602295,11.832999229431152,902.449462890625,1811.2266845703125,48.92887878417969,49.992313385009766,100,0,0,346.3698425292969,0,7.924896240234375,20.36065101623535,20.3023624420166,0,1.034000039100647,0.9067617654800415,50,2.799999952316284,2.2978675365448,0,0,0,0,3.1090652168468793,0,0,0,0.0005255067953839898,-0.0005397094646468759,0,-1.4202683814801276e-05,100.0764389038086,100.09281158447266,789.3241577148438,789.3370361328125,789.3370361328125,549.234375,0,0,23.826019287109375,0.0010999999940395355,0.02200000174343586,0.03299999609589577,0.04399999603629112,5655.8173828125,114276.53125,0.0429663360118866,0,3.1392715754918754e-05,35.50577926635742,0,0.0002616529818624258,2.8350639695418067e-05,0,0,23.700000762939453,0,0,1600,0,50,0,0,0,50,50,800,0.0,0.0,0.0,0.0
20,158.18844604492188,309.1310119628906,326.0079650878906,326.0662841796875,292.2514953613281,292.19305419921875,16515.818359375,33031.63671875,69.08546447753906,69.06148529052734,1697.4146728515625,3579.312255859375,1794.64306640625,3576.18603515625,284.5455627441406,61.98379898071289,1.7851940583568648e-06,0,0,2574.696044921875,1292.580322265625,0,23.850383758544922,2707.39013671875,11.731385231018066,11.833105087280273,902.4048461914062,1811.079833984375,48.87161636352539,49.99443817138672,100,0,0,346.3695983886719,0,7.924896240234375,20.36163330078125,20.303312301635742,0,1.034000039100647,0.9067617654800415,50,2.799999952316284,2.2979698181152344,0,0,0,0,3.2392120042359007,0,0,0,0.0005548150511458516,-0.000512740749400109,0,4.207431265967898e-05,100.08148956298828,100.0883560180664,789.3097534179688,789.315185546875,789.315185546875,549.2232666015625,0,0,23.850383758544922,0.0010999999940395355,0.02200000174343586,0.03299999609589577,0.04399999603629112,5655.8173828125,114276.53125,0.0429663360118866,0,3.1392715754918754e-05,37.32658767700195,0,0.0002616529818624258,2.8350639695418067e-05,0,0,23.700000762939453,0,0,1600,0,50,0,0,0,50,50,800,0.0,0.0,0.0,0.0
21,158.1880340576172,309.1305847167969,326.00677490234375,326.0650634765625,292.2530212402344,292.19464111328125,16515.818359375,33031.63671875,69.08641815185547,69.0626220703125,1697.8365478515625,3579.243896484375,1794.64404296875,3576.18505859375,284.5452575683594,61.98297882080078,4.497343979892321e-06,0,0,2574.697509765625,1292.5819091796875,0,23.857559204101562,2707.348876953125,11.726457595825195,11.83320426940918,902.3714599609375,1810.954345703125,48.81397247314453,49.995906829833984,100,0,0,346.3693542480469,0,7.924896240234375,20.36258316040039,20.30429458618164,0,1.034000039100647,0.9067617654800415,50,2.799999952316284,2.298004627227783,0,0,0,0,3.3693590431065794,0,0,0,0.000579936255235225,-0.0005031928303651512,0,7.674341759411618e-05,100.08728790283203,100.08683776855469,789.3078002929688,789.3074951171875,789.3074951171875,549.2191162109375,0,0,23.857559204101562,0.0010999999940395355,0.02200000174343586,0.03299999609589577,0.04399999603629112,5655.8173828125,114276.53125,0.0429663360118866,0,3.1392715754918754e-05,39.147396087646484,0,0.0002616529818624258,2.8350639695418067e-05,0,0,23.700000762939453,0,0,1600,0,50,0,0,0,50,50,800,0.0,0.0,0.0,0.0
22,158.18772888183594,309.1302795410156,326.00567626953125,326.0638122558594,292.2543029785156,292.196044921875,16515.818359375,33031.63671875,69.08719635009766,69.0635757446289,1698.27880859375,3579.193115234375,1794.64501953125,3576.18408203125,284.54498291015625,61.98229217529297,-4.362439085525693e-06,0,0,2574.698486328125,1292.5826416015625,0,23.847007751464844,2707.367431640625,11.721549034118652,11.833298683166504,902.3480224609375,1810.8477783203125,48.756141662597656,49.99687576293945,100,0,0,346.36920166015625,0,7.924896240234375,20.36353302001953,20.30537986755371,0,1.034000039100647,0.9067617654800415,50,2.799999952316284,2.2979888916015625,0,0,0,0,3.4754045828858433,0,0,0,0.000598776969127357,-0.0005067942547611892,0,9.198273619404063e-05,100.0929946899414,100.0875244140625,789.3146362304688,789.3103637695312,789.3103637695312,549.2203979492188,0,0,23.847007751464844,0.0010999999940395355,0.02200000174343586,0.03299999609589577,0.04399999603629112,5655.8173828125,114276.53125,0.0429663360118866,0,3.1392715754918754e-05,40.968204498291016,0,0.0002616529818624258,2.8350639695418067e-05,0,0,23.700000762939453,0,0,1600,0,50,0,0,0,50,50,800,0.0,0.0,0.0,0.0
23,158.1875762939453,309.130126953125,326.0046691894531,326.0626220703125,292.25537109375,292.1972961425781,16515.818359375,33031.63671875,69.08783721923828,69.06439208984375,1698.738037109375,3579.154541015625,1794.64599609375,3576.1826171875,284.5447998046875,61.981834411621094,3.6677357684311573e-07,0,0,2574.69921875,1292.5828857421875,0,23.826398849487305,2707.4248046875,11.716659545898438,11.833390235900879,902.3367309570312,1810.7646484375,48.698265075683594,49.99751663208008,100,0,0,346.3690490722656,0,7.924896240234375,20.3643798828125,20.30643081665039,0,1.034000039100647,0.9067617654800415,50,2.799999952316284,2.297940254211426,0,0,0,0,3.5428881767858273,0,0,0,0.0006092439871281385,-0.0005190222873352468,0,9.022167068906128e-05,100.09789276123047,100.08963775634766,789.3267822265625,789.3203125,789.3203125,549.2252197265625,0,0,23.826398849487305,0.0010999999940395355,0.02200000174343586,0.03299999609589577,0.04399999603629112,5655.8173828125,114276.53125,0.0429663360118866,0,3.1392715754918754e-05,42.78901290893555,0,0.0002616529818624258,2.8350639695418067e-05,0,0,23.700000762939453,0,0,1600,0,50,0,0,0,50,50,800,0.0,0.0,0.0,0.0
24,158.18759155273438,309.1300964355469,326.00384521484375,326.0615539550781,292.2561950683594,292.19842529296875,16515.818359375,33031.63671875,69.08836364746094,69.06510925292969,1699.210693359375,3579.121337890625,1794.6463623046875,3576.1826171875,284.5447082519531,61.981624603271484,3.1855137194725103e-07,0,0,2574.699462890625,1292.582763671875,0,23.799488067626953,2707.501220703125,11.711791038513184,11.833477973937988,902.3351440429688,1810.69970703125,48.6404914855957,49.99797821044922,100,0,0,346.3690185546875,0,7.924896240234375,20.36519432067871,20.30748176574707,0,1.034000039100647,0.9067617654800415,50,2.799999952316284,2.29787540435791,0,0,0,0,3.55734887505535,0,0,0,0.0006113373674452305,-0.0005356892943382263,0,7.564805127913132e-05,100.10150146484375,100.09246826171875,789.3408813476562,789.3338012695312,789.3338012695312,549.23193359375,0,0,23.799488067626953,0.0010999999940395355,0.02200000174343586,0.03299999609589577,0.04399999603629112,5655.8173828125,114276.53125,0.0429663360118866,0,3.1392715754918754e-05,44.60982131958008,0,0.0002616529818624258,2.8350639695418067e-05,0,0,23.700000762939453,0,0,1600,0,50,0,0,0,50,50,800,0.0,0.0,0.0,0.0
25,158.18772888183594,309.13018798828125,326.0031433105469,326.0605773925781,292.2569274902344,292.199462890625,16515.818359375,33031.63671875,69.08881378173828,69.06573486328125,1699.6944580078125,3579.089111328125,1794.6466064453125,3576.18212890625,284.5447082519531,61.98165512084961,4.966613232681993e-06,0,0,2574.69921875,1292.5823974609375,0,23.771636962890625,2707.580322265625,11.70694637298584,11.833563804626465,902.3428955078125,1810.652587890625,48.582969665527344,49.99840545654297,100,0,0,346.3690490722656,0,7.924896240234375,20.36590576171875,20.308500289916992,0,1.034000039100647,0.9067617654800415,50,2.799999952316284,2.2978081703186035,0,0,0,0,3.538068027856539,0,0,0,0.0006050571682862937,-0.0005530263297259808,0,5.2030816732440144e-05,100.10359191894531,100.09539031982422,789.354248046875,789.3478393554688,789.3478393554688,549.2389526367188,0,0,23.771636962890625,0.0010999999940395355,0.02200000174343586,0.03299999609589577,0.04399999603629112,5655.8173828125,114276.53125,0.0429663360118866,0,3.1392715754918754e-05,46.43062973022461,0,0.0002616529818624258,2.8350639695418067e-05,0,0,23.700000762939453,0,0,1600,0,50,0,0,0,50,50,800,0.0,0.0,0.0,0.0
26,158.18798828125,309.13043212890625,326.002685546875,326.0597229003906,292.2575378417969,292.2004699707031,16515.818359375,33031.63671875,69.08919525146484,69.06631469726562,1700.186767578125,3579.053955078125,1794.650146484375,3576.178466796875,284.54486083984375,61.9819450378418,-4.055471436004154e-06,0,0,2574.698486328125,1292.5821533203125,0,23.74152946472168,2707.648193359375,11.70212459564209,11.833647727966309,902.3600463867188,1810.6181640625,48.525814056396484,49.99888610839844,100,0,0,346.3691711425781,0,7.924896240234375,20.366483688354492,20.3094482421875,0,1.034000039100647,0.9067617654800415,50,2.799999952316284,2.29775071144104,0,0,0,0,3.4802249832967895,0,0,0,0.0005904033314436674,-0.000568101997487247,0,2.230133759439923e-05,100.10405731201172,100.097900390625,789.3648681640625,789.3600463867188,789.3600463867188,549.2451171875,0,0,23.74152946472168,0.0010999999940395355,0.02200000174343586,0.03299999609589577,0.04399999603629112,5655.8173828125,114276.53125,0.0429663360118866,0,3.1392715754918754e-05,48.25143814086914,0,0.0002616529818624258,2.8350639695418067e-05,0,0,23.700000762939453,0,0,1600,0,50,0,0,0,50,50,800,0.0,0.0,0.0,0.0
27,158.18836975097656,309.1307373046875,326.0024108886719,326.0590515136719,292.25799560546875,292.20135498046875,16515.818359375,33031.63671875,69.08953857421875,69.06686401367188,1700.685546875,3579.013427734375,1794.6484375,3576.180908203125,284.5450439453125,61.98244857788086,-1.8125907672583708e-06,0,0,2574.69775390625,1292.581298828125,0,23.714529037475586,2707.6953125,11.69732666015625,11.833730697631836,902.3814086914062,1810.595947265625,48.469085693359375,49.99950408935547,100,0,0,346.36932373046875,0,7.924896240234375,20.366924285888672,20.3102970123291,0,1.034000039100647,0.9067617654800415,50,2.799999952316284,2.297710657119751,0,0,0,0,3.388639890305391,0,0,0,0.0005715625593438745,-0.0005787387490272522,0,-7.1761987783247605e-06,100.10296630859375,100.09963989257812,789.3712768554688,789.36865234375,789.36865234375,549.2496337890625,0,0,23.714529037475586,0.0010999999940395355,0.02200000174343586,0.03299999609589577,0.04399999603629112,5655.8173828125,114276.53125,0.0429663360118866,0,3.1392715754918754e-05,50.07224655151367,0,0.0002616529818624258,2.8350639695418067e-05,0,0,23.700000762939453,0,0,1600,0,50,0,0,0,50,50,800,0.0,0.0,0.0,0.0
28,158.18878173828125,309.1310729980469,326.0023193359375,326.0584716796875,292.25836181640625,292.2021484375,16515.818359375,33031.63671875,69.08985900878906,69.06739044189453,1701.1907958984375,3578.96435546875,1794.648193359375,3576.180908203125,284.5452880859375,61.983097076416016,1.2371148159218137e-06,0,0,2574.696533203125,1292.5804443359375,0,23.69356346130371,2707.7158203125,11.692554473876953,11.83381175994873,902.407958984375,1810.5811767578125,48.41283416748047,50.00031280517578,100,0,0,346.3695373535156,0,7.924896240234375,20.367229461669922,20.311077117919922,0,1.034000039100647,0.9067617654800415,50,2.799999952316284,2.2976932525634766,0,0,0,0,3.2729538011858925,0,0,0,0.0005506282323040068,-0.0005836802301928401,0,-3.305199425085448e-05,100.10061645507812,100.10040283203125,789.372802734375,789.3726196289062,789.3726196289062,549.2517700195312,0,0,23.69356346130371,0.0010999999940395355,0.02200000174343586,0.03299999609589577,0.04399999603629112,5655.8173828125,114276.53125,0.0429663360118866,0,3.1392715754918754e-05,51.8930549621582,0,0.0002616529818624258,2.8350639695418067e-05,0,0,23.700000762939453,0,0,1600,0,50,0,0,0,50,50,800,0.0,0.0,0.0,0.0
29,158.18923950195312,309.1314697265625,326.0023498535156,326.0580139160156,292.2586669921875,292.2029724121094,16515.818359375,33031.63671875,69.09017181396484,69.0678939819336,1701.7021484375,3578.90869140625,1794.6478271484375,3576.181396484375,284.54559326171875,61.98382568359375,-4.783486474480014e-06,0,0,2574.695068359375,1292.5797119140625,0,23.681583404541016,2707.708984375,11.687807083129883,11.833890914916992,902.4349365234375,1810.568359375,48.3570671081543,50.00128936767578,100,0,0,346.3697814941406,0,7.924896240234375,20.367431640625,20.31175422668457,0,1.034000039100647,0.9067617654800415,50,2.799999952316284,2.297699213027954,0,0,0,0,3.1476271627261596,0,0,0,0.0005255067953839898,-0.0005825914558954537,0,-5.708462413167581e-05,100.09736633300781,100.10014343261719,789.3695678710938,789.3717651367188,789.3717651367188,549.2515258789062,0,0,23.681583404541016,0.0010999999940395355,0.02200000174343586,0.03299999609589577,0.04399999603629112,5655.8173828125,114276.53125,0.0429663360118866,0,3.1392715754918754e-05,53.713863372802734,0,0.0002616529818624258,2.8350639695418067e-05,0,0,23.700000762939453,0,0,1600,0,50,0,0,0,50,50,800,0.0,0.0,0.0,0.0
30,158.18968200683594,309.1318054199219,326.00250244140625,326.05767822265625,292.2589416503906,292.2037048339844,16515.818359375,33031.63671875,69.09046173095703,69.06839752197266,1702.2183837890625,3578.84521484375,1794.649169921875,3576.1796875,284.5458679199219,61.98457336425781,2.736685928539373e-06,0,0,2574.69384765625,1292.57861328125,0,23.674766540527344,2707.675537109375,11.683088302612305,11.833969116210938,902.464599609375,1810.555419921875,48.30181121826172,50.0024528503418,100,0,0,346.3700256347656,0,7.924896240234375,20.36750030517578,20.31233024597168,0,1.034000039100647,0.9067617654800415,50,2.799999952316284,2.297727346420288,0,0,0,0,3.017480375337138,0,0,0,0.0005045721190981567,-0.0005758073530159891,0,-7.12352484697476e-05,100.093505859375,100.09891510009766,789.3619995117188,789.3662719726562,789.3662719726562,549.2489624023438,0,0,23.674766540527344,0.0010999999940395355,0.02200000174343586,0.03299999609589577,0.04399999603629112,5655.8173828125,114276.53125,0.0429663360118866,0,3.1392715754918754e-05,55.534671783447266,0,0.0002616529818624258,2.8350639695418067e-05,0,0,23.700000762939453,0,0,1600,0,50,0,0,0,50,50,800,0.0,0.0,0.0,0.0
31,158.19007873535156,309.1321105957031,326.00274658203125,326.057373046875,292.2591552734375,292.2044677734375,16515.818359375,33031.63671875,69.09073638916016,69.06887817382812,1702.7420654296875,3578.776123046875,1794.6484375,3576.1806640625,284.546142578125,61.98528289794922,4.446780621947255e-06,0,0,2574.6923828125,1292.5770263671875,0,23.67467498779297,2707.620849609375,11.678391456604004,11.834044456481934,902.493408203125,1810.5419921875,48.246986389160156,50.00374221801758,100,0,0,346.3702087402344,0,7.924896240234375,20.36746597290039,20.31283950805664,0,1.034000039100647,0.9067617654800415,50,2.799999952316284,2.297773838043213,0,0,0,0,2.896973885806694,0,0,0,0.0004857307649217546,-0.0005642493488267064,0,-7.851855480112135e-05,100.08956146240234,100.09689331054688,789.3511352539062,789.35693359375,789.35693359375,549.2444458007812,0,0,23.67467498779297,0.0010999999940395355,0.02200000174343586,0.03299999609589577,0.04399999603629112,5655.8173828125,114276.53125,0.0429663360118866,0,3.1392715754918754e-05,57.3554801940918,0,0.0002616529818624258,2.8350639695418067e-05,0,0,23.700000762939453,0,0,1600,0,50,0,0,0,50,50,800,0.0,0.0,0.0,0.0
32,158.1904296875,309.1323547363281,326.0030822753906,326.0571594238281,292.25927734375,292.2051696777344,16515.818359375,33031.63671875,69.09098815917969,69.06935119628906,1703.2718505859375,3578.70458984375,1794.6463623046875,3576.182861328125,284.5464172363281,61.985897064208984,2.267416448376025e-06,0,0,2574.691162109375,1292.57568359375,0,23.68292236328125,2707.551513671875,11.673724174499512,11.834117889404297,902.5198974609375,1810.5257568359375,48.192588806152344,50.005123138427734,100,0,0,346.37042236328125,0,7.924896240234375,20.36733055114746,20.31324577331543,0,1.034000039100647,0.9067617654800415,50,2.799999952316284,2.297832727432251,0,0,0,0,2.786107945616484,0,0,0,0.0004710763168986887,-0.0005493412027135491,0,-7.826487126294523e-05,100.08589172363281,100.09432220458984,789.3381958007812,789.3448486328125,789.3448486328125,549.2385864257812,0,0,23.68292236328125,0.0010999999940395355,0.02200000174343586,0.03299999609589577,0.04399999603629112,5655.8173828125,114276.53125,0.0429663360118866,0,3.1392715754918754e-05,59.17628860473633,0,0.0002616529818624258,2.8350639695418067e-05,0,0,23.700000762939453,0,0,1600,0,50,0,0,0,50,50,800,0.0,0.0,0.0,0.0
33,158.19068908691406,309.13250732421875,326.0035095214844,326.0569763183594,292.2593688964844,292.205810546875,16515.818359375,33031.63671875,69.09121704101562,69.06978607177734,1703.809814453125,3578.63037109375,1794.6475830078125,3576.180908203125,284.5466003417969,61.98637390136719,4.4324238501758373e-07,0,0,2574.6904296875,1292.5738525390625,0,23.694255828857422,2707.474365234375,11.669082641601562,11.834188461303711,902.5443115234375,1810.4993896484375,48.13854217529297,50.00653076171875,100,0,0,346.37054443359375,0,7.924896240234375,20.3670597076416,20.31358528137207,0,1.034000039100647,0.9067617654800415,50,2.799999952316284,2.297898054122925,0,0,0,0,2.699343504517689,0,0,0,0.00046270230086520314,-0.0005326741375029087,0,-6.997185846557841e-05,100.08283996582031,100.09147644042969,789.3245849609375,789.3313598632812,789.3313598632812,549.2318725585938,0,0,23.694255828857422,0.0010999999940395355,0.02200000174343586,0.03299999609589577,0.04399999603629112,5655.8173828125,114276.53125,0.0429663360118866,0,3.1392715754918754e-05,60.99709701538086,0,0.0002616529818624258,2.8350639695418067e-05,0,0,23.700000762939453,0,0,1600,0,50,0,0,0,50,50,800,0.0,0.0,0.0,0.0
34,158.1908721923828,309.132568359375,326.0038757324219,326.0567626953125,292.2593688964844,292.2063903808594,16515.818359375,33031.63671875,69.0914077758789,69.0701904296875,1704.356201171875,3578.55859375,1794.64794921875,3576.181396484375,284.5467224121094,61.98671340942383,-1.0257413123326842e-06,0,0,2574.689697265625,1292.5716552734375,0,23.70882797241211,2707.398193359375,11.664467811584473,11.834257125854492,902.5678100585938,1810.4730224609375,48.08481216430664,50.00790023803711,100,0,0,346.3706970214844,0,7.924896240234375,20.3668212890625,20.31392478942871,0,1.034000039100647,0.9067617654800415,50,2.799999952316284,2.2979629039764404,0,0,0,0,2.6366800595469937,0,0,0,0.00045851527829654515,-0.0005160908913239837,0,-5.7575609389459714e-05,100.08061218261719,100.08865356445312,789.3115844726562,789.3179321289062,789.3179321289062,549.2252197265625,0,0,23.70882797241211,0.0010999999940395355,0.02200000174343586,0.03299999609589577,0.04399999603629112,5655.8173828125,114276.53125,0.0429663360118866,0,3.1392715754918754e-05,62.81790542602539,0,0.0002616529818624258,2.8350639695418067e-05,0,0,23.700000762939453,0,0,1600,0,50,0,0,0,50,50,800,0.0,0.0,0.0,0.0
35,158.1909942626953,309.132568359375,326.0042724609375,326.0565490722656,292.2592468261719,292.2069396972656,16515.818359375,33031.63671875,69.091552734375,69.070556640625,1704.9124755859375,3578.48974609375,1794.6463623046875,3576.1826171875,284.54681396484375,61.98691177368164,-2.7205423975829035e-06,0,0,2574.689208984375,1292.5693359375,0,23.722553253173828,2707.328857421875,11.659879684448242,11.83432388305664,902.590576171875,1810.444091796875,48.03133773803711,50.00919723510742,100,0,0,346.3707580566406,0,7.924896240234375,20.366483688354492,20.31419563293457,0,1.034000039100647,0.9067617654800415,50,2.799999952316284,2.2980217933654785,0,0,0,0,2.5932977132567676,0,0,0,0.00045851527829654515,-0.000500931462738663,0,-4.2416191718075424e-05,100.07917785644531,100.08609008789062,789.3002319335938,789.3056640625,789.3056640625,549.2191162109375,0,0,23.722553253173828,0.0010999999940395355,0.02200000174343586,0.03299999609589577,0.04399999603629112,5655.8173828125,114276.53125,0.0429663360118866,0,3.1392715754918754e-05,64.63871765136719,0,0.0002616529818624258,2.8350639695418067e-05,0,0,23.700000762939453,0,0,1600,0,50,0,0,0,50,50,800,0.0,0.0,0.0,0.0
36,158.1910400390625,309.13250732421875,326.0046691894531,326.05633544921875,292.25909423828125,292.20745849609375,16515.818359375,33031.63671875,69.09165954589844,69.07087707519531,1705.477294921875,3578.423828125,1794.6475830078125,3576.181396484375,284.5468444824219,61.986968994140625,-4.6411605580942705e-06,0,0,2574.68896484375,1292.5662841796875,0,23.74090576171875,2707.270751953125,11.655320167541504,11.834388732910156,902.6137084960938,1810.4132080078125,47.97811508178711,50.01040267944336,100,0,0,346.37078857421875,0,7.924896240234375,20.36610984802246,20.31446647644043,0,1.034000039100647,0.9067617654800415,50,2.799999952316284,2.2980709075927734,0,0,0,0,2.56919646564701,0,0,0,0.00046270230086520314,-0.0004882008652202785,0,-2.5498582544969395e-05,100.07857513427734,100.08394622802734,789.2911376953125,789.2953491210938,789.2953491210938,549.2139282226562,0,0,23.74090576171875,0.0010999999940395355,0.02200000174343586,0.03299999609589577,0.04399999603629112,5655.8173828125,114276.53125,0.0429663360118866,0,3.1392715754918754e-05,66.45953369140625,0,0.0002616529818624258,2.8350639695418067e-05,0,0,23.700000762939453,0,0,1600,0,50,0,0,0,50,50,800,0.0,0.0,0.0,0.0
37,158.19102478027344,309.1323547363281,326.0050964355469,326.0560607910156,292.2588806152344,292.2078552246094,16515.818359375,33031.63671875,69.09171295166016,69.07115173339844,1706.05224609375,3578.364501953125,1794.644775390625,3576.183837890625,284.54681396484375,61.986915588378906,-2.139534672096488e-06,0,0,2574.68896484375,1292.563232421875,0,23.752952575683594,2707.227783203125,11.650789260864258,11.834450721740723,902.6348876953125,1810.3822021484375,47.925132751464844,50.011444091796875,100,0,0,346.3708190917969,0,7.924896240234375,20.36573600769043,20.31477165222168,0,1.034000039100647,0.9067617654800415,50,2.799999952316284,2.298107385635376,0,0,0,0,2.5643763167177216,0,0,0,0.0004710763168986887,-0.0004786529461853206,0,-7.57664383854717e-06,100.07879638671875,100.08235931396484,789.2848510742188,789.28759765625,789.28759765625,549.2100219726562,0,0,23.752952575683594,0.0010999999940395355,0.02200000174343586,0.03299999609589577,0.04399999603629112,5655.8173828125,114276.53125,0.0429663360118866,0,3.1392715754918754e-05,68.28034973144531,0,0.0002616529818624258,2.8350639695418067e-05,0,0,23.700000762939453,0,0,1600,0,50,0,0,0,50,50,800,0.0,0.0,0.0,0.0
38,158.1909942626953,309.1322326660156,326.00543212890625,326.0557861328125,292.2586364746094,292.2082214355469,16515.818359375,33031.63671875,69.09172058105469,69.07138061523438,1706.6375732421875,3578.310302734375,1794.64306640625,3576.18603515625,284.5467529296875,61.986778259277344,-1.7843442492448958e-06,0,0,2574.68896484375,1292.559814453125,0,23.764060974121094,2707.201416015625,11.646286010742188,11.83450984954834,902.6578369140625,1810.3515625,47.87236785888672,50.01233673095703,100,0,0,346.37078857421875,0,7.924896240234375,20.36536407470703,20.31501007080078,0,1.034000039100647,0.9067617654800415,50,2.799999952316284,2.2981297969818115,0,0,0,0,2.5740166145762986,0,0,0,0.0004794502747245133,-0.00047270642244257033,0,6.743858193658525e-06,100.0797119140625,100.08138275146484,789.281494140625,789.2827758789062,789.2827758789062,549.20751953125,0,0,23.764060974121094,0.0010999999940395355,0.02200000174343586,0.03299999609589577,0.04399999603629112,5655.8173828125,114276.53125,0.0429663360118866,0,3.1392715754918754e-05,70.10116577148438,0,0.0002616529818624258,2.8350639695418067e-05,0,0,23.700000762939453,0,0,1600,0,50,0,0,0,50,50,800,0.0,0.0,0.0,0.0
39,158.19088745117188,309.132080078125,326.00579833984375,326.0555114746094,292.25830078125,292.20855712890625,16515.818359375,33031.63671875,69.09168243408203,69.07156372070312,1707.23193359375,3578.26171875,1794.642578125,3576.18603515625,284.54669189453125,61.9865837097168,4.914646183351579e-07,0,0,2574.689208984375,1292.556396484375,0,23.771390914916992,2707.19140625,11.641813278198242,11.834566116333008,902.6836547851562,1810.3238525390625,47.81982421875,50.013084411621094,100,0,0,346.3707580566406,0,7.924896240234375,20.364957809448242,20.31524658203125,0,1.034000039100647,0.9067617654800415,50,2.799999952316284,2.298138380050659,0,0,0,0,2.5932977132567676,0,0,0,0.00048782426165416837,-0.0004703613230958581,0,1.7462924006395042e-05,100.0810317993164,100.08101654052734,789.2808837890625,789.2808837890625,789.2808837890625,549.20654296875,0,0,23.771390914916992,0.0010999999940395355,0.02200000174343586,0.03299999609589577,0.04399999603629112,5655.8173828125,114276.53125,0.0429663360118866,0,3.1392715754918754e-05,71.92198181152344,0,0.0002616529818624258,2.8350639695418067e-05,0,0,23.700000762939453,0,0,1600,0,50,0,0,0,50,50,800,0.0,0.0,0.0,0.0
40,158.1907958984375,309.1319580078125,326.0061340332031,326.05517578125,292.2579040527344,292.2088623046875,16515.818359375,33031.63671875,69.09162902832031,69.07171630859375,1707.8345947265625,3578.2177734375,1794.64697265625,3576.18212890625,284.5466003417969,61.986351013183594,-3.0428043373831315e-06,0,0,2574.689697265625,1292.552734375,0,23.776220321655273,2707.1953125,11.637369155883789,11.834622383117676,902.7098999023438,1810.2987060546875,47.76752471923828,50.01372146606445,100,0,0,346.3707275390625,0,7.924896240234375,20.36458396911621,20.3155517578125,0,1.034000039100647,0.9067617654800415,50,2.799999952316284,2.2981350421905518,0,0,0,0,2.622219361277471,0,0,0,0.0004961981903761625,-0.000471031351480633,0,2.516684435249772e-05,100.08253479003906,100.0811538696289,789.2825317382812,789.2814331054688,789.2814331054688,549.2067260742188,0,0,23.776220321655273,0.0010999999940395355,0.02200000174343586,0.03299999609589577,0.04399999603629112,5655.8173828125,114276.53125,0.0429663360118866,0,3.1392715754918754e-05,73.7427978515625,0,0.0002616529818624258,2.8350639695418067e-05,0,0,23.700000762939453,0,0,1600,0,50,0,0,0,50,50,800,0.0,0.0,0.0,0.0
41,158.19068908691406,309.1318054199219,326.0065612792969,326.05487060546875,292.2574462890625,292.2091064453125,16515.818359375,33031.63671875,69.09151458740234,69.07183837890625,1708.4464111328125,3578.177490234375,1794.6441650390625,3576.1845703125,284.5464782714844,61.986114501953125,3.477653990557883e-06,0,0,2574.690185546875,1292.5487060546875,0,23.77845573425293,2707.21044921875,11.632954597473145,11.834675788879395,902.7393798828125,1810.2764892578125,47.71553421020508,50.014225006103516,100,0,0,346.37066650390625,0,7.924896240234375,20.36410903930664,20.3157901763916,0,1.034000039100647,0.9067617654800415,50,2.799999952316284,2.2981221675872803,0,0,0,0,2.6511407578165165,0,0,0,0.0005045721190981567,-0.00047421400086022913,0,3.0358107323991135e-05,100.0841293334961,100.08171844482422,789.285888671875,789.2839965820312,789.2839965820312,549.2079467773438,0,0,23.77845573425293,0.0010999999940395355,0.02200000174343586,0.03299999609589577,0.04399999603629112,5655.8173828125,114276.53125,0.0429663360118866,0,3.1392715754918754e-05,75.56361389160156,0,0.0002616529818624258,2.8350639695418067e-05,0,0,23.700000762939453,0,0,1600,0,50,0,0,0,50,50,800,0.0,0.0,0.0,0.0
42,158.19058227539062,309.1316833496094,326.0069580078125,326.0545959472656,292.2569580078125,292.2093200683594,16515.818359375,33031.63671875,69.09136199951172,69.07192993164062,1709.065673828125,3578.1396484375,1794.640380859375,3576.1884765625,284.5464172363281,61.98588180541992,-5.6614673837884766e-08,0,0,2574.690185546875,1292.544677734375,0,23.77935028076172,2707.234619140625,11.628570556640625,11.834728240966797,902.7702026367188,1810.2568359375,47.66381072998047,50.014671325683594,100,0,0,346.3706359863281,0,7.924896240234375,20.36366844177246,20.31602668762207,0,1.034000039100647,0.9067617654800415,50,2.799999952316284,2.2981016635894775,0,0,0,0,2.68006240583722,0,0,0,0.0005129459896124899,-0.00047932297457009554,0,3.362304050824605e-05,100.08574676513672,100.08261108398438,789.2905883789062,789.2881469726562,789.2881469726562,549.2099609375,0,0,23.77935028076172,0.0010999999940395355,0.02200000174343586,0.03299999609589577,0.04399999603629112,5655.8173828125,114276.53125,0.0429663360118866,0,3.1392715754918754e-05,77.38442993164062,0,0.0002616529818624258,2.8350639695418067e-05,0,0,23.700000762939453,0,0,1600,0,50,0,0,0,50,50,800,0.0,0.0,0.0,0.0
43,158.1905059814453,309.13153076171875,326.00738525390625,326.0543212890625,292.2563781738281,292.2094421386719,16515.818359375,33031.63671875,69.09119415283203,69.07199096679688,1709.6907958984375,3578.10546875,1794.636474609375,3576.19287109375,284.54632568359375,61.985652923583984,-3.0098756269580917e-06,0,0,2574.690673828125,1292.5404052734375,0,23.778858184814453,2707.2646484375,11.624218940734863,11.834779739379883,902.8012084960938,1810.2403564453125,47.612369537353516,50.01508331298828,100,0,0,346.37054443359375,0,7.924896240234375,20.3631591796875,20.31623077392578,0,1.034000039100647,0.9067617654800415,50,2.799999952316284,2.2980761528015137,0,0,0,0,2.708983802376266,0,0,0,0.0005213198601268232,-0.00048568827332928777,0,3.563158315955661e-05,100.08736419677734,100.0837173461914,789.296142578125,789.2932739257812,789.2932739257812,549.2124633789062,0,0,23.778858184814453,0.0010999999940395355,0.02200000174343586,0.03299999609589577,0.04399999603629112,5655.8173828125,114276.53125,0.0429663360118866,0,3.1392715754918754e-05,79.20524597167969,0,0.0002616529818624258,2.8350639695418067e-05,0,0,23.700000762939453,0,0,1600,0,50,0,0,0,50,50,800,0.0,0.0,0.0,0.0
44,158.19046020507812,309.13140869140625,326.00787353515625,326.0540466308594,292.2557678222656,292.2095947265625,16515.818359375,33031.63671875,69.09100341796875,69.07202911376953,1710.3223876953125,3578.07275390625,1794.63427734375,3576.194580078125,284.5462341308594,61.98545837402344,-7.340669299082947e-07,0,0,2574.69091796875,1292.5360107421875,0,23.775617599487305,2707.298583984375,11.619898796081543,11.834827423095703,902.8340454101562,1810.2235107421875,47.56132507324219,50.015403747558594,100,0,0,346.3705139160156,0,7.924896240234375,20.362651824951172,20.31646728515625,0,1.034000039100647,0.9067617654800415,50,2.799999952316284,2.2980473041534424,0,0,0,0,2.728264901056735,0,0,0,0.0005296936724334955,-0.0004929748247377574,0,3.671884769573808e-05,100.0889663696289,100.08497619628906,789.3023071289062,789.2991943359375,789.2991943359375,549.21533203125,0,0,23.775617599487305,0.0010999999940395355,0.02200000174343586,0.03299999609589577,0.04399999603629112,5655.8173828125,114276.53125,0.0429663360118866,0,3.1392715754918754e-05,81.02606201171875,0,0.0002616529818624258,2.8350639695418067e-05,0,0,23.700000762939453,0,0,1600,0,50,0,0,0,50,50,800,0.0,0.0,0.0,0.0
45,158.19039916992188,309.13128662109375,326.0083312988281,326.05377197265625,292.255126953125,292.20965576171875,16515.818359375,33031.63671875,69.09078979492188,69.0720443725586,1710.960205078125,3578.041259765625,1794.6312255859375,3576.197998046875,284.5461730957031,61.985294342041016,-4.445930699148448e-06,0,0,2574.69091796875,1292.5316162109375,0,23.77362823486328,2707.335205078125,11.61561107635498,11.83487606048584,902.8682250976562,1810.20947265625,47.510616302490234,50.01572799682617,100,0,0,346.3704833984375,0,7.924896240234375,20.36214256286621,20.31670570373535,0,1.034000039100647,0.9067617654800415,50,2.799999952316284,2.298016309738159,0,0,0,0,2.7427255993262576,0,0,0,0.0005380675429478288,-0.0005008477019146085,0,3.7219822843326256e-05,100.0905532836914,100.0863265991211,789.3088989257812,789.3056030273438,789.3056030273438,549.2184448242188,0,0,23.77362823486328,0.0010999999940395355,0.02200000174343586,0.03299999609589577,0.04399999603629112,5655.8173828125,114276.53125,0.0429663360118866,0,3.1392715754918754e-05,82.84687805175781,0,0.0002616529818624258,2.8350639695418067e-05,0,0,23.700000762939453,0,0,1600,0,50,0,0,0,50,50,800,0.0,0.0,0.0,0.0
46,158.19036865234375,309.1311950683594,326.0088195800781,326.0534973144531,292.25445556640625,292.209716796875,16515.818359375,33031.63671875,69.0905532836914,69.0720443725586,1711.603515625,3578.010498046875,1794.6304931640625,3576.198486328125,284.5461120605469,61.98515319824219,-4.671748683904298e-06,0,0,2574.691162109375,1292.527099609375,0,23.771503448486328,2707.373779296875,11.611355781555176,11.834922790527344,902.9054565429688,1810.2003173828125,47.46029281616211,50.0160026550293,100,0,0,346.3704833984375,0,7.924896240234375,20.36166763305664,20.31697654724121,0,1.034000039100647,0.9067617654800415,50,2.799999952316284,2.2979836463928223,0,0,0,0,2.7523661486664923,0,0,0,0.0005422544199973345,-0.000509139325004071,0,3.3115065889433026e-05,100.09199523925781,100.08775329589844,789.3156127929688,789.3123168945312,789.3123168945312,549.2217407226562,0,0,23.771503448486328,0.0010999999940395355,0.02200000174343586,0.03299999609589577,0.04399999603629112,5655.8173828125,114276.53125,0.0429663360118866,0,3.1392715754918754e-05,84.66769409179688,0,0.0002616529818624258,2.8350639695418067e-05,0,0,23.700000762939453,0,0,1600,0,50,0,0,0,50,50,800,0.0,0.0,0.0,0.0
47,158.1903533935547,309.1311340332031,326.00933837890625,326.0533142089844,292.25372314453125,292.2097473144531,16515.818359375,33031.63671875,69.09031677246094,69.07203674316406,1712.2518310546875,3577.9794921875,1794.626708984375,3576.2021484375,284.54608154296875,61.98503875732422,-8.30511396543443e-07,0,0,2574.691162109375,1292.5225830078125,0,23.769311904907227,2707.4111328125,11.607131958007812,11.834968566894531,902.9429321289062,1810.19384765625,47.41036605834961,50.01628112792969,100,0,0,346.3704528808594,0,7.924896240234375,20.361125946044922,20.31714630126953,0,1.034000039100647,0.9067617654800415,50,2.799999952316284,2.2979519367218018,0,0,0,0,2.7620066980067266,0,0,0,0.0005464412970468402,-0.0005172634846530855,0,2.9177845135563985e-05,100.0931167602539,100.0891342163086,789.3219604492188,789.31884765625,789.31884765625,549.2249755859375,0,0,23.769311904907227,0.0010999999940395355,0.02200000174343586,0.03299999609589577,0.04399999603629112,5655.8173828125,114276.53125,0.0429663360118866,0,3.1392715754918754e-05,86.48851013183594,0,0.0002616529818624258,2.8350639695418067e-05,0,0,23.700000762939453,0,0,1600,0,50,0,0,0,50,50,800,0.0,0.0,0.0,0.0
48,158.1903533935547,309.1310729980469,326.0098571777344,326.0531005859375,292.2530212402344,292.20977783203125,16515.818359375,33031.63671875,69.0900650024414,69.072021484375,1712.904541015625,3577.94873046875,1794.6226806640625,3576.20654296875,284.5460510253906,61.98495101928711,-3.5579550967668183e-06,0,0,2574.691162109375,1292.517822265625,0,23.767011642456055,2707.446044921875,11.602943420410156,11.835013389587402,902.981689453125,1810.1900634765625,47.36083221435547,50.01656723022461,100,0,0,346.3704528808594,0,7.924896240234375,20.36058235168457,20.317350387573242,0,1.034000039100647,0.9067617654800415,50,2.799999952316284,2.297922372817993,0,0,0,0,2.7620066980067266,0,0,0,0.0005506282323040068,-0.0005248013185337186,0,2.582691377028823e-05,100.09403228759766,100.09042358398438,789.3278198242188,789.324951171875,789.324951171875,549.22802734375,0,0,23.767011642456055,0.0010999999940395355,0.02200000174343586,0.03299999609589577,0.04399999603629112,5655.8173828125,114276.53125,0.0429663360118866,0,3.1392715754918754e-05,88.309326171875,0,0.0002616529818624258,2.8350639695418067e-05,0,0,23.700000762939453,0,0,1600,0,50,0,0,0,50,50,800,0.0,0.0,0.0,0.0
49,158.1903533935547,309.1310119628906,326.0104064941406,326.0528869628906,292.2523193359375,292.2098388671875,16515.818359375,33031.63671875,69.08981323242188,69.07199096679688,1713.56201171875,3577.917236328125,1794.6220703125,3576.206787109375,284.5459899902344,61.984867095947266,4.931344392389292e-06,0,0,2574.691162109375,1292.51318359375,0,23.765981674194336,2707.477783203125,11.598786354064941,11.835057258605957,903.0220336914062,1810.18359375,47.31171798706055,50.01686096191406,100,0,0,346.3704528808594,0,7.924896240234375,20.36004066467285,20.31755256652832,0,1.034000039100647,0.9067617654800415,50,2.799999952316284,2.2978951930999756,0,0,0,0,2.7620066980067266,0,0,0,0.0005548150511458516,-0.0005316691240295768,0,2.3145965315052308e-05,100.09485626220703,100.09159851074219,789.3331298828125,789.3305053710938,789.3305053710938,549.2307739257812,0,0,23.765981674194336,0.0010999999940395355,0.02200000174343586,0.03299999609589577,0.04399999603629112,5655.8173828125,114276.53125,0.0429663360118866,0,3.1392715754918754e-05,90.13014221191406,0,0.0002616529818624258,2.8350639695418067e-05,0,0,23.700000762939453,0,0,1600,0,50,0,0,0,50,50,800,0.0,0.0,0.0,0.0
50,158.1903533935547,309.13092041015625,326.0110168457031,326.0527038574219,292.2515563964844,292.2098388671875,16515.818359375,33031.63671875,69.08955383300781,69.07196807861328,1714.22265625,3577.88525390625,1794.616943359375,3576.211669921875,284.54595947265625,61.98478317260742,2.7849080197484e-06,0,0,2574.691162109375,1292.508544921875,0,23.766294479370117,2707.506103515625,11.594664573669434,11.835100173950195,903.0613403320312,1810.1795654296875,47.263023376464844,50.017181396484375,100,0,0,346.3704528808594,0,7.924896240234375,20.35943031311035,20.31775665283203,0,1.034000039100647,0.9067617654800415,50,2.799999952316284,2.2978711128234863,0,0,0,0,2.7620066980067266,0,0,0,0.0005590019864030182,-0.00053786690114066,0,2.1135074348421767e-05,100.0956039428711,100.0926513671875,789.3378295898438,789.3355712890625,789.3355712890625,549.2332763671875,0,0,23.766294479370117,0.0010999999940395355,0.02200000174343586,0.03299999609589577,0.04399999603629112,5655.8173828125,114276.53125,0.0429663360118866,0,3.1392715754918754e-05,91.95095825195312,0,0.0002616529818624258,2.8350639695418067e-05,0,0,23.700000762939453,0,0,1600,0,50,0,0,0,50,50,800,0.0,0.0,0.0,0.0
51,158.19033813476562,309.130859375,326.0116271972656,326.05255126953125,292.2508239746094,292.2098388671875,16515.818359375,33031.63671875,69.08927917480469,69.07192993164062,1714.8885498046875,3577.85400390625,1794.6143798828125,3576.21435546875,284.5459289550781,61.98469543457031,5.7464511371563276e-08,0,0,2574.691162109375,1292.503662109375,0,23.76660919189453,2707.5322265625,11.590575218200684,11.8351411819458,903.10205078125,1810.175537109375,47.21473693847656,50.017478942871094,100,0,0,346.3704528808594,0,7.924896240234375,20.35881996154785,20.31789207458496,0,1.034000039100647,0.9067617654800415,50,2.799999952316284,2.297849178314209,0,0,0,0,2.7620066980067266,0,0,0,0.000563188805244863,-0.000543478352483362,0,1.9710436390596442e-05,100.09632873535156,100.09361267089844,789.34228515625,789.340087890625,789.340087890625,549.2355346679688,0,0,23.76660919189453,0.0010999999940395355,0.02200000174343586,0.03299999609589577,0.04399999603629112,5655.8173828125,114276.53125,0.0429663360118866,0,3.1392715754918754e-05,93.77177429199219,0,0.0002616529818624258,2.8350639695418067e-05,0,0,23.700000762939453,0,0,1600,0,50,0,0,0,50,50,800,0.0,0.0,0.0,0.0
52,158.1903076171875,309.1307678222656,326.01226806640625,326.0524597167969,292.25,292.2098083496094,16515.818359375,33031.63671875,69.08900451660156,69.07189178466797,1715.5576171875,3577.82080078125,1794.6116943359375,3576.21728515625,284.5458679199219,61.984588623046875,5.060716830485035e-06,0,0,2574.691162109375,1292.4986572265625,0,23.768306732177734,2707.556396484375,11.586520195007324,11.835183143615723,903.1429443359375,1810.1717529296875,47.166866302490234,50.0178108215332,100,0,0,346.3704528808594,0,7.924896240234375,20.35817527770996,20.3179931640625,0,1.034000039100647,0.9067617654800415,50,2.799999952316284,2.2978286743164062,0,0,0,0,2.771647247346961,0,0,0,0.0005694691208191216,-0.0005486711161211133,0,2.0798002879018895e-05,100.09700775146484,100.0945053100586,789.3462524414062,789.3442993164062,789.3442993164062,549.237548828125,0,0,23.768306732177734,0.0010999999940395355,0.02200000174343586,0.03299999609589577,0.04399999603629112,5655.8173828125,114276.53125,0.0429663360118866,0,3.1392715754918754e-05,95.59259033203125,0,0.0002616529818624258,2.8350639695418067e-05,0,0,23.700000762939453,0,0,1600,0,50,0,0,0,50,50,800,0.0,0.0,0.0,0.0
53,158.1902618408203,309.130615234375,326.0129089355469,326.0522766113281,292.24920654296875,292.20977783203125,16515.818359375,33031.63671875,69.08872985839844,69.07183837890625,1716.2305908203125,3577.78857421875,1794.6087646484375,3576.219970703125,284.54583740234375,61.98446273803711,-3.4768042951327516e-06,0,0,2574.691162109375,1292.4937744140625,0,23.77143669128418,2707.579345703125,11.582499504089355,11.835222244262695,903.1815185546875,1810.1627197265625,47.119407653808594,50.01811981201172,100,0,0,346.37042236328125,0,7.924896240234375,20.35749626159668,20.31812858581543,0,1.034000039100647,0.9067617654800415,50,2.799999952316284,2.29780912399292,0,0,0,0,2.7812877966871956,0,0,0,0.0005778428167104721,-0.0005535288364626467,0,2.431393113511149e-05,100.09798431396484,100.09535217285156,789.350341796875,789.3482055664062,789.3482055664062,549.2394409179688,0,0,23.77143669128418,0.0010999999940395355,0.02200000174343586,0.03299999609589577,0.04399999603629112,5655.8173828125,114276.53125,0.0429663360118866,0,3.1392715754918754e-05,97.41340637207031,0,0.0002616529818624258,2.8350639695418067e-05,0,0,23.700000762939453,0,0,1600,0,50,0,0,0,50,50,800,0.0,0.0,0.0,0.0
54,158.1902313232422,309.1304931640625,326.01361083984375,326.0521545410156,292.2484130859375,292.209716796875,16515.818359375,33031.63671875,69.08843231201172,69.0718002319336,1716.9078369140625,3577.75830078125,1794.6043701171875,3576.224853515625,284.5458068847656,61.98432922363281,-2.5406063741684193e-06,0,0,2574.691162109375,1292.4886474609375,0,23.773269653320312,2707.604248046875,11.578513145446777,11.835260391235352,903.2203369140625,1810.156005859375,47.07234573364258,50.01839828491211,100,0,0,346.37042236328125,0,7.924896240234375,20.35681915283203,20.318265914916992,0,1.034000039100647,0.9067617654800415,50,2.799999952316284,2.29778790473938,0,0,0,0,2.79092834602743,0,0,0,0.0005862164543941617,-0.0005588053027167916,0,2.741114076343365e-05,100.09918212890625,100.09627532958984,789.3547973632812,789.3524780273438,789.3524780273438,549.2415771484375,0,0,23.773269653320312,0.0010999999940395355,0.02200000174343586,0.03299999609589577,0.04399999603629112,5655.8173828125,114276.53125,0.0429663360118866,0,3.1392715754918754e-05,99.23422241210938,0,0.0002616529818624258,2.8350639695418067e-05,0,0,23.700000762939453,0,0,1600,0,50,0,0,0,50,50,800,0.0,0.0,0.0,0.0
55,158.19017028808594,309.13037109375,326.01422119140625,326.0520324707031,292.2475280761719,292.20965576171875,16515.818359375,33031.63671875,69.088134765625,69.07171630859375,1717.587890625,3577.72998046875,1794.593994140625,3576.23486328125,284.5457458496094,61.98417663574219,-4.509447080636164e-06,0,0,2574.69140625,1292.48388671875,0,23.777851104736328,2707.63134765625,11.574560165405273,11.835297584533691,903.2589721679688,1810.150146484375,47.02558517456055,50.01869201660156,100,0,0,346.3703918457031,0,7.924896240234375,20.35617446899414,20.31836700439453,0,1.034000039100647,0.9067617654800415,50,2.799999952316284,2.297765016555786,0,0,0,0,2.8053890442969527,0,0,0,0.0005945901502855122,-0.0005645843339152634,0,3.0005787266418338e-05,100.10049438476562,100.09727478027344,789.3596801757812,789.357177734375,789.357177734375,549.2437744140625,0,0,23.777851104736328,0.0010999999940395355,0.02200000174343586,0.03299999609589577,0.04399999603629112,5655.8173828125,114276.53125,0.0429663360118866,0,3.1392715754918754e-05,101.05503845214844,0,0.0002616529818624258,2.8350639695418067e-05,0,0,23.700000762939453,0,0,1600,0,50,0,0,0,50,50,800,0.0,0.0,0.0,0.0
56,158.19009399414062,309.1302185058594,326.01483154296875,326.0518798828125,292.2466735839844,292.2095947265625,16515.818359375,33031.63671875,69.08782196044922,69.07162475585938,1718.2730712890625,3577.700439453125,1794.5926513671875,3576.236328125,284.545654296875,61.9840087890625,1.8334162632527296e-06,0,0,2574.691650390625,1292.4786376953125,0,23.779796600341797,2707.6611328125,11.570643424987793,11.835334777832031,903.29931640625,1810.143798828125,46.979305267333984,50.0189208984375,100,0,0,346.370361328125,0,7.924896240234375,20.35552978515625,20.31846809387207,0,1.034000039100647,0.9067617654800415,50,2.799999952316284,2.2977395057678223,0,0,0,0,2.8246701429774217,0,0,0,0.0006029637297615409,-0.0005709496326744556,0,3.201410800102167e-05,100.10189056396484,100.09838104248047,789.3651123046875,789.3623657226562,789.3623657226562,549.2462768554688,0,0,23.779796600341797,0.0010999999940395355,0.02200000174343586,0.03299999609589577,0.04399999603629112,5655.8173828125,114276.53125,0.0429663360118866,0,3.1392715754918754e-05,102.8758544921875,0,0.0002616529818624258,2.8350639695418067e-05,0,0,23.700000762939453,0,0,1600,0,50,0,0,0,50,50,800,0.0,0.0,0.0,0.0
57,158.19003295898438,309.1300964355469,326.0154724121094,326.0517578125,292.24578857421875,292.2095031738281,16515.818359375,33031.63671875,69.08749389648438,69.071533203125,1718.96142578125,3577.672607421875,1794.58984375,3576.239501953125,284.54559326171875,61.983829498291016,-4.202478521619923e-06,0,0,2574.692138671875,1292.4732666015625,0,23.78042221069336,2707.693603515625,11.566761016845703,11.835371017456055,903.3399658203125,1810.1400146484375,46.93342971801758,50.01911163330078,100,0,0,346.3703308105469,0,7.924896240234375,20.3548526763916,20.318571090698242,0,1.034000039100647,0.9067617654800415,50,2.799999952316284,2.2977120876312256,0,0,0,0,2.843950990176233,0,0,0,0.0006113373674452305,-0.0005779011989943683,0,3.3436135709052905e-05,100.10333251953125,100.09957885742188,789.3709716796875,789.3679809570312,789.3679809570312,549.2490844726562,0,0,23.78042221069336,0.0010999999940395355,0.02200000174343586,0.03299999609589577,0.04399999603629112,5655.8173828125,114276.53125,0.0429663360118866,0,3.1392715754918754e-05,104.69667053222656,0,0.0002616529818624258,2.8350639695418067e-05,0,0,23.700000762939453,0,0,1600,0,50,0,0,0,50,50,800,0.0,0.0,0.0,0.0
58,158.1899871826172,309.12994384765625,326.0160827636719,326.0515441894531,292.2449951171875,292.2094421386719,16515.818359375,33031.63671875,69.08716583251953,69.0714340209961,1719.65234375,3577.647705078125,1794.5870361328125,3576.241943359375,284.5455322265625,61.983646392822266,-1.8364666232173477e-07,0,0,2574.6923828125,1292.4681396484375,0,23.77972984313965,2707.728515625,11.56291389465332,11.835404396057129,903.3818969726562,1810.1339111328125,46.887908935546875,50.019283294677734,100,0,0,346.3702697753906,0,7.924896240234375,20.35420799255371,20.31873893737793,0,1.034000039100647,0.9067617654800415,50,2.799999952316284,2.297682523727417,0,0,0,0,2.863232088856702,0,0,0,0.0006197109469212592,-0.0005853553302586079,0,3.435563849052414e-05,100.10478973388672,100.10086822509766,789.3771362304688,789.3740234375,789.3740234375,549.2520141601562,0,0,23.77972984313965,0.0010999999940395355,0.02200000174343586,0.03299999609589577,0.04399999603629112,5655.8173828125,114276.53125,0.0429663360118866,0,3.1392715754918754e-05,106.51748657226562,0,0.0002616529818624258,2.8350639695418067e-05,0,0,23.700000762939453,0,0,1600,0,50,0,0,0,50,50,800,0.0,0.0,0.0,0.0
59,158.18991088867188,309.12982177734375,326.0167236328125,326.0513610839844,292.2441101074219,292.2093505859375,16515.818359375,33031.63671875,69.08683013916016,69.07132720947266,1720.345947265625,3577.623046875,1794.581787109375,3576.2470703125,284.5454406738281,61.98347091674805,4.9972013584920205e-06,0,0,2574.6923828125,1292.462890625,0,23.78042221069336,2707.764404296875,11.559102058410645,11.835439682006836,903.4226684570312,1810.1302490234375,46.842803955078125,50.01945114135742,100,0,0,346.3702392578125,0,7.924896240234375,20.35352897644043,20.318876266479492,0,1.034000039100647,0.9067617654800415,50,2.799999952316284,2.297652006149292,0,0,0,0,2.8776927871262252,0,0,0,0.0006280845263972878,-0.000593060627579689,0,3.5023880627704784e-05,100.10624694824219,100.1021957397461,789.3834228515625,789.3802490234375,789.3802490234375,549.2550659179688,0,0,23.78042221069336,0.0010999999940395355,0.02200000174343586,0.03299999609589577,0.04399999603629112,5655.8173828125,114276.53125,0.0429663360118866,0,3.1392715754918754e-05,108.33830261230469,0,0.0002616529818624258,2.8350639695418067e-05,0,0,23.700000762939453,0,0,1600,0,50,0,0,0,50,50,800,0.0,0.0,0.0,0.0
60,158.18984985351562,309.1296691894531,326.0173645019531,326.05120849609375,292.2431945800781,292.209228515625,16515.818359375,33031.63671875,69.08649444580078,69.07121276855469,1721.04248046875,3577.598388671875,1794.57666015625,3576.25244140625,284.5453796386719,61.9832878112793,-1.6197018339880742e-06,0,0,2574.6923828125,1292.4573974609375,0,23.783798217773438,2707.801513671875,11.555326461791992,11.835472106933594,903.4649047851562,1810.1292724609375,46.798133850097656,50.01958084106445,100,0,0,346.3702087402344,0,7.924896240234375,20.35285186767578,20.319011688232422,0,1.034000039100647,0.9067617654800415,50,2.799999952316284,2.2976205348968506,0,0,0,0,2.896973885806694,0,0,0,0.0006364579894579947,-0.0006010172655805945,0,3.5440745705273e-05,100.10771942138672,100.10356903076172,789.3899536132812,789.3866577148438,789.3866577148438,549.2582397460938,0,0,23.783798217773438,0.0010999999940395355,0.02200000174343586,0.03299999609589577,0.04399999603629112,5655.8173828125,114276.53125,0.0429663360118866,0,3.1392715754918754e-05,110.15911865234375,0,0.0002616529818624258,2.8350639695418067e-05,0,0,23.700000762939453,0,0,1600,0,50,0,0,0,50,50,800,0.0,0.0,0.0,0.0
61,158.1897735595703,309.1295471191406,326.0180358886719,326.0510559082031,292.2422790527344,292.2091369628906,16515.818359375,33031.63671875,69.08615112304688,69.07109069824219,1721.7418212890625,3577.5751953125,1794.5738525390625,3576.255126953125,284.5452880859375,61.983097076416016,1.2371148159218137e-06,0,0,2574.692626953125,1292.4521484375,0,23.785852432250977,2707.83935546875,11.551586151123047,11.835503578186035,903.50732421875,1810.1256103515625,46.75387954711914,50.019683837890625,100,0,0,346.37017822265625,0,7.924896240234375,20.352140426635742,20.31911277770996,0,1.034000039100647,0.9067617654800415,50,2.799999952316284,2.297588586807251,0,0,0,0,2.916254984487163,0,0,0,0.0006448315689340234,-0.0006091413670219481,0,3.569019099813886e-05,100.10918426513672,100.10496520996094,789.3966064453125,789.3932495117188,789.3932495117188,549.2614135742188,0,0,23.785852432250977,0.0010999999940395355,0.02200000174343586,0.03299999609589577,0.04399999603629112,5655.8173828125,114276.53125,0.0429663360118866,0,3.1392715754918754e-05,111.97993469238281,0,0.0002616529818624258,2.8350639695418067e-05,0,0,23.700000762939453,0,0,1600,0,50,0,0,0,50,50,800,0.0,0.0,0.0,0.0
62,158.18971252441406,309.12939453125,326.0187072753906,326.05096435546875,292.2413330078125,292.2090148925781,16515.818359375,33031.63671875,69.08580017089844,69.07096862792969,1722.443115234375,3577.55224609375,1794.5697021484375,3576.259521484375,284.54522705078125,61.9828987121582,2.9319157874851953e-06,0,0,2574.69287109375,1292.4466552734375,0,23.786569595336914,2707.877685546875,11.547880172729492,11.835535049438477,903.5496826171875,1810.1221923828125,46.709999084472656,50.01980209350586,100,0,0,346.3701477050781,0,7.924896240234375,20.35142707824707,20.319181442260742,0,1.034000039100647,0.9067617654800415,50,2.799999952316284,2.297555923461914,0,0,0,0,2.935535831685974,0,0,0,0.0006532049737870693,-0.0006173492292873561,0,3.585571903386153e-05,100.11063385009766,100.10638427734375,789.4032592773438,789.39990234375,789.39990234375,549.2646484375,0,0,23.786569595336914,0.0010999999940395355,0.02200000174343586,0.03299999609589577,0.04399999603629112,5655.8173828125,114276.53125,0.0429663360118866,0,3.1392715754918754e-05,113.80075073242188,0,0.0002616529818624258,2.8350639695418067e-05,0,0,23.700000762939453,0,0,1600,0,50,0,0,0,50,50,800,0.0,0.0,0.0,0.0
63,158.1896514892578,309.1292724609375,326.0194091796875,326.05084228515625,292.2403564453125,292.2088623046875,16515.818359375,33031.63671875,69.08544921875,69.07084655761719,1723.146484375,3577.529541015625,1794.5631103515625,3576.265380859375,284.545166015625,61.98270797729492,-4.847002401220379e-06,0,0,2574.693115234375,1292.4415283203125,0,23.78594398498535,2707.916259765625,11.544212341308594,11.835566520690918,903.5922241210938,1810.1212158203125,46.66656494140625,50.0199089050293,100,0,0,346.3701171875,0,7.924896240234375,20.35071563720703,20.31928253173828,0,1.034000039100647,0.9067617654800415,50,2.799999952316284,2.297523260116577,0,0,0,0,2.954816930366443,0,0,0,0.0006615784368477762,-0.0006256408523768187,0,3.593759538489394e-05,100.11210632324219,100.1078109741211,789.4100341796875,789.4066162109375,789.4066162109375,549.2680053710938,0,0,23.78594398498535,0.0010999999940395355,0.02200000174343586,0.03299999609589577,0.04399999603629112,5655.8173828125,114276.53125,0.0429663360118866,0,3.1392715754918754e-05,115.62156677246094,0,0.0002616529818624258,2.8350639695418067e-05,0,0,23.700000762939453,0,0,1600,0,50,0,0,0,50,50,800,0.0,0.0,0.0,0.0
64,158.1895751953125,309.129150390625,326.02008056640625,326.0506896972656,292.2394104003906,292.208740234375,16515.818359375,33031.63671875,69.08509826660156,69.07070922851562,1723.851806640625,3577.507568359375,1794.557373046875,3576.271484375,284.5450744628906,61.982505798339844,-3.733209268830251e-06,0,0,2574.693359375,1292.43603515625,0,23.786657333374023,2707.955322265625,11.540578842163086,11.835597038269043,903.6347045898438,1810.1204833984375,46.62351608276367,50.02001190185547,100,0,0,346.3700866699219,0,7.924896240234375,20.350004196166992,20.31938362121582,0,1.034000039100647,0.9067617654800415,50,2.799999952316284,2.297490119934082,0,0,0,0,2.974098029046912,0,0,0,0.0006699518417008221,-0.0006340162362903357,0,3.59356272383593e-05,100.11356353759766,100.1092529296875,789.4168090820312,789.4133911132812,789.4133911132812,549.2713012695312,0,0,23.786657333374023,0.0010999999940395355,0.02200000174343586,0.03299999609589577,0.04399999603629112,5655.8173828125,114276.53125,0.0429663360118866,0,3.1392715754918754e-05,117.4423828125,0,0.0002616529818624258,2.8350639695418067e-05,0,0,23.700000762939453,0,0,1600,0,50,0,0,0,50,50,800,0.0,0.0,0.0,0.0
65,158.18951416015625,309.1289978027344,326.020751953125,326.0505676269531,292.2384948730469,292.2085876464844,16515.818359375,33031.63671875,69.08473205566406,69.0705795288086,1724.5584716796875,3577.486328125,1794.5511474609375,3576.27783203125,284.54498291015625,61.9823112487793,-1.4574004580936162e-06,0,0,2574.693359375,1292.4305419921875,0,23.787418365478516,2707.994384765625,11.536982536315918,11.835624694824219,903.6773071289062,1810.11962890625,46.580928802490234,50.020076751708984,100,0,0,346.37005615234375,0,7.924896240234375,20.34929084777832,20.319486618041992,0,1.034000039100647,0.9067617654800415,50,2.799999952316284,2.297456979751587,0,0,0,0,2.9933788762457234,0,0,0,0.000678325304761529,-0.0006423916784115136,0,3.5933622712036595e-05,100.1150131225586,100.1106948852539,789.423583984375,789.420166015625,789.420166015625,549.274658203125,0,0,23.787418365478516,0.0010999999940395355,0.02200000174343586,0.03299999609589577,0.04399999603629112,5655.8173828125,114276.53125,0.0429663360118866,0,3.1392715754918754e-05,119.26319885253906,0,0.0002616529818624258,2.8350639695418067e-05,0,0,23.700000762939453,0,0,1600,0,50,0,0,0,50,50,800,0.0,0.0,0.0,0.0
66,158.18943786621094,309.1288757324219,326.02142333984375,326.0504150390625,292.237548828125,292.2084655761719,16515.818359375,33031.63671875,69.0843734741211,69.0704345703125,1725.266845703125,3577.465576171875,1794.546142578125,3576.28271484375,284.544921875,61.98210144042969,-1.5056226629894809e-06,0,0,2574.69384765625,1292.4249267578125,0,23.789520263671875,2708.033203125,11.53342056274414,11.835652351379395,903.7212524414062,1810.1190185546875,46.538719177246094,50.02016067504883,100,0,0,346.3700256347656,0,7.924896240234375,20.34857940673828,20.31958770751953,0,1.034000039100647,0.9067617654800415,50,2.799999952316284,2.297423839569092,0,0,0,0,3.0126599749261924,0,0,0,0.0006866987096145749,-0.0006507670623250306,0,3.593165456550196e-05,100.11646270751953,100.11213684082031,789.4303588867188,789.4269409179688,789.4269409179688,549.2779541015625,0,0,23.789520263671875,0.0010999999940395355,0.02200000174343586,0.03299999609589577,0.04399999603629112,5655.8173828125,114276.53125,0.0429663360118866,0,3.1392715754918754e-05,121.08401489257812,0,0.0002616529818624258,2.8350639695418067e-05,0,0,23.700000762939453,0,0,1600,0,50,0,0,0,50,50,800,0.0,0.0,0.0,0.0
67,158.18934631347656,309.12872314453125,326.0221252441406,326.05029296875,292.2366027832031,292.20831298828125,16515.818359375,33031.63671875,69.0840072631836,69.0702896118164,1725.9769287109375,3577.44482421875,1794.54052734375,3576.28857421875,284.5448303222656,61.98189163208008,-1.5538448678853456e-06,0,0,2574.694091796875,1292.4195556640625,0,23.790302276611328,2708.072265625,11.52989673614502,11.83568000793457,903.7640991210938,1810.1181640625,46.49699020385742,50.02022171020508,100,0,0,346.3699645996094,0,7.924896240234375,20.347867965698242,20.31968879699707,0,1.034000039100647,0.9067617654800415,50,2.799999952316284,2.2973906993865967,0,0,0,0,3.03676122253595,0,0,0,0.000695071998052299,-0.0006591423880308867,0,3.592961002141237e-05,100.117919921875,100.11357879638672,789.4371337890625,789.4337768554688,789.4337768554688,549.2813110351562,0,0,23.790302276611328,0.0010999999940395355,0.02200000174343586,0.03299999609589577,0.04399999603629112,5655.8173828125,114276.53125,0.0429663360118866,0,3.1392715754918754e-05,122.90483093261719,0,0.0002616529818624258,2.8350639695418067e-05,0,0,23.700000762939453,0,0,1600,0,50,0,0,0,50,50,800,0.0,0.0,0.0,0.0
68,158.18923950195312,309.12860107421875,326.0228271484375,326.05023193359375,292.2356262207031,292.2081604003906,16515.818359375,33031.63671875,69.08364868164062,69.07014465332031,1726.6876220703125,3577.42431640625,1794.5341796875,3576.294921875,284.54473876953125,61.981666564941406,-3.92609808841371e-06,0,0,2574.6943359375,1292.4140625,0,23.793811798095703,2708.111572265625,11.526408195495605,11.835708618164062,903.8068237304688,1810.1175537109375,46.45566177368164,50.020294189453125,100,0,0,346.3699035644531,0,7.924896240234375,20.347087860107422,20.31968879699707,0,1.034000039100647,0.9067617654800415,50,2.799999952316284,2.2973575592041016,0,0,0,0,3.0656828705566532,0,0,0,0.000703445344697684,-0.0006676015327684581,0,3.58438010152895e-05,100.1193618774414,100.11502838134766,789.4439697265625,789.4406127929688,789.4406127929688,549.2846069335938,0,0,23.793811798095703,0.0010999999940395355,0.02200000174343586,0.03299999609589577,0.04399999603629112,5655.8173828125,114276.53125,0.0429663360118866,0,3.1392715754918754e-05,124.72564697265625,0,0.0002616529818624258,2.8350639695418067e-05,0,0,23.700000762939453,0,0,1600,0,50,0,0,0,50,50,800,0.0,0.0,0.0,0.0
69,158.1891326904297,309.12841796875,326.0235595703125,326.0501403808594,292.2346496582031,292.2079772949219,16515.818359375,33031.63671875,69.08328247070312,69.06999206542969,1727.3995361328125,3577.40380859375,1794.5316162109375,3576.29736328125,284.5446472167969,61.98143768310547,3.756375917873811e-06,0,0,2574.694580078125,1292.408203125,0,23.794658660888672,2708.150634765625,11.522957801818848,11.835734367370605,903.8510131835938,1810.11669921875,46.414798736572266,50.02032470703125,100,0,0,346.369873046875,0,7.924896240234375,20.3463077545166,20.31972312927246,0,1.034000039100647,0.9067617654800415,50,2.799999952316284,2.2973244190216064,0,0,0,0,3.094604267095699,0,0,0,0.0007139119552448392,-0.0006759769166819751,0,3.793501673499122e-05,100.12080383300781,100.11647033691406,789.4507446289062,789.4473876953125,789.4473876953125,549.2879638671875,0,0,23.794658660888672,0.0010999999940395355,0.02200000174343586,0.03299999609589577,0.04399999603629112,5655.8173828125,114276.53125,0.0429663360118866,0,3.1392715754918754e-05,126.54646301269531,0,0.0002616529818624258,2.8350639695418067e-05,0,0,23.700000762939453,0,0,1600,0,50,0,0,0,50,50,800,0.0,0.0,0.0,0.0
70,158.1890411376953,309.12823486328125,326.0242919921875,326.050048828125,292.233642578125,292.20782470703125,16515.818359375,33031.63671875,69.0829086303711,69.06983947753906,1728.112060546875,3577.38623046875,1794.524658203125,3576.30419921875,284.5445556640625,61.981201171875,-3.5890087701773155e-07,0,0,2574.69482421875,1292.402587890625,0,23.796873092651367,2708.1904296875,11.519542694091797,11.835758209228516,903.8927001953125,1810.1134033203125,46.374332427978516,50.02034378051758,100,0,0,346.36981201171875,0,7.924896240234375,20.34552764892578,20.31975746154785,0,1.034000039100647,0.9067617654800415,50,2.799999952316284,2.297290563583374,0,0,0,0,3.123525915116402,0,0,0,0.0007264718879014254,-0.0006844360032118857,0,4.203587377560325e-05,100.12252044677734,100.1179428100586,789.4578247070312,789.4542236328125,789.4542236328125,549.291259765625,0,0,23.796873092651367,0.0010999999940395355,0.02200000174343586,0.03299999609589577,0.04399999603629112,5655.8173828125,114276.53125,0.0429663360118866,0,3.1392715754918754e-05,128.36727905273438,0,0.0002616529818624258,2.8350639695418067e-05,0,0,23.700000762939453,0,0,1600,0,50,0,0,0,50,50,800,0.0,0.0,0.0,0.0
71,158.18893432617188,309.1280517578125,326.02496337890625,326.0499267578125,292.2326965332031,292.2076721191406,16515.818359375,33031.63671875,69.08252716064453,69.06967163085938,1728.82568359375,3577.368408203125,1794.51806640625,3576.310546875,284.5444641113281,61.98097610473633,-2.7311541543895146e-06,0,0,2574.695068359375,1292.3970947265625,0,23.795040130615234,2708.23291015625,11.516164779663086,11.835783958435059,903.9330444335938,1810.1077880859375,46.33428192138672,50.02036666870117,100,0,0,346.3697814941406,0,7.924896240234375,20.344816207885742,20.31985855102539,0,1.034000039100647,0.9067617654800415,50,2.799999952316284,2.2972545623779297,0,0,0,0,3.152447563137106,0,0,0,0.0007369384984485805,-0.0006934814155101776,0,4.345703200669959e-05,100.12448120117188,100.11951446533203,789.4655151367188,789.4615478515625,789.4615478515625,549.2948608398438,0,0,23.795040130615234,0.0010999999940395355,0.02200000174343586,0.03299999609589577,0.04399999603629112,5655.8173828125,114276.53125,0.0429663360118866,0,3.1392715754918754e-05,130.18807983398438,0,0.0002616529818624258,2.8350639695418067e-05,0,0,23.700000762939453,0,0,1600,0,50,0,0,0,50,50,800,0.0,0.0,0.0,0.0
72,158.1888427734375,309.1279296875,326.025634765625,326.0498046875,292.231689453125,292.2074890136719,16515.818359375,33031.63671875,69.08214569091797,69.06950378417969,1729.5400390625,3577.352783203125,1794.5108642578125,3576.318115234375,284.54437255859375,61.980743408203125,4.370312126411591e-06,0,0,2574.695556640625,1292.3916015625,0,23.798616409301758,2708.2783203125,11.512823104858398,11.835806846618652,903.9771728515625,1810.10986328125,46.29461669921875,50.02035140991211,100,0,0,346.3697204589844,0,7.924896240234375,20.34406852722168,20.31989288330078,0,1.034000039100647,0.9067617654800415,50,2.799999952316284,2.2972161769866943,0,0,0,0,3.1813689596761514,0,0,0,0.0007453116704709828,-0.0007032806170172989,0,4.203103162581101e-05,100.12628173828125,100.1211929321289,789.4735107421875,789.469482421875,789.469482421875,549.2987060546875,0,0,23.798616409301758,0.0010999999940395355,0.02200000174343586,0.03299999609589577,0.04399999603629112,5655.8173828125,114276.53125,0.0429663360118866,0,3.1392715754918754e-05,132.00888061523438,0,0.0002616529818624258,2.8350639695418067e-05,0,0,23.700000762939453,0,0,1600,0,50,0,0,0,50,50,800,0.0,0.0,0.0,0.0
73,158.18875122070312,309.1277770996094,326.02630615234375,326.0496826171875,292.2307434082031,292.20733642578125,16515.818359375,33031.63671875,69.08177185058594,69.0693359375,1730.255615234375,3577.3369140625,1794.5047607421875,3576.323974609375,284.5442810058594,61.98051452636719,1.4170509530231357e-06,0,0,2574.69580078125,1292.385986328125,0,23.799488067626953,2708.32421875,11.509517669677734,11.835830688476562,904.021484375,1810.1119384765625,46.255409240722656,50.02030563354492,100,0,0,346.3696594238281,0,7.924896240234375,20.34335708618164,20.31999397277832,0,1.034000039100647,0.9067617654800415,50,2.799999952316284,2.2971770763397217,0,0,0,0,3.2102906076968547,0,0,0,0.0007536848424933851,-0.0007131635793484747,0,4.0521263144910336e-05,100.12792205810547,100.12289428710938,789.4814453125,789.4774780273438,789.4774780273438,549.3026733398438,0,0,23.799488067626953,0.0010999999940395355,0.02200000174343586,0.03299999609589577,0.04399999603629112,5655.8173828125,114276.53125,0.0429663360118866,0,3.1392715754918754e-05,133.82968139648438,0,0.0002616529818624258,2.8350639695418067e-05,0,0,23.700000762939453,0,0,1600,0,50,0,0,0,50,50,800,0.0,0.0,0.0,0.0
74,158.18869018554688,309.1276550292969,326.0270080566406,326.0495300292969,292.22979736328125,292.20721435546875,16515.818359375,33031.63671875,69.08139038085938,69.06916809082031,1730.9700927734375,3577.321044921875,1794.4979248046875,3576.331298828125,284.544189453125,61.98029327392578,-3.7419462728394137e-07,0,0,2574.696044921875,1292.3804931640625,0,23.797609329223633,2708.369384765625,11.506250381469727,11.835853576660156,904.065673828125,1810.114013671875,46.216636657714844,50.02028274536133,100,0,0,346.36962890625,0,7.924896240234375,20.3426456451416,20.320096969604492,0,1.034000039100647,0.9067617654800415,50,2.799999952316284,2.2971389293670654,0,0,0,0,3.2295714548956664,0,0,0,0.0007620580145157874,-0.0007228790200315416,0,3.917903086403385e-05,100.12946319580078,100.12455749511719,789.4891967773438,789.4853515625,789.4853515625,549.3065185546875,0,0,23.797609329223633,0.0010999999940395355,0.02200000174343586,0.03299999609589577,0.04399999603629112,5655.8173828125,114276.53125,0.0429663360118866,0,3.1392715754918754e-05,135.65048217773438,0,0.0002616529818624258,2.8350639695418067e-05,0,0,23.700000762939453,0,0,1600,0,50,0,0,0,50,50,800,0.0,0.0,0.0,0.0
75,158.18861389160156,309.12750244140625,326.0277404785156,326.0494689941406,292.228759765625,292.2070007324219,16515.818359375,33031.63671875,69.08101654052734,69.0689926147461,1731.68505859375,3577.30615234375,1794.4921875,3576.337158203125,284.5440979003906,61.980079650878906,-1.003424586087931e-06,0,0,2574.6962890625,1292.3748779296875,0,23.797075271606445,2708.413330078125,11.503018379211426,11.835874557495117,904.10986328125,1810.1136474609375,46.17829132080078,50.02024459838867,100,0,0,346.3695983886719,0,7.924896240234375,20.34186553955078,20.32012939453125,0,1.034000039100647,0.9067617654800415,50,2.799999952316284,2.2971014976501465,0,0,0,0,3.248852553576135,0,0,0,0.0007704311283305287,-0.000732343178242445,0,3.808794645010494e-05,100.13095092773438,100.12618255615234,789.4967651367188,789.4930419921875,789.4930419921875,549.310302734375,0,0,23.797075271606445,0.0010999999940395355,0.02200000174343586,0.03299999609589577,0.04399999603629112,5655.8173828125,114276.53125,0.0429663360118866,0,3.1392715754918754e-05,137.47128295898438,0,0.0002616529818624258,2.8350639695418067e-05,0,0,23.700000762939453,0,0,1600,0,50,0,0,0,50,50,800,0.0,0.0,0.0,0.0
76,158.1885528564453,309.1273498535156,326.0284729003906,326.0494079589844,292.2277526855469,292.206787109375,16515.818359375,33031.63671875,69.08063507080078,69.0688247680664,1732.3995361328125,3577.290283203125,1794.4849853515625,3576.343994140625,284.5440368652344,61.97987365722656,-4.706391223407991e-07,0,0,2574.6962890625,1292.3690185546875,0,23.797880172729492,2708.4560546875,11.499823570251465,11.835897445678711,904.1539916992188,1810.1181640625,46.1403694152832,50.02024459838867,100,0,0,346.3695373535156,0,7.924896240234375,20.34105110168457,20.32012939453125,0,1.034000039100647,0.9067617654800415,50,2.799999952316284,2.297065258026123,0,0,0,0,3.268133652256604,0,0,0,0.0007808975060470402,-0.0007415561703965068,0,3.934134292649105e-05,100.13241577148438,100.12776947021484,789.504150390625,789.50048828125,789.50048828125,549.31396484375,0,0,23.797880172729492,0.0010999999940395355,0.02200000174343586,0.03299999609589577,0.04399999603629112,5655.8173828125,114276.53125,0.0429663360118866,0,3.1392715754918754e-05,139.29208374023438,0,0.0002616529818624258,2.8350639695418067e-05,0,0,23.700000762939453,0,0,1600,0,50,0,0,0,50,50,800,0.0,0.0,0.0,0.0
77,158.18844604492188,309.1271667480469,326.0291748046875,326.04931640625,292.22674560546875,292.20660400390625,16515.818359375,33031.63671875,69.08025360107422,69.06864166259766,1733.11376953125,3577.275146484375,1794.4774169921875,3576.3515625,284.5439453125,61.979652404785156,-2.2618846742261667e-06,0,0,2574.69677734375,1292.3636474609375,0,23.800025939941406,2708.49853515625,11.496665954589844,11.835918426513672,904.1954956054688,1810.1153564453125,46.10289764404297,50.02021789550781,100,0,0,346.3695068359375,0,7.924896240234375,20.34033966064453,20.32019805908203,0,1.034000039100647,0.9067617654800415,50,2.799999952316284,2.2970292568206787,0,0,0,0,3.2922348998663615,0,0,0,0.0007913638837635517,-0.0007506015244871378,0,4.0762348362477496e-05,100.1341323852539,100.12933349609375,789.5115966796875,789.5078125,789.5078125,549.3175048828125,0,0,23.800025939941406,0.0010999999940395355,0.02200000174343586,0.03299999609589577,0.04399999603629112,5655.8173828125,114276.53125,0.0429663360118866,0,3.1392715754918754e-05,141.11288452148438,0,0.0002616529818624258,2.8350639695418067e-05,0,0,23.700000762939453,0,0,1600,0,50,0,0,0,50,50,800,0.0,0.0,0.0,0.0
78,158.1883544921875,309.126953125,326.0298767089844,326.0491943359375,292.2257080078125,292.20635986328125,16515.818359375,33031.63671875,69.07986450195312,69.0684585571289,1733.8282470703125,3577.26123046875,1794.4710693359375,3576.35791015625,284.5438537597656,61.97942352294922,-5.215145847614622e-06,0,0,2574.69677734375,1292.35791015625,0,23.802215576171875,2708.54248046875,11.493544578552246,11.835938453674316,904.2384033203125,1810.1148681640625,46.065860748291016,50.02015686035156,100,0,0,346.3694763183594,0,7.924896240234375,20.3395938873291,20.32026481628418,0,1.034000039100647,0.9067617654800415,50,2.799999952316284,2.296992063522339,0,0,0,0,3.321156296405407,0,0,0,0.0008039234089665115,-0.0007599819218739867,0,4.394146890263073e-05,100.13589477539062,100.1309585571289,789.519287109375,789.515380859375,789.515380859375,549.3212280273438,0,0,23.802215576171875,0.0010999999940395355,0.02200000174343586,0.03299999609589577,0.04399999603629112,5655.8173828125,114276.53125,0.0429663360118866,0,3.1392715754918754e-05,142.93368530273438,0,0.0002616529818624258,2.8350639695418067e-05,0,0,23.700000762939453,0,0,1600,0,50,0,0,0,50,50,800,0.0,0.0,0.0,0.0
79,158.1882781982422,309.1268310546875,326.03057861328125,326.04913330078125,292.2247009277344,292.2061462402344,16515.818359375,33031.63671875,69.07948303222656,69.06826782226562,1734.5423583984375,3577.248779296875,1794.465087890625,3576.364013671875,284.54376220703125,61.97920608520508,4.210351562505821e-06,0,0,2574.697265625,1292.3524169921875,0,23.804428100585938,2708.587646484375,11.490460395812988,11.835958480834961,904.28125,1810.1146240234375,46.029232025146484,50.02009201049805,100,0,0,346.3694152832031,0,7.924896240234375,20.33881378173828,20.32026481628418,0,1.034000039100647,0.9067617654800415,50,2.799999952316284,2.2969536781311035,0,0,0,0,3.3452577954968223,0,0,0,0.000812296464573592,-0.0007696974207647145,0,4.2599011067068204e-05,100.13776397705078,100.13262939453125,789.52734375,789.5232543945312,789.5232543945312,549.3250732421875,0,0,23.804428100585938,0.0010999999940395355,0.02200000174343586,0.03299999609589577,0.04399999603629112,5655.8173828125,114276.53125,0.0429663360118866,0,3.1392715754918754e-05,144.75448608398438,0,0.0002616529818624258,2.8350639695418067e-05,0,0,23.700000762939453,0,0,1600,0,50,0,0,0,50,50,800,0.0,0.0,0.0,0.0
80,158.18821716308594,309.126708984375,326.0312805175781,326.0490417480469,292.22369384765625,292.2059631347656,16515.818359375,33031.63671875,69.07909393310547,69.06808471679688,1735.255615234375,3577.236572265625,1794.45751953125,3576.37158203125,284.5436706542969,61.97898864746094,3.000114020323963e-06,0,0,2574.697509765625,1292.3468017578125,0,23.803890228271484,2708.63427734375,11.487412452697754,11.835978507995605,904.3253173828125,1810.11669921875,45.9930305480957,50.02001953125,100,0,0,346.3693542480469,0,7.924896240234375,20.338102340698242,20.32033348083496,0,1.034000039100647,0.9067617654800415,50,2.799999952316284,2.2969141006469727,0,0,0,0,3.3645386426956336,0,0,0,0.0008206694037653506,-0.0007797478465363383,0,4.092155722901225e-05,100.13944244384766,100.13435363769531,789.535400390625,789.5314331054688,789.5314331054688,549.3291015625,0,0,23.803890228271484,0.0010999999940395355,0.02200000174343586,0.03299999609589577,0.04399999603629112,5655.8173828125,114276.53125,0.0429663360118866,0,3.1392715754918754e-05,146.57528686523438,0,0.0002616529818624258,2.8350639695418067e-05,0,0,23.700000762939453,0,0,1600,0,50,0,0,0,50,50,800,0.0,0.0,0.0,0.0
81,158.18814086914062,309.1265563964844,326.0320129394531,326.0489807128906,292.22265625,292.2057189941406,16515.818359375,33031.63671875,69.0787124633789,69.06790161132812,1735.968017578125,3577.22412109375,1794.4488525390625,3576.38037109375,284.5435791015625,61.978782653808594,3.532899427227676e-06,0,0,2574.69775390625,1292.3411865234375,0,23.801969528198242,2708.679931640625,11.484400749206543,11.835996627807617,904.369384765625,1810.12158203125,45.95726776123047,50.01993942260742,100,0,0,346.36932373046875,0,7.924896240234375,20.337322235107422,20.32036781311035,0,1.034000039100647,0.9067617654800415,50,2.799999952316284,2.296875476837158,0,0,0,0,3.3838197413761026,0,0,0,0.0008290423429571092,-0.0007895470480434597,0,3.949533129343763e-05,100.14100646972656,100.13603973388672,789.5432739257812,789.5393676757812,789.5393676757812,549.3329467773438,0,0,23.801969528198242,0.0010999999940395355,0.02200000174343586,0.03299999609589577,0.04399999603629112,5655.8173828125,114276.53125,0.0429663360118866,0,3.1392715754918754e-05,148.39608764648438,0,0.0002616529818624258,2.8350639695418067e-05,0,0,23.700000762939453,0,0,1600,0,50,0,0,0,50,50,800,0.0,0.0,0.0,0.0
82,158.18807983398438,309.1264343261719,326.0327453613281,326.04888916015625,292.2216491699219,292.20550537109375,16515.818359375,33031.63671875,69.07833862304688,69.06771850585938,1736.6796875,3577.21142578125,1794.4423828125,3576.38671875,284.5434875488281,61.97856521606445,2.322661430298467e-06,0,0,2574.69775390625,1292.3355712890625,0,23.802751541137695,2708.724365234375,11.481427192687988,11.836015701293945,904.4132690429688,1810.1239013671875,45.92193603515625,50.01987075805664,100,0,0,346.3692932128906,0,7.924896240234375,20.3365421295166,20.320402145385742,0,1.034000039100647,0.9067617654800415,50,2.799999952316284,2.296837568283081,0,0,0,0,3.403100840056571,0,0,0,0.0008374153403565288,-0.000799178727902472,0,3.823656152235344e-05,100.14249420166016,100.13768768310547,789.5509643554688,789.547119140625,789.547119140625,549.3368530273438,0,0,23.802751541137695,0.0010999999940395355,0.02200000174343586,0.03299999609589577,0.04399999603629112,5655.8173828125,114276.53125,0.0429663360118866,0,3.1392715754918754e-05,150.21688842773438,0,0.0002616529818624258,2.8350639695418067e-05,0,0,23.700000762939453,0,0,1600,0,50,0,0,0,50,50,800,0.0,0.0,0.0,0.0
83,158.18801879882812,309.126220703125,326.03350830078125,326.048828125,292.2205810546875,292.2052307128906,16515.818359375,33031.63671875,69.07795715332031,69.0675277709961,1737.39013671875,3577.198974609375,1794.435302734375,3576.393798828125,284.5434265136719,61.97835922241211,2.8554470645758556e-06,0,0,2574.697998046875,1292.3299560546875,0,23.803556442260742,2708.76806640625,11.47848892211914,11.83603286743164,904.455810546875,1810.123779296875,45.88703155517578,50.01980209350586,100,0,0,346.3692626953125,0,7.924896240234375,20.33576202392578,20.3204345703125,0,1.034000039100647,0.9067617654800415,50,2.799999952316284,2.2968008518218994,0,0,0,0,3.422381687255383,0,0,0,0.0008499746909365058,-0.0008084754226729274,0,4.149929736740887e-05,100.14405059814453,100.13929748535156,789.5584106445312,789.5546875,789.5546875,549.3405151367188,0,0,23.803556442260742,0.0010999999940395355,0.02200000174343586,0.03299999609589577,0.04399999603629112,5655.8173828125,114276.53125,0.0429663360118866,0,3.1392715754918754e-05,152.03768920898438,0,0.0002616529818624258,2.8350639695418067e-05,0,0,23.700000762939453,0,0,1600,0,50,0,0,0,50,50,800,0.0,0.0,0.0,0.0
84,158.1879425048828,309.12603759765625,326.0341796875,326.0487060546875,292.21954345703125,292.2050476074219,16515.818359375,33031.63671875,69.07756805419922,69.06732940673828,1738.0994873046875,3577.1875,1794.4276123046875,3576.40185546875,284.5433349609375,61.9781379699707,1.0642015695339069e-06,0,0,2574.6982421875,1292.324462890625,0,23.805702209472656,2708.8115234375,11.475587844848633,11.836050033569336,904.4971923828125,1810.123291015625,45.85258865356445,50.01971435546875,100,0,0,346.3692321777344,0,7.924896240234375,20.335050582885742,20.320537567138672,0,1.034000039100647,0.9067617654800415,50,2.799999952316284,2.2967638969421387,0,0,0,0,3.4416627859358515,0,0,0,0.0008604407776147127,-0.0008177720592357218,0,4.266870018909685e-05,100.1458969116211,100.14090728759766,789.5661010742188,789.5621948242188,789.5621948242188,549.3441772460938,0,0,23.805702209472656,0.0010999999940395355,0.02200000174343586,0.03299999609589577,0.04399999603629112,5655.8173828125,114276.53125,0.0429663360118866,0,3.1392715754918754e-05,153.85848999023438,0,0.0002616529818624258,2.8350639695418067e-05,0,0,23.700000762939453,0,0,1600,0,50,0,0,0,50,50,800,0.0,0.0,0.0,0.0
85,158.18788146972656,309.1258850097656,326.0348815917969,326.048583984375,292.2185363769531,292.2048034667969,16515.818359375,33031.63671875,69.07718658447266,69.067138671875,1738.80712890625,3577.177001953125,1794.417236328125,3576.411865234375,284.5432434082031,61.977935791015625,2.1779949292977108e-06,0,0,2574.6982421875,1292.318603515625,0,23.805164337158203,2708.85693359375,11.472723960876465,11.836066246032715,904.5408325195312,1810.12841796875,45.81853485107422,50.019622802734375,100,0,0,346.36920166015625,0,7.924896240234375,20.33430290222168,20.32060432434082,0,1.034000039100647,0.9067617654800415,50,2.799999952316284,2.296725273132324,0,0,0,0,3.4609438846163205,0,0,0,0.0008709068642929196,-0.0008275712607428432,0,4.333558172220364e-05,100.14764404296875,100.14258575439453,789.5741577148438,789.5701293945312,789.5701293945312,549.3480834960938,0,0,23.805164337158203,0.0010999999940395355,0.02200000174343586,0.03299999609589577,0.04399999603629112,5655.8173828125,114276.53125,0.0429663360118866,0,3.1392715754918754e-05,155.67929077148438,0,0.0002616529818624258,2.8350639695418067e-05,0,0,23.700000762939453,0,0,1600,0,50,0,0,0,50,50,800,0.0,0.0,0.0,0.0
86,158.18780517578125,309.1257019042969,326.03558349609375,326.04852294921875,292.217529296875,292.2045593261719,16515.818359375,33031.63671875,69.07679748535156,69.06693267822266,1739.5142822265625,3577.166748046875,1794.4110107421875,3576.417724609375,284.5431823730469,61.97772216796875,1.548764885228593e-06,0,0,2574.698486328125,1292.313232421875,0,23.807289123535156,2708.9033203125,11.469894409179688,11.836082458496094,904.58203125,1810.125732421875,45.78490447998047,50.01951217651367,100,0,0,346.3691711425781,0,7.924896240234375,20.33359146118164,20.32063865661621,0,1.034000039100647,0.9067617654800415,50,2.799999952316284,2.2966859340667725,0,0,0,0,3.4802249832967895,0,0,0,0.0008813728345558047,-0.000837454223074019,0,4.391861875774339e-05,100.1495132446289,100.14430236816406,789.5822143554688,789.578125,789.578125,549.3519287109375,0,0,23.807289123535156,0.0010999999940395355,0.02200000174343586,0.03299999609589577,0.04399999603629112,5655.8173828125,114276.53125,0.0429663360118866,0,3.1392715754918754e-05,157.50009155273438,0,0.0002616529818624258,2.8350639695418067e-05,0,0,23.700000762939453,0,0,1600,0,50,0,0,0,50,50,800,0.0,0.0,0.0,0.0
87,158.187744140625,309.1255798339844,326.0362548828125,326.0484313964844,292.21649169921875,292.204345703125,16515.818359375,33031.63671875,69.076416015625,69.06673431396484,1740.219970703125,3577.15673828125,1794.40283203125,3576.426025390625,284.5430908203125,61.97751235961914,1.5005425666458905e-06,0,0,2574.69873046875,1292.307861328125,0,23.806730270385742,2708.950439453125,11.467103004455566,11.836098670959473,904.6256713867188,1810.1304931640625,45.7517204284668,50.01939010620117,100,0,0,346.369140625,0,7.924896240234375,20.3328800201416,20.320707321166992,0,1.034000039100647,0.9067617654800415,50,2.799999952316284,2.2966461181640625,0,0,0,0,3.499505830495601,0,0,0,0.0008897456573322415,-0.0008475884678773582,0,4.21571712649893e-05,100.1512451171875,100.14604187011719,789.5903930664062,789.5863647460938,789.5863647460938,549.3560180664062,0,0,23.806730270385742,0.0010999999940395355,0.02200000174343586,0.03299999609589577,0.04399999603629112,5655.8173828125,114276.53125,0.0429663360118866,0,3.1392715754918754e-05,159.32089233398438,0,0.0002616529818624258,2.8350639695418067e-05,0,0,23.700000762939453,0,0,1600,0,50,0,0,0,50,50,800,0.0,0.0,0.0,0.0
88,158.18768310546875,309.12542724609375,326.0369567871094,326.0483703613281,292.2154846191406,292.2041320800781,16515.818359375,33031.63671875,69.07603454589844,69.06653594970703,1740.9237060546875,3577.1474609375,1794.3948974609375,3576.43408203125,284.5429992675781,61.97730255126953,1.4523203617500258e-06,0,0,2574.69873046875,1292.3023681640625,0,23.807512283325195,2708.9970703125,11.464347839355469,11.836113929748535,904.6690673828125,1810.1356201171875,45.71894073486328,50.01927185058594,100,0,0,346.3691101074219,0,7.924896240234375,20.332134246826172,20.32073974609375,0,1.034000039100647,0.9067617654800415,50,2.799999952316284,2.2966065406799316,0,0,0,0,3.51878692917607,0,0,0,0.0008981183636933565,-0.000857638893648982,0,4.0479495510226116e-05,100.15287780761719,100.14776611328125,789.5984497070312,789.594482421875,789.594482421875,549.3599853515625,0,0,23.807512283325195,0.0010999999940395355,0.02200000174343586,0.03299999609589577,0.04399999603629112,5655.8173828125,114276.53125,0.0429663360118866,0,3.1392715754918754e-05,161.14169311523438,0,0.0002616529818624258,2.8350639695418067e-05,0,0,23.700000762939453,0,0,1600,0,50,0,0,0,50,50,800,0.0,0.0,0.0,0.0
89,158.18760681152344,309.1252746582031,326.0376892089844,326.04827880859375,292.2144775390625,292.203857421875,16515.818359375,33031.63671875,69.07565307617188,69.06634521484375,1741.62548828125,3577.138916015625,1794.386474609375,3576.4423828125,284.54290771484375,61.97710037231445,2.5661138352006674e-06,0,0,2574.69921875,1292.2965087890625,0,23.80829429626465,2709.04248046875,11.461627960205078,11.836128234863281,904.7124633789062,1810.1380615234375,45.68659973144531,50.01914596557617,100,0,0,346.3690490722656,0,7.924896240234375,20.331388473510742,20.32077407836914,0,1.034000039100647,0.9067617654800415,50,2.799999952316284,2.2965681552886963,0,0,0,0,3.538068027856539,0,0,0,0.0009085842757485807,-0.0008674380369484425,0,4.11462206102442e-05,100.1543960571289,100.14944458007812,789.6062622070312,789.6024169921875,789.6024169921875,549.3638916015625,0,0,23.80829429626465,0.0010999999940395355,0.02200000174343586,0.03299999609589577,0.04399999603629112,5655.8173828125,114276.53125,0.0429663360118866,0,3.1392715754918754e-05,162.96249389648438,0,0.0002616529818624258,2.8350639695418067e-05,0,0,23.700000762939453,0,0,1600,0,50,0,0,0,50,50,800,0.0,0.0,0.0,0.0
90,158.1875457763672,309.1251220703125,326.03839111328125,326.0482177734375,292.21343994140625,292.20361328125,16515.818359375,33031.63671875,69.07527923583984,69.0661392211914,1742.3251953125,3577.130126953125,1794.377197265625,3576.45166015625,284.5428466796875,61.976890563964844,2.517891516617965e-06,0,0,2574.699462890625,1292.2911376953125,0,23.809053421020508,2709.08740234375,11.458945274353027,11.836143493652344,904.75439453125,1810.140625,45.65467071533203,50.019046783447266,100,0,0,346.3690185546875,0,7.924896240234375,20.33064079284668,20.32080841064453,0,1.034000039100647,0.9067617654800415,50,2.799999952316284,2.29653000831604,0,0,0,0,3.55734887505535,0,0,0,0.0009169569821096957,-0.0008770697750151157,0,3.988722528447397e-05,100.15605163574219,100.15110778808594,789.6140747070312,789.6102294921875,789.6102294921875,549.36767578125,0,0,23.809053421020508,0.0010999999940395355,0.02200000174343586,0.03299999609589577,0.04399999603629112,5655.8173828125,114276.53125,0.0429663360118866,0,3.1392715754918754e-05,164.78329467773438,0,0.0002616529818624258,2.8350639695418067e-05,0,0,23.700000762939453,0,0,1600,0,50,0,0,0,50,50,800,0.0,0.0,0.0,0.0
91,158.18746948242188,309.1249694824219,326.0390930175781,326.04815673828125,292.2124328613281,292.203369140625,16515.818359375,33031.63671875,69.07490539550781,69.06594848632812,1743.0233154296875,3577.12158203125,1794.3690185546875,3576.4599609375,284.5427551269531,61.9766845703125,3.050676923521678e-06,0,0,2574.69970703125,1292.285400390625,0,23.809837341308594,2709.1318359375,11.456297874450684,11.836155891418457,904.7976684570312,1810.1455078125,45.623199462890625,50.01890563964844,100,0,0,346.3689880371094,0,7.924896240234375,20.32989501953125,20.320842742919922,0,1.034000039100647,0.9067617654800415,50,2.799999952316284,2.296492338180542,0,0,0,0,3.576629973735819,0,0,0,0.0009274228359572589,-0.0008866176940500736,0,4.080517828697339e-05,100.1575927734375,100.15274810791016,789.6217651367188,789.617919921875,789.617919921875,549.3714599609375,0,0,23.809837341308594,0.0010999999940395355,0.02200000174343586,0.03299999609589577,0.04399999603629112,5655.8173828125,114276.53125,0.0429663360118866,0,3.1392715754918754e-05,166.60409545898438,0,0.0002616529818624258,2.8350639695418067e-05,0,0,23.700000762939453,0,0,1600,0,50,0,0,0,50,50,800,0.0,0.0,0.0,0.0
92,158.18740844726562,309.124755859375,326.0397644042969,326.048095703125,292.21142578125,292.2030944824219,16515.818359375,33031.63671875,69.07453155517578,69.06574249267578,1743.7191162109375,3577.11279296875,1794.359375,3576.469482421875,284.54266357421875,61.976478576660156,3.583462330425391e-06,0,0,2574.699951171875,1292.2801513671875,0,23.810619354248047,2709.17626953125,11.453686714172363,11.836170196533203,904.8367919921875,1810.1456298828125,45.59211349487305,50.018798828125,100,0,0,346.36895751953125,0,7.924896240234375,20.32918357849121,20.32087516784668,0,1.034000039100647,0.9067617654800415,50,2.799999952316284,2.296454668045044,0,0,0,0,3.5959110724162877,0,0,0,0.0009399818372912705,-0.000896081852260977,0,4.39000032201875e-05,100.15936279296875,100.15438842773438,789.6295166015625,789.6256103515625,789.6256103515625,549.375244140625,0,0,23.810619354248047,0.0010999999940395355,0.02200000174343586,0.03299999609589577,0.04399999603629112,5655.8173828125,114276.53125,0.0429663360118866,0,3.1392715754918754e-05,168.42489624023438,0,0.0002616529818624258,2.8350639695418067e-05,0,0,23.700000762939453,0,0,1600,0,50,0,0,0,50,50,800,0.0,0.0,0.0,0.0
93,158.1873321533203,309.1246337890625,326.04046630859375,326.0480041503906,292.21038818359375,292.2029113769531,16515.818359375,33031.63671875,69.07415008544922,69.06553649902344,1744.4132080078125,3577.1044921875,1794.35302734375,3576.475830078125,284.5426025390625,61.97627258300781,4.1162479647027794e-06,0,0,2574.699951171875,1292.2747802734375,0,23.811378479003906,2709.221923828125,11.451111793518066,11.836183547973633,904.8786010742188,1810.1456298828125,45.561500549316406,50.01866149902344,100,0,0,346.3689270019531,0,7.924896240234375,20.328472137451172,20.32090950012207,0,1.034000039100647,0.9067617654800415,50,2.799999952316284,2.2964160442352295,0,0,0,0,3.6151919196150994,0,0,0,0.0009483544272370636,-0.0009058810537680984,0,4.247339893481694e-05,100.16120147705078,100.15607452392578,789.6376342773438,789.633544921875,789.633544921875,549.3790893554688,0,0,23.811378479003906,0.0010999999940395355,0.02200000174343586,0.03299999609589577,0.04399999603629112,5655.8173828125,114276.53125,0.0429663360118866,0,3.1392715754918754e-05,170.24569702148438,0,0.0002616529818624258,2.8350639695418067e-05,0,0,23.700000762939453,0,0,1600,0,50,0,0,0,50,50,800,0.0,0.0,0.0,0.0
94,158.18727111816406,309.1244812011719,326.0411682128906,326.04791259765625,292.2093811035156,292.2026672363281,16515.818359375,33031.63671875,69.07377624511719,69.0653305053711,1745.1055908203125,3577.0986328125,1794.3441162109375,3576.485107421875,284.54254150390625,61.97607421875,-4.824686129722977e-06,0,0,2574.699951171875,1292.2691650390625,0,23.812162399291992,2709.2685546875,11.44857120513916,11.836194038391113,904.9215698242188,1810.1507568359375,45.53126907348633,50.01847839355469,100,0,0,346.368896484375,0,7.924896240234375,20.327726364135742,20.32097816467285,0,1.034000039100647,0.9067617654800415,50,2.799999952316284,2.2963764667510986,0,0,0,0,3.634473018295568,0,0,0,0.0009567270171828568,-0.0009159315377473831,0,4.07954903494101e-05,100.16287994384766,100.15779876708984,789.6456909179688,789.6416625976562,789.6416625976562,549.3831176757812,0,0,23.812162399291992,0.0010999999940395355,0.02200000174343586,0.03299999609589577,0.04399999603629112,5655.8173828125,114276.53125,0.0429663360118866,0,3.1392715754918754e-05,172.06649780273438,0,0.0002616529818624258,2.8350639695418067e-05,0,0,23.700000762939453,0,0,1600,0,50,0,0,0,50,50,800,0.0,0.0,0.0,0.0
95,158.1872100830078,309.1243591308594,326.0418701171875,326.0478820800781,292.2083740234375,292.202392578125,16515.818359375,33031.63671875,69.07341003417969,69.06513214111328,1745.7943115234375,3577.09228515625,1794.3353271484375,3576.493896484375,284.5424499511719,61.97587966918945,-2.548877091612667e-06,0,0,2574.7001953125,1292.2637939453125,0,23.812898635864258,2709.31396484375,11.446067810058594,11.836207389831543,904.964111328125,1810.156005859375,45.501434326171875,50.01835250854492,100,0,0,346.3688659667969,0,7.924896240234375,20.32697868347168,20.32097816467285,0,1.034000039100647,0.9067617654800415,50,2.799999952316284,2.296337842941284,0,0,0,0,3.653754116976037,0,0,0,0.00096509960712865,-0.0009257307392545044,0,3.936888606403954e-05,100.1644287109375,100.15948486328125,789.6535034179688,789.6495971679688,789.6495971679688,549.3870239257812,0,0,23.812898635864258,0.0010999999940395355,0.02200000174343586,0.03299999609589577,0.04399999603629112,5655.8173828125,114276.53125,0.0429663360118866,0,3.1392715754918754e-05,173.88729858398438,0,0.0002616529818624258,2.8350639695418067e-05,0,0,23.700000762939453,0,0,1600,0,50,0,0,0,50,50,800,0.0,0.0,0.0,0.0
96,158.1871337890625,309.12420654296875,326.0426025390625,326.0478210449219,292.20733642578125,292.2021484375,16515.818359375,33031.63671875,69.07304382324219,69.06492614746094,1746.481201171875,3577.08544921875,1794.326171875,3576.5029296875,284.5423583984375,61.97568130493164,-8.540760063624475e-07,0,0,2574.700439453125,1292.258544921875,0,23.813636779785156,2709.358154296875,11.443599700927734,11.83621883392334,905.00537109375,1810.1611328125,45.47205352783203,50.01820755004883,100,0,0,346.36883544921875,0,7.924896240234375,20.32623291015625,20.321012496948242,0,1.034000039100647,0.9067617654800415,50,2.799999952316284,2.2963004112243652,0,0,0,0,3.673035215656506,0,0,0,0.0009734720806591213,-0.0009352786582894623,0,3.819342964561656e-05,100.16592407226562,100.16111755371094,789.6611328125,789.6573486328125,789.6573486328125,549.3908081054688,0,0,23.813636779785156,0.0010999999940395355,0.02200000174343586,0.03299999609589577,0.04399999603629112,5655.8173828125,114276.53125,0.0429663360118866,0,3.1392715754918754e-05,175.70809936523438,0,0.0002616529818624258,2.8350639695418067e-05,0,0,23.700000762939453,0,0,1600,0,50,0,0,0,50,50,800,0.0,0.0,0.0,0.0
97,158.18707275390625,309.1240234375,326.04327392578125,326.0477600097656,292.2063293457031,292.2018737792969,16515.818359375,33031.63671875,69.07267761230469,69.06472778320312,1747.16552734375,3577.07861328125,1794.319580078125,3576.509521484375,284.54229736328125,61.97547149658203,-9.022982112583122e-07,0,0,2574.700927734375,1292.2530517578125,0,23.815738677978516,2709.40185546875,11.441165924072266,11.836230278015137,905.0465698242188,1810.1636962890625,45.44308853149414,50.01806640625,100,0,0,346.3688049316406,0,7.924896240234375,20.32552146911621,20.321044921875,0,1.034000039100647,0.9067617654800415,50,2.799999952316284,2.2962634563446045,0,0,0,0,3.6923160628553173,0,0,0,0.00098603090737015,-0.0009445753530599177,0,4.1455561586190015e-05,100.16748046875,100.16272735595703,789.6685791015625,789.6648559570312,789.6648559570312,549.3944702148438,0,0,23.815738677978516,0.0010999999940395355,0.02200000174343586,0.03299999609589577,0.04399999603629112,5655.8173828125,114276.53125,0.0429663360118866,0,3.1392715754918754e-05,177.52890014648438,0,0.0002616529818624258,2.8350639695418067e-05,0,0,23.700000762939453,0,0,1600,0,50,0,0,0,50,50,800,0.0,0.0,0.0,0.0
98,158.18699645996094,309.12384033203125,326.0439453125,326.04766845703125,292.205322265625,292.20159912109375,16515.818359375,33031.63671875,69.07231140136719,69.06452178955078,1747.846923828125,3577.072998046875,1794.307373046875,3576.521484375,284.5422058105469,61.97526931762695,2.1149504902950866e-07,0,0,2574.701171875,1292.247802734375,0,23.815156936645508,2709.4453125,11.43876838684082,11.836240768432617,905.0851440429688,1810.163818359375,45.41455078125,50.017913818359375,100,0,0,346.3687438964844,0,7.924896240234375,20.324810028076172,20.32107925415039,0,1.034000039100647,0.9067617654800415,50,2.799999952316284,2.2962265014648438,0,0,0,0,3.7115971615357863,0,0,0,0.0009964965283870697,-0.0009538719896227121,0,4.262450966052711e-05,100.16931915283203,100.16433715820312,789.6763305664062,789.6724243164062,789.6724243164062,549.3981323242188,0,0,23.815156936645508,0.0010999999940395355,0.02200000174343586,0.03299999609589577,0.04399999603629112,5655.8173828125,114276.53125,0.0429663360118866,0,3.1392715754918754e-05,179.34970092773438,0,0.0002616529818624258,2.8350639695418067e-05,0,0,23.700000762939453,0,0,1600,0,50,0,0,0,50,50,800,0.0,0.0,0.0,0.0
99,158.1869354248047,309.12371826171875,326.04461669921875,326.047607421875,292.204345703125,292.201416015625,16515.818359375,33031.63671875,69.07194519042969,69.06431579589844,1748.5257568359375,3577.06787109375,1794.30078125,3576.528564453125,284.5421142578125,61.97506332397461,7.442806122526235e-07,0,0,2574.701171875,1292.242431640625,0,23.815916061401367,2709.49072265625,11.436407089233398,11.836251258850098,905.127197265625,1810.1690673828125,45.38640594482422,50.017757415771484,100,0,0,346.36871337890625,0,7.924896240234375,20.3240966796875,20.32111358642578,0,1.034000039100647,0.9067617654800415,50,2.799999952316284,2.2961881160736084,0,0,0,0,3.7308782602162553,0,0,0,0.0010048688855022192,-0.0009636711911298335,0,4.1197752580046654e-05,100.17106628417969,100.166015625,789.684326171875,789.6803588867188,789.6803588867188,549.402099609375,0,0,23.815916061401367,0.0010999999940395355,0.02200000174343586,0.03299999609589577,0.04399999603629112,5655.8173828125,114276.53125,0.0429663360118866,0,3.1392715754918754e-05,181.17050170898438,0,0.0002616529818624258,2.8350639695418067e-05,0,0,23.700000762939453,0,0,1600,0,50,0,0,0,50,50,800,0.0,0.0,0.0,0.0
100,158.18687438964844,309.1235656738281,326.0453186035156,326.04754638671875,292.203369140625,292.201171875,16515.818359375,33031.63671875,69.07157897949219,69.0641098022461,1749.2015380859375,3577.06298828125,1794.290283203125,3576.53857421875,284.5420227050781,61.9748649597168,2.4390817543462617e-06,0,0,2574.701416015625,1292.2371826171875,0,23.81397247314453,2709.536376953125,11.43407917022705,11.836261749267578,905.16796875,1810.171875,45.35865020751953,50.01759719848633,100,0,0,346.3686828613281,0,7.924896240234375,20.32338523864746,20.321147918701172,0,1.034000039100647,0.9067617654800415,50,2.799999952316284,2.296149492263794,0,0,0,0,3.7501591074150666,0,0,0,0.0010132413590326905,-0.0009734703344292939,0,3.97709954995662e-05,100.17266845703125,100.1677017211914,789.6921997070312,789.6882934570312,789.6882934570312,549.4059448242188,0,0,23.81397247314453,0.0010999999940395355,0.02200000174343586,0.03299999609589577,0.04399999603629112,5655.8173828125,114276.53125,0.0429663360118866,0,3.1392715754918754e-05,182.99130249023438,0,0.0002616529818624258,2.8350639695418067e-05,0,0,23.700000762939453,0,0,1600,0,50,0,0,0,50,50,800,0.0,0.0,0.0,0.0
101,158.18679809570312,309.1234130859375,326.0460205078125,326.0475158691406,292.2023620605469,292.2008972167969,16515.818359375,33031.63671875,69.07122802734375,69.06390380859375,1749.875,3577.05712890625,1794.283935546875,3576.54541015625,284.5419616699219,61.97467041015625,4.7148905650828965e-06,0,0,2574.70166015625,1292.2318115234375,0,23.816072463989258,2709.5810546875,11.43178653717041,11.836272239685059,905.2097778320312,1810.1771240234375,45.33134078979492,50.017433166503906,100,0,0,346.36865234375,0,7.924896240234375,20.32263946533203,20.321147918701172,0,1.034000039100647,0.9067617654800415,50,2.799999952316284,2.296111583709717,0,0,0,0,3.7694402060955357,0,0,0,0.0010237068636342883,-0.000983102130703628,0,4.060480205225758e-05,100.17417907714844,100.16935729980469,789.6998901367188,789.696044921875,789.696044921875,549.4097900390625,0,0,23.816072463989258,0.0010999999940395355,0.02200000174343586,0.03299999609589577,0.04399999603629112,5655.8173828125,114276.53125,0.0429663360118866,0,3.1392715754918754e-05,184.81210327148438,0,0.0002616529818624258,2.8350639695418067e-05,0,0,23.700000762939453,0,0,1600,0,50,0,0,0,50,50,800,0.0,0.0,0.0,0.0
102,158.18673706054688,309.1232604980469,326.04669189453125,326.0474548339844,292.20135498046875,292.20062255859375,16515.818359375,33031.63671875,69.07086181640625,69.0636978149414,1750.5450439453125,3577.05224609375,1794.2735595703125,3576.55517578125,284.5419006347656,61.974464416503906,-5.388058980315691e-06,0,0,2574.701904296875,1292.2266845703125,0,23.816810607910156,2709.624755859375,11.42952823638916,11.836281776428223,905.2490234375,1810.1798095703125,45.304443359375,50.01726531982422,100,0,0,346.3686218261719,0,7.924896240234375,20.321928024291992,20.32118034362793,0,1.034000039100647,0.9067617654800415,50,2.799999952316284,2.296074390411377,0,0,0,0,3.7887213047760047,0,0,0,0.0010320792207494378,-0.000992482528090477,0,3.959672903874889e-05,100.17582702636719,100.17097473144531,789.7074584960938,789.7036743164062,789.7036743164062,549.4135131835938,0,0,23.816810607910156,0.0010999999940395355,0.02200000174343586,0.03299999609589577,0.04399999603629112,5655.8173828125,114276.53125,0.0429663360118866,0,3.1392715754918754e-05,186.63290405273438,0,0.0002616529818624258,2.8350639695418067e-05,0,0,23.700000762939453,0,0,1600,0,50,0,0,0,50,50,800,0.0,0.0,0.0,0.0
103,158.18666076660156,309.1231384277344,326.04736328125,326.04736328125,292.2003479003906,292.2003479003906,16515.818359375,33031.63671875,69.07051086425781,69.06349182128906,1751.212158203125,3577.0478515625,1794.2655029296875,3576.563720703125,284.54180908203125,61.974273681640625,-2.5312424440926407e-06,0,0,2574.701904296875,1292.2215576171875,0,23.81757164001465,2709.66845703125,11.427305221557617,11.836291313171387,905.2892456054688,1810.18505859375,45.2779426574707,50.0171012878418,100,0,0,346.36859130859375,0,7.924896240234375,20.32121467590332,20.32121467590332,0,1.034000039100647,0.9067617654800415,50,2.799999952316284,2.296037435531616,0,0,0,0,3.808002151974816,0,0,0,0.0010404515778645873,-0.001001862925477326,0,3.858865238726139e-05,100.17737579345703,100.1725845336914,789.7150268554688,789.7112426757812,789.7112426757812,549.417236328125,0,0,23.81757164001465,0.0010999999940395355,0.02200000174343586,0.03299999609589577,0.04399999603629112,5655.8173828125,114276.53125,0.0429663360118866,0,3.1392715754918754e-05,188.45370483398438,0,0.0002616529818624258,2.8350639695418067e-05,0,0,23.700000762939453,0,0,1600,0,50,0,0,0,50,50,800,0.0,0.0,0.0,0.0
104,158.1865997314453,309.1229553222656,326.0480651855469,326.04730224609375,292.19940185546875,292.20013427734375,16515.818359375,33031.63671875,69.07015228271484,69.06328582763672,1751.8756103515625,3577.0439453125,1794.2569580078125,3576.572509765625,284.5417175292969,61.97407913208008,-2.554335480908776e-07,0,0,2574.7021484375,1292.216064453125,0,23.81964874267578,2709.71142578125,11.425116539001465,11.836298942565918,905.3306274414062,1810.1903076171875,45.25186538696289,50.01692199707031,100,0,0,346.3685607910156,0,7.924896240234375,20.32050323486328,20.32124900817871,0,1.034000039100647,0.9067617654800415,50,2.799999952316284,2.2960009574890137,0,0,0,0,3.827283250655285,0,0,0,0.0010509169660508633,-0.0010111596202477813,0,3.9757374906912446e-05,100.17886352539062,100.17417907714844,789.7224731445312,789.7188110351562,789.7188110351562,549.4208984375,0,0,23.81964874267578,0.0010999999940395355,0.02200000174343586,0.03299999609589577,0.04399999603629112,5655.8173828125,114276.53125,0.0429663360118866,0,3.1392715754918754e-05,190.27450561523438,0,0.0002616529818624258,2.8350639695418067e-05,0,0,23.700000762939453,0,0,1600,0,50,0,0,0,50,50,800,0.0,0.0,0.0,0.0
105,158.18653869628906,309.1227722167969,326.0487060546875,326.0472106933594,292.1984558105469,292.1999206542969,16515.818359375,33031.63671875,69.0698013305664,69.06307983398438,1752.5360107421875,3577.0400390625,1794.245849609375,3576.583251953125,284.5416564941406,61.973876953125,8.583597832512169e-07,0,0,2574.7021484375,1292.210693359375,0,23.82175064086914,2709.75439453125,11.422962188720703,11.836307525634766,905.3680419921875,1810.1904296875,45.22618103027344,50.016754150390625,100,0,0,346.3685302734375,0,7.924896240234375,20.31982421875,20.321317672729492,0,1.034000039100647,0.9067617654800415,50,2.799999952316284,2.2959647178649902,0,0,0,0,3.8465643493357535,0,0,0,0.0010634753853082657,-0.0010202886769548059,0,4.318666105973534e-05,100.18060302734375,100.17576599121094,789.72998046875,789.7261962890625,789.7261962890625,549.4244995117188,0,0,23.82175064086914,0.0010999999940395355,0.02200000174343586,0.03299999609589577,0.04399999603629112,5655.8173828125,114276.53125,0.0429663360118866,0,3.1392715754918754e-05,192.09530639648438,0,0.0002616529818624258,2.8350639695418067e-05,0,0,23.700000762939453,0,0,1600,0,50,0,0,0,50,50,800,0.0,0.0,0.0,0.0
106,158.18646240234375,309.12261962890625,326.04931640625,326.0470886230469,292.197509765625,292.19970703125,16515.818359375,33031.63671875,69.06945037841797,69.06287384033203,1753.1934814453125,3577.036865234375,1794.2373046875,3576.592041015625,284.54156494140625,61.97367477416992,1.972153086171602e-06,0,0,2574.70263671875,1292.2060546875,0,23.822509765625,2709.799072265625,11.420841217041016,11.836316108703613,905.4065551757812,1810.193359375,45.200870513916016,50.01658630371094,100,0,0,346.3684997558594,0,7.924896240234375,20.319181442260742,20.32138442993164,0,1.034000039100647,0.9067617654800415,50,2.799999952316284,2.295926809310913,0,0,0,0,3.8658454480162225,0,0,0,0.0010718476260080934,-0.0010298367124050856,0,4.201097908662632e-05,100.18246459960938,100.17741394042969,789.7379150390625,789.73388671875,789.73388671875,549.4283447265625,0,0,23.822509765625,0.0010999999940395355,0.02200000174343586,0.03299999609589577,0.04399999603629112,5655.8173828125,114276.53125,0.0429663360118866,0,3.1392715754918754e-05,193.91610717773438,0,0.0002616529818624258,2.8350639695418067e-05,0,0,23.700000762939453,0,0,1600,0,50,0,0,0,50,50,800,0.0,0.0,0.0,0.0
107,158.1864013671875,309.12249755859375,326.0499572753906,326.04705810546875,292.196533203125,292.199462890625,16515.818359375,33031.63671875,69.069091796875,69.06266021728516,1753.8480224609375,3577.03466796875,1794.2279052734375,3576.60107421875,284.5414733886719,61.97347640991211,3.6669539440481458e-06,0,0,2574.702880859375,1292.20068359375,0,23.82190704345703,2709.844970703125,11.418754577636719,11.836323738098145,905.4461059570312,1810.19873046875,45.175960540771484,50.01637649536133,100,0,0,346.3684387207031,0,7.924896240234375,20.31850242614746,20.32138442993164,0,1.034000039100647,0.9067617654800415,50,2.799999952316284,2.2958879470825195,0,0,0,0,3.885126295215034,0,0,0,0.001080219866707921,-0.0010397196747362614,0,4.050022835144773e-05,100.18412017822266,100.17910766601562,789.745849609375,789.7418823242188,789.7418823242188,549.4322509765625,0,0,23.82190704345703,0.0010999999940395355,0.02200000174343586,0.03299999609589577,0.04399999603629112,5655.8173828125,114276.53125,0.0429663360118866,0,3.1392715754918754e-05,195.73690795898438,0,0.0002616529818624258,2.8350639695418067e-05,0,0,23.700000762939453,0,0,1600,0,50,0,0,0,50,50,800,0.0,0.0,0.0,0.0
108,158.1863250732422,309.1223449707031,326.0505676269531,326.0469665527344,292.19561767578125,292.19927978515625,16515.818359375,33031.63671875,69.0687484741211,69.06245422363281,1754.498779296875,3577.03271484375,1794.2177734375,3576.611083984375,284.5414123535156,61.97328567504883,-4.111964244657429e-06,0,0,2574.703125,1292.195556640625,0,23.82128143310547,2709.89013671875,11.416701316833496,11.836331367492676,905.4854736328125,1810.2042236328125,45.15144348144531,50.01618957519531,100,0,0,346.368408203125,0,7.924896240234375,20.31785774230957,20.321453094482422,0,1.034000039100647,0.9067617654800415,50,2.799999952316284,2.2958498001098633,0,0,0,0,3.904407393895503,0,0,0,0.0010885921074077487,-0.0010494349990040064,0,3.915701017831452e-05,100.18568420410156,100.18077850341797,789.753662109375,789.749755859375,789.749755859375,549.4360961914062,0,0,23.82128143310547,0.0010999999940395355,0.02200000174343586,0.03299999609589577,0.04399999603629112,5655.8173828125,114276.53125,0.0429663360118866,0,3.1392715754918754e-05,197.55770874023438,0,0.0002616529818624258,2.8350639695418067e-05,0,0,23.700000762939453,0,0,1600,0,50,0,0,0,50,50,800,0.0,0.0,0.0,0.0
109,158.18626403808594,309.1222229003906,326.0512390136719,326.04693603515625,292.1946716308594,292.1990051269531,16515.818359375,33031.63671875,69.06839752197266,69.06224822998047,1755.1456298828125,3577.030029296875,1794.208740234375,3576.6201171875,284.5413513183594,61.97309494018555,-1.255147594747541e-06,0,0,2574.703369140625,1292.1904296875,0,23.821996688842773,2709.93408203125,11.414682388305664,11.836338996887207,905.5247192382812,1810.2095947265625,45.127357482910156,50.01599884033203,100,0,0,346.3683776855469,0,7.924896240234375,20.31714630126953,20.321453094482422,0,1.034000039100647,0.9067617654800415,50,2.799999952316284,2.2958126068115234,0,0,0,0,3.923688492575972,0,0,0,0.0010969642316922545,-0.0010588992154225707,0,3.806501626968384e-05,100.18717193603516,100.18240356445312,789.7611694335938,789.7574462890625,789.7574462890625,549.4398193359375,0,0,23.821996688842773,0.0010999999940395355,0.02200000174343586,0.03299999609589577,0.04399999603629112,5655.8173828125,114276.53125,0.0429663360118866,0,3.1392715754918754e-05,199.37850952148438,0,0.0002616529818624258,2.8350639695418067e-05,0,0,23.700000762939453,0,0,1600,0,50,0,0,0,50,50,800,0.0,0.0,0.0,0.0
110,158.18618774414062,309.1220703125,326.0518493652344,326.046875,292.1937255859375,292.19879150390625,16515.818359375,33031.63671875,69.06806182861328,69.06204986572266,1755.788330078125,3577.028076171875,1794.19873046875,3576.630126953125,284.541259765625,61.972904205322266,1.601669055162347e-06,0,0,2574.703369140625,1292.185546875,0,23.821348190307617,2709.976806640625,11.412696838378906,11.836345672607422,905.563720703125,1810.2149658203125,45.10363006591797,50.01582717895508,100,0,0,346.36834716796875,0,7.924896240234375,20.31650161743164,20.32148551940918,0,1.034000039100647,0.9067617654800415,50,2.799999952316284,2.2957763671875,0,0,0,0,3.942969339774783,0,0,0,0.0011053363559767604,-0.0010681122075766325,0,3.722417386597954e-05,100.1886215209961,100.1839828491211,789.7685546875,789.764892578125,789.764892578125,549.4434814453125,0,0,23.821348190307617,0.0010999999940395355,0.02200000174343586,0.03299999609589577,0.04399999603629112,5655.8173828125,114276.53125,0.0429663360118866,0,3.1392715754918754e-05,201.19931030273438,0,0.0002616529818624258,2.8350639695418067e-05,0,0,23.700000762939453,0,0,1600,0,50,0,0,0,50,50,800,0.0,0.0,0.0,0.0
111,158.18612670898438,309.1219482421875,326.0524597167969,326.0467834472656,292.19281005859375,292.1986083984375,16515.818359375,33031.63671875,69.0677261352539,69.06184387207031,1756.427734375,3577.02587890625,1794.1900634765625,3576.638916015625,284.5411682128906,61.972713470458984,4.458485364011722e-06,0,0,2574.70361328125,1292.1805419921875,0,23.823427200317383,2710.018310546875,11.410744667053223,11.83635139465332,905.6026000976562,1810.2203369140625,45.08033752441406,50.01563262939453,100,0,0,346.3683166503906,0,7.924896240234375,20.31585693359375,20.32151985168457,0,1.034000039100647,0.9067617654800415,50,2.799999952316284,2.295741081237793,0,0,0,0,3.962250438455252,0,0,0,0.0011137084802612662,-0.00107707385905087,0,3.663470488390885e-05,100.19007110595703,100.1855239868164,789.7757568359375,789.7721557617188,789.7721557617188,549.4470825195312,0,0,23.823427200317383,0.0010999999940395355,0.02200000174343586,0.03299999609589577,0.04399999603629112,5655.8173828125,114276.53125,0.0429663360118866,0,3.1392715754918754e-05,203.02011108398438,0,0.0002616529818624258,2.8350639695418067e-05,0,0,23.700000762939453,0,0,1600,0,50,0,0,0,50,50,800,0.0,0.0,0.0,0.0
112,158.18606567382812,309.1217346191406,326.0530700683594,326.0467224121094,292.1919250488281,292.1983947753906,16515.818359375,33031.63671875,69.06739044189453,69.0616455078125,1757.0631103515625,3577.023681640625,1794.178466796875,3576.650634765625,284.5411071777344,61.9725227355957,-3.3204330520675285e-06,0,0,2574.703857421875,1292.175537109375,0,23.824142456054688,2710.0595703125,11.408824920654297,11.836358070373535,905.6386108398438,1810.223388671875,45.05740737915039,50.015472412109375,100,0,0,346.3682861328125,0,7.924896240234375,20.315214157104492,20.32155418395996,0,1.034000039100647,0.9067617654800415,50,2.799999952316284,2.295706272125244,0,0,0,0,3.981531537135721,0,0,0,0.001126266666688025,-0.0010858679888769984,0,4.039867781102657e-05,100.19160461425781,100.18704223632812,789.7828979492188,789.779296875,789.779296875,549.4505615234375,0,0,23.824142456054688,0.0010999999940395355,0.02200000174343586,0.03299999609589577,0.04399999603629112,5655.8173828125,114276.53125,0.0429663360118866,0,3.1392715754918754e-05,204.84091186523438,0,0.0002616529818624258,2.8350639695418067e-05,0,0,23.700000762939453,0,0,1600,0,50,0,0,0,50,50,800,0.0,0.0,0.0,0.0
113,158.18600463867188,309.1216125488281,326.0536804199219,326.0466613769531,292.1910400390625,292.19818115234375,16515.818359375,33031.63671875,69.06705474853516,69.06143188476562,1757.6954345703125,3577.0224609375,1794.1715087890625,3576.6572265625,284.5410461425781,61.97233963012695,6.983993330322846e-07,0,0,2574.703857421875,1292.170654296875,0,23.824857711791992,2710.101318359375,11.406937599182129,11.836363792419434,905.6758422851562,1810.2236328125,45.03487777709961,50.01527786254883,100,0,0,346.3682556152344,0,7.924896240234375,20.3145694732666,20.32158851623535,0,1.034000039100647,0.9067617654800415,50,2.799999952316284,2.295670747756958,0,0,0,0,4.00081263581619,0,0,0,0.0011346387909725308,-0.0010948296403512359,0,3.980913243140094e-05,100.19334411621094,100.18859100341797,789.790283203125,789.7865600585938,789.7865600585938,549.4541015625,0,0,23.824857711791992,0.0010999999940395355,0.02200000174343586,0.03299999609589577,0.04399999603629112,5655.8173828125,114276.53125,0.0429663360118866,0,3.1392715754918754e-05,206.66171264648438,0,0.0002616529818624258,2.8350639695418067e-05,0,0,23.700000762939453,0,0,1600,0,50,0,0,0,50,50,800,0.0,0.0,0.0,0.0
114,158.18597412109375,309.1214599609375,326.0542907714844,326.04656982421875,292.1901550292969,292.197998046875,16515.818359375,33031.63671875,69.06671905517578,69.06121826171875,1758.32421875,3577.021728515625,1794.164306640625,3576.66455078125,284.54095458984375,61.97216033935547,5.298239557305351e-06,0,0,2574.704345703125,1292.1656494140625,0,23.825550079345703,2710.144775390625,11.405082702636719,11.836369514465332,905.7141723632812,1810.22900390625,45.01274490356445,50.01506042480469,100,0,0,346.36822509765625,0,7.924896240234375,20.31392478942871,20.3216552734375,0,1.034000039100647,0.9067617654800415,50,2.799999952316284,2.2956340312957764,0,0,0,0,4.010452933674767,0,0,0,0.0011430107988417149,-0.0011041263351216912,0,3.8884445530129597e-05,100.19495391845703,100.19019317626953,789.7977905273438,789.7940673828125,789.7940673828125,549.4578247070312,0,0,23.825550079345703,0.0010999999940395355,0.02200000174343586,0.03299999609589577,0.04399999603629112,5655.8173828125,114276.53125,0.0429663360118866,0,3.1392715754918754e-05,208.48251342773438,0,0.0002616529818624258,2.8350639695418067e-05,0,0,23.700000762939453,0,0,1600,0,50,0,0,0,50,50,800,0.0,0.0,0.0,0.0
115,158.18594360351562,309.121337890625,326.054931640625,326.0465393066406,292.1892395019531,292.19775390625,16515.818359375,33031.63671875,69.0663833618164,69.0610122680664,1758.9478759765625,3577.021728515625,1794.152099609375,3576.6767578125,284.5408935546875,61.97198486328125,-1.5664809893678466e-07,0,0,2574.704345703125,1292.160888671875,0,23.824857711791992,2710.1875,11.4032621383667,11.836374282836914,905.7509765625,1810.234619140625,44.990962982177734,50.014862060546875,100,0,0,346.36822509765625,0,7.924896240234375,20.31328010559082,20.32168960571289,0,1.034000039100647,0.9067617654800415,50,2.799999952316284,2.295597791671753,0,0,0,0,4.0200934830150015,0,0,0,0.0011513828067108989,-0.0011133392108604312,0,3.8043603126425296e-05,100.19647979736328,100.1917724609375,789.8052368164062,789.801513671875,789.801513671875,549.4614868164062,0,0,23.824857711791992,0.0010999999940395355,0.02200000174343586,0.03299999609589577,0.04399999603629112,5655.8173828125,114276.53125,0.0429663360118866,0,3.1392715754918754e-05,210.30331420898438,0,0.0002616529818624258,2.8350639695418067e-05,0,0,23.700000762939453,0,0,1600,0,50,0,0,0,50,50,800,0.0,0.0,0.0,0.0
116,158.1859130859375,309.1212158203125,326.0555725097656,326.04644775390625,292.1883239746094,292.197509765625,16515.818359375,33031.63671875,69.06605529785156,69.0608139038086,1759.56884765625,3577.01953125,1794.1434326171875,3576.685546875,284.54083251953125,61.97180938720703,5.02419970871415e-06,0,0,2574.70458984375,1292.156005859375,0,23.82686996459961,2710.22998046875,11.401473045349121,11.836381912231445,905.7888793945312,1810.239990234375,44.9695930480957,50.01466751098633,100,0,0,346.3681945800781,0,7.924896240234375,20.312602996826172,20.32172393798828,0,1.034000039100647,0.9067617654800415,50,2.799999952316284,2.2955617904663086,0,0,0,0,4.029734032355235,0,0,0,0.001159754814580083,-0.0011224683839827776,0,3.728644878719933e-05,100.19795989990234,100.19334411621094,789.8125610351562,789.8088989257812,789.8088989257812,549.465087890625,0,0,23.82686996459961,0.0010999999940395355,0.02200000174343586,0.03299999609589577,0.04399999603629112,5655.8173828125,114276.53125,0.0429663360118866,0,3.1392715754918754e-05,212.12411499023438,0,0.0002616529818624258,2.8350639695418067e-05,0,0,23.700000762939453,0,0,1600,0,50,0,0,0,50,50,800,0.0,0.0,0.0,0.0
117,158.1858673095703,309.1210632324219,326.0561828613281,326.04638671875,292.1874084472656,292.1972351074219,16515.818359375,33031.63671875,69.06572723388672,69.06060791015625,1760.18505859375,3577.01953125,1794.131591796875,3576.697509765625,284.540771484375,61.97163391113281,-4.3068774857601966e-07,0,0,2574.70458984375,1292.1513671875,0,23.8261775970459,2710.271728515625,11.399714469909668,11.836385726928711,905.8251953125,1810.24560546875,44.94855880737305,50.01448059082031,100,0,0,346.3681945800781,0,7.924896240234375,20.311992645263672,20.32179069519043,0,1.034000039100647,0.9067617654800415,50,2.799999952316284,2.2955265045166016,0,0,0,0,4.03937458169547,0,0,0,0.001168126822449267,-0.001131430035457015,0,3.669675425044261e-05,100.19942474365234,100.19488525390625,789.8197631835938,789.816162109375,789.816162109375,549.4686889648438,0,0,23.8261775970459,0.0010999999940395355,0.02200000174343586,0.03299999609589577,0.04399999603629112,5655.8173828125,114276.53125,0.0429663360118866,0,3.1392715754918754e-05,213.94491577148438,0,0.0002616529818624258,2.8350639695418067e-05,0,0,23.700000762939453,0,0,1600,0,50,0,0,0,50,50,800,0.0,0.0,0.0,0.0
118,158.1858367919922,309.1209411621094,326.0567932128906,326.04632568359375,292.1865234375,292.19696044921875,16515.818359375,33031.63671875,69.0654067993164,69.06040954589844,1760.7969970703125,3577.019287109375,1794.1243896484375,3576.704345703125,284.5406799316406,61.97145462036133,4.169151907262858e-06,0,0,2574.70458984375,1292.1466064453125,0,23.826824188232422,2710.3125,11.397989273071289,11.836390495300293,905.8626098632812,1810.251220703125,44.92791748046875,50.01428985595703,100,0,0,346.3681335449219,0,7.924896240234375,20.31134796142578,20.32182502746582,0,1.034000039100647,0.9067617654800415,50,2.799999952316284,2.295491933822632,0,0,0,0,4.049015131035705,0,0,0,0.001176498713903129,-0.0011402241652831435,0,3.627451587817632e-05,100.20086669921875,100.19639587402344,789.8268432617188,789.8233032226562,789.8233032226562,549.4721069335938,0,0,23.826824188232422,0.0010999999940395355,0.02200000174343586,0.03299999609589577,0.04399999603629112,5655.8173828125,114276.53125,0.0429663360118866,0,3.1392715754918754e-05,215.76571655273438,0,0.0002616529818624258,2.8350639695418067e-05,0,0,23.700000762939453,0,0,1600,0,50,0,0,0,50,50,800,0.0,0.0,0.0,0.0
119,158.18580627441406,309.12078857421875,326.0574035644531,326.0462646484375,292.1856384277344,292.19677734375,16515.818359375,33031.63671875,69.0650863647461,69.06021118164062,1761.40478515625,3577.018798828125,1794.115234375,3576.71337890625,284.5406188964844,61.971282958984375,-7.047273697935452e-07,0,0,2574.70458984375,1292.1417236328125,0,23.82613182067871,2710.35302734375,11.396296501159668,11.836395263671875,905.8985595703125,1810.256591796875,44.90768051147461,50.01409149169922,100,0,0,346.3681335449219,0,7.924896240234375,20.31073760986328,20.3218936920166,0,1.034000039100647,0.9067617654800415,50,2.799999952316284,2.295457601547241,0,0,0,0,4.0586556803759395,0,0,0,0.0011848707217723131,-0.0011489345924928784,0,3.593604196794331e-05,100.20230102539062,100.19789123535156,789.8338012695312,789.830322265625,789.830322265625,549.4755859375,0,0,23.82613182067871,0.0010999999940395355,0.02200000174343586,0.03299999609589577,0.04399999603629112,5655.8173828125,114276.53125,0.0429663360118866,0,3.1392715754918754e-05,217.58651733398438,0,0.0002616529818624258,2.8350639695418067e-05,0,0,23.700000762939453,0,0,1600,0,50,0,0,0,50,50,800,0.0,0.0,0.0,0.0
120,158.18577575683594,309.12066650390625,326.0580139160156,326.0462341308594,292.18475341796875,292.196533203125,16515.818359375,33031.63671875,69.06476593017578,69.06001281738281,1762.008544921875,3577.018798828125,1794.1053466796875,3576.723388671875,284.54052734375,61.97110366821289,3.895112513419008e-06,0,0,2574.704833984375,1292.1370849609375,0,23.826778411865234,2710.392822265625,11.394633293151855,11.836400032043457,905.9343872070312,1810.2620849609375,44.887794494628906,50.0139045715332,100,0,0,346.36810302734375,0,7.924896240234375,20.31009292602539,20.3218936920166,0,1.034000039100647,0.9067617654800415,50,2.799999952316284,2.295423984527588,0,0,0,0,4.068295978234516,0,0,0,0.0011932426132261753,-0.0011574774980545044,0,3.576510425773449e-05,100.20372772216797,100.1993637084961,789.8406982421875,789.8372802734375,789.8372802734375,549.47900390625,0,0,23.826778411865234,0.0010999999940395355,0.02200000174343586,0.03299999609589577,0.04399999603629112,5655.8173828125,114276.53125,0.0429663360118866,0,3.1392715754918754e-05,219.40731811523438,0,0.0002616529818624258,2.8350639695418067e-05,0,0,23.700000762939453,0,0,1600,0,50,0,0,0,50,50,800,0.0,0.0,0.0,0.0
121,158.1857452392578,309.1204528808594,326.05859375,326.046142578125,292.1838684082031,292.1963195800781,16515.818359375,33031.63671875,69.064453125,69.05980682373047,1762.608154296875,3577.018798828125,1794.0963134765625,3576.732666015625,284.5404968261719,61.97093200683594,-9.787670478544896e-07,0,0,2574.704833984375,1292.1322021484375,0,23.827449798583984,2710.432373046875,11.3930025100708,11.836403846740723,905.9686889648438,1810.2625732421875,44.868282318115234,50.013702392578125,100,0,0,346.36810302734375,0,7.924896240234375,20.30951690673828,20.32196044921875,0,1.034000039100647,0.9067617654800415,50,2.799999952316284,2.2953903675079346,0,0,0,0,4.07793652757475,0,0,0,0.0012058003339916468,-0.001165936584584415,0,3.986376759712584e-05,100.20525360107422,100.2008285522461,789.8475952148438,789.8441162109375,789.8441162109375,549.4823608398438,0,0,23.827449798583984,0.0010999999940395355,0.02200000174343586,0.03299999609589577,0.04399999603629112,5655.8173828125,114276.53125,0.0429663360118866,0,3.1392715754918754e-05,221.22811889648438,0,0.0002616529818624258,2.8350639695418067e-05,0,0,23.700000762939453,0,0,1600,0,50,0,0,0,50,50,800,0.0,0.0,0.0,0.0
122,158.18569946289062,309.1203308105469,326.0591735839844,326.0461120605469,292.1829528808594,292.1960754394531,16515.818359375,33031.63671875,69.06413269042969,69.05960083007812,1763.2037353515625,3577.019287109375,1794.0867919921875,3576.7421875,284.5404052734375,61.97075653076172,4.202080617687898e-06,0,0,2574.704833984375,1292.127685546875,0,23.8294620513916,2710.47314453125,11.391402244567871,11.836408615112305,906.002685546875,1810.2655029296875,44.8491325378418,50.01350784301758,100,0,0,346.3680725097656,0,7.924896240234375,20.30890655517578,20.32196044921875,0,1.034000039100647,0.9067617654800415,50,2.799999952316284,2.295355796813965,0,0,0,0,4.087577076914985,0,0,0,0.001214172225445509,-0.0011746470117941499,0,3.9525144529761747e-05,100.20699310302734,100.20233154296875,789.8547973632812,789.8511352539062,789.8511352539062,549.4857788085938,0,0,23.8294620513916,0.0010999999940395355,0.02200000174343586,0.03299999609589577,0.04399999603629112,5655.8173828125,114276.53125,0.0429663360118866,0,3.1392715754918754e-05,223.04891967773438,0,0.0002616529818624258,2.8350639695418067e-05,0,0,23.700000762939453,0,0,1600,0,50,0,0,0,50,50,800,0.0,0.0,0.0,0.0
123,158.1856689453125,309.12017822265625,326.0597839355469,326.04608154296875,292.18206787109375,292.19580078125,16515.818359375,33031.63671875,69.06381225585938,69.05939483642578,1763.79541015625,3577.020751953125,1794.076416015625,3576.75244140625,284.54034423828125,61.9705810546875,-1.2528066690720152e-06,0,0,2574.705078125,1292.1231689453125,0,23.83147430419922,2710.515625,11.389832496643066,11.836411476135254,906.0379028320312,1810.2711181640625,44.83034133911133,50.013275146484375,100,0,0,346.3680725097656,0,7.924896240234375,20.30829620361328,20.32199478149414,0,1.034000039100647,0.9067617654800415,50,2.799999952316284,2.2953197956085205,0,0,0,0,4.09721762625522,0,0,0,0.0012225440004840493,-0.0011837761849164963,0,3.876784103340469e-05,100.2086181640625,100.20390319824219,789.8623046875,789.8585815429688,789.8585815429688,549.4894409179688,0,0,23.83147430419922,0.0010999999940395355,0.02200000174343586,0.03299999609589577,0.04399999603629112,5655.8173828125,114276.53125,0.0429663360118866,0,3.1392715754918754e-05,224.86972045898438,0,0.0002616529818624258,2.8350639695418067e-05,0,0,23.700000762939453,0,0,1600,0,50,0,0,0,50,50,800,0.0,0.0,0.0,0.0
124,158.18563842773438,309.12005615234375,326.0603942871094,326.0460205078125,292.18121337890625,292.195556640625,16515.818359375,33031.63671875,69.0634994506836,69.05919647216797,1764.3819580078125,3577.023681640625,1794.0650634765625,3576.763671875,284.540283203125,61.97041702270508,-4.964671006746357e-06,0,0,2574.705078125,1292.1185302734375,0,23.828052520751953,2710.55810546875,11.388293266296387,11.836414337158203,906.0726928710938,1810.2769775390625,44.811851501464844,50.013065338134766,100,0,0,346.3680419921875,0,7.924896240234375,20.30765151977539,20.32202911376953,0,1.034000039100647,0.9067617654800415,50,2.799999952316284,2.295283794403076,0,0,0,0,4.106858175595454,0,0,0,0.0012309157755225897,-0.0011929053580388427,0,3.801038474193774e-05,100.21013641357422,100.20547485351562,789.86962890625,789.865966796875,789.865966796875,549.4930419921875,0,0,23.828052520751953,0.0010999999940395355,0.02200000174343586,0.03299999609589577,0.04399999603629112,5655.8173828125,114276.53125,0.0429663360118866,0,3.1392715754918754e-05,226.69052124023438,0,0.0002616529818624258,2.8350639695418067e-05,0,0,23.700000762939453,0,0,1600,0,50,0,0,0,50,50,800,0.0,0.0,0.0,0.0
125,158.18560791015625,309.1199035644531,326.06097412109375,326.04595947265625,292.1803283691406,292.1952819824219,16515.818359375,33031.63671875,69.06319427490234,69.05899047851562,1764.9644775390625,3577.025146484375,1794.0550537109375,3576.774169921875,284.54022216796875,61.970252990722656,1.9592002900026273e-06,0,0,2574.705322265625,1292.1138916015625,0,23.831382751464844,2710.60009765625,11.386784553527832,11.836417198181152,906.1072998046875,1810.2825927734375,44.79376983642578,50.012847900390625,100,0,0,346.3680419921875,0,7.924896240234375,20.30707550048828,20.32209587097168,0,1.034000039100647,0.9067617654800415,50,2.799999952316284,2.295248508453369,0,0,0,0,4.116498724935688,0,0,0,0.00123928755056113,-0.0012019507121294737,0,3.7336769310059026e-05,100.21163177490234,100.20702362060547,789.8768920898438,789.873291015625,789.873291015625,549.49658203125,0,0,23.831382751464844,0.0010999999940395355,0.02200000174343586,0.03299999609589577,0.04399999603629112,5655.8173828125,114276.53125,0.0429663360118866,0,3.1392715754918754e-05,228.51132202148438,0,0.0002616529818624258,2.8350639695418067e-05,0,0,23.700000762939453,0,0,1600,0,50,0,0,0,50,50,800,0.0,0.0,0.0,0.0
126,158.18557739257812,309.1197814941406,326.0615234375,326.0458679199219,292.1794738769531,292.195068359375,16515.818359375,33031.63671875,69.0628890991211,69.05879211425781,1765.5426025390625,3577.027587890625,1794.0462646484375,3576.782470703125,284.5401611328125,61.9700927734375,-1.1716559811247862e-06,0,0,2574.705322265625,1292.1094970703125,0,23.830646514892578,2710.641357421875,11.385306358337402,11.836421012878418,906.1417846679688,1810.2882080078125,44.77602767944336,50.01264190673828,100,0,0,346.3680114746094,0,7.924896240234375,20.306499481201172,20.32213020324707,0,1.034000039100647,0.9067617654800415,50,2.799999952316284,2.295213460922241,0,0,0,0,4.126139274275923,0,0,0,0.0012476592091843486,-0.0012108286609873176,0,3.683061368064955e-05,100.21308135986328,100.20854949951172,789.884033203125,789.8804321289062,789.8804321289062,549.5001220703125,0,0,23.830646514892578,0.0010999999940395355,0.02200000174343586,0.03299999609589577,0.04399999603629112,5655.8173828125,114276.53125,0.0429663360118866,0,3.1392715754918754e-05,230.33212280273438,0,0.0002616529818624258,2.8350639695418067e-05,0,0,23.700000762939453,0,0,1600,0,50,0,0,0,50,50,800,0.0,0.0,0.0,0.0
127,158.18553161621094,309.11962890625,326.0620422363281,326.0458068847656,292.17864990234375,292.1948547363281,16515.818359375,33031.63671875,69.06258392333984,69.05858612060547,1766.1168212890625,3577.029541015625,1794.0411376953125,3576.78759765625,284.54010009765625,61.96992874145508,-4.883519977738615e-06,0,0,2574.70556640625,1292.10498046875,0,23.831249237060547,2710.682373046875,11.383856773376465,11.836423873901367,906.1762084960938,1810.291015625,44.758697509765625,50.01239013671875,100,0,0,346.3680114746094,0,7.924896240234375,20.30595588684082,20.32219886779785,0,1.034000039100647,0.9067617654800415,50,2.799999952316284,2.2951786518096924,0,0,0,0,4.1357795721345,0,0,0,0.001256030984222889,-0.001219622790813446,0,3.640822251327336e-05,100.21453857421875,100.21006774902344,789.89111328125,789.8875732421875,789.8875732421875,549.503662109375,0,0,23.831249237060547,0.0010999999940395355,0.02200000174343586,0.03299999609589577,0.04399999603629112,5655.8173828125,114276.53125,0.0429663360118866,0,3.1392715754918754e-05,232.15292358398438,0,0.0002616529818624258,2.8350639695418067e-05,0,0,23.700000762939453,0,0,1600,0,50,0,0,0,50,50,800,0.0,0.0,0.0,0.0
128,158.1855010986328,309.1195068359375,326.0626220703125,326.0458068847656,292.1777648925781,292.194580078125,16515.818359375,33031.63671875,69.0622787475586,69.05838775634766,1766.6851806640625,3577.031494140625,1794.031005859375,3576.79833984375,284.5400085449219,61.96977615356445,3.7833742680959404e-06,0,0,2574.70556640625,1292.100341796875,0,23.830490112304688,2710.722900390625,11.382438659667969,11.836426734924316,906.2101440429688,1810.2967529296875,44.741661071777344,50.0121955871582,100,0,0,346.36798095703125,0,7.924896240234375,20.30534553527832,20.32216453552246,0,1.034000039100647,0.9067617654800415,50,2.799999952316284,2.295144557952881,0,0,0,0,4.145420121474734,0,0,0,0.0012644026428461075,-0.001228333218023181,0,3.606945028877817e-05,100.21598052978516,100.21156311035156,789.8980712890625,789.8946533203125,789.8946533203125,549.5071411132812,0,0,23.830490112304688,0.0010999999940395355,0.02200000174343586,0.03299999609589577,0.04399999603629112,5655.8173828125,114276.53125,0.0429663360118866,0,3.1392715754918754e-05,233.97372436523438,0,0.0002616529818624258,2.8350639695418067e-05,0,0,23.700000762939453,0,0,1600,0,50,0,0,0,50,50,800,0.0,0.0,0.0,0.0
129,158.1854705810547,309.119384765625,326.06317138671875,326.0457763671875,292.1769714355469,292.1943664550781,16515.818359375,33031.63671875,69.06197357177734,69.05818939208984,1767.2498779296875,3577.033203125,1794.022216796875,3576.806884765625,284.5399475097656,61.96961975097656,1.23352583614178e-06,0,0,2574.70556640625,1292.095947265625,0,23.829708099365234,2710.7626953125,11.381049156188965,11.836430549621582,906.2439575195312,1810.3023681640625,44.72500228881836,50.011985778808594,100,0,0,346.36798095703125,0,7.924896240234375,20.3048038482666,20.32219886779785,0,1.034000039100647,0.9067617654800415,50,2.799999952316284,2.2951107025146484,0,0,0,0,4.155060670814969,0,0,0,0.001272774301469326,-0.001236876007169485,0,3.5898283385904506e-05,100.21741485595703,100.2130355834961,789.905029296875,789.9015502929688,789.9015502929688,549.510498046875,0,0,23.829708099365234,0.0010999999940395355,0.02200000174343586,0.03299999609589577,0.04399999603629112,5655.8173828125,114276.53125,0.0429663360118866,0,3.1392715754918754e-05,235.79452514648438,0,0.0002616529818624258,2.8350639695418067e-05,0,0,23.700000762939453,0,0,1600,0,50,0,0,0,50,50,800,0.0,0.0,0.0,0.0
130,158.18544006347656,309.1192321777344,326.06378173828125,326.0457763671875,292.17608642578125,292.194091796875,16515.818359375,33031.63671875,69.06168365478516,69.05799102783203,1767.809326171875,3577.036865234375,1794.0108642578125,3576.81787109375,284.5399169921875,61.969478607177734,1.0077084198201192e-06,0,0,2574.70556640625,1292.0916748046875,0,23.83028793334961,2710.80224609375,11.37968921661377,11.836431503295898,906.276123046875,1810.30810546875,44.70865249633789,50.01176834106445,100,0,0,346.3679504394531,0,7.924896240234375,20.30415916442871,20.32216453552246,0,1.034000039100647,0.9067617654800415,50,2.799999952316284,2.295077085494995,0,0,0,0,4.164701220155203,0,0,0,0.0012811459600925446,-0.001245418912731111,0,3.57270437234547e-05,100.21885681152344,100.2145004272461,789.9119262695312,789.908447265625,789.908447265625,549.513916015625,0,0,23.83028793334961,0.0010999999940395355,0.02200000174343586,0.03299999609589577,0.04399999603629112,5655.8173828125,114276.53125,0.0429663360118866,0,3.1392715754918754e-05,237.61532592773438,0,0.0002616529818624258,2.8350639695418067e-05,0,0,23.700000762939453,0,0,1600,0,50,0,0,0,50,50,800,0.0,0.0,0.0,0.0
131,158.18540954589844,309.1191101074219,326.0643310546875,326.0457458496094,292.1752624511719,292.1938171386719,16515.818359375,33031.63671875,69.06138610839844,69.05779266357422,1768.36474609375,3577.0390625,1794.0045166015625,3576.82421875,284.53985595703125,61.969329833984375,-3.801245611612103e-07,0,0,2574.70556640625,1292.0875244140625,0,23.830825805664062,2710.841552734375,11.378357887268066,11.836433410644531,906.3095703125,1810.311279296875,44.692684173583984,50.01155090332031,100,0,0,346.3679504394531,0,7.924896240234375,20.303617477416992,20.32219886779785,0,1.034000039100647,0.9067617654800415,50,2.799999952316284,2.295043706893921,0,0,0,0,4.174341769495437,0,0,0,0.0012895175023004413,-0.0012538781156763434,0,3.563941572792828e-05,100.22029113769531,100.21595764160156,789.918701171875,789.9153442382812,789.9153442382812,549.5172119140625,0,0,23.830825805664062,0.0010999999940395355,0.02200000174343586,0.03299999609589577,0.04399999603629112,5655.8173828125,114276.53125,0.0429663360118866,0,3.1392715754918754e-05,239.43612670898438,0,0.0002616529818624258,2.8350639695418067e-05,0,0,23.700000762939453,0,0,1600,0,50,0,0,0,50,50,800,0.0,0.0,0.0,0.0
132,158.18536376953125,309.11895751953125,326.06488037109375,326.0456848144531,292.1744384765625,292.193603515625,16515.818359375,33031.63671875,69.06108856201172,69.05760192871094,1768.9151611328125,3577.04150390625,1793.9920654296875,3576.837158203125,284.539794921875,61.96917724609375,-2.348965381315793e-06,0,0,2574.705810546875,1292.0831298828125,0,23.831382751464844,2710.880615234375,11.377055168151855,11.83643627166748,906.3414916992188,1810.3167724609375,44.67705535888672,50.01133346557617,100,0,0,346.367919921875,0,7.924896240234375,20.30303955078125,20.322233200073242,0,1.034000039100647,0.9067617654800415,50,2.799999952316284,2.295010805130005,0,0,0,0,4.183982318835672,0,0,0,0.0012978891609236598,-0.0012622534995898604,0,3.5635708627523854e-05,100.22173309326172,100.21739959716797,789.9254760742188,789.922119140625,789.922119140625,549.5205688476562,0,0,23.831382751464844,0.0010999999940395355,0.02200000174343586,0.03299999609589577,0.04399999603629112,5655.8173828125,114276.53125,0.0429663360118866,0,3.1392715754918754e-05,241.25692749023438,0,0.0002616529818624258,2.8350639695418067e-05,0,0,23.700000762939453,0,0,1600,0,50,0,0,0,50,50,800,0.0,0.0,0.0,0.0
133,158.1853485107422,309.11883544921875,326.0653991699219,326.0456848144531,292.1736145019531,292.1933288574219,16515.818359375,33031.63671875,69.06079864501953,69.05740356445312,1769.46044921875,3577.04541015625,1793.9822998046875,3576.8466796875,284.53973388671875,61.96903991699219,-1.9937749584642006e-06,0,0,2574.705810546875,1292.078857421875,0,23.83057975769043,2710.919677734375,11.375781059265137,11.836437225341797,906.3728637695312,1810.32275390625,44.66170120239258,50.011131286621094,100,0,0,346.367919921875,0,7.924896240234375,20.30249786376953,20.322233200073242,0,1.034000039100647,0.9067617654800415,50,2.799999952316284,2.2949776649475098,0,0,0,0,4.193622868175907,0,0,0,0.0013062607031315565,-0.0012706287670880556,0,3.563192512956448e-05,100.2231674194336,100.21884155273438,789.9322509765625,789.9288940429688,789.9288940429688,549.5238647460938,0,0,23.83057975769043,0.0010999999940395355,0.02200000174343586,0.03299999609589577,0.04399999603629112,5655.8173828125,114276.53125,0.0429663360118866,0,3.1392715754918754e-05,243.07772827148438,0,0.0002616529818624258,2.8350639695418067e-05,0,0,23.700000762939453,0,0,1600,0,50,0,0,0,50,50,800,0.0,0.0,0.0,0.0
134,158.1853485107422,309.1186828613281,326.0659484863281,326.045654296875,292.17279052734375,292.193115234375,16515.818359375,33031.63671875,69.06050872802734,69.05720520019531,1770.001953125,3577.04833984375,1793.976318359375,3576.85302734375,284.5396728515625,61.96891784667969,6.854464800198912e-07,0,0,2574.705810546875,1292.0745849609375,0,23.831092834472656,2710.958740234375,11.37453556060791,11.836440086364746,906.405517578125,1810.3255615234375,44.64676284790039,50.010902404785156,100,0,0,346.367919921875,0,7.924896240234375,20.30195426940918,20.322265625,0,1.034000039100647,0.9067617654800415,50,2.799999952316284,2.2949447631835938,0,0,0,0,4.193622868175907,0,0,0,0.0013146322453394532,-0.0012790042674168944,0,3.5627988836495206e-05,100.224609375,100.22028350830078,789.9390258789062,789.9356689453125,789.9356689453125,549.5272216796875,0,0,23.831092834472656,0.0010999999940395355,0.02200000174343586,0.03299999609589577,0.04399999603629112,5655.8173828125,114276.53125,0.0429663360118866,0,3.1392715754918754e-05,244.89852905273438,0,0.0002616529818624258,2.8350639695418067e-05,0,0,23.700000762939453,0,0,1600,0,50,0,0,0,50,50,800,0.0,0.0,0.0,0.0
135,158.1853485107422,309.1185607910156,326.06646728515625,326.0455627441406,292.1719970703125,292.1929016113281,16515.818359375,33031.63671875,69.06022644042969,69.0570068359375,1770.5384521484375,3577.05224609375,1793.963623046875,3576.865478515625,284.5396423339844,61.96879196166992,2.7836601930175675e-06,0,0,2574.705810546875,1292.0704345703125,0,23.8302001953125,2710.99755859375,11.373316764831543,11.836441040039062,906.4366455078125,1810.331298828125,44.632102966308594,50.010684967041016,100,0,0,346.367919921875,0,7.924896240234375,20.30144691467285,20.32233428955078,0,1.034000039100647,0.9067617654800415,50,2.799999952316284,2.2949116230010986,0,0,0,0,4.193622868175907,0,0,0,0.00132300378754735,-0.0012873796513304114,0,3.562405618140474e-05,100.2260513305664,100.22172546386719,789.9458618164062,789.9424438476562,789.9424438476562,549.530517578125,0,0,23.8302001953125,0.0010999999940395355,0.02200000174343586,0.03299999609589577,0.04399999603629112,5655.8173828125,114276.53125,0.0429663360118866,0,3.1392715754918754e-05,246.71932983398438,0,0.0002616529818624258,2.8350639695418067e-05,0,0,23.700000762939453,0,0,1600,0,50,0,0,0,50,50,800,0.0,0.0,0.0,0.0
136,158.1853485107422,309.118408203125,326.0670166015625,326.0455017089844,292.17120361328125,292.19268798828125,16515.818359375,33031.63671875,69.0599365234375,69.05680847167969,1771.0704345703125,3577.056640625,1793.953857421875,3576.875244140625,284.53961181640625,61.96867370605469,-4.591845936374739e-06,0,0,2574.705810546875,1292.066162109375,0,23.830669403076172,2711.03662109375,11.372126579284668,11.836442947387695,906.4674682617188,1810.334716796875,44.61775207519531,50.01048278808594,100,0,0,346.367919921875,0,7.924896240234375,20.3009033203125,20.32240104675293,0,1.034000039100647,0.9067617654800415,50,2.799999952316284,2.2948787212371826,0,0,0,0,4.193622868175907,0,0,0,0.0013313753297552466,-0.0012957550352439284,0,3.5620272683445364e-05,100.22747039794922,100.2231674194336,789.95263671875,789.94921875,789.94921875,549.5338134765625,0,0,23.830669403076172,0.0010999999940395355,0.02200000174343586,0.03299999609589577,0.04399999603629112,5655.8173828125,114276.53125,0.0429663360118866,0,3.1392715754918754e-05,248.54013061523438,0,0.0002616529818624258,2.8350639695418067e-05,0,0,23.700000762939453,0,0,1600,0,50,0,0,0,50,50,800,0.0,0.0,0.0,0.0
137,158.1853485107422,309.1182861328125,326.0675354003906,326.04547119140625,292.1703796386719,292.19244384765625,16515.818359375,33031.63671875,69.05965423583984,69.0566177368164,1771.5977783203125,3577.059814453125,1793.9459228515625,3576.88330078125,284.53955078125,61.96855926513672,-7.506086490138841e-07,0,0,2574.705810546875,1292.0621337890625,0,23.83111572265625,2711.07568359375,11.370964050292969,11.836445808410645,906.4993286132812,1810.3402099609375,44.6037712097168,50.0102653503418,100,0,0,346.367919921875,0,7.924896240234375,20.30036163330078,20.32243537902832,0,1.034000039100647,0.9067617654800415,50,2.799999952316284,2.2948458194732666,0,0,0,0,4.193622868175907,0,0,0,0.0013397467555478215,-0.0013041304191574454,0,3.561633639037609e-05,100.22892761230469,100.224609375,789.9594116210938,789.9559936523438,789.9559936523438,549.5371704101562,0,0,23.83111572265625,0.0010999999940395355,0.02200000174343586,0.03299999609589577,0.04399999603629112,5655.8173828125,114276.53125,0.0429663360118866,0,3.1392715754918754e-05,250.36093139648438,0,0.0002616529818624258,2.8350639695418067e-05,0,0,23.700000762939453,0,0,1600,0,50,0,0,0,50,50,800,0.0,0.0,0.0,0.0
138,158.1853485107422,309.1181640625,326.0680847167969,326.04547119140625,292.1695556640625,292.19219970703125,16515.818359375,33031.63671875,69.05937957763672,69.05642700195312,1772.1201171875,3577.064697265625,1793.937744140625,3576.890869140625,284.53948974609375,61.96845245361328,4.252643520885613e-06,0,0,2574.705810546875,1292.057861328125,0,23.830177307128906,2711.11474609375,11.369829177856445,11.836445808410645,906.52978515625,1810.345947265625,44.590110778808594,50.01002502441406,100,0,0,346.367919921875,0,7.924896240234375,20.29981803894043,20.32243537902832,0,1.034000039100647,0.9067617654800415,50,2.799999952316284,2.2948126792907715,0,0,0,0,4.193622868175907,0,0,0,0.0013481181813403964,-0.0013125058030709624,0,3.5612403735285625e-05,100.23035430908203,100.2260513305664,789.9661865234375,789.9627685546875,789.9627685546875,549.5404663085938,0,0,23.830177307128906,0.0010999999940395355,0.02200000174343586,0.03299999609589577,0.04399999603629112,5655.8173828125,114276.53125,0.0429663360118866,0,3.1392715754918754e-05,252.18173217773438,0,0.0002616529818624258,2.8350639695418067e-05,0,0,23.700000762939453,0,0,1600,0,50,0,0,0,50,50,800,0.0,0.0,0.0,0.0
139,158.1853485107422,309.1180114746094,326.068603515625,326.04541015625,292.1687927246094,292.1919860839844,16515.818359375,33031.63671875,69.05909729003906,69.05622863769531,1772.6380615234375,3577.069091796875,1793.9285888671875,3576.900390625,284.5394592285156,61.96833801269531,-2.5418542008992517e-06,0,0,2574.705810546875,1292.0538330078125,0,23.831941604614258,2711.15380859375,11.368719100952148,11.836446762084961,906.5601196289062,1810.34912109375,44.5767707824707,50.00978469848633,100,0,0,346.367919921875,0,7.924896240234375,20.2993106842041,20.3225040435791,0,1.034000039100647,0.9067617654800415,50,2.799999952316284,2.2947797775268555,0,0,0,0,4.193622868175907,0,0,0,0.0013564897235482931,-0.0013208811869844794,0,3.560846744221635e-05,100.2318115234375,100.22749328613281,789.9729614257812,789.9695434570312,789.9695434570312,549.5438232421875,0,0,23.831941604614258,0.0010999999940395355,0.02200000174343586,0.03299999609589577,0.04399999603629112,5655.8173828125,114276.53125,0.0429663360118866,0,3.1392715754918754e-05,254.00253295898438,0,0.0002616529818624258,2.8350639695418067e-05,0,0,23.700000762939453,0,0,1600,0,50,0,0,0,50,50,800,0.0,0.0,0.0,0.0
140,158.1853485107422,309.1178894042969,326.0690612792969,326.04534912109375,292.16802978515625,292.1917724609375,16515.818359375,33031.63671875,69.05882263183594,69.05603790283203,1773.1505126953125,3577.073486328125,1793.9188232421875,3576.910400390625,284.5393981933594,61.96824264526367,4.204421657050261e-06,0,0,2574.705810546875,1292.0498046875,0,23.829641342163086,2711.192626953125,11.36763858795166,11.836447715759277,906.5899658203125,1810.3548583984375,44.56370544433594,50.00957489013672,100,0,0,346.367919921875,0,7.924896240234375,20.29883575439453,20.32257080078125,0,1.034000039100647,0.9067617654800415,50,2.799999952316284,2.2947466373443604,0,0,0,0,4.193622868175907,0,0,0,0.0013648610329255462,-0.0013292565708979964,0,3.560453114914708e-05,100.23324584960938,100.22893524169922,789.979736328125,789.9763793945312,789.9763793945312,549.547119140625,0,0,23.829641342163086,0.0010999999940395355,0.02200000174343586,0.03299999609589577,0.04399999603629112,5655.8173828125,114276.53125,0.0429663360118866,0,3.1392715754918754e-05,255.82333374023438,0,0.0002616529818624258,2.8350639695418067e-05,0,0,23.700000762939453,0,0,1600,0,50,0,0,0,50,50,800,0.0,0.0,0.0,0.0
141,158.1853485107422,309.11773681640625,326.0696105957031,326.04534912109375,292.167236328125,292.1914978027344,16515.818359375,33031.63671875,69.05854034423828,69.05584716796875,1773.6583251953125,3577.0791015625,1793.91015625,3576.918701171875,284.53936767578125,61.96814727783203,3.1496242058892676e-07,0,0,2574.705810546875,1292.0457763671875,0,23.829998016357422,2711.231689453125,11.366582870483398,11.836447715759277,906.61962890625,1810.358154296875,44.55095672607422,50.009342193603516,100,0,0,346.367919921875,0,7.924896240234375,20.29829216003418,20.32257080078125,0,1.034000039100647,0.9067617654800415,50,2.799999952316284,2.2947137355804443,0,0,0,0,4.193622868175907,0,0,0,0.001373232458718121,-0.0013376319548115134,0,3.5600445698946714e-05,100.23468780517578,100.23037719726562,789.9865112304688,789.983154296875,789.983154296875,549.5504760742188,0,0,23.829998016357422,0.0010999999940395355,0.02200000174343586,0.03299999609589577,0.04399999603629112,5655.8173828125,114276.53125,0.0429663360118866,0,3.1392715754918754e-05,257.6441345214844,0,0.0002616529818624258,2.8350639695418067e-05,0,0,23.700000762939453,0,0,1600,0,50,0,0,0,50,50,800,0.0,0.0,0.0,0.0
142,158.18536376953125,309.11761474609375,326.0700988769531,326.0453186035156,292.1664733886719,292.1912841796875,16515.818359375,33031.63671875,69.05826568603516,69.05564880371094,1774.1614990234375,3577.08447265625,1793.8997802734375,3576.92919921875,284.5393371582031,61.96805953979492,-2.412481308056158e-06,0,0,2574.705810546875,1292.0419921875,0,23.83035659790039,2711.270751953125,11.365553855895996,11.836447715759277,906.6478271484375,1810.364013671875,44.538536071777344,50.00910568237305,100,0,0,346.367919921875,0,7.924896240234375,20.297819137573242,20.32260513305664,0,1.034000039100647,0.9067617654800415,50,2.799999952316284,2.294680595397949,0,0,0,0,4.193622868175907,0,0,0,0.001381603768095374,-0.0013460072223097086,0,3.559651304385625e-05,100.23612976074219,100.23181915283203,789.9932861328125,789.9899291992188,789.9899291992188,549.5537719726562,0,0,23.83035659790039,0.0010999999940395355,0.02200000174343586,0.03299999609589577,0.04399999603629112,5655.8173828125,114276.53125,0.0429663360118866,0,3.1392715754918754e-05,259.4649353027344,0,0.0002616529818624258,2.8350639695418067e-05,0,0,23.700000762939453,0,0,1600,0,50,0,0,0,50,50,800,0.0,0.0,0.0,0.0
143,158.18540954589844,309.1174621582031,326.070556640625,326.04522705078125,292.1657409667969,292.1910705566406,16515.818359375,33031.63671875,69.05799865722656,69.05545806884766,1774.659423828125,3577.090087890625,1793.8902587890625,3576.938720703125,284.5393371582031,61.967987060546875,-2.8158938221167773e-06,0,0,2574.705810546875,1292.0380859375,0,23.827964782714844,2711.309814453125,11.364551544189453,11.836448669433594,906.6768798828125,1810.3697509765625,44.526405334472656,50.008888244628906,100,0,0,346.367919921875,0,7.924896240234375,20.297344207763672,20.322673797607422,0,1.034000039100647,0.9067617654800415,50,2.799999952316284,2.294647693634033,0,0,0,0,4.183982318835672,0,0,0,0.0013899749610573053,-0.0013543827226385474,0,3.5592274798545986e-05,100.23756408691406,100.23326110839844,790.0000610351562,789.9967041015625,789.9967041015625,549.55712890625,0,0,23.827964782714844,0.0010999999940395355,0.02200000174343586,0.03299999609589577,0.04399999603629112,5655.8173828125,114276.53125,0.0429663360118866,0,3.1392715754918754e-05,261.2857360839844,0,0.0002616529818624258,2.8350639695418067e-05,0,0,23.700000762939453,0,0,1600,0,50,0,0,0,50,50,800,0.0,0.0,0.0,0.0
144,158.18544006347656,309.1173400878906,326.071044921875,326.045166015625,292.16497802734375,292.19085693359375,16515.818359375,33031.63671875,69.05772399902344,69.05525970458984,1775.153564453125,3577.095458984375,1793.8824462890625,3576.9462890625,284.539306640625,61.967933654785156,-3.142676234801911e-07,0,0,2574.70556640625,1292.033935546875,0,23.82686996459961,2711.3486328125,11.36357307434082,11.836448669433594,906.7061157226562,1810.372802734375,44.514617919921875,50.008628845214844,100,0,0,346.3679504394531,0,7.924896240234375,20.296903610229492,20.32277488708496,0,1.034000039100647,0.9067617654800415,50,2.799999952316284,2.294614553451538,0,0,0,0,4.174341769495437,0,0,0,0.0013983463868498802,-0.0013627579901367426,0,3.558833850547671e-05,100.23900604248047,100.23470306396484,790.0068969726562,790.0034790039062,790.0034790039062,549.5604248046875,0,0,23.82686996459961,0.0010999999940395355,0.02200000174343586,0.03299999609589577,0.04399999603629112,5655.8173828125,114276.53125,0.0429663360118866,0,3.1392715754918754e-05,263.1065368652344,0,0.0002616529818624258,2.8350639695418067e-05,0,0,23.700000762939453,0,0,1600,0,50,0,0,0,50,50,800,0.0,0.0,0.0,0.0
145,158.1854705810547,309.11724853515625,326.0715026855469,326.0451354980469,292.16424560546875,292.19061279296875,16515.818359375,33031.63671875,69.05745697021484,69.05506896972656,1775.641357421875,3577.101318359375,1793.8741455078125,3576.955078125,284.5392761230469,61.967872619628906,1.0253430673401454e-06,0,0,2574.70556640625,1292.0302734375,0,23.827070236206055,2711.3876953125,11.36262321472168,11.836450576782227,906.7346801757812,1810.378662109375,44.50311279296875,50.0084114074707,100,0,0,346.3679504394531,0,7.924896240234375,20.296428680419922,20.32280921936035,0,1.034000039100647,0.9067617654800415,50,2.799999952316284,2.294581651687622,0,0,0,0,4.164701220155203,0,0,0,0.0014046248979866505,-0.0013711334904655814,0,3.3491374779259786e-05,100.24044799804688,100.23614501953125,790.013671875,790.01025390625,790.01025390625,549.563720703125,0,0,23.827070236206055,0.0010999999940395355,0.02200000174343586,0.03299999609589577,0.04399999603629112,5655.8173828125,114276.53125,0.0429663360118866,0,3.1392715754918754e-05,264.9273376464844,0,0.0002616529818624258,2.8350639695418067e-05,0,0,23.700000762939453,0,0,1600,0,50,0,0,0,50,50,800,0.0,0.0,0.0,0.0
146,158.1855010986328,309.1171569824219,326.072021484375,326.0451354980469,292.16351318359375,292.19036865234375,16515.818359375,33031.63671875,69.05719757080078,69.05487823486328,1776.125244140625,3577.1064453125,1793.869384765625,3576.95947265625,284.53924560546875,61.96782684326172,4.688984972744947e-06,0,0,2574.70556640625,1292.0264892578125,0,23.825931549072266,2711.42578125,11.361696243286133,11.836451530456543,906.7658081054688,1810.386962890625,44.49191665649414,50.0081787109375,100,0,0,346.36798095703125,0,7.924896240234375,20.29595375061035,20.322843551635742,0,1.034000039100647,0.9067617654800415,50,2.799999952316284,2.2945492267608643,0,0,0,0,4.155060670814969,0,0,0,0.001408810494467616,-0.001379425055347383,0,2.9385369998635724e-05,100.24161529541016,100.23755645751953,790.0201416015625,790.0169677734375,790.0169677734375,549.5670776367188,0,0,23.825931549072266,0.0010999999940395355,0.02200000174343586,0.03299999609589577,0.04399999603629112,5655.8173828125,114276.53125,0.0429663360118866,0,3.1392715754918754e-05,266.7481384277344,0,0.0002616529818624258,2.8350639695418067e-05,0,0,23.700000762939453,0,0,1600,0,50,0,0,0,50,50,800,0.0,0.0,0.0,0.0
147,158.18553161621094,309.1170959472656,326.0725402832031,326.0451354980469,292.1627502441406,292.19012451171875,16515.818359375,33031.63671875,69.05693817138672,69.05470275878906,1776.6031494140625,3577.111328125,1793.8575439453125,3576.971435546875,284.53924560546875,61.9677848815918,-1.7021004623529734e-06,0,0,2574.70556640625,1292.02294921875,0,23.824745178222656,2711.461669921875,11.360795974731445,11.83645248413086,906.79541015625,1810.395263671875,44.48102951049805,50.00797653198242,100,0,0,346.36798095703125,0,7.924896240234375,20.29544448852539,20.322843551635742,0,1.034000039100647,0.9067617654800415,50,2.799999952316284,2.2945191860198975,0,0,0,0,4.145420121474734,0,0,0,0.0014129960909485817,-0.001387130469083786,0,2.5865656425594352e-05,100.2425537109375,100.23887634277344,790.026123046875,790.023193359375,790.023193359375,549.5701904296875,0,0,23.824745178222656,0.0010999999940395355,0.02200000174343586,0.03299999609589577,0.04399999603629112,5655.8173828125,114276.53125,0.0429663360118866,0,3.1392715754918754e-05,268.5689392089844,0,0.0002616529818624258,2.8350639695418067e-05,0,0,23.700000762939453,0,0,1600,0,50,0,0,0,50,50,800,0.0,0.0,0.0,0.0
148,158.18557739257812,309.1169738769531,326.072998046875,326.0451354980469,292.1620788574219,292.1899108886719,16515.818359375,33031.63671875,69.05669403076172,69.05452728271484,1777.075439453125,3577.11572265625,1793.8480224609375,3576.98095703125,284.5392150878906,61.967742919921875,2.5425490548514063e-06,0,0,2574.70556640625,1292.019287109375,0,23.826265335083008,2711.493896484375,11.359919548034668,11.83645248413086,906.8232421875,1810.403564453125,44.470428466796875,50.00779724121094,100,0,0,346.3680114746094,0,7.924896240234375,20.29500389099121,20.3228759765625,0,1.034000039100647,0.9067617654800415,50,2.799999952316284,2.294491767883301,0,0,0,0,4.1357795721345,0,0,0,0.001421367283910513,-0.001394081860780716,0,2.7285377655061893e-05,100.24346160888672,100.24006652832031,790.031494140625,790.0288696289062,790.0288696289062,549.5729370117188,0,0,23.826265335083008,0.0010999999940395355,0.02200000174343586,0.03299999609589577,0.04399999603629112,5655.8173828125,114276.53125,0.0429663360118866,0,3.1392715754918754e-05,270.3897399902344,0,0.0002616529818624258,2.8350639695418067e-05,0,0,23.700000762939453,0,0,1600,0,50,0,0,0,50,50,800,0.0,0.0,0.0,0.0
149,158.18560791015625,309.1168212890625,326.073486328125,326.0451354980469,292.16131591796875,292.1896667480469,16515.818359375,33031.63671875,69.05644226074219,69.05435180664062,1777.5440673828125,3577.118896484375,1793.83984375,3576.989013671875,284.5392150878906,61.96769332885742,-5.010551831219345e-06,0,0,2574.705322265625,1292.015625,0,23.82642364501953,2711.5244140625,11.359067916870117,11.836453437805176,906.8497924804688,1810.4063720703125,44.460166931152344,50.00761795043945,100,0,0,346.3680114746094,0,7.924896240234375,20.29452896118164,20.3228759765625,0,1.034000039100647,0.9067617654800415,50,2.799999952316284,2.294466018676758,0,0,0,0,4.126139274275923,0,0,0,0.0014297384768724442,-0.0014006148558109999,0,2.9123702915967442e-05,100.24461364746094,100.24119567871094,790.036865234375,790.0341186523438,790.0341186523438,549.5755004882812,0,0,23.82642364501953,0.0010999999940395355,0.02200000174343586,0.03299999609589577,0.04399999603629112,5655.8173828125,114276.53125,0.0429663360118866,0,3.1392715754918754e-05,272.2105407714844,0,0.0002616529818624258,2.8350639695418067e-05,0,0,23.700000762939453,0,0,1600,0,50,0,0,0,50,50,800,0.0,0.0,0.0,0.0
150,158.18563842773438,309.11669921875,326.0739440917969,326.0451354980469,292.1606140136719,292.1894836425781,16515.818359375,33031.63671875,69.05619812011719,69.0541763305664,1778.006591796875,3577.122802734375,1793.8306884765625,3576.998046875,284.5391845703125,61.967647552490234,-1.3469102668750565e-06,0,0,2574.705322265625,1292.0118408203125,0,23.826601028442383,2711.5556640625,11.358241081237793,11.836454391479492,906.8760375976562,1810.40966796875,44.450172424316406,50.0074462890625,100,0,0,346.3680419921875,0,7.924896240234375,20.29408836364746,20.32291030883789,0,1.034000039100647,0.9067617654800415,50,2.799999952316284,2.2944395542144775,0,0,0,0,4.116498724935688,0,0,0,0.0014381095534190536,-0.0014073150232434273,0,3.0794497433817014e-05,100.24588012695312,100.24235534667969,790.0423583984375,790.03955078125,790.03955078125,549.5781860351562,0,0,23.826601028442383,0.0010999999940395355,0.02200000174343586,0.03299999609589577,0.04399999603629112,5655.8173828125,114276.53125,0.0429663360118866,0,3.1392715754918754e-05,274.0313415527344,0,0.0002616529818624258,2.8350639695418067e-05,0,0,23.700000762939453,0,0,1600,0,50,0,0,0,50,50,800,0.0,0.0,0.0,0.0
151,158.1856689453125,309.1165771484375,326.0744323730469,326.0451354980469,292.1599426269531,292.18927001953125,16515.818359375,33031.63671875,69.05594635009766,69.05399322509766,1778.4652099609375,3577.1279296875,1793.82275390625,3577.00634765625,284.5391540527344,61.96760559082031,2.8977394777029986e-06,0,0,2574.705078125,1292.00830078125,0,23.826778411865234,2711.58837890625,11.357436180114746,11.836454391479492,906.9031372070312,1810.412841796875,44.44042205810547,50.00725555419922,100,0,0,346.3680419921875,0,7.924896240234375,20.29361343383789,20.32291030883789,0,1.034000039100647,0.9067617654800415,50,2.799999952316284,2.2944118976593018,0,0,0,0,4.106858175595454,0,0,0,0.0014443880645558238,-0.001414266531355679,0,3.012148772540968e-05,100.24724578857422,100.24356079101562,790.048095703125,790.045166015625,790.045166015625,549.5809326171875,0,0,23.826778411865234,0.0010999999940395355,0.02200000174343586,0.03299999609589577,0.04399999603629112,5655.8173828125,114276.53125,0.0429663360118866,0,3.1392715754918754e-05,275.8521423339844,0,0.0002616529818624258,2.8350639695418067e-05,0,0,23.700000762939453,0,0,1600,0,50,0,0,0,50,50,800,0.0,0.0,0.0,0.0
152,158.18569946289062,309.11651611328125,326.0749206542969,326.0451354980469,292.1592712402344,292.1890563964844,16515.818359375,33031.63671875,69.05570983886719,69.05382537841797,1778.9176025390625,3577.134033203125,1793.8145751953125,3577.014404296875,284.5391540527344,61.967552185058594,-5.236369361227844e-06,0,0,2574.705078125,1292.0047607421875,0,23.826936721801758,2711.62158203125,11.356657028198242,11.836453437805176,906.9313354492188,1810.421142578125,44.43096160888672,50.00705337524414,100,0,0,346.3680725097656,0,7.924896240234375,20.29317283630371,20.32294464111328,0,1.034000039100647,0.9067617654800415,50,2.799999952316284,2.2943837642669678,0,0,0,0,4.09721762625522,0,0,0,0.0014485735446214676,-0.001421469496563077,0,2.7104071705252863e-05,100.24836730957031,100.24478912353516,790.0538940429688,790.051025390625,790.051025390625,549.5838012695312,0,0,23.826936721801758,0.0010999999940395355,0.02200000174343586,0.03299999609589577,0.04399999603629112,5655.8173828125,114276.53125,0.0429663360118866,0,3.1392715754918754e-05,277.6729431152344,0,0.0002616529818624258,2.8350639695418067e-05,0,0,23.700000762939453,0,0,1600,0,50,0,0,0,50,50,800,0.0,0.0,0.0,0.0
153,158.1857452392578,309.11639404296875,326.0753479003906,326.0450744628906,292.1585693359375,292.1888732910156,16515.818359375,33031.63671875,69.05547332763672,69.05365753173828,1779.3658447265625,3577.138916015625,1793.8045654296875,3577.0244140625,284.53912353515625,61.96751403808594,-4.107120901153394e-07,0,0,2574.704833984375,1292.001220703125,0,23.825773239135742,2711.653564453125,11.355900764465332,11.836453437805176,906.9569091796875,1810.427001953125,44.421783447265625,50.006858825683594,100,0,0,346.3680725097656,0,7.924896240234375,20.29273223876953,20.32301139831543,0,1.034000039100647,0.9067617654800415,50,2.799999952316284,2.29435658454895,0,0,0,0,4.087577076914985,0,0,0,0.0014569447375833988,-0.0014283373020589352,0,2.8607482818188146e-05,100.2493896484375,100.2459716796875,790.0592651367188,790.0565795898438,790.0565795898438,549.5865478515625,0,0,23.825773239135742,0.0010999999940395355,0.02200000174343586,0.03299999609589577,0.04399999603629112,5655.8173828125,114276.53125,0.0429663360118866,0,3.1392715754918754e-05,279.4937438964844,0,0.0002616529818624258,2.8350639695418067e-05,0,0,23.700000762939453,0,0,1600,0,50,0,0,0,50,50,800,0.0,0.0,0.0,0.0
154,158.18577575683594,309.11627197265625,326.07574462890625,326.0450134277344,292.1579284667969,292.18865966796875,16515.818359375,33031.63671875,69.05523681640625,69.05348205566406,1779.808837890625,3577.1435546875,1793.7979736328125,3577.03076171875,284.5390930175781,61.96746826171875,3.2529296731809154e-06,0,0,2574.704833984375,1291.998046875,0,23.8272705078125,2711.684814453125,11.355168342590332,11.836453437805176,906.9821166992188,1810.43017578125,44.41289520263672,50.006675720214844,100,0,0,346.36810302734375,0,7.924896240234375,20.2923583984375,20.3231143951416,0,1.034000039100647,0.9067617654800415,50,2.799999952316284,2.29433012008667,0,0,0,0,4.07793652757475,0,0,0,0.0014632230158895254,-0.0014350374694913626,0,2.8185546398162842e-05,100.25061798095703,100.24713134765625,790.064697265625,790.06201171875,790.06201171875,549.5891723632812,0,0,23.8272705078125,0.0010999999940395355,0.02200000174343586,0.03299999609589577,0.04399999603629112,5655.8173828125,114276.53125,0.0429663360118866,0,3.1392715754918754e-05,281.3145446777344,0,0.0002616529818624258,2.8350639695418067e-05,0,0,23.700000762939453,0,0,1600,0,50,0,0,0,50,50,800,0.0,0.0,0.0,0.0
155,158.18580627441406,309.1161804199219,326.07623291015625,326.0450439453125,292.1572570800781,292.18841552734375,16515.818359375,33031.63671875,69.05500793457031,69.05331420898438,1780.2470703125,3577.1484375,1793.7926025390625,3577.036376953125,284.5390930175781,61.96742248535156,-3.719163714777096e-06,0,0,2574.704833984375,1291.994384765625,0,23.827449798583984,2711.7158203125,11.35445785522461,11.836453437805176,907.0097045898438,1810.435791015625,44.40428924560547,50.00648498535156,100,0,0,346.36810302734375,0,7.924896240234375,20.29188346862793,20.32308006286621,0,1.034000039100647,0.9067617654800415,50,2.799999952316284,2.2943038940429688,0,0,0,0,4.068295978234516,0,0,0,0.0014695014106109738,-0.0014417379861697555,0,2.7763460821006447e-05,100.25167846679688,100.24827575683594,790.070068359375,790.0674438476562,790.0674438476562,549.591796875,0,0,23.827449798583984,0.0010999999940395355,0.02200000174343586,0.03299999609589577,0.04399999603629112,5655.8173828125,114276.53125,0.0429663360118866,0,3.1392715754918754e-05,283.1353454589844,0,0.0002616529818624258,2.8350639695418067e-05,0,0,23.700000762939453,0,0,1600,0,50,0,0,0,50,50,800,0.0,0.0,0.0,0.0
156,158.1858367919922,309.1160583496094,326.07666015625,326.0450439453125,292.1565856933594,292.188232421875,16515.818359375,33031.63671875,69.05477142333984,69.05314636230469,1780.68017578125,3577.153076171875,1793.7852783203125,3577.0439453125,284.5390625,61.96738052368164,5.254860298009589e-07,0,0,2574.70458984375,1291.9908447265625,0,23.824901580810547,2711.746337890625,11.35377025604248,11.836453437805176,907.0345458984375,1810.4388427734375,44.395965576171875,50.006290435791016,100,0,0,346.3681335449219,0,7.924896240234375,20.29147720336914,20.3231143951416,0,1.034000039100647,0.9067617654800415,50,2.799999952316284,2.294278144836426,0,0,0,0,4.0586556803759395,0,0,0,0.0014778724871575832,-0.001448270631954074,0,2.9601786081911996e-05,100.25283813476562,100.24940490722656,790.075439453125,790.0726928710938,790.0726928710938,549.5944213867188,0,0,23.824901580810547,0.0010999999940395355,0.02200000174343586,0.03299999609589577,0.04399999603629112,5655.8173828125,114276.53125,0.0429663360118866,0,3.1392715754918754e-05,284.9561462402344,0,0.0002616529818624258,2.8350639695418067e-05,0,0,23.700000762939453,0,0,1600,0,50,0,0,0,50,50,800,0.0,0.0,0.0,0.0
157,158.1858673095703,309.115966796875,326.0771484375,326.0450439453125,292.1559143066406,292.1880187988281,16515.818359375,33031.63671875,69.05455017089844,69.052978515625,1781.10791015625,3577.159423828125,1793.7750244140625,3577.053955078125,284.5390625,61.96733856201172,4.770135547005339e-06,0,0,2574.70458984375,1291.98779296875,0,23.82642364501953,2711.777587890625,11.353105545043945,11.83645248413086,907.0588989257812,1810.4447021484375,44.387847900390625,50.006107330322266,100,0,0,346.3681335449219,0,7.924896240234375,20.29100227355957,20.3231143951416,0,1.034000039100647,0.9067617654800415,50,2.799999952316284,2.2942516803741455,0,0,0,0,4.049015131035705,0,0,0,0.001482057967223227,-0.0014549709158018231,0,2.708697138587013e-05,100.25403594970703,100.25055694580078,790.0808715820312,790.078125,790.078125,549.5971069335938,0,0,23.82642364501953,0.0010999999940395355,0.02200000174343586,0.03299999609589577,0.04399999603629112,5655.8173828125,114276.53125,0.0429663360118866,0,3.1392715754918754e-05,286.7769470214844,0,0.0002616529818624258,2.8350639695418067e-05,0,0,23.700000762939453,0,0,1600,0,50,0,0,0,50,50,800,0.0,0.0,0.0,0.0
158,158.1859130859375,309.1158752441406,326.07757568359375,326.0450134277344,292.1552734375,292.18780517578125,16515.818359375,33031.63671875,69.0543212890625,69.05281829833984,1781.5316162109375,3577.163818359375,1793.76611328125,3577.062744140625,284.5390625,61.96730041503906,-1.039942048919329e-06,0,0,2574.70458984375,1291.9842529296875,0,23.82657814025879,2711.80810546875,11.352460861206055,11.836453437805176,907.0857543945312,1810.4530029296875,44.380008697509766,50.00593948364258,100,0,0,346.3681945800781,0,7.924896240234375,20.29059600830078,20.32318115234375,0,1.034000039100647,0.9067617654800415,50,2.799999952316284,2.2942259311676025,0,0,0,0,4.03937458169547,0,0,0,0.0014883362455293536,-0.0014615874970331788,0,2.674872666830197e-05,100.2550048828125,100.2516860961914,790.0861206054688,790.08349609375,790.08349609375,549.5997314453125,0,0,23.82657814025879,0.0010999999940395355,0.02200000174343586,0.03299999609589577,0.04399999603629112,5655.8173828125,114276.53125,0.0429663360118866,0,3.1392715754918754e-05,288.5977478027344,0,0.0002616529818624258,2.8350639695418067e-05,0,0,23.700000762939453,0,0,1600,0,50,0,0,0,50,50,800,0.0,0.0,0.0,0.0
159,158.18594360351562,309.11578369140625,326.0780029296875,326.0450134277344,292.15460205078125,292.1876220703125,16515.818359375,33031.63671875,69.05410766601562,69.05265045166016,1781.949462890625,3577.169921875,1793.7591552734375,3577.06982421875,284.5390319824219,61.96725845336914,3.2047075819718884e-06,0,0,2574.70458984375,1291.981201171875,0,23.826711654663086,2711.83837890625,11.35184097290039,11.83645248413086,907.1085205078125,1810.45361328125,44.37246322631836,50.005741119384766,100,0,0,346.3681945800781,0,7.924896240234375,20.290189743041992,20.32318115234375,0,1.034000039100647,0.9067617654800415,50,2.799999952316284,2.2942001819610596,0,0,0,0,4.029734032355235,0,0,0,0.0014946144074201584,-0.0014680365566164255,0,2.6577863536658697e-05,100.2561264038086,100.2528076171875,790.0913696289062,790.0887451171875,790.0887451171875,549.602294921875,0,0,23.826711654663086,0.0010999999940395355,0.02200000174343586,0.03299999609589577,0.04399999603629112,5655.8173828125,114276.53125,0.0429663360118866,0,3.1392715754918754e-05,290.4185485839844,0,0.0002616529818624258,2.8350639695418067e-05,0,0,23.700000762939453,0,0,1600,0,50,0,0,0,50,50,800,0.0,0.0,0.0,0.0
160,158.18597412109375,309.11572265625,326.0783996582031,326.0450134277344,292.15399169921875,292.1874084472656,16515.818359375,33031.63671875,69.05388641357422,69.052490234375,1782.363037109375,3577.175048828125,1793.7529296875,3577.075927734375,284.5390319824219,61.96721649169922,-3.1863780804997077e-06,0,0,2574.704345703125,1291.97802734375,0,23.828231811523438,2711.8681640625,11.351241111755371,11.83645248413086,907.1336059570312,1810.4617919921875,44.365169525146484,50.00555419921875,100,0,0,346.36822509765625,0,7.924896240234375,20.28981590270996,20.32321548461914,0,1.034000039100647,0.9067617654800415,50,2.799999952316284,2.294175148010254,0,0,0,0,4.0200934830150015,0,0,0,0.0014987998874858022,-0.0014744856161996722,0,2.431427128612995e-05,100.25711822509766,100.25390625,790.096435546875,790.0939331054688,790.0939331054688,549.6048583984375,0,0,23.828231811523438,0.0010999999940395355,0.02200000174343586,0.03299999609589577,0.04399999603629112,5655.8173828125,114276.53125,0.0429663360118866,0,3.1392715754918754e-05,292.2393493652344,0,0.0002616529818624258,2.8350639695418067e-05,0,0,23.700000762939453,0,0,1600,0,50,0,0,0,50,50,800,0.0,0.0,0.0,0.0
161,158.18600463867188,309.1156311035156,326.07879638671875,326.0450134277344,292.15338134765625,292.18719482421875,16515.818359375,33031.63671875,69.05367279052734,69.05233764648438,1782.771240234375,3577.18017578125,1793.7452392578125,3577.084228515625,284.53900146484375,61.9671745300293,1.0582715503915097e-06,0,0,2574.704345703125,1291.9747314453125,0,23.82839012145996,2711.896484375,11.350663185119629,11.83645248413086,907.1597290039062,1810.469970703125,44.358131408691406,50.00538635253906,100,0,0,346.36822509765625,0,7.924896240234375,20.289409637451172,20.32321548461914,0,1.034000039100647,0.9067617654800415,50,2.799999952316284,2.2941510677337646,0,0,0,0,4.010452933674767,0,0,0,0.0015029854839667678,-0.001480599632486701,0,2.238589877379127e-05,100.25798797607422,100.25495147705078,790.1012573242188,790.098876953125,790.098876953125,549.6072998046875,0,0,23.82839012145996,0.0010999999940395355,0.02200000174343586,0.03299999609589577,0.04399999603629112,5655.8173828125,114276.53125,0.0429663360118866,0,3.1392715754918754e-05,294.0601501464844,0,0.0002616529818624258,2.8350639695418067e-05,0,0,23.700000762939453,0,0,1600,0,50,0,0,0,50,50,800,0.0,0.0,0.0,0.0
162,158.18605041503906,309.1155090332031,326.0792236328125,326.0450134277344,292.15277099609375,292.1870422363281,16515.818359375,33031.63671875,69.053466796875,69.05218505859375,1783.173828125,3577.18505859375,1793.7392578125,3577.08984375,284.53900146484375,61.967140197753906,-4.170798547420418e-06,0,0,2574.703857421875,1291.9716796875,0,23.82718276977539,2711.923583984375,11.350107192993164,11.83645248413086,907.1829833984375,1810.47314453125,44.351348876953125,50.00523376464844,100,0,0,346.3682556152344,0,7.924896240234375,20.28903579711914,20.32324981689453,0,1.034000039100647,0.9067617654800415,50,2.799999952316284,2.29412841796875,0,0,0,0,4.00081263581619,0,0,0,0.0015113564440980554,-0.0014863787218928337,0,2.49777458520839e-05,100.25885009765625,100.25595092773438,790.1058959960938,790.1035766601562,790.1035766601562,549.609619140625,0,0,23.82718276977539,0.0010999999940395355,0.02200000174343586,0.03299999609589577,0.04399999603629112,5655.8173828125,114276.53125,0.0429663360118866,0,3.1392715754918754e-05,295.8809509277344,0,0.0002616529818624258,2.8350639695418067e-05,0,0,23.700000762939453,0,0,1600,0,50,0,0,0,50,50,800,0.0,0.0,0.0,0.0
163,158.1860809326172,309.1153564453125,326.0796203613281,326.044921875,292.15216064453125,292.1868591308594,16515.818359375,33031.63671875,69.05325317382812,69.05203247070312,1783.572021484375,3577.18994140625,1793.7286376953125,3577.1005859375,284.5389709472656,61.96708679199219,-1.6691722066752845e-06,0,0,2574.703857421875,1291.9683837890625,0,23.828678131103516,2711.9501953125,11.349571228027344,11.83645248413086,907.204833984375,1810.4761962890625,44.34482955932617,50.005069732666016,100,0,0,346.3682556152344,0,7.924896240234375,20.28862953186035,20.32331657409668,0,1.034000039100647,0.9067617654800415,50,2.799999952316284,2.2941057682037354,0,0,0,0,3.9911720864759554,0,0,0,0.0015197272878140211,-0.0014920738758519292,0,2.765343560895417e-05,100.25999450683594,100.2569351196289,790.1106567382812,790.1082153320312,790.1082153320312,549.61181640625,0,0,23.828678131103516,0.0010999999940395355,0.02200000174343586,0.03299999609589577,0.04399999603629112,5655.8173828125,114276.53125,0.0429663360118866,0,3.1392715754918754e-05,297.7017517089844,0,0.0002616529818624258,2.8350639695418067e-05,0,0,23.700000762939453,0,0,1600,0,50,0,0,0,50,50,800,0.0,0.0,0.0,0.0
164,158.1861114501953,309.115234375,326.0799865722656,326.0448913574219,292.15155029296875,292.18670654296875,16515.818359375,33031.63671875,69.05304718017578,69.05187225341797,1783.9649658203125,3577.19580078125,1793.7210693359375,3577.107666015625,284.5389404296875,61.967041015625,1.9944695850426797e-06,0,0,2574.703857421875,1291.96533203125,0,23.828880310058594,2711.978759765625,11.349056243896484,11.83645248413086,907.2261962890625,1810.47705078125,44.338478088378906,50.004920959472656,100,0,0,346.3682861328125,0,7.924896240234375,20.28829002380371,20.32338523864746,0,1.034000039100647,0.9067617654800415,50,2.799999952316284,2.294081449508667,0,0,0,0,3.981531537135721,0,0,0,0.0015280982479453087,-0.001498187892138958,0,2.9910368539276533e-05,100.26128387451172,100.25799560546875,790.11572265625,790.1131591796875,790.1131591796875,549.6141967773438,0,0,23.828880310058594,0.0010999999940395355,0.02200000174343586,0.03299999609589577,0.04399999603629112,5655.8173828125,114276.53125,0.0429663360118866,0,3.1392715754918754e-05,299.5225524902344,0,0.0002616529818624258,2.8350639695418067e-05,0,0,23.700000762939453,0,0,1600,0,50,0,0,0,50,50,800,0.0,0.0,0.0,0.0
165,158.18614196777344,309.11517333984375,326.080322265625,326.0448303222656,292.1510314941406,292.1865539550781,16515.818359375,33031.63671875,69.0528335571289,69.05171966552734,1784.35400390625,3577.20166015625,1793.715087890625,3577.114013671875,284.5389404296875,61.967002868652344,-3.815608124568826e-06,0,0,2574.70361328125,1291.9625244140625,0,23.827695846557617,2712.00927734375,11.348562240600586,11.83645248413086,907.2488403320312,1810.482666015625,44.33243942260742,50.00471878051758,100,0,0,346.3682861328125,0,7.924896240234375,20.28795051574707,20.323453903198242,0,1.034000039100647,0.9067617654800415,50,2.799999952316284,2.294055700302124,0,0,0,0,3.9718909877954864,0,0,0,0.0015322837280109525,-0.00150472077075392,0,2.7562935429159552e-05,100.26255798339844,100.25912475585938,790.1211547851562,790.118408203125,790.118408203125,549.6168212890625,0,0,23.827695846557617,0.0010999999940395355,0.02200000174343586,0.03299999609589577,0.04399999603629112,5655.8173828125,114276.53125,0.0429663360118866,0,3.1392715754918754e-05,301.3433532714844,0,0.0002616529818624258,2.8350639695418067e-05,0,0,23.700000762939453,0,0,1600,0,50,0,0,0,50,50,800,0.0,0.0,0.0,0.0
166,158.18617248535156,309.1151123046875,326.0807189941406,326.0447998046875,292.15045166015625,292.1864013671875,16515.818359375,33031.63671875,69.0526351928711,69.05156707763672,1784.737548828125,3577.208251953125,1793.70654296875,3577.1220703125,284.5389099121094,61.96696853637695,1.5910570709820604e-06,0,0,2574.70361328125,1291.95947265625,0,23.827829360961914,2712.039794921875,11.3480863571167,11.83645248413086,907.2723388671875,1810.4884033203125,44.32656478881836,50.00454330444336,100,0,0,346.3683166503906,0,7.924896240234375,20.28761100769043,20.32352066040039,0,1.034000039100647,0.9067617654800415,50,2.799999952316284,2.294029951095581,0,0,0,0,3.962250438455252,0,0,0,0.0015364692080765963,-0.001511337235569954,0,2.513196159270592e-05,100.2635726928711,100.26025390625,790.1264038085938,790.123779296875,790.123779296875,549.6194458007812,0,0,23.827829360961914,0.0010999999940395355,0.02200000174343586,0.03299999609589577,0.04399999603629112,5655.8173828125,114276.53125,0.0429663360118866,0,3.1392715754918754e-05,303.1641540527344,0,0.0002616529818624258,2.8350639695418067e-05,0,0,23.700000762939453,0,0,1600,0,50,0,0,0,50,50,800,0.0,0.0,0.0,0.0
167,158.18621826171875,309.1150207519531,326.08111572265625,326.0447998046875,292.14984130859375,292.1861877441406,16515.818359375,33031.63671875,69.05242919921875,69.0514144897461,1785.1162109375,3577.214111328125,1793.6993408203125,3577.130126953125,284.5389099121094,61.96693801879883,-3.0570049602829386e-06,0,0,2574.703369140625,1291.9566650390625,0,23.826601028442383,2712.0693359375,11.34763240814209,11.83645248413086,907.2944946289062,1810.4942626953125,44.32097244262695,50.00436782836914,100,0,0,346.3683166503906,0,7.924896240234375,20.28720474243164,20.32352066040039,0,1.034000039100647,0.9067617654800415,50,2.799999952316284,2.2940049171447754,0,0,0,0,3.9526098891150174,0,0,0,0.0015406545717269182,-0.001517702592536807,0,2.295206104463432e-05,100.26445770263672,100.26134490966797,790.1314086914062,790.1289672851562,790.1289672851562,549.6220092773438,0,0,23.826601028442383,0.0010999999940395355,0.02200000174343586,0.03299999609589577,0.04399999603629112,5655.8173828125,114276.53125,0.0429663360118866,0,3.1392715754918754e-05,304.9849548339844,0,0.0002616529818624258,2.8350639695418067e-05,0,0,23.700000762939453,0,0,1600,0,50,0,0,0,50,50,800,0.0,0.0,0.0,0.0
168,158.18624877929688,309.1149597167969,326.0815124511719,326.0447998046875,292.1492919921875,292.18603515625,16515.818359375,33031.63671875,69.05223083496094,69.05126953125,1785.4896240234375,3577.21923828125,1793.69140625,3577.1376953125,284.53887939453125,61.9669075012207,2.9306677333806874e-06,0,0,2574.703369140625,1291.953857421875,0,23.828075408935547,2712.096923828125,11.347197532653809,11.83645248413086,907.3176879882812,1810.5023193359375,44.31563186645508,50.00419998168945,100,0,0,346.36834716796875,0,7.924896240234375,20.286832809448242,20.32355499267578,0,1.034000039100647,0.9067617654800415,50,2.799999952316284,2.2939815521240234,0,0,0,0,3.942969339774783,0,0,0,0.001544840051792562,-0.0015236492035910487,0,2.119091914210003e-05,100.26522827148438,100.26235961914062,790.135986328125,790.1337280273438,790.1337280273438,549.6243896484375,0,0,23.828075408935547,0.0010999999940395355,0.02200000174343586,0.03299999609589577,0.04399999603629112,5655.8173828125,114276.53125,0.0429663360118866,0,3.1392715754918754e-05,306.8057556152344,0,0.0002616529818624258,2.8350639695418067e-05,0,0,23.700000762939453,0,0,1600,0,50,0,0,0,50,50,800,0.0,0.0,0.0,0.0
169,158.186279296875,309.1148986816406,326.0818786621094,326.0447692871094,292.14874267578125,292.1858825683594,16515.818359375,33031.63671875,69.05204010009766,69.0511245727539,1785.8583984375,3577.224609375,1793.6842041015625,3577.144775390625,284.53887939453125,61.96688461303711,-5.553787900680618e-07,0,0,2574.703369140625,1291.9508056640625,0,23.828187942504883,2712.1220703125,11.346780776977539,11.83645248413086,907.3403930664062,1810.508056640625,44.31049728393555,50.004058837890625,100,0,0,346.36834716796875,0,7.924896240234375,20.28645896911621,20.323589324951172,0,1.034000039100647,0.9067617654800415,50,2.799999952316284,2.2939603328704834,0,0,0,0,3.933329041916206,0,0,0,0.001549025415442884,-0.0015290930168703198,0,1.993237492570188e-05,100.26596069335938,100.26329040527344,790.1402587890625,790.13818359375,790.13818359375,549.6265258789062,0,0,23.828187942504883,0.0010999999940395355,0.02200000174343586,0.03299999609589577,0.04399999603629112,5655.8173828125,114276.53125,0.0429663360118866,0,3.1392715754918754e-05,308.6265563964844,0,0.0002616529818624258,2.8350639695418067e-05,0,0,23.700000762939453,0,0,1600,0,50,0,0,0,50,50,800,0.0,0.0,0.0,0.0
170,158.18630981445312,309.1148376464844,326.082275390625,326.0447692871094,292.148193359375,292.1856994628906,16515.818359375,33031.63671875,69.0518569946289,69.05099487304688,1786.2216796875,3577.22802734375,1793.677978515625,3577.151123046875,284.5388488769531,61.96685028076172,4.85128612126573e-06,0,0,2574.703369140625,1291.948486328125,0,23.828277587890625,2712.145751953125,11.34638500213623,11.836453437805176,907.3617553710938,1810.513671875,44.30562973022461,50.003929138183594,100,0,0,346.3683776855469,0,7.924896240234375,20.28611946105957,20.32362174987793,0,1.034000039100647,0.9067617654800415,50,2.799999952316284,2.293940305709839,0,0,0,0,3.923688492575972,0,0,0,0.0015532108955085278,-0.0015342021360993385,0,1.9008748495252803e-05,100.26667022705078,100.26416778564453,790.144287109375,790.1422729492188,790.1422729492188,549.6286010742188,0,0,23.828277587890625,0.0010999999940395355,0.02200000174343586,0.03299999609589577,0.04399999603629112,5655.8173828125,114276.53125,0.0429663360118866,0,3.1392715754918754e-05,310.4473571777344,0,0.0002616529818624258,2.8350639695418067e-05,0,0,23.700000762939453,0,0,1600,0,50,0,0,0,50,50,800,0.0,0.0,0.0,0.0
171,158.18634033203125,309.11468505859375,326.0826416015625,326.0447692871094,292.1476745605469,292.185546875,16515.818359375,33031.63671875,69.05167388916016,69.05085754394531,1786.5804443359375,3577.23291015625,1793.66845703125,3577.160400390625,284.5388488769531,61.96681213378906,-9.587913609721e-07,0,0,2574.703125,1291.9451904296875,0,23.828411102294922,2712.168212890625,11.3460054397583,11.836453437805176,907.3817138671875,1810.516845703125,44.300960540771484,50.00380325317383,100,0,0,346.3683776855469,0,7.924896240234375,20.285747528076172,20.32362174987793,0,1.034000039100647,0.9067617654800415,50,2.799999952316284,2.2939212322235107,0,0,0,0,3.914047943235737,0,0,0,0.0015615816228091717,-0.0015389759792014956,0,2.260564360767603e-05,100.2674789428711,100.26499938964844,790.1481323242188,790.1461791992188,790.1461791992188,549.6304931640625,0,0,23.828411102294922,0.0010999999940395355,0.02200000174343586,0.03299999609589577,0.04399999603629112,5655.8173828125,114276.53125,0.0429663360118866,0,3.1392715754918754e-05,312.2681579589844,0,0.0002616529818624258,2.8350639695418067e-05,0,0,23.700000762939453,0,0,1600,0,50,0,0,0,50,50,800,0.0,0.0,0.0,0.0
172,158.18638610839844,309.11456298828125,326.0829772949219,326.0447692871094,292.1471252441406,292.1853332519531,16515.818359375,33031.63671875,69.0514907836914,69.05071258544922,1786.933349609375,3577.2392578125,1793.6624755859375,3577.166259765625,284.538818359375,61.966766357421875,2.7048504307458643e-06,0,0,2574.703125,1291.9423828125,0,23.82990837097168,2712.191650390625,11.345647811889648,11.836451530456543,907.4010620117188,1810.517578125,44.29650115966797,50.003662109375,100,0,0,346.368408203125,0,7.924896240234375,20.285442352294922,20.32365608215332,0,1.034000039100647,0.9067617654800415,50,2.799999952316284,2.2939014434814453,0,0,0,0,3.904407393895503,0,0,0,0.0015699524665251374,-0.0015439174603670835,0,2.6035006158053875e-05,100.26859283447266,100.26586151123047,790.15234375,790.150146484375,790.150146484375,549.6323852539062,0,0,23.82990837097168,0.0010999999940395355,0.02200000174343586,0.03299999609589577,0.04399999603629112,5655.8173828125,114276.53125,0.0429663360118866,0,3.1392715754918754e-05,314.0889587402344,0,0.0002616529818624258,2.8350639695418067e-05,0,0,23.700000762939453,0,0,1600,0,50,0,0,0,50,50,800,0.0,0.0,0.0,0.0
173,158.18641662597656,309.114501953125,326.08331298828125,326.0447082519531,292.1466369628906,292.1852111816406,16515.818359375,33031.63671875,69.05130004882812,69.05056762695312,1787.282958984375,3577.24560546875,1793.6551513671875,3577.17431640625,284.538818359375,61.96671676635742,-4.848250682698563e-06,0,0,2574.703125,1291.9398193359375,0,23.830087661743164,2712.21728515625,11.345305442810059,11.836450576782227,907.4205932617188,1810.5205078125,44.29228210449219,50.003482818603516,100,0,0,346.368408203125,0,7.924896240234375,20.28510284423828,20.3237247467041,0,1.034000039100647,0.9067617654800415,50,2.799999952316284,2.293879747390747,0,0,0,0,3.8947668445552686,0,0,0,0.0015741378301754594,-0.001549445209093392,0,2.469262108206749e-05,100.26978302001953,100.26681518554688,790.1569213867188,790.1546630859375,790.1546630859375,549.6345825195312,0,0,23.830087661743164,0.0010999999940395355,0.02200000174343586,0.03299999609589577,0.04399999603629112,5655.8173828125,114276.53125,0.0429663360118866,0,3.1392715754918754e-05,315.9097595214844,0,0.0002616529818624258,2.8350639695418067e-05,0,0,23.700000762939453,0,0,1600,0,50,0,0,0,50,50,800,0.0,0.0,0.0,0.0
174,158.1864471435547,309.1144104003906,326.0836486816406,326.0446472167969,292.1461486816406,292.18505859375,16515.818359375,33031.63671875,69.05111694335938,69.05043029785156,1787.627685546875,3577.251220703125,1793.6513671875,3577.177978515625,284.5387878417969,61.9666862487793,1.1394223520255764e-06,0,0,2574.702880859375,1291.9371337890625,0,23.827539443969727,2712.243896484375,11.344982147216797,11.836450576782227,907.4422607421875,1810.5262451171875,44.28824996948242,50.003318786621094,100,0,0,346.3684387207031,0,7.924896240234375,20.28479766845703,20.32379150390625,0,1.034000039100647,0.9067617654800415,50,2.799999952316284,2.2938570976257324,0,0,0,0,3.885126295215034,0,0,0,0.0015783233102411032,-0.0015552242984995246,0,2.309901174157858e-05,100.27074432373047,100.2677993774414,790.16162109375,790.1593017578125,790.1593017578125,549.6369018554688,0,0,23.827539443969727,0.0010999999940395355,0.02200000174343586,0.03299999609589577,0.04399999603629112,5655.8173828125,114276.53125,0.0429663360118866,0,3.1392715754918754e-05,317.7305603027344,0,0.0002616529818624258,2.8350639695418067e-05,0,0,23.700000762939453,0,0,1600,0,50,0,0,0,50,50,800,0.0,0.0,0.0,0.0
175,158.1864776611328,309.1143493652344,326.0839538574219,326.0445861816406,292.1456604003906,292.1849365234375,16515.818359375,33031.63671875,69.05093383789062,69.05030059814453,1787.96630859375,3577.258056640625,1793.64208984375,3577.1865234375,284.5387878417969,61.966644287109375,-5.2516634241328575e-06,0,0,2574.702880859375,1291.9344482421875,0,23.829015731811523,2712.2705078125,11.34467887878418,11.836448669433594,907.46240234375,1810.5321044921875,44.28443908691406,50.00315856933594,100,0,0,346.3684387207031,0,7.924896240234375,20.28449249267578,20.32386016845703,0,1.034000039100647,0.9067617654800415,50,2.799999952316284,2.293834924697876,0,0,0,0,3.8754857458747995,0,0,0,0.0015825085574761033,-0.00156091945245862,0,2.1589094103546813e-05,100.2716064453125,100.2687759399414,790.1661987304688,790.1639404296875,790.1639404296875,549.63916015625,0,0,23.829015731811523,0.0010999999940395355,0.02200000174343586,0.03299999609589577,0.04399999603629112,5655.8173828125,114276.53125,0.0429663360118866,0,3.1392715754918754e-05,319.5513610839844,0,0.0002616529818624258,2.8350639695418067e-05,0,0,23.700000762939453,0,0,1600,0,50,0,0,0,50,50,800,0.0,0.0,0.0,0.0
176,158.18650817871094,309.1142883300781,326.0842590332031,326.0445861816406,292.1451416015625,292.1847839355469,16515.818359375,33031.63671875,69.0507583618164,69.05016326904297,1788.3013916015625,3577.264404296875,1793.6361083984375,3577.193115234375,284.53875732421875,61.96662139892578,1.8980251752509503e-06,0,0,2574.70263671875,1291.931884765625,0,23.827808380126953,2712.295654296875,11.344390869140625,11.836447715759277,907.4823608398438,1810.53759765625,44.28083038330078,50.002994537353516,100,0,0,346.3684997558594,0,7.924896240234375,20.284221649169922,20.323894500732422,0,1.034000039100647,0.9067617654800415,50,2.799999952316284,2.293813467025757,0,0,0,0,3.8658454480162225,0,0,0,0.001586694037541747,-0.0015663634985685349,0,2.0330551706138067e-05,100.27238464355469,100.26970672607422,790.1704711914062,790.1683349609375,790.1683349609375,549.641357421875,0,0,23.827808380126953,0.0010999999940395355,0.02200000174343586,0.03299999609589577,0.04399999603629112,5655.8173828125,114276.53125,0.0429663360118866,0,3.1392715754918754e-05,321.3721618652344,0,0.0002616529818624258,2.8350639695418067e-05,0,0,23.700000762939453,0,0,1600,0,50,0,0,0,50,50,800,0.0,0.0,0.0,0.0
177,158.18655395507812,309.1142272949219,326.0845642089844,326.0445251464844,292.1446838378906,292.1846618652344,16515.818359375,33031.63671875,69.05059051513672,69.05003356933594,1788.6312255859375,3577.270263671875,1793.6337890625,3577.195068359375,284.53875732421875,61.96658706665039,-3.331044581500464e-06,0,0,2574.70263671875,1291.9293212890625,0,23.829261779785156,2712.3193359375,11.344120979309082,11.836446762084961,907.5020751953125,1810.5408935546875,44.27745056152344,50.00284194946289,100,0,0,346.3684997558594,0,7.924896240234375,20.283916473388672,20.32396125793457,0,1.034000039100647,0.9067617654800415,50,2.799999952316284,2.2937934398651123,0,0,0,0,3.8562048986759883,0,0,0,0.001590879401192069,-0.0015714726177975535,0,1.9406772480579093e-05,100.27312469482422,100.27058410644531,790.1744384765625,790.1724853515625,790.1724853515625,549.6433715820312,0,0,23.829261779785156,0.0010999999940395355,0.02200000174343586,0.03299999609589577,0.04399999603629112,5655.8173828125,114276.53125,0.0429663360118866,0,3.1392715754918754e-05,323.1929626464844,0,0.0002616529818624258,2.8350639695418067e-05,0,0,23.700000762939453,0,0,1600,0,50,0,0,0,50,50,800,0.0,0.0,0.0,0.0
178,158.18658447265625,309.1141357421875,326.0848693847656,326.0445251464844,292.1441955566406,292.18450927734375,16515.818359375,33031.63671875,69.05042266845703,69.0499038696289,1788.955810546875,3577.2763671875,1793.623779296875,3577.205322265625,284.53875732421875,61.966556549072266,2.656628112163162e-06,0,0,2574.7021484375,1291.9268798828125,0,23.828031539916992,2712.342041015625,11.343868255615234,11.836445808410645,907.5216674804688,1810.5462646484375,44.2742919921875,50.002685546875,100,0,0,346.3685302734375,0,7.924896240234375,20.28364372253418,20.32399559020996,0,1.034000039100647,0.9067617654800415,50,2.799999952316284,2.293774366378784,0,0,0,0,3.8465643493357535,0,0,0,0.0015950646484270692,-0.001576330279931426,0,1.873436849564314e-05,100.27384948730469,100.27142333984375,790.1782836914062,790.1763916015625,790.1763916015625,549.6453247070312,0,0,23.828031539916992,0.0010999999940395355,0.02200000174343586,0.03299999609589577,0.04399999603629112,5655.8173828125,114276.53125,0.0429663360118866,0,3.1392715754918754e-05,325.0137634277344,0,0.0002616529818624258,2.8350639695418067e-05,0,0,23.700000762939453,0,0,1600,0,50,0,0,0,50,50,800,0.0,0.0,0.0,0.0
179,158.18661499023438,309.11407470703125,326.085205078125,326.0445251464844,292.1437072753906,292.1843566894531,16515.818359375,33031.63671875,69.05025482177734,69.0497817993164,1789.2752685546875,3577.281005859375,1793.6170654296875,3577.212158203125,284.53875732421875,61.966522216796875,-2.572441871961928e-06,0,0,2574.7021484375,1291.9246826171875,0,23.82950782775879,2712.36376953125,11.343633651733398,11.836445808410645,907.5394897460938,1810.55224609375,44.27131652832031,50.00257110595703,100,0,0,346.3685302734375,0,7.924896240234375,20.283306121826172,20.32399559020996,0,1.034000039100647,0.9067617654800415,50,2.799999952316284,2.2937560081481934,0,0,0,0,3.8369237999955192,0,0,0,0.001599250128492713,-0.0015810204204171896,0,1.8229649867862463e-05,100.27456665039062,100.27222442626953,790.1820678710938,790.1802368164062,790.1802368164062,549.6471557617188,0,0,23.82950782775879,0.0010999999940395355,0.02200000174343586,0.03299999609589577,0.04399999603629112,5655.8173828125,114276.53125,0.0429663360118866,0,3.1392715754918754e-05,326.8345642089844,0,0.0002616529818624258,2.8350639695418067e-05,0,0,23.700000762939453,0,0,1600,0,50,0,0,0,50,50,800,0.0,0.0,0.0,0.0
180,158.1866455078125,309.11395263671875,326.08551025390625,326.0445251464844,292.1431884765625,292.1841735839844,16515.818359375,33031.63671875,69.05009460449219,69.04965209960938,1789.591064453125,3577.285888671875,1793.6136474609375,3577.2158203125,284.5387268066406,61.96649169921875,3.4152310490753734e-06,0,0,2574.7021484375,1291.9219970703125,0,23.829641342163086,2712.385009765625,11.343413352966309,11.836443901062012,907.5573120117188,1810.552734375,44.268550872802734,50.00242614746094,100,0,0,346.3685607910156,0,7.924896240234375,20.28303337097168,20.32402992248535,0,1.034000039100647,0.9067617654800415,50,2.799999952316284,2.2937378883361816,0,0,0,0,3.827283250655285,0,0,0,0.001607620739378035,-0.001585543155670166,0,2.207761826866772e-05,100.27537536621094,100.27301025390625,790.1857299804688,790.1838989257812,790.1838989257812,549.64892578125,0,0,23.829641342163086,0.0010999999940395355,0.02200000174343586,0.03299999609589577,0.04399999603629112,5655.8173828125,114276.53125,0.0429663360118866,0,3.1392715754918754e-05,328.6553649902344,0,0.0002616529818624258,2.8350639695418067e-05,0,0,23.700000762939453,0,0,1600,0,50,0,0,0,50,50,800,0.0,0.0,0.0,0.0
181,158.18667602539062,309.1138916015625,326.0858154296875,326.0445251464844,292.1427001953125,292.1840515136719,16515.818359375,33031.63671875,69.04991912841797,69.04953002929688,1789.90185546875,3577.291748046875,1793.605224609375,3577.2236328125,284.5387268066406,61.96644973754883,-2.9758543860225473e-06,0,0,2574.7021484375,1291.9195556640625,0,23.82975196838379,2712.406982421875,11.343210220336914,11.836442947387695,907.574951171875,1810.5556640625,44.265995025634766,50.00226974487305,100,0,0,346.3685607910156,0,7.924896240234375,20.28272819519043,20.32402992248535,0,1.034000039100647,0.9067617654800415,50,2.799999952316284,2.2937192916870117,0,0,0,0,3.8176427013150502,0,0,0,0.0016118059866130352,-0.0015902334125712514,0,2.1572597688646056e-05,100.2763900756836,100.2738265991211,790.189697265625,790.1876831054688,790.1876831054688,549.6508178710938,0,0,23.82975196838379,0.0010999999940395355,0.02200000174343586,0.03299999609589577,0.04399999603629112,5655.8173828125,114276.53125,0.0429663360118866,0,3.1392715754918754e-05,330.4761657714844,0,0.0002616529818624258,2.8350639695418067e-05,0,0,23.700000762939453,0,0,1600,0,50,0,0,0,50,50,800,0.0,0.0,0.0,0.0
182,158.1867218017578,309.1138000488281,326.0861511230469,326.0445251464844,292.1422424316406,292.18389892578125,16515.818359375,33031.63671875,69.04976654052734,69.04940032958984,1790.2078857421875,3577.299072265625,1793.5985107421875,3577.22998046875,284.5386962890625,61.9664192199707,3.0118187623884296e-06,0,0,2574.701904296875,1291.9171142578125,0,23.82990837097168,2712.430419921875,11.343023300170898,11.836441993713379,907.5933227539062,1810.5616455078125,44.26353454589844,50.002140045166016,100,0,0,346.36859130859375,0,7.924896240234375,20.28242301940918,20.324064254760742,0,1.034000039100647,0.9067617654800415,50,2.799999952316284,2.2936995029449463,0,0,0,0,3.808002151974816,0,0,0,0.0016159913502633572,-0.001595258479937911,0,2.0732812117785215e-05,100.27726745605469,100.27468872070312,790.1937866210938,790.1917114257812,790.1917114257812,549.6527709960938,0,0,23.82990837097168,0.0010999999940395355,0.02200000174343586,0.03299999609589577,0.04399999603629112,5655.8173828125,114276.53125,0.0429663360118866,0,3.1392715754918754e-05,332.2969665527344,0,0.0002616529818624258,2.8350639695418067e-05,0,0,23.700000762939453,0,0,1600,0,50,0,0,0,50,50,800,0.0,0.0,0.0,0.0
183,158.18675231933594,309.1137390136719,326.0865173339844,326.0445251464844,292.1417541503906,292.18377685546875,16515.818359375,33031.63671875,69.04959869384766,69.04927825927734,1790.510009765625,3577.3037109375,1793.592529296875,3577.236572265625,284.5386962890625,61.96638488769531,-2.2172514491103357e-06,0,0,2574.701904296875,1291.9149169921875,0,23.830020904541016,2712.45361328125,11.342852592468262,11.836441993713379,907.610595703125,1810.5643310546875,44.26136779785156,50.00197982788086,100,0,0,346.3686218261719,0,7.924896240234375,20.28211784362793,20.3240966796875,0,1.034000039100647,0.9067617654800415,50,2.799999952316284,2.29367995262146,0,0,0,0,3.798361854116239,0,0,0,0.0016201765974983573,-0.0016002837801352143,0,1.989287557080388e-05,100.27806854248047,100.27555084228516,790.19775390625,790.19580078125,790.19580078125,549.65478515625,0,0,23.830020904541016,0.0010999999940395355,0.02200000174343586,0.03299999609589577,0.04399999603629112,5655.8173828125,114276.53125,0.0429663360118866,0,3.1392715754918754e-05,334.1177673339844,0,0.0002616529818624258,2.8350639695418067e-05,0,0,23.700000762939453,0,0,1600,0,50,0,0,0,50,50,800,0.0,0.0,0.0,0.0
184,158.18678283691406,309.1136779785156,326.0867614746094,326.0445251464844,292.14129638671875,292.18365478515625,16515.818359375,33031.63671875,69.0494384765625,69.04915618896484,1790.806884765625,3577.310302734375,1793.58837890625,3577.240478515625,284.5386657714844,61.96635437011719,3.7704214719269658e-06,0,0,2574.701904296875,1291.9124755859375,0,23.830154418945312,2712.47607421875,11.342696189880371,11.836441040039062,907.628662109375,1810.5701904296875,44.25933074951172,50.001834869384766,100,0,0,346.3686218261719,0,7.924896240234375,20.28184700012207,20.3240966796875,0,1.034000039100647,0.9067617654800415,50,2.799999952316284,2.293660879135132,0,0,0,0,3.7887213047760047,0,0,0,0.0016243619611486793,-0.0016051414422690868,0,1.922047340485733e-05,100.2788314819336,100.27638244628906,790.20166015625,790.1997680664062,790.1997680664062,549.65673828125,0,0,23.830154418945312,0.0010999999940395355,0.02200000174343586,0.03299999609589577,0.04399999603629112,5655.8173828125,114276.53125,0.0429663360118866,0,3.1392715754918754e-05,335.9385681152344,0,0.0002616529818624258,2.8350639695418067e-05,0,0,23.700000762939453,0,0,1600,0,50,0,0,0,50,50,800,0.0,0.0,0.0,0.0
185,158.1868133544922,309.1136169433594,326.0870361328125,326.04449462890625,292.1408386230469,292.1835021972656,16515.818359375,33031.63671875,69.04928588867188,69.04903411865234,1791.0987548828125,3577.31689453125,1793.58251953125,3577.246826171875,284.5386657714844,61.96632385253906,-8.776406161814521e-07,0,0,2574.70166015625,1291.91015625,0,23.828903198242188,2712.498046875,11.34255599975586,11.836440086364746,907.6464233398438,1810.573486328125,44.257450103759766,50.001708984375,100,0,0,346.36865234375,0,7.924896240234375,20.2816104888916,20.32416534423828,0,1.034000039100647,0.9067617654800415,50,2.799999952316284,2.293642282485962,0,0,0,0,3.77908075543577,0,0,0,0.0016285472083836794,-0.001609831815585494,0,1.8715451005846262e-05,100.27957153320312,100.27719116210938,790.2054443359375,790.2035522460938,790.2035522460938,549.6585693359375,0,0,23.828903198242188,0.0010999999940395355,0.02200000174343586,0.03299999609589577,0.04399999603629112,5655.8173828125,114276.53125,0.0429663360118866,0,3.1392715754918754e-05,337.7593688964844,0,0.0002616529818624258,2.8350639695418067e-05,0,0,23.700000762939453,0,0,1600,0,50,0,0,0,50,50,800,0.0,0.0,0.0,0.0
186,158.1868438720703,309.113525390625,326.0873107910156,326.04449462890625,292.14044189453125,292.1833801269531,16515.818359375,33031.63671875,69.04913330078125,69.04891967773438,1791.38623046875,3577.32177734375,1793.576416015625,3577.252685546875,284.53863525390625,61.96628952026367,4.529024408839177e-06,0,0,2574.70166015625,1291.907958984375,0,23.83037757873535,2712.519287109375,11.34243106842041,11.836440086364746,907.6629638671875,1810.578857421875,44.255828857421875,50.00157165527344,100,0,0,346.36865234375,0,7.924896240234375,20.281339645385742,20.32416534423828,0,1.034000039100647,0.9067617654800415,50,2.799999952316284,2.2936244010925293,0,0,0,0,3.7694402060955357,0,0,0,0.0016327325720340014,-0.0016144381370395422,0,1.829442408052273e-05,100.28028106689453,100.2779769897461,790.2091064453125,790.207275390625,790.207275390625,549.660400390625,0,0,23.83037757873535,0.0010999999940395355,0.02200000174343586,0.03299999609589577,0.04399999603629112,5655.8173828125,114276.53125,0.0429663360118866,0,3.1392715754918754e-05,339.5801696777344,0,0.0002616529818624258,2.8350639695418067e-05,0,0,23.700000762939453,0,0,1600,0,50,0,0,0,50,50,800,0.0,0.0,0.0,0.0
187,158.1868896484375,309.11346435546875,326.08758544921875,326.04449462890625,292.1400451660156,292.1832275390625,16515.818359375,33031.63671875,69.04898071289062,69.04879760742188,1791.6693115234375,3577.32666015625,1793.5711669921875,3577.257568359375,284.53863525390625,61.96626281738281,4.619700746388844e-07,0,0,2574.701416015625,1291.90576171875,0,23.82914924621582,2712.539794921875,11.342320442199707,11.836440086364746,907.67919921875,1810.5819091796875,44.25434875488281,50.00144577026367,100,0,0,346.3686828613281,0,7.924896240234375,20.28110122680664,20.324199676513672,0,1.034000039100647,0.9067617654800415,50,2.799999952316284,2.293606996536255,0,0,0,0,3.759799656755301,0,0,0,0.0016369178192690015,-0.0016188770532608032,0,1.8040778741124086e-05,100.28099822998047,100.27873992919922,790.212646484375,790.2108764648438,790.2108764648438,549.6621704101562,0,0,23.82914924621582,0.0010999999940395355,0.02200000174343586,0.03299999609589577,0.04399999603629112,5655.8173828125,114276.53125,0.0429663360118866,0,3.1392715754918754e-05,341.4009704589844,0,0.0002616529818624258,2.8350639695418067e-05,0,0,23.700000762939453,0,0,1600,0,50,0,0,0,50,50,800,0.0,0.0,0.0,0.0
188,158.18692016601562,309.1134033203125,326.087890625,326.04449462890625,292.13958740234375,292.18310546875,16515.818359375,33031.63671875,69.04883575439453,69.0486831665039,1791.9478759765625,3577.3330078125,1793.5672607421875,3577.261962890625,284.53863525390625,61.96623611450195,-3.6050842027179897e-06,0,0,2574.701416015625,1291.9036865234375,0,23.830602645874023,2712.560302734375,11.34222412109375,11.836438179016113,907.6963500976562,1810.5850830078125,44.25301742553711,50.00131607055664,100,0,0,346.3686828613281,0,7.924896240234375,20.28079605102539,20.324199676513672,0,1.034000039100647,0.9067617654800415,50,2.799999952316284,2.2935895919799805,0,0,0,0,3.7501591074150666,0,0,0,0.0016411031829193234,-0.0016232323832809925,0,1.7870823285193183e-05,100.2817153930664,100.27949523925781,790.2161254882812,790.2144165039062,790.2144165039062,549.6639404296875,0,0,23.830602645874023,0.0010999999940395355,0.02200000174343586,0.03299999609589577,0.04399999603629112,5655.8173828125,114276.53125,0.0429663360118866,0,3.1392715754918754e-05,343.2217712402344,0,0.0002616529818624258,2.8350639695418067e-05,0,0,23.700000762939453,0,0,1600,0,50,0,0,0,50,50,800,0.0,0.0,0.0,0.0
189,158.18695068359375,309.11334228515625,326.0881652832031,326.04449462890625,292.1391906738281,292.1829528808594,16515.818359375,33031.63671875,69.04869079589844,69.04856872558594,1792.2215576171875,3577.3388671875,1793.5596923828125,3577.26904296875,284.5386047363281,61.966209411621094,2.9635962164320517e-06,0,0,2574.701171875,1291.9017333984375,0,23.829349517822266,2712.58056640625,11.342144012451172,11.836437225341797,907.712158203125,1810.590576171875,44.25191116333008,50.00117492675781,100,0,0,346.36871337890625,0,7.924896240234375,20.280559539794922,20.32423210144043,0,1.034000039100647,0.9067617654800415,50,2.799999952316284,2.2935726642608643,0,0,0,0,3.7405188095564896,0,0,0,0.0016452884301543236,-0.00162758759688586,0,1.770086782926228e-05,100.28243255615234,100.28024291992188,790.2196044921875,790.2178955078125,790.2178955078125,549.6656494140625,0,0,23.829349517822266,0.0010999999940395355,0.02200000174343586,0.03299999609589577,0.04399999603629112,5655.8173828125,114276.53125,0.0429663360118866,0,3.1392715754918754e-05,345.0425720214844,0,0.0002616529818624258,2.8350639695418067e-05,0,0,23.700000762939453,0,0,1600,0,50,0,0,0,50,50,800,0.0,0.0,0.0,0.0
190,158.18698120117188,309.11328125,326.08843994140625,326.0444641113281,292.1387939453125,292.1828308105469,16515.818359375,33031.63671875,69.04854583740234,69.0484619140625,1792.4906005859375,3577.344970703125,1793.5562744140625,3577.272705078125,284.5386047363281,61.96617889404297,-1.684465928519785e-06,0,0,2574.701171875,1291.8994140625,0,23.83080291748047,2712.599853515625,11.34207820892334,11.83643627166748,907.7276000976562,1810.59375,44.25094223022461,50.00105285644531,100,0,0,346.36871337890625,0,7.924896240234375,20.28028678894043,20.32426643371582,0,1.034000039100647,0.9067617654800415,50,2.799999952316284,2.2935562133789062,0,0,0,0,3.7308782602162553,0,0,0,0.0016494737938046455,-0.0016317751724272966,0,1.7698597730486654e-05,100.28314971923828,100.28096008300781,790.2230224609375,790.2213134765625,790.2213134765625,549.6672973632812,0,0,23.83080291748047,0.0010999999940395355,0.02200000174343586,0.03299999609589577,0.04399999603629112,5655.8173828125,114276.53125,0.0429663360118866,0,3.1392715754918754e-05,346.8633728027344,0,0.0002616529818624258,2.8350639695418067e-05,0,0,23.700000762939453,0,0,1600,0,50,0,0,0,50,50,800,0.0,0.0,0.0,0.0
191,158.18701171875,309.1131896972656,326.0887145996094,326.04443359375,292.13836669921875,292.18267822265625,16515.818359375,33031.63671875,69.04840087890625,69.04834747314453,1792.755615234375,3577.349365234375,1793.5494384765625,3577.279541015625,284.5386047363281,61.966156005859375,-5.170512395125115e-06,0,0,2574.701171875,1291.8973388671875,0,23.830915451049805,2712.61962890625,11.342024803161621,11.836437225341797,907.7429809570312,1810.5968017578125,44.250144958496094,50.00094985961914,100,0,0,346.3687438964844,0,7.924896240234375,20.28005027770996,20.3243350982666,0,1.034000039100647,0.9067617654800415,50,2.799999952316284,2.293539524078369,0,0,0,0,3.7212377108760206,0,0,0,0.0016536590410396457,-0.0016359628643840551,0,1.7696176655590534e-05,100.28385925292969,100.28168487548828,790.2263793945312,790.2246704101562,790.2246704101562,549.6689453125,0,0,23.830915451049805,0.0010999999940395355,0.02200000174343586,0.03299999609589577,0.04399999603629112,5655.8173828125,114276.53125,0.0429663360118866,0,3.1392715754918754e-05,348.6841735839844,0,0.0002616529818624258,2.8350639695418067e-05,0,0,23.700000762939453,0,0,1600,0,50,0,0,0,50,50,800,0.0,0.0,0.0,0.0
192,158.1870574951172,309.1131286621094,326.0889892578125,326.0444030761719,292.1379699707031,292.18255615234375,16515.818359375,33031.63671875,69.04826354980469,69.0482406616211,1793.0155029296875,3577.355224609375,1793.5421142578125,3577.28662109375,284.53857421875,61.96612548828125,8.171604122253484e-07,0,0,2574.701171875,1291.8953857421875,0,23.831003189086914,2712.638916015625,11.341985702514648,11.83643627166748,907.7579345703125,1810.5999755859375,44.24949645996094,50.000831604003906,100,0,0,346.3687438964844,0,7.924896240234375,20.2797794342041,20.324369430541992,0,1.034000039100647,0.9067617654800415,50,2.799999952316284,2.293523073196411,0,0,0,0,3.7115971615357863,0,0,0,0.0016578442882746458,-0.0016401506727561355,0,1.769360460457392e-05,100.28457641601562,100.28240203857422,790.2297973632812,790.2280883789062,790.2280883789062,549.670654296875,0,0,23.831003189086914,0.0010999999940395355,0.02200000174343586,0.03299999609589577,0.04399999603629112,5655.8173828125,114276.53125,0.0429663360118866,0,3.1392715754918754e-05,350.5049743652344,0,0.0002616529818624258,2.8350639695418067e-05,0,0,23.700000762939453,0,0,1600,0,50,0,0,0,50,50,800,0.0,0.0,0.0,0.0
193,158.1870880126953,309.1130676269531,326.0892639160156,326.0444030761719,292.1375732421875,292.18243408203125,16515.818359375,33031.63671875,69.04812622070312,69.04813385009766,1793.2718505859375,3577.3603515625,1793.5379638671875,3577.291015625,284.53857421875,61.96609878540039,-3.2498937798663974e-06,0,0,2574.701171875,1291.8931884765625,0,23.83111572265625,2712.65869140625,11.341958999633789,11.83643627166748,907.7728271484375,1810.60302734375,44.249019622802734,50.00071334838867,100,0,0,346.3688049316406,0,7.924896240234375,20.279541015625,20.32440185546875,0,1.034000039100647,0.9067617654800415,50,2.799999952316284,2.293506622314453,0,0,0,0,3.701956612195552,0,0,0,0.001662029535509646,-0.001644338364712894,0,1.76911835296778e-05,100.28529357910156,100.28312683105469,790.233154296875,790.2315063476562,790.2315063476562,549.6723022460938,0,0,23.83111572265625,0.0010999999940395355,0.02200000174343586,0.03299999609589577,0.04399999603629112,5655.8173828125,114276.53125,0.0429663360118866,0,3.1392715754918754e-05,352.3257751464844,0,0.0002616529818624258,2.8350639695418067e-05,0,0,23.700000762939453,0,0,1600,0,50,0,0,0,50,50,800,0.0,0.0,0.0,0.0
194,158.18711853027344,309.1130065917969,326.0894775390625,326.0443420410156,292.1371765136719,292.18231201171875,16515.818359375,33031.63671875,69.04798889160156,69.04802703857422,1793.5233154296875,3577.366455078125,1793.5345458984375,3577.294677734375,284.5385437011719,61.96607208251953,3.318786639283644e-06,0,0,2574.700927734375,1291.8912353515625,0,23.829864501953125,2712.677978515625,11.341947555541992,11.836435317993164,907.7875366210938,1810.6085205078125,44.248714447021484,50.00057601928711,100,0,0,346.3688049316406,0,7.924896240234375,20.27930450439453,20.32443618774414,0,1.034000039100647,0.9067617654800415,50,2.799999952316284,2.293490171432495,0,0,0,0,3.6923160628553173,0,0,0,0.001666214899159968,-0.0016485259402543306,0,1.7688913430902176e-05,100.28600311279297,100.28384399414062,790.236572265625,790.23486328125,790.23486328125,549.6739501953125,0,0,23.829864501953125,0.0010999999940395355,0.02200000174343586,0.03299999609589577,0.04399999603629112,5655.8173828125,114276.53125,0.0429663360118866,0,3.1392715754918754e-05,354.1465759277344,0,0.0002616529818624258,2.8350639695418067e-05,0,0,23.700000762939453,0,0,1600,0,50,0,0,0,50,50,800,0.0,0.0,0.0,0.0
195,158.18714904785156,309.1129150390625,326.0897521972656,326.0443420410156,292.13677978515625,292.18218994140625,16515.818359375,33031.63671875,69.0478515625,69.04791259765625,1793.7696533203125,3577.372314453125,1793.526123046875,3577.302978515625,284.5385437011719,61.96604919433594,-1.6725994100852404e-07,0,0,2574.700927734375,1291.8892822265625,0,23.829954147338867,2712.697509765625,11.341948509216309,11.836435317993164,907.8018188476562,1810.6116943359375,44.2485237121582,50.00048065185547,100,0,0,346.36883544921875,0,7.924896240234375,20.27906608581543,20.32447052001953,0,1.034000039100647,0.9067617654800415,50,2.799999952316284,2.293473720550537,0,0,0,0,3.682675513515083,0,0,0,0.0016704000299796462,-0.0016527136322110891,0,1.7686339560896158e-05,100.2867202758789,100.2845687866211,790.2399291992188,790.23828125,790.23828125,549.6755981445312,0,0,23.829954147338867,0.0010999999940395355,0.02200000174343586,0.03299999609589577,0.04399999603629112,5655.8173828125,114276.53125,0.0429663360118866,0,3.1392715754918754e-05,355.9673767089844,0,0.0002616529818624258,2.8350639695418067e-05,0,0,23.700000762939453,0,0,1600,0,50,0,0,0,50,50,800,0.0,0.0,0.0,0.0
196,158.18719482421875,309.11285400390625,326.09002685546875,326.0443420410156,292.1363830566406,292.1820373535156,16515.818359375,33031.63671875,69.04771423339844,69.04781341552734,1794.013427734375,3577.37841796875,1793.5244140625,3577.3046875,284.5385437011719,61.96603012084961,-3.0722985684406012e-06,0,0,2574.700439453125,1291.8873291015625,0,23.828678131103516,2712.717041015625,11.341961860656738,11.836433410644531,907.8162231445312,1810.61474609375,44.248531341552734,50.00033187866211,100,0,0,346.36883544921875,0,7.924896240234375,20.27879524230957,20.32447052001953,0,1.034000039100647,0.9067617654800415,50,2.799999952316284,2.293457269668579,0,0,0,0,3.673035215656506,0,0,0,0.0016745852772146463,-0.0016569014405831695,0,1.768391848600004e-05,100.28743743896484,100.28528594970703,790.2433471679688,790.2416381835938,790.2416381835938,549.67724609375,0,0,23.828678131103516,0.0010999999940395355,0.02200000174343586,0.03299999609589577,0.04399999603629112,5655.8173828125,114276.53125,0.0429663360118866,0,3.1392715754918754e-05,357.7881774902344,0,0.0002616529818624258,2.8350639695418067e-05,0,0,23.700000762939453,0,0,1600,0,50,0,0,0,50,50,800,0.0,0.0,0.0,0.0
197,158.18724060058594,309.11279296875,326.0903015136719,326.0443420410156,292.1359558105469,292.1819152832031,16515.818359375,33031.63671875,69.0475845336914,69.0477066040039,1794.2515869140625,3577.384033203125,1793.5191650390625,3577.309814453125,284.53851318359375,61.966007232666016,4.077389803569531e-06,0,0,2574.700439453125,1291.8853759765625,0,23.830110549926758,2712.736572265625,11.341988563537598,11.836433410644531,907.8302612304688,1810.6177978515625,44.24867248535156,50.00021743774414,100,0,0,346.3688659667969,0,7.924896240234375,20.2785587310791,20.324504852294922,0,1.034000039100647,0.9067617654800415,50,2.799999952316284,2.293440580368042,0,0,0,0,3.6633946663162718,0,0,0,0.0016787704080343246,-0.001661089132539928,0,1.7681346434983425e-05,100.28815460205078,100.2860107421875,790.2467651367188,790.2450561523438,790.2450561523438,549.678955078125,0,0,23.830110549926758,0.0010999999940395355,0.02200000174343586,0.03299999609589577,0.04399999603629112,5655.8173828125,114276.53125,0.0429663360118866,0,3.1392715754918754e-05,359.6089782714844,0,0.0002616529818624258,2.8350639695418067e-05,0,0,23.700000762939453,0,0,1600,0,50,0,0,0,50,50,800,0.0,0.0,0.0,0.0
198,158.1873016357422,309.11273193359375,326.090576171875,326.0443420410156,292.13555908203125,292.1817626953125,16515.818359375,33031.63671875,69.04745483398438,69.04759979248047,1794.4857177734375,3577.390625,1793.516357421875,3577.3125,284.53851318359375,61.966007232666016,4.077389803569531e-06,0,0,2574.7001953125,1291.883544921875,0,23.826108932495117,2712.756103515625,11.342026710510254,11.836432456970215,907.843994140625,1810.6209716796875,44.24894714355469,50.000091552734375,100,0,0,346.368896484375,0,7.924896240234375,20.2783203125,20.32453727722168,0,1.034000039100647,0.9067617654800415,50,2.799999952316284,2.293424367904663,0,0,0,0,3.6441135676358027,0,0,0,0.0016829557716846466,-0.0016652767080813646,0,1.76790763362078e-05,100.28887176513672,100.28672790527344,790.2501220703125,790.2484130859375,790.2484130859375,549.6806030273438,0,0,23.826108932495117,0.0010999999940395355,0.02200000174343586,0.03299999609589577,0.04399999603629112,5655.8173828125,114276.53125,0.0429663360118866,0,3.1392715754918754e-05,361.4297790527344,0,0.0002616529818624258,2.8350639695418067e-05,0,0,23.700000762939453,0,0,1600,0,50,0,0,0,50,50,800,0.0,0.0,0.0,0.0
199,158.1873779296875,309.1126708984375,326.0907897949219,326.0443420410156,292.1352233886719,292.181640625,16515.818359375,33031.63671875,69.04732513427734,69.04750061035156,1794.7159423828125,3577.396240234375,1793.5064697265625,3577.322998046875,284.53851318359375,61.966007232666016,4.077389803569531e-06,0,0,2574.699951171875,1291.8818359375,0,23.826108932495117,2712.775634765625,11.342076301574707,11.836433410644531,907.8564453125,1810.6239013671875,44.24937057495117,49.99998092651367,100,0,0,346.3689270019531,0,7.924896240234375,20.27815055847168,20.32457160949707,0,1.034000039100647,0.9067617654800415,50,2.799999952316284,2.293407678604126,0,0,0,0,3.6248324689553337,0,0,0,0.001687140902504325,-0.0016694644000381231,0,1.7676502466201782e-05,100.28958129882812,100.2874526977539,790.2535400390625,790.2518310546875,790.2518310546875,549.6822509765625,0,0,23.826108932495117,0.0010999999940395355,0.02200000174343586,0.03299999609589577,0.04399999603629112,5655.8173828125,114276.53125,0.0429663360118866,0,3.1392715754918754e-05,363.2505798339844,0,0.0002616529818624258,2.8350639695418067e-05,0,0,23.700000762939453,0,0,1600,0,50,0,0,0,50,50,800,0.0,0.0,0.0,0.0
200,158.18743896484375,309.1125793457031,326.0909729003906,326.0443420410156,292.1348876953125,292.1815185546875,16515.818359375,33031.63671875,69.04719543457031,69.04740142822266,1794.942138671875,3577.402587890625,1793.503173828125,3577.32568359375,284.53851318359375,61.96601486206055,5.239405254542362e-06,0,0,2574.699951171875,1291.8800048828125,0,23.827472686767578,2712.794921875,11.342138290405273,11.836432456970215,907.8698120117188,1810.6270751953125,44.249908447265625,49.99985885620117,100,0,0,346.36895751953125,0,7.924896240234375,20.277982711791992,20.32460594177246,0,1.034000039100647,0.9067617654800415,50,2.799999952316284,2.293391227722168,0,0,0,0,3.6055516217565224,0,0,0,0.0016913262661546469,-0.0016736520919948816,0,1.7674081391305663e-05,100.29029846191406,100.28816986083984,790.2568969726562,790.2551879882812,790.2551879882812,549.6838989257812,0,0,23.827472686767578,0.0010999999940395355,0.02200000174343586,0.03299999609589577,0.04399999603629112,5655.8173828125,114276.53125,0.0429663360118866,0,3.1392715754918754e-05,365.0713806152344,0,0.0002616529818624258,2.8350639695418067e-05,0,0,23.700000762939453,0,0,1600,0,50,0,0,0,50,50,800,0.0,0.0,0.0,0.0
201,158.1875,309.1125183105469,326.0911865234375,326.0443420410156,292.1345520019531,292.1813659667969,16515.818359375,33031.63671875,69.04707336425781,69.04729461669922,1795.1641845703125,3577.407958984375,1793.5020751953125,3577.326904296875,284.5385437011719,61.96601867675781,-4.815321972273523e-06,0,0,2574.69970703125,1291.8782958984375,0,23.827449798583984,2712.814697265625,11.342212677001953,11.836433410644531,907.883056640625,1810.6275634765625,44.25063705444336,49.99974060058594,100,0,0,346.3689880371094,0,7.924896240234375,20.277812957763672,20.32464027404785,0,1.034000039100647,0.9067617654800415,50,2.799999952316284,2.29337477684021,0,0,0,0,3.5862705230760534,0,0,0,0.0016955113969743252,-0.001677839900366962,0,1.767150934028905e-05,100.291015625,100.28889465332031,790.2603149414062,790.2586059570312,790.2586059570312,549.6856079101562,0,0,23.827449798583984,0.0010999999940395355,0.02200000174343586,0.03299999609589577,0.04399999603629112,5655.8173828125,114276.53125,0.0429663360118866,0,3.1392715754918754e-05,366.8921813964844,0,0.0002616529818624258,2.8350639695418067e-05,0,0,23.700000762939453,0,0,1600,0,50,0,0,0,50,50,800,0.0,0.0,0.0,0.0
202,158.1875762939453,309.1124572753906,326.0914306640625,326.0443420410156,292.1341552734375,292.1812438964844,16515.818359375,33031.63671875,69.04694366455078,69.04719543457031,1795.3814697265625,3577.413330078125,1793.4974365234375,3577.331787109375,284.5385437011719,61.96603775024414,-1.910283344841446e-06,0,0,2574.699462890625,1291.87646484375,0,23.826065063476562,2712.833984375,11.34229850769043,11.836435317993164,907.8948364257812,1810.63037109375,44.25148010253906,49.9996337890625,100,0,0,346.3690185546875,0,7.924896240234375,20.27760887145996,20.324674606323242,0,1.034000039100647,0.9067617654800415,50,2.799999952316284,2.293358325958252,0,0,0,0,3.5669894243955844,0,0,0,0.0016996965277940035,-0.0016820274759083986,0,1.7669086446403526e-05,100.2917251586914,100.28961181640625,790.263671875,790.2620239257812,790.2620239257812,549.687255859375,0,0,23.826065063476562,0.0010999999940395355,0.02200000174343586,0.03299999609589577,0.04399999603629112,5655.8173828125,114276.53125,0.0429663360118866,0,3.1392715754918754e-05,368.7129821777344,0,0.0002616529818624258,2.8350639695418067e-05,0,0,23.700000762939453,0,0,1600,0,50,0,0,0,50,50,800,0.0,0.0,0.0,0.0
203,158.18763732910156,309.1123962402344,326.09161376953125,326.0443115234375,292.1338195800781,292.1811218261719,16515.818359375,33031.63671875,69.04681396484375,69.0470962524414,1795.5950927734375,3577.41943359375,1793.493896484375,3577.3349609375,284.5385437011719,61.96605682373047,9.947555099643068e-07,0,0,2574.69921875,1291.874755859375,0,23.825998306274414,2712.853515625,11.342394828796387,11.836435317993164,907.90771484375,1810.6334228515625,44.25246047973633,49.999507904052734,100,0,0,346.3690490722656,0,7.924896240234375,20.27743911743164,20.32474136352539,0,1.034000039100647,0.9067617654800415,50,2.799999952316284,2.293341636657715,0,0,0,0,3.547708325715116,0,0,0,0.0017038818914443254,-0.0016862151678651571,0,1.7666665371507406e-05,100.29244995117188,100.29033660888672,790.26708984375,790.265380859375,790.265380859375,549.6889038085938,0,0,23.825998306274414,0.0010999999940395355,0.02200000174343586,0.03299999609589577,0.04399999603629112,5655.8173828125,114276.53125,0.0429663360118866,0,3.1392715754918754e-05,370.5337829589844,0,0.0002616529818624258,2.8350639695418067e-05,0,0,23.700000762939453,0,0,1600,0,50,0,0,0,50,50,800,0.0,0.0,0.0,0.0
204,158.18771362304688,309.1123046875,326.0918273925781,326.0442810058594,292.13348388671875,292.1810302734375,16515.818359375,33031.63671875,69.04669189453125,69.0469970703125,1795.8040771484375,3577.423828125,1793.49072265625,3577.338134765625,284.53857421875,61.966087341308594,-4.992917183699319e-06,0,0,2574.69921875,1291.8729248046875,0,23.824565887451172,2712.87255859375,11.342503547668457,11.836437225341797,907.92041015625,1810.6363525390625,44.253578186035156,49.99941635131836,100,0,0,346.3691101074219,0,7.924896240234375,20.27726936340332,20.324810028076172,0,1.034000039100647,0.9067617654800415,50,2.799999952316284,2.293325662612915,0,0,0,0,3.528427478516304,0,0,0,0.0017080670222640038,-0.001690319157205522,0,1.7747783203958534e-05,100.29315948486328,100.2910385131836,790.2703857421875,790.2687377929688,790.2687377929688,549.6905517578125,0,0,23.824565887451172,0.0010999999940395355,0.02200000174343586,0.03299999609589577,0.04399999603629112,5655.8173828125,114276.53125,0.0429663360118866,0,3.1392715754918754e-05,372.3545837402344,0,0.0002616529818624258,2.8350639695418067e-05,0,0,23.700000762939453,0,0,1600,0,50,0,0,0,50,50,800,0.0,0.0,0.0,0.0
205,158.18777465820312,309.11224365234375,326.092041015625,326.0442810058594,292.1331481933594,292.180908203125,16515.818359375,33031.63671875,69.04656219482422,69.04689025878906,1796.0091552734375,3577.43017578125,1793.48486328125,3577.343994140625,284.53857421875,61.96611404418945,-9.258628779207356e-07,0,0,2574.69873046875,1291.8712158203125,0,23.823091506958008,2712.89208984375,11.342621803283691,11.836437225341797,907.9315185546875,1810.6395263671875,44.254798889160156,49.999298095703125,100,0,0,346.369140625,0,7.924896240234375,20.277099609375,20.32484245300293,0,1.034000039100647,0.9067617654800415,50,2.799999952316284,2.293309211730957,0,0,0,0,3.5091463798358355,0,0,0,0.001712252153083682,-0.0016945068491622806,0,1.7745362129062414e-05,100.29389953613281,100.29176330566406,790.2738037109375,790.2720947265625,790.2720947265625,549.6921997070312,0,0,23.823091506958008,0.0010999999940395355,0.02200000174343586,0.03299999609589577,0.04399999603629112,5655.8173828125,114276.53125,0.0429663360118866,0,3.1392715754918754e-05,374.1753845214844,0,0.0002616529818624258,2.8350639695418067e-05,0,0,23.700000762939453,0,0,1600,0,50,0,0,0,50,50,800,0.0,0.0,0.0,0.0
206,158.18785095214844,309.1121826171875,326.09222412109375,326.04425048828125,292.1328125,292.1807861328125,16515.818359375,33031.63671875,69.04644012451172,69.04679870605469,1796.21044921875,3577.43603515625,1793.478271484375,3577.350830078125,284.5386047363281,61.966156005859375,-5.170512395125115e-06,0,0,2574.69873046875,1291.86962890625,0,23.821617126464844,2712.91162109375,11.342751502990723,11.836438179016113,907.9437866210938,1810.6424560546875,44.25614929199219,49.99918746948242,100,0,0,346.3691711425781,0,7.924896240234375,20.27692985534668,20.32491111755371,0,1.034000039100647,0.9067617654800415,50,2.799999952316284,2.293292760848999,0,0,0,0,3.4898652811553665,0,0,0,0.0017164372839033604,-0.001698694541119039,0,1.77427900780458e-05,100.29460906982422,100.29248046875,790.2771606445312,790.2755126953125,790.2755126953125,549.69384765625,0,0,23.821617126464844,0.0010999999940395355,0.02200000174343586,0.03299999609589577,0.04399999603629112,5655.8173828125,114276.53125,0.0429663360118866,0,3.1392715754918754e-05,375.9961853027344,0,0.0002616529818624258,2.8350639695418067e-05,0,0,23.700000762939453,0,0,1600,0,50,0,0,0,50,50,800,0.0,0.0,0.0,0.0
207,158.1879425048828,309.11212158203125,326.0924072265625,326.0442199707031,292.13250732421875,292.1806945800781,16515.818359375,33031.63671875,69.04631805419922,69.04669189453125,1796.4075927734375,3577.44140625,1793.475341796875,3577.353759765625,284.5386047363281,61.966209411621094,2.9635962164320517e-06,0,0,2574.698486328125,1291.8680419921875,0,23.821460723876953,2712.93115234375,11.342891693115234,11.836440086364746,907.9545288085938,1810.6456298828125,44.25763702392578,49.99908447265625,100,0,0,346.36920166015625,0,7.924896240234375,20.27679443359375,20.324979782104492,0,1.034000039100647,0.9067617654800415,50,2.799999952316284,2.293276071548462,0,0,0,0,3.465764033545609,0,0,0,0.0017206224147230387,-0.0017028822330757976,0,1.7740216208039783e-05,100.29533386230469,100.29320526123047,790.2805786132812,790.2788696289062,790.2788696289062,549.6954956054688,0,0,23.821460723876953,0.0010999999940395355,0.02200000174343586,0.03299999609589577,0.04399999603629112,5655.8173828125,114276.53125,0.0429663360118866,0,3.1392715754918754e-05,377.8169860839844,0,0.0002616529818624258,2.8350639695418067e-05,0,0,23.700000762939453,0,0,1600,0,50,0,0,0,50,50,800,0.0,0.0,0.0,0.0
208,158.18804931640625,309.112060546875,326.0926208496094,326.0442199707031,292.1321716308594,292.1805419921875,16515.818359375,33031.63671875,69.04619598388672,69.04660034179688,1796.60107421875,3577.446533203125,1793.474365234375,3577.354736328125,284.53863525390625,61.96628189086914,3.3670089578663465e-06,0,0,2574.697998046875,1291.865966796875,0,23.818531036376953,2712.95068359375,11.34304141998291,11.836441040039062,907.9664306640625,1810.6483154296875,44.259273529052734,49.998958587646484,100,0,0,346.3692626953125,0,7.924896240234375,20.27665901184082,20.32504653930664,0,1.034000039100647,0.9067617654800415,50,2.799999952316284,2.293259620666504,0,0,0,0,3.436842637006563,0,0,0,0.0017248077783733606,-0.001707069925032556,0,1.7737795133143663e-05,100.2960433959961,100.2939224243164,790.2839965820312,790.2822875976562,790.2822875976562,549.6972045898438,0,0,23.818531036376953,0.0010999999940395355,0.02200000174343586,0.03299999609589577,0.04399999603629112,5655.8173828125,114276.53125,0.0429663360118866,0,3.1392715754918754e-05,379.6377868652344,0,0.0002616529818624258,2.8350639695418067e-05,0,0,23.700000762939453,0,0,1600,0,50,0,0,0,50,50,800,0.0,0.0,0.0,0.0
209,158.18814086914062,309.1119689941406,326.0928039550781,326.0442199707031,292.1318359375,292.180419921875,16515.818359375,33031.63671875,69.04607391357422,69.04650115966797,1796.7899169921875,3577.45361328125,1793.4696044921875,3577.359619140625,284.5386657714844,61.96635437011719,3.7704214719269658e-06,0,0,2574.69775390625,1291.8648681640625,0,23.81826400756836,2712.97021484375,11.34320068359375,11.836441040039062,907.9767456054688,1810.6490478515625,44.26094436645508,49.99885177612305,100,0,0,346.3692932128906,0,7.924896240234375,20.2764892578125,20.32508087158203,0,1.034000039100647,0.9067617654800415,50,2.799999952316284,2.293243169784546,0,0,0,0,3.4079209889858597,0,0,0,0.001728992909193039,-0.0017112575005739927,0,1.7735374058247544e-05,100.2967529296875,100.29464721679688,790.2872924804688,790.28564453125,790.28564453125,549.6988525390625,0,0,23.81826400756836,0.0010999999940395355,0.02200000174343586,0.03299999609589577,0.04399999603629112,5655.8173828125,114276.53125,0.0429663360118866,0,3.1392715754918754e-05,381.4585876464844,0,0.0002616529818624258,2.8350639695418067e-05,0,0,23.700000762939453,0,0,1600,0,50,0,0,0,50,50,800,0.0,0.0,0.0,0.0
210,158.18824768066406,309.1119689941406,326.093017578125,326.0442199707031,292.1315002441406,292.1802978515625,16515.818359375,33031.63671875,69.04595947265625,69.04640197753906,1796.9755859375,3577.458984375,1793.4649658203125,3577.364013671875,284.5387268066406,61.96643829345703,-4.718877789855469e-06,0,0,2574.69775390625,1291.863525390625,0,23.81526756286621,2712.989013671875,11.34337043762207,11.836441993713379,907.9896240234375,1810.6544189453125,44.262821197509766,49.99872589111328,100,0,0,346.3693542480469,0,7.924896240234375,20.27635383605957,20.32514762878418,0,1.034000039100647,0.9067617654800415,50,2.799999952316284,2.293227195739746,0,0,0,0,3.378999592446814,0,0,0,0.001728992909193039,-0.0017153616063296795,0,1.363133833365282e-05,100.29740142822266,100.29534149169922,790.2905883789062,790.2890014648438,790.2890014648438,549.700439453125,0,0,23.81526756286621,0.0010999999940395355,0.02200000174343586,0.03299999609589577,0.04399999603629112,5655.8173828125,114276.53125,0.0429663360118866,0,3.1392715754918754e-05,383.2793884277344,0,0.0002616529818624258,2.8350639695418067e-05,0,0,23.700000762939453,0,0,1600,0,50,0,0,0,50,50,800,0.0,0.0,0.0,0.0
211,158.1883544921875,309.1119689941406,326.0932312011719,326.0442199707031,292.13116455078125,292.1801452636719,16515.818359375,33031.63671875,69.04585266113281,69.04631805419922,1797.15673828125,3577.46484375,1793.461181640625,3577.36767578125,284.53875732421875,61.96653747558594,-2.484106573774625e-07,0,0,2574.697265625,1291.862060546875,0,23.81495475769043,2713.0068359375,11.343549728393555,11.836442947387695,908.0020141601562,1810.66259765625,44.26474380493164,49.9986457824707,100,0,0,346.3694152832031,0,7.924896240234375,20.27618408203125,20.32518196105957,0,1.034000039100647,0.9067617654800415,50,2.799999952316284,2.2932121753692627,0,0,0,0,3.350077944426111,0,0,0,0.001728992909193039,-0.00171921425499022,0,9.778677849681117e-06,100.29773712158203,100.2959976196289,790.29345703125,790.2921142578125,790.2921142578125,549.7020263671875,0,0,23.81495475769043,0.0010999999940395355,0.02200000174343586,0.03299999609589577,0.04399999603629112,5655.8173828125,114276.53125,0.0429663360118866,0,3.1392715754918754e-05,385.1001892089844,0,0.0002616529818624258,2.8350639695418067e-05,0,0,23.700000762939453,0,0,1600,0,50,0,0,0,50,50,800,0.0,0.0,0.0,0.0
212,158.18844604492188,309.1119689941406,326.0934143066406,326.0442810058594,292.1308898925781,292.1800231933594,16515.818359375,33031.63671875,69.0457534790039,69.0462417602539,1797.3341064453125,3577.468017578125,1793.459228515625,3577.36962890625,284.53875732421875,61.96663284301758,3.6410488064575475e-06,0,0,2574.69677734375,1291.86083984375,0,23.81593894958496,2713.021240234375,11.343738555908203,11.836445808410645,908.0145263671875,1810.66796875,44.266845703125,49.99857711791992,100,0,0,346.3694763183594,0,7.924896240234375,20.27604866027832,20.32518196105957,0,1.034000039100647,0.9067617654800415,50,2.799999952316284,2.2932000160217285,0,0,0,0,3.321156296405407,0,0,0,0.001728992909193039,-0.0017223969334736466,0,6.595998911507195e-06,100.2978744506836,100.2965316772461,790.2957763671875,790.294677734375,790.294677734375,549.7033081054688,0,0,23.81593894958496,0.0010999999940395355,0.02200000174343586,0.03299999609589577,0.04399999603629112,5655.8173828125,114276.53125,0.0429663360118866,0,3.1392715754918754e-05,386.9209899902344,0,0.0002616529818624258,2.8350639695418067e-05,0,0,23.700000762939453,0,0,1600,0,50,0,0,0,50,50,800,0.0,0.0,0.0,0.0
213,158.1885528564453,309.1119079589844,326.0936279296875,326.0442810058594,292.130615234375,292.179931640625,16515.818359375,33031.63671875,69.04566192626953,69.0461654663086,1797.506591796875,3577.472412109375,1793.45654296875,3577.3720703125,284.538818359375,61.96672439575195,-3.6862350043520564e-06,0,0,2574.69677734375,1291.859130859375,0,23.81421661376953,2713.032470703125,11.343936920166016,11.836445808410645,908.0252685546875,1810.6708984375,44.2690544128418,49.9985237121582,100,0,0,346.3695068359375,0,7.924896240234375,20.27587890625,20.32521629333496,0,1.034000039100647,0.9067617654800415,50,2.799999952316284,2.2931904792785645,0,0,0,0,3.2922348998663615,0,0,0,0.0017331780400127172,-0.0017248258227482438,0,8.352299118996598e-06,100.29803466796875,100.29695129394531,790.2975463867188,790.296630859375,790.296630859375,549.7042846679688,0,0,23.81421661376953,0.0010999999940395355,0.02200000174343586,0.03299999609589577,0.04399999603629112,5655.8173828125,114276.53125,0.0429663360118866,0,3.1392715754918754e-05,388.7417907714844,0,0.0002616529818624258,2.8350639695418067e-05,0,0,23.700000762939453,0,0,1600,0,50,0,0,0,50,50,800,0.0,0.0,0.0,0.0
214,158.18865966796875,309.1118469238281,326.0938415527344,326.0442810058594,292.1303405761719,292.17987060546875,16515.818359375,33031.63671875,69.04556274414062,69.04609680175781,1797.6763916015625,3577.474365234375,1793.4530029296875,3577.3759765625,284.5388488769531,61.96681213378906,-9.587913609721e-07,0,0,2574.6962890625,1291.8577880859375,0,23.81524658203125,2713.04248046875,11.34414291381836,11.836447715759277,908.0336303710938,1810.6710205078125,44.271419525146484,49.99847412109375,100,0,0,346.36956787109375,0,7.924896240234375,20.27574348449707,20.325284957885742,0,1.034000039100647,0.9067617654800415,50,2.799999952316284,2.293182134628296,0,0,0,0,3.2633132518456582,0,0,0,0.0017373632872477174,-0.0017269195523113012,0,1.0443664905324113e-05,100.2984390258789,100.29731750488281,790.2992553710938,790.29833984375,790.29833984375,549.7051391601562,0,0,23.81524658203125,0.0010999999940395355,0.02200000174343586,0.03299999609589577,0.04399999603629112,5655.8173828125,114276.53125,0.0429663360118866,0,3.1392715754918754e-05,390.5625915527344,0,0.0002616529818624258,2.8350639695418067e-05,0,0,23.700000762939453,0,0,1600,0,50,0,0,0,50,50,800,0.0,0.0,0.0,0.0
215,158.18875122070312,309.1117858886719,326.0940246582031,326.0443115234375,292.1300354003906,292.1797790527344,16515.818359375,33031.63671875,69.04546356201172,69.0460205078125,1797.8409423828125,3577.478515625,1793.447998046875,3577.380859375,284.53887939453125,61.966896057128906,1.1876445569214411e-06,0,0,2574.696044921875,1291.8564453125,0,23.816274642944336,2713.05322265625,11.344359397888184,11.836448669433594,908.0426635742188,1810.6741943359375,44.2738151550293,49.99844741821289,100,0,0,346.3695983886719,0,7.924896240234375,20.27557373046875,20.325284957885742,0,1.034000039100647,0.9067617654800415,50,2.799999952316284,2.29317307472229,0,0,0,0,3.234391855306612,0,0,0,0.001741548185236752,-0.0017291809199377894,0,1.2367347153485753e-05,100.29899597167969,100.29771423339844,790.3012084960938,790.3001708984375,790.3001708984375,549.7059936523438,0,0,23.816274642944336,0.0010999999940395355,0.02200000174343586,0.03299999609589577,0.04399999603629112,5655.8173828125,114276.53125,0.0429663360118866,0,3.1392715754918754e-05,392.3833923339844,0,0.0002616529818624258,2.8350639695418067e-05,0,0,23.700000762939453,0,0,1600,0,50,0,0,0,50,50,800,0.0,0.0,0.0,0.0
216,158.18885803222656,309.1116943359375,326.09417724609375,326.0443115234375,292.1297607421875,292.1797180175781,16515.818359375,33031.63671875,69.04536437988281,69.04594421386719,1798.00244140625,3577.482421875,1793.4454345703125,3577.384033203125,284.5389099121094,61.96697998046875,3.334080474814982e-06,0,0,2574.69580078125,1291.8551025390625,0,23.814598083496094,2713.0654296875,11.344583511352539,11.836450576782227,908.0518188476562,1810.6744384765625,44.276344299316406,49.99838638305664,100,0,0,346.3696594238281,0,7.924896240234375,20.2755069732666,20.32535171508789,0,1.034000039100647,0.9067617654800415,50,2.799999952316284,2.2931628227233887,0,0,0,0,3.205470207285909,0,0,0,0.0017457334324717522,-0.0017317773308604956,0,1.3956113434687722e-05,100.29964447021484,100.29816436767578,790.3034057617188,790.3023071289062,790.3023071289062,549.70703125,0,0,23.814598083496094,0.0010999999940395355,0.02200000174343586,0.03299999609589577,0.04399999603629112,5655.8173828125,114276.53125,0.0429663360118866,0,3.1392715754918754e-05,394.2041931152344,0,0.0002616529818624258,2.8350639695418067e-05,0,0,23.700000762939453,0,0,1600,0,50,0,0,0,50,50,800,0.0,0.0,0.0,0.0
217,158.18894958496094,309.1116943359375,326.0943298339844,326.0443115234375,292.1294860839844,292.17962646484375,16515.818359375,33031.63671875,69.0452651977539,69.04586029052734,1798.1602783203125,3577.48681640625,1793.4422607421875,3577.38671875,284.5389709472656,61.967063903808594,-5.155218786967453e-06,0,0,2574.695556640625,1291.85400390625,0,23.815649032592773,2713.078857421875,11.344816207885742,11.836451530456543,908.0618896484375,1810.677490234375,44.2789421081543,49.99832534790039,100,0,0,346.3697204589844,0,7.924896240234375,20.275371551513672,20.32538604736328,0,1.034000039100647,0.9067617654800415,50,2.799999952316284,2.2931511402130127,0,0,0,0,3.176548810746863,0,0,0,0.0017457334324717522,-0.0017347087850794196,0,1.1024659215763677e-05,100.30022430419922,100.29866790771484,790.3058471679688,790.3046264648438,790.3046264648438,549.7081909179688,0,0,23.815649032592773,0.0010999999940395355,0.02200000174343586,0.03299999609589577,0.04399999603629112,5655.8173828125,114276.53125,0.0429663360118866,0,3.1392715754918754e-05,396.0249938964844,0,0.0002616529818624258,2.8350639695418067e-05,0,0,23.700000762939453,0,0,1600,0,50,0,0,0,50,50,800,0.0,0.0,0.0,0.0
218,158.18905639648438,309.1116943359375,326.09454345703125,326.0443115234375,292.12921142578125,292.1795654296875,16515.818359375,33031.63671875,69.04517364501953,69.04582214355469,1798.3153076171875,3577.4912109375,1793.4420166015625,3577.38671875,284.53900146484375,61.96714782714844,-3.0087828690739116e-06,0,0,2574.695068359375,1291.8526611328125,0,23.81397247314453,2713.09228515625,11.345056533813477,11.83645248413086,908.0733032226562,1810.6827392578125,44.28168487548828,49.99824142456055,100,0,0,346.3697814941406,0,7.924896240234375,20.275236129760742,20.32545280456543,0,1.034000039100647,0.9067617654800415,50,2.799999952316284,2.293139934539795,0,0,0,0,3.1476271627261596,0,0,0,0.0017457334324717522,-0.0017376400064677,0,8.093355972960126e-06,100.300537109375,100.29916381835938,790.30810546875,790.3070068359375,790.3070068359375,549.7093505859375,0,0,23.81397247314453,0.0010999999940395355,0.02200000174343586,0.03299999609589577,0.04399999603629112,5655.8173828125,114276.53125,0.0429663360118866,0,3.1392715754918754e-05,397.8457946777344,0,0.0002616529818624258,2.8350639695418067e-05,0,0,23.700000762939453,0,0,1600,0,50,0,0,0,50,50,800,0.0,0.0,0.0,0.0
219,158.1891632080078,309.11163330078125,326.09466552734375,326.0443115234375,292.12896728515625,292.17950439453125,16515.818359375,33031.63671875,69.04512023925781,69.04576873779297,1798.4620361328125,3577.498046875,1793.439208984375,3577.389404296875,284.5390319824219,61.96722412109375,-2.0243624021532014e-06,0,0,2574.69482421875,1291.8516845703125,0,23.81229591369629,2713.10400390625,11.345306396484375,11.836454391479492,908.0797119140625,1810.6865234375,44.284305572509766,49.99830627441406,100,0,0,346.36981201171875,0,7.924896240234375,20.27513313293457,20.32548713684082,0,1.034000039100647,0.9067617654800415,50,2.799999952316284,2.2931301593780518,0,0,0,0,3.1187057661871136,0,0,0,0.0017499185632914305,-0.0017401527147740126,0,9.76581395661924e-06,100.30078887939453,100.29959106445312,790.3099975585938,790.30908203125,790.30908203125,549.7103881835938,0,0,23.81229591369629,0.0010999999940395355,0.02200000174343586,0.03299999609589577,0.04399999603629112,5655.8173828125,114276.53125,0.0429663360118866,0,3.1392715754918754e-05,399.6665954589844,0,0.0002616529818624258,2.8350639695418067e-05,0,0,23.700000762939453,0,0,1600,0,50,0,0,0,50,50,800,0.0,0.0,0.0,0.0
220,158.1892547607422,309.1116027832031,326.0948181152344,326.0443115234375,292.1287841796875,292.179443359375,16515.818359375,33031.63671875,69.04505157470703,69.04571533203125,1798.6090087890625,3577.50146484375,1793.4508056640625,3577.3779296875,284.5390625,61.96731948852539,1.865096692199586e-06,0,0,2574.694580078125,1291.8505859375,0,23.81200408935547,2713.114990234375,11.345563888549805,11.836456298828125,908.087158203125,1810.683837890625,44.28729248046875,49.99821853637695,100,0,0,346.369873046875,0,7.924896240234375,20.275066375732422,20.3255558013916,0,1.034000039100647,0.9067617654800415,50,2.799999952316284,2.2931206226348877,0,0,0,0,3.0897841181664103,0,0,0,0.0017520111287012696,-0.0017424977850168943,0,9.513379154668655e-06,100.3012466430664,100.30000305175781,790.3118896484375,790.3109741210938,790.3109741210938,549.7113037109375,0,0,23.81200408935547,0.0010999999940395355,0.02200000174343586,0.03299999609589577,0.04399999603629112,5655.8173828125,114276.53125,0.0429663360118866,0,3.1392715754918754e-05,401.4873962402344,0,0.0002616529818624258,2.8350639695418067e-05,0,0,23.700000762939453,0,0,1600,0,50,0,0,0,50,50,800,0.0,0.0,0.0,0.0
221,158.18936157226562,309.1116027832031,326.0949401855469,326.0443115234375,292.1285705566406,292.17938232421875,16515.818359375,33031.63671875,69.04498291015625,69.04566192626953,1798.7523193359375,3577.50439453125,1793.4432373046875,3577.385986328125,284.5390625,61.967403411865234,4.0115328374668024e-06,0,0,2574.6943359375,1291.8494873046875,0,23.814374923706055,2713.125732421875,11.345829010009766,11.836458206176758,908.0970458984375,1810.6888427734375,44.2903938293457,49.99814224243164,100,0,0,346.3699035644531,0,7.924896240234375,20.27496337890625,20.325590133666992,0,1.034000039100647,0.9067617654800415,50,2.799999952316284,2.293111562728882,0,0,0,0,3.060862470145707,0,0,0,0.0017520111287012696,-0.0017448428552597761,0,7.168215233832598e-06,100.30155944824219,100.30039978027344,790.313720703125,790.3128662109375,790.3128662109375,549.7122192382812,0,0,23.814374923706055,0.0010999999940395355,0.02200000174343586,0.03299999609589577,0.04399999603629112,5655.8173828125,114276.53125,0.0429663360118866,0,3.1392715754918754e-05,403.3081970214844,0,0.0002616529818624258,2.8350639695418067e-05,0,0,23.700000762939453,0,0,1600,0,50,0,0,0,50,50,800,0.0,0.0,0.0,0.0
222,158.189453125,309.1116027832031,326.0950927734375,326.0443115234375,292.12835693359375,292.1792907714844,16515.818359375,33031.63671875,69.04492950439453,69.045654296875,1798.89208984375,3577.507080078125,1793.4290771484375,3577.39990234375,284.53912353515625,61.967498779296875,-2.7347430204827106e-06,0,0,2574.694091796875,1291.8485107421875,0,23.81133460998535,2713.13525390625,11.346099853515625,11.836461067199707,908.106201171875,1810.689208984375,44.29344940185547,49.998130798339844,100,0,0,346.3699645996094,0,7.924896240234375,20.2748966217041,20.32565689086914,0,1.034000039100647,0.9067617654800415,50,2.799999952316284,2.2931036949157715,0,0,0,0,3.0319410736066614,0,0,0,0.0017520111287012696,-0.0017469367012381554,0,5.074427463114262e-06,100.30172729492188,100.30075073242188,790.3153076171875,790.3145751953125,790.3145751953125,549.7130737304688,0,0,23.81133460998535,0.0010999999940395355,0.02200000174343586,0.03299999609589577,0.04399999603629112,5655.8173828125,114276.53125,0.0429663360118866,0,3.1392715754918754e-05,405.1289978027344,0,0.0002616529818624258,2.8350639695418067e-05,0,0,23.700000762939453,0,0,1600,0,50,0,0,0,50,50,800,0.0,0.0,0.0,0.0
223,158.18955993652344,309.1116027832031,326.09521484375,326.0443115234375,292.128173828125,292.1792297363281,16515.818359375,33031.63671875,69.04487609863281,69.04560089111328,1799.026611328125,3577.511474609375,1793.427734375,3577.4013671875,284.5391540527344,61.967586517333984,-7.299480575539974e-09,0,0,2574.693359375,1291.8477783203125,0,23.810977935791016,2713.143310546875,11.346380233764648,11.836462020874023,908.1134033203125,1810.6927490234375,44.29652404785156,49.998165130615234,100,0,0,346.3700256347656,0,7.924896240234375,20.27479362487793,20.32569122314453,0,1.034000039100647,0.9067617654800415,50,2.799999952316284,2.2930967807769775,0,0,0,0,3.0030194255859577,0,0,0,0.0017520111287012696,-0.0017486956203356385,0,3.3155549772345694e-06,100.30180358886719,100.3010482788086,790.3165893554688,790.3159790039062,790.3159790039062,549.7138061523438,0,0,23.810977935791016,0.0010999999940395355,0.02200000174343586,0.03299999609589577,0.04399999603629112,5655.8173828125,114276.53125,0.0429663360118866,0,3.1392715754918754e-05,406.9497985839844,0,0.0002616529818624258,2.8350639695418067e-05,0,0,23.700000762939453,0,0,1600,0,50,0,0,0,50,50,800,0.0,0.0,0.0,0.0
224,158.18966674804688,309.1115417480469,326.09539794921875,326.0443115234375,292.1279296875,292.1791687011719,16515.818359375,33031.63671875,69.04481506347656,69.0455322265625,1799.1593017578125,3577.5126953125,1793.4278564453125,3577.401123046875,284.5391845703125,61.96767044067383,2.139136540790787e-06,0,0,2574.693359375,1291.846435546875,0,23.81200408935547,2713.149658203125,11.34666633605957,11.836463928222656,908.1212768554688,1810.6951904296875,44.29987335205078,49.998130798339844,100,0,0,346.3700866699219,0,7.924896240234375,20.27469253540039,20.32575798034668,0,1.034000039100647,0.9067617654800415,50,2.799999952316284,2.293091297149658,0,0,0,0,2.974098029046912,0,0,0,0.001756196259520948,-0.0017500356771051884,0,6.1605942391906865e-06,100.30192565917969,100.30128479003906,790.3175659179688,790.3170776367188,790.3170776367188,549.7142944335938,0,0,23.81200408935547,0.0010999999940395355,0.02200000174343586,0.03299999609589577,0.04399999603629112,5655.8173828125,114276.53125,0.0429663360118866,0,3.1392715754918754e-05,408.7705993652344,0,0.0002616529818624258,2.8350639695418067e-05,0,0,23.700000762939453,0,0,1600,0,50,0,0,0,50,50,800,0.0,0.0,0.0,0.0
225,158.18975830078125,309.1114807128906,326.0955505371094,326.0443115234375,292.1277160644531,292.1791076660156,16515.818359375,33031.63671875,69.04473114013672,69.04546356201172,1799.291015625,3577.5126953125,1793.421875,3577.406982421875,284.5392150878906,61.96775436401367,4.2855722313106526e-06,0,0,2574.693115234375,1291.8450927734375,0,23.81032943725586,2713.15576171875,11.346959114074707,11.836464881896973,908.1295166015625,1810.6947021484375,44.30341720581055,49.99803161621094,100,0,0,346.3701477050781,0,7.924896240234375,20.27459144592285,20.32582664489746,0,1.034000039100647,0.9067617654800415,50,2.799999952316284,2.293086290359497,0,0,0,0,2.945176381026209,0,0,0,0.0017603813903406262,-0.0017512919148430228,0,9.089475497603416e-06,100.30233764648438,100.30150604248047,790.3187866210938,790.3180541992188,790.3180541992188,549.7147827148438,0,0,23.81032943725586,0.0010999999940395355,0.02200000174343586,0.03299999609589577,0.04399999603629112,5655.8173828125,114276.53125,0.0429663360118866,0,3.1392715754918754e-05,410.5914001464844,0,0.0002616529818624258,2.8350639695418067e-05,0,0,23.700000762939453,0,0,1600,0,50,0,0,0,50,50,800,0.0,0.0,0.0,0.0
226,158.1898651123047,309.11138916015625,326.095703125,326.0443115234375,292.1275329589844,292.1789855957031,16515.818359375,33031.63671875,69.04464721679688,69.04542541503906,1799.418212890625,3577.5146484375,1793.4180908203125,3577.41064453125,284.5392761230469,61.967838287353516,-4.203726803098107e-06,0,0,2574.692626953125,1291.8441162109375,0,23.811378479003906,2713.164306640625,11.347257614135742,11.836466789245605,908.1355590820312,1810.6949462890625,44.30685806274414,49.99799346923828,100,0,0,346.37017822265625,0,7.924896240234375,20.27448844909668,20.32586097717285,0,1.034000039100647,0.9067617654800415,50,2.799999952316284,2.293079137802124,0,0,0,0,2.916254984487163,0,0,0,0.0017645664047449827,-0.0017530507175251842,0,1.1515757250890601e-05,100.30288696289062,100.30181884765625,790.3203125,790.3195190429688,790.3195190429688,549.7154541015625,0,0,23.811378479003906,0.0010999999940395355,0.02200000174343586,0.03299999609589577,0.04399999603629112,5655.8173828125,114276.53125,0.0429663360118866,0,3.1392715754918754e-05,412.4122009277344,0,0.0002616529818624258,2.8350639695418067e-05,0,0,23.700000762939453,0,0,1600,0,50,0,0,0,50,50,800,0.0,0.0,0.0,0.0
227,158.18997192382812,309.111328125,326.0958251953125,326.0442810058594,292.1273193359375,292.1789245605469,16515.818359375,33031.63671875,69.04458618164062,69.04537963867188,1799.53857421875,3577.520751953125,1793.4271240234375,3577.40185546875,284.539306640625,61.96792221069336,-2.0572908852045657e-06,0,0,2574.6923828125,1291.84326171875,0,23.812429428100586,2713.174560546875,11.347563743591309,11.836468696594238,908.1393432617188,1810.693603515625,44.31017303466797,49.998050689697266,100,0,0,346.3702392578125,0,7.924896240234375,20.27442169189453,20.32596206665039,0,1.034000039100647,0.9067617654800415,50,2.799999952316284,2.2930705547332764,0,0,0,0,2.8873333364664595,0,0,0,0.001768751535564661,-0.001755228266119957,0,1.3523281268135179e-05,100.30354309082031,100.30220031738281,790.3223266601562,790.3212890625,790.3212890625,549.71630859375,0,0,23.812429428100586,0.0010999999940395355,0.02200000174343586,0.03299999609589577,0.04399999603629112,5655.8173828125,114276.53125,0.0429663360118866,0,3.1392715754918754e-05,414.2330017089844,0,0.0002616529818624258,2.8350639695418067e-05,0,0,23.700000762939453,0,0,1600,0,50,0,0,0,50,50,800,0.0,0.0,0.0,0.0
228,158.1900634765625,309.111328125,326.0959777832031,326.0442810058594,292.1271057128906,292.1788635253906,16515.818359375,33031.63671875,69.04452514648438,69.04532623291016,1799.6573486328125,3577.52587890625,1793.4310302734375,3577.39794921875,284.5393371582031,61.96799850463867,-1.072870645657531e-06,0,0,2574.6923828125,1291.8424072265625,0,23.812116622924805,2713.187255859375,11.34787654876709,11.836469650268555,908.1467895507812,1810.693603515625,44.313785552978516,49.997962951660156,100,0,0,346.3702697753906,0,7.924896240234375,20.274320602416992,20.32599639892578,0,1.034000039100647,0.9067617654800415,50,2.799999952316284,2.2930595874786377,0,0,0,0,2.8584119399274135,0,0,0,0.001768751535564661,-0.001757992198690772,0,1.0759360520751216e-05,100.30413818359375,100.30267333984375,790.3246459960938,790.323486328125,790.323486328125,549.7174072265625,0,0,23.812116622924805,0.0010999999940395355,0.02200000174343586,0.03299999609589577,0.04399999603629112,5655.8173828125,114276.53125,0.0429663360118866,0,3.1392715754918754e-05,416.0538024902344,0,0.0002616529818624258,2.8350639695418067e-05,0,0,23.700000762939453,0,0,1600,0,50,0,0,0,50,50,800,0.0,0.0,0.0,0.0
229,158.19017028808594,309.111328125,326.0960998535156,326.0442810058594,292.1269226074219,292.1788024902344,16515.818359375,33031.63671875,69.04446411132812,69.04525756835938,1799.7738037109375,3577.529541015625,1793.42724609375,3577.4013671875,284.5393371582031,61.96809387207031,2.816588676068932e-06,0,0,2574.691650390625,1291.841552734375,0,23.809099197387695,2713.199951171875,11.34819507598877,11.836472511291504,908.1551513671875,1810.6986083984375,44.31747055053711,49.99788284301758,100,0,0,346.370361328125,0,7.924896240234375,20.27425193786621,20.32606315612793,0,1.034000039100647,0.9067617654800415,50,2.799999952316284,2.2930490970611572,0,0,0,0,2.82949029190671,0,0,0,0.001768751535564661,-0.0017607561312615871,0,7.995439773367252e-06,100.304443359375,100.30313873291016,790.3267822265625,790.3257446289062,790.3257446289062,549.7185668945312,0,0,23.809099197387695,0.0010999999940395355,0.02200000174343586,0.03299999609589577,0.04399999603629112,5655.8173828125,114276.53125,0.0429663360118866,0,3.1392715754918754e-05,417.8746032714844,0,0.0002616529818624258,2.8350639695418067e-05,0,0,23.700000762939453,0,0,1600,0,50,0,0,0,50,50,800,0.0,0.0,0.0,0.0
230,158.1902618408203,309.111328125,326.0962219238281,326.0442810058594,292.126708984375,292.1787109375,16515.818359375,33031.63671875,69.04438018798828,69.04519653320312,1799.88916015625,3577.5302734375,1793.4107666015625,3577.418212890625,284.5393981933594,61.96818923950195,-3.929686954506906e-06,0,0,2574.69140625,1291.8404541015625,0,23.808740615844727,2713.2109375,11.348519325256348,11.836474418640137,908.1651611328125,1810.7008056640625,44.32133865356445,49.99776840209961,100,0,0,346.3703918457031,0,7.924896240234375,20.274150848388672,20.32609748840332,0,1.034000039100647,0.9067617654800415,50,2.799999952316284,2.293039560317993,0,0,0,0,2.800568643886007,0,0,0,0.001768751535564661,-0.0017631850205361843,0,5.566585059568752e-06,100.30463409423828,100.30355072021484,790.32861328125,790.3276977539062,790.3276977539062,549.7195434570312,0,0,23.808740615844727,0.0010999999940395355,0.02200000174343586,0.03299999609589577,0.04399999603629112,5655.8173828125,114276.53125,0.0429663360118866,0,3.1392715754918754e-05,419.6954040527344,0,0.0002616529818624258,2.8350639695418067e-05,0,0,23.700000762939453,0,0,1600,0,50,0,0,0,50,50,800,0.0,0.0,0.0,0.0
231,158.19036865234375,309.111328125,326.09637451171875,326.0442810058594,292.1264953613281,292.17864990234375,16515.818359375,33031.63671875,69.04430389404297,69.04513549804688,1800.0,3577.531005859375,1793.4083251953125,3577.420166015625,284.5394287109375,61.968292236328125,1.1217875908187125e-06,0,0,2574.691162109375,1291.839599609375,0,23.80702018737793,2713.22021484375,11.348849296569824,11.836477279663086,908.1726684570312,1810.7064208984375,44.325103759765625,49.99775314331055,100,0,0,346.3704528808594,0,7.924896240234375,20.27408218383789,20.3261661529541,0,1.034000039100647,0.9067617654800415,50,2.799999952316284,2.293031930923462,0,0,0,0,2.771647247346961,0,0,0,0.001768751535564661,-0.0017651950474828482,0,3.5564880818128586e-06,100.30470275878906,100.30388641357422,790.3299560546875,790.329345703125,790.329345703125,549.7203369140625,0,0,23.80702018737793,0.0010999999940395355,0.02200000174343586,0.03299999609589577,0.04399999603629112,5655.8173828125,114276.53125,0.0429663360118866,0,3.1392715754918754e-05,421.5162048339844,0,0.0002616529818624258,2.8350639695418067e-05,0,0,23.700000762939453,0,0,1600,0,50,0,0,0,50,50,800,0.0,0.0,0.0,0.0
232,158.1904754638672,309.111328125,326.09649658203125,326.0442810058594,292.1263427734375,292.1785888671875,16515.818359375,33031.63671875,69.04425048828125,69.04508209228516,1800.10595703125,3577.533447265625,1793.4215087890625,3577.407470703125,284.53948974609375,61.96839141845703,-5.043480541644385e-06,0,0,2574.69091796875,1291.8388671875,0,23.80800437927246,2713.226806640625,11.349185943603516,11.836478233337402,908.1788940429688,1810.7119140625,44.32896041870117,49.997745513916016,100,0,0,346.3704833984375,0,7.924896240234375,20.27398109436035,20.326200485229492,0,1.034000039100647,0.9067617654800415,50,2.799999952316284,2.2930264472961426,0,0,0,0,2.7427255993262576,0,0,0,0.001768751535564661,-0.0017666189232841134,0,2.13268208426598e-06,100.3047103881836,100.30413055419922,790.3309936523438,790.3305053710938,790.3305053710938,549.7208862304688,0,0,23.80800437927246,0.0010999999940395355,0.02200000174343586,0.03299999609589577,0.04399999603629112,5655.8173828125,114276.53125,0.0429663360118866,0,3.1392715754918754e-05,423.3370056152344,0,0.0002616529818624258,2.8350639695418067e-05,0,0,23.700000762939453,0,0,1600,0,50,0,0,0,50,50,800,0.0,0.0,0.0,0.0
233,158.1905517578125,309.11126708984375,326.0966491699219,326.0442810058594,292.12615966796875,292.1785583496094,16515.818359375,33031.63671875,69.04419708251953,69.0450439453125,1800.2083740234375,3577.534912109375,1793.425048828125,3577.40380859375,284.5395202636719,61.968475341796875,-2.897044623750844e-06,0,0,2574.690673828125,1291.837646484375,0,23.81035041809082,2713.23193359375,11.349527359008789,11.836480140686035,908.1856079101562,1810.7115478515625,44.33300018310547,49.99770736694336,100,0,0,346.37054443359375,0,7.924896240234375,20.27391242980957,20.32626724243164,0,1.034000039100647,0.9067617654800415,50,2.799999952316284,2.2930219173431396,0,0,0,0,2.713804202787212,0,0,0,0.0017729367827996612,-0.001767707639373839,0,5.2290970415924676e-06,100.30479431152344,100.3043212890625,790.3317260742188,790.3313598632812,790.3313598632812,549.7213745117188,0,0,23.81035041809082,0.0010999999940395355,0.02200000174343586,0.03299999609589577,0.04399999603629112,5655.8173828125,114276.53125,0.0429663360118866,0,3.1392715754918754e-05,425.1578063964844,0,0.0002616529818624258,2.8350639695418067e-05,0,0,23.700000762939453,0,0,1600,0,50,0,0,0,50,50,800,0.0,0.0,0.0,0.0
234,158.1906280517578,309.1112060546875,326.09674072265625,326.0442810058594,292.1260070800781,292.1784973144531,16515.818359375,33031.63671875,69.04415130615234,69.04498291015625,1800.30810546875,3577.537109375,1793.400390625,3577.428466796875,284.53955078125,61.96854782104492,-2.4936318823165493e-06,0,0,2574.6904296875,1291.8370361328125,0,23.81003761291504,2713.23681640625,11.349872589111328,11.836483001708984,908.1905517578125,1810.711669921875,44.337005615234375,49.997703552246094,100,0,0,346.3705749511719,0,7.924896240234375,20.273845672607422,20.32630157470703,0,1.034000039100647,0.9067617654800415,50,2.799999952316284,2.293017864227295,0,0,0,0,2.694523104106743,0,0,0,0.0017771217972040176,-0.0017687126528471708,0,8.409051588387229e-06,100.30517578125,100.30450439453125,790.3327026367188,790.3322143554688,790.3322143554688,549.7216796875,0,0,23.81003761291504,0.0010999999940395355,0.02200000174343586,0.03299999609589577,0.04399999603629112,5655.8173828125,114276.53125,0.0429663360118866,0,3.1392715754918754e-05,426.9786071777344,0,0.0002616529818624258,2.8350639695418067e-05,0,0,23.700000762939453,0,0,1600,0,50,0,0,0,50,50,800,0.0,0.0,0.0,0.0
235,158.19070434570312,309.1111755371094,326.0968322753906,326.0442810058594,292.1258239746094,292.17840576171875,16515.818359375,33031.63671875,69.04405212402344,69.04492950439453,1800.4093017578125,3577.535400390625,1793.4061279296875,3577.423095703125,284.5395812988281,61.96861267089844,-3.2522350466024363e-06,0,0,2574.690185546875,1291.8363037109375,0,23.809770584106445,2713.24365234375,11.350223541259766,11.836484909057617,908.1956787109375,1810.7088623046875,44.34119415283203,49.99762725830078,100,0,0,346.3706359863281,0,7.924896240234375,20.27377700805664,20.326335906982422,0,1.034000039100647,0.9067617654800415,50,2.799999952316284,2.2930121421813965,0,0,0,0,2.675242005426274,0,0,0,0.0017792143626138568,-0.001770136528648436,0,9.0778221419896e-06,100.30572509765625,100.30475616455078,790.3341064453125,790.3333129882812,790.3333129882812,549.7222290039062,0,0,23.809770584106445,0.0010999999940395355,0.02200000174343586,0.03299999609589577,0.04399999603629112,5655.8173828125,114276.53125,0.0429663360118866,0,3.1392715754918754e-05,428.7994079589844,0,0.0002616529818624258,2.8350639695418067e-05,0,0,23.700000762939453,0,0,1600,0,50,0,0,0,50,50,800,0.0,0.0,0.0,0.0
236,158.19081115722656,309.11114501953125,326.096923828125,326.04425048828125,292.1257019042969,292.1783752441406,16515.818359375,33031.63671875,69.04399108886719,69.04488372802734,1800.5003662109375,3577.541015625,1793.4129638671875,3577.416259765625,284.53961181640625,61.96870040893555,-5.247912895356421e-07,0,0,2574.690185546875,1291.83544921875,0,23.80679702758789,2713.25244140625,11.350582122802734,11.836485862731934,908.2018432617188,1810.7152099609375,44.345130920410156,49.997684478759766,100,0,0,346.37066650390625,0,7.924896240234375,20.27374267578125,20.32640266418457,0,1.034000039100647,0.9067617654800415,50,2.799999952316284,2.2930045127868652,0,0,0,0,2.646320608887228,0,0,0,0.001781306928023696,-0.0017720628529787064,0,9.243994099961128e-06,100.30610656738281,100.30508422851562,790.335693359375,790.3348999023438,790.3348999023438,549.7230224609375,0,0,23.80679702758789,0.0010999999940395355,0.02200000174343586,0.03299999609589577,0.04399999603629112,5655.8173828125,114276.53125,0.0429663360118866,0,3.1392715754918754e-05,430.6202087402344,0,0.0002616529818624258,2.8350639695418067e-05,0,0,23.700000762939453,0,0,1600,0,50,0,0,0,50,50,800,0.0,0.0,0.0,0.0
237,158.19090270996094,309.111083984375,326.09698486328125,326.04425048828125,292.1255187988281,292.1783142089844,16515.818359375,33031.63671875,69.04391479492188,69.0448226928711,1800.591064453125,3577.54541015625,1793.3985595703125,3577.43017578125,284.5396423339844,61.96878433227539,1.6216447420447366e-06,0,0,2574.689453125,1291.8345947265625,0,23.807825088500977,2713.261962890625,11.350942611694336,11.836487770080566,908.2066040039062,1810.71240234375,44.34933090209961,49.99761199951172,100,0,0,346.3707275390625,0,7.924896240234375,20.27374267578125,20.32647132873535,0,1.034000039100647,0.9067617654800415,50,2.799999952316284,2.292996644973755,0,0,0,0,2.6173989608665247,0,0,0,0.0017833993770182133,-0.001774072996340692,0,9.326322469860315e-06,100.30657958984375,100.30543518066406,790.33740234375,790.3365478515625,790.3365478515625,549.7238159179688,0,0,23.807825088500977,0.0010999999940395355,0.02200000174343586,0.03299999609589577,0.04399999603629112,5655.8173828125,114276.53125,0.0429663360118866,0,3.1392715754918754e-05,432.4410095214844,0,0.0002616529818624258,2.8350639695418067e-05,0,0,23.700000762939453,0,0,1600,0,50,0,0,0,50,50,800,0.0,0.0,0.0,0.0
238,158.19100952148438,309.111083984375,326.0970458984375,326.04425048828125,292.1253967285156,292.1782531738281,16515.818359375,33031.63671875,69.04386138916016,69.04476928710938,1800.678955078125,3577.549072265625,1793.4127197265625,3577.416259765625,284.5396423339844,61.968875885009766,4.9300961109111086e-06,0,0,2574.689208984375,1291.833984375,0,23.807512283325195,2713.272216796875,11.351309776306152,11.836488723754883,908.2117919921875,1810.71826171875,44.35350799560547,49.99759292602539,100,0,0,346.3707580566406,0,7.924896240234375,20.273710250854492,20.326505661010742,0,1.034000039100647,0.9067617654800415,50,2.799999952316284,2.2929880619049072,0,0,0,0,2.588477564327479,0,0,0,0.0017833993770182133,-0.001776250428520143,0,7.148843906179536e-06,100.30691528320312,100.3058090209961,790.3391723632812,790.3383178710938,790.3383178710938,549.7246704101562,0,0,23.807512283325195,0.0010999999940395355,0.02200000174343586,0.03299999609589577,0.04399999603629112,5655.8173828125,114276.53125,0.0429663360118866,0,3.1392715754918754e-05,434.2618103027344,0,0.0002616529818624258,2.8350639695418067e-05,0,0,23.700000762939453,0,0,1600,0,50,0,0,0,50,50,800,0.0,0.0,0.0,0.0
239,158.1911163330078,309.111083984375,326.0971984863281,326.04425048828125,292.125244140625,292.1781921386719,16515.818359375,33031.63671875,69.04381561279297,69.04473114013672,1800.7642822265625,3577.55126953125,1793.4151611328125,3577.413818359375,284.5397033691406,61.96895980834961,-3.5592031508713262e-06,0,0,2574.68896484375,1291.8333740234375,0,23.80717658996582,2713.28173828125,11.351679801940918,11.836491584777832,908.2189331054688,1810.720458984375,44.35783767700195,49.99753952026367,100,0,0,346.3708190917969,0,7.924896240234375,20.27364158630371,20.32657241821289,0,1.034000039100647,0.9067617654800415,50,2.799999952316284,2.2929799556732178,0,0,0,0,2.559555916306776,0,0,0,0.0017833993770182133,-0.0017783443909138441,0,5.054904704593355e-06,100.30707550048828,100.30615997314453,790.3407592773438,790.3399658203125,790.3399658203125,549.7255859375,0,0,23.80717658996582,0.0010999999940395355,0.02200000174343586,0.03299999609589577,0.04399999603629112,5655.8173828125,114276.53125,0.0429663360118866,0,3.1392715754918754e-05,436.0826110839844,0,0.0002616529818624258,2.8350639695418067e-05,0,0,23.700000762939453,0,0,1600,0,50,0,0,0,50,50,800,0.0,0.0,0.0,0.0
240,158.1912078857422,309.111083984375,326.0972900390625,326.04425048828125,292.1251220703125,292.1781005859375,16515.818359375,33031.63671875,69.04376983642578,69.04469299316406,1800.845947265625,3577.5537109375,1793.4149169921875,3577.414306640625,284.53973388671875,61.96904754638672,-8.31759393804532e-07,0,0,2574.688720703125,1291.8326416015625,0,23.80550193786621,2713.289306640625,11.352055549621582,11.836494445800781,908.2243041992188,1810.72314453125,44.36220169067383,49.99750900268555,100,0,0,346.370849609375,0,7.924896240234375,20.27357292175293,20.32660675048828,0,1.034000039100647,0.9067617654800415,50,2.799999952316284,2.292973518371582,0,0,0,0,2.53063451976773,0,0,0,0.0017833993770182133,-0.0017800194909796119,0,3.379874442543951e-06,100.30715942382812,100.30644226074219,790.3418579101562,790.3413696289062,790.3413696289062,549.7262573242188,0,0,23.80550193786621,0.0010999999940395355,0.02200000174343586,0.03299999609589577,0.04399999603629112,5655.8173828125,114276.53125,0.0429663360118866,0,3.1392715754918754e-05,437.9034118652344,0,0.0002616529818624258,2.8350639695418067e-05,0,0,23.700000762939453,0,0,1600,0,50,0,0,0,50,50,800,0.0,0.0,0.0,0.0
241,158.19131469726562,309.111083984375,326.0973815917969,326.04425048828125,292.1249694824219,292.1780700683594,16515.818359375,33031.63671875,69.0437240600586,69.04466247558594,1800.925048828125,3577.5556640625,1793.414306640625,3577.41455078125,284.5397644042969,61.969139099121094,2.4766920887486776e-06,0,0,2574.6884765625,1291.8321533203125,0,23.805164337158203,2713.294921875,11.352434158325195,11.836496353149414,908.2294921875,1810.7255859375,44.36661148071289,49.99749755859375,100,0,0,346.3709411621094,0,7.924896240234375,20.273540496826172,20.32667350769043,0,1.034000039100647,0.9067617654800415,50,2.799999952316284,2.292968511581421,0,0,0,0,2.5017128717470265,0,0,0,0.0017833993770182133,-0.0017812757287174463,0,2.123601689163479e-06,100.30718994140625,100.30665588378906,790.3427734375,790.3423461914062,790.3423461914062,549.7266845703125,0,0,23.805164337158203,0.0010999999940395355,0.02200000174343586,0.03299999609589577,0.04399999603629112,5655.8173828125,114276.53125,0.0429663360118866,0,3.1392715754918754e-05,439.7242126464844,0,0.0002616529818624258,2.8350639695418067e-05,0,0,23.700000762939453,0,0,1600,0,50,0,0,0,50,50,800,0.0,0.0,0.0,0.0
242,158.19139099121094,309.1110534667969,326.0975036621094,326.04425048828125,292.1248474121094,292.17803955078125,16515.818359375,33031.63671875,69.04368591308594,69.04463195800781,1801.0010986328125,3577.556640625,1793.406982421875,3577.422119140625,284.539794921875,61.9692268371582,5.2041359595023096e-06,0,0,2574.68798828125,1291.831298828125,0,23.80483055114746,2713.299072265625,11.35281753540039,11.83650016784668,908.2357177734375,1810.7283935546875,44.37107467651367,49.99751663208008,100,0,0,346.3709716796875,0,7.924896240234375,20.27347183227539,20.32670783996582,0,1.034000039100647,0.9067617654800415,50,2.799999952316284,2.2929651737213135,0,0,0,0,2.472791223726323,0,0,0,0.0017854919424280524,-0.0017821970395743847,0,3.2948214538919274e-06,100.30720520019531,100.30680847167969,790.3434448242188,790.3430786132812,790.3430786132812,549.7271118164062,0,0,23.80483055114746,0.0010999999940395355,0.02200000174343586,0.03299999609589577,0.04399999603629112,5655.8173828125,114276.53125,0.0429663360118866,0,3.1392715754918754e-05,441.5450134277344,0,0.0002616529818624258,2.8350639695418067e-05,0,0,23.700000762939453,0,0,1600,0,50,0,0,0,50,50,800,0.0,0.0,0.0,0.0
243,158.19146728515625,309.1109924316406,326.09759521484375,326.0442199707031,292.12469482421875,292.1780090332031,16515.818359375,33031.63671875,69.04363250732422,69.04459381103516,1801.0743408203125,3577.5576171875,1793.3997802734375,3577.428955078125,284.53985595703125,61.96929931640625,-5.0281864787393715e-06,0,0,2574.687744140625,1291.83056640625,0,23.807222366333008,2713.30322265625,11.353204727172852,11.836502075195312,908.23779296875,1810.7261962890625,44.37554931640625,49.997535705566406,100,0,0,346.3710021972656,0,7.924896240234375,20.273405075073242,20.3267765045166,0,1.034000039100647,0.9067617654800415,50,2.799999952316284,2.292961597442627,0,0,0,0,2.4535103765275115,0,0,0,0.0017896770732477307,-0.0017830346478149295,0,6.642460448347265e-06,100.3074722290039,100.30696105957031,790.3441772460938,790.3438110351562,790.3438110351562,549.7274169921875,0,0,23.807222366333008,0.0010999999940395355,0.02200000174343586,0.03299999609589577,0.04399999603629112,5655.8173828125,114276.53125,0.0429663360118866,0,3.1392715754918754e-05,443.3658142089844,0,0.0002616529818624258,2.8350639695418067e-05,0,0,23.700000762939453,0,0,1600,0,50,0,0,0,50,50,800,0.0,0.0,0.0,0.0
244,158.1915283203125,309.1109924316406,326.09765625,326.044189453125,292.1246337890625,292.1780090332031,16515.818359375,33031.63671875,69.0435791015625,69.0445556640625,1801.1448974609375,3577.559326171875,1793.397216796875,3577.431884765625,284.5398864746094,61.96937561035156,-4.043766239192337e-06,0,0,2574.687744140625,1291.8302001953125,0,23.80558967590332,2713.308349609375,11.353596687316895,11.836504936218262,908.2422485351562,1810.7265625,44.38006591796875,49.99755096435547,100,0,0,346.37103271484375,0,7.924896240234375,20.27337074279785,20.32684326171875,0,1.034000039100647,0.9067617654800415,50,2.799999952316284,2.292957305908203,0,0,0,0,2.434229277847043,0,0,0,0.0017896770732477307,-0.001784123363904655,0,5.553721166506875e-06,100.30784606933594,100.3071517944336,790.34521484375,790.3446655273438,790.3446655273438,549.7278442382812,0,0,23.80558967590332,0.0010999999940395355,0.02200000174343586,0.03299999609589577,0.04399999603629112,5655.8173828125,114276.53125,0.0429663360118866,0,3.1392715754918754e-05,445.1866149902344,0,0.0002616529818624258,2.8350639695418067e-05,0,0,23.700000762939453,0,0,1600,0,50,0,0,0,50,50,800,0.0,0.0,0.0,0.0
245,158.1916046142578,309.1109924316406,326.09771728515625,326.044189453125,292.1245422363281,292.1780090332031,16515.818359375,33031.63671875,69.04352569580078,69.04450988769531,1801.213134765625,3577.56103515625,1793.3865966796875,3577.442626953125,284.5399169921875,61.96944808959961,-3.6403537251317175e-06,0,0,2574.6875,1291.829345703125,0,23.806663513183594,2713.314697265625,11.353992462158203,11.836506843566895,908.2481689453125,1810.729248046875,44.38467788696289,49.997528076171875,100,0,0,346.3710632324219,0,7.924896240234375,20.27333641052246,20.32687759399414,0,1.034000039100647,0.9067617654800415,50,2.799999952316284,2.292952060699463,0,0,0,0,2.414948179166574,0,0,0,0.0017896770732477307,-0.0017854634206742048,0,4.213606189296115e-06,100.30804443359375,100.30738067626953,790.3463134765625,790.3457641601562,790.3457641601562,549.7283935546875,0,0,23.806663513183594,0.0010999999940395355,0.02200000174343586,0.03299999609589577,0.04399999603629112,5655.8173828125,114276.53125,0.0429663360118866,0,3.1392715754918754e-05,447.0074157714844,0,0.0002616529818624258,2.8350639695418067e-05,0,0,23.700000762939453,0,0,1600,0,50,0,0,0,50,50,800,0.0,0.0,0.0,0.0
246,158.19166564941406,309.1109619140625,326.09783935546875,326.0442199707031,292.1243896484375,292.177978515625,16515.818359375,33031.63671875,69.04347229003906,69.04447174072266,1801.27880859375,3577.56201171875,1793.383056640625,3577.44580078125,284.5399475097656,61.969520568847656,-3.2369409836974228e-06,0,0,2574.687255859375,1291.82861328125,0,23.806394577026367,2713.3203125,11.354390144348145,11.836509704589844,908.2523803710938,1810.734619140625,44.389251708984375,49.99753952026367,100,0,0,346.3711242675781,0,7.924896240234375,20.27330207824707,20.32691192626953,0,1.034000039100647,0.9067617654800415,50,2.799999952316284,2.2929470539093018,0,0,0,0,2.3956673319677626,0,0,0,0.001791769522242248,-0.001786719774827361,0,5.0497592383180745e-06,100.30815124511719,100.3075942993164,790.34716796875,790.3467407226562,790.3467407226562,549.7288818359375,0,0,23.806394577026367,0.0010999999940395355,0.02200000174343586,0.03299999609589577,0.04399999603629112,5655.8173828125,114276.53125,0.0429663360118866,0,3.1392715754918754e-05,448.8282165527344,0,0.0002616529818624258,2.8350639695418067e-05,0,0,23.700000762939453,0,0,1600,0,50,0,0,0,50,50,800,0.0,0.0,0.0,0.0
247,158.1917266845703,309.1109313964844,326.097900390625,326.0442199707031,292.124267578125,292.17791748046875,16515.818359375,33031.63671875,69.04342651367188,69.04443359375,1801.3411865234375,3577.56494140625,1793.3802490234375,3577.448486328125,284.5399475097656,61.96959686279297,-2.252520744150388e-06,0,0,2574.68701171875,1291.8282470703125,0,23.806127548217773,2713.32568359375,11.354792594909668,11.83651065826416,908.2553100585938,1810.732177734375,44.39391326904297,49.997528076171875,100,0,0,346.37115478515625,0,7.924896240234375,20.27326774597168,20.326946258544922,0,1.034000039100647,0.9067617654800415,50,2.799999952316284,2.292942523956299,0,0,0,0,2.3763862332872936,0,0,0,0.0017938620876520872,-0.0017878086073324084,0,6.053445304132765e-06,100.30847930908203,100.30779266357422,790.3482055664062,790.34765625,790.34765625,549.7293090820312,0,0,23.806127548217773,0.0010999999940395355,0.02200000174343586,0.03299999609589577,0.04399999603629112,5655.8173828125,114276.53125,0.0429663360118866,0,3.1392715754918754e-05,450.6490173339844,0,0.0002616529818624258,2.8350639695418067e-05,0,0,23.700000762939453,0,0,1600,0,50,0,0,0,50,50,800,0.0,0.0,0.0,0.0
248,158.19180297851562,309.1109313964844,326.09796142578125,326.0442199707031,292.1241455078125,292.1778564453125,16515.818359375,33031.63671875,69.04338073730469,69.04438781738281,1801.4010009765625,3577.565673828125,1793.3782958984375,3577.450439453125,284.53997802734375,61.969669342041016,-1.8491082300897688e-06,0,0,2574.686767578125,1291.8277587890625,0,23.807199478149414,2713.331787109375,11.35519790649414,11.836514472961426,908.2594604492188,1810.7349853515625,44.39862060546875,49.99753952026367,100,0,0,346.3711853027344,0,7.924896240234375,20.273235321044922,20.32697868347168,0,1.034000039100647,0.9067617654800415,50,2.799999952316284,2.2929375171661377,0,0,0,0,2.3571051346068246,0,0,0,0.0017938620876520872,-0.0017891485476866364,0,4.71348175778985e-06,100.30872344970703,100.30801391601562,790.3493041992188,790.3487548828125,790.3487548828125,549.7298583984375,0,0,23.807199478149414,0.0010999999940395355,0.02200000174343586,0.03299999609589577,0.04399999603629112,5655.8173828125,114276.53125,0.0429663360118866,0,3.1392715754918754e-05,452.4698181152344,0,0.0002616529818624258,2.8350639695418067e-05,0,0,23.700000762939453,0,0,1600,0,50,0,0,0,50,50,800,0.0,0.0,0.0,0.0
249,158.19186401367188,309.11090087890625,326.0981140136719,326.0442810058594,292.12396240234375,292.177734375,16515.818359375,33031.63671875,69.0433349609375,69.04435729980469,1801.4588623046875,3577.567626953125,1793.3792724609375,3577.44970703125,284.5400085449219,61.96974563598633,-8.646878768558963e-07,0,0,2574.686767578125,1291.8270263671875,0,23.80556869506836,2713.337890625,11.355606079101562,11.836515426635742,908.2636108398438,1810.7376708984375,44.403385162353516,49.997501373291016,100,0,0,346.3712463378906,0,7.924896240234375,20.27313232421875,20.326946258544922,0,1.034000039100647,0.9067617654800415,50,2.799999952316284,2.2929322719573975,0,0,0,0,2.3378242874080133,0,0,0,0.0017959546530619264,-0.0017904887208715081,0,5.4659440138493665e-06,100.3088607788086,100.30824279785156,790.3502807617188,790.3497924804688,790.3497924804688,549.7303466796875,0,0,23.80556869506836,0.0010999999940395355,0.02200000174343586,0.03299999609589577,0.04399999603629112,5655.8173828125,114276.53125,0.0429663360118866,0,3.1392715754918754e-05,454.2906188964844,0,0.0002616529818624258,2.8350639695418067e-05,0,0,23.700000762939453,0,0,1600,0,50,0,0,0,50,50,800,0.0,0.0,0.0,0.0
250,158.1919403076172,309.11090087890625,326.0982360839844,326.0443420410156,292.12384033203125,292.17767333984375,16515.818359375,33031.63671875,69.04329681396484,69.04431915283203,1801.5130615234375,3577.569580078125,1793.3773193359375,3577.4521484375,284.5400390625,61.969810485839844,-1.623290813768108e-06,0,0,2574.686767578125,1291.8267822265625,0,23.80527687072754,2713.343505859375,11.35601806640625,11.836517333984375,908.2662353515625,1810.7379150390625,44.40816116333008,49.99749755859375,100,0,0,346.37127685546875,0,7.924896240234375,20.27303123474121,20.32691192626953,0,1.034000039100647,0.9067617654800415,50,2.799999952316284,2.2929277420043945,0,0,0,0,2.3185431887275443,0,0,0,0.0017959546530619264,-0.001791661255992949,0,4.293362053431338e-06,100.30909729003906,100.3084487915039,790.351318359375,790.3507690429688,790.3507690429688,549.7308349609375,0,0,23.80527687072754,0.0010999999940395355,0.02200000174343586,0.03299999609589577,0.04399999603629112,5655.8173828125,114276.53125,0.0429663360118866,0,3.1392715754918754e-05,456.1114196777344,0,0.0002616529818624258,2.8350639695418067e-05,0,0,23.700000762939453,0,0,1600,0,50,0,0,0,50,50,800,0.0,0.0,0.0,0.0
251,158.19200134277344,309.11090087890625,326.09832763671875,326.04443359375,292.1236877441406,292.1776123046875,16515.818359375,33031.63671875,69.04325103759766,69.0442886352539,1801.5654296875,3577.57080078125,1793.376708984375,3577.452392578125,284.5400695800781,61.969886779785156,-6.388704605342355e-07,0,0,2574.686279296875,1291.8262939453125,0,23.803668975830078,2713.349365234375,11.35643196105957,11.836520195007324,908.2714233398438,1810.740478515625,44.41298294067383,49.99748992919922,100,0,0,346.3713073730469,0,7.924896240234375,20.27296257019043,20.32687759399414,0,1.034000039100647,0.9067617654800415,50,2.799999952316284,2.2929227352142334,0,0,0,0,2.2992620900470753,0,0,0,0.0017959546530619264,-0.0017929174937307835,0,3.0370895274245413e-06,100.30921173095703,100.30866241455078,790.3521728515625,790.351806640625,790.351806640625,549.7313232421875,0,0,23.803668975830078,0.0010999999940395355,0.02200000174343586,0.03299999609589577,0.04399999603629112,5655.8173828125,114276.53125,0.0429663360118866,0,3.1392715754918754e-05,457.9322204589844,0,0.0002616529818624258,2.8350639695418067e-05,0,0,23.700000762939453,0,0,1600,0,50,0,0,0,50,50,800,0.0,0.0,0.0,0.0
252,158.1920623779297,309.11090087890625,326.0984191894531,326.0444641113281,292.1235656738281,292.17755126953125,16515.818359375,33031.63671875,69.043212890625,69.04425811767578,1801.614501953125,3577.572021484375,1793.3739013671875,3577.454833984375,284.54010009765625,61.969966888427734,9.265576750294713e-07,0,0,2574.68603515625,1291.825927734375,0,23.80474090576172,2713.353759765625,11.35684871673584,11.836522102355957,908.2749633789062,1810.7432861328125,44.41782760620117,49.99748992919922,100,0,0,346.371337890625,0,7.924896240234375,20.272930145263672,20.32687759399414,0,1.034000039100647,0.9067617654800415,50,2.799999952316284,2.2929189205169678,0,0,0,0,2.2799809913666067,0,0,0,0.0017959546530619264,-0.0017939226236194372,0,2.032041038546595e-06,100.30927276611328,100.30883026123047,790.3529663085938,790.3526000976562,790.3526000976562,549.7317504882812,0,0,23.80474090576172,0.0010999999940395355,0.02200000174343586,0.03299999609589577,0.04399999603629112,5655.8173828125,114276.53125,0.0429663360118866,0,3.1392715754918754e-05,459.7530212402344,0,0.0002616529818624258,2.8350639695418067e-05,0,0,23.700000762939453,0,0,1600,0,50,0,0,0,50,50,800,0.0,0.0,0.0,0.0
253,158.192138671875,309.1108703613281,326.0984802246094,326.0444641113281,292.12347412109375,292.177490234375,16515.818359375,33031.63671875,69.04318237304688,69.04422760009766,1801.6617431640625,3577.57373046875,1793.37451171875,3577.45458984375,284.5401306152344,61.97003173828125,1.679547381172597e-07,0,0,2574.685791015625,1291.825439453125,0,23.80445098876953,2713.357666015625,11.357269287109375,11.836523056030273,908.27734375,1810.7432861328125,44.422733306884766,49.997474670410156,100,0,0,346.3713684082031,0,7.924896240234375,20.27289581298828,20.32691192626953,0,1.034000039100647,0.9067617654800415,50,2.799999952316284,2.2929155826568604,0,0,0,0,2.260700144167795,0,0,0,0.0017980471020564437,-0.0017947601154446602,0,3.2869518236111617e-06,100.30940246582031,100.30897521972656,790.3536376953125,790.353271484375,790.353271484375,549.7320556640625,0,0,23.80445098876953,0.0010999999940395355,0.02200000174343586,0.03299999609589577,0.04399999603629112,5655.8173828125,114276.53125,0.0429663360118866,0,3.1392715754918754e-05,461.5738220214844,0,0.0002616529818624258,2.8350639695418067e-05,0,0,23.700000762939453,0,0,1600,0,50,0,0,0,50,50,800,0.0,0.0,0.0,0.0
254,158.19219970703125,309.1108703613281,326.0985412597656,326.0444641113281,292.1234130859375,292.1774597167969,16515.818359375,33031.63671875,69.04314422607422,69.04419708251953,1801.70654296875,3577.574951171875,1793.3717041015625,3577.457275390625,284.5401611328125,61.97010803222656,1.1523750345077133e-06,0,0,2574.685546875,1291.824951171875,0,23.801477432250977,2713.36181640625,11.357690811157227,11.836525917053223,908.2808227539062,1810.7459716796875,44.427669525146484,49.99747085571289,100,0,0,346.37139892578125,0,7.924896240234375,20.27286148071289,20.326946258544922,0,1.034000039100647,0.9067617654800415,50,2.799999952316284,2.292912244796753,0,0,0,0,2.2414190454873264,0,0,0,0.0017980471020564437,-0.0017955976072698832,0,2.449436578899622e-06,100.30952453613281,100.30912017822266,790.3543090820312,790.3539428710938,790.3539428710938,549.732421875,0,0,23.801477432250977,0.0010999999940395355,0.02200000174343586,0.03299999609589577,0.04399999603629112,5655.8173828125,114276.53125,0.0429663360118866,0,3.1392715754918754e-05,463.3946228027344,0,0.0002616529818624258,2.8350639695418067e-05,0,0,23.700000762939453,0,0,1600,0,50,0,0,0,50,50,800,0.0,0.0,0.0,0.0
255,158.19227600097656,309.11083984375,326.0986022949219,326.0444641113281,292.1233215332031,292.17742919921875,16515.818359375,33031.63671875,69.0431137084961,69.04417419433594,1801.748046875,3577.576416015625,1793.3729248046875,3577.4560546875,284.5401916503906,61.970184326171875,2.1367955014284234e-06,0,0,2574.685546875,1291.8245849609375,0,23.80391502380371,2713.365234375,11.358115196228027,11.836527824401855,908.283935546875,1810.7462158203125,44.43256759643555,49.99750518798828,100,0,0,346.3714294433594,0,7.924896240234375,20.2728271484375,20.32697868347168,0,1.034000039100647,0.9067617654800415,50,2.799999952316284,2.2929093837738037,0,0,0,0,2.2221379468068574,0,0,0,0.0018001396674662828,-0.0017963513964787126,0,3.788189587794477e-06,100.30958557128906,100.30924987792969,790.3548583984375,790.3545532226562,790.3545532226562,549.7327270507812,0,0,23.80391502380371,0.0010999999940395355,0.02200000174343586,0.03299999609589577,0.04399999603629112,5655.8173828125,114276.53125,0.0429663360118866,0,3.1392715754918754e-05,465.2154235839844,0,0.0002616529818624258,2.8350639695418067e-05,0,0,23.700000762939453,0,0,1600,0,50,0,0,0,50,50,800,0.0,0.0,0.0,0.0
256,158.1923370361328,309.11077880859375,326.0986328125,326.0444641113281,292.1232604980469,292.1773986816406,16515.818359375,33031.63671875,69.04308319091797,69.04414367675781,1801.7874755859375,3577.57763671875,1793.3701171875,3577.458984375,284.54022216796875,61.97025680541992,2.5402080154890427e-06,0,0,2574.685302734375,1291.8240966796875,0,23.80498695373535,2713.368896484375,11.358542442321777,11.836530685424805,908.2847290039062,1810.74365234375,44.437557220458984,49.99750900268555,100,0,0,346.3714599609375,0,7.924896240234375,20.2728271484375,20.32701301574707,0,1.034000039100647,0.9067617654800415,50,2.799999952316284,2.2929062843322754,0,0,0,0,2.202857099608046,0,0,0,0.001802232232876122,-0.0017971053021028638,0,5.126942596689332e-06,100.30989837646484,100.30938720703125,790.3555908203125,790.3551635742188,790.3551635742188,549.7329711914062,0,0,23.80498695373535,0.0010999999940395355,0.02200000174343586,0.03299999609589577,0.04399999603629112,5655.8173828125,114276.53125,0.0429663360118866,0,3.1392715754918754e-05,467.0362243652344,0,0.0002616529818624258,2.8350639695418067e-05,0,0,23.700000762939453,0,0,1600,0,50,0,0,0,50,50,800,0.0,0.0,0.0,0.0
257,158.19241333007812,309.11077880859375,326.0987243652344,326.0444641113281,292.1231689453125,292.1773986816406,16515.818359375,33031.63671875,69.04304504394531,69.04411315917969,1801.8251953125,3577.580078125,1793.3724365234375,3577.456787109375,284.54022216796875,61.97032928466797,2.943620529549662e-06,0,0,2574.68505859375,1291.8238525390625,0,23.803356170654297,2713.373779296875,11.35897159576416,11.836531639099121,908.287841796875,1810.746337890625,44.44255828857422,49.99748611450195,100,0,0,346.3714904785156,0,7.924896240234375,20.272794723510742,20.32704734802246,0,1.034000039100647,0.9067617654800415,50,2.799999952316284,2.2929019927978516,0,0,0,0,2.183576000927577,0,0,0,0.001802232232876122,-0.0017981940181925893,0,4.038203314848943e-06,100.31012725830078,100.3095703125,790.3564453125,790.3560791015625,790.3560791015625,549.7333984375,0,0,23.803356170654297,0.0010999999940395355,0.02200000174343586,0.03299999609589577,0.04399999603629112,5655.8173828125,114276.53125,0.0429663360118866,0,3.1392715754918754e-05,468.8570251464844,0,0.0002616529818624258,2.8350639695418067e-05,0,0,23.700000762939453,0,0,1600,0,50,0,0,0,50,50,800,0.0,0.0,0.0,0.0
258,158.19247436523438,309.11077880859375,326.0987854003906,326.0444641113281,292.12310791015625,292.1773681640625,16515.818359375,33031.63671875,69.04301452636719,69.0440902709961,1801.86083984375,3577.580078125,1793.3692626953125,3577.459228515625,284.5402526855469,61.97040557861328,3.928041223844048e-06,0,0,2574.6845703125,1291.8233642578125,0,23.803085327148438,2713.378662109375,11.359399795532227,11.836535453796387,908.2908935546875,1810.7489013671875,44.44758224487305,49.99748229980469,100,0,0,346.3715515136719,0,7.924896240234375,20.27276039123535,20.32708168029785,0,1.034000039100647,0.9067617654800415,50,2.799999952316284,2.292897939682007,0,0,0,0,2.164294902247108,0,0,0,0.001802232232876122,-0.0017991990316659212,0,3.0331545985973207e-06,100.31026458740234,100.30974578857422,790.3572998046875,790.3568725585938,790.3568725585938,549.7338256835938,0,0,23.803085327148438,0.0010999999940395355,0.02200000174343586,0.03299999609589577,0.04399999603629112,5655.8173828125,114276.53125,0.0429663360118866,0,3.1392715754918754e-05,470.6778259277344,0,0.0002616529818624258,2.8350639695418067e-05,0,0,23.700000762939453,0,0,1600,0,50,0,0,0,50,50,800,0.0,0.0,0.0,0.0
259,158.19253540039062,309.11077880859375,326.09881591796875,326.0444641113281,292.123046875,292.1773376464844,16515.818359375,33031.63671875,69.0429916381836,69.0440673828125,1801.8939208984375,3577.58154296875,1793.3697509765625,3577.459228515625,284.540283203125,61.97047805786133,4.3314535105309915e-06,0,0,2574.6845703125,1291.8232421875,0,23.802797317504883,2713.3828125,11.359832763671875,11.836536407470703,908.29248046875,1810.75146484375,44.45262908935547,49.997467041015625,100,0,0,346.37158203125,0,7.924896240234375,20.27276039123535,20.327116012573242,0,1.034000039100647,0.9067617654800415,50,2.799999952316284,2.2928946018218994,0,0,0,0,2.145014055048297,0,0,0,0.001802232232876122,-0.0018001204589381814,0,2.111797357429168e-06,100.3103256225586,100.30989837646484,790.3579711914062,790.3576049804688,790.3576049804688,549.7341918945312,0,0,23.802797317504883,0.0010999999940395355,0.02200000174343586,0.03299999609589577,0.04399999603629112,5655.8173828125,114276.53125,0.0429663360118866,0,3.1392715754918754e-05,472.4986267089844,0,0.0002616529818624258,2.8350639695418067e-05,0,0,23.700000762939453,0,0,1600,0,50,0,0,0,50,50,800,0.0,0.0,0.0,0.0
260,158.19261169433594,309.11077880859375,326.0988464355469,326.0444641113281,292.12298583984375,292.1773376464844,16515.818359375,33031.63671875,69.04296112060547,69.0440444946289,1801.925048828125,3577.58203125,1793.3681640625,3577.4609375,284.54034423828125,61.97055435180664,-5.319860974850599e-06,0,0,2574.684326171875,1291.822998046875,0,23.801164627075195,2713.38623046875,11.36026668548584,11.836538314819336,908.2954711914062,1810.75146484375,44.45772171020508,49.997459411621094,100,0,0,346.3716125488281,0,7.924896240234375,20.27276039123535,20.3271484375,0,1.034000039100647,0.9067617654800415,50,2.799999952316284,2.292891502380371,0,0,0,0,2.1257329563678278,0,0,0,0.001802232232876122,-0.001800874131731689,0,1.3581244502347545e-06,100.31036376953125,100.31002807617188,790.3585205078125,790.3582153320312,790.3582153320312,549.7344970703125,0,0,23.801164627075195,0.0010999999940395355,0.02200000174343586,0.03299999609589577,0.04399999603629112,5655.8173828125,114276.53125,0.0429663360118866,0,3.1392715754918754e-05,474.3194274902344,0,0.0002616529818624258,2.8350639695418067e-05,0,0,23.700000762939453,0,0,1600,0,50,0,0,0,50,50,800,0.0,0.0,0.0,0.0
261,158.1926727294922,309.11077880859375,326.0989074707031,326.0444641113281,292.1229248046875,292.1773376464844,16515.818359375,33031.63671875,69.04293823242188,69.04402923583984,1801.9532470703125,3577.582763671875,1793.3670654296875,3577.462158203125,284.5403747558594,61.97062683105469,-4.916448233416304e-06,0,0,2574.684326171875,1291.82275390625,0,23.80223846435547,2713.388916015625,11.360702514648438,11.836541175842285,908.2980346679688,1810.754150390625,44.46280288696289,49.99747848510742,100,0,0,346.37164306640625,0,7.924896240234375,20.27272605895996,20.32718276977539,0,1.034000039100647,0.9067617654800415,50,2.799999952316284,2.292889356613159,0,0,0,0,2.1064518576873588,0,0,0,0.001802232232876122,-0.0018014603992924094,0,7.718335837125778e-07,100.31037139892578,100.31012725830078,790.35888671875,790.3587036132812,790.3587036132812,549.7347412109375,0,0,23.80223846435547,0.0010999999940395355,0.02200000174343586,0.03299999609589577,0.04399999603629112,5655.8173828125,114276.53125,0.0429663360118866,0,3.1392715754918754e-05,476.1402282714844,0,0.0002616529818624258,2.8350639695418067e-05,0,0,23.700000762939453,0,0,1600,0,50,0,0,0,50,50,800,0.0,0.0,0.0,0.0
262,158.1927490234375,309.11077880859375,326.09893798828125,326.0444641113281,292.1228332519531,292.17730712890625,16515.818359375,33031.63671875,69.04292297363281,69.04401397705078,1801.97900390625,3577.583740234375,1793.3675537109375,3577.461669921875,284.5404052734375,61.970699310302734,-4.51303594672936e-06,0,0,2574.68408203125,1291.8223876953125,0,23.80060577392578,2713.390869140625,11.361139297485352,11.836543083190918,908.3004760742188,1810.75439453125,44.467891693115234,49.99750518798828,100,0,0,346.3716735839844,0,7.924896240234375,20.27272605895996,20.32721710205078,0,1.034000039100647,0.9067617654800415,50,2.799999952316284,2.2928876876831055,0,0,0,0,2.0871708847477186,0,0,0,0.001802232232876122,-0.001801879145205021,0,3.5307604662193626e-07,100.31037139892578,100.31019592285156,790.3591918945312,790.3590698242188,790.3590698242188,549.7349243164062,0,0,23.80060577392578,0.0010999999940395355,0.02200000174343586,0.03299999609589577,0.04399999603629112,5655.8173828125,114276.53125,0.0429663360118866,0,3.1392715754918754e-05,477.9610290527344,0,0.0002616529818624258,2.8350639695418067e-05,0,0,23.700000762939453,0,0,1600,0,50,0,0,0,50,50,800,0.0,0.0,0.0,0.0
263,158.19281005859375,309.11077880859375,326.0989685058594,326.0444641113281,292.1227722167969,292.17730712890625,16515.818359375,33031.63671875,69.04290008544922,69.04399108886719,1802.003173828125,3577.583984375,1793.3675537109375,3577.461669921875,284.5404357910156,61.97077560424805,-3.5286157071823254e-06,0,0,2574.683837890625,1291.822265625,0,23.800338745117188,2713.392333984375,11.361577987670898,11.836545944213867,908.3017578125,1810.7567138671875,44.47303771972656,49.997520446777344,100,0,0,346.3717041015625,0,7.924896240234375,20.27272605895996,20.327251434326172,0,1.034000039100647,0.9067617654800415,50,2.799999952316284,2.29288649559021,0,0,0,0,2.06788978606725,0,0,0,0.001802232232876122,-0.0018022141885012388,0,1.8009449931355448e-08,100.31037139892578,100.31024932861328,790.359375,790.3593139648438,790.3593139648438,549.7350463867188,0,0,23.800338745117188,0.0010999999940395355,0.02200000174343586,0.03299999609589577,0.04399999603629112,5655.8173828125,114276.53125,0.0429663360118866,0,3.1392715754918754e-05,479.7818298339844,0,0.0002616529818624258,2.8350639695418067e-05,0,0,23.700000762939453,0,0,1600,0,50,0,0,0,50,50,800,0.0,0.0,0.0,0.0
264,158.19287109375,309.1107177734375,326.0990295410156,326.0444641113281,292.1226806640625,292.17724609375,16515.818359375,33031.63671875,69.04288482666016,69.04397583007812,1802.0247802734375,3577.58447265625,1793.3707275390625,3577.45849609375,284.54046630859375,61.970855712890625,-1.9631875147752e-06,0,0,2574.68359375,1291.8216552734375,0,23.800046920776367,2713.393310546875,11.362017631530762,11.8365478515625,908.3027954101562,1810.7542724609375,44.478187561035156,49.99753952026367,100,0,0,346.3717346191406,0,7.924896240234375,20.27272605895996,20.32728385925293,0,1.034000039100647,0.9067617654800415,50,2.799999952316284,2.2928855419158936,0,0,0,0,2.04860881312761,0,0,0,0.0018064172472804785,-0.0018023817101493478,0,4.035478923469782e-06,100.31047058105469,100.31028747558594,790.3595581054688,790.3594360351562,790.3594360351562,549.735107421875,0,0,23.800046920776367,0.0010999999940395355,0.02200000174343586,0.03299999609589577,0.04399999603629112,5655.8173828125,114276.53125,0.0429663360118866,0,3.1392715754918754e-05,481.6026306152344,0,0.0002616529818624258,2.8350639695418067e-05,0,0,23.700000762939453,0,0,1600,0,50,0,0,0,50,50,800,0.0,0.0,0.0,0.0
265,158.1929473876953,309.1107177734375,326.0990905761719,326.0444641113281,292.12261962890625,292.1771545410156,16515.818359375,33031.63671875,69.04285430908203,69.04395294189453,1802.0443115234375,3577.585205078125,1793.36767578125,3577.461669921875,284.5404968261719,61.97092056274414,-2.7217904516874114e-06,0,0,2574.683349609375,1291.8216552734375,0,23.803848266601562,2713.395751953125,11.362458229064941,11.836549758911133,908.3026733398438,1810.7542724609375,44.48335647583008,49.9975471496582,100,0,0,346.37176513671875,0,7.924896240234375,20.27269172668457,20.32731819152832,0,1.034000039100647,0.9067617654800415,50,2.799999952316284,2.2928833961486816,0,0,0,0,2.0293278401879697,0,0,0,0.0018064172472804785,-0.0018028841586783528,0,3.5330303944647312e-06,100.31075286865234,100.31037902832031,790.360107421875,790.35986328125,790.35986328125,549.7352905273438,0,0,23.803848266601562,0.0010999999940395355,0.02200000174343586,0.03299999609589577,0.04399999603629112,5655.8173828125,114276.53125,0.0429663360118866,0,3.1392715754918754e-05,483.4234313964844,0,0.0002616529818624258,2.8350639695418067e-05,0,0,23.700000762939453,0,0,1600,0,50,0,0,0,50,50,800,0.0,0.0,0.0,0.0
266,158.19300842285156,309.1107177734375,326.0991516113281,326.0444641113281,292.1225280761719,292.1770935058594,16515.818359375,33031.63671875,69.04283905029297,69.04393768310547,1802.062255859375,3577.5859375,1793.3675537109375,3577.461181640625,284.54052734375,61.97098922729492,-2.8993856631132076e-06,0,0,2574.683349609375,1291.821533203125,0,23.800872802734375,2713.399169921875,11.362899780273438,11.836552619934082,908.3046875,1810.75439453125,44.488502502441406,49.997554779052734,100,0,0,346.3717956542969,0,7.924896240234375,20.27265739440918,20.32735252380371,0,1.034000039100647,0.9067617654800415,50,2.799999952316284,2.2928805351257324,0,0,0,0,2.0100467415075007,0,0,0,0.0018064172472804785,-0.001803638064302504,0,2.7792063974629855e-06,100.31092071533203,100.31050872802734,790.3607788085938,790.3604736328125,790.3604736328125,549.735595703125,0,0,23.800872802734375,0.0010999999940395355,0.02200000174343586,0.03299999609589577,0.04399999603629112,5655.8173828125,114276.53125,0.0429663360118866,0,3.1392715754918754e-05,485.2442321777344,0,0.0002616529818624258,2.8350639695418067e-05,0,0,23.700000762939453,0,0,1600,0,50,0,0,0,50,50,800,0.0,0.0,0.0,0.0
267,158.19308471679688,309.1107177734375,326.0991516113281,326.0444641113281,292.1224670410156,292.1770324707031,16515.818359375,33031.63671875,69.04281616210938,69.0439224243164,1802.0782470703125,3577.587646484375,1793.3641357421875,3577.46484375,284.54052734375,61.9710693359375,-1.3339573570192442e-06,0,0,2574.68310546875,1291.8214111328125,0,23.80060577392578,2713.403076171875,11.363343238830566,11.836554527282715,908.3054809570312,1810.7569580078125,44.4936637878418,49.99756622314453,100,0,0,346.3718566894531,0,7.924896240234375,20.27269172668457,20.3273868560791,0,1.034000039100647,0.9067617654800415,50,2.799999952316284,2.292877435684204,0,0,0,0,1.9907657685678606,0,0,0,0.0018064172472804785,-0.001804475556127727,0,1.9416911527514458e-06,100.31100463867188,100.3106460571289,790.3613891601562,790.3611450195312,790.3611450195312,549.7359619140625,0,0,23.80060577392578,0.0010999999940395355,0.02200000174343586,0.03299999609589577,0.04399999603629112,5655.8173828125,114276.53125,0.0429663360118866,0,3.1392715754918754e-05,487.0650329589844,0,0.0002616529818624258,2.8350639695418067e-05,0,0,23.700000762939453,0,0,1600,0,50,0,0,0,50,50,800,0.0,0.0,0.0,0.0
268,158.19314575195312,309.1107177734375,326.09918212890625,326.0444641113281,292.1224060058594,292.1770324707031,16515.818359375,33031.63671875,69.04280090332031,69.04390716552734,1802.0921630859375,3577.588134765625,1793.36669921875,3577.46240234375,284.5405578613281,61.97114562988281,-3.495370322070812e-07,0,0,2574.6826171875,1291.8212890625,0,23.80031394958496,2713.406005859375,11.363787651062012,11.836557388305664,908.3074340820312,1810.7572021484375,44.49886703491211,49.99756622314453,100,0,0,346.37188720703125,0,7.924896240234375,20.27269172668457,20.327421188354492,0,1.034000039100647,0.9067617654800415,50,2.799999952316284,2.292874813079834,0,0,0,0,1.9714846698873916,0,0,0,0.0018064172472804785,-0.0018051456427201629,0,1.2715580623989808e-06,100.31103515625,100.31076049804688,790.3618774414062,790.3616943359375,790.3616943359375,549.7362060546875,0,0,23.80031394958496,0.0010999999940395355,0.02200000174343586,0.03299999609589577,0.04399999603629112,5655.8173828125,114276.53125,0.0429663360118866,0,3.1392715754918754e-05,488.8858337402344,0,0.0002616529818624258,2.8350639695418067e-05,0,0,23.700000762939453,0,0,1600,0,50,0,0,0,50,50,800,0.0,0.0,0.0,0.0
269,158.19320678710938,309.1107177734375,326.0992126464844,326.0444641113281,292.1223449707031,292.1770324707031,16515.818359375,33031.63671875,69.04278564453125,69.04389190673828,1802.1043701171875,3577.58837890625,1793.3660888671875,3577.462890625,284.54058837890625,61.97121810913086,5.387555290781165e-08,0,0,2574.6826171875,1291.8211669921875,0,23.800025939941406,2713.408447265625,11.36423110961914,11.836559295654297,908.3081665039062,1810.759521484375,44.50407791137695,49.9975700378418,100,0,0,346.3719177246094,0,7.924896240234375,20.27269172668457,20.32745361328125,0,1.034000039100647,0.9067617654800415,50,2.799999952316284,2.292872905731201,0,0,0,0,1.9522036969477514,0,0,0,0.0018064172472804785,-0.001805648091249168,0,7.691094765505113e-07,100.31106567382812,100.31084442138672,790.3623046875,790.3621215820312,790.3621215820312,549.7363891601562,0,0,23.800025939941406,0.0010999999940395355,0.02200000174343586,0.03299999609589577,0.04399999603629112,5655.8173828125,114276.53125,0.0429663360118866,0,3.1392715754918754e-05,490.7066345214844,0,0.0002616529818624258,2.8350639695418067e-05,0,0,23.700000762939453,0,0,1600,0,50,0,0,0,50,50,800,0.0,0.0,0.0,0.0
270,158.1932830810547,309.1107177734375,326.0992431640625,326.0444641113281,292.12225341796875,292.1770324707031,16515.818359375,33031.63671875,69.04277038574219,69.04388427734375,1802.1141357421875,3577.5888671875,1793.3653564453125,3577.463623046875,284.5406188964844,61.97129440307617,1.0382959771959577e-06,0,0,2574.682373046875,1291.821044921875,0,23.79839324951172,2713.41015625,11.364675521850586,11.836562156677246,908.309814453125,1810.7596435546875,44.50925827026367,49.997596740722656,100,0,0,346.3719482421875,0,7.924896240234375,20.27269172668457,20.32748794555664,0,1.034000039100647,0.9067617654800415,50,2.799999952316284,2.2928712368011475,0,0,0,0,1.9329227240081113,0,0,0,0.0018064172472804785,-0.0018060668371617794,0,3.503519110381603e-07,100.31106567382812,100.3109130859375,790.362548828125,790.3624267578125,790.3624267578125,549.736572265625,0,0,23.79839324951172,0.0010999999940395355,0.02200000174343586,0.03299999609589577,0.04399999603629112,5655.8173828125,114276.53125,0.0429663360118866,0,3.1392715754918754e-05,492.5274353027344,0,0.0002616529818624258,2.8350639695418067e-05,0,0,23.700000762939453,0,0,1600,0,50,0,0,0,50,50,800,0.0,0.0,0.0,0.0
271,158.19334411621094,309.1107177734375,326.0992431640625,326.0444641113281,292.1221923828125,292.177001953125,16515.818359375,33031.63671875,69.04276275634766,69.04386901855469,1802.1217041015625,3577.589111328125,1793.36572265625,3577.46337890625,284.5406494140625,61.971370697021484,2.0227162167429924e-06,0,0,2574.68212890625,1291.821044921875,0,23.7981014251709,2713.411376953125,11.365120887756348,11.836564064025879,908.3101806640625,1810.7598876953125,44.51445770263672,49.99762725830078,100,0,0,346.3719787597656,0,7.924896240234375,20.27272605895996,20.32752227783203,0,1.034000039100647,0.9067617654800415,50,2.799999952316284,2.292870283126831,0,0,0,0,1.9136416253276425,0,0,0,0.0018064172472804785,-0.001806318061426282,0,9.9127646535635e-08,100.31106567382812,100.31095886230469,790.3627319335938,790.3626098632812,790.3626098632812,549.7366943359375,0,0,23.7981014251709,0.0010999999940395355,0.02200000174343586,0.03299999609589577,0.04399999603629112,5655.8173828125,114276.53125,0.0429663360118866,0,3.1392715754918754e-05,494.3482360839844,0,0.0002616529818624258,2.8350639695418067e-05,0,0,23.700000762939453,0,0,1600,0,50,0,0,0,50,50,800,0.0,0.0,0.0,0.0
272,158.19342041015625,309.1107177734375,326.0992736816406,326.0444641113281,292.1221618652344,292.177001953125,16515.818359375,33031.63671875,69.04275512695312,69.04386138916016,1802.1279296875,3577.589599609375,1793.3663330078125,3577.462890625,284.5406799316406,61.97145080566406,3.5881446365237935e-06,0,0,2574.68212890625,1291.8206787109375,0,23.79644775390625,2713.412353515625,11.36556625366211,11.836565971374512,908.3118286132812,1810.7623291015625,44.519683837890625,49.997642517089844,100,0,0,346.37200927734375,0,7.924896240234375,20.27272605895996,20.327556610107422,0,1.034000039100647,0.9067617654800415,50,2.799999952316284,2.2928695678710938,0,0,0,0,1.8943606523880023,0,0,0,0.0018064172472804785,-0.0018064855830743909,0,-6.840564736876331e-08,100.31106567382812,100.31098937988281,790.3628540039062,790.36279296875,790.36279296875,549.7367553710938,0,0,23.79644775390625,0.0010999999940395355,0.02200000174343586,0.03299999609589577,0.04399999603629112,5655.8173828125,114276.53125,0.0429663360118866,0,3.1392715754918754e-05,496.1690368652344,0,0.0002616529818624258,2.8350639695418067e-05,0,0,23.700000762939453,0,0,1600,0,50,0,0,0,50,50,800,0.0,0.0,0.0,0.0
273,158.1934814453125,309.1107177734375,326.0992736816406,326.0444641113281,292.1221618652344,292.177001953125,16515.818359375,33031.63671875,69.0427474975586,69.04385375976562,1802.1326904296875,3577.589111328125,1793.366943359375,3577.462158203125,284.5407409667969,61.971534729003906,-4.901154625258641e-06,0,0,2574.681884765625,1291.8206787109375,0,23.797521591186523,2713.412841796875,11.366012573242188,11.836568832397461,908.3121948242188,1810.7620849609375,44.524959564208984,49.99764633178711,100,0,0,346.3720397949219,0,7.924896240234375,20.27276039123535,20.32758903503418,0,1.034000039100647,0.9067617654800415,50,2.799999952316284,2.2928690910339355,0,0,0,0,1.8750795537075333,0,0,0,0.0018064172472804785,-0.0018066531047224998,0,-2.3593894127316162e-07,100.31106567382812,100.3110122680664,790.3629760742188,790.3629150390625,790.3629150390625,549.73681640625,0,0,23.797521591186523,0.0010999999940395355,0.02200000174343586,0.03299999609589577,0.04399999603629112,5655.8173828125,114276.53125,0.0429663360118866,0,3.1392715754918754e-05,497.9898376464844,0,0.0002616529818624258,2.8350639695418067e-05,0,0,23.700000762939453,0,0,1600,0,50,0,0,0,50,50,800,0.0,0.0,0.0,0.0
274,158.1935577392578,309.1107177734375,326.0992736816406,326.0444641113281,292.1221618652344,292.177001953125,16515.818359375,33031.63671875,69.04273223876953,69.04383850097656,1802.13525390625,3577.5888671875,1793.3670654296875,3577.461669921875,284.540771484375,61.97160339355469,-5.0787498366844375e-06,0,0,2574.681640625,1291.8206787109375,0,23.798572540283203,2713.413330078125,11.366458892822266,11.836570739746094,908.3125,1810.76220703125,44.53020095825195,49.99767303466797,100,0,0,346.3720703125,0,7.924896240234375,20.272794723510742,20.32762336730957,0,1.034000039100647,0.9067617654800415,50,2.799999952316284,2.2928686141967773,0,0,0,0,1.8557985807678932,0,0,0,0.0018064172472804785,-0.001806737040169537,0,-3.197812645794329e-07,100.3110580444336,100.31102752685547,790.3629760742188,790.3629760742188,790.3629760742188,549.7368774414062,0,0,23.798572540283203,0.0010999999940395355,0.02200000174343586,0.03299999609589577,0.04399999603629112,5655.8173828125,114276.53125,0.0429663360118866,0,3.1392715754918754e-05,499.8106384277344,0,0.0002616529818624258,2.8350639695418067e-05,0,0,23.700000762939453,0,0,1600,0,50,0,0,0,50,50,800,0.0,0.0,0.0,0.0
275,158.19361877441406,309.1107177734375,326.0992736816406,326.0444641113281,292.1221618652344,292.177001953125,16515.818359375,33031.63671875,69.042724609375,69.04383087158203,1802.135986328125,3577.58837890625,1793.3673095703125,3577.461669921875,284.5408020019531,61.971683502197266,-3.5133218716509873e-06,0,0,2574.681396484375,1291.8206787109375,0,23.798303604125977,2713.413330078125,11.366905212402344,11.836573600769043,908.3125610351562,1810.7620849609375,44.53544616699219,49.99769592285156,100,0,0,346.3721008300781,0,7.924896240234375,20.2728271484375,20.32765769958496,0,1.034000039100647,0.9067617654800415,50,2.799999952316284,2.2928686141967773,0,0,0,0,1.836517607828253,0,0,0,0.0018064172472804785,-0.001806737040169537,0,-3.197812645794329e-07,100.3110580444336,100.31102752685547,790.3629760742188,790.3629760742188,790.3629760742188,549.7368774414062,0,0,23.798303604125977,0.0010999999940395355,0.02200000174343586,0.03299999609589577,0.04399999603629112,5655.8173828125,114276.53125,0.0429663360118866,0,3.1392715754918754e-05,501.6314392089844,0,0.0002616529818624258,2.8350639695418067e-05,0,0,23.700000762939453,0,0,1600,0,50,0,0,0,50,50,800,0.0,0.0,0.0,0.0
276,158.1936798095703,309.1107177734375,326.0992736816406,326.04449462890625,292.1221618652344,292.1769714355469,16515.818359375,33031.63671875,69.04271697998047,69.04383087158203,1802.1346435546875,3577.58837890625,1793.3626708984375,3577.466064453125,284.54083251953125,61.97175216674805,-3.6909170830767835e-06,0,0,2574.680908203125,1291.8206787109375,0,23.799375534057617,2713.413330078125,11.367352485656738,11.836575508117676,908.3125,1810.7646484375,44.54066848754883,49.99773406982422,100,0,0,346.3721618652344,0,7.924896240234375,20.27286148071289,20.32765769958496,0,1.034000039100647,0.9067617654800415,50,2.799999952316284,2.2928686141967773,0,0,0,0,1.817236509147784,0,0,0,0.0018064172472804785,-0.001806737040169537,0,-3.197812645794329e-07,100.3110580444336,100.31102752685547,790.3629760742188,790.3629760742188,790.3629760742188,549.7368774414062,0,0,23.799375534057617,0.0010999999940395355,0.02200000174343586,0.03299999609589577,0.04399999603629112,5655.8173828125,114276.53125,0.0429663360118866,0,3.1392715754918754e-05,503.4522399902344,0,0.0002616529818624258,2.8350639695418067e-05,0,0,23.700000762939453,0,0,1600,0,50,0,0,0,50,50,800,0.0,0.0,0.0,0.0
277,158.19375610351562,309.1107177734375,326.0993347167969,326.04449462890625,292.12213134765625,292.1769714355469,16515.818359375,33031.63671875,69.04271697998047,69.0438232421875,1802.1318359375,3577.588134765625,1793.366943359375,3577.462158203125,284.54083251953125,61.971832275390625,-2.1254886632959824e-06,0,0,2574.680908203125,1291.8204345703125,0,23.797744750976562,2713.413330078125,11.367798805236816,11.836578369140625,908.3135375976562,1810.7647705078125,44.545894622802734,49.99776840209961,100,0,0,346.3721923828125,0,7.924896240234375,20.27286148071289,20.32769203186035,0,1.034000039100647,0.9067617654800415,50,2.799999952316284,2.2928686141967773,0,0,0,0,1.7979555362081439,0,0,0,0.0018064172472804785,-0.001806737040169537,0,-3.197812645794329e-07,100.3110580444336,100.31102752685547,790.3629760742188,790.3629760742188,790.3629760742188,549.7368774414062,0,0,23.797744750976562,0.0010999999940395355,0.02200000174343586,0.03299999609589577,0.04399999603629112,5655.8173828125,114276.53125,0.0429663360118866,0,3.1392715754918754e-05,505.2730407714844,0,0.0002616529818624258,2.8350639695418067e-05,0,0,23.700000762939453,0,0,1600,0,50,0,0,0,50,50,800,0.0,0.0,0.0,0.0
278,158.19381713867188,309.1107177734375,326.0993347167969,326.04449462890625,292.12213134765625,292.1769714355469,16515.818359375,33031.63671875,69.04270935058594,69.0438232421875,1802.1270751953125,3577.587646484375,1793.36669921875,3577.462158203125,284.5408630371094,61.97189712524414,-2.8840918275818694e-06,0,0,2574.680908203125,1291.8204345703125,0,23.798818588256836,2713.413330078125,11.368245124816895,11.836581230163574,908.3134155273438,1810.7646484375,44.5511360168457,49.99781036376953,100,0,0,346.3722229003906,0,7.924896240234375,20.27289581298828,20.327726364135742,0,1.034000039100647,0.9067617654800415,50,2.799999952316284,2.2928686141967773,0,0,0,0,1.778674437527675,0,0,0,0.0018064172472804785,-0.001806737040169537,0,-3.197812645794329e-07,100.3110580444336,100.31102752685547,790.3629760742188,790.3629760742188,790.3629760742188,549.7368774414062,0,0,23.798818588256836,0.0010999999940395355,0.02200000174343586,0.03299999609589577,0.04399999603629112,5655.8173828125,114276.53125,0.0429663360118866,0,3.1392715754918754e-05,507.0938415527344,0,0.0002616529818624258,2.8350639695418067e-05,0,0,23.700000762939453,0,0,1600,0,50,0,0,0,50,50,800,0.0,0.0,0.0,0.0
279,158.1938934326172,309.1107177734375,326.0993347167969,326.04449462890625,292.12213134765625,292.1769714355469,16515.818359375,33031.63671875,69.04270935058594,69.04381561279297,1802.121337890625,3577.587158203125,1793.3663330078125,3577.46240234375,284.5408935546875,61.97196960449219,-2.4806790861475747e-06,0,0,2574.6806640625,1291.8204345703125,0,23.79584503173828,2713.413330078125,11.368690490722656,11.836584091186523,908.3131103515625,1810.7646484375,44.55636215209961,49.997840881347656,100,0,0,346.37225341796875,0,7.924896240234375,20.272930145263672,20.3277587890625,0,1.034000039100647,0.9067617654800415,50,2.799999952316284,2.2928686141967773,0,0,0,0,1.759393464588035,0,0,0,0.0018064172472804785,-0.001806737040169537,0,-3.197812645794329e-07,100.3110580444336,100.31102752685547,790.3629760742188,790.3629760742188,790.3629760742188,549.7368774414062,0,0,23.79584503173828,0.0010999999940395355,0.02200000174343586,0.03299999609589577,0.04399999603629112,5655.8173828125,114276.53125,0.0429663360118866,0,3.1392715754918754e-05,508.9146423339844,0,0.0002616529818624258,2.8350639695418067e-05,0,0,23.700000762939453,0,0,1600,0,50,0,0,0,50,50,800,0.0,0.0,0.0,0.0
280,158.19395446777344,309.1107177734375,326.0993347167969,326.04449462890625,292.12213134765625,292.1769714355469,16515.818359375,33031.63671875,69.04270935058594,69.04381561279297,1802.11328125,3577.5869140625,1793.365966796875,3577.46337890625,284.5409240722656,61.97203826904297,-2.658274297573371e-06,0,0,2574.680419921875,1291.820556640625,0,23.796939849853516,2713.413330078125,11.369136810302734,11.836585998535156,908.312744140625,1810.7646484375,44.56159973144531,49.997867584228516,100,0,0,346.3722839355469,0,7.924896240234375,20.27296257019043,20.32779312133789,0,1.034000039100647,0.9067617654800415,50,2.799999952316284,2.2928686141967773,0,0,0,0,1.7401124916483948,0,0,0,0.0018064172472804785,-0.001806737040169537,0,-3.197812645794329e-07,100.3110580444336,100.31102752685547,790.3629760742188,790.3629760742188,790.3629760742188,549.7368774414062,0,0,23.796939849853516,0.0010999999940395355,0.02200000174343586,0.03299999609589577,0.04399999603629112,5655.8173828125,114276.53125,0.0429663360118866,0,3.1392715754918754e-05,510.7354431152344,0,0.0002616529818624258,2.8350639695418067e-05,0,0,23.700000762939453,0,0,1600,0,50,0,0,0,50,50,800,0.0,0.0,0.0,0.0
281,158.1940155029297,309.1107177734375,326.0993347167969,326.04449462890625,292.12213134765625,292.1769714355469,16515.818359375,33031.63671875,69.04270935058594,69.04381561279297,1802.1043701171875,3577.5859375,1793.365478515625,3577.46337890625,284.54095458984375,61.972110748291016,-2.2548617835127516e-06,0,0,2574.68017578125,1291.820556640625,0,23.79667091369629,2713.413330078125,11.369582176208496,11.836588859558105,908.3125,1810.7646484375,44.56685256958008,49.99788284301758,100,0,0,346.372314453125,0,7.924896240234375,20.27299690246582,20.32782745361328,0,1.034000039100647,0.9067617654800415,50,2.799999952316284,2.2928686141967773,0,0,0,0,1.7208313929679258,0,0,0,0.0018064172472804785,-0.001806737040169537,0,-3.197812645794329e-07,100.3110580444336,100.31102752685547,790.3629760742188,790.3629760742188,790.3629760742188,549.7368774414062,0,0,23.79667091369629,0.0010999999940395355,0.02200000174343586,0.03299999609589577,0.04399999603629112,5655.8173828125,114276.53125,0.0429663360118866,0,3.1392715754918754e-05,512.5562744140625,0,0.0002616529818624258,2.8350639695418067e-05,0,0,23.700000762939453,0,0,1600,0,50,0,0,0,50,50,800,0.0,0.0,0.0,0.0
282,158.194091796875,309.1107177734375,326.0993347167969,326.04449462890625,292.12213134765625,292.1769714355469,16515.818359375,33031.63671875,69.04270935058594,69.04381561279297,1802.09375,3577.585205078125,1793.3648681640625,3577.464111328125,284.5409851074219,61.97217559814453,-3.013464720424963e-06,0,0,2574.68017578125,1291.820556640625,0,23.796403884887695,2713.413330078125,11.370026588439941,11.836591720581055,908.3119506835938,1810.7646484375,44.57206344604492,49.997928619384766,100,0,0,346.3723449707031,0,7.924896240234375,20.27303123474121,20.327861785888672,0,1.034000039100647,0.9067617654800415,50,2.799999952316284,2.2928686141967773,0,0,0,0,1.7015504200282856,0,0,0,0.0018064172472804785,-0.001806737040169537,0,-3.197812645794329e-07,100.3110580444336,100.31102752685547,790.3629760742188,790.3629760742188,790.3629760742188,549.7368774414062,0,0,23.796403884887695,0.0010999999940395355,0.02200000174343586,0.03299999609589577,0.04399999603629112,5655.8173828125,114276.53125,0.0429663360118866,0,3.1392715754918754e-05,514.3770751953125,0,0.0002616529818624258,2.8350639695418067e-05,0,0,23.700000762939453,0,0,1600,0,50,0,0,0,50,50,800,0.0,0.0,0.0,0.0
283,158.19415283203125,309.1107177734375,326.0993347167969,326.04449462890625,292.12213134765625,292.1769714355469,16515.818359375,33031.63671875,69.04270935058594,69.04380798339844,1802.0814208984375,3577.58447265625,1793.366943359375,3577.462158203125,284.541015625,61.97224807739258,-2.6100519789906684e-06,0,0,2574.679931640625,1291.8206787109375,0,23.796157836914062,2713.413330078125,11.370471000671387,11.836594581604004,908.3113403320312,1810.7646484375,44.5772705078125,49.99795913696289,100,0,0,346.37237548828125,0,7.924896240234375,20.2730655670166,20.32789421081543,0,1.034000039100647,0.9067617654800415,50,2.799999952316284,2.2928686141967773,0,0,0,0,1.6822693213478168,0,0,0,0.0018064172472804785,-0.001806737040169537,0,-3.197812645794329e-07,100.3110580444336,100.31102752685547,790.3629760742188,790.3629760742188,790.3629760742188,549.7368774414062,0,0,23.796157836914062,0.0010999999940395355,0.02200000174343586,0.03299999609589577,0.04399999603629112,5655.8173828125,114276.53125,0.0429663360118866,0,3.1392715754918754e-05,516.1978759765625,0,0.0002616529818624258,2.8350639695418067e-05,0,0,23.700000762939453,0,0,1600,0,50,0,0,0,50,50,800,0.0,0.0,0.0,0.0
284,158.19422912597656,309.1107177734375,326.0993347167969,326.04449462890625,292.12213134765625,292.1769714355469,16515.818359375,33031.63671875,69.04270935058594,69.04380798339844,1802.067626953125,3577.583984375,1793.3663330078125,3577.462890625,284.5410461425781,61.97232437133789,-1.6256317394436337e-06,0,0,2574.6796875,1291.8206787109375,0,23.795888900756836,2713.413330078125,11.370914459228516,11.836596488952637,908.3108520507812,1810.7645263671875,44.5825080871582,49.99797439575195,100,0,0,346.3724060058594,0,7.924896240234375,20.273099899291992,20.32792854309082,0,1.034000039100647,0.9067617654800415,50,2.799999952316284,2.2928686141967773,0,0,0,0,1.6629883484081767,0,0,0,0.0018064172472804785,-0.001806737040169537,0,-3.197812645794329e-07,100.3110580444336,100.31102752685547,790.3629760742188,790.3629760742188,790.3629760742188,549.7368774414062,0,0,23.795888900756836,0.0010999999940395355,0.02200000174343586,0.03299999609589577,0.04399999603629112,5655.8173828125,114276.53125,0.0429663360118866,0,3.1392715754918754e-05,518.0186767578125,0,0.0002616529818624258,2.8350639695418067e-05,0,0,23.700000762939453,0,0,1600,0,50,0,0,0,50,50,800,0.0,0.0,0.0,0.0
285,158.1942901611328,309.1107177734375,326.0993347167969,326.04449462890625,292.12213134765625,292.1769714355469,16515.818359375,33031.63671875,69.04270935058594,69.04380798339844,1802.0523681640625,3577.583740234375,1793.3651123046875,3577.463623046875,284.54107666015625,61.97239685058594,-1.2222192253830144e-06,0,0,2574.67919921875,1291.82080078125,0,23.79559898376465,2713.413330078125,11.371357917785645,11.836599349975586,908.31005859375,1810.7645263671875,44.58769989013672,49.99800491333008,100,0,0,346.3724670410156,0,7.924896240234375,20.27313232421875,20.32796287536621,0,1.034000039100647,0.9067617654800415,50,2.799999952316284,2.2928686141967773,0,0,0,0,1.6437072497277077,0,0,0,0.0018064172472804785,-0.001806737040169537,0,-3.197812645794329e-07,100.3110580444336,100.31102752685547,790.3629760742188,790.3629760742188,790.3629760742188,549.7368774414062,0,0,23.79559898376465,0.0010999999940395355,0.02200000174343586,0.03299999609589577,0.04399999603629112,5655.8173828125,114276.53125,0.0429663360118866,0,3.1392715754918754e-05,519.8394775390625,0,0.0002616529818624258,2.8350639695418067e-05,0,0,23.700000762939453,0,0,1600,0,50,0,0,0,50,50,800,0.0,0.0,0.0,0.0
286,158.19435119628906,309.1107177734375,326.0993347167969,326.04449462890625,292.12213134765625,292.1769714355469,16515.818359375,33031.63671875,69.04270935058594,69.04380798339844,1802.0357666015625,3577.583251953125,1793.36669921875,3577.462158203125,284.5411071777344,61.97247314453125,-2.3779882951657783e-07,0,0,2574.678955078125,1291.82080078125,0,23.795330047607422,2713.413330078125,11.37179946899414,11.836601257324219,908.3092651367188,1810.7645263671875,44.59287643432617,49.99803924560547,100,0,0,346.37249755859375,0,7.924896240234375,20.27316665649414,20.3279972076416,0,1.034000039100647,0.9067617654800415,50,2.799999952316284,2.2928686141967773,0,0,0,0,1.6244262767880675,0,0,0,0.0018064172472804785,-0.001806737040169537,0,-3.197812645794329e-07,100.3110580444336,100.31102752685547,790.3629760742188,790.3629760742188,790.3629760742188,549.7368774414062,0,0,23.795330047607422,0.0010999999940395355,0.02200000174343586,0.03299999609589577,0.04399999603629112,5655.8173828125,114276.53125,0.0429663360118866,0,3.1392715754918754e-05,521.6602783203125,0,0.0002616529818624258,2.8350639695418067e-05,0,0,23.700000762939453,0,0,1600,0,50,0,0,0,50,50,800,0.0,0.0,0.0,0.0
287,158.19442749023438,309.1107177734375,326.0993347167969,326.04449462890625,292.12213134765625,292.1769714355469,16515.818359375,33031.63671875,69.04270935058594,69.04380798339844,1802.0177001953125,3577.58251953125,1793.365966796875,3577.462890625,284.5411071777344,61.97254180908203,-4.1539399830980983e-07,0,0,2574.678955078125,1291.821044921875,0,23.795040130615234,2713.413330078125,11.372241020202637,11.836603164672852,908.3085327148438,1810.764404296875,44.598079681396484,49.99805450439453,100,0,0,346.3725280761719,0,7.924896240234375,20.27320098876953,20.328031539916992,0,1.034000039100647,0.9067617654800415,50,2.799999952316284,2.2928686141967773,0,0,0,0,1.6051453038484274,0,0,0,0.0018064172472804785,-0.001806737040169537,0,-3.197812645794329e-07,100.3110580444336,100.31102752685547,790.3629760742188,790.3629760742188,790.3629760742188,549.7368774414062,0,0,23.795040130615234,0.0010999999940395355,0.02200000174343586,0.03299999609589577,0.04399999603629112,5655.8173828125,114276.53125,0.0429663360118866,0,3.1392715754918754e-05,523.4810791015625,0,0.0002616529818624258,2.8350639695418067e-05,0,0,23.700000762939453,0,0,1600,0,50,0,0,0,50,50,800,0.0,0.0,0.0,0.0
288,158.19448852539062,309.1107177734375,326.0993347167969,326.04449462890625,292.12213134765625,292.1769714355469,16515.818359375,33031.63671875,69.04270935058594,69.04380798339844,1801.998291015625,3577.581298828125,1793.3673095703125,3577.462158203125,284.5411376953125,61.972618103027344,5.69026383345772e-07,0,0,2574.678955078125,1291.8211669921875,0,23.79343032836914,2713.413330078125,11.3726806640625,11.836606979370117,908.3075561523438,1810.7645263671875,44.60322570800781,49.998104095458984,100,0,0,346.37255859375,0,7.924896240234375,20.273235321044922,20.32806396484375,0,1.034000039100647,0.9067617654800415,50,2.799999952316284,2.2928686141967773,0,0,0,0,1.5858642051679586,0,0,0,0.0018064172472804785,-0.001806737040169537,0,-3.197812645794329e-07,100.3110580444336,100.31102752685547,790.3629760742188,790.3629760742188,790.3629760742188,549.7368774414062,0,0,23.79343032836914,0.0010999999940395355,0.02200000174343586,0.03299999609589577,0.04399999603629112,5655.8173828125,114276.53125,0.0429663360118866,0,3.1392715754918754e-05,525.3018798828125,0,0.0002616529818624258,2.8350639695418067e-05,0,0,23.700000762939453,0,0,1600,0,50,0,0,0,50,50,800,0.0,0.0,0.0,0.0
289,158.19456481933594,309.1107177734375,326.0993347167969,326.04449462890625,292.12213134765625,292.1769714355469,16515.818359375,33031.63671875,69.04271697998047,69.04380798339844,1801.9776611328125,3577.580810546875,1793.3663330078125,3577.462890625,284.5411682128906,61.972694396972656,1.5534467365796445e-06,0,0,2574.6787109375,1291.8211669921875,0,23.794504165649414,2713.413330078125,11.373120307922363,11.836609840393066,908.3065795898438,1810.7642822265625,44.60840606689453,49.99812316894531,100,0,0,346.3725891113281,0,7.924896240234375,20.27326774597168,20.32809829711914,0,1.034000039100647,0.9067617654800415,50,2.799999952316284,2.2928686141967773,0,0,0,0,1.5665832322283184,0,0,0,0.0018064172472804785,-0.001806737040169537,0,-3.197812645794329e-07,100.3110580444336,100.31102752685547,790.3629760742188,790.3629760742188,790.3629760742188,549.7368774414062,0,0,23.794504165649414,0.0010999999940395355,0.02200000174343586,0.03299999609589577,0.04399999603629112,5655.8173828125,114276.53125,0.0429663360118866,0,3.1392715754918754e-05,527.1226806640625,0,0.0002616529818624258,2.8350639695418067e-05,0,0,23.700000762939453,0,0,1600,0,50,0,0,0,50,50,800,0.0,0.0,0.0,0.0
290,158.1946258544922,309.1107177734375,326.0993347167969,326.04449462890625,292.12213134765625,292.1769714355469,16515.818359375,33031.63671875,69.04271697998047,69.04380798339844,1801.9560546875,3577.580078125,1793.36767578125,3577.461181640625,284.54119873046875,61.972774505615234,3.1188747016130947e-06,0,0,2574.678466796875,1291.8212890625,0,23.792850494384766,2713.413330078125,11.37355899810791,11.8366117477417,908.3056030273438,1810.7642822265625,44.61356735229492,49.99814224243164,100,0,0,346.37261962890625,0,7.924896240234375,20.27330207824707,20.32813262939453,0,1.034000039100647,0.9067617654800415,50,2.799999952316284,2.2928686141967773,0,0,0,0,1.5473021335478494,0,0,0,0.0018064172472804785,-0.001806737040169537,0,-3.197812645794329e-07,100.3110580444336,100.31102752685547,790.3629760742188,790.3629760742188,790.3629760742188,549.7368774414062,0,0,23.792850494384766,0.0010999999940395355,0.02200000174343586,0.03299999609589577,0.04399999603629112,5655.8173828125,114276.53125,0.0429663360118866,0,3.1392715754918754e-05,528.9434814453125,0,0.0002616529818624258,2.8350639695418067e-05,0,0,23.700000762939453,0,0,1600,0,50,0,0,0,50,50,800,0.0,0.0,0.0,0.0
291,158.1947021484375,309.1107177734375,326.0993347167969,326.04449462890625,292.12213134765625,292.1769714355469,16515.818359375,33031.63671875,69.04271697998047,69.04380798339844,1801.93212890625,3577.57958984375,1793.36865234375,3577.4599609375,284.5412292480469,61.97285079956055,4.103294941160129e-06,0,0,2574.67822265625,1291.8214111328125,0,23.792558670043945,2713.413330078125,11.373995780944824,11.836613655090332,908.304443359375,1810.7642822265625,44.61868667602539,49.99817657470703,100,0,0,346.3726501464844,0,7.924896240234375,20.27333641052246,20.328166961669922,0,1.034000039100647,0.9067617654800415,50,2.799999952316284,2.2928686141967773,0,0,0,0,1.5280211606082093,0,0,0,0.0018064172472804785,-0.001806737040169537,0,-3.197812645794329e-07,100.3110580444336,100.31102752685547,790.3629760742188,790.3629760742188,790.3629760742188,549.7368774414062,0,0,23.792558670043945,0.0010999999940395355,0.02200000174343586,0.03299999609589577,0.04399999603629112,5655.8173828125,114276.53125,0.0429663360118866,0,3.1392715754918754e-05,530.7642822265625,0,0.0002616529818624258,2.8350639695418067e-05,0,0,23.700000762939453,0,0,1600,0,50,0,0,0,50,50,800,0.0,0.0,0.0,0.0
292,158.19476318359375,309.1107177734375,326.0993347167969,326.04449462890625,292.12213134765625,292.1769714355469,16515.818359375,33031.63671875,69.042724609375,69.04380798339844,1801.907470703125,3577.579345703125,1793.3685302734375,3577.46044921875,284.541259765625,61.97292709350586,5.087715635454515e-06,0,0,2574.677978515625,1291.8216552734375,0,23.792268753051758,2713.413330078125,11.374431610107422,11.836616516113281,908.3021240234375,1810.76416015625,44.62382125854492,49.99819564819336,100,0,0,346.3726806640625,0,7.924896240234375,20.27337074279785,20.32819938659668,0,1.034000039100647,0.9067617654800415,50,2.799999952316284,2.2928686141967773,0,0,0,0,1.508740187668569,0,0,0,0.0018064172472804785,-0.001806737040169537,0,-3.197812645794329e-07,100.3110580444336,100.31102752685547,790.3629760742188,790.3629760742188,790.3629760742188,549.7368774414062,0,0,23.792268753051758,0.0010999999940395355,0.02200000174343586,0.03299999609589577,0.04399999603629112,5655.8173828125,114276.53125,0.0429663360118866,0,3.1392715754918754e-05,532.5850830078125,0,0.0002616529818624258,2.8350639695418067e-05,0,0,23.700000762939453,0,0,1600,0,50,0,0,0,50,50,800,0.0,0.0,0.0,0.0
293,158.19482421875,309.1107177734375,326.0993347167969,326.04449462890625,292.12213134765625,292.1769714355469,16515.818359375,33031.63671875,69.042724609375,69.04380798339844,1801.8817138671875,3577.578125,1793.3670654296875,3577.462158203125,284.54132080078125,61.9730110168457,-3.4015836263279198e-06,0,0,2574.677978515625,1291.8218994140625,0,23.7933406829834,2713.413330078125,11.374866485595703,11.836620330810547,908.3008422851562,1810.7640380859375,44.6289176940918,49.99824142456055,100,0,0,346.3727111816406,0,7.924896240234375,20.273405075073242,20.32823371887207,0,1.034000039100647,0.9067617654800415,50,2.799999952316284,2.2928686141967773,0,0,0,0,1.4894590889881003,0,0,0,0.0018064172472804785,-0.001806737040169537,0,-3.197812645794329e-07,100.3110580444336,100.31102752685547,790.3629760742188,790.3629760742188,790.3629760742188,549.7368774414062,0,0,23.7933406829834,0.0010999999940395355,0.02200000174343586,0.03299999609589577,0.04399999603629112,5655.8173828125,114276.53125,0.0429663360118866,0,3.1392715754918754e-05,534.4058837890625,0,0.0002616529818624258,2.8350639695418067e-05,0,0,23.700000762939453,0,0,1600,0,50,0,0,0,50,50,800,0.0,0.0,0.0,0.0
294,158.1949005126953,309.1107177734375,326.0993347167969,326.04449462890625,292.12213134765625,292.1769714355469,16515.818359375,33031.63671875,69.04273223876953,69.04380798339844,1801.85498046875,3577.576904296875,1793.3681640625,3577.4609375,284.5413513183594,61.97310256958008,-9.31321153530007e-08,0,0,2574.677490234375,1291.822021484375,0,23.79166603088379,2713.413330078125,11.375299453735352,11.83662223815918,908.2996215820312,1810.7640380859375,44.634010314941406,49.998260498046875,100,0,0,346.3727722167969,0,7.924896240234375,20.2734375,20.32826805114746,0,1.034000039100647,0.9067617654800415,50,2.799999952316284,2.2928686141967773,0,0,0,0,1.4701781160484602,0,0,0,0.0018064172472804785,-0.001806737040169537,0,-3.197812645794329e-07,100.3110580444336,100.31102752685547,790.3629760742188,790.3629760742188,790.3629760742188,549.7368774414062,0,0,23.79166603088379,0.0010999999940395355,0.02200000174343586,0.03299999609589577,0.04399999603629112,5655.8173828125,114276.53125,0.0429663360118866,0,3.1392715754918754e-05,536.2266845703125,0,0.0002616529818624258,2.8350639695418067e-05,0,0,23.700000762939453,0,0,1600,0,50,0,0,0,50,50,800,0.0,0.0,0.0,0.0
295,158.19496154785156,309.1107177734375,326.0993347167969,326.04449462890625,292.12213134765625,292.1769714355469,16515.818359375,33031.63671875,69.04273223876953,69.04380798339844,1801.8271484375,3577.576171875,1793.369140625,3577.459716796875,284.5413818359375,61.97319030761719,2.634311613292084e-06,0,0,2574.67724609375,1291.8221435546875,0,23.79132843017578,2713.413330078125,11.375730514526367,11.836624145507812,908.29833984375,1810.7640380859375,44.63908767700195,49.99828338623047,100,0,0,346.372802734375,0,7.924896240234375,20.27347183227539,20.32830238342285,0,1.034000039100647,0.9067617654800415,50,2.799999952316284,2.2928686141967773,0,0,0,0,1.4508970173679911,0,0,0,0.0018064172472804785,-0.001806737040169537,0,-3.197812645794329e-07,100.3110580444336,100.31102752685547,790.3629760742188,790.3629760742188,790.3629760742188,549.7368774414062,0,0,23.79132843017578,0.0010999999940395355,0.02200000174343586,0.03299999609589577,0.04399999603629112,5655.8173828125,114276.53125,0.0429663360118866,0,3.1392715754918754e-05,538.0474853515625,0,0.0002616529818624258,2.8350639695418067e-05,0,0,23.700000762939453,0,0,1600,0,50,0,0,0,50,50,800,0.0,0.0,0.0,0.0
296,158.19503784179688,309.1107177734375,326.0993347167969,326.04449462890625,292.12213134765625,292.1769714355469,16515.818359375,33031.63671875,69.04273986816406,69.04380798339844,1801.797607421875,3577.5751953125,1793.3701171875,3577.45849609375,284.5414123535156,61.9732780456543,-5.273980150377611e-06,0,0,2574.677001953125,1291.822265625,0,23.79099464416504,2713.413330078125,11.3761625289917,11.836627006530762,908.2969970703125,1810.763916015625,44.644161224365234,49.9983024597168,100,0,0,346.3728332519531,0,7.924896240234375,20.27350616455078,20.328336715698242,0,1.034000039100647,0.9067617654800415,50,2.799999952316284,2.2928686141967773,0,0,0,0,1.431616044428351,0,0,0,0.0018064172472804785,-0.001806737040169537,0,-3.197812645794329e-07,100.3110580444336,100.31102752685547,790.3629760742188,790.3629760742188,790.3629760742188,549.7368774414062,0,0,23.79099464416504,0.0010999999940395355,0.02200000174343586,0.03299999609589577,0.04399999603629112,5655.8173828125,114276.53125,0.0429663360118866,0,3.1392715754918754e-05,539.8682861328125,0,0.0002616529818624258,2.8350639695418067e-05,0,0,23.700000762939453,0,0,1600,0,50,0,0,0,50,50,800,0.0,0.0,0.0,0.0
297,158.19509887695312,309.1107177734375,326.0993347167969,326.04449462890625,292.12213134765625,292.1769714355469,16515.818359375,33031.63671875,69.0427474975586,69.04380798339844,1801.767333984375,3577.574462890625,1793.37109375,3577.4580078125,284.54144287109375,61.97336959838867,-1.965528326763888e-06,0,0,2574.677001953125,1291.8223876953125,0,23.790658950805664,2713.413330078125,11.37658977508545,11.836630821228027,908.2955322265625,1810.7637939453125,44.649200439453125,49.99834060668945,100,0,0,346.37286376953125,0,7.924896240234375,20.273540496826172,20.328369140625,0,1.034000039100647,0.9067617654800415,50,2.799999952316284,2.2928686141967773,0,0,0,0,1.4123350714887108,0,0,0,0.0018064172472804785,-0.001806737040169537,0,-3.197812645794329e-07,100.3110580444336,100.31102752685547,790.3629760742188,790.3629760742188,790.3629760742188,549.7368774414062,0,0,23.790658950805664,0.0010999999940395355,0.02200000174343586,0.03299999609589577,0.04399999603629112,5655.8173828125,114276.53125,0.0429663360118866,0,3.1392715754918754e-05,541.6890869140625,0,0.0002616529818624258,2.8350639695418067e-05,0,0,23.700000762939453,0,0,1600,0,50,0,0,0,50,50,800,0.0,0.0,0.0,0.0
298,158.19515991210938,309.1107177734375,326.0992736816406,326.04449462890625,292.1221618652344,292.1769714355469,16515.818359375,33031.63671875,69.0427474975586,69.04380798339844,1801.736083984375,3577.57373046875,1793.3748779296875,3577.4541015625,284.5414733886719,61.97346496582031,1.923930994962575e-06,0,0,2574.6767578125,1291.822509765625,0,23.78896141052246,2713.413330078125,11.3770170211792,11.83663272857666,908.2941284179688,1810.7635498046875,44.65421676635742,49.99835968017578,100,0,0,346.3728942871094,0,7.924896240234375,20.27360725402832,20.32840347290039,0,1.034000039100647,0.9067617654800415,50,2.799999952316284,2.2928686141967773,0,0,0,0,1.393053972808242,0,0,0,0.0018064172472804785,-0.001806737040169537,0,-3.197812645794329e-07,100.3110580444336,100.31102752685547,790.3629760742188,790.3629760742188,790.3629760742188,549.7368774414062,0,0,23.78896141052246,0.0010999999940395355,0.02200000174343586,0.03299999609589577,0.04399999603629112,5655.8173828125,114276.53125,0.0429663360118866,0,3.1392715754918754e-05,543.5098876953125,0,0.0002616529818624258,2.8350639695418067e-05,0,0,23.700000762939453,0,0,1600,0,50,0,0,0,50,50,800,0.0,0.0,0.0,0.0
299,158.1952362060547,309.1107177734375,326.0992431640625,326.04449462890625,292.1221923828125,292.1769714355469,16515.818359375,33031.63671875,69.04275512695312,69.04380798339844,1801.7030029296875,3577.57275390625,1793.375732421875,3577.453369140625,284.5415344238281,61.97356414794922,-4.241337137500523e-06,0,0,2574.6767578125,1291.82275390625,0,23.78723907470703,2713.413330078125,11.377442359924316,11.836634635925293,908.2926025390625,1810.763427734375,44.65922546386719,49.998382568359375,100,0,0,346.3729248046875,0,7.924896240234375,20.2736759185791,20.32843780517578,0,1.034000039100647,0.9067617654800415,50,2.799999952316284,2.2928686141967773,0,0,0,0,1.373772999868602,0,0,0,0.0018064172472804785,-0.001806737040169537,0,-3.197812645794329e-07,100.3110580444336,100.31102752685547,790.3629760742188,790.3629760742188,790.3629760742188,549.7368774414062,0,0,23.78723907470703,0.0010999999940395355,0.02200000174343586,0.03299999609589577,0.04399999603629112,5655.8173828125,114276.53125,0.0429663360118866,0,3.1392715754918754e-05,545.3306884765625,0,0.0002616529818624258,2.8350639695418067e-05,0,0,23.700000762939453,0,0,1600,0,50,0,0,0,50,50,800,0.0,0.0,0.0,0.0
