TIME,P,TAVG,THA,THB,TCA,TCB,WRCA,WRCB,PSGA,PSGB,WFWA,WFWB,WSTA,WSTB,VOL,LVPZ,VOID,WLR,WUP,HUP,HLW,WHPI,WECS,QMWT,LSGA,LSGB,QMGA,QMGB,NSGA,NSGB,TBLD,WTRA,WTRB,TSAT,QRHR,LVCR,SCMA,SCMB,FRCL,PRB,PRBA,TRB,LWRB,DNBR,QFCL,WBK,WSPY,WCSP,HTR,MH2,CNH2,RHBR,RHMT,RHFL,RHRD,RH,PWNT,PWR,TFSB,TFPK,TF,TPCT,WCFT,WLPI,WCHG,RM1,RM2,RM3,RM4,RC87,RC131,STRB,STSG,STTB,RBLK,SGLK,DTHY,DWB,WRLA,WRLB,WLD,MBK,EBK,TKLV,FRZR,TDBR,MDBR,MCRT,MGAS,TCRT,TSLP,PPM,Pad_Col_0,Pad_Col_1,Pad_Col_2,Pad_Col_3
0,158.1999969482422,309.1399841308594,326.1538391113281,326.11614990234375,292.1261291503906,292.1638488769531,16515.818359375,33031.63671875,69.00464630126953,69.0042495727539,1790.2763671875,3580.552734375,1792.9256591796875,3577.9033203125,284.552001953125,62.0,1.8346643173572375e-06,0,0,2574.662353515625,1291.7806396484375,0,23.700000762939453,2705.0,11.830000877380371,11.830000877380371,910.2337036132812,1816.4324951171875,50.0,50.0,100,0,0,346.3753967285156,0,7.924896240234375,20.2215576171875,20.25926399230957,0,1.034000039100647,0.9067617654800415,50,2.799999952316284,2.3000001907348633,0,0,0,0,0.0,0,0,0,0.0,0.0,0,0.0,100.0,100.0,788.9000244140625,788.9000244140625,788.9000244140625,549.02001953125,0,0,23.700000762939453,0.0010999999940395355,0.02200000174343586,0.03299999609589577,0.04399999603629112,5655.8173828125,114276.53125,0.0429663360118866,0,3.1392715754918754e-05,0.9104048013687134,0,0.0002616529818624258,2.8350639695418067e-05,0,0,23.700000762939453,0,0,1600,0,50,0,0,0,50,50,800,0.0,0.0,0.0,0.0
1,158.19033813476562,309.12530517578125,326.1518249511719,326.12664794921875,292.1242370605469,292.1493835449219,16515.818359375,33031.63671875,69.01506805419922,68.99526977539062,1790.602783203125,3727.820068359375,1789.6767578125,3581.15234375,284.549560546875,61.99385070800781,1.1948225164815085e-06,0,0,2574.67333984375,1291.741943359375,0,23.700000762939453,2705.042236328125,11.830011367797852,11.833736419677734,909.8095703125,1830.6510009765625,50.035274505615234,50.02590560913086,100,0,0,346.37347412109375,0,7.924896240234375,20.221660614013672,20.2468204498291,0,1.034000039100647,0.9067617654800415,50,2.799999952316284,2.299964189529419,0,0,0,0,1.0797373766589098,0,0,0,0.0009064910700544715,0.0,0,0.0009064910700544715,100.05531311035156,100.0015640258789,788.9423217773438,788.9000244140625,788.9000244140625,549.0162353515625,0,0,23.700000762939453,0.0010999999940395355,0.02200000174343586,0.03299999609589577,0.04399999603629112,5655.8173828125,114276.53125,0.0429663360118866,0,3.1392715754918754e-05,2.7312145233154297,0,0.0002616529818624258,2.8350639695418067e-05,0,0,23.700000762939453,0,0,1600,0,50,0,0,0,50,50,800,0.0,0.0,0.0,0.0
2,158.16929626464844,309.101806640625,326.1443176269531,326.1336975097656,292.12078857421875,292.13134765625,16515.818359375,33031.63671875,69.017822265625,68.99678802490234,1791.3603515625,3764.827392578125,1792.9423828125,3577.886962890625,284.5389404296875,61.967041015625,1.9944695850426797e-06,0,0,2574.722412109375,1291.716064453125,0,25.92641258239746,2705.915771484375,11.830011367797852,11.838542938232422,908.808837890625,1825.3536376953125,50.04316329956055,50.06880187988281,100,0,0,346.3650817871094,0,7.924896240234375,20.22077751159668,20.23139190673828,0,1.034000039100647,0.9067617654800415,50,2.799999952316284,2.2992217540740967,0,0,0,0,5.769846272521973,0,0,0,0.002356697339564562,-0.00016549750580452383,0,0.0021911999210715294,100.27687072753906,100.03385925292969,789.225341796875,789.0340576171875,789.0340576171875,549.0728149414062,0,0,25.92641258239746,0.0010999999940395355,0.02200000174343586,0.03299999609589577,0.04399999603629112,5655.8173828125,114276.53125,0.0429663360118866,0,3.1392715754918754e-05,4.552023887634277,0,0.0002616529818624258,2.8350639695418067e-05,0,0,23.700000762939453,0,0,1600,0,50,0,0,0,50,50,800,0.0,0.0,0.0,0.0
3,158.14683532714844,309.0823669433594,326.1332702636719,326.13507080078125,292.1158447265625,292.11407470703125,16515.818359375,33031.63671875,69.01837921142578,68.99595642089844,1791.5728759765625,3775.1640625,1793.7034912109375,3577.125732421875,284.524658203125,61.931026458740234,4.739393261843361e-06,0,0,2574.7880859375,1291.6971435546875,0,27.7830810546875,2708.52001953125,11.829922676086426,11.84360122680664,907.9599609375,1822.849365234375,50.01642608642578,50.112152099609375,100,0,0,346.3538513183594,0,7.924896240234375,20.2205753326416,20.218778610229492,0,1.034000039100647,0.9067617654800415,50,2.799999952316284,2.297011137008667,0,0,0,0,12.05063989970477,0,0,0,0.0035552296321839094,-0.000710818509105593,0,0.0028444111812859774,100.52275848388672,100.130126953125,789.7847290039062,789.4755859375,789.4755859375,549.2833862304688,0,0,27.7830810546875,0.0010999999940395355,0.02200000174343586,0.03299999609589577,0.04399999603629112,5655.8173828125,114276.53125,0.0429663360118866,0,3.1392715754918754e-05,6.372833251953125,0,0.0002616529818624258,2.8350639695418067e-05,0,0,23.700000762939453,0,0,1600,0,50,0,0,0,50,50,800,0.0,0.0,0.0,0.0
4,158.1279754638672,309.0676574707031,326.1203308105469,326.13262939453125,292.110107421875,292.097900390625,16515.818359375,33031.63671875,69.01673126220703,68.99285888671875,1792.0606689453125,3778.56103515625,1794.1917724609375,3576.636962890625,284.5108337402344,61.896060943603516,-2.910307557613123e-06,0,0,2574.8515625,1291.676513671875,0,28.132192611694336,2712.27001953125,11.829794883728027,11.848688125610352,907.3788452148438,1821.5205078125,49.987335205078125,50.143951416015625,100,0,0,346.3429870605469,0,7.924896240234375,20.22264289855957,20.210369110107422,0,1.034000039100647,0.9067617654800415,50,2.799999952316284,2.293835163116455,0,0,0,0,18.119341944365722,0,0,0,0.0044626835733652115,-0.001511337235569954,0,0.0029513463377952576,100.7240982055664,100.26876068115234,790.482177734375,790.123779296875,790.123779296875,549.5990600585938,0,0,28.132192611694336,0.0010999999940395355,0.02200000174343586,0.03299999609589577,0.04399999603629112,5655.8173828125,114276.53125,0.0429663360118866,0,3.1392715754918754e-05,8.193642616271973,0,0.0002616529818624258,2.8350639695418067e-05,0,0,23.700000762939453,0,0,1600,0,50,0,0,0,50,50,800,0.0,0.0,0.0,0.0
5,158.1147003173828,309.0578308105469,326.1072692871094,326.1282043457031,292.10400390625,292.08306884765625,16515.818359375,33031.63671875,69.01335144042969,68.98871612548828,1792.6912841796875,3780.117919921875,1794.4443359375,3576.384765625,284.5002136230469,61.8692512512207,-2.1106602616782766e-06,0,0,2574.89990234375,1291.654541015625,0,27.412513732910156,2716.4091796875,11.829641342163086,11.853792190551758,907.0675048828125,1820.833740234375,49.957401275634766,50.171775817871094,100,0,0,346.3347473144531,0,7.924896240234375,20.22749137878418,20.2065372467041,0,1.034000039100647,0.9067617654800415,50,2.799999952316284,2.290339946746826,0,0,0,0,22.732328331619343,0,0,0,0.005068885628134012,-0.0024028965272009373,0,0.0026659895665943623,100.869384765625,100.42178344726562,791.1980590820312,790.845703125,790.845703125,549.9539184570312,0,0,27.412513732910156,0.0010999999940395355,0.02200000174343586,0.03299999609589577,0.04399999603629112,5655.8173828125,114276.53125,0.0429663360118866,0,3.1392715754918754e-05,10.014452934265137,0,0.0002616529818624258,2.8350639695418067e-05,0,0,23.700000762939453,0,0,1600,0,50,0,0,0,50,50,800,0.0,0.0,0.0,0.0
6,158.10702514648438,309.05267333984375,326.0952453613281,326.1233825683594,292.09796142578125,292.0698547363281,16515.818359375,33031.63671875,69.0091552734375,68.98411560058594,1793.3109130859375,3781.06298828125,1794.57861328125,3576.250732421875,284.4932556152344,61.85165786743164,-1.5132658290895051e-06,0,0,2574.93115234375,1291.635498046875,0,26.46182632446289,2720.326416015625,11.82949161529541,11.858914375305176,906.9750366210938,1820.61865234375,49.92829895019531,50.20176315307617,100,0,0,346.3293762207031,0,7.924896240234375,20.23413848876953,20.20599365234375,0,1.034000039100647,0.9067617654800415,50,2.799999952316284,2.2870419025421143,0,0,0,0,25.7160656525982,0,0,0,0.0053865681402385235,-0.0032518247608095407,0,0.002134743146598339,100.95574951171875,100.56659698486328,791.8394165039062,791.5330810546875,791.5330810546875,550.2938842773438,0,0,26.46182632446289,0.0010999999940395355,0.02200000174343586,0.03299999609589577,0.04399999603629112,5655.8173828125,114276.53125,0.0429663360118866,0,3.1392715754918754e-05,11.8352632522583,0,0.0002616529818624258,2.8350639695418067e-05,0,0,23.700000762939453,0,0,1600,0,50,0,0,0,50,50,800,0.0,0.0,0.0,0.0
7,158.1042022705078,309.05157470703125,326.0852355957031,326.11932373046875,292.09234619140625,292.05828857421875,16515.818359375,33031.63671875,69.00482940673828,68.97959899902344,1793.83642578125,3781.641845703125,1794.6510009765625,3576.177734375,284.4896545410156,61.842613220214844,3.5628665955300676e-06,0,0,2574.9462890625,1291.6212158203125,0,25.516124725341797,2723.601318359375,11.82935905456543,11.864055633544922,907.0494995117188,1820.745849609375,49.90351867675781,50.23699951171875,100,0,0,346.3267822265625,0,7.924896240234375,20.24152946472168,20.20745277404785,0,1.034000039100647,0.9067617654800415,50,2.799999952316284,2.284291982650757,0,0,0,0,27.181423116754058,0,0,0,0.0054534440860152245,-0.003965239506214857,0,0.00148820411413908,100.98397064208984,100.68766021728516,792.343994140625,792.1107788085938,792.1107788085938,550.5811767578125,0,0,25.516124725341797,0.0010999999940395355,0.02200000174343586,0.03299999609589577,0.04399999603629112,5655.8173828125,114276.53125,0.0429663360118866,0,3.1392715754918754e-05,13.656073570251465,0,0.0002616529818624258,2.8350639695418067e-05,0,0,23.700000762939453,0,0,1600,0,50,0,0,0,50,50,800,0.0,0.0,0.0,0.0
8,158.10494995117188,309.0530090332031,326.0776062011719,326.1165771484375,292.0873718261719,292.0484619140625,16515.818359375,33031.63671875,69.00088500976562,68.97560119628906,1794.23828125,3781.906494140625,1794.6956787109375,3576.133056640625,284.4888610839844,61.84058380126953,2.903049107771949e-06,0,0,2574.948974609375,1291.608154296875,0,24.693782806396484,2726.033935546875,11.829253196716309,11.86921501159668,907.244873046875,1821.1064453125,49.8848876953125,50.27885818481445,100,0,0,346.3263244628906,0,7.924896240234375,20.24871826171875,20.209758758544922,0,1.034000039100647,0.9067617654800415,50,2.799999952316284,2.2822535037994385,0,0,0,0,27.432077902563467,0,0,0,0.005365669261664152,-0.004498668015003204,0,0.0008670013048686087,100.98928833007812,100.77759552001953,792.7092895507812,792.5426635742188,792.5426635742188,550.79736328125,0,0,24.693782806396484,0.0010999999940395355,0.02200000174343586,0.03299999609589577,0.04399999603629112,5655.8173828125,114276.53125,0.0429663360118866,0,3.1392715754918754e-05,15.476883888244629,0,0.0002616529818624258,2.8350639695418067e-05,0,0,23.700000762939453,0,0,1600,0,50,0,0,0,50,50,800,0.0,0.0,0.0,0.0
9,158.10797119140625,309.0562438964844,326.0723571777344,326.11529541015625,292.083251953125,292.0403137207031,16515.818359375,33031.63671875,68.99757385253906,68.97230529785156,1794.5316162109375,3781.914794921875,1794.7203369140625,3576.1083984375,284.49005126953125,61.84355163574219,-2.4095124899758957e-06,0,0,2574.942626953125,1291.6004638671875,0,24.075576782226562,2727.728271484375,11.829171180725098,11.874390602111816,907.486572265625,1821.5604248046875,49.87177658081055,50.326499938964844,100,0,0,346.3273620605469,0,7.924896240234375,20.25499153137207,20.212064743041992,0,1.034000039100647,0.9067617654800415,50,2.799999952316284,2.2808358669281006,0,0,0,0,26.848825547665086,0,0,0,0.005167120136320591,-0.004872795660048723,0,0.0002943243598565459,100.9765396118164,100.8402328491211,792.952880859375,792.8456420898438,792.8456420898438,550.9500122070312,0,0,24.075576782226562,0.0010999999940395355,0.02200000174343586,0.03299999609589577,0.04399999603629112,5655.8173828125,114276.53125,0.0429663360118866,0,3.1392715754918754e-05,17.297693252563477,0,0.0002616529818624258,2.8350639695418067e-05,0,0,23.700000762939453,0,0,1600,0,50,0,0,0,50,50,800,0.0,0.0,0.0,0.0
10,158.11236572265625,309.0604248046875,326.0693359375,326.1155090332031,292.079833984375,292.0337219238281,16515.818359375,33031.63671875,68.99504089355469,68.96981811523438,1794.71630859375,3781.671630859375,1794.7354736328125,3576.09326171875,284.4925231933594,61.849830627441406,-3.28687656292459e-06,0,0,2574.931396484375,1291.595947265625,0,23.640409469604492,2728.71923828125,11.829115867614746,11.879579544067383,907.7490844726562,1822.0521240234375,49.8640251159668,50.37962341308594,100,0,0,346.3293151855469,0,7.924896240234375,20.259977340698242,20.21382713317871,0,1.034000039100647,0.9067617654800415,50,2.799999952316284,2.2800073623657227,0,0,0,0,25.759449256296715,0,0,0,0.004907941445708275,-0.005094575695693493,0,-0.00018663451191969216,100.92162322998047,100.87686920166016,793.0603637695312,793.0252075195312,793.0252075195312,551.041748046875,0,0,23.640409469604492,0.0010999999940395355,0.02200000174343586,0.03299999609589577,0.04399999603629112,5655.8173828125,114276.53125,0.0429663360118866,0,3.1392715754918754e-05,19.118501663208008,0,0.0002616529818624258,2.8350639695418067e-05,0,0,23.700000762939453,0,0,1600,0,50,0,0,0,50,50,800,0.0,0.0,0.0,0.0
11,158.11729431152344,309.0648498535156,326.0681457519531,326.11688232421875,292.0773010253906,292.028564453125,16515.818359375,33031.63671875,68.9932861328125,68.96815490722656,1794.7890625,3781.172607421875,1794.7440185546875,3576.08447265625,284.4957580566406,61.857933044433594,-2.971637513837777e-06,0,0,2574.917236328125,1291.5941162109375,0,23.367340087890625,2728.952880859375,11.829080581665039,11.884773254394531,907.9989013671875,1822.515869140625,49.86201477050781,50.438541412353516,100,0,0,346.3317565917969,0,7.924896240234375,20.26360511779785,20.21487808227539,0,1.034000039100647,0.9067617654800415,50,2.799999952316284,2.2798123359680176,0,0,0,0,24.390495776653257,0,0,0,0.004636195953935385,-0.005151194054633379,0,-0.0005149979260750115,100.8626480102539,100.88550567626953,793.0530395507812,793.071044921875,793.071044921875,551.0668334960938,0,0,23.367340087890625,0.0010999999940395355,0.02200000174343586,0.03299999609589577,0.04399999603629112,5655.8173828125,114276.53125,0.0429663360118866,0,3.1392715754918754e-05,20.93931007385254,0,0.0002616529818624258,2.8350639695418067e-05,0,0,23.700000762939453,0,0,1600,0,50,0,0,0,50,50,800,0.0,0.0,0.0,0.0
12,158.12208557128906,309.06878662109375,326.0683288574219,326.1191101074219,292.0754699707031,292.024658203125,16515.818359375,33031.63671875,68.99224853515625,68.96722412109375,1794.774169921875,3780.467041015625,1794.749267578125,3576.079833984375,284.4990539550781,61.86636734008789,5.348337253963109e-06,0,0,2574.902099609375,1291.5938720703125,0,23.266063690185547,2728.604736328125,11.829059600830078,11.88996696472168,908.2083740234375,1822.895751953125,49.86441421508789,50.501888275146484,100,0,0,346.3343200683594,0,7.924896240234375,20.26597785949707,20.21518325805664,0,1.034000039100647,0.9067617654800415,50,2.799999952316284,2.2801032066345215,0,0,0,0,22.978160705164548,0,0,0,0.004393693525344133,-0.005080170463770628,0,-0.0006864769966341555,100.80824279785156,100.87263488769531,792.962890625,793.0135498046875,793.0135498046875,551.0402221679688,0,0,23.266063690185547,0.0010999999940395355,0.02200000174343586,0.03299999609589577,0.04399999603629112,5655.8173828125,114276.53125,0.0429663360118866,0,3.1392715754918754e-05,22.76011848449707,0,0.0002616529818624258,2.8350639695418067e-05,0,0,23.700000762939453,0,0,1600,0,50,0,0,0,50,50,800,0.0,0.0,0.0,0.0
13,158.12615966796875,309.07177734375,326.0693664550781,326.1217956542969,292.07415771484375,292.0216979980469,16515.818359375,33031.63671875,68.99176025390625,68.96685791015625,1794.72119140625,3779.653564453125,1794.7542724609375,3576.074462890625,284.5021057128906,61.874000549316406,-1.985968992812559e-06,0,0,2574.888916015625,1291.59375,0,23.28897476196289,2727.9580078125,11.829048156738281,11.895153045654297,908.365234375,1823.16650390625,49.86911392211914,50.567420959472656,100,0,0,346.3365783691406,0,7.924896240234375,20.26719856262207,20.21477699279785,0,1.034000039100647,0.9067617654800415,50,2.799999952316284,2.2806437015533447,0,0,0,0,21.695972421064855,0,0,0,0.004209712613373995,-0.004942814353853464,0,-0.0007331014494411647,100.76239013671875,100.84872436523438,792.8343505859375,792.9022827148438,792.9022827148438,550.986328125,0,0,23.28897476196289,0.0010999999940395355,0.02200000174343586,0.03299999609589577,0.04399999603629112,5655.8173828125,114276.53125,0.0429663360118866,0,3.1392715754918754e-05,24.5809268951416,0,0.0002616529818624258,2.8350639695418067e-05,0,0,23.700000762939453,0,0,1600,0,50,0,0,0,50,50,800,0.0,0.0,0.0,0.0
14,158.12921142578125,309.07373046875,326.07086181640625,326.12457275390625,292.0732116699219,292.01947021484375,16515.818359375,33031.63671875,68.99166107177734,68.96690368652344,1794.6444091796875,3778.765869140625,1794.7515869140625,3576.077392578125,284.5044860839844,61.880035400390625,2.4951098112069303e-06,0,0,2574.878173828125,1291.593994140625,0,23.429410934448242,2727.152099609375,11.829041481018066,11.900325775146484,908.4647827148438,1823.3209228515625,49.8750114440918,50.6340446472168,100,0,0,346.3384094238281,0,7.924896240234375,20.26753807067871,20.21382713317871,0,1.034000039100647,0.9067617654800415,50,2.799999952316284,2.281317710876465,0,0,0,0,20.669257311332263,0,0,0,0.004088446032255888,-0.004769359715282917,0,-0.00068091374123469,100.72465515136719,100.81893157958984,792.6876831054688,792.7618408203125,792.7618408203125,550.9173583984375,0,0,23.429410934448242,0.0010999999940395355,0.02200000174343586,0.03299999609589577,0.04399999603629112,5655.8173828125,114276.53125,0.0429663360118866,0,3.1392715754918754e-05,26.401735305786133,0,0.0002616529818624258,2.8350639695418067e-05,0,0,23.700000762939453,0,0,1600,0,50,0,0,0,50,50,800,0.0,0.0,0.0,0.0
15,158.13124084472656,309.0746154785156,326.0724182128906,326.1271667480469,292.0724792480469,292.0177307128906,16515.818359375,33031.63671875,68.99176788330078,68.96714782714844,1794.56982421875,3777.853515625,1794.7537841796875,3576.074951171875,284.506103515625,61.88414001464844,1.5110290974007512e-07,0,0,2574.870849609375,1291.5938720703125,0,23.624942779541016,2726.3388671875,11.829035758972168,11.90548324584961,908.5126953125,1823.3740234375,49.880943298339844,50.70057678222656,100,0,0,346.3397216796875,0,7.924896240234375,20.267301559448242,20.21257209777832,0,1.034000039100647,0.9067617654800415,50,2.799999952316284,2.2819983959198,0,0,0,0,19.94139897966528,0,0,0,0.004034083336591721,-0.004592974204570055,0,-0.0005588910426013172,100.70800018310547,100.78886413574219,792.5553588867188,792.6190185546875,792.6190185546875,550.8466796875,0,0,23.624942779541016,0.0010999999940395355,0.02200000174343586,0.03299999609589577,0.04399999603629112,5655.8173828125,114276.53125,0.0429663360118866,0,3.1392715754918754e-05,28.222543716430664,0,0.0002616529818624258,2.8350639695418067e-05,0,0,23.700000762939453,0,0,1600,0,50,0,0,0,50,50,800,0.0,0.0,0.0,0.0
16,158.13226318359375,309.0746154785156,326.07379150390625,326.1292724609375,292.0718688964844,292.016357421875,16515.818359375,33031.63671875,68.99193572998047,68.96746063232422,1794.5123291015625,3776.95068359375,1794.75537109375,3576.0732421875,284.5069885253906,61.88634490966797,-4.369927410152741e-06,0,0,2574.8662109375,1291.5931396484375,0,23.829059600830078,2725.647216796875,11.829028129577637,11.910615921020508,908.5184936523438,1823.3380126953125,49.8859977722168,50.76591873168945,100,0,0,346.34051513671875,0,7.924896240234375,20.2667236328125,20.21125030517578,0,1.034000039100647,0.9067617654800415,50,2.799999952316284,2.2825772762298584,0,0,0,0,19.51239742606391,0,0,0,0.004034083336591721,-0.00444196630269289,0,-0.0004078831698279828,100.69576263427734,100.76329803466797,792.443603515625,792.4967651367188,792.4967651367188,550.7857666015625,0,0,23.829059600830078,0.0010999999940395355,0.02200000174343586,0.03299999609589577,0.04399999603629112,5655.8173828125,114276.53125,0.0429663360118866,0,3.1392715754918754e-05,30.043352127075195,0,0.0002616529818624258,2.8350639695418067e-05,0,0,23.700000762939453,0,0,1600,0,50,0,0,0,50,50,800,0.0,0.0,0.0,0.0
17,158.1324920654297,309.07421875,326.0748596191406,326.1308898925781,292.0713806152344,292.01531982421875,16515.818359375,33031.63671875,68.9920883178711,68.96776580810547,1794.4730224609375,3776.059326171875,1794.7564697265625,3576.072509765625,284.5072326660156,61.88691329956055,-2.885650019379682e-06,0,0,2574.8642578125,1291.592041015625,0,24.019853591918945,2725.081787109375,11.829017639160156,11.915727615356445,908.5072631835938,1823.264404296875,49.890052795410156,50.83007049560547,100,0,0,346.3408203125,0,7.924896240234375,20.26594352722168,20.209928512573242,0,1.034000039100647,0.9067617654800415,50,2.799999952316284,2.283051013946533,0,0,0,0,19.33404663456543,0,0,0,0.004059174098074436,-0.004318010527640581,0,-0.0002588366623967886,100.68985748291016,100.74239349365234,792.3550415039062,792.3964233398438,792.3964233398438,550.7354736328125,0,0,24.019853591918945,0.0010999999940395355,0.02200000174343586,0.03299999609589577,0.04399999603629112,5655.8173828125,114276.53125,0.0429663360118866,0,3.1392715754918754e-05,31.864160537719727,0,0.0002616529818624258,2.8350639695418067e-05,0,0,23.700000762939453,0,0,1600,0,50,0,0,0,50,50,800,0.0,0.0,0.0,0.0
18,158.13209533691406,309.07305908203125,326.0755310058594,326.13189697265625,292.0708312988281,292.014404296875,16515.818359375,33031.63671875,68.99213409423828,68.96796417236328,1794.454833984375,3775.18408203125,1794.754638671875,3576.07421875,284.5069580078125,61.886226654052734,-1.1096980188085581e-06,0,0,2574.864501953125,1291.5897216796875,0,24.17180061340332,2724.656982421875,11.829005241394043,11.920817375183105,908.46533203125,1823.133056640625,49.8930549621582,50.89289093017578,100,0,0,346.34075927734375,0,7.924896240234375,20.26523208618164,20.208843231201172,0,1.034000039100647,0.9067617654800415,50,2.799999952316284,2.2834067344665527,0,0,0,0,19.36778943744205,0,0,0,0.004130262415856123,-0.0042237876914441586,0,-9.352504275739193e-05,100.69105529785156,100.72669219970703,792.2920532226562,792.3201293945312,792.3201293945312,550.6968994140625,0,0,24.17180061340332,0.0010999999940395355,0.02200000174343586,0.03299999609589577,0.04399999603629112,5655.8173828125,114276.53125,0.0429663360118866,0,3.1392715754918754e-05,33.68497085571289,0,0.0002616529818624258,2.8350639695418067e-05,0,0,23.700000762939453,0,0,1600,0,50,0,0,0,50,50,800,0.0,0.0,0.0,0.0
19,158.13131713867188,309.07171630859375,326.0757141113281,326.13232421875,292.07025146484375,292.0135803222656,16515.818359375,33031.63671875,68.99205780029297,68.96803283691406,1794.459716796875,3774.332275390625,1794.7596435546875,3576.0693359375,284.50634765625,61.88471984863281,3.378403789611184e-06,0,0,2574.866455078125,1291.5875244140625,0,24.28208351135254,2724.38720703125,11.828989028930664,11.925880432128906,908.4180908203125,1822.987548828125,49.89485168457031,50.95425033569336,100,0,0,346.3404541015625,0,7.924896240234375,20.26472282409668,20.2081298828125,0,1.034000039100647,0.9067617654800415,50,2.799999952316284,2.28363299369812,0,0,0,0,19.54613821708727,0,0,0,0.004211803432554007,-0.004163149744272232,0,4.865336450166069e-05,100.6988525390625,100.71672058105469,792.2569580078125,792.27099609375,792.27099609375,550.6716918945312,0,0,24.28208351135254,0.0010999999940395355,0.02200000174343586,0.03299999609589577,0.04399999603629112,5655.8173828125,114276.53125,0.0429663360118866,0,3.1392715754918754e-05,35.50577926635742,0,0.0002616529818624258,2.8350639695418067e-05,0,0,23.700000762939453,0,0,1600,0,50,0,0,0,50,50,800,0.0,0.0,0.0,0.0
20,158.13040161132812,309.0703125,326.0755920410156,326.1322937011719,292.069580078125,292.0128173828125,16515.818359375,33031.63671875,68.9917984008789,68.96796417236328,1794.4869384765625,3773.502685546875,1794.7564697265625,3576.072509765625,284.50555419921875,61.882774353027344,4.8650222197466064e-06,0,0,2574.869140625,1291.583984375,0,24.34773063659668,2724.274169921875,11.828971862792969,11.930922508239746,908.3746948242188,1822.84033203125,49.8955192565918,51.014129638671875,100,0,0,346.3399963378906,0,7.924896240234375,20.26441764831543,20.20772361755371,0,1.034000039100647,0.9067617654800415,50,2.799999952316284,2.2837276458740234,0,0,0,0,19.796790991043423,0,0,0,0.004299614112824202,-0.004136683885008097,0,0.00016293014050461352,100.71106719970703,100.71253967285156,792.2484130859375,792.2495727539062,792.2495727539062,550.6602783203125,0,0,24.34773063659668,0.0010999999940395355,0.02200000174343586,0.03299999609589577,0.04399999603629112,5655.8173828125,114276.53125,0.0429663360118866,0,3.1392715754918754e-05,37.32658767700195,0,0.0002616529818624258,2.8350639695418067e-05,0,0,23.700000762939453,0,0,1600,0,50,0,0,0,50,50,800,0.0,0.0,0.0,0.0
21,158.12948608398438,309.0689697265625,326.0752258300781,326.13189697265625,292.0688171386719,292.0120544433594,16515.818359375,33031.63671875,68.99140167236328,68.96773529052734,1794.5340576171875,3772.691650390625,1794.7540283203125,3576.074951171875,284.5047607421875,61.8807373046875,3.043188826268306e-06,0,0,2574.871826171875,1291.5806884765625,0,24.372743606567383,2724.3017578125,11.82895278930664,11.93593978881836,908.3357543945312,1822.709716796875,49.895057678222656,51.07268524169922,100,0,0,346.3395080566406,0,7.924896240234375,20.2642822265625,20.20758819580078,0,1.034000039100647,0.9067617654800415,50,2.799999952316284,2.2837047576904297,0,0,0,0,20.066725366643357,0,0,0,0.004381150007247925,-0.004140955395996571,0,0.00024019461125135422,100.7258529663086,100.71355438232422,792.2627563476562,792.2530517578125,792.2530517578125,550.6613159179688,0,0,24.372743606567383,0.0010999999940395355,0.02200000174343586,0.03299999609589577,0.04399999603629112,5655.8173828125,114276.53125,0.0429663360118866,0,3.1392715754918754e-05,39.147396087646484,0,0.0002616529818624258,2.8350639695418067e-05,0,0,23.700000762939453,0,0,1600,0,50,0,0,0,50,50,800,0.0,0.0,0.0,0.0
22,158.1287384033203,309.06787109375,326.07470703125,326.1312561035156,292.0680236816406,292.0113525390625,16515.818359375,33031.63671875,68.99089813232422,68.96741485595703,1794.5968017578125,3771.89208984375,1794.75244140625,3576.076904296875,284.5039978027344,61.87885284423828,3.1901965940051014e-06,0,0,2574.87451171875,1291.5770263671875,0,24.37220573425293,2724.4423828125,11.828934669494629,11.940933227539062,908.3092651367188,1822.6002197265625,49.893768310546875,51.13008499145508,100,0,0,346.3390808105469,0,7.924896240234375,20.264385223388672,20.20782470703125,0,1.034000039100647,0.9067617654800415,50,2.799999952316284,2.2835867404937744,0,0,0,0,20.307739351630875,0,0,0,0.004450140055269003,-0.004170268774032593,0,0.0002798711066134274,100.74115753173828,100.71875762939453,792.2943725585938,792.2767944335938,792.2767944335938,550.672607421875,0,0,24.37220573425293,0.0010999999940395355,0.02200000174343586,0.03299999609589577,0.04399999603629112,5655.8173828125,114276.53125,0.0429663360118866,0,3.1392715754918754e-05,40.968204498291016,0,0.0002616529818624258,2.8350639695418067e-05,0,0,23.700000762939453,0,0,1600,0,50,0,0,0,50,50,800,0.0,0.0,0.0,0.0
23,158.12828063964844,309.0669860839844,326.0740966796875,326.1304931640625,292.0671691894531,292.0107116699219,16515.818359375,33031.63671875,68.99032592773438,68.96702575683594,1794.6705322265625,3771.092041015625,1794.752197265625,3576.076904296875,284.50341796875,61.87732696533203,4.773259661305929e-06,0,0,2574.87646484375,1291.573486328125,0,24.341093063354492,2724.6630859375,11.828917503356934,11.945905685424805,908.2947998046875,1822.510986328125,49.89194869995117,51.186588287353516,100,0,0,346.3387451171875,0,7.924896240234375,20.26465606689453,20.20826530456543,0,1.034000039100647,0.9067617654800415,50,2.799999952316284,2.2834017276763916,0,0,0,0,20.481267730865152,0,0,0,0.004504494834691286,-0.004217338748276234,0,0.00028715599910356104,100.75552368164062,100.72691345214844,792.33740234375,792.3148803710938,792.3148803710938,550.691162109375,0,0,24.341093063354492,0.0010999999940395355,0.02200000174343586,0.03299999609589577,0.04399999603629112,5655.8173828125,114276.53125,0.0429663360118866,0,3.1392715754918754e-05,42.78901290893555,0,0.0002616529818624258,2.8350639695418067e-05,0,0,23.700000762939453,0,0,1600,0,50,0,0,0,50,50,800,0.0,0.0,0.0,0.0
24,158.12815856933594,309.0666198730469,326.07354736328125,326.12969970703125,292.06634521484375,292.0101623535156,16515.818359375,33031.63671875,68.9897232055664,68.96660614013672,1794.7486572265625,3770.280517578125,1794.7496337890625,3576.079345703125,284.5030212402344,61.876304626464844,-2.036532350757625e-06,0,0,2574.877197265625,1291.571044921875,0,24.29091453552246,2724.927490234375,11.828904151916504,11.950857162475586,908.2996826171875,1822.4622802734375,49.88980484008789,51.24253463745117,100,0,0,346.338623046875,0,7.924896240234375,20.26506233215332,20.20890998840332,0,1.034000039100647,0.9067617654800415,50,2.799999952316284,2.283179998397827,0,0,0,0,20.572853326819864,0,0,0,0.004527490586042404,-0.004274626262485981,0,0.0002528641780372709,100.76721954345703,100.7366943359375,792.38525390625,792.3612670898438,792.3612670898438,550.7140502929688,0,0,24.29091453552246,0.0010999999940395355,0.02200000174343586,0.03299999609589577,0.04399999603629112,5655.8173828125,114276.53125,0.0429663360118866,0,3.1392715754918754e-05,44.60982131958008,0,0.0002616529818624258,2.8350639695418067e-05,0,0,23.700000762939453,0,0,1600,0,50,0,0,0,50,50,800,0.0,0.0,0.0,0.0
25,158.1283721923828,309.06634521484375,326.0731201171875,326.1289978027344,292.0655517578125,292.0096435546875,16515.818359375,33031.63671875,68.98915100097656,68.96622467041016,1794.825927734375,3769.44775390625,1794.747802734375,3576.081298828125,284.5028076171875,61.875850677490234,3.273688207627856e-06,0,0,2574.876953125,1291.568115234375,0,24.230676651000977,2725.198486328125,11.828895568847656,11.955785751342773,908.3097534179688,1822.4229736328125,49.88768005371094,51.29814529418945,100,0,0,346.3386535644531,0,7.924896240234375,20.26553726196289,20.20965576171875,0,1.034000039100647,0.9067617654800415,50,2.799999952316284,2.2829530239105225,0,0,0,0,20.55357172517608,0,0,0,0.004544214811176062,-0.004333504941314459,0,0.00021070966613478959,100.77571868896484,100.74671173095703,792.4318237304688,792.408935546875,792.408935546875,550.7376708984375,0,0,24.230676651000977,0.0010999999940395355,0.02200000174343586,0.03299999609589577,0.04399999603629112,5655.8173828125,114276.53125,0.0429663360118866,0,3.1392715754918754e-05,46.43062973022461,0,0.0002616529818624258,2.8350639695418067e-05,0,0,23.700000762939453,0,0,1600,0,50,0,0,0,50,50,800,0.0,0.0,0.0,0.0
26,158.12887573242188,309.06634521484375,326.07281494140625,326.12835693359375,292.0647888183594,292.00927734375,16515.818359375,33031.63671875,68.98861694335938,68.96587371826172,1794.8995361328125,3768.585693359375,1794.7470703125,3576.081787109375,284.5028381347656,61.87590789794922,1.3530698197428137e-06,0,0,2574.8759765625,1291.56591796875,0,24.171018600463867,2725.449951171875,11.828890800476074,11.96069622039795,908.32861328125,1822.397705078125,49.88575744628906,51.353675842285156,100,0,0,346.33880615234375,0,7.924896240234375,20.26601219177246,20.21047019958496,0,1.034000039100647,0.9067617654800415,50,2.799999952316284,2.282742500305176,0,0,0,0,20.44752693984179,0,0,0,0.004544214811176062,-0.004388364031910896,0,0.0001558507647132501,100.78126525878906,100.7560043334961,792.4732055664062,792.453369140625,792.453369140625,550.7598266601562,0,0,24.171018600463867,0.0010999999940395355,0.02200000174343586,0.03299999609589577,0.04399999603629112,5655.8173828125,114276.53125,0.0429663360118866,0,3.1392715754918754e-05,48.25143814086914,0,0.0002616529818624258,2.8350639695418067e-05,0,0,23.700000762939453,0,0,1600,0,50,0,0,0,50,50,800,0.0,0.0,0.0,0.0
27,158.129638671875,309.0666198730469,326.0726318359375,326.1278076171875,292.06414794921875,292.009033203125,16515.818359375,33031.63671875,68.98814392089844,68.9655990600586,1794.9654541015625,3767.689208984375,1794.74365234375,3576.085205078125,284.50311279296875,61.876495361328125,-4.893348886980675e-06,0,0,2574.873779296875,1291.5648193359375,0,24.1135311126709,2725.662109375,11.828892707824707,11.965584754943848,908.3547973632812,1822.39111328125,49.884193420410156,51.40924835205078,100,0,0,346.3391418457031,0,7.924896240234375,20.266521453857422,20.21135139465332,0,1.034000039100647,0.9067617654800415,50,2.799999952316284,2.282564878463745,0,0,0,0,20.264355747932363,0,0,0,0.004527490586042404,-0.00443501491099596,0,9.24756532185711e-05,100.78365325927734,100.76384735107422,792.5067138671875,792.4911499023438,792.4911499023438,550.77880859375,0,0,24.1135311126709,0.0010999999940395355,0.02200000174343586,0.03299999609589577,0.04399999603629112,5655.8173828125,114276.53125,0.0429663360118866,0,3.1392715754918754e-05,50.07224655151367,0,0.0002616529818624258,2.8350639695418067e-05,0,0,23.700000762939453,0,0,1600,0,50,0,0,0,50,50,800,0.0,0.0,0.0,0.0
28,158.130615234375,309.06707763671875,326.0726623535156,326.1274108886719,292.0635986328125,292.0089111328125,16515.818359375,33031.63671875,68.9877700805664,68.96541595458984,1795.0228271484375,3766.75537109375,1794.74462890625,3576.084228515625,284.50347900390625,61.877525329589844,3.078458348682034e-06,0,0,2574.871337890625,1291.5638427734375,0,24.056800842285156,2725.8212890625,11.828897476196289,11.970450401306152,908.3882446289062,1822.390380859375,49.883056640625,51.464969635009766,100,0,0,346.339599609375,0,7.924896240234375,20.26692771911621,20.212200164794922,0,1.034000039100647,0.9067617654800415,50,2.799999952316284,2.2824313640594482,0,0,0,0,20.013702973976212,0,0,0,0.0044982233084738255,-0.004470358602702618,0,2.786440381896682e-05,100.78291320800781,100.76973724365234,792.5301513671875,792.519775390625,792.519775390625,550.7932739257812,0,0,24.056800842285156,0.0010999999940395355,0.02200000174343586,0.03299999609589577,0.04399999603629112,5655.8173828125,114276.53125,0.0429663360118866,0,3.1392715754918754e-05,51.8930549621582,0,0.0002616529818624258,2.8350639695418067e-05,0,0,23.700000762939453,0,0,1600,0,50,0,0,0,50,50,800,0.0,0.0,0.0,0.0
29,158.13174438476562,309.0676574707031,326.0728759765625,326.1271667480469,292.06317138671875,292.0089416503906,16515.818359375,33031.63671875,68.98748779296875,68.9653549194336,1795.0703125,3765.78076171875,1794.7418212890625,3576.08740234375,284.5040283203125,61.8788948059082,-1.0544529231992783e-06,0,0,2574.8681640625,1291.563232421875,0,24.01066780090332,2725.919677734375,11.828906059265137,11.97529411315918,908.42236328125,1822.395263671875,49.88243865966797,51.520896911621094,100,0,0,346.34014892578125,0,7.924896240234375,20.26726722717285,20.212980270385742,0,1.034000039100647,0.9067617654800415,50,2.799999952316284,2.282349109649658,0,0,0,0,19.710027807352915,0,0,0,0.0044626835733652115,-0.004492553882300854,0,-2.9870263460907154e-05,100.77947998046875,100.77336883544922,792.5425415039062,792.5377197265625,792.5377197265625,550.8025512695312,0,0,24.01066780090332,0.0010999999940395355,0.02200000174343586,0.03299999609589577,0.04399999603629112,5655.8173828125,114276.53125,0.0429663360118866,0,3.1392715754918754e-05,53.713863372802734,0,0.0002616529818624258,2.8350639695418067e-05,0,0,23.700000762939453,0,0,1600,0,50,0,0,0,50,50,800,0.0,0.0,0.0,0.0
30,158.13294982910156,309.0683288574219,326.0732116699219,326.1269836425781,292.0628967285156,292.0091552734375,16515.818359375,33031.63671875,68.98731994628906,68.96537780761719,1795.1065673828125,3764.767578125,1794.7369384765625,3576.092041015625,284.5046691894531,61.8805046081543,-4.910799020763079e-07,0,0,2574.864501953125,1291.5638427734375,0,23.974166870117188,2725.954833984375,11.828920364379883,11.980114936828613,908.455810546875,1822.3961181640625,49.88227081298828,51.57707214355469,100,0,0,346.34075927734375,0,7.924896240234375,20.26753807067871,20.21375846862793,0,1.034000039100647,0.9067617654800415,50,2.799999952316284,2.2823195457458496,0,0,0,0,19.372609837853,0,0,0,0.004420871380716562,-0.004501096438616514,0,-8.022499241633341e-05,100.77405548095703,100.77467346191406,792.544189453125,792.5446166992188,792.5446166992188,550.8063354492188,0,0,23.974166870117188,0.0010999999940395355,0.02200000174343586,0.03299999609589577,0.04399999603629112,5655.8173828125,114276.53125,0.0429663360118866,0,3.1392715754918754e-05,55.534671783447266,0,0.0002616529818624258,2.8350639695418067e-05,0,0,23.700000762939453,0,0,1600,0,50,0,0,0,50,50,800,0.0,0.0,0.0,0.0
31,158.1342010498047,309.06903076171875,326.0736389160156,326.1269226074219,292.0627136230469,292.00946044921875,16515.818359375,33031.63671875,68.98728942871094,68.96551513671875,1795.13427734375,3763.71484375,1794.74072265625,3576.088134765625,284.5053405761719,61.88220977783203,3.961752554459963e-06,0,0,2574.861083984375,1291.564208984375,0,23.954496383666992,2725.93212890625,11.828937530517578,11.984912872314453,908.486572265625,1822.39208984375,49.88264846801758,51.63340377807617,100,0,0,346.34136962890625,0,7.924896240234375,20.26770782470703,20.21443748474121,0,1.034000039100647,0.9067617654800415,50,2.799999952316284,2.282338857650757,0,0,0,0,19.02073066712024,0,0,0,0.004379059188067913,-0.004496908746659756,0,-0.00011784960952354595,100.76722717285156,100.7738265991211,792.5360107421875,792.541259765625,792.541259765625,550.8049926757812,0,0,23.954496383666992,0.0010999999940395355,0.02200000174343586,0.03299999609589577,0.04399999603629112,5655.8173828125,114276.53125,0.0429663360118866,0,3.1392715754918754e-05,57.3554801940918,0,0.0002616529818624258,2.8350639695418067e-05,0,0,23.700000762939453,0,0,1600,0,50,0,0,0,50,50,800,0.0,0.0,0.0,0.0
32,158.13539123535156,309.06964111328125,326.07415771484375,326.1269226074219,292.0626525878906,292.0098876953125,16515.818359375,33031.63671875,68.9873046875,68.96574401855469,1795.154052734375,3762.628662109375,1794.7398681640625,3576.08935546875,284.50604248046875,61.88391876220703,-1.640142613723583e-06,0,0,2574.857421875,1291.5648193359375,0,23.944015502929688,2725.8583984375,11.828957557678223,11.989683151245117,908.5131225585938,1822.376220703125,49.883445739746094,51.68980407714844,100,0,0,346.3420104980469,0,7.924896240234375,20.26784324645996,20.2150821685791,0,1.034000039100647,0.9067617654800415,50,2.799999952316284,2.282400369644165,0,0,0,0,18.668851496387486,0,0,0,0.004341427702456713,-0.004481581971049309,0,-0.00014015438500791788,100.75981903076172,100.77110290527344,792.5199584960938,792.5288696289062,792.5288696289062,550.799072265625,0,0,23.944015502929688,0.0010999999940395355,0.02200000174343586,0.03299999609589577,0.04399999603629112,5655.8173828125,114276.53125,0.0429663360118866,0,3.1392715754918754e-05,59.17628860473633,0,0.0002616529818624258,2.8350639695418067e-05,0,0,23.700000762939453,0,0,1600,0,50,0,0,0,50,50,800,0.0,0.0,0.0,0.0
33,158.1365203857422,309.07012939453125,326.0747375488281,326.126953125,292.0626525878906,292.01043701171875,16515.818359375,33031.63671875,68.98738098144531,68.96603393554688,1795.167236328125,3761.513916015625,1794.7373046875,3576.092041015625,284.50665283203125,61.885536193847656,8.524595784820121e-08,0,0,2574.853759765625,1291.5654296875,0,23.9471435546875,2725.746826171875,11.8289794921875,11.994427680969238,908.5328369140625,1822.3463134765625,49.88450622558594,51.746219635009766,100,0,0,346.3426208496094,0,7.924896240234375,20.26787757873535,20.21565818786621,0,1.034000039100647,0.9067617654800415,50,2.799999952316284,2.282493829727173,0,0,0,0,18.33625392729851,0,0,0,0.004310067277401686,-0.004457879811525345,0,-0.00014781218487769365,100.75250244140625,100.76698303222656,792.4982299804688,792.5096435546875,792.5096435546875,550.789794921875,0,0,23.9471435546875,0.0010999999940395355,0.02200000174343586,0.03299999609589577,0.04399999603629112,5655.8173828125,114276.53125,0.0429663360118866,0,3.1392715754918754e-05,60.99709701538086,0,0.0002616529818624258,2.8350639695418067e-05,0,0,23.700000762939453,0,0,1600,0,50,0,0,0,50,50,800,0.0,0.0,0.0,0.0
34,158.13754272460938,309.0705871582031,326.0752868652344,326.126953125,292.0627136230469,292.01104736328125,16515.818359375,33031.63671875,68.98751831054688,68.96638488769531,1795.1759033203125,3760.372314453125,1794.733642578125,3576.09521484375,284.5072326660156,61.88698959350586,-1.9012295524589717e-06,0,0,2574.8505859375,1291.56640625,0,23.957447052001953,2725.611328125,11.829004287719727,11.9991455078125,908.5471801757812,1822.3048095703125,49.885746002197266,51.80253601074219,100,0,0,346.3431701660156,0,7.924896240234375,20.26787757873535,20.21619987487793,0,1.034000039100647,0.9067617654800415,50,2.799999952316284,2.282607316970825,0,0,0,0,18.02775836026427,0,0,0,0.004282888490706682,-0.004428733140230179,0,-0.00014584507152903825,100.74584197998047,100.76197052001953,792.473388671875,792.4860229492188,792.4860229492188,550.7781982421875,0,0,23.957447052001953,0.0010999999940395355,0.02200000174343586,0.03299999609589577,0.04399999603629112,5655.8173828125,114276.53125,0.0429663360118866,0,3.1392715754918754e-05,62.81790542602539,0,0.0002616529818624258,2.8350639695418067e-05,0,0,23.700000762939453,0,0,1600,0,50,0,0,0,50,50,800,0.0,0.0,0.0,0.0
35,158.13845825195312,309.0708923339844,326.0758361816406,326.1269226074219,292.0628356933594,292.01171875,16515.818359375,33031.63671875,68.98768615722656,68.9667739868164,1795.1824951171875,3759.21240234375,1794.7320556640625,3576.096923828125,284.50775146484375,61.888267517089844,1.2931427590956446e-06,0,0,2574.847900390625,1291.567138671875,0,23.97108268737793,2725.464599609375,11.82903003692627,12.003833770751953,908.5562744140625,1822.2496337890625,49.8870964050293,51.85858917236328,100,0,0,346.3436584472656,0,7.924896240234375,20.26784324645996,20.21674346923828,0,1.034000039100647,0.9067617654800415,50,2.799999952316284,2.2827303409576416,0,0,0,0,17.748183183842443,0,0,0,0.004264072049409151,-0.0043970742262899876,0,-0.00013300236605573446,100.74009704589844,100.75654602050781,792.4474487304688,792.4603881835938,792.4603881835938,550.765625,0,0,23.97108268737793,0.0010999999940395355,0.02200000174343586,0.03299999609589577,0.04399999603629112,5655.8173828125,114276.53125,0.0429663360118866,0,3.1392715754918754e-05,64.63871765136719,0,0.0002616529818624258,2.8350639695418067e-05,0,0,23.700000762939453,0,0,1600,0,50,0,0,0,50,50,800,0.0,0.0,0.0,0.0
36,158.13926696777344,309.0710754394531,326.0763244628906,326.1268310546875,292.0628967285156,292.01239013671875,16515.818359375,33031.63671875,68.98787689208984,68.96717834472656,1795.189697265625,3758.034423828125,1794.7265625,3576.1025390625,284.5081481933594,61.889339447021484,5.020300704927649e-06,0,0,2574.84521484375,1291.5682373046875,0,23.990840911865234,2725.318603515625,11.829054832458496,12.00849437713623,908.5577392578125,1822.183349609375,49.888458251953125,51.91429901123047,100,0,0,346.3441162109375,0,7.924896240234375,20.26777458190918,20.21728515625,0,1.034000039100647,0.9067617654800415,50,2.799999952316284,2.2828524112701416,0,0,0,0,17.50234879844398,0,0,0,0.004251527599990368,-0.004365415312349796,0,-0.00011388782877475023,100.73562622070312,100.75115203857422,792.4225463867188,792.4347534179688,792.4347534179688,550.7528686523438,0,0,23.990840911865234,0.0010999999940395355,0.02200000174343586,0.03299999609589577,0.04399999603629112,5655.8173828125,114276.53125,0.0429663360118866,0,3.1392715754918754e-05,66.45953369140625,0,0.0002616529818624258,2.8350639695418067e-05,0,0,23.700000762939453,0,0,1600,0,50,0,0,0,50,50,800,0.0,0.0,0.0,0.0
37,158.1399688720703,309.07122802734375,326.0766906738281,326.1265869140625,292.0630187988281,292.0132141113281,16515.818359375,33031.63671875,68.98806762695312,68.96759033203125,1795.1976318359375,3756.844970703125,1794.72412109375,3576.1044921875,284.5085144042969,61.890228271484375,2.1305554582795594e-06,0,0,2574.843017578125,1291.5687255859375,0,24.00863265991211,2725.18359375,11.829081535339355,12.013124465942383,908.557861328125,1822.1087646484375,49.88972473144531,51.9695930480957,100,0,0,346.344482421875,0,7.924896240234375,20.26777458190918,20.2178955078125,0,1.034000039100647,0.9067617654800415,50,2.799999952316284,2.282965660095215,0,0,0,0,17.285438827364448,0,0,0,0.004243164788931608,-0.004336018115282059,0,-9.285339911002666e-05,100.73234558105469,100.74615478515625,792.400146484375,792.4109497070312,792.4109497070312,550.7410278320312,0,0,24.00863265991211,0.0010999999940395355,0.02200000174343586,0.03299999609589577,0.04399999603629112,5655.8173828125,114276.53125,0.0429663360118866,0,3.1392715754918754e-05,68.28034973144531,0,0.0002616529818624258,2.8350639695418067e-05,0,0,23.700000762939453,0,0,1600,0,50,0,0,0,50,50,800,0.0,0.0,0.0,0.0
38,158.14059448242188,309.0712890625,326.0770568847656,326.12628173828125,292.06317138671875,292.0140380859375,16515.818359375,33031.63671875,68.98825073242188,68.9679946899414,1795.20703125,3755.64599609375,1794.7205810546875,3576.1083984375,284.5088195800781,61.890960693359375,-3.3090379929490155e-06,0,0,2574.841064453125,1291.569580078125,0,24.024391174316406,2725.065185546875,11.829110145568848,12.01772403717041,908.5543212890625,1822.0286865234375,49.89088439941406,52.02439498901367,100,0,0,346.3448181152344,0,7.924896240234375,20.26777458190918,20.21854019165039,0,1.034000039100647,0.9067617654800415,50,2.799999952316284,2.283064842224121,0,0,0,0,17.097447235044076,0,0,0,0.004238983150571585,-0.004310221876949072,0,-7.123872637748718e-05,100.73011016845703,100.74178314208984,792.3809204101562,792.3900756835938,792.3900756835938,550.7306518554688,0,0,24.024391174316406,0.0010999999940395355,0.02200000174343586,0.03299999609589577,0.04399999603629112,5655.8173828125,114276.53125,0.0429663360118866,0,3.1392715754918754e-05,70.10116577148438,0,0.0002616529818624258,2.8350639695418067e-05,0,0,23.700000762939453,0,0,1600,0,50,0,0,0,50,50,800,0.0,0.0,0.0,0.0
39,158.1411895751953,309.07135009765625,326.0773010253906,326.1258850097656,292.0633239746094,292.01483154296875,16515.818359375,33031.63671875,68.9884262084961,68.96839141845703,1795.2193603515625,3754.438232421875,1794.7171630859375,3576.111572265625,284.5090637207031,61.891578674316406,-4.907394668407505e-06,0,0,2574.839111328125,1291.5701904296875,0,24.035276412963867,2724.966552734375,11.829137802124023,12.022292137145996,908.5509033203125,1821.947998046875,49.89191818237305,52.07867431640625,100,0,0,346.3451232910156,0,7.924896240234375,20.26780891418457,20.21925163269043,0,1.034000039100647,0.9067617654800415,50,2.799999952316284,2.2831473350524902,0,0,0,0,16.923918855809802,0,0,0,0.0042348019778728485,-0.004288697149604559,0,-5.3895171731710434e-05,100.72871398925781,100.7381362915039,792.3652954101562,792.3726806640625,792.3726806640625,550.7219848632812,0,0,24.035276412963867,0.0010999999940395355,0.02200000174343586,0.03299999609589577,0.04399999603629112,5655.8173828125,114276.53125,0.0429663360118866,0,3.1392715754918754e-05,71.92198181152344,0,0.0002616529818624258,2.8350639695418067e-05,0,0,23.700000762939453,0,0,1600,0,50,0,0,0,50,50,800,0.0,0.0,0.0,0.0
40,158.14173889160156,309.07135009765625,326.0775146484375,326.12542724609375,292.0634765625,292.0156555175781,16515.818359375,33031.63671875,68.98859405517578,68.96878051757812,1795.2337646484375,3753.223388671875,1794.71435546875,3576.11474609375,284.5093078613281,61.892147064208984,-3.423117505008122e-06,0,0,2574.83740234375,1291.5706787109375,0,24.03976821899414,2724.887451171875,11.829166412353516,12.02682876586914,908.5463256835938,1821.86181640625,49.89280700683594,52.1324348449707,100,0,0,346.3454284667969,0,7.924896240234375,20.267911911010742,20.219999313354492,0,1.034000039100647,0.9067617654800415,50,2.799999952316284,2.2832136154174805,0,0,0,0,16.76003027147079,0,0,0,0.0042348019778728485,-0.004271443467587233,0,-3.664181713247672e-05,100.7279052734375,100.73521423339844,792.3529052734375,792.3587036132812,792.3587036132812,550.7150268554688,0,0,24.03976821899414,0.0010999999940395355,0.02200000174343586,0.03299999609589577,0.04399999603629112,5655.8173828125,114276.53125,0.0429663360118866,0,3.1392715754918754e-05,73.7427978515625,0,0.0002616529818624258,2.8350639695418067e-05,0,0,23.700000762939453,0,0,1600,0,50,0,0,0,50,50,800,0.0,0.0,0.0,0.0
41,158.1422882080078,309.0714111328125,326.07769775390625,326.1249694824219,292.0635986328125,292.0164794921875,16515.818359375,33031.63671875,68.9887466430664,68.96915435791016,1795.2498779296875,3751.999755859375,1794.7117919921875,3576.1171875,284.5094909667969,61.892677307128906,2.886817583203083e-06,0,0,2574.835693359375,1291.571533203125,0,24.04309844970703,2724.8271484375,11.829195976257324,12.03133487701416,908.5430908203125,1821.77783203125,49.8935432434082,52.18568420410156,100,0,0,346.345703125,0,7.924896240234375,20.26801300048828,20.220745086669922,0,1.034000039100647,0.9067617654800415,50,2.799999952316284,2.283264398574829,0,0,0,0,16.605782487953668,0,0,0,0.004230620339512825,-0.004258210305124521,0,-2.7590176614467055e-05,100.7275390625,100.73297882080078,792.3436889648438,792.3479614257812,792.3479614257812,550.7096557617188,0,0,24.04309844970703,0.0010999999940395355,0.02200000174343586,0.03299999609589577,0.04399999603629112,5655.8173828125,114276.53125,0.0429663360118866,0,3.1392715754918754e-05,75.56361389160156,0,0.0002616529818624258,2.8350639695418067e-05,0,0,23.700000762939453,0,0,1600,0,50,0,0,0,50,50,800,0.0,0.0,0.0,0.0
42,158.1428680419922,309.0715026855469,326.07781982421875,326.1244201660156,292.06378173828125,292.01727294921875,16515.818359375,33031.63671875,68.9888916015625,68.96952056884766,1795.267822265625,3750.766845703125,1794.70703125,3576.122314453125,284.50970458984375,61.89323043823242,2.0470638446568046e-06,0,0,2574.833984375,1291.572021484375,0,24.03838348388672,2724.781494140625,11.82922649383545,12.035808563232422,908.5399780273438,1821.6986083984375,49.89420700073242,52.23844909667969,100,0,0,346.34600830078125,0,7.924896240234375,20.2681827545166,20.22159194946289,0,1.034000039100647,0.9067617654800415,50,2.799999952316284,2.2833025455474854,0,0,0,0,16.441892897688025,0,0,0,0.0042264387011528015,-0.004248327575623989,0,-2.1888898118049838e-05,100.7271728515625,100.73129272460938,792.3367309570312,792.3399658203125,792.3399658203125,550.7056884765625,0,0,24.03838348388672,0.0010999999940395355,0.02200000174343586,0.03299999609589577,0.04399999603629112,5655.8173828125,114276.53125,0.0429663360118866,0,3.1392715754918754e-05,77.38442993164062,0,0.0002616529818624258,2.8350639695418067e-05,0,0,23.700000762939453,0,0,1600,0,50,0,0,0,50,50,800,0.0,0.0,0.0,0.0
43,158.1434783935547,309.07159423828125,326.0779724121094,326.1238708496094,292.06390380859375,292.0180969238281,16515.818359375,33031.63671875,68.9890365600586,68.96988677978516,1795.2864990234375,3749.523681640625,1794.703369140625,3576.1259765625,284.50994873046875,61.89383316040039,-1.8753238464341848e-06,0,0,2574.83251953125,1291.5728759765625,0,24.03357696533203,2724.74658203125,11.829257011413574,12.040252685546875,908.5381469726562,1821.6163330078125,49.89478302001953,52.29077911376953,100,0,0,346.3462829589844,0,7.924896240234375,20.26831817626953,20.2224063873291,0,1.034000039100647,0.9067617654800415,50,2.799999952316284,2.2833316326141357,0,0,0,0,16.273183912938062,0,0,0,0.004220166243612766,-0.004240789916366339,0,-2.062339444819372e-05,100.72676086425781,100.7300033569336,792.331298828125,792.3338623046875,792.3338623046875,550.7026977539062,0,0,24.03357696533203,0.0010999999940395355,0.02200000174343586,0.03299999609589577,0.04399999603629112,5655.8173828125,114276.53125,0.0429663360118866,0,3.1392715754918754e-05,79.20524597167969,0,0.0002616529818624258,2.8350639695418067e-05,0,0,23.700000762939453,0,0,1600,0,50,0,0,0,50,50,800,0.0,0.0,0.0,0.0
44,158.1441192626953,309.07171630859375,326.07806396484375,326.123291015625,292.0640869140625,292.0189208984375,16515.818359375,33031.63671875,68.98918151855469,68.97026062011719,1795.3060302734375,3748.2705078125,1794.69921875,3576.1298828125,284.51019287109375,61.89450454711914,4.660428658098681e-06,0,0,2574.830322265625,1291.5736083984375,0,24.024503707885742,2724.718017578125,11.829288482666016,12.04466438293457,908.5388793945312,1821.541015625,49.89531326293945,52.342674255371094,100,0,0,346.34661865234375,0,7.924896240234375,20.2685546875,20.22332191467285,0,1.034000039100647,0.9067617654800415,50,2.799999952316284,2.283355712890625,0,0,0,0,16.094835133292843,0,0,0,0.004211803432554007,-0.004234675783663988,0,-2.2872305635246448e-05,100.72602844238281,100.72895050048828,792.3265991210938,792.3289184570312,792.3289184570312,550.7003173828125,0,0,24.024503707885742,0.0010999999940395355,0.02200000174343586,0.03299999609589577,0.04399999603629112,5655.8173828125,114276.53125,0.0429663360118866,0,3.1392715754918754e-05,81.02606201171875,0,0.0002616529818624258,2.8350639695418067e-05,0,0,23.700000762939453,0,0,1600,0,50,0,0,0,50,50,800,0.0,0.0,0.0,0.0
45,158.14480590820312,309.0719299316406,326.07818603515625,326.1227111816406,292.0642395019531,292.019775390625,16515.818359375,33031.63671875,68.98932647705078,68.97063446044922,1795.3245849609375,3747.005615234375,1794.6956787109375,3576.133544921875,284.510498046875,61.8952522277832,1.5448657677552546e-06,0,0,2574.82861328125,1291.574462890625,0,24.013795852661133,2724.691162109375,11.829322814941406,12.049043655395508,908.5408935546875,1821.46533203125,49.895870208740234,52.3941764831543,100,0,0,346.3469543457031,0,7.924896240234375,20.26875877380371,20.2242374420166,0,1.034000039100647,0.9067617654800415,50,2.799999952316284,2.2833783626556396,0,0,0,0,15.9068445468991,0,0,0,0.004199258983135223,-0.004228980280458927,0,-2.9721646569669247e-05,100.72492218017578,100.72795104980469,792.3219604492188,792.3242797851562,792.3242797851562,550.6980590820312,0,0,24.013795852661133,0.0010999999940395355,0.02200000174343586,0.03299999609589577,0.04399999603629112,5655.8173828125,114276.53125,0.0429663360118866,0,3.1392715754918754e-05,82.84687805175781,0,0.0002616529818624258,2.8350639695418067e-05,0,0,23.700000762939453,0,0,1600,0,50,0,0,0,50,50,800,0.0,0.0,0.0,0.0
46,158.14552307128906,309.07220458984375,326.0783386230469,326.12213134765625,292.0644226074219,292.0205993652344,16515.818359375,33031.63671875,68.98948669433594,68.97102355957031,1795.3421630859375,3745.72705078125,1794.6922607421875,3576.13623046875,284.5108337402344,61.89609909057617,2.899770151998382e-06,0,0,2574.826416015625,1291.5755615234375,0,23.99736785888672,2724.661865234375,11.829357147216797,12.053391456604004,908.5454711914062,1821.39404296875,49.89645767211914,52.44534683227539,100,0,0,346.3472900390625,0,7.924896240234375,20.268962860107422,20.22515296936035,0,1.034000039100647,0.9067617654800415,50,2.799999952316284,2.283402919769287,0,0,0,0,15.70439376519915,0,0,0,0.004182532895356417,-0.004222866613417864,0,-4.0333903598366305e-05,100.72323608398438,100.72686767578125,792.3165283203125,792.3193359375,792.3193359375,550.6957397460938,0,0,23.99736785888672,0.0010999999940395355,0.02200000174343586,0.03299999609589577,0.04399999603629112,5655.8173828125,114276.53125,0.0429663360118866,0,3.1392715754918754e-05,84.66769409179688,0,0.0002616529818624258,2.8350639695418067e-05,0,0,23.700000762939453,0,0,1600,0,50,0,0,0,50,50,800,0.0,0.0,0.0,0.0
47,158.1462860107422,309.0724792480469,326.0784606933594,326.1215515136719,292.0646667480469,292.02154541015625,16515.818359375,33031.63671875,68.98966979980469,68.971435546875,1795.3575439453125,3744.43701171875,1794.688720703125,3576.140380859375,284.5111999511719,61.89701461791992,4.0770796658762265e-06,0,0,2574.823974609375,1291.57666015625,0,23.986013412475586,2724.6259765625,11.829394340515137,12.057705879211426,908.5498046875,1821.3221435546875,49.89710235595703,52.49616622924805,100,0,0,346.3476867675781,0,7.924896240234375,20.26923370361328,20.22613525390625,0,1.034000039100647,0.9067617654800415,50,2.799999952316284,2.283432960510254,0,0,0,0,15.492303188603936,0,0,0,0.004165806341916323,-0.004215328488498926,0,-4.9522357585374266e-05,100.72095489501953,100.72554016113281,792.3096313476562,792.313232421875,792.313232421875,550.6928100585938,0,0,23.986013412475586,0.0010999999940395355,0.02200000174343586,0.03299999609589577,0.04399999603629112,5655.8173828125,114276.53125,0.0429663360118866,0,3.1392715754918754e-05,86.48851013183594,0,0.0002616529818624258,2.8350639695418067e-05,0,0,23.700000762939453,0,0,1600,0,50,0,0,0,50,50,800,0.0,0.0,0.0,0.0
48,158.14707946777344,309.07281494140625,326.0786437988281,326.12103271484375,292.06494140625,292.02252197265625,16515.818359375,33031.63671875,68.9898681640625,68.97186279296875,1795.3714599609375,3743.13134765625,1794.6834716796875,3576.1455078125,284.5116271972656,61.898006439208984,-4.39692576037487e-06,0,0,2574.82177734375,1291.577880859375,0,23.974390029907227,2724.581298828125,11.829431533813477,12.06198787689209,908.5541381835938,1821.252197265625,49.8978271484375,52.54668426513672,100,0,0,346.34808349609375,0,7.924896240234375,20.269437789916992,20.22705078125,0,1.034000039100647,0.9067617654800415,50,2.799999952316284,2.283470392227173,0,0,0,0,15.270570805260201,0,0,0,0.004144898150116205,-0.004205948207527399,0,-6.104991916799918e-05,100.71823120117188,100.72389221191406,792.3012084960938,792.3056640625,792.3056640625,550.6891479492188,0,0,23.974390029907227,0.0010999999940395355,0.02200000174343586,0.03299999609589577,0.04399999603629112,5655.8173828125,114276.53125,0.0429663360118866,0,3.1392715754918754e-05,88.309326171875,0,0.0002616529818624258,2.8350639695418067e-05,0,0,23.700000762939453,0,0,1600,0,50,0,0,0,50,50,800,0.0,0.0,0.0,0.0
49,158.14788818359375,309.0731506347656,326.0788269042969,326.12054443359375,292.0651550292969,292.0234680175781,16515.818359375,33031.63671875,68.9900894165039,68.9723129272461,1795.3831787109375,3741.812255859375,1794.6768798828125,3576.15234375,284.5119934082031,61.89904022216797,4.155889655521605e-06,0,0,2574.819580078125,1291.5792236328125,0,23.9638614654541,2724.526123046875,11.82947063446045,12.066237449645996,908.5595703125,1821.1839599609375,49.89861297607422,52.596920013427734,100,0,0,346.3485107421875,0,7.924896240234375,20.26967430114746,20.22796630859375,0,1.034000039100647,0.9067617654800415,50,2.799999952316284,2.2835164070129395,0,0,0,0,15.039198627021204,0,0,0,0.004123989958316088,-0.004194306209683418,0,-7.031615677988157e-05,100.71502685546875,100.72185516357422,792.2908935546875,792.2962036132812,792.2962036132812,550.6846313476562,0,0,23.9638614654541,0.0010999999940395355,0.02200000174343586,0.03299999609589577,0.04399999603629112,5655.8173828125,114276.53125,0.0429663360118866,0,3.1392715754918754e-05,90.13014221191406,0,0.0002616529818624258,2.8350639695418067e-05,0,0,23.700000762939453,0,0,1600,0,50,0,0,0,50,50,800,0.0,0.0,0.0,0.0
50,158.14869689941406,309.073486328125,326.07904052734375,326.1199951171875,292.0654296875,292.02447509765625,16515.818359375,33031.63671875,68.9903335571289,68.97278594970703,1795.392578125,3740.480224609375,1794.6746826171875,3576.154296875,284.512451171875,61.90011978149414,-1.5906724684100482e-06,0,0,2574.81689453125,1291.58056640625,0,23.955883026123047,2724.461181640625,11.829510688781738,12.070453643798828,908.5648803710938,1821.1102294921875,49.8995246887207,52.64683151245117,100,0,0,346.3489074707031,0,7.924896240234375,20.269878387451172,20.22891616821289,0,1.034000039100647,0.9067617654800415,50,2.799999952316284,2.2835710048675537,0,0,0,0,14.807826448782208,0,0,0,0.00410308176651597,-0.004180487245321274,0,-7.740522414678708e-05,100.7115478515625,100.71945190429688,792.27880859375,792.2850341796875,792.2850341796875,550.67919921875,0,0,23.955883026123047,0.0010999999940395355,0.02200000174343586,0.03299999609589577,0.04399999603629112,5655.8173828125,114276.53125,0.0429663360118866,0,3.1392715754918754e-05,91.95095825195312,0,0.0002616529818624258,2.8350639695418067e-05,0,0,23.700000762939453,0,0,1600,0,50,0,0,0,50,50,800,0.0,0.0,0.0,0.0
51,158.14950561523438,309.0738220214844,326.07928466796875,326.1195068359375,292.0657043457031,292.0254821777344,16515.818359375,33031.63671875,68.9906005859375,68.97327423095703,1795.39990234375,3739.1357421875,1794.667724609375,3576.1611328125,284.5128479003906,61.901206970214844,4.4605167204281315e-06,0,0,2574.814697265625,1291.582275390625,0,23.95047378540039,2724.38720703125,11.829551696777344,12.074636459350586,908.5676879882812,1821.0380859375,49.90049362182617,52.69642639160156,100,0,0,346.3493347167969,0,7.924896240234375,20.270048141479492,20.22983169555664,0,1.034000039100647,0.9067617654800415,50,2.799999952316284,2.28363299369812,0,0,0,0,14.576454270543211,0,0,0,0.004082173574715853,-0.0041646575555205345,0,-8.248419180745259e-05,100.70793914794922,100.71671295166016,792.2653198242188,792.272216796875,792.272216796875,550.6729736328125,0,0,23.95047378540039,0.0010999999940395355,0.02200000174343586,0.03299999609589577,0.04399999603629112,5655.8173828125,114276.53125,0.0429663360118866,0,3.1392715754918754e-05,93.77177429199219,0,0.0002616529818624258,2.8350639695418067e-05,0,0,23.700000762939453,0,0,1600,0,50,0,0,0,50,50,800,0.0,0.0,0.0,0.0
52,158.1503143310547,309.07415771484375,326.0795593261719,326.1190185546875,292.0660095214844,292.0265197753906,16515.818359375,33031.63671875,68.99087524414062,68.9737777709961,1795.4061279296875,3737.77978515625,1794.66259765625,3576.166259765625,284.5133056640625,61.90229034423828,-7.050375074868498e-07,0,0,2574.812255859375,1291.5841064453125,0,23.947769165039062,2724.3056640625,11.829593658447266,12.078783988952637,908.5703125,1820.96044921875,49.90153884887695,52.74567413330078,100,0,0,346.3497314453125,0,7.924896240234375,20.270183563232422,20.230712890625,0,1.034000039100647,0.9067617654800415,50,2.799999952316284,2.2837014198303223,0,0,0,0,14.345082092304214,0,0,0,0.004061264917254448,-0.004147236701101065,0,-8.597197302151471e-05,100.70425415039062,100.71369934082031,792.2506713867188,792.2581176757812,792.2581176757812,550.666015625,0,0,23.947769165039062,0.0010999999940395355,0.02200000174343586,0.03299999609589577,0.04399999603629112,5655.8173828125,114276.53125,0.0429663360118866,0,3.1392715754918754e-05,95.59259033203125,0,0.0002616529818624258,2.8350639695418067e-05,0,0,23.700000762939453,0,0,1600,0,50,0,0,0,50,50,800,0.0,0.0,0.0,0.0
53,158.15110778808594,309.07452392578125,326.079833984375,326.1185607910156,292.0663146972656,292.027587890625,16515.818359375,33031.63671875,68.99116516113281,68.97429656982422,1795.4107666015625,3736.4140625,1794.6566162109375,3576.172607421875,284.51373291015625,61.90337371826172,4.765143785334658e-06,0,0,2574.809814453125,1291.585693359375,0,23.94097328186035,2724.218505859375,11.829635620117188,12.08289623260498,908.57275390625,1820.8848876953125,49.90259552001953,52.79457473754883,100,0,0,346.3501281738281,0,7.924896240234375,20.27031898498535,20.231595993041992,0,1.034000039100647,0.9067617654800415,50,2.799999952316284,2.2837743759155273,0,0,0,0,14.113709914065216,0,0,0,0.004040356259793043,-0.004128559492528439,0,-8.820363291306421e-05,100.70053100585938,100.71047973632812,792.2351684570312,792.2429809570312,792.2429809570312,550.6586303710938,0,0,23.94097328186035,0.0010999999940395355,0.02200000174343586,0.03299999609589577,0.04399999603629112,5655.8173828125,114276.53125,0.0429663360118866,0,3.1392715754918754e-05,97.41340637207031,0,0.0002616529818624258,2.8350639695418067e-05,0,0,23.700000762939453,0,0,1600,0,50,0,0,0,50,50,800,0.0,0.0,0.0,0.0
54,158.1519012451172,309.0748596191406,326.0801086425781,326.1180725097656,292.06658935546875,292.0286865234375,16515.818359375,33031.63671875,68.99147033691406,68.9748306274414,1795.414306640625,3735.03857421875,1794.65380859375,3576.175048828125,284.51416015625,61.904449462890625,-1.5624259503965732e-06,0,0,2574.807373046875,1291.5872802734375,0,23.938270568847656,2724.12744140625,11.829679489135742,12.08697509765625,908.5752563476562,1820.8037109375,49.90373611450195,52.84309768676758,100,0,0,346.3505859375,0,7.924896240234375,20.270488739013672,20.232511520385742,0,1.034000039100647,0.9067617654800415,50,2.799999952316284,2.28385066986084,0,0,0,0,13.882337735826221,0,0,0,0.004019447136670351,-0.004109045024961233,0,-8.959777187556028e-05,100.69681549072266,100.70711517333984,792.2190551757812,792.2271728515625,792.2271728515625,550.6509399414062,0,0,23.938270568847656,0.0010999999940395355,0.02200000174343586,0.03299999609589577,0.04399999603629112,5655.8173828125,114276.53125,0.0429663360118866,0,3.1392715754918754e-05,99.23422241210938,0,0.0002616529818624258,2.8350639695418067e-05,0,0,23.700000762939453,0,0,1600,0,50,0,0,0,50,50,800,0.0,0.0,0.0,0.0
55,158.15267944335938,309.0751953125,326.0803527832031,326.1175842285156,292.0669250488281,292.0297546386719,16515.818359375,33031.63671875,68.99179077148438,68.97537994384766,1795.41650390625,3733.654296875,1794.6475830078125,3576.181396484375,284.51458740234375,61.905487060546875,-3.0643382160633337e-06,0,0,2574.80517578125,1291.5889892578125,0,23.939701080322266,2724.033447265625,11.829723358154297,12.091018676757812,908.5763549804688,1820.7244873046875,49.904884338378906,52.89125061035156,100,0,0,346.3509521484375,0,7.924896240234375,20.27058982849121,20.23335838317871,0,1.034000039100647,0.9067617654800415,50,2.799999952316284,2.2839295864105225,0,0,0,0,13.660605352482484,0,0,0,0.003998538013547659,-0.004088860470801592,0,-9.032239177031443e-05,100.69312286376953,100.7036361694336,792.2025756835938,792.2108764648438,792.2108764648438,550.6429443359375,0,0,23.939701080322266,0.0010999999940395355,0.02200000174343586,0.03299999609589577,0.04399999603629112,5655.8173828125,114276.53125,0.0429663360118866,0,3.1392715754918754e-05,101.05503845214844,0,0.0002616529818624258,2.8350639695418067e-05,0,0,23.700000762939453,0,0,1600,0,50,0,0,0,50,50,800,0.0,0.0,0.0,0.0
56,158.1534423828125,309.0755310058594,326.08062744140625,326.1170959472656,292.0672912597656,292.0309143066406,16515.818359375,33031.63671875,68.99211883544922,68.97593688964844,1795.41845703125,3732.261474609375,1794.6412353515625,3576.187744140625,284.51495361328125,61.9065055847168,3.1644460705138044e-06,0,0,2574.802490234375,1291.5908203125,0,23.937175750732422,2723.937744140625,11.829768180847168,12.095027923583984,908.5762329101562,1820.642333984375,49.90605163574219,52.93899917602539,100,0,0,346.3513488769531,0,7.924896240234375,20.27072525024414,20.23427391052246,0,1.034000039100647,0.9067617654800415,50,2.799999952316284,2.2840096950531006,0,0,0,0,13.43887397506538,0,0,0,0.003977628890424967,-0.004068340640515089,0,-9.07116336748004e-05,100.68942260742188,100.70010375976562,792.1858520507812,792.1942138671875,792.1942138671875,550.634765625,0,0,23.937175750732422,0.0010999999940395355,0.02200000174343586,0.03299999609589577,0.04399999603629112,5655.8173828125,114276.53125,0.0429663360118866,0,3.1392715754918754e-05,102.8758544921875,0,0.0002616529818624258,2.8350639695418067e-05,0,0,23.700000762939453,0,0,1600,0,50,0,0,0,50,50,800,0.0,0.0,0.0,0.0
57,158.1541748046875,309.0758056640625,326.0808410644531,326.1165466308594,292.0677185058594,292.0320739746094,16515.818359375,33031.63671875,68.9924545288086,68.97650146484375,1795.41943359375,3730.861328125,1794.63623046875,3576.192626953125,284.5153503417969,61.9074821472168,3.0021446946193464e-06,0,0,2574.800537109375,1291.59228515625,0,23.937442779541016,2723.8408203125,11.829813003540039,12.099000930786133,908.5761108398438,1820.5574951171875,49.907249450683594,52.98634338378906,100,0,0,346.35174560546875,0,7.924896240234375,20.27089500427246,20.23518943786621,0,1.034000039100647,0.9067617654800415,50,2.799999952316284,2.284090995788574,0,0,0,0,13.226782392543537,0,0,0,0.003960901405662298,-0.004047485999763012,0,-8.658459410071373e-05,100.68585968017578,100.69651794433594,792.1689453125,792.1773681640625,792.1773681640625,550.6265258789062,0,0,23.937442779541016,0.0010999999940395355,0.02200000174343586,0.03299999609589577,0.04399999603629112,5655.8173828125,114276.53125,0.0429663360118866,0,3.1392715754918754e-05,104.69667053222656,0,0.0002616529818624258,2.8350639695418067e-05,0,0,23.700000762939453,0,0,1600,0,50,0,0,0,50,50,800,0.0,0.0,0.0,0.0
58,158.15489196777344,309.0760803222656,326.0810852050781,326.1159973144531,292.0680847167969,292.033203125,16515.818359375,33031.63671875,68.99279022216797,68.97706604003906,1795.4202880859375,3729.456298828125,1794.6292724609375,3576.19970703125,284.5157470703125,61.908443450927734,5.158121325621323e-07,0,0,2574.79833984375,1291.5943603515625,0,23.936504364013672,2723.745361328125,11.829858779907227,12.102938652038574,908.5731811523438,1820.469482421875,49.90841293334961,53.03326416015625,100,0,0,346.35211181640625,0,7.924896240234375,20.27103042602539,20.23610496520996,0,1.034000039100647,0.9067617654800415,50,2.799999952316284,2.2841711044311523,0,0,0,0,13.01951121043264,0,0,0,0.00394417392089963,-0.004026882816106081,0,-8.270877879112959e-05,100.68260955810547,100.69298553466797,792.1525268554688,792.16064453125,792.16064453125,550.6182861328125,0,0,23.936504364013672,0.0010999999940395355,0.02200000174343586,0.03299999609589577,0.04399999603629112,5655.8173828125,114276.53125,0.0429663360118866,0,3.1392715754918754e-05,106.51748657226562,0,0.0002616529818624258,2.8350639695418067e-05,0,0,23.700000762939453,0,0,1600,0,50,0,0,0,50,50,800,0.0,0.0,0.0,0.0
59,158.1555938720703,309.07635498046875,326.0812683105469,326.1154479980469,292.06842041015625,292.0343322753906,16515.818359375,33031.63671875,68.99312591552734,68.97762298583984,1795.4205322265625,3728.044921875,1794.6239013671875,3576.205322265625,284.5160827636719,61.90937042236328,3.436144879742642e-06,0,0,2574.79638671875,1291.5963134765625,0,23.935632705688477,2723.65283203125,11.82990550994873,12.106840133666992,908.5704345703125,1820.37890625,49.90956115722656,53.07976150512695,100,0,0,346.35247802734375,0,7.924896240234375,20.27120018005371,20.23702049255371,0,1.034000039100647,0.9067617654800415,50,2.799999952316284,2.2842485904693604,0,0,0,0,12.81706042873269,0,0,0,0.003927446436136961,-0.004006949253380299,0,-7.950310100568458e-05,100.67955017089844,100.68956756591797,792.1366577148438,792.14453125,792.14453125,550.6103515625,0,0,23.935632705688477,0.0010999999940395355,0.02200000174343586,0.03299999609589577,0.04399999603629112,5655.8173828125,114276.53125,0.0429663360118866,0,3.1392715754918754e-05,108.33830261230469,0,0.0002616529818624258,2.8350639695418067e-05,0,0,23.700000762939453,0,0,1600,0,50,0,0,0,50,50,800,0.0,0.0,0.0,0.0
60,158.1562957763672,309.07659912109375,326.0814208984375,326.1148376464844,292.0688171386719,292.0355224609375,16515.818359375,33031.63671875,68.99347686767578,68.97818756103516,1795.4215087890625,3726.62890625,1794.6192626953125,3576.2099609375,284.5164794921875,61.910301208496094,-3.6982498841098277e-06,0,0,2574.7939453125,1291.5977783203125,0,23.933509826660156,2723.563232421875,11.829950332641602,12.110705375671387,908.5689697265625,1820.2906494140625,49.910709381103516,53.12577819824219,100,0,0,346.3528137207031,0,7.924896240234375,20.271404266357422,20.23797035217285,0,1.034000039100647,0.9067617654800415,50,2.799999952316284,2.2843239307403564,0,0,0,0,12.614609647032738,0,0,0,0.003910718485713005,-0.003987685777246952,0,-7.696754619246349e-05,100.67659759521484,100.6862564086914,792.121337890625,792.12890625,792.12890625,550.6027221679688,0,0,23.933509826660156,0.0010999999940395355,0.02200000174343586,0.03299999609589577,0.04399999603629112,5655.8173828125,114276.53125,0.0429663360118866,0,3.1392715754918754e-05,110.15911865234375,0,0.0002616529818624258,2.8350639695418067e-05,0,0,23.700000762939453,0,0,1600,0,50,0,0,0,50,50,800,0.0,0.0,0.0,0.0
61,158.15701293945312,309.0768737792969,326.0816345214844,326.1142883300781,292.0692443847656,292.03668212890625,16515.818359375,33031.63671875,68.99381256103516,68.978759765625,1795.421630859375,3725.209228515625,1794.61376953125,3576.21533203125,284.516845703125,61.911224365234375,-1.35892503294599e-06,0,0,2574.7919921875,1291.599853515625,0,23.931386947631836,2723.476806640625,11.829998016357422,12.114534378051758,908.5662231445312,1820.201904296875,49.91184997558594,53.171356201171875,100,0,0,346.3531799316406,0,7.924896240234375,20.271574020385742,20.238920211791992,0,1.034000039100647,0.9067617654800415,50,2.799999952316284,2.2843964099884033,0,0,0,0,12.412158865332788,0,0,0,0.0038939903024584055,-0.003969092387706041,0,-7.510213617933914e-05,100.67369842529297,100.68305969238281,792.1065063476562,792.1138916015625,792.1138916015625,550.5953369140625,0,0,23.931386947631836,0.0010999999940395355,0.02200000174343586,0.03299999609589577,0.04399999603629112,5655.8173828125,114276.53125,0.0429663360118866,0,3.1392715754918754e-05,111.97993469238281,0,0.0002616529818624258,2.8350639695418067e-05,0,0,23.700000762939453,0,0,1600,0,50,0,0,0,50,50,800,0.0,0.0,0.0,0.0
62,158.15771484375,309.0771484375,326.0818176269531,326.1136779785156,292.06964111328125,292.037841796875,16515.818359375,33031.63671875,68.9941635131836,68.97932434082031,1795.422119140625,3723.7861328125,1794.6055908203125,3576.22314453125,284.5172119140625,61.91215515136719,2.1424152691906784e-06,0,0,2574.789794921875,1291.6014404296875,0,23.926557540893555,2723.392822265625,11.830044746398926,12.118326187133789,908.5632934570312,1820.113037109375,49.912925720214844,53.216495513916016,100,0,0,346.35357666015625,0,7.924896240234375,20.27174186706543,20.23990249633789,0,1.034000039100647,0.9067617654800415,50,2.799999952316284,2.2844667434692383,0,0,0,0,12.209708083632837,0,0,0,0.0038772625848650932,-0.003951001446694136,0,-7.373916741926223e-05,100.67082214355469,100.6799545288086,792.092041015625,792.0992431640625,792.0992431640625,550.588134765625,0,0,23.926557540893555,0.0010999999940395355,0.02200000174343586,0.03299999609589577,0.04399999603629112,5655.8173828125,114276.53125,0.0429663360118866,0,3.1392715754918754e-05,113.80075073242188,0,0.0002616529818624258,2.8350639695418067e-05,0,0,23.700000762939453,0,0,1600,0,50,0,0,0,50,50,800,0.0,0.0,0.0,0.0
63,158.15841674804688,309.07745361328125,326.08197021484375,326.1130676269531,292.0700378417969,292.0390625,16515.818359375,33031.63671875,68.9945068359375,68.97988891601562,1795.4222412109375,3722.357177734375,1794.5999755859375,3576.229248046875,284.517578125,61.9130859375,-4.991979494661791e-06,0,0,2574.787841796875,1291.603515625,0,23.924434661865234,2723.310546875,11.830092430114746,12.122082710266113,908.5604858398438,1820.0213623046875,49.914031982421875,53.26120376586914,100,0,0,346.3539123535156,0,7.924896240234375,20.27194595336914,20.24085235595703,0,1.034000039100647,0.9067617654800415,50,2.799999952316284,2.2845358848571777,0,0,0,0,12.007257301932885,0,0,0,0.0038584433495998383,-0.003933329600840807,0,-7.488632400054485e-05,100.66797637939453,100.67691040039062,792.077880859375,792.0848999023438,792.0848999023438,550.5811157226562,0,0,23.924434661865234,0.0010999999940395355,0.02200000174343586,0.03299999609589577,0.04399999603629112,5655.8173828125,114276.53125,0.0429663360118866,0,3.1392715754918754e-05,115.62156677246094,0,0.0002616529818624258,2.8350639695418067e-05,0,0,23.700000762939453,0,0,1600,0,50,0,0,0,50,50,800,0.0,0.0,0.0,0.0
64,158.1591339111328,309.0777893066406,326.08209228515625,326.1123962402344,292.07049560546875,292.040283203125,16515.818359375,33031.63671875,68.99485778808594,68.98046112060547,1795.421875,3720.92431640625,1794.5924072265625,3576.236328125,284.5179443359375,61.914031982421875,8.33392107324471e-07,0,0,2574.785888671875,1291.6055908203125,0,23.91685676574707,2723.22900390625,11.830140113830566,12.125802040100098,908.5602416992188,1819.937255859375,49.915122985839844,53.30547332763672,100,0,0,346.3542785644531,0,7.924896240234375,20.272184371948242,20.24186897277832,0,1.034000039100647,0.9067617654800415,50,2.799999952316284,2.284604072570801,0,0,0,0,11.804807526159564,0,0,0,0.003837533062323928,-0.003915908746421337,0,-7.83759169280529e-05,100.66484832763672,100.67390441894531,792.0636596679688,792.07080078125,792.07080078125,550.57421875,0,0,23.91685676574707,0.0010999999940395355,0.02200000174343586,0.03299999609589577,0.04399999603629112,5655.8173828125,114276.53125,0.0429663360118866,0,3.1392715754918754e-05,117.4423828125,0,0.0002616529818624258,2.8350639695418067e-05,0,0,23.700000762939453,0,0,1600,0,50,0,0,0,50,50,800,0.0,0.0,0.0,0.0
65,158.1598358154297,309.078125,326.082275390625,326.1117858886719,292.0709228515625,292.04150390625,16515.818359375,33031.63671875,68.9952163696289,68.98104095458984,1795.4205322265625,3719.4873046875,1794.5870361328125,3576.241943359375,284.5183410644531,61.91499328613281,-1.6529403410459054e-06,0,0,2574.783447265625,1291.607421875,0,23.91330337524414,2723.146240234375,11.830188751220703,12.129486083984375,908.5597534179688,1819.850341796875,49.91621398925781,53.349342346191406,100,0,0,346.3546447753906,0,7.924896240234375,20.27238655090332,20.24285316467285,0,1.034000039100647,0.9067617654800415,50,2.799999952316284,2.2846736907958984,0,0,0,0,11.602356744459614,0,0,0,0.0038166227750480175,-0.003898153081536293,0,-8.15304447314702e-05,100.66150665283203,100.67083740234375,792.0491333007812,792.0564575195312,792.0564575195312,550.5671997070312,0,0,23.91330337524414,0.0010999999940395355,0.02200000174343586,0.03299999609589577,0.04399999603629112,5655.8173828125,114276.53125,0.0429663360118866,0,3.1392715754918754e-05,119.26319885253906,0,0.0002616529818624258,2.8350639695418067e-05,0,0,23.700000762939453,0,0,1600,0,50,0,0,0,50,50,800,0.0,0.0,0.0,0.0
66,158.16053771972656,309.0784912109375,326.08245849609375,326.1112365722656,292.0713806152344,292.0426940917969,16515.818359375,33031.63671875,68.9955825805664,68.98163604736328,1795.41845703125,3718.0458984375,1794.5772705078125,3576.251953125,284.51873779296875,61.915950775146484,-4.720280685432954e-06,0,0,2574.78125,1291.609619140625,0,23.909704208374023,2723.06103515625,11.83023738861084,12.133131980895996,908.5582275390625,1819.765625,49.9173583984375,53.392784118652344,100,0,0,346.35498046875,0,7.924896240234375,20.27252197265625,20.2437686920166,0,1.034000039100647,0.9067617654800415,50,2.799999952316284,2.284745216369629,0,0,0,0,11.399905962759663,0,0,0,0.00379571202211082,-0.0038798945024609566,0,-8.418253128184006e-05,100.65802764892578,100.66768646240234,792.0340576171875,792.0416259765625,792.0416259765625,550.5599975585938,0,0,23.909704208374023,0.0010999999940395355,0.02200000174343586,0.03299999609589577,0.04399999603629112,5655.8173828125,114276.53125,0.0429663360118866,0,3.1392715754918754e-05,121.08401489257812,0,0.0002616529818624258,2.8350639695418067e-05,0,0,23.700000762939453,0,0,1600,0,50,0,0,0,50,50,800,0.0,0.0,0.0,0.0
67,158.1612548828125,309.0788269042969,326.0826110839844,326.1105651855469,292.07183837890625,292.0439453125,16515.818359375,33031.63671875,68.99596405029297,68.98222351074219,1795.4156494140625,3716.599853515625,1794.5718994140625,3576.257080078125,284.5190734863281,61.91691589355469,4.010129941889318e-06,0,0,2574.779296875,1291.611572265625,0,23.904743194580078,2722.97265625,11.830286026000977,12.13674259185791,908.5575561523438,1819.678466796875,49.91848373413086,53.435848236083984,100,0,0,346.3553771972656,0,7.924896240234375,20.27276039123535,20.24478530883789,0,1.034000039100647,0.9067617654800415,50,2.799999952316284,2.2848193645477295,0,0,0,0,11.197455181059711,0,0,0,0.003774801502004266,-0.0038609663024544716,0,-8.616477862233296e-05,100.65446472167969,100.66442108154297,792.0184326171875,792.0263061523438,792.0263061523438,550.552490234375,0,0,23.904743194580078,0.0010999999940395355,0.02200000174343586,0.03299999609589577,0.04399999603629112,5655.8173828125,114276.53125,0.0429663360118866,0,3.1392715754918754e-05,122.90483093261719,0,0.0002616529818624258,2.8350639695418067e-05,0,0,23.700000762939453,0,0,1600,0,50,0,0,0,50,50,800,0.0,0.0,0.0,0.0
68,158.16195678710938,309.07916259765625,326.082763671875,326.1099548339844,292.0722961425781,292.0451965332031,16515.818359375,33031.63671875,68.99634552001953,68.98282623291016,1795.4114990234375,3715.150146484375,1794.565673828125,3576.263427734375,284.51947021484375,61.91788864135742,3.2668203857610933e-06,0,0,2574.777099609375,1291.6136474609375,0,23.899757385253906,2722.881591796875,11.830336570739746,12.140315055847168,908.5558471679688,1819.588134765625,49.91967010498047,53.478492736816406,100,0,0,346.3557434082031,0,7.924896240234375,20.27296257019043,20.245769500732422,0,1.034000039100647,0.9067617654800415,50,2.799999952316284,2.284895658493042,0,0,0,0,10.995004399359761,0,0,0,0.0037538905162364244,-0.0038414516020566225,0,-8.756104216445237e-05,100.65087127685547,100.66105651855469,792.0025024414062,792.010498046875,792.010498046875,550.5447387695312,0,0,23.899757385253906,0.0010999999940395355,0.02200000174343586,0.03299999609589577,0.04399999603629112,5655.8173828125,114276.53125,0.0429663360118866,0,3.1392715754918754e-05,124.72564697265625,0,0.0002616529818624258,2.8350639695418067e-05,0,0,23.700000762939453,0,0,1600,0,50,0,0,0,50,50,800,0.0,0.0,0.0,0.0
69,158.16265869140625,309.0794982910156,326.0829772949219,326.1094055175781,292.07269287109375,292.0464172363281,16515.818359375,33031.63671875,68.99673461914062,68.98342895507812,1795.407470703125,3713.69775390625,1794.558349609375,3576.270751953125,284.5198669433594,61.918861389160156,2.52351128438022e-06,0,0,2574.775146484375,1291.6156005859375,0,23.897478103637695,2722.788818359375,11.830384254455566,12.143851280212402,908.5540771484375,1819.50048828125,49.920833587646484,53.520713806152344,100,0,0,346.3561096191406,0,7.924896240234375,20.27313232421875,20.24671745300293,0,1.034000039100647,0.9067617654800415,50,2.799999952316284,2.284973382949829,0,0,0,0,10.79255361765981,0,0,0,0.003732979530468583,-0.003821602091193199,0,-8.862253889674321e-05,100.64726257324219,100.65763092041016,791.986328125,791.9944458007812,791.9944458007812,550.536865234375,0,0,23.897478103637695,0.0010999999940395355,0.02200000174343586,0.03299999609589577,0.04399999603629112,5655.8173828125,114276.53125,0.0429663360118866,0,3.1392715754918754e-05,126.54646301269531,0,0.0002616529818624258,2.8350639695418067e-05,0,0,23.700000762939453,0,0,1600,0,50,0,0,0,50,50,800,0.0,0.0,0.0,0.0
70,158.163330078125,309.079833984375,326.0831604003906,326.1087341308594,292.0732116699219,292.0476989746094,16515.818359375,33031.63671875,68.99712371826172,68.98403930664062,1795.40234375,3712.242431640625,1794.5489501953125,3576.2802734375,284.5202331542969,61.91981887817383,-5.438290031634097e-07,0,0,2574.77294921875,1291.6181640625,0,23.893835067749023,2722.69482421875,11.83043384552002,12.147350311279297,908.5509033203125,1819.412353515625,49.922035217285156,53.56251907348633,100,0,0,346.3564453125,0,7.924896240234375,20.27330207824707,20.24770164489746,0,1.034000039100647,0.9067617654800415,50,2.799999952316284,2.285052537918091,0,0,0,0,10.594923236370805,0,0,0,0.003712068311870098,-0.0038014173042029142,0,-8.934897050494328e-05,100.64363861083984,100.6541519165039,791.9698486328125,791.9780883789062,791.9780883789062,550.5288696289062,0,0,23.893835067749023,0.0010999999940395355,0.02200000174343586,0.03299999609589577,0.04399999603629112,5655.8173828125,114276.53125,0.0429663360118866,0,3.1392715754918754e-05,128.36727905273438,0,0.0002616529818624258,2.8350639695418067e-05,0,0,23.700000762939453,0,0,1600,0,50,0,0,0,50,50,800,0.0,0.0,0.0,0.0
71,158.1640167236328,309.0801696777344,326.0833435058594,326.1081237792969,292.07366943359375,292.0489501953125,16515.818359375,33031.63671875,68.99752044677734,68.98464965820312,1795.396728515625,3710.78369140625,1794.5426025390625,3576.28662109375,284.5206298828125,61.920780181884766,-3.030161451533786e-06,0,0,2574.77099609375,1291.6199951171875,0,23.890235900878906,2722.599365234375,11.830484390258789,12.150813102722168,908.549072265625,1819.3216552734375,49.92325210571289,53.603912353515625,100,0,0,346.3567810058594,0,7.924896240234375,20.2734375,20.2486515045166,0,1.034000039100647,0.9067617654800415,50,2.799999952316284,2.285132646560669,0,0,0,0,10.402112249566116,0,0,0,0.003691157093271613,-0.003780897706747055,0,-8.974063530331478e-05,100.63999938964844,100.65061950683594,791.953125,791.9614868164062,791.9614868164062,550.520751953125,0,0,23.890235900878906,0.0010999999940395355,0.02200000174343586,0.03299999609589577,0.04399999603629112,5655.8173828125,114276.53125,0.0429663360118866,0,3.1392715754918754e-05,130.18807983398438,0,0.0002616529818624258,2.8350639695418067e-05,0,0,23.700000762939453,0,0,1600,0,50,0,0,0,50,50,800,0.0,0.0,0.0,0.0
72,158.16468811035156,309.08050537109375,326.0835266113281,326.1075134277344,292.07415771484375,292.05023193359375,16515.818359375,33031.63671875,68.9979248046875,68.98526763916016,1795.3900146484375,3709.32421875,1794.531982421875,3576.296875,284.52099609375,61.921722412109375,2.2142021407489665e-06,0,0,2574.76904296875,1291.6224365234375,0,23.88800048828125,2722.5029296875,11.830533981323242,12.154236793518066,908.5457763671875,1819.2335205078125,49.92444610595703,53.64487838745117,100,0,0,346.35711669921875,0,7.924896240234375,20.27360725402832,20.249601364135742,0,1.034000039100647,0.9067617654800415,50,2.799999952316284,2.2852134704589844,0,0,0,0,10.209302268688056,0,0,0,0.0036702456418424845,-0.003760210471227765,0,-8.99649239727296e-05,100.6363754272461,100.64705657958984,791.9363403320312,791.9447631835938,791.9447631835938,550.5125122070312,0,0,23.88800048828125,0.0010999999940395355,0.02200000174343586,0.03299999609589577,0.04399999603629112,5655.8173828125,114276.53125,0.0429663360118866,0,3.1392715754918754e-05,132.00888061523438,0,0.0002616529818624258,2.8350639695418067e-05,0,0,23.700000762939453,0,0,1600,0,50,0,0,0,50,50,800,0.0,0.0,0.0,0.0
73,158.1653594970703,309.0808410644531,326.08367919921875,326.1069030761719,292.07464599609375,292.0515441894531,16515.818359375,33031.63671875,68.99833679199219,68.98587799072266,1795.3831787109375,3707.863037109375,1794.52685546875,3576.30224609375,284.5213928222656,61.922664642333984,-3.1771692192705814e-06,0,0,2574.766845703125,1291.6243896484375,0,23.884469985961914,2722.40625,11.830585479736328,12.157624244689941,908.5437622070312,1819.1427001953125,49.92566680908203,53.68540573120117,100,0,0,346.3574523925781,0,7.924896240234375,20.27377700805664,20.25054931640625,0,1.034000039100647,0.9067617654800415,50,2.799999952316284,2.285294532775879,0,0,0,0,10.016492287809998,0,0,0,0.003649333957582712,-0.0037394396495074034,0,-9.010567009681836e-05,100.63275146484375,100.64348602294922,791.91943359375,791.9279174804688,791.9279174804688,550.5042724609375,0,0,23.884469985961914,0.0010999999940395355,0.02200000174343586,0.03299999609589577,0.04399999603629112,5655.8173828125,114276.53125,0.0429663360118866,0,3.1392715754918754e-05,133.82968139648438,0,0.0002616529818624258,2.8350639695418067e-05,0,0,23.700000762939453,0,0,1600,0,50,0,0,0,50,50,800,0.0,0.0,0.0,0.0
74,158.166015625,309.0811767578125,326.0838317871094,326.10626220703125,292.0751953125,292.0528259277344,16515.818359375,33031.63671875,68.99874877929688,68.98650360107422,1795.376220703125,3706.3994140625,1794.5198974609375,3576.308837890625,284.521728515625,61.92359924316406,9.051789788827591e-07,0,0,2574.764892578125,1291.6268310546875,0,23.880939483642578,2722.30859375,11.830635070800781,12.160974502563477,908.5406494140625,1819.0517578125,49.92691421508789,53.72550582885742,100,0,0,346.35784912109375,0,7.924896240234375,20.274015426635742,20.251567840576172,0,1.034000039100647,0.9067617654800415,50,2.799999952316284,2.28537654876709,0,0,0,0,9.82368230693194,0,0,0,0.0036284220404922962,-0.003718501189723611,0,-9.007903281599283e-05,100.6291275024414,100.63987731933594,791.9024658203125,791.9109497070312,791.9109497070312,550.4959716796875,0,0,23.880939483642578,0.0010999999940395355,0.02200000174343586,0.03299999609589577,0.04399999603629112,5655.8173828125,114276.53125,0.0429663360118866,0,3.1392715754918754e-05,135.65048217773438,0,0.0002616529818624258,2.8350639695418067e-05,0,0,23.700000762939453,0,0,1600,0,50,0,0,0,50,50,800,0.0,0.0,0.0,0.0
75,158.16665649414062,309.08154296875,326.083984375,326.10565185546875,292.07568359375,292.0540771484375,16515.818359375,33031.63671875,68.9991683959961,68.98712158203125,1795.36767578125,3704.93701171875,1794.5108642578125,3576.318115234375,284.5220947265625,61.92451095581055,1.5014804830570938e-06,0,0,2574.76318359375,1291.6290283203125,0,23.881519317626953,2722.211181640625,11.830687522888184,12.164286613464355,908.5372924804688,1818.9608154296875,49.92815017700195,53.76515579223633,100,0,0,346.358154296875,0,7.924896240234375,20.274150848388672,20.252483367919922,0,1.034000039100647,0.9067617654800415,50,2.799999952316284,2.2854583263397217,0,0,0,0,9.640512120949142,0,0,0,0.003607510356232524,-0.0036975627299398184,0,-9.00523955351673e-05,100.6255111694336,100.63627624511719,791.8855590820312,791.8939819335938,791.8939819335938,550.4876708984375,0,0,23.881519317626953,0.0010999999940395355,0.02200000174343586,0.03299999609589577,0.04399999603629112,5655.8173828125,114276.53125,0.0429663360118866,0,3.1392715754918754e-05,137.47128295898438,0,0.0002616529818624258,2.8350639695418067e-05,0,0,23.700000762939453,0,0,1600,0,50,0,0,0,50,50,800,0.0,0.0,0.0,0.0
76,158.16729736328125,309.0818786621094,326.0841979980469,326.10504150390625,292.0761413574219,292.05535888671875,16515.818359375,33031.63671875,68.99958801269531,68.98774719238281,1795.35888671875,3703.47216796875,1794.50390625,3576.324951171875,284.5224609375,61.92542266845703,2.0977820440748474e-06,0,0,2574.76123046875,1291.63134765625,0,23.87809944152832,2722.11376953125,11.83073902130127,12.167563438415527,908.5339965820312,1818.8697509765625,49.92938232421875,53.804405212402344,100,0,0,346.3584899902344,0,7.924896240234375,20.2742862701416,20.25343132019043,0,1.034000039100647,0.9067617654800415,50,2.799999952316284,2.2855403423309326,0,0,0,0,9.457341934966344,0,0,0,0.0035865982063114643,-0.003676624270156026,0,-9.002606384456158e-05,100.62191009521484,100.6326675415039,791.8685913085938,791.8770751953125,791.8770751953125,550.4793701171875,0,0,23.87809944152832,0.0010999999940395355,0.02200000174343586,0.03299999609589577,0.04399999603629112,5655.8173828125,114276.53125,0.0429663360118866,0,3.1392715754918754e-05,139.29208374023438,0,0.0002616529818624258,2.8350639695418067e-05,0,0,23.700000762939453,0,0,1600,0,50,0,0,0,50,50,800,0.0,0.0,0.0,0.0
77,158.16793823242188,309.08221435546875,326.08441162109375,326.10443115234375,292.0766296386719,292.056640625,16515.818359375,33031.63671875,69.00000762939453,68.98837280273438,1795.3505859375,3702.0087890625,1794.49658203125,3576.33251953125,284.5228271484375,61.92631530761719,-2.1095529234571586e-07,0,0,2574.75927734375,1291.6337890625,0,23.87604331970215,2722.016357421875,11.830788612365723,12.17080020904541,908.5306396484375,1818.7786865234375,49.93061065673828,53.84318161010742,100,0,0,346.35882568359375,0,7.924896240234375,20.27442169189453,20.25438117980957,0,1.034000039100647,0.9067617654800415,50,2.799999952316284,2.2856221199035645,0,0,0,0,9.274172754910177,0,0,0,0.0035656855907291174,-0.0036556858103722334,0,-9.000003774417564e-05,100.61830139160156,100.62906646728516,791.8516235351562,791.860107421875,791.860107421875,550.4710693359375,0,0,23.87604331970215,0.0010999999940395355,0.02200000174343586,0.03299999609589577,0.04399999603629112,5655.8173828125,114276.53125,0.0429663360118866,0,3.1392715754918754e-05,141.11288452148438,0,0.0002616529818624258,2.8350639695418067e-05,0,0,23.700000762939453,0,0,1600,0,50,0,0,0,50,50,800,0.0,0.0,0.0,0.0
78,158.16856384277344,309.08251953125,326.0845947265625,326.10382080078125,292.07708740234375,292.0579528808594,16515.818359375,33031.63671875,69.00042724609375,68.9889907836914,1795.341552734375,3700.545166015625,1794.48876953125,3576.34033203125,284.5231628417969,61.927215576171875,-1.35767709252832e-06,0,0,2574.757080078125,1291.6357421875,0,23.871326446533203,2721.918701171875,11.830839157104492,12.173999786376953,908.52734375,1818.687744140625,49.93183517456055,53.881534576416016,100,0,0,346.359130859375,0,7.924896240234375,20.27452278137207,20.25529670715332,0,1.034000039100647,0.9067617654800415,50,2.799999952316284,2.2857041358947754,0,0,0,0,9.09100256892738,0,0,0,0.003546864725649357,-0.003634747350588441,0,-8.788248669588938e-05,100.61469268798828,100.62545776367188,791.8346557617188,791.8431396484375,791.8431396484375,550.4627685546875,0,0,23.871326446533203,0.0010999999940395355,0.02200000174343586,0.03299999609589577,0.04399999603629112,5655.8173828125,114276.53125,0.0429663360118866,0,3.1392715754918754e-05,142.93368530273438,0,0.0002616529818624258,2.8350639695418067e-05,0,0,23.700000762939453,0,0,1600,0,50,0,0,0,50,50,800,0.0,0.0,0.0,0.0
79,158.16917419433594,309.08282470703125,326.08477783203125,326.1031799316406,292.0776062011719,292.0592041015625,16515.818359375,33031.63671875,69.0008544921875,68.98961639404297,1795.3321533203125,3699.082275390625,1794.478759765625,3576.350341796875,284.5235290527344,61.928104400634766,-4.2474221118027344e-06,0,0,2574.755615234375,1291.63818359375,0,23.870677947998047,2721.822021484375,11.830888748168945,12.177162170410156,908.521484375,1818.593994140625,49.933040618896484,53.91944122314453,100,0,0,346.3594665527344,0,7.924896240234375,20.27469253540039,20.25628089904785,0,1.034000039100647,0.9067617654800415,50,2.799999952316284,2.28578519821167,0,0,0,0,8.912653789282158,0,0,0,0.0035280436277389526,-0.003613892709836364,0,-8.584908209741116e-05,100.61136627197266,100.62188720703125,791.8179931640625,791.8262329101562,791.8262329101562,550.4544677734375,0,0,23.870677947998047,0.0010999999940395355,0.02200000174343586,0.03299999609589577,0.04399999603629112,5655.8173828125,114276.53125,0.0429663360118866,0,3.1392715754918754e-05,144.75448608398438,0,0.0002616529818624258,2.8350639695418067e-05,0,0,23.700000762939453,0,0,1600,0,50,0,0,0,50,50,800,0.0,0.0,0.0,0.0
80,158.16978454589844,309.0831604003906,326.08489990234375,326.1025390625,292.0781555175781,292.06048583984375,16515.818359375,33031.63671875,69.00127410888672,68.99024200439453,1795.322021484375,3697.62158203125,1794.4674072265625,3576.361572265625,284.52386474609375,61.92898178100586,1.7555445310790674e-06,0,0,2574.75341796875,1291.640625,0,23.868711471557617,2721.72705078125,11.830938339233398,12.180288314819336,908.5166015625,1818.503173828125,49.93419647216797,53.95692825317383,100,0,0,346.3597717285156,0,7.924896240234375,20.27486228942871,20.257230758666992,0,1.034000039100647,0.9067617654800415,50,2.799999952316284,2.28586483001709,0,0,0,0,8.739124404121254,0,0,0,0.003507130779325962,-0.0035935405176132917,0,-8.640964369988069e-05,100.60798645019531,100.61837768554688,791.8015747070312,791.8097534179688,791.8097534179688,550.4464111328125,0,0,23.868711471557617,0.0010999999940395355,0.02200000174343586,0.03299999609589577,0.04399999603629112,5655.8173828125,114276.53125,0.0429663360118866,0,3.1392715754918754e-05,146.57528686523438,0,0.0002616529818624258,2.8350639695418067e-05,0,0,23.700000762939453,0,0,1600,0,50,0,0,0,50,50,800,0.0,0.0,0.0,0.0
81,158.17039489746094,309.08349609375,326.0850830078125,326.1019287109375,292.07861328125,292.061767578125,16515.818359375,33031.63671875,69.001708984375,68.99085998535156,1795.312255859375,3696.161376953125,1794.460205078125,3576.36865234375,284.52423095703125,61.92987060546875,-1.1342006018821849e-06,0,0,2574.751708984375,1291.6429443359375,0,23.86542510986328,2721.633056640625,11.830989837646484,12.18337631225586,908.5130615234375,1818.4122314453125,49.935394287109375,53.99394989013672,100,0,0,346.3600769042969,0,7.924896240234375,20.27499771118164,20.258146286010742,0,1.034000039100647,0.9067617654800415,50,2.799999952316284,2.2859439849853516,0,0,0,0,8.565595018960348,0,0,0,0.0034862179309129715,-0.0035733559634536505,0,-8.713789429748431e-05,100.60452270507812,100.61489868164062,791.7852783203125,791.79345703125,791.79345703125,550.4383544921875,0,0,23.86542510986328,0.0010999999940395355,0.02200000174343586,0.03299999609589577,0.04399999603629112,5655.8173828125,114276.53125,0.0429663360118866,0,3.1392715754918754e-05,148.39608764648438,0,0.0002616529818624258,2.8350639695418067e-05,0,0,23.700000762939453,0,0,1600,0,50,0,0,0,50,50,800,0.0,0.0,0.0,0.0
82,158.17098999023438,309.0838317871094,326.085205078125,326.1012878417969,292.0791320800781,292.0631103515625,16515.818359375,33031.63671875,69.00213623046875,68.99148559570312,1795.30224609375,3694.70166015625,1794.452880859375,3576.376220703125,284.5245666503906,61.93074417114258,4.287758201826364e-06,0,0,2574.75,1291.6451416015625,0,23.86345863342285,2721.5390625,11.831040382385254,12.186427116394043,908.5097045898438,1818.3212890625,49.93659210205078,54.0305290222168,100,0,0,346.3603820800781,0,7.924896240234375,20.27516746520996,20.25909423828125,0,1.034000039100647,0.9067617654800415,50,2.799999952316284,2.286022663116455,0,0,0,0,8.392065633799444,0,0,0,0.0034653048496693373,-0.0035531711764633656,0,-8.786614489508793e-05,100.6009750366211,100.6114273071289,791.7688598632812,791.777099609375,791.777099609375,550.4303588867188,0,0,23.86345863342285,0.0010999999940395355,0.02200000174343586,0.03299999609589577,0.04399999603629112,5655.8173828125,114276.53125,0.0429663360118866,0,3.1392715754918754e-05,150.21688842773438,0,0.0002616529818624258,2.8350639695418067e-05,0,0,23.700000762939453,0,0,1600,0,50,0,0,0,50,50,800,0.0,0.0,0.0,0.0
83,158.17160034179688,309.08416748046875,326.0853576660156,326.10064697265625,292.0796813964844,292.06439208984375,16515.818359375,33031.63671875,69.0025634765625,68.99210357666016,1795.291748046875,3693.24365234375,1794.443115234375,3576.3857421875,284.52490234375,61.9316291809082,8.17005400222115e-07,0,0,2574.748046875,1291.647705078125,0,23.858810424804688,2721.444091796875,11.831089973449707,12.189440727233887,908.505126953125,1818.23046875,49.93779373168945,54.06668472290039,100,0,0,346.3606872558594,0,7.924896240234375,20.27533721923828,20.26004409790039,0,1.034000039100647,0.9067617654800415,50,2.799999952316284,2.286102533340454,0,0,0,0,8.218536751601853,0,0,0,0.0034443920012563467,-0.0035328189842402935,0,-8.842700481181964e-05,100.597412109375,100.60791778564453,791.7523193359375,791.7606201171875,791.7606201171875,550.4223022460938,0,0,23.858810424804688,0.0010999999940395355,0.02200000174343586,0.03299999609589577,0.04399999603629112,5655.8173828125,114276.53125,0.0429663360118866,0,3.1392715754918754e-05,152.03768920898438,0,0.0002616529818624258,2.8350639695418067e-05,0,0,23.700000762939453,0,0,1600,0,50,0,0,0,50,50,800,0.0,0.0,0.0,0.0
84,158.17221069335938,309.0845031738281,326.0854797363281,326.10003662109375,292.0802307128906,292.065673828125,16515.818359375,33031.63671875,69.00299835205078,68.99272918701172,1795.280517578125,3691.7880859375,1794.435302734375,3576.393310546875,284.5252685546875,61.93251037597656,-3.2347554679290624e-06,0,0,2574.746337890625,1291.64990234375,0,23.855501174926758,2721.34912109375,11.83113956451416,12.192416191101074,908.50146484375,1818.1397705078125,49.938968658447266,54.1024055480957,100,0,0,346.3609924316406,0,7.924896240234375,20.2755069732666,20.26095962524414,0,1.034000039100647,0.9067617654800415,50,2.799999952316284,2.286182403564453,0,0,0,0,8.045007366440949,0,0,0,0.003423478454351425,-0.0035123832058161497,0,-8.890463504940271e-05,100.59383392333984,100.60440063476562,791.7357177734375,791.7440795898438,791.7440795898438,550.4141845703125,0,0,23.855501174926758,0.0010999999940395355,0.02200000174343586,0.03299999609589577,0.04399999603629112,5655.8173828125,114276.53125,0.0429663360118866,0,3.1392715754918754e-05,153.85848999023438,0,0.0002616529818624258,2.8350639695418067e-05,0,0,23.700000762939453,0,0,1600,0,50,0,0,0,50,50,800,0.0,0.0,0.0,0.0
85,158.1728057861328,309.0848388671875,326.08563232421875,326.09942626953125,292.0807189941406,292.06695556640625,16515.818359375,33031.63671875,69.0034408569336,68.99335479736328,1795.2694091796875,3690.33447265625,1794.4276123046875,3576.40185546875,284.5256042480469,61.933387756347656,2.7682115160132525e-06,0,0,2574.74462890625,1291.65234375,0,23.85219383239746,2721.253173828125,11.83119010925293,12.195354461669922,908.4968872070312,1818.048828125,49.9401969909668,54.1376838684082,100,0,0,346.361328125,0,7.924896240234375,20.27570915222168,20.26190948486328,0,1.034000039100647,0.9067617654800415,50,2.799999952316284,2.2862629890441895,0,0,0,0,7.8714779812800435,0,0,0,0.0034025651402771473,-0.0034917795564979315,0,-8.921427797758952e-05,100.59022521972656,100.6008529663086,791.7190551757812,791.7273559570312,791.7273559570312,550.406005859375,0,0,23.85219383239746,0.0010999999940395355,0.02200000174343586,0.03299999609589577,0.04399999603629112,5655.8173828125,114276.53125,0.0429663360118866,0,3.1392715754918754e-05,155.67929077148438,0,0.0002616529818624258,2.8350639695418067e-05,0,0,23.700000762939453,0,0,1600,0,50,0,0,0,50,50,800,0.0,0.0,0.0,0.0
86,158.1734161376953,309.085205078125,326.08575439453125,326.0987548828125,292.0812683105469,292.06829833984375,16515.818359375,33031.63671875,69.00387573242188,68.99397277832031,1795.2576904296875,3688.88134765625,1794.420166015625,3576.40869140625,284.5259704589844,61.93425750732422,-3.0265723580669146e-06,0,0,2574.74267578125,1291.6544189453125,0,23.850271224975586,2721.15673828125,11.831239700317383,12.198256492614746,908.4932861328125,1817.958251953125,49.94139862060547,54.172550201416016,100,0,0,346.36163330078125,0,7.924896240234375,20.27587890625,20.26289176940918,0,1.034000039100647,0.9067617654800415,50,2.799999952316284,2.286344051361084,0,0,0,0,7.697949099082453,0,0,0,0.0033816515933722258,-0.003471092553809285,0,-8.944098226493225e-05,100.58662414550781,100.5972900390625,791.7022094726562,791.7106323242188,791.7106323242188,550.3978271484375,0,0,23.850271224975586,0.0010999999940395355,0.02200000174343586,0.03299999609589577,0.04399999603629112,5655.8173828125,114276.53125,0.0429663360118866,0,3.1392715754918754e-05,157.50009155273438,0,0.0002616529818624258,2.8350639695418067e-05,0,0,23.700000762939453,0,0,1600,0,50,0,0,0,50,50,800,0.0,0.0,0.0,0.0
87,158.1739959716797,309.0855407714844,326.0859069824219,326.09814453125,292.0818176269531,292.069580078125,16515.818359375,33031.63671875,69.00431823730469,68.99459838867188,1795.2447509765625,3687.432861328125,1794.41064453125,3576.41845703125,284.52630615234375,61.93512725830078,1.8143784927815432e-06,0,0,2574.740966796875,1291.6571044921875,0,23.847007751464844,2721.059814453125,11.831291198730469,12.201120376586914,908.4884643554688,1817.8677978515625,49.94261169433594,54.20697784423828,100,0,0,346.3619384765625,0,7.924896240234375,20.27604866027832,20.26380729675293,0,1.034000039100647,0.9067617654800415,50,2.799999952316284,2.2864253520965576,0,0,0,0,7.529240114332494,0,0,0,0.003360737580806017,-0.00345032149925828,0,-8.958385296864435e-05,100.5830307006836,100.59371185302734,791.6854248046875,791.6937866210938,791.6937866210938,550.3895874023438,0,0,23.847007751464844,0.0010999999940395355,0.02200000174343586,0.03299999609589577,0.04399999603629112,5655.8173828125,114276.53125,0.0429663360118866,0,3.1392715754918754e-05,159.32089233398438,0,0.0002616529818624258,2.8350639695418067e-05,0,0,23.700000762939453,0,0,1600,0,50,0,0,0,50,50,800,0.0,0.0,0.0,0.0
88,158.174560546875,309.08587646484375,326.0860290527344,326.0975036621094,292.0823669433594,292.0708923339844,16515.818359375,33031.63671875,69.00475311279297,68.99522399902344,1795.2322998046875,3685.985595703125,1794.402099609375,3576.427001953125,284.5266418457031,61.93598556518555,4.91230639454443e-06,0,0,2574.739013671875,1291.6593017578125,0,23.8437442779541,2720.963134765625,11.831339836120605,12.203948020935059,908.4849243164062,1817.77734375,49.943809509277344,54.24098205566406,100,0,0,346.3622131347656,0,7.924896240234375,20.27618408203125,20.26472282409668,0,1.034000039100647,0.9067617654800415,50,2.799999952316284,2.2865066528320312,0,0,0,0,7.365351027030166,0,0,0,0.0033398238010704517,-0.003429550677537918,0,-8.972671639639884e-05,100.57942962646484,100.59013366699219,791.6685791015625,791.677001953125,791.677001953125,550.38134765625,0,0,23.8437442779541,0.0010999999940395355,0.02200000174343586,0.03299999609589577,0.04399999603629112,5655.8173828125,114276.53125,0.0429663360118866,0,3.1392715754918754e-05,161.14169311523438,0,0.0002616529818624258,2.8350639695418067e-05,0,0,23.700000762939453,0,0,1600,0,50,0,0,0,50,50,800,0.0,0.0,0.0,0.0
89,158.17514038085938,309.0862121582031,326.0861511230469,326.0968017578125,292.0828857421875,292.07220458984375,16515.818359375,33031.63671875,69.00519561767578,68.99584197998047,1795.21923828125,3684.542724609375,1794.3927001953125,3576.43603515625,284.5269775390625,61.93684387207031,-2.625500883368659e-06,0,0,2574.737548828125,1291.661865234375,0,23.841890335083008,2720.8662109375,11.831390380859375,12.206737518310547,908.4800415039062,1817.6868896484375,49.945011138916016,54.274539947509766,100,0,0,346.3625183105469,0,7.924896240234375,20.27635383605957,20.26570701599121,0,1.034000039100647,0.9067617654800415,50,2.799999952316284,2.286587953567505,0,0,0,0,7.201462442691152,0,0,0,0.0033189095556735992,-0.003408779390156269,0,-8.986988541437313e-05,100.5758285522461,100.58655548095703,791.6516723632812,791.66015625,791.66015625,550.3731079101562,0,0,23.841890335083008,0.0010999999940395355,0.02200000174343586,0.03299999609589577,0.04399999603629112,5655.8173828125,114276.53125,0.0429663360118866,0,3.1392715754918754e-05,162.96249389648438,0,0.0002616529818624258,2.8350639695418067e-05,0,0,23.700000762939453,0,0,1600,0,50,0,0,0,50,50,800,0.0,0.0,0.0,0.0
90,158.1757049560547,309.0865478515625,326.0863037109375,326.0961608886719,292.08343505859375,292.07354736328125,16515.818359375,33031.63671875,69.00564575195312,68.99646759033203,1795.205810546875,3683.1025390625,1794.38232421875,3576.44677734375,284.5273132324219,61.93769454956055,-6.895887167956971e-07,0,0,2574.735595703125,1291.6644287109375,0,23.84003448486328,2720.769287109375,11.831439018249512,12.209490776062012,908.47509765625,1817.599365234375,49.946189880371094,54.30768585205078,100,0,0,346.3628234863281,0,7.924896240234375,20.27652359008789,20.26665687561035,0,1.034000039100647,0.9067617654800415,50,2.799999952316284,2.2866694927215576,0,0,0,0,7.03757385835214,0,0,0,0.0032979955431073904,-0.003387924749404192,0,-8.992920629680157e-05,100.57222747802734,100.58296966552734,791.6348266601562,791.643310546875,791.643310546875,550.3648071289062,0,0,23.84003448486328,0.0010999999940395355,0.02200000174343586,0.03299999609589577,0.04399999603629112,5655.8173828125,114276.53125,0.0429663360118866,0,3.1392715754918754e-05,164.78329467773438,0,0.0002616529818624258,2.8350639695418067e-05,0,0,23.700000762939453,0,0,1600,0,50,0,0,0,50,50,800,0.0,0.0,0.0,0.0
91,158.17628479003906,309.08685302734375,326.08642578125,326.0955505371094,292.083984375,292.0748291015625,16515.818359375,33031.63671875,69.00608825683594,68.9970932006836,1795.1915283203125,3681.665283203125,1794.3729248046875,3576.4560546875,284.52764892578125,61.93854904174805,1.8273314026373555e-06,0,0,2574.73388671875,1291.6666259765625,0,23.835474014282227,2720.671630859375,11.831488609313965,12.212207794189453,908.47021484375,1817.50927734375,49.9473991394043,54.340396881103516,100,0,0,346.36309814453125,0,7.924896240234375,20.27665901184082,20.26753807067871,0,1.034000039100647,0.9067617654800415,50,2.799999952316284,2.2867515087127686,0,0,0,0,6.873685274013126,0,0,0,0.003279172582551837,-0.0033669862896203995,0,-8.781377982813865e-05,100.56861114501953,100.57936096191406,791.6178588867188,791.6263427734375,791.6263427734375,550.3565063476562,0,0,23.835474014282227,0.0010999999940395355,0.02200000174343586,0.03299999609589577,0.04399999603629112,5655.8173828125,114276.53125,0.0429663360118866,0,3.1392715754918754e-05,166.60409545898438,0,0.0002616529818624258,2.8350639695418067e-05,0,0,23.700000762939453,0,0,1600,0,50,0,0,0,50,50,800,0.0,0.0,0.0,0.0
92,158.17684936523438,309.087158203125,326.0865478515625,326.09490966796875,292.0845642089844,292.0761413574219,16515.818359375,33031.63671875,69.00653076171875,68.99771118164062,1795.177978515625,3680.23193359375,1794.363037109375,3576.466064453125,284.5279846191406,61.93937683105469,2.7719698891814915e-07,0,0,2574.732177734375,1291.669189453125,0,23.836368560791016,2720.5751953125,11.831536293029785,12.214887619018555,908.4627075195312,1817.4144287109375,49.94856262207031,54.3726806640625,100,0,0,346.3634033203125,0,7.924896240234375,20.27686309814453,20.26848793029785,0,1.034000039100647,0.9067617654800415,50,2.799999952316284,2.286832809448242,0,0,0,0,6.709796186710799,0,0,0,0.0032603496219962835,-0.0033461316488683224,0,-8.578219421906397e-05,100.56529998779297,100.57579040527344,791.6011962890625,791.6094360351562,791.6094360351562,550.3482055664062,0,0,23.836368560791016,0.0010999999940395355,0.02200000174343586,0.03299999609589577,0.04399999603629112,5655.8173828125,114276.53125,0.0429663360118866,0,3.1392715754918754e-05,168.42489624023438,0,0.0002616529818624258,2.8350639695418067e-05,0,0,23.700000762939453,0,0,1600,0,50,0,0,0,50,50,800,0.0,0.0,0.0,0.0
93,158.17739868164062,309.0874938964844,326.086669921875,326.0942687988281,292.0851135253906,292.07745361328125,16515.818359375,33031.63671875,69.0069808959961,68.99832153320312,1795.163330078125,3678.8037109375,1794.35546875,3576.4736328125,284.5283203125,61.940216064453125,4.700859221884457e-07,0,0,2574.73046875,1291.6715087890625,0,23.830533981323242,2720.480224609375,11.831586837768555,12.217530250549316,908.458984375,1817.3248291015625,49.949737548828125,54.40452575683594,100,0,0,346.3636779785156,0,7.924896240234375,20.27699851989746,20.2694034576416,0,1.034000039100647,0.9067617654800415,50,2.799999952316284,2.286912679672241,0,0,0,0,6.550728002782731,0,0,0,0.0032394349109381437,-0.0033257794566452503,0,-8.634456753497943e-05,100.56192779541016,100.57228088378906,791.5848388671875,791.5929565429688,791.5929565429688,550.3401489257812,0,0,23.830533981323242,0.0010999999940395355,0.02200000174343586,0.03299999609589577,0.04399999603629112,5655.8173828125,114276.53125,0.0429663360118866,0,3.1392715754918754e-05,170.24569702148438,0,0.0002616529818624258,2.8350639695418067e-05,0,0,23.700000762939453,0,0,1600,0,50,0,0,0,50,50,800,0.0,0.0,0.0,0.0
94,158.1779327392578,309.08782958984375,326.0868225097656,326.0936584472656,292.08563232421875,292.0787353515625,16515.818359375,33031.63671875,69.0074234008789,68.99893951416016,1795.1490478515625,3677.379638671875,1794.3472900390625,3576.4814453125,284.5286560058594,61.941043853759766,-1.0800484915307607e-06,0,0,2574.729248046875,1291.6739501953125,0,23.830110549926758,2720.386474609375,11.831635475158691,12.220137596130371,908.4541625976562,1817.2352294921875,49.95091247558594,54.435916900634766,100,0,0,346.36395263671875,0,7.924896240234375,20.27713394165039,20.27028465270996,0,1.034000039100647,0.9067617654800415,50,2.799999952316284,2.2869913578033447,0,0,0,0,6.396479716302295,0,0,0,0.0032185199670493603,-0.003305678488686681,0,-8.715847798157483e-05,100.55844116210938,100.56881713867188,791.5685424804688,791.5767211914062,791.5767211914062,550.3321533203125,0,0,23.830110549926758,0.0010999999940395355,0.02200000174343586,0.03299999609589577,0.04399999603629112,5655.8173828125,114276.53125,0.0429663360118866,0,3.1392715754918754e-05,172.06649780273438,0,0.0002616529818624258,2.8350639695418067e-05,0,0,23.700000762939453,0,0,1600,0,50,0,0,0,50,50,800,0.0,0.0,0.0,0.0
95,158.178466796875,309.0881652832031,326.0869140625,326.093017578125,292.086181640625,292.08001708984375,16515.818359375,33031.63671875,69.00787353515625,68.99954986572266,1795.134521484375,3675.960205078125,1794.3365478515625,3576.4921875,284.52899169921875,61.94187545776367,-2.049175009233295e-06,0,0,2574.7275390625,1291.6763916015625,0,23.827003479003906,2720.29248046875,11.831683158874512,12.22270679473877,908.4491577148438,1817.1485595703125,49.95205307006836,54.46689224243164,100,0,0,346.3642578125,0,7.924896240234375,20.2773380279541,20.2712345123291,0,1.034000039100647,0.9067617654800415,50,2.799999952316284,2.2870705127716064,0,0,0,0,6.242231429821858,0,0,0,0.0031976052559912205,-0.0032854939345270395,0,-8.788884588284418e-05,100.55491638183594,100.56533813476562,791.5521240234375,791.5603637695312,791.5603637695312,550.3241577148438,0,0,23.827003479003906,0.0010999999940395355,0.02200000174343586,0.03299999609589577,0.04399999603629112,5655.8173828125,114276.53125,0.0429663360118866,0,3.1392715754918754e-05,173.88729858398438,0,0.0002616529818624258,2.8350639695418067e-05,0,0,23.700000762939453,0,0,1600,0,50,0,0,0,50,50,800,0.0,0.0,0.0,0.0
96,158.1790008544922,309.0885009765625,326.0870056152344,326.0923767089844,292.08673095703125,292.0813293457031,16515.818359375,33031.63671875,69.00831604003906,69.00016784667969,1795.1201171875,3674.545166015625,1794.326904296875,3576.501953125,284.5293273925781,61.94270324707031,-3.5993093661090825e-06,0,0,2574.725830078125,1291.678955078125,0,23.823896408081055,2720.197998046875,11.831730842590332,12.225240707397461,908.4442749023438,1817.0595703125,49.95322036743164,54.4974365234375,100,0,0,346.3645324707031,0,7.924896240234375,20.277507781982422,20.27215003967285,0,1.034000039100647,0.9067617654800415,50,2.799999952316284,2.287149667739868,0,0,0,0,6.087983143341423,0,0,0,0.0031766900792717934,-0.0032652257941663265,0,-8.853567123878747e-05,100.55136108398438,100.56185150146484,791.53564453125,791.5439453125,791.5439453125,550.316162109375,0,0,23.823896408081055,0.0010999999940395355,0.02200000174343586,0.03299999609589577,0.04399999603629112,5655.8173828125,114276.53125,0.0429663360118866,0,3.1392715754918754e-05,175.70809936523438,0,0.0002616529818624258,2.8350639695418067e-05,0,0,23.700000762939453,0,0,1600,0,50,0,0,0,50,50,800,0.0,0.0,0.0,0.0
97,158.17955017089844,309.0888671875,326.087158203125,326.0917663574219,292.0872802734375,292.0826416015625,16515.818359375,33031.63671875,69.0087661743164,69.00077819824219,1795.1043701171875,3673.1337890625,1794.318115234375,3576.510986328125,284.5296325683594,61.94352340698242,4.3242757783445995e-06,0,0,2574.724365234375,1291.681396484375,0,23.819425582885742,2720.102783203125,11.831778526306152,12.227739334106445,908.439208984375,1816.9705810546875,49.95437240600586,54.52759552001953,100,0,0,346.3647766113281,0,7.924896240234375,20.27764320373535,20.27303123474121,0,1.034000039100647,0.9067617654800415,50,2.799999952316284,2.2872300148010254,0,0,0,0,5.9337353598243014,0,0,0,0.0031557749025523663,-0.0032447895500808954,0,-8.90148148755543e-05,100.5477523803711,100.5583267211914,791.51904296875,791.5274047851562,791.5274047851562,550.3080444335938,0,0,23.819425582885742,0.0010999999940395355,0.02200000174343586,0.03299999609589577,0.04399999603629112,5655.8173828125,114276.53125,0.0429663360118866,0,3.1392715754918754e-05,177.52890014648438,0,0.0002616529818624258,2.8350639695418067e-05,0,0,23.700000762939453,0,0,1600,0,50,0,0,0,50,50,800,0.0,0.0,0.0,0.0
98,158.18008422851562,309.0892028808594,326.0872802734375,326.0911560058594,292.08782958984375,292.08392333984375,16515.818359375,33031.63671875,69.00922393798828,69.00139617919922,1795.0885009765625,3671.7275390625,1794.3067626953125,3576.5224609375,284.5299377441406,61.94434356689453,1.6121257431223057e-06,0,0,2574.72265625,1291.6837158203125,0,23.816341400146484,2720.0068359375,11.831826210021973,12.23020076751709,908.43408203125,1816.884521484375,49.95552444458008,54.55732727050781,100,0,0,346.36505126953125,0,7.924896240234375,20.27777862548828,20.27391242980957,0,1.034000039100647,0.9067617654800415,50,2.799999952316284,2.2873106002807617,0,0,0,0,5.779487073343865,0,0,0,0.003134859260171652,-0.003224186133593321,0,-8.9326873421669e-05,100.5441665649414,100.55477905273438,791.5023803710938,791.5106811523438,791.5106811523438,550.2998657226562,0,0,23.816341400146484,0.0010999999940395355,0.02200000174343586,0.03299999609589577,0.04399999603629112,5655.8173828125,114276.53125,0.0429663360118866,0,3.1392715754918754e-05,179.34970092773438,0,0.0002616529818624258,2.8350639695418067e-05,0,0,23.700000762939453,0,0,1600,0,50,0,0,0,50,50,800,0.0,0.0,0.0,0.0
99,158.1806182861328,309.0895080566406,326.0873718261719,326.09051513671875,292.08837890625,292.0852355957031,16515.818359375,33031.63671875,69.00967407226562,69.00200653076172,1795.07275390625,3670.32666015625,1794.298095703125,3576.53125,284.5302734375,61.945159912109375,-1.681031790212728e-06,0,0,2574.72119140625,1291.6861572265625,0,23.81328010559082,2719.91064453125,11.831873893737793,12.232625007629395,908.4290771484375,1816.7962646484375,49.956695556640625,54.586612701416016,100,0,0,346.3653259277344,0,7.924896240234375,20.2779483795166,20.27482795715332,0,1.034000039100647,0.9067617654800415,50,2.799999952316284,2.287391424179077,0,0,0,0,5.625238786863429,0,0,0,0.003116035368293524,-0.003203498898074031,0,-8.746358071221039e-05,100.54056549072266,100.55122375488281,791.4855346679688,791.4939575195312,791.4939575195312,550.2916870117188,0,0,23.81328010559082,0.0010999999940395355,0.02200000174343586,0.03299999609589577,0.04399999603629112,5655.8173828125,114276.53125,0.0429663360118866,0,3.1392715754918754e-05,181.17050170898438,0,0.0002616529818624258,2.8350639695418067e-05,0,0,23.700000762939453,0,0,1600,0,50,0,0,0,50,50,800,0.0,0.0,0.0,0.0
100,158.18112182617188,309.08978271484375,326.08746337890625,326.0898132324219,292.08892822265625,292.0865173339844,16515.818359375,33031.63671875,69.01012420654297,69.00261688232422,1795.0565185546875,3668.931640625,1794.2904052734375,3576.53857421875,284.53057861328125,61.94596862792969,4.499529950408032e-06,0,0,2574.719482421875,1291.6884765625,0,23.81157875061035,2719.814453125,11.83191967010498,12.235013961791992,908.4215698242188,1816.7027587890625,49.95785140991211,54.61549377441406,100,0,0,346.3656005859375,0,7.924896240234375,20.27815055847168,20.27577781677246,0,1.034000039100647,0.9067617654800415,50,2.799999952316284,2.2874724864959717,0,0,0,0,5.475810900793938,0,0,0,0.0030993029940873384,-0.003182811662554741,0,-8.350876305485144e-05,100.53723907470703,100.54766845703125,791.468994140625,791.4772338867188,791.4772338867188,550.283447265625,0,0,23.81157875061035,0.0010999999940395355,0.02200000174343586,0.03299999609589577,0.04399999603629112,5655.8173828125,114276.53125,0.0429663360118866,0,3.1392715754918754e-05,182.99130249023438,0,0.0002616529818624258,2.8350639695418067e-05,0,0,23.700000762939453,0,0,1600,0,50,0,0,0,50,50,800,0.0,0.0,0.0,0.0
101,158.18162536621094,309.0901184082031,326.08758544921875,326.0892028808594,292.0894470214844,292.0877685546875,16515.818359375,33031.63671875,69.01057434082031,69.00321197509766,1795.040283203125,3667.54296875,1794.2801513671875,3576.548583984375,284.5309143066406,61.9467658996582,-1.6986666651064297e-06,0,0,2574.7177734375,1291.6912841796875,0,23.811267852783203,2719.720947265625,11.831966400146484,12.237367630004883,908.4152221679688,1816.6148681640625,49.958984375,54.64393615722656,100,0,0,346.3658752441406,0,7.924896240234375,20.278287887573242,20.27665901184082,0,1.034000039100647,0.9067617654800415,50,2.799999952316284,2.287550926208496,0,0,0,0,5.331203415135394,0,0,0,0.0030783871188759804,-0.0031627111602574587,0,-8.43238813104108e-05,100.5340347290039,100.5442123413086,791.4529418945312,791.4609375,791.4609375,550.275390625,0,0,23.811267852783203,0.0010999999940395355,0.02200000174343586,0.03299999609589577,0.04399999603629112,5655.8173828125,114276.53125,0.0429663360118866,0,3.1392715754918754e-05,184.81210327148438,0,0.0002616529818624258,2.8350639695418067e-05,0,0,23.700000762939453,0,0,1600,0,50,0,0,0,50,50,800,0.0,0.0,0.0,0.0
102,158.18214416503906,309.0904541015625,326.0877380371094,326.0885925292969,292.0899963378906,292.08905029296875,16515.818359375,33031.63671875,69.01101684570312,69.00381469726562,1795.0240478515625,3666.159912109375,1794.270751953125,3576.55810546875,284.5312194824219,61.94757080078125,3.900887350027915e-06,0,0,2574.71630859375,1291.693603515625,0,23.808273315429688,2719.62890625,11.832013130187988,12.23968505859375,908.4114379882812,1816.5299072265625,49.96010971069336,54.67194366455078,100,0,0,346.3661193847656,0,7.924896240234375,20.27838897705078,20.277507781982422,0,1.034000039100647,0.9067617654800415,50,2.799999952316284,2.287628412246704,0,0,0,0,5.186595426513535,0,0,0,0.0030574710108339787,-0.003142945235595107,0,-8.547406469006091e-05,100.5306625366211,100.54080963134766,791.4369506835938,791.4449462890625,791.4449462890625,550.2676391601562,0,0,23.808273315429688,0.0010999999940395355,0.02200000174343586,0.03299999609589577,0.04399999603629112,5655.8173828125,114276.53125,0.0429663360118866,0,3.1392715754918754e-05,186.63290405273438,0,0.0002616529818624258,2.8350639695418067e-05,0,0,23.700000762939453,0,0,1600,0,50,0,0,0,50,50,800,0.0,0.0,0.0,0.0
103,158.18264770507812,309.0907897949219,326.0878601074219,326.0879821777344,292.09051513671875,292.0903015136719,16515.818359375,33031.63671875,69.01146697998047,69.0044174194336,1795.00732421875,3664.7822265625,1794.2591552734375,3576.570068359375,284.53155517578125,61.9483642578125,-2.8783169909729622e-06,0,0,2574.715087890625,1291.696044921875,0,23.805255889892578,2719.53662109375,11.832058906555176,12.241969108581543,908.4063110351562,1816.4451904296875,49.96119689941406,54.69956588745117,100,0,0,346.36639404296875,0,7.924896240234375,20.27852439880371,20.27838897705078,0,1.034000039100647,0.9067617654800415,50,2.799999952316284,2.287706136703491,0,0,0,0,5.041987940854991,0,0,0,0.003036554902791977,-0.0031231793109327555,0,-8.662424806971103e-05,100.52718353271484,100.53739929199219,791.4208374023438,791.4288940429688,791.4288940429688,550.259765625,0,0,23.805255889892578,0.0010999999940395355,0.02200000174343586,0.03299999609589577,0.04399999603629112,5655.8173828125,114276.53125,0.0429663360118866,0,3.1392715754918754e-05,188.45370483398438,0,0.0002616529818624258,2.8350639695418067e-05,0,0,23.700000762939453,0,0,1600,0,50,0,0,0,50,50,800,0.0,0.0,0.0,0.0
104,158.1831512451172,309.09112548828125,326.0879821777344,326.0873718261719,292.091064453125,292.091552734375,16515.818359375,33031.63671875,69.01192474365234,69.00502014160156,1794.9906005859375,3663.41162109375,1794.2515869140625,3576.57763671875,284.5318603515625,61.94916915893555,2.7212370241613826e-06,0,0,2574.713623046875,1291.698486328125,0,23.800918579101562,2719.44384765625,11.832103729248047,12.24421501159668,908.401123046875,1816.3582763671875,49.96229934692383,54.72675704956055,100,0,0,346.3666687011719,0,7.924896240234375,20.27865982055664,20.27927017211914,0,1.034000039100647,0.9067617654800415,50,2.799999952316284,2.2877840995788574,0,0,0,0,4.897379952233131,0,0,0,0.0030156385619193316,-0.003103245748206973,0,-8.760704804444686e-05,100.52364349365234,100.53396606445312,791.4046630859375,791.4127807617188,791.4127807617188,550.2518920898438,0,0,23.800918579101562,0.0010999999940395355,0.02200000174343586,0.03299999609589577,0.04399999603629112,5655.8173828125,114276.53125,0.0429663360118866,0,3.1392715754918754e-05,190.27450561523438,0,0.0002616529818624258,2.8350639695418067e-05,0,0,23.700000762939453,0,0,1600,0,50,0,0,0,50,50,800,0.0,0.0,0.0,0.0
105,158.18365478515625,309.0914306640625,326.0881042480469,326.0867614746094,292.0915832519531,292.0928039550781,16515.818359375,33031.63671875,69.01237487792969,69.00562286376953,1794.9735107421875,3662.04638671875,1794.2420654296875,3576.587158203125,284.5321960449219,61.9499626159668,-4.057967089465819e-06,0,0,2574.7119140625,1291.700927734375,0,23.800626754760742,2719.349609375,11.832149505615234,12.246426582336426,908.3961791992188,1816.273681640625,49.963443756103516,54.75353240966797,100,0,0,346.36688232421875,0,7.924896240234375,20.27879524230957,20.280118942260742,0,1.034000039100647,0.9067617654800415,50,2.799999952316284,2.287863254547119,0,0,0,0,4.752772466574587,0,0,0,0.002996813738718629,-0.003083061194047332,0,-8.624741167295724e-05,100.52006530761719,100.53048706054688,791.3882446289062,791.3964233398438,791.3964233398438,550.243896484375,0,0,23.800626754760742,0.0010999999940395355,0.02200000174343586,0.03299999609589577,0.04399999603629112,5655.8173828125,114276.53125,0.0429663360118866,0,3.1392715754918754e-05,192.09530639648438,0,0.0002616529818624258,2.8350639695418067e-05,0,0,23.700000762939453,0,0,1600,0,50,0,0,0,50,50,800,0.0,0.0,0.0,0.0
106,158.1841583251953,309.09173583984375,326.08819580078125,326.0862121582031,292.09210205078125,292.09405517578125,16515.818359375,33031.63671875,69.01282501220703,69.00621032714844,1794.9559326171875,3660.6875,1794.231689453125,3576.597412109375,284.5325012207031,61.95074462890625,-1.9444596546236426e-06,0,0,2574.71044921875,1291.703125,0,23.79765510559082,2719.255859375,11.832194328308105,12.248602867126465,908.3885498046875,1816.1846923828125,49.96457290649414,54.779903411865234,100,0,0,346.3671569824219,0,7.924896240234375,20.27896499633789,20.28096580505371,0,1.034000039100647,0.9067617654800415,50,2.799999952316284,2.287942409515381,0,0,0,0,4.608164980916043,0,0,0,0.002977988915517926,-0.0030627925880253315,0,-8.48036288516596e-05,100.5167465209961,100.52701568603516,791.3719482421875,791.3800048828125,791.3800048828125,550.23583984375,0,0,23.79765510559082,0.0010999999940395355,0.02200000174343586,0.03299999609589577,0.04399999603629112,5655.8173828125,114276.53125,0.0429663360118866,0,3.1392715754918754e-05,193.91610717773438,0,0.0002616529818624258,2.8350639695418067e-05,0,0,23.700000762939453,0,0,1600,0,50,0,0,0,50,50,800,0.0,0.0,0.0,0.0
107,158.18466186523438,309.0920715332031,326.0883483886719,326.08563232421875,292.0926208496094,292.09527587890625,16515.818359375,33031.63671875,69.01326751708984,69.00680541992188,1794.938720703125,3659.3349609375,1794.2216796875,3576.607177734375,284.5328063964844,61.95153045654297,7.500555057049496e-07,0,0,2574.708984375,1291.7056884765625,0,23.794727325439453,2719.16259765625,11.832237243652344,12.25074577331543,908.3834228515625,1816.1011962890625,49.965641021728516,54.80588912963867,100,0,0,346.3674011230469,0,7.924896240234375,20.27906608581543,20.281780242919922,0,1.034000039100647,0.9067617654800415,50,2.799999952316284,2.288020610809326,0,0,0,0,4.463556992294183,0,0,0,0.0029570721089839935,-0.0030428592581301928,0,-8.57870327308774e-05,100.51338958740234,100.52357482910156,791.3558959960938,791.3638916015625,791.3638916015625,550.2279052734375,0,0,23.794727325439453,0.0010999999940395355,0.02200000174343586,0.03299999609589577,0.04399999603629112,5655.8173828125,114276.53125,0.0429663360118866,0,3.1392715754918754e-05,195.73690795898438,0,0.0002616529818624258,2.8350639695418067e-05,0,0,23.700000762939453,0,0,1600,0,50,0,0,0,50,50,800,0.0,0.0,0.0,0.0
108,158.1851348876953,309.09234619140625,326.0884094238281,326.08502197265625,292.0931701660156,292.09649658203125,16515.818359375,33031.63671875,69.01371765136719,69.00739288330078,1794.9212646484375,3657.99072265625,1794.2115478515625,3576.617431640625,284.5331115722656,61.95231628417969,3.4445708934072172e-06,0,0,2574.707275390625,1291.7080078125,0,23.79041290283203,2719.070556640625,11.832282066345215,12.252853393554688,908.3770141601562,1816.0152587890625,49.966732025146484,54.83143997192383,100,0,0,346.36767578125,0,7.924896240234375,20.27927017211914,20.28266143798828,0,1.034000039100647,0.9067617654800415,50,2.799999952316284,2.2880983352661133,0,0,0,0,4.323769907046585,0,0,0,0.0029403388034552336,-0.0030230095144361258,0,-8.267064549727365e-05,100.51000213623047,100.5201644897461,791.3397827148438,791.3478393554688,791.3478393554688,550.2200317382812,0,0,23.79041290283203,0.0010999999940395355,0.02200000174343586,0.03299999609589577,0.04399999603629112,5655.8173828125,114276.53125,0.0429663360118866,0,3.1392715754918754e-05,197.55770874023438,0,0.0002616529818624258,2.8350639695418067e-05,0,0,23.700000762939453,0,0,1600,0,50,0,0,0,50,50,800,0.0,0.0,0.0,0.0
109,158.18560791015625,309.0926513671875,326.0884704589844,326.08441162109375,292.0937194824219,292.0977478027344,16515.818359375,33031.63671875,69.01416015625,69.00797271728516,1794.9033203125,3656.652099609375,1794.2021484375,3576.626708984375,284.5334167480469,61.95307922363281,2.653039246069966e-06,0,0,2574.705810546875,1291.71044921875,0,23.791553497314453,2718.97900390625,11.83232593536377,12.254925727844238,908.3693237304688,1815.92724609375,49.96782684326172,54.85658645629883,100,0,0,346.367919921875,0,7.924896240234375,20.27943992614746,20.28350830078125,0,1.034000039100647,0.9067617654800415,50,2.799999952316284,2.288175106048584,0,0,0,0,4.18880246776496,0,0,0,0.0029215132817626,-0.0030033274088054895,0,-8.181406155927107e-05,100.5068588256836,100.51678466796875,791.3240966796875,791.3318481445312,791.3318481445312,550.212158203125,0,0,23.791553497314453,0.0010999999940395355,0.02200000174343586,0.03299999609589577,0.04399999603629112,5655.8173828125,114276.53125,0.0429663360118866,0,3.1392715754918754e-05,199.37850952148438,0,0.0002616529818624258,2.8350639695418067e-05,0,0,23.700000762939453,0,0,1600,0,50,0,0,0,50,50,800,0.0,0.0,0.0,0.0
110,158.1860809326172,309.0929870605469,326.08856201171875,326.08380126953125,292.0942687988281,292.0989685058594,16515.818359375,33031.63671875,69.01460266113281,69.00855255126953,1794.8851318359375,3655.322021484375,1794.1920166015625,3576.636962890625,284.5337219238281,61.95384216308594,1.8615077124195523e-06,0,0,2574.70458984375,1291.713134765625,0,23.788692474365234,2718.88916015625,11.832368850708008,12.256965637207031,908.3640747070312,1815.844482421875,49.968868255615234,54.88133239746094,100,0,0,346.3681335449219,0,7.924896240234375,20.27957534790039,20.28435707092285,0,1.034000039100647,0.9067617654800415,50,2.799999952316284,2.288250684738159,0,0,0,0,4.053835279964993,0,0,0,0.0029005964752286673,-0.002984063932672143,0,-8.346759568667039e-05,100.50359344482422,100.51346588134766,791.3084716796875,791.3162841796875,791.3162841796875,550.2045288085938,0,0,23.788692474365234,0.0010999999940395355,0.02200000174343586,0.03299999609589577,0.04399999603629112,5655.8173828125,114276.53125,0.0429663360118866,0,3.1392715754918754e-05,201.19931030273438,0,0.0002616529818624258,2.8350639695418067e-05,0,0,23.700000762939453,0,0,1600,0,50,0,0,0,50,50,800,0.0,0.0,0.0,0.0
111,158.18655395507812,309.0932922363281,326.08868408203125,326.0832214355469,292.09478759765625,292.1002197265625,16515.818359375,33031.63671875,69.01505279541016,69.0091323852539,1794.86767578125,3653.998291015625,1794.1832275390625,3576.646240234375,284.5340270996094,61.95461654663086,2.812999809975736e-06,0,0,2574.703369140625,1291.715087890625,0,23.784467697143555,2718.79931640625,11.83241081237793,12.258970260620117,908.3603515625,1815.7647705078125,49.96992492675781,54.905662536621094,100,0,0,346.3683776855469,0,7.924896240234375,20.27971076965332,20.28516960144043,0,1.034000039100647,0.9067617654800415,50,2.799999952316284,2.2883265018463135,0,0,0,0,3.9188680921650256,0,0,0,0.0028817709535360336,-0.0029648009222000837,0,-8.302992500830442e-05,100.50016784667969,100.51013946533203,791.2927856445312,791.3006591796875,791.3006591796875,550.1968994140625,0,0,23.784467697143555,0.0010999999940395355,0.02200000174343586,0.03299999609589577,0.04399999603629112,5655.8173828125,114276.53125,0.0429663360118866,0,3.1392715754918754e-05,203.02011108398438,0,0.0002616529818624258,2.8350639695418067e-05,0,0,23.700000762939453,0,0,1600,0,50,0,0,0,50,50,800,0.0,0.0,0.0,0.0
112,158.18701171875,309.0935974121094,326.0887451171875,326.0826110839844,292.0953369140625,292.1014404296875,16515.818359375,33031.63671875,69.01549530029297,69.00971221923828,1794.84912109375,3652.68212890625,1794.1732177734375,3576.6552734375,284.5343322753906,61.955379486083984,2.02146839001216e-06,0,0,2574.70166015625,1291.7177734375,0,23.782926559448242,2718.708984375,11.832453727722168,12.260939598083496,908.3526000976562,1815.6776123046875,49.97099685668945,54.929588317871094,100,0,0,346.3686218261719,0,7.924896240234375,20.27988052368164,20.28601837158203,0,1.034000039100647,0.9067617654800415,50,2.799999952316284,2.2884023189544678,0,0,0,0,3.7839009043650584,0,0,0,0.0028629451990127563,-0.0029453695751726627,0,-8.242456533480436e-05,100.49693298339844,100.50680541992188,791.2771606445312,791.2849731445312,791.2849731445312,550.189208984375,0,0,23.782926559448242,0.0010999999940395355,0.02200000174343586,0.03299999609589577,0.04399999603629112,5655.8173828125,114276.53125,0.0429663360118866,0,3.1392715754918754e-05,204.84091186523438,0,0.0002616529818624258,2.8350639695418067e-05,0,0,23.700000762939453,0,0,1600,0,50,0,0,0,50,50,800,0.0,0.0,0.0,0.0
113,158.18748474121094,309.09393310546875,326.0888366699219,326.0820007324219,292.09588623046875,292.1026611328125,16515.818359375,33031.63671875,69.01593780517578,69.01028442382812,1794.8311767578125,3651.374267578125,1794.1627197265625,3576.666015625,284.5346374511719,61.956138610839844,6.48929074031912e-07,0,0,2574.7001953125,1291.72021484375,0,23.78006362915039,2718.61962890625,11.832494735717773,12.262876510620117,908.3474731445312,1815.59619140625,49.97201919555664,54.953128814697266,100,0,0,346.3688659667969,0,7.924896240234375,20.28001594543457,20.286865234375,0,1.034000039100647,0.9067617654800415,50,2.799999952316284,2.288477659225464,0,0,0,0,3.6489337165650912,0,0,0,0.002842027461156249,-0.0029261901509016752,0,-8.416255150223151e-05,100.49359893798828,100.50350189208984,791.2615966796875,791.2694091796875,791.2694091796875,550.1815795898438,0,0,23.78006362915039,0.0010999999940395355,0.02200000174343586,0.03299999609589577,0.04399999603629112,5655.8173828125,114276.53125,0.0429663360118866,0,3.1392715754918754e-05,206.66171264648438,0,0.0002616529818624258,2.8350639695418067e-05,0,0,23.700000762939453,0,0,1600,0,50,0,0,0,50,50,800,0.0,0.0,0.0,0.0
114,158.18795776367188,309.09423828125,326.0889587402344,326.0814208984375,292.0964050292969,292.1038818359375,16515.818359375,33031.63671875,69.0163803100586,69.0108642578125,1794.8128662109375,3650.072509765625,1794.153564453125,3576.675537109375,284.5349426269531,61.95689392089844,-1.3046179674347513e-06,0,0,2574.69873046875,1291.7225341796875,0,23.777225494384766,2718.529296875,11.832534790039062,12.264780044555664,908.34228515625,1815.517333984375,49.97306442260742,54.97628402709961,100,0,0,346.369140625,0,7.924896240234375,20.28018569946289,20.2877140045166,0,1.034000039100647,0.9067617654800415,50,2.799999952316284,2.2885537147521973,0,0,0,0,3.5139665287651236,0,0,0,0.0028232017066329718,-0.002906843088567257,0,-8.364133827853948e-05,100.4901351928711,100.50016021728516,791.2459106445312,791.2537231445312,791.2537231445312,550.1739501953125,0,0,23.777225494384766,0.0010999999940395355,0.02200000174343586,0.03299999609589577,0.04399999603629112,5655.8173828125,114276.53125,0.0429663360118866,0,3.1392715754918754e-05,208.48251342773438,0,0.0002616529818624258,2.8350639695418067e-05,0,0,23.700000762939453,0,0,1600,0,50,0,0,0,50,50,800,0.0,0.0,0.0,0.0
115,158.1884307861328,309.0945129394531,326.0890197753906,326.080810546875,292.096923828125,292.1051025390625,16515.818359375,33031.63671875,69.0168228149414,69.01142883300781,1794.79345703125,3648.77978515625,1794.1431884765625,3576.68603515625,284.53521728515625,61.9576530456543,-2.6771572265715804e-06,0,0,2574.69775390625,1291.7249755859375,0,23.77438735961914,2718.439208984375,11.832576751708984,12.266650199890137,908.33447265625,1815.431396484375,49.97409439086914,54.99905014038086,100,0,0,346.3693542480469,0,7.924896240234375,20.28035545349121,20.28856086730957,0,1.034000039100647,0.9067617654800415,50,2.799999952316284,2.2886295318603516,0,0,0,0,3.378999592446814,0,0,0,0.002806467469781637,-0.0028874122072011232,0,-8.094475924735889e-05,100.48686981201172,100.496826171875,791.2301635742188,791.238037109375,791.238037109375,550.1661987304688,0,0,23.77438735961914,0.0010999999940395355,0.02200000174343586,0.03299999609589577,0.04399999603629112,5655.8173828125,114276.53125,0.0429663360118866,0,3.1392715754918754e-05,210.30331420898438,0,0.0002616529818624258,2.8350639695418067e-05,0,0,23.700000762939453,0,0,1600,0,50,0,0,0,50,50,800,0.0,0.0,0.0,0.0
116,158.18887329101562,309.09478759765625,326.0890808105469,326.0802001953125,292.09747314453125,292.1063232421875,16515.818359375,33031.63671875,69.01726531982422,69.01199340820312,1794.77490234375,3647.49462890625,1794.1341552734375,3576.69482421875,284.5355224609375,61.95838928222656,3.0999919999885606e-06,0,0,2574.6962890625,1291.72705078125,0,23.774274826049805,2718.349609375,11.832616806030273,12.268486022949219,908.328125,1815.3482666015625,49.97512435913086,55.02140426635742,100,0,0,346.3695983886719,0,7.924896240234375,20.28052520751953,20.289409637451172,0,1.034000039100647,0.9067617654800415,50,2.799999952316284,2.2887051105499268,0,0,0,0,3.248852553576135,0,0,0,0.0027897332329303026,-0.0028681487310677767,0,-7.84155708970502e-05,100.48380279541016,100.49351501464844,791.2147827148438,791.222412109375,791.222412109375,550.1585083007812,0,0,23.774274826049805,0.0010999999940395355,0.02200000174343586,0.03299999609589577,0.04399999603629112,5655.8173828125,114276.53125,0.0429663360118866,0,3.1392715754918754e-05,212.12411499023438,0,0.0002616529818624258,2.8350639695418067e-05,0,0,23.700000762939453,0,0,1600,0,50,0,0,0,50,50,800,0.0,0.0,0.0,0.0
117,158.18931579589844,309.0950927734375,326.0891418457031,326.07958984375,292.0980224609375,292.1075134277344,16515.818359375,33031.63671875,69.0177001953125,69.0125503540039,1794.756591796875,3646.217529296875,1794.1243896484375,3576.704345703125,284.53582763671875,61.95912170410156,-2.3396014512400143e-06,0,0,2574.69482421875,1291.729736328125,0,23.77286720275879,2718.262451171875,11.832655906677246,12.27029037475586,908.3203125,1815.265625,49.97612380981445,55.04336929321289,100,0,0,346.36981201171875,0,7.924896240234375,20.28066062927246,20.29022216796875,0,1.034000039100647,0.9067617654800415,50,2.799999952316284,2.288778305053711,0,0,0,0,3.123525915116402,0,0,0,0.0027709067799150944,-0.0028493881691247225,0,-7.848125096643344e-05,100.48081970214844,100.49029541015625,791.1997680664062,791.2072143554688,791.2072143554688,550.1510620117188,0,0,23.77286720275879,0.0010999999940395355,0.02200000174343586,0.03299999609589577,0.04399999603629112,5655.8173828125,114276.53125,0.0429663360118866,0,3.1392715754918754e-05,213.94491577148438,0,0.0002616529818624258,2.8350639695418067e-05,0,0,23.700000762939453,0,0,1600,0,50,0,0,0,50,50,800,0.0,0.0,0.0,0.0
118,158.1897430419922,309.0954284667969,326.0892028808594,326.0789794921875,292.09857177734375,292.1087341308594,16515.818359375,33031.63671875,69.01813507080078,69.01310729980469,1794.737548828125,3644.948974609375,1794.11572265625,3576.713134765625,284.5361022949219,61.959869384765625,5.180570951779373e-06,0,0,2574.693359375,1291.7320556640625,0,23.768753051757812,2718.176513671875,11.832696914672852,12.272061347961426,908.31640625,1815.1883544921875,49.97712707519531,55.06494140625,100,0,0,346.37005615234375,0,7.924896240234375,20.28083038330078,20.29107093811035,0,1.034000039100647,0.9067617654800415,50,2.799999952316284,2.288850784301758,0,0,0,0,2.9981992766566696,0,0,0,0.0027499885763972998,-0.002830962184816599,0,-8.097351383185014e-05,100.47764587402344,100.48711395263672,791.1848754882812,791.1923217773438,791.1923217773438,550.143798828125,0,0,23.768753051757812,0.0010999999940395355,0.02200000174343586,0.03299999609589577,0.04399999603629112,5655.8173828125,114276.53125,0.0429663360118866,0,3.1392715754918754e-05,215.76571655273438,0,0.0002616529818624258,2.8350639695418067e-05,0,0,23.700000762939453,0,0,1600,0,50,0,0,0,50,50,800,0.0,0.0,0.0,0.0
119,158.190185546875,309.095703125,326.08929443359375,326.078369140625,292.09912109375,292.1099548339844,16515.818359375,33031.63671875,69.01856994628906,69.01366424560547,1794.7196044921875,3643.687255859375,1794.104736328125,3576.723876953125,284.5364074707031,61.960609436035156,9.029930652104667e-07,0,0,2574.6923828125,1291.7344970703125,0,23.765960693359375,2718.090087890625,11.832734107971191,12.27380084991455,908.3101196289062,1815.1090087890625,49.97812271118164,55.086124420166016,100,0,0,346.3702392578125,0,7.924896240234375,20.28096580505371,20.29188346862793,0,1.034000039100647,0.9067617654800415,50,2.799999952316284,2.288923501968384,0,0,0,0,2.8728726381969367,0,0,0,0.002733253873884678,-0.0028124526143074036,0,-7.91989077697508e-05,100.47437286376953,100.48392486572266,791.1697998046875,791.1773071289062,791.1773071289062,550.136474609375,0,0,23.765960693359375,0.0010999999940395355,0.02200000174343586,0.03299999609589577,0.04399999603629112,5655.8173828125,114276.53125,0.0429663360118866,0,3.1392715754918754e-05,217.58651733398438,0,0.0002616529818624258,2.8350639695418067e-05,0,0,23.700000762939453,0,0,1600,0,50,0,0,0,50,50,800,0.0,0.0,0.0,0.0
120,158.1906280517578,309.09600830078125,326.08935546875,326.0777893066406,292.0996398925781,292.11114501953125,16515.818359375,33031.63671875,69.01900482177734,69.01421356201172,1794.700439453125,3642.435302734375,1794.0946044921875,3576.734130859375,284.5367126464844,61.961341857910156,-4.536600499704946e-06,0,0,2574.69091796875,1291.737060546875,0,23.76455307006836,2718.00390625,11.832772254943848,12.275506973266602,908.3035888671875,1815.0274658203125,49.97908401489258,55.10694122314453,100,0,0,346.3704833984375,0,7.924896240234375,20.28113555908203,20.29269790649414,0,1.034000039100647,0.9067617654800415,50,2.799999952316284,2.2889962196350098,0,0,0,0,2.747545999737204,0,0,0,0.0027144274208694696,-0.002793858991935849,0,-7.943166565382853e-05,100.47128295898438,100.4807357788086,791.15478515625,791.1622924804688,791.1622924804688,550.1290893554688,0,0,23.76455307006836,0.0010999999940395355,0.02200000174343586,0.03299999609589577,0.04399999603629112,5655.8173828125,114276.53125,0.0429663360118866,0,3.1392715754918754e-05,219.40731811523438,0,0.0002616529818624258,2.8350639695418067e-05,0,0,23.700000762939453,0,0,1600,0,50,0,0,0,50,50,800,0.0,0.0,0.0,0.0
121,158.19105529785156,309.0963439941406,326.08941650390625,326.0772399902344,292.1001892089844,292.1123352050781,16515.818359375,33031.63671875,69.01943969726562,69.01476287841797,1794.6806640625,3641.19287109375,1794.0855712890625,3576.743408203125,284.5369873046875,61.962074279785156,6.59540887681942e-07,0,0,2574.689697265625,1291.7392578125,0,23.760438919067383,2717.917724609375,11.832812309265137,12.277179718017578,908.2982788085938,1814.9515380859375,49.980064392089844,55.12736892700195,100,0,0,346.3707275390625,0,7.924896240234375,20.28130531311035,20.29347801208496,0,1.034000039100647,0.9067617654800415,50,2.799999952316284,2.2890686988830566,0,0,0,0,2.622219361277471,0,0,0,0.002693508518859744,-0.002775433473289013,0,-8.192483801394701e-05,100.46802520751953,100.47755432128906,791.1398315429688,791.1473388671875,791.1473388671875,550.1217651367188,0,0,23.760438919067383,0.0010999999940395355,0.02200000174343586,0.03299999609589577,0.04399999603629112,5655.8173828125,114276.53125,0.0429663360118866,0,3.1392715754918754e-05,221.22811889648438,0,0.0002616529818624258,2.8350639695418067e-05,0,0,23.700000762939453,0,0,1600,0,50,0,0,0,50,50,800,0.0,0.0,0.0,0.0
122,158.19149780273438,309.09661865234375,326.0894775390625,326.0766296386719,292.1007385253906,292.1135559082031,16515.818359375,33031.63671875,69.0198745727539,69.01531219482422,1794.661376953125,3639.95654296875,1794.0780029296875,3576.7509765625,284.53729248046875,61.962806701660156,-4.780052677233471e-06,0,0,2574.6884765625,1291.7415771484375,0,23.75905418395996,2717.830810546875,11.832849502563477,12.278822898864746,908.2931518554688,1814.8731689453125,49.98106384277344,55.147438049316406,100,0,0,346.3709411621094,0,7.924896240234375,20.28144073486328,20.294292449951172,0,1.034000039100647,0.9067617654800415,50,2.799999952316284,2.289141893386841,0,0,0,0,2.496892722817738,0,0,0,0.002676773816347122,-0.002756756264716387,0,-7.998254295671359e-05,100.46470642089844,100.47433471679688,791.1246337890625,791.1322021484375,791.1322021484375,550.1143798828125,0,0,23.75905418395996,0.0010999999940395355,0.02200000174343586,0.03299999609589577,0.04399999603629112,5655.8173828125,114276.53125,0.0429663360118866,0,3.1392715754918754e-05,223.04891967773438,0,0.0002616529818624258,2.8350639695418067e-05,0,0,23.700000762939453,0,0,1600,0,50,0,0,0,50,50,800,0.0,0.0,0.0,0.0
123,158.1919403076172,309.0968933105469,326.0895690917969,326.0760803222656,292.1012878417969,292.1147155761719,16515.818359375,33031.63671875,69.02030944824219,69.01586151123047,1794.6419677734375,3638.72998046875,1794.0660400390625,3576.763427734375,284.5375671386719,61.96353530883789,-1.649189727004341e-07,0,0,2574.68701171875,1291.7437744140625,0,23.756303787231445,2717.744140625,11.832884788513184,12.28043270111084,908.285400390625,1814.7955322265625,49.98200225830078,55.16714096069336,100,0,0,346.37115478515625,0,7.924896240234375,20.2816104888916,20.295072555541992,0,1.034000039100647,0.9067617654800415,50,2.799999952316284,2.289214849472046,0,0,0,0,2.371566084358005,0,0,0,0.002660038648173213,-0.0027380790561437607,0,-7.804054621374235e-05,100.4615707397461,100.47113037109375,791.1095581054688,791.1171264648438,791.1171264648438,550.10693359375,0,0,23.756303787231445,0.0010999999940395355,0.02200000174343586,0.03299999609589577,0.04399999603629112,5655.8173828125,114276.53125,0.0429663360118866,0,3.1392715754918754e-05,224.86972045898438,0,0.0002616529818624258,2.8350639695418067e-05,0,0,23.700000762939453,0,0,1600,0,50,0,0,0,50,50,800,0.0,0.0,0.0,0.0
124,158.19235229492188,309.09716796875,326.0896301269531,326.0755615234375,292.1017761230469,292.1158447265625,16515.818359375,33031.63671875,69.02073669433594,69.01640319824219,1794.622314453125,3637.51220703125,1794.0565185546875,3576.7724609375,284.537841796875,61.96424865722656,2.1261837446218124e-06,0,0,2574.685546875,1291.74609375,0,23.754941940307617,2717.657958984375,11.832921981811523,12.282011985778809,908.27880859375,1814.7156982421875,49.98295211791992,55.186466217041016,100,0,0,346.3713684082031,0,7.924896240234375,20.28174591064453,20.295818328857422,0,1.034000039100647,0.9067617654800415,50,2.799999952316284,2.289287567138672,0,0,0,0,2.246239194416615,0,0,0,0.002643303479999304,-0.002719569718465209,0,-7.626623846590519e-05,100.45857238769531,100.46794891357422,791.0947265625,791.1021118164062,791.1021118164062,550.0995483398438,0,0,23.754941940307617,0.0010999999940395355,0.02200000174343586,0.03299999609589577,0.04399999603629112,5655.8173828125,114276.53125,0.0429663360118866,0,3.1392715754918754e-05,226.69052124023438,0,0.0002616529818624258,2.8350639695418067e-05,0,0,23.700000762939453,0,0,1600,0,50,0,0,0,50,50,800,0.0,0.0,0.0,0.0
125,158.19276428222656,309.0974426269531,326.0896911621094,326.0749816894531,292.102294921875,292.1169738769531,16515.818359375,33031.63671875,69.02115631103516,69.01693725585938,1794.6031494140625,3636.30224609375,1794.0489501953125,3576.780029296875,284.5381164550781,61.9649543762207,3.2552704851696035e-06,0,0,2574.684326171875,1291.74853515625,0,23.75362205505371,2717.573486328125,11.83295726776123,12.283560752868652,908.2723999023438,1814.6385498046875,49.98390197753906,55.20541000366211,100,0,0,346.37158203125,0,7.924896240234375,20.28188133239746,20.296598434448242,0,1.034000039100647,0.9067617654800415,50,2.799999952316284,2.289358615875244,0,0,0,0,2.1305531052971163,0,0,0,0.0026265678461641073,-0.002701394958421588,0,-7.48269958421588e-05,100.45565795898438,100.4648208618164,791.0802001953125,791.08740234375,791.08740234375,550.0923461914062,0,0,23.75362205505371,0.0010999999940395355,0.02200000174343586,0.03299999609589577,0.04399999603629112,5655.8173828125,114276.53125,0.0429663360118866,0,3.1392715754918754e-05,228.51132202148438,0,0.0002616529818624258,2.8350639695418067e-05,0,0,23.700000762939453,0,0,1600,0,50,0,0,0,50,50,800,0.0,0.0,0.0,0.0
126,158.1931610107422,309.09771728515625,326.0897216796875,326.0743713378906,292.10284423828125,292.1181335449219,16515.818359375,33031.63671875,69.0215835571289,69.01746368408203,1794.5836181640625,3635.103515625,1794.036376953125,3576.792724609375,284.53839111328125,61.96566390991211,4.965365860698512e-06,0,0,2574.683349609375,1291.750732421875,0,23.75098419189453,2717.4912109375,11.832993507385254,12.285077095031738,908.2645874023438,1814.5596923828125,49.98482131958008,55.22396469116211,100,0,0,346.3717956542969,0,7.924896240234375,20.282085418701172,20.29744529724121,0,1.034000039100647,0.9067617654800415,50,2.799999952316284,2.2894279956817627,0,0,0,0,2.0148670161776177,0,0,0,0.0026098324451595545,-0.0026837228797376156,0,-7.389050733763725e-05,100.45277404785156,100.46178436279297,791.0659790039062,791.0730590820312,791.0730590820312,550.0853271484375,0,0,23.75098419189453,0.0010999999940395355,0.02200000174343586,0.03299999609589577,0.04399999603629112,5655.8173828125,114276.53125,0.0429663360118866,0,3.1392715754918754e-05,230.33212280273438,0,0.0002616529818624258,2.8350639695418067e-05,0,0,23.700000762939453,0,0,1600,0,50,0,0,0,50,50,800,0.0,0.0,0.0,0.0
127,158.19357299804688,309.0980529785156,326.08978271484375,326.0738220214844,292.1033935546875,292.1192932128906,16515.818359375,33031.63671875,69.02200317382812,69.01798248291016,1794.5643310546875,3633.913330078125,1794.0294189453125,3576.800048828125,284.5386962890625,61.966365814208984,-5.122290076542413e-06,0,0,2574.68212890625,1291.7532958984375,0,23.74968719482422,2717.409423828125,11.833027839660645,12.2865629196167,908.2593994140625,1814.4862060546875,49.985713958740234,55.242164611816406,100,0,0,346.37200927734375,0,7.924896240234375,20.2822208404541,20.29819107055664,0,1.034000039100647,0.9067617654800415,50,2.799999952316284,2.289496660232544,0,0,0,0,1.8991809270581195,0,0,0,0.0025889130774885416,-0.002666218439117074,0,-7.730533980065957e-05,100.44979095458984,100.4587631225586,791.0518798828125,791.0588989257812,791.0588989257812,550.0784301757812,0,0,23.74968719482422,0.0010999999940395355,0.02200000174343586,0.03299999609589577,0.04399999603629112,5655.8173828125,114276.53125,0.0429663360118866,0,3.1392715754918754e-05,232.15292358398438,0,0.0002616529818624258,2.8350639695418067e-05,0,0,23.700000762939453,0,0,1600,0,50,0,0,0,50,50,800,0.0,0.0,0.0,0.0
128,158.1939697265625,309.09832763671875,326.0898742675781,326.0732727050781,292.1038513183594,292.120361328125,16515.818359375,33031.63671875,69.02242279052734,69.01850891113281,1794.54541015625,3632.7314453125,1794.0196533203125,3576.80908203125,284.5389709472656,61.96706771850586,-4.574210834107362e-06,0,0,2574.680908203125,1291.755126953125,0,23.74432373046875,2717.328125,11.833062171936035,12.288019180297852,908.2543334960938,1814.4129638671875,49.98663330078125,55.25999069213867,100,0,0,346.3722229003906,0,7.924896240234375,20.28235626220703,20.29893684387207,0,1.034000039100647,0.9067617654800415,50,2.799999952316284,2.2895655632019043,0,0,0,0,1.7834947121977922,0,0,0,0.002572177443653345,-0.002648713765665889,0,-7.65362274250947e-05,100.44661712646484,100.45574951171875,791.0375366210938,791.0447387695312,791.0447387695312,550.0714721679688,0,0,23.74432373046875,0.0010999999940395355,0.02200000174343586,0.03299999609589577,0.04399999603629112,5655.8173828125,114276.53125,0.0429663360118866,0,3.1392715754918754e-05,233.97372436523438,0,0.0002616529818624258,2.8350639695418067e-05,0,0,23.700000762939453,0,0,1600,0,50,0,0,0,50,50,800,0.0,0.0,0.0,0.0
129,158.1943817138672,309.09857177734375,326.0899353027344,326.0727233886719,292.1043701171875,292.1214904785156,16515.818359375,33031.63671875,69.02284240722656,69.01902770996094,1794.52587890625,3631.56005859375,1794.010986328125,3576.81787109375,284.53924560546875,61.9677734375,-3.4451240935595706e-06,0,0,2574.6796875,1291.757568359375,0,23.74304962158203,2717.245361328125,11.83309555053711,12.289443016052246,908.247802734375,1814.337890625,49.987525939941406,55.27747344970703,100,0,0,346.3724060058594,0,7.924896240234375,20.28249168395996,20.2996826171875,0,1.034000039100647,0.9067617654800415,50,2.799999952316284,2.289634943008423,0,0,0,0,1.6678086230782938,0,0,0,0.0025554418098181486,-0.002630957867950201,0,-7.551619637524709e-05,100.4435806274414,100.45269775390625,791.023193359375,791.0303344726562,791.0303344726562,550.0643920898438,0,0,23.74304962158203,0.0010999999940395355,0.02200000174343586,0.03299999609589577,0.04399999603629112,5655.8173828125,114276.53125,0.0429663360118866,0,3.1392715754918754e-05,235.79452514648438,0,0.0002616529818624258,2.8350639695418067e-05,0,0,23.700000762939453,0,0,1600,0,50,0,0,0,50,50,800,0.0,0.0,0.0,0.0
130,158.1947784423828,309.0988464355469,326.0899963378906,326.07220458984375,292.1048583984375,292.12261962890625,16515.818359375,33031.63671875,69.02326202392578,69.01954650878906,1794.5057373046875,3630.396240234375,1793.9996337890625,3576.8291015625,284.5395202636719,61.968475341796875,-2.897044623750844e-06,0,0,2574.678466796875,1291.759765625,0,23.741775512695312,2717.1630859375,11.833128929138184,12.290839195251465,908.2413330078125,1814.2630615234375,49.988433837890625,55.294620513916016,100,0,0,346.37261962890625,0,7.924896240234375,20.28262710571289,20.30042839050293,0,1.034000039100647,0.9067617654800415,50,2.799999952316284,2.2897043228149414,0,0,0,0,1.5521224082179668,0,0,0,0.0025387059431523085,-0.0026132860220968723,0,-7.458015898009762e-05,100.44062042236328,100.44965362548828,791.0089111328125,791.0160522460938,791.0160522460938,550.057373046875,0,0,23.741775512695312,0.0010999999940395355,0.02200000174343586,0.03299999609589577,0.04399999603629112,5655.8173828125,114276.53125,0.0429663360118866,0,3.1392715754918754e-05,237.61532592773438,0,0.0002616529818624258,2.8350639695418067e-05,0,0,23.700000762939453,0,0,1600,0,50,0,0,0,50,50,800,0.0,0.0,0.0,0.0
131,158.1951904296875,309.09912109375,326.0900573730469,326.0716857910156,292.1053771972656,292.1236877441406,16515.818359375,33031.63671875,69.02367401123047,69.02006530761719,1794.486328125,3629.24267578125,1793.991943359375,3576.837158203125,284.539794921875,61.96916580200195,-4.091988557775039e-06,0,0,2574.67724609375,1291.761962890625,0,23.739137649536133,2717.081787109375,11.833162307739258,12.292204856872559,908.2348022460938,1814.1885986328125,49.98930740356445,55.31139373779297,100,0,0,346.3728332519531,0,7.924896240234375,20.28276252746582,20.3011417388916,0,1.034000039100647,0.9067617654800415,50,2.799999952316284,2.2897729873657227,0,0,0,0,1.4364363190984684,0,0,0,0.0025219698436558247,-0.002595781348645687,0,-7.381150498986244e-05,100.43770599365234,100.44664764404297,790.9948120117188,791.0018920898438,791.0018920898438,550.0504150390625,0,0,23.739137649536133,0.0010999999940395355,0.02200000174343586,0.03299999609589577,0.04399999603629112,5655.8173828125,114276.53125,0.0429663360118866,0,3.1392715754918754e-05,239.43612670898438,0,0.0002616529818624258,2.8350639695418067e-05,0,0,23.700000762939453,0,0,1600,0,50,0,0,0,50,50,800,0.0,0.0,0.0,0.0
132,158.19558715820312,309.0993957519531,326.0902099609375,326.0711975097656,292.1058654785156,292.124755859375,16515.818359375,33031.63671875,69.02408599853516,69.02056884765625,1794.4664306640625,3628.09912109375,1793.9796142578125,3576.849365234375,284.5400695800781,61.9698600769043,-4.705924766312819e-06,0,0,2574.676025390625,1291.764404296875,0,23.73654556274414,2717.001220703125,11.8331937789917,12.293539047241211,908.228271484375,1814.117431640625,49.99016189575195,55.327816009521484,100,0,0,346.3730163574219,0,7.924896240234375,20.2828311920166,20.30181884765625,0,1.034000039100647,0.9067617654800415,50,2.799999952316284,2.2898409366607666,0,0,0,0,1.320750104238141,0,0,0,0.0025052339769899845,-0.0025784445460885763,0,-7.321053271880373e-05,100.43480682373047,100.44366455078125,790.9808349609375,790.9878540039062,790.9878540039062,550.0435791015625,0,0,23.73654556274414,0.0010999999940395355,0.02200000174343586,0.03299999609589577,0.04399999603629112,5655.8173828125,114276.53125,0.0429663360118866,0,3.1392715754918754e-05,241.25692749023438,0,0.0002616529818624258,2.8350639695418067e-05,0,0,23.700000762939453,0,0,1600,0,50,0,0,0,50,50,800,0.0,0.0,0.0,0.0
133,158.19598388671875,309.09967041015625,326.09027099609375,326.0707092285156,292.1063232421875,292.1258239746094,16515.818359375,33031.63671875,69.02449035644531,69.02107238769531,1794.4471435546875,3626.964599609375,1793.972412109375,3576.856689453125,284.5403137207031,61.970542907714844,3.5728508009924553e-06,0,0,2574.6748046875,1291.7664794921875,0,23.73395347595215,2716.921142578125,11.833224296569824,12.294845581054688,908.2217407226562,1814.0440673828125,49.99101257324219,55.34387969970703,100,0,0,346.37322998046875,0,7.924896240234375,20.28296661376953,20.302532196044922,0,1.034000039100647,0.9067617654800415,50,2.799999952316284,2.2899081707000732,0,0,0,0,1.2050640151186427,0,0,0,0.0024884978774935007,-0.002561274915933609,0,-7.277724944287911e-05,100.43191528320312,100.44071197509766,790.967041015625,790.9739379882812,790.9739379882812,550.0367431640625,0,0,23.73395347595215,0.0010999999940395355,0.02200000174343586,0.03299999609589577,0.04399999603629112,5655.8173828125,114276.53125,0.0429663360118866,0,3.1392715754918754e-05,243.07772827148438,0,0.0002616529818624258,2.8350639695418067e-05,0,0,23.700000762939453,0,0,1600,0,50,0,0,0,50,50,800,0.0,0.0,0.0,0.0
134,158.1963653564453,309.0999450683594,326.09033203125,326.0701904296875,292.1068115234375,292.1269226074219,16515.818359375,33031.63671875,69.02490234375,69.0215835571289,1794.4276123046875,3625.8388671875,1793.96240234375,3576.8662109375,284.54058837890625,61.971229553222656,1.7968988004213315e-06,0,0,2574.673583984375,1291.7685546875,0,23.730018615722656,2716.841552734375,11.83325481414795,12.296122550964355,908.2166137695312,1813.9736328125,49.99185562133789,55.359619140625,100,0,0,346.3734436035156,0,7.924896240234375,20.28310203552246,20.30324363708496,0,1.034000039100647,0.9067617654800415,50,2.799999952316284,2.28997540473938,0,0,0,0,1.0941980749284328,0,0,0,0.0024717615451663733,-0.002544189104810357,0,-7.242750143632293e-05,100.42906188964844,100.4377670288086,790.9532470703125,790.9600830078125,790.9600830078125,550.0299682617188,0,0,23.730018615722656,0.0010999999940395355,0.02200000174343586,0.03299999609589577,0.04399999603629112,5655.8173828125,114276.53125,0.0429663360118866,0,3.1392715754918754e-05,244.89852905273438,0,0.0002616529818624258,2.8350639695418067e-05,0,0,23.700000762939453,0,0,1600,0,50,0,0,0,50,50,800,0.0,0.0,0.0,0.0
135,158.1967315673828,309.1002197265625,326.09039306640625,326.0697326660156,292.1072692871094,292.1279602050781,16515.818359375,33031.63671875,69.02530670166016,69.02207946777344,1794.408203125,3624.722900390625,1793.9542236328125,3576.875,284.5408630371094,61.971900939941406,-2.3030838747217786e-06,0,0,2574.672607421875,1291.77099609375,0,23.730175018310547,2716.7626953125,11.833285331726074,12.297371864318848,908.210205078125,1813.901123046875,49.99270248413086,55.375003814697266,100,0,0,346.3736267089844,0,7.924896240234375,20.28323745727539,20.303922653198242,0,1.034000039100647,0.9067617654800415,50,2.799999952316284,2.290041923522949,0,0,0,0,0.9881524722787544,0,0,0,0.002455025212839246,-0.002527270931750536,0,-7.224559522001073e-05,100.42618560791016,100.43485260009766,790.9395751953125,790.9464111328125,790.9464111328125,550.0232543945312,0,0,23.730175018310547,0.0010999999940395355,0.02200000174343586,0.03299999609589577,0.04399999603629112,5655.8173828125,114276.53125,0.0429663360118866,0,3.1392715754918754e-05,246.71932983398438,0,0.0002616529818624258,2.8350639695418067e-05,0,0,23.700000762939453,0,0,1600,0,50,0,0,0,50,50,800,0.0,0.0,0.0,0.0
136,158.1970977783203,309.1004943847656,326.0904846191406,326.0692443847656,292.1077575683594,292.12896728515625,16515.818359375,33031.63671875,69.02571105957031,69.02257537841797,1794.387939453125,3623.6171875,1793.9432373046875,3576.885986328125,284.5411071777344,61.972572326660156,4.232668288750574e-06,0,0,2574.67138671875,1291.7730712890625,0,23.727649688720703,2716.68408203125,11.833316802978516,12.298591613769531,908.20361328125,1813.83154296875,49.99353790283203,55.39005661010742,100,0,0,346.3738098144531,0,7.924896240234375,20.28333854675293,20.3045654296875,0,1.034000039100647,0.9067617654800415,50,2.799999952316284,2.2901082038879395,0,0,0,0,0.882106869629076,0,0,0,0.0024382888805121183,-0.002510352525860071,0,-7.206383452285081e-05,100.42330932617188,100.43194580078125,790.9259033203125,790.9326782226562,790.9326782226562,550.0165405273438,0,0,23.727649688720703,0.0010999999940395355,0.02200000174343586,0.03299999609589577,0.04399999603629112,5655.8173828125,114276.53125,0.0429663360118866,0,3.1392715754918754e-05,248.54013061523438,0,0.0002616529818624258,2.8350639695418067e-05,0,0,23.700000762939453,0,0,1600,0,50,0,0,0,50,50,800,0.0,0.0,0.0,0.0
137,158.19747924804688,309.10076904296875,326.0905456542969,326.0686950683594,292.10821533203125,292.13006591796875,16515.818359375,33031.63671875,69.02611541748047,69.02306365966797,1794.3681640625,3622.52197265625,1793.935546875,3576.8935546875,284.5414123535156,61.973236083984375,-1.0293301784258801e-06,0,0,2574.670166015625,1291.7752685546875,0,23.726511001586914,2716.606201171875,11.833345413208008,12.299781799316406,908.1984252929688,1813.7626953125,49.99435043334961,55.404762268066406,100,0,0,346.3740234375,0,7.924896240234375,20.283475875854492,20.30531120300293,0,1.034000039100647,0.9067617654800415,50,2.799999952316284,2.2901737689971924,0,0,0,0,0.7760612041089834,0,0,0,0.0024215523153543472,-0.002493601758033037,0,-7.204945723060519e-05,100.42045593261719,100.42906188964844,790.912353515625,790.9191284179688,790.9191284179688,550.0098876953125,0,0,23.726511001586914,0.0010999999940395355,0.02200000174343586,0.03299999609589577,0.04399999603629112,5655.8173828125,114276.53125,0.0429663360118866,0,3.1392715754918754e-05,250.36093139648438,0,0.0002616529818624258,2.8350639695418067e-05,0,0,23.700000762939453,0,0,1600,0,50,0,0,0,50,50,800,0.0,0.0,0.0,0.0
138,158.19784545898438,309.10101318359375,326.0906066894531,326.0682373046875,292.10870361328125,292.1310729980469,16515.818359375,33031.63671875,69.02651977539062,69.02355194091797,1794.3486328125,3621.4345703125,1793.927978515625,3576.901123046875,284.5416564941406,61.973899841308594,4.3444065340736415e-06,0,0,2574.669189453125,1291.7777099609375,0,23.72400665283203,2716.528076171875,11.8333740234375,12.300946235656738,908.1920166015625,1813.6939697265625,49.995174407958984,55.41913986206055,100,0,0,346.37420654296875,0,7.924896240234375,20.283611297607422,20.30599021911621,0,1.034000039100647,0.9067617654800415,50,2.799999952316284,2.2902395725250244,0,0,0,0,0.670015601459305,0,0,0,0.002404815750196576,-0.002476850990206003,0,-7.203537825262174e-05,100.41757202148438,100.42617797851562,790.8988037109375,790.9055786132812,790.9055786132812,550.0032348632812,0,0,23.72400665283203,0.0010999999940395355,0.02200000174343586,0.03299999609589577,0.04399999603629112,5655.8173828125,114276.53125,0.0429663360118866,0,3.1392715754918754e-05,252.18173217773438,0,0.0002616529818624258,2.8350639695418067e-05,0,0,23.700000762939453,0,0,1600,0,50,0,0,0,50,50,800,0.0,0.0,0.0,0.0
139,158.19821166992188,309.1012878417969,326.0906677246094,326.0677490234375,292.10919189453125,292.13214111328125,16515.818359375,33031.63671875,69.02692413330078,69.02404022216797,1794.3289794921875,3620.357421875,1793.9188232421875,3576.910400390625,284.54193115234375,61.97455596923828,-2.079607611449319e-06,0,0,2574.66796875,1291.7796630859375,0,23.722888946533203,2716.4501953125,11.83340072631836,12.302082061767578,908.186767578125,1813.6259765625,49.995948791503906,55.43320846557617,100,0,0,346.3743896484375,0,7.924896240234375,20.28371238708496,20.3066349029541,0,1.034000039100647,0.9067617654800415,50,2.799999952316284,2.2903053760528564,0,0,0,0,0.5639699359392123,0,0,0,0.0023880789522081614,-0.002460100455209613,0,-7.202130655059591e-05,100.41470336914062,100.42329406738281,790.88525390625,790.8920288085938,790.8920288085938,549.99658203125,0,0,23.722888946533203,0.0010999999940395355,0.02200000174343586,0.03299999609589577,0.04399999603629112,5655.8173828125,114276.53125,0.0429663360118866,0,3.1392715754918754e-05,254.00253295898438,0,0.0002616529818624258,2.8350639695418067e-05,0,0,23.700000762939453,0,0,1600,0,50,0,0,0,50,50,800,0.0,0.0,0.0,0.0
140,158.1985626220703,309.1015625,326.0906982421875,326.0672302246094,292.10968017578125,292.1331787109375,16515.818359375,33031.63671875,69.0273208618164,69.02452087402344,1794.3089599609375,3619.290771484375,1793.907470703125,3576.921630859375,284.54217529296875,61.97520446777344,9.700980854177033e-07,0,0,2574.666748046875,1291.7818603515625,0,23.72179412841797,2716.3720703125,11.833429336547852,12.303189277648926,908.1803588867188,1813.55810546875,49.99678421020508,55.44691467285156,100,0,0,346.3746032714844,0,7.924896240234375,20.28388214111328,20.30734634399414,0,1.034000039100647,0.9067617654800415,50,2.799999952316284,2.2903711795806885,0,0,0,0,0.45792433328953397,0,0,0,0.0023713421542197466,-0.002443349687382579,0,-7.200738036772236e-05,100.41181945800781,100.42041015625,790.8716430664062,790.8784790039062,790.8784790039062,549.9899291992188,0,0,23.72179412841797,0.0010999999940395355,0.02200000174343586,0.03299999609589577,0.04399999603629112,5655.8173828125,114276.53125,0.0429663360118866,0,3.1392715754918754e-05,255.82333374023438,0,0.0002616529818624258,2.8350639695418067e-05,0,0,23.700000762939453,0,0,1600,0,50,0,0,0,50,50,800,0.0,0.0,0.0,0.0
141,158.1988983154297,309.1018371582031,326.0907897949219,326.0667724609375,292.11016845703125,292.13421630859375,16515.818359375,33031.63671875,69.02771759033203,69.0250015258789,1794.2890625,3618.233642578125,1793.901611328125,3576.92724609375,284.54241943359375,61.975830078125,5.337569746188819e-07,0,0,2574.666015625,1291.783935546875,0,23.722084045410156,2716.294189453125,11.833456039428711,12.304268836975098,908.1751708984375,1813.4910888671875,49.9975700378418,55.4603271484375,100,0,0,346.374755859375,0,7.924896240234375,20.28398323059082,20.30799102783203,0,1.034000039100647,0.9067617654800415,50,2.799999952316284,2.2904369831085205,0,0,0,0,0.36151921710967566,0,0,0,0.002354605123400688,-0.002426598919555545,0,-7.199361425591633e-05,100.40895080566406,100.41752624511719,790.8580932617188,790.8648681640625,790.8648681640625,549.9832763671875,0,0,23.722084045410156,0.0010999999940395355,0.02200000174343586,0.03299999609589577,0.04399999603629112,5655.8173828125,114276.53125,0.0429663360118866,0,3.1392715754918754e-05,257.6441345214844,0,0.0002616529818624258,2.8350639695418067e-05,0,0,23.700000762939453,0,0,1600,0,50,0,0,0,50,50,800,0.0,0.0,0.0,0.0
142,158.19923400878906,309.10211181640625,326.0908203125,326.0662536621094,292.11065673828125,292.13525390625,16515.818359375,33031.63671875,69.02811431884766,69.02548217773438,1794.2691650390625,3617.185791015625,1793.8912353515625,3576.9375,284.54266357421875,61.97645568847656,9.741586382006062e-08,0,0,2574.664794921875,1291.7862548828125,0,23.719738006591797,2716.216064453125,11.833481788635254,12.305322647094727,908.168701171875,1813.42431640625,49.998355865478516,55.47341537475586,100,0,0,346.37493896484375,0,7.924896240234375,20.28411865234375,20.30866813659668,0,1.034000039100647,0.9067617654800415,50,2.799999952316284,2.2905027866363525,0,0,0,0,0.26511406949461025,0,0,0,0.0023378683254122734,-0.002409848151728511,0,-7.197984086815268e-05,100.40607452392578,100.41464233398438,790.8446044921875,790.851318359375,790.851318359375,549.9766235351562,0,0,23.719738006591797,0.0010999999940395355,0.02200000174343586,0.03299999609589577,0.04399999603629112,5655.8173828125,114276.53125,0.0429663360118866,0,3.1392715754918754e-05,259.4649353027344,0,0.0002616529818624258,2.8350639695418067e-05,0,0,23.700000762939453,0,0,1600,0,50,0,0,0,50,50,800,0.0,0.0,0.0,0.0
143,158.19956970214844,309.1023864746094,326.09088134765625,326.0657958984375,292.11114501953125,292.1362609863281,16515.818359375,33031.63671875,69.02851104736328,69.02595520019531,1794.249267578125,3616.1474609375,1793.884033203125,3576.944580078125,284.54290771484375,61.97706604003906,-2.6629561489244225e-06,0,0,2574.6640625,1291.7884521484375,0,23.718753814697266,2716.138427734375,11.833507537841797,12.30634880065918,908.1635131835938,1813.358154296875,49.99913024902344,55.4861946105957,100,0,0,346.3750915527344,0,7.924896240234375,20.284221649169922,20.30931282043457,0,1.034000039100647,0.9067617654800415,50,2.799999952316284,2.2905681133270264,0,0,0,0,0.16870896903235555,0,0,0,0.0023211310617625713,-0.0023931809701025486,0,-7.204990833997726e-05,100.4031982421875,100.41177368164062,790.8310546875,790.8378295898438,790.8378295898438,549.9700317382812,0,0,23.718753814697266,0.0010999999940395355,0.02200000174343586,0.03299999609589577,0.04399999603629112,5655.8173828125,114276.53125,0.0429663360118866,0,3.1392715754918754e-05,261.2857360839844,0,0.0002616529818624258,2.8350639695418067e-05,0,0,23.700000762939453,0,0,1600,0,50,0,0,0,50,50,800,0.0,0.0,0.0,0.0
144,158.19989013671875,309.1026611328125,326.0909423828125,326.0653076171875,292.11163330078125,292.1372985839844,16515.818359375,33031.63671875,69.02890014648438,69.02642822265625,1794.2288818359375,3615.12060546875,1793.8770751953125,3576.9521484375,284.54315185546875,61.9776725769043,4.631398951460142e-06,0,0,2574.6630859375,1291.7904052734375,0,23.716474533081055,2716.060546875,11.83353328704834,12.307348251342773,908.1582641601562,1813.2947998046875,49.999916076660156,55.49864196777344,100,0,0,346.3752746582031,0,7.924896240234375,20.28432273864746,20.30995750427246,0,1.034000039100647,0.9067617654800415,50,2.799999952316284,2.2906339168548584,0,0,0,0,0.0723038371348937,0,0,0,0.002304394030943513,-0.0023764302022755146,0,-7.203628774732351e-05,100.40031433105469,100.40888977050781,790.8175048828125,790.8242797851562,790.8242797851562,549.96337890625,0,0,23.716474533081055,0.0010999999940395355,0.02200000174343586,0.03299999609589577,0.04399999603629112,5655.8173828125,114276.53125,0.0429663360118866,0,3.1392715754918754e-05,263.1065368652344,0,0.0002616529818624258,2.8350639695418067e-05,0,0,23.700000762939453,0,0,1600,0,50,0,0,0,50,50,800,0.0,0.0,0.0,0.0
145,158.2001953125,309.1029357910156,326.09100341796875,326.0648498535156,292.1120910644531,292.1383056640625,16515.818359375,33031.63671875,69.029296875,69.02689361572266,1794.2091064453125,3614.1015625,1793.8673095703125,3576.96142578125,284.54339599609375,61.97825241088867,-2.7770354336098535e-06,0,0,2574.662353515625,1291.7928466796875,0,23.718284606933594,2715.982421875,11.83355712890625,12.308321952819824,908.1520385742188,1813.2293701171875,50.00071334838867,55.51079177856445,100,0,0,346.37542724609375,0,7.924896240234375,20.284423828125,20.31060218811035,0,1.034000039100647,0.9067617654800415,50,2.799999952316284,2.2906997203826904,0,0,0,0,0.0,0,0,0,0.002287656767293811,-0.0023596794344484806,0,-7.202281994977966e-05,100.39743041992188,100.406005859375,790.8038940429688,790.8107299804688,790.8107299804688,549.9567260742188,0,0,23.718284606933594,0.0010999999940395355,0.02200000174343586,0.03299999609589577,0.04399999603629112,5655.8173828125,114276.53125,0.0429663360118866,0,3.1392715754918754e-05,264.9273376464844,0,0.0002616529818624258,2.8350639695418067e-05,0,0,23.700000762939453,0,0,1600,0,50,0,0,0,50,50,800,0.0,0.0,0.0,0.0
146,158.20050048828125,309.10321044921875,326.0910949707031,326.0643615722656,292.11260986328125,292.1393127441406,16515.818359375,33031.63671875,69.0296859741211,69.0273666381836,1794.18896484375,3613.093017578125,1793.8587646484375,3576.97021484375,284.5436096191406,61.978824615478516,-7.117503173503792e-07,0,0,2574.6611328125,1291.794921875,0,23.716115951538086,2715.904541015625,11.83358097076416,12.309269905090332,908.1466674804688,1813.167236328125,50.00144958496094,55.52265548706055,100,0,0,346.3755798339844,0,7.924896240234375,20.28449249267578,20.31121253967285,0,1.034000039100647,0.9067617654800415,50,2.799999952316284,2.2907655239105225,0,0,0,0,0.0,0,0,0,0.002270919270813465,-0.0023429286666214466,0,-7.20095049473457e-05,100.39456176757812,100.40312194824219,790.7904052734375,790.797119140625,790.797119140625,549.9500732421875,0,0,23.716115951538086,0.0010999999940395355,0.02200000174343586,0.03299999609589577,0.04399999603629112,5655.8173828125,114276.53125,0.0429663360118866,0,3.1392715754918754e-05,266.7481384277344,0,0.0002616529818624258,2.8350639695418067e-05,0,0,23.700000762939453,0,0,1600,0,50,0,0,0,50,50,800,0.0,0.0,0.0,0.0
147,158.2008056640625,309.10345458984375,326.0911560058594,326.0639343261719,292.1130676269531,292.14031982421875,16515.818359375,33031.63671875,69.03007507324219,69.02783203125,1794.1680908203125,3612.095703125,1793.8511962890625,3576.978271484375,284.5438232421875,61.97937774658203,-1.5515039422098198e-06,0,0,2574.66015625,1291.796875,0,23.715333938598633,2715.826904296875,11.83360481262207,12.31019115447998,908.141357421875,1813.10302734375,50.00218200683594,55.53419876098633,100,0,0,346.375732421875,0,7.924896240234375,20.28459358215332,20.31182289123535,0,1.034000039100647,0.9067617654800415,50,2.799999952316284,2.2908310890197754,0,0,0,0,0.0,0,0,0,0.0022541817743331194,-0.002326261717826128,0,-7.207987800939009e-05,100.39167785644531,100.40025329589844,790.77685546875,790.7836303710938,790.7836303710938,549.9434814453125,0,0,23.715333938598633,0.0010999999940395355,0.02200000174343586,0.03299999609589577,0.04399999603629112,5655.8173828125,114276.53125,0.0429663360118866,0,3.1392715754918754e-05,268.5689392089844,0,0.0002616529818624258,2.8350639695418067e-05,0,0,23.700000762939453,0,0,1600,0,50,0,0,0,50,50,800,0.0,0.0,0.0,0.0
148,158.20108032226562,309.1036682128906,326.0912170410156,326.0635070800781,292.1135559082031,292.1412658691406,16515.818359375,33031.63671875,69.03046417236328,69.02828979492188,1794.1483154296875,3611.109130859375,1793.8416748046875,3576.9873046875,284.5440368652344,61.97990798950195,4.758430804940872e-06,0,0,2574.659423828125,1291.7989501953125,0,23.714618682861328,2715.74951171875,11.833625793457031,12.311084747314453,908.135009765625,1813.0391845703125,50.002925872802734,55.54541015625,100,0,0,346.3758850097656,0,7.924896240234375,20.2846622467041,20.31236457824707,0,1.034000039100647,0.9067617654800415,50,2.799999952316284,2.290896415710449,0,0,0,0,0.0,0,0,0,0.002241628710180521,-0.0023095947690308094,0,-6.796615343773738e-05,100.38890838623047,100.39739227294922,790.7634887695312,790.7701416015625,790.7701416015625,549.9368896484375,0,0,23.714618682861328,0.0010999999940395355,0.02200000174343586,0.03299999609589577,0.04399999603629112,5655.8173828125,114276.53125,0.0429663360118866,0,3.1392715754918754e-05,270.3897399902344,0,0.0002616529818624258,2.8350639695418067e-05,0,0,23.700000762939453,0,0,1600,0,50,0,0,0,50,50,800,0.0,0.0,0.0,0.0
149,158.2013397216797,309.1038818359375,326.09124755859375,326.0630798339844,292.114013671875,292.1422424316406,16515.818359375,33031.63671875,69.03084564208984,69.02873992919922,1794.1287841796875,3610.130615234375,1793.832275390625,3576.996826171875,284.54425048828125,61.98041915893555,-2.4724081413296517e-06,0,0,2574.65869140625,1291.801025390625,0,23.716720581054688,2715.673828125,11.833647727966309,12.311957359313965,908.1259765625,1812.97314453125,50.0036506652832,55.556358337402344,100,0,0,346.3760070800781,0,7.924896240234375,20.28476333618164,20.31294059753418,0,1.034000039100647,0.9067617654800415,50,2.799999952316284,2.2909600734710693,0,0,0,0,0.0,0,0,0,0.0022290751803666353,-0.0022932628635317087,0,-6.418750126613304e-05,100.38641357421875,100.39459228515625,790.75048828125,790.7568969726562,790.7568969726562,549.9303588867188,0,0,23.716720581054688,0.0010999999940395355,0.02200000174343586,0.03299999609589577,0.04399999603629112,5655.8173828125,114276.53125,0.0429663360118866,0,3.1392715754918754e-05,272.2105407714844,0,0.0002616529818624258,2.8350639695418067e-05,0,0,23.700000762939453,0,0,1600,0,50,0,0,0,50,50,800,0.0,0.0,0.0,0.0
150,158.2016143798828,309.10406494140625,326.0912780761719,326.0625915527344,292.1144714355469,292.1431884765625,16515.818359375,33031.63671875,69.03121948242188,69.02919006347656,1794.110107421875,3609.1640625,1793.825439453125,3577.003173828125,284.54443359375,61.980926513671875,3.5147985499861534e-07,0,0,2574.65771484375,1291.802734375,0,23.71343421936035,2715.6005859375,11.83366870880127,12.312801361083984,908.11962890625,1812.90771484375,50.00437545776367,55.56693649291992,100,0,0,346.37615966796875,0,7.924896240234375,20.28486442565918,20.31355094909668,0,1.034000039100647,0.9067617654800415,50,2.799999952316284,2.2910218238830566,0,0,0,0,0.0,0,0,0,0.002216522116214037,-0.002277516992762685,0,-6.0994982050033286e-05,100.38410949707031,100.39189147949219,790.7380981445312,790.7442016601562,790.7442016601562,549.924072265625,0,0,23.71343421936035,0.0010999999940395355,0.02200000174343586,0.03299999609589577,0.04399999603629112,5655.8173828125,114276.53125,0.0429663360118866,0,3.1392715754918754e-05,274.0313415527344,0,0.0002616529818624258,2.8350639695418067e-05,0,0,23.700000762939453,0,0,1600,0,50,0,0,0,50,50,800,0.0,0.0,0.0,0.0
151,158.20188903808594,309.1042785644531,326.0912780761719,326.0621337890625,292.11492919921875,292.1441345214844,16515.818359375,33031.63671875,69.03158569335938,69.02962493896484,1794.0902099609375,3608.210693359375,1793.815673828125,3577.01318359375,284.5446472167969,61.9814338684082,3.17536796501372e-06,0,0,2574.656982421875,1291.8048095703125,0,23.71289825439453,2715.531494140625,11.83368968963623,12.313620567321777,908.1117553710938,1812.84326171875,50.00498962402344,55.577232360839844,100,0,0,346.37628173828125,0,7.924896240234375,20.285001754760742,20.31416130065918,0,1.034000039100647,0.9067617654800415,50,2.799999952316284,2.2910802364349365,0,0,0,0,0.0,0,0,0,0.002203968819230795,-0.0022626088466495275,0,-5.864013292011805e-05,100.38189697265625,100.38933563232422,790.7262573242188,790.7321166992188,790.7321166992188,549.9181518554688,0,0,23.71289825439453,0.0010999999940395355,0.02200000174343586,0.03299999609589577,0.04399999603629112,5655.8173828125,114276.53125,0.0429663360118866,0,3.1392715754918754e-05,275.8521423339844,0,0.0002616529818624258,2.8350639695418067e-05,0,0,23.700000762939453,0,0,1600,0,50,0,0,0,50,50,800,0.0,0.0,0.0,0.0
152,158.2021484375,309.1044921875,326.0912780761719,326.0616455078125,292.1153869628906,292.1450500488281,16515.818359375,33031.63671875,69.03194427490234,69.0300521850586,1794.07177734375,3607.265869140625,1793.8089599609375,3577.02001953125,284.5448303222656,61.98193359375,4.8372407945862506e-06,0,0,2574.656005859375,1291.806884765625,0,23.71236228942871,2715.46533203125,11.833710670471191,12.314417839050293,908.1055297851562,1812.7813720703125,50.00566482543945,55.587196350097656,100,0,0,346.3764343261719,0,7.924896240234375,20.285137176513672,20.31477165222168,0,1.034000039100647,0.9067617654800415,50,2.799999952316284,2.2911360263824463,0,0,0,0,0.0,0,0,0,0.0021914152894169092,-0.0022483705542981625,0,-5.695541767636314e-05,100.37972259521484,100.38688659667969,790.7149658203125,790.7205810546875,790.7205810546875,549.9124755859375,0,0,23.71236228942871,0.0010999999940395355,0.02200000174343586,0.03299999609589577,0.04399999603629112,5655.8173828125,114276.53125,0.0429663360118866,0,3.1392715754918754e-05,277.6729431152344,0,0.0002616529818624258,2.8350639695418067e-05,0,0,23.700000762939453,0,0,1600,0,50,0,0,0,50,50,800,0.0,0.0,0.0,0.0
153,158.20242309570312,309.10467529296875,326.09130859375,326.06121826171875,292.11578369140625,292.14593505859375,16515.818359375,33031.63671875,69.03230285644531,69.03047180175781,1794.053466796875,3606.333251953125,1793.7989501953125,3577.030029296875,284.5450439453125,61.98242950439453,-4.717629508377286e-06,0,0,2574.655517578125,1291.8087158203125,0,23.71184539794922,2715.401123046875,11.83372974395752,12.31518840789795,908.0978393554688,1812.7203369140625,50.006256103515625,55.596858978271484,100,0,0,346.3765563964844,0,7.924896240234375,20.28523826599121,20.315349578857422,0,1.034000039100647,0.9067617654800415,50,2.799999952316284,2.2911901473999023,0,0,0,0,0.0,0,0,0,0.0021788617596030235,-0.0022345513571053743,0,-5.5689612054266036e-05,100.37760162353516,100.38451385498047,790.7039794921875,790.7094116210938,790.7094116210938,549.906982421875,0,0,23.71184539794922,0.0010999999940395355,0.02200000174343586,0.03299999609589577,0.04399999603629112,5655.8173828125,114276.53125,0.0429663360118866,0,3.1392715754918754e-05,279.4937438964844,0,0.0002616529818624258,2.8350639695418067e-05,0,0,23.700000762939453,0,0,1600,0,50,0,0,0,50,50,800,0.0,0.0,0.0,0.0
154,158.20269775390625,309.10491943359375,326.09130859375,326.06072998046875,292.1162414550781,292.1468200683594,16515.818359375,33031.63671875,69.03264617919922,69.0308837890625,1794.0360107421875,3605.411376953125,1793.79296875,3577.03564453125,284.5452575683594,61.98293685913086,-1.8937415688924375e-06,0,0,2574.654296875,1291.8106689453125,0,23.707265853881836,2715.339111328125,11.833747863769531,12.315936088562012,908.0914916992188,1812.65966796875,50.0068359375,55.60622024536133,100,0,0,346.3767395019531,0,7.924896240234375,20.28540802001953,20.31599235534668,0,1.034000039100647,0.9067617654800415,50,2.799999952316284,2.2912423610687256,0,0,0,0,0.0,0,0,0,0.002164216013625264,-0.0022212343756109476,0,-5.701852569472976e-05,100.37547302246094,100.3822250366211,790.6932983398438,790.6986083984375,790.6986083984375,549.9016723632812,0,0,23.707265853881836,0.0010999999940395355,0.02200000174343586,0.03299999609589577,0.04399999603629112,5655.8173828125,114276.53125,0.0429663360118866,0,3.1392715754918754e-05,281.3145446777344,0,0.0002616529818624258,2.8350639695418067e-05,0,0,23.700000762939453,0,0,1600,0,50,0,0,0,50,50,800,0.0,0.0,0.0,0.0
155,158.2029571533203,309.1051940917969,326.09130859375,326.0602722167969,292.11669921875,292.14776611328125,16515.818359375,33031.63671875,69.03299713134766,69.03129577636719,1794.0181884765625,3604.499755859375,1793.7840576171875,3577.044677734375,284.5454406738281,61.98344421386719,9.301465979660861e-07,0,0,2574.65380859375,1291.8126220703125,0,23.704002380371094,2715.277587890625,11.83376693725586,12.316658973693848,908.0878295898438,1812.6044921875,50.0074462890625,55.61528778076172,100,0,0,346.3768615722656,0,7.924896240234375,20.28554344177246,20.31660270690918,0,1.034000039100647,0.9067617654800415,50,2.799999952316284,2.291294574737549,0,0,0,0,0.0,0,0,0,0.0021474778186529875,-0.0022080852650105953,0,-6.060724990675226e-05,100.3730697631836,100.37994384765625,790.6825561523438,790.6879272460938,790.6879272460938,549.8965454101562,0,0,23.704002380371094,0.0010999999940395355,0.02200000174343586,0.03299999609589577,0.04399999603629112,5655.8173828125,114276.53125,0.0429663360118866,0,3.1392715754918754e-05,283.1353454589844,0,0.0002616529818624258,2.8350639695418067e-05,0,0,23.700000762939453,0,0,1600,0,50,0,0,0,50,50,800,0.0,0.0,0.0,0.0
156,158.20323181152344,309.1054382324219,326.0914001464844,326.0598449707031,292.1171569824219,292.1486511230469,16515.818359375,33031.63671875,69.0333480834961,69.0317153930664,1794.00048828125,3603.596435546875,1793.774658203125,3577.05419921875,284.5456237792969,61.98395919799805,4.916050329484278e-06,0,0,2574.653076171875,1291.8143310546875,0,23.70210075378418,2715.214599609375,11.833784103393555,12.317359924316406,908.0840454101562,1812.5498046875,50.00803756713867,55.62410354614258,100,0,0,346.3769836425781,0,7.924896240234375,20.285612106323242,20.31714630126953,0,1.034000039100647,0.9067617654800415,50,2.799999952316284,2.2913477420806885,0,0,0,0,0.0,0,0,0,0.002132832072675228,-0.0021946008782833815,0,-6.17687837802805e-05,100.37043762207031,100.37761688232422,790.67138671875,790.6770629882812,790.6770629882812,549.8911743164062,0,0,23.70210075378418,0.0010999999940395355,0.02200000174343586,0.03299999609589577,0.04399999603629112,5655.8173828125,114276.53125,0.0429663360118866,0,3.1392715754918754e-05,284.9561462402344,0,0.0002616529818624258,2.8350639695418067e-05,0,0,23.700000762939453,0,0,1600,0,50,0,0,0,50,50,800,0.0,0.0,0.0,0.0
157,158.2034912109375,309.10565185546875,326.0914611816406,326.0594482421875,292.1175537109375,292.1495361328125,16515.818359375,33031.63671875,69.03369903564453,69.0321273803711,1793.981689453125,3602.7041015625,1793.76904296875,3577.059814453125,284.54583740234375,61.984466552734375,-2.895796569646336e-06,0,0,2574.652099609375,1291.8162841796875,0,23.701520919799805,2715.1494140625,11.83380126953125,12.318036079406738,908.0775756835938,1812.49072265625,50.008609771728516,55.63266372680664,100,0,0,346.37713623046875,0,7.924896240234375,20.28567886352539,20.31768798828125,0,1.034000039100647,0.9067617654800415,50,2.799999952316284,2.291402578353882,0,0,0,0,0.0,0,0,0,0.0021202783100306988,-0.0021806140430271626,0,-6.0335747548379004e-05,100.36792755126953,100.37521362304688,790.6599731445312,790.6657104492188,790.6657104492188,549.8856201171875,0,0,23.701520919799805,0.0010999999940395355,0.02200000174343586,0.03299999609589577,0.04399999603629112,5655.8173828125,114276.53125,0.0429663360118866,0,3.1392715754918754e-05,286.7769470214844,0,0.0002616529818624258,2.8350639695418067e-05,0,0,23.700000762939453,0,0,1600,0,50,0,0,0,50,50,800,0.0,0.0,0.0,0.0
158,158.20376586914062,309.1058349609375,326.09149169921875,326.0590515136719,292.1179504394531,292.1504211425781,16515.818359375,33031.63671875,69.03404235839844,69.03253173828125,1793.9632568359375,3601.82080078125,1793.760986328125,3577.068359375,284.5460510253906,61.9849739074707,-7.190843120952195e-08,0,0,2574.6513671875,1291.818115234375,0,23.700984954833984,2715.083740234375,11.833817481994629,12.31869125366211,908.0712280273438,1812.431884765625,50.00920104980469,55.64098358154297,100,0,0,346.37725830078125,0,7.924896240234375,20.28577995300293,20.3182315826416,0,1.034000039100647,0.9067617654800415,50,2.799999952316284,2.2914581298828125,0,0,0,0,0.0,0,0,0,0.0021077243145555258,-0.002166459336876869,0,-5.873502232134342e-05,100.3655776977539,100.3727798461914,790.6485595703125,790.6542358398438,790.6542358398438,549.8800048828125,0,0,23.700984954833984,0.0010999999940395355,0.02200000174343586,0.03299999609589577,0.04399999603629112,5655.8173828125,114276.53125,0.0429663360118866,0,3.1392715754918754e-05,288.5977478027344,0,0.0002616529818624258,2.8350639695418067e-05,0,0,23.700000762939453,0,0,1600,0,50,0,0,0,50,50,800,0.0,0.0,0.0,0.0
159,158.20404052734375,309.1060485839844,326.09149169921875,326.0585632324219,292.118408203125,292.15130615234375,16515.818359375,33031.63671875,69.03438568115234,69.03292846679688,1793.9447021484375,3600.94775390625,1793.7529296875,3577.075927734375,284.5462341308594,61.9854850769043,3.3329874895571265e-06,0,0,2574.650390625,1291.8201904296875,0,23.697721481323242,2715.018798828125,11.833833694458008,12.31932258605957,908.0648803710938,1812.3760986328125,50.009788513183594,55.649009704589844,100,0,0,346.3774108886719,0,7.924896240234375,20.285917282104492,20.3188419342041,0,1.034000039100647,0.9067617654800415,50,2.799999952316284,2.291512966156006,0,0,0,0,0.0,0,0,0,0.0020951705519109964,-0.0021524725016206503,0,-5.7301986089441925e-05,100.36333465576172,100.37037658691406,790.6373901367188,790.6429443359375,790.6429443359375,549.8743896484375,0,0,23.697721481323242,0.0010999999940395355,0.02200000174343586,0.03299999609589577,0.04399999603629112,5655.8173828125,114276.53125,0.0429663360118866,0,3.1392715754918754e-05,290.4185485839844,0,0.0002616529818624258,2.8350639695418067e-05,0,0,23.700000762939453,0,0,1600,0,50,0,0,0,50,50,800,0.0,0.0,0.0,0.0
160,158.2042999267578,309.10626220703125,326.09149169921875,326.05816650390625,292.1188049316406,292.15216064453125,16515.818359375,33031.63671875,69.03471374511719,69.0333251953125,1793.927001953125,3600.084716796875,1793.7462158203125,3577.0830078125,284.5464172363281,61.98597717285156,3.832844413409475e-06,0,0,2574.64990234375,1291.8218994140625,0,23.699888229370117,2714.955078125,11.83384895324707,12.319931983947754,908.05859375,1812.318359375,50.0103645324707,55.65675735473633,100,0,0,346.3775329589844,0,7.924896240234375,20.286052703857422,20.31938362121582,0,1.034000039100647,0.9067617654800415,50,2.799999952316284,2.2915666103363037,0,0,0,0,0.0,0,0,0,0.0020826165564358234,-0.0021388207096606493,0,-5.620401498163119e-05,100.36115264892578,100.36802673339844,790.62646484375,790.6318969726562,790.6318969726562,549.8690185546875,0,0,23.699888229370117,0.0010999999940395355,0.02200000174343586,0.03299999609589577,0.04399999603629112,5655.8173828125,114276.53125,0.0429663360118866,0,3.1392715754918754e-05,292.2393493652344,0,0.0002616529818624258,2.8350639695418067e-05,0,0,23.700000762939453,0,0,1600,0,50,0,0,0,50,50,800,0.0,0.0,0.0,0.0
161,158.20457458496094,309.1064453125,326.0915222167969,326.0577697753906,292.1191711425781,292.1529846191406,16515.818359375,33031.63671875,69.03504943847656,69.0337142944336,1793.9088134765625,3599.234130859375,1793.7384033203125,3577.090576171875,284.546630859375,61.98646926879883,4.332701792009175e-06,0,0,2574.648681640625,1291.823486328125,0,23.695329666137695,2714.893310546875,11.833863258361816,12.320518493652344,908.053466796875,1812.2637939453125,50.0108757019043,55.66423416137695,100,0,0,346.377685546875,0,7.924896240234375,20.28615379333496,20.31989288330078,0,1.034000039100647,0.9067617654800415,50,2.799999952316284,2.291618824005127,0,0,0,0,0.0,0,0,0,0.002070062793791294,-0.0021255037281662226,0,-5.5441108997911215e-05,100.35899353027344,100.36573791503906,790.6157836914062,790.62109375,790.62109375,549.8637084960938,0,0,23.695329666137695,0.0010999999940395355,0.02200000174343586,0.03299999609589577,0.04399999603629112,5655.8173828125,114276.53125,0.0429663360118866,0,3.1392715754918754e-05,294.0601501464844,0,0.0002616529818624258,2.8350639695418067e-05,0,0,23.700000762939453,0,0,1600,0,50,0,0,0,50,50,800,0.0,0.0,0.0,0.0
162,158.20484924316406,309.1066589355469,326.091552734375,326.057373046875,292.1195983886719,292.1538391113281,16515.818359375,33031.63671875,69.0353775024414,69.03409576416016,1793.89111328125,3598.39306640625,1793.72900390625,3577.10009765625,284.54681396484375,61.98695755004883,4.251550763001433e-06,0,0,2574.648193359375,1291.825439453125,0,23.69483757019043,2714.83251953125,11.833878517150879,12.321083068847656,908.0471801757812,1812.20947265625,50.01142501831055,55.67144012451172,100,0,0,346.3778076171875,0,7.924896240234375,20.2862548828125,20.3204345703125,0,1.034000039100647,0.9067617654800415,50,2.799999952316284,2.291670083999634,0,0,0,0,0.0,0,0,0,0.002057508798316121,-0.0021124384365975857,0,-5.492958007380366e-05,100.35684204101562,100.36349487304688,790.6052856445312,790.6105346679688,790.6105346679688,549.8585205078125,0,0,23.69483757019043,0.0010999999940395355,0.02200000174343586,0.03299999609589577,0.04399999603629112,5655.8173828125,114276.53125,0.0429663360118866,0,3.1392715754918754e-05,295.8809509277344,0,0.0002616529818624258,2.8350639695418067e-05,0,0,23.700000762939453,0,0,1600,0,50,0,0,0,50,50,800,0.0,0.0,0.0,0.0
163,158.20510864257812,309.10687255859375,326.09161376953125,326.0570068359375,292.1199645996094,292.15460205078125,16515.818359375,33031.63671875,69.03570556640625,69.03447723388672,1793.8741455078125,3597.561767578125,1793.7232666015625,3577.106201171875,284.5470275878906,61.98745346069336,-5.303319539962104e-06,0,0,2574.647216796875,1291.826904296875,0,23.693004608154297,2714.7724609375,11.833890914916992,12.321627616882324,908.042236328125,1812.1556396484375,50.011959075927734,55.67838668823242,100,0,0,346.3779602050781,0,7.924896240234375,20.28632354736328,20.32094383239746,0,1.034000039100647,0.9067617654800415,50,2.799999952316284,2.2917206287384033,0,0,0,0,0.0,0,0,0,0.0020449545700103045,-0.0020995403174310923,0,-5.45855873497203e-05,100.35468292236328,100.36127471923828,790.5948486328125,790.6000366210938,790.6000366210938,549.8533935546875,0,0,23.693004608154297,0.0010999999940395355,0.02200000174343586,0.03299999609589577,0.04399999603629112,5655.8173828125,114276.53125,0.0429663360118866,0,3.1392715754918754e-05,297.7017517089844,0,0.0002616529818624258,2.8350639695418067e-05,0,0,23.700000762939453,0,0,1600,0,50,0,0,0,50,50,800,0.0,0.0,0.0,0.0
164,158.20538330078125,309.1070556640625,326.09161376953125,326.0566101074219,292.120361328125,292.1554260253906,16515.818359375,33031.63671875,69.03602600097656,69.03485870361328,1793.8564453125,3596.740966796875,1793.7164306640625,3577.112060546875,284.5472412109375,61.98794174194336,-5.384470114222495e-06,0,0,2574.646728515625,1291.8287353515625,0,23.69114875793457,2714.712890625,11.833905220031738,12.322149276733398,908.0372314453125,1812.1025390625,50.01247787475586,55.685081481933594,100,0,0,346.3780822753906,0,7.924896240234375,20.28645896911621,20.32148551940918,0,1.034000039100647,0.9067617654800415,50,2.799999952316284,2.291771173477173,0,0,0,0,0.0,0,0,0,0.0020324005745351315,-0.0020867257844656706,0,-5.432528269011527e-05,100.3525390625,100.35906982421875,790.5845336914062,790.5896606445312,790.5896606445312,549.8483276367188,0,0,23.69114875793457,0.0010999999940395355,0.02200000174343586,0.03299999609589577,0.04399999603629112,5655.8173828125,114276.53125,0.0429663360118866,0,3.1392715754918754e-05,299.5225524902344,0,0.0002616529818624258,2.8350639695418067e-05,0,0,23.700000762939453,0,0,1600,0,50,0,0,0,50,50,800,0.0,0.0,0.0,0.0
165,158.20565795898438,309.1072692871094,326.0916442871094,326.05621337890625,292.12078857421875,292.15625,16515.818359375,33031.63671875,69.03634643554688,69.03522491455078,1793.8388671875,3595.93115234375,1793.70947265625,3577.119384765625,284.54742431640625,61.98843002319336,-5.465620688482886e-06,0,0,2574.6455078125,1291.8304443359375,0,23.689315795898438,2714.653564453125,11.833916664123535,12.322650909423828,908.0321044921875,1812.0498046875,50.01294708251953,55.6915397644043,100,0,0,346.3782043457031,0,7.924896240234375,20.28656005859375,20.32199478149414,0,1.034000039100647,0.9067617654800415,50,2.799999952316284,2.291821002960205,0,0,0,0,0.0,0,0,0,0.002019846346229315,-0.002073995303362608,0,-5.414881889009848e-05,100.35039520263672,100.35688018798828,790.5742797851562,790.5794067382812,790.5794067382812,549.84326171875,0,0,23.689315795898438,0.0010999999940395355,0.02200000174343586,0.03299999609589577,0.04399999603629112,5655.8173828125,114276.53125,0.0429663360118866,0,3.1392715754918754e-05,301.3433532714844,0,0.0002616529818624258,2.8350639695418067e-05,0,0,23.700000762939453,0,0,1600,0,50,0,0,0,50,50,800,0.0,0.0,0.0,0.0
166,158.20591735839844,309.10748291015625,326.09173583984375,326.0558776855469,292.1211242675781,292.156982421875,16515.818359375,33031.63671875,69.03665924072266,69.03559875488281,1793.8221435546875,3595.12939453125,1793.7015380859375,3577.127197265625,284.547607421875,61.988914489746094,4.5079559640726075e-06,0,0,2574.644775390625,1291.83251953125,0,23.687482833862305,2714.594970703125,11.833928108215332,12.323132514953613,908.0260620117188,1812.0001220703125,50.013465881347656,55.697731018066406,100,0,0,346.37835693359375,0,7.924896240234375,20.28662872314453,20.32246971130371,0,1.034000039100647,0.9067617654800415,50,2.799999952316284,2.291870594024658,0,0,0,0,0.0,0,0,0,0.002007292117923498,-0.0020614322274923325,0,-5.414004044723697e-05,100.3482437133789,100.3547134399414,790.5641479492188,790.5692138671875,790.5692138671875,549.8382568359375,0,0,23.687482833862305,0.0010999999940395355,0.02200000174343586,0.03299999609589577,0.04399999603629112,5655.8173828125,114276.53125,0.0429663360118866,0,3.1392715754918754e-05,303.1641540527344,0,0.0002616529818624258,2.8350639695418067e-05,0,0,23.700000762939453,0,0,1600,0,50,0,0,0,50,50,800,0.0,0.0,0.0,0.0
167,158.20619201660156,309.107666015625,326.091796875,326.0555419921875,292.1214599609375,292.1577453613281,16515.818359375,33031.63671875,69.03697204589844,69.03596496582031,1793.805419921875,3594.33837890625,1793.6937255859375,3577.13525390625,284.54779052734375,61.9893913269043,2.683781758605619e-06,0,0,2574.644287109375,1291.833984375,0,23.688400268554688,2714.53662109375,11.833939552307129,12.323592185974121,908.0211181640625,1811.9482421875,50.013980865478516,55.703678131103516,100,0,0,346.37847900390625,0,7.924896240234375,20.28669548034668,20.32294464111328,0,1.034000039100647,0.9067617654800415,50,2.799999952316284,2.2919199466705322,0,0,0,0,0.0,0,0,0,0.0019947378896176815,-0.002048869151622057,0,-5.413126200437546e-05,100.3460922241211,100.35255432128906,790.553955078125,790.5590209960938,790.5590209960938,549.8333129882812,0,0,23.688400268554688,0.0010999999940395355,0.02200000174343586,0.03299999609589577,0.04399999603629112,5655.8173828125,114276.53125,0.0429663360118866,0,3.1392715754918754e-05,304.9849548339844,0,0.0002616529818624258,2.8350639695418067e-05,0,0,23.700000762939453,0,0,1600,0,50,0,0,0,50,50,800,0.0,0.0,0.0,0.0
168,158.2064208984375,309.1078796386719,326.0918273925781,326.0552062988281,292.121826171875,292.1584777832031,16515.818359375,33031.63671875,69.03728485107422,69.03632354736328,1793.787841796875,3593.55859375,1793.685791015625,3577.14306640625,284.5479736328125,61.98984909057617,-2.0454310742934467e-06,0,0,2574.643310546875,1291.835693359375,0,23.68661117553711,2714.47802734375,11.83395004272461,12.324030876159668,908.0159301757812,1811.89990234375,50.01442337036133,55.70939636230469,100,0,0,346.3786315917969,0,7.924896240234375,20.28679847717285,20.32341957092285,0,1.034000039100647,0.9067617654800415,50,2.799999952316284,2.2919692993164062,0,0,0,0,0.0,0,0,0,0.001982183661311865,-0.0020363060757517815,0,-5.4122334404382855e-05,100.34394073486328,100.35038757324219,790.5437622070312,790.5488891601562,790.5488891601562,549.8283081054688,0,0,23.68661117553711,0.0010999999940395355,0.02200000174343586,0.03299999609589577,0.04399999603629112,5655.8173828125,114276.53125,0.0429663360118866,0,3.1392715754918754e-05,306.8057556152344,0,0.0002616529818624258,2.8350639695418067e-05,0,0,23.700000762939453,0,0,1600,0,50,0,0,0,50,50,800,0.0,0.0,0.0,0.0
169,158.2066650390625,309.10809326171875,326.09185791015625,326.0548400878906,292.1221923828125,292.1592712402344,16515.818359375,33031.63671875,69.03759765625,69.03668212890625,1793.7708740234375,3592.788818359375,1793.6795654296875,3577.149658203125,284.54815673828125,61.99031448364258,5.023106496082619e-06,0,0,2574.642578125,1291.83740234375,0,23.68352699279785,2714.419677734375,11.83396053314209,12.32444953918457,908.010986328125,1811.8489990234375,50.01490783691406,55.71485900878906,100,0,0,346.3787536621094,0,7.924896240234375,20.28689956665039,20.32392692565918,0,1.034000039100647,0.9067617654800415,50,2.799999952316284,2.2920186519622803,0,0,0,0,0.0,0,0,0,0.0019696292001754045,-0.002023742999881506,0,-5.411370875663124e-05,100.3417739868164,100.34822845458984,790.5336303710938,790.5386962890625,790.5386962890625,549.8233642578125,0,0,23.68352699279785,0.0010999999940395355,0.02200000174343586,0.03299999609589577,0.04399999603629112,5655.8173828125,114276.53125,0.0429663360118866,0,3.1392715754918754e-05,308.6265563964844,0,0.0002616529818624258,2.8350639695418067e-05,0,0,23.700000762939453,0,0,1600,0,50,0,0,0,50,50,800,0.0,0.0,0.0,0.0
170,158.20689392089844,309.1082763671875,326.09185791015625,326.05450439453125,292.12261962890625,292.1600341796875,16515.818359375,33031.63671875,69.03791046142578,69.03704071044922,1793.75439453125,3592.027587890625,1793.674072265625,3577.15478515625,284.54833984375,61.99076843261719,-2.8711403388115286e-07,0,0,2574.641845703125,1291.8392333984375,0,23.684511184692383,2714.361083984375,11.833970069885254,12.324851036071777,908.006103515625,1811.8011474609375,50.0153923034668,55.720115661621094,100,0,0,346.3788757324219,0,7.924896240234375,20.28700065612793,20.324369430541992,0,1.034000039100647,0.9067617654800415,50,2.799999952316284,2.2920682430267334,0,0,0,0,0.0,0,0,0,0.0019570747390389442,-0.0020111799240112305,0,-5.4105232266010717e-05,100.3396224975586,100.34606170654297,790.5234375,790.5285034179688,790.5285034179688,549.818359375,0,0,23.684511184692383,0.0010999999940395355,0.02200000174343586,0.03299999609589577,0.04399999603629112,5655.8173828125,114276.53125,0.0429663360118866,0,3.1392715754918754e-05,310.4473571777344,0,0.0002616529818624258,2.8350639695418067e-05,0,0,23.700000762939453,0,0,1600,0,50,0,0,0,50,50,800,0.0,0.0,0.0,0.0
171,158.20713806152344,309.1084899902344,326.0919189453125,326.0541687011719,292.12298583984375,292.1607971191406,16515.818359375,33031.63671875,69.0382080078125,69.03739166259766,1793.7374267578125,3591.2783203125,1793.66943359375,3577.1591796875,284.5484924316406,61.991207122802734,2.714369429668295e-06,0,0,2574.64111328125,1291.8406982421875,0,23.68553924560547,2714.302490234375,11.833979606628418,12.32522964477539,908.0025024414062,1811.75390625,50.015865325927734,55.72511291503906,100,0,0,346.3789978027344,0,7.924896240234375,20.28706932067871,20.32484245300293,0,1.034000039100647,0.9067617654800415,50,2.799999952316284,2.2921175956726074,0,0,0,0,0.0,0,0,0,0.0019445203943178058,-0.001998616848140955,0,-5.40966066182591e-05,100.33745574951172,100.34390258789062,790.5132446289062,790.5183715820312,790.5183715820312,549.8133544921875,0,0,23.68553924560547,0.0010999999940395355,0.02200000174343586,0.03299999609589577,0.04399999603629112,5655.8173828125,114276.53125,0.0429663360118866,0,3.1392715754918754e-05,312.2681579589844,0,0.0002616529818624258,2.8350639695418067e-05,0,0,23.700000762939453,0,0,1600,0,50,0,0,0,50,50,800,0.0,0.0,0.0,0.0
172,158.20736694335938,309.10870361328125,326.0920104980469,326.0538024902344,292.1233215332031,292.1615295410156,16515.818359375,33031.63671875,69.03852081298828,69.03775024414062,1793.7197265625,3590.53759765625,1793.65966796875,3577.169189453125,284.5487060546875,61.99164581298828,-4.9198824854101986e-06,0,0,2574.640625,1291.842529296875,0,23.68388557434082,2714.243896484375,11.833988189697266,12.325591087341309,907.9974365234375,1811.707275390625,50.01630783081055,55.72992706298828,100,0,0,346.37908935546875,0,7.924896240234375,20.2871036529541,20.325284957885742,0,1.034000039100647,0.9067617654800415,50,2.799999952316284,2.2921669483184814,0,0,0,0,0.0,0,0,0,0.0019319658167660236,-0.0019860537722706795,0,-5.408798097050749e-05,100.3353042602539,100.34173583984375,790.5031127929688,790.5081787109375,790.5081787109375,549.808349609375,0,0,23.68388557434082,0.0010999999940395355,0.02200000174343586,0.03299999609589577,0.04399999603629112,5655.8173828125,114276.53125,0.0429663360118866,0,3.1392715754918754e-05,314.0889587402344,0,0.0002616529818624258,2.8350639695418067e-05,0,0,23.700000762939453,0,0,1600,0,50,0,0,0,50,50,800,0.0,0.0,0.0,0.0
173,158.20761108398438,309.10888671875,326.092041015625,326.053466796875,292.1236877441406,292.16229248046875,16515.818359375,33031.63671875,69.038818359375,69.03810119628906,1793.703369140625,3589.80712890625,1793.655517578125,3577.173583984375,284.5488586425781,61.9920654296875,-4.823437848244794e-06,0,0,2574.639892578125,1291.8441162109375,0,23.682252883911133,2714.185546875,11.833995819091797,12.325933456420898,907.9925537109375,1811.660888671875,50.016761779785156,55.7344856262207,100,0,0,346.3792419433594,0,7.924896240234375,20.28720474243164,20.32575798034668,0,1.034000039100647,0.9067617654800415,50,2.799999952316284,2.2922163009643555,0,0,0,0,0.0,0,0,0,0.0019194111227989197,-0.001973490696400404,0,-5.407965727499686e-05,100.33314514160156,100.3395767211914,790.492919921875,790.4979858398438,790.4979858398438,549.8034057617188,0,0,23.682252883911133,0.0010999999940395355,0.02200000174343586,0.03299999609589577,0.04399999603629112,5655.8173828125,114276.53125,0.0429663360118866,0,3.1392715754918754e-05,315.9097595214844,0,0.0002616529818624258,2.8350639695418067e-05,0,0,23.700000762939453,0,0,1600,0,50,0,0,0,50,50,800,0.0,0.0,0.0,0.0
174,158.2078094482422,309.1091003417969,326.092041015625,326.0531311035156,292.12408447265625,292.16302490234375,16515.818359375,33031.63671875,69.03912353515625,69.03844451904297,1793.6861572265625,3589.08544921875,1793.6495361328125,3577.178955078125,284.54901123046875,61.99246597290039,3.003702886417159e-06,0,0,2574.63916015625,1291.8458251953125,0,23.682029724121094,2714.12744140625,11.834003448486328,12.32625675201416,907.9876708984375,1811.6124267578125,50.01722717285156,55.738826751708984,100,0,0,346.37933349609375,0,7.924896240234375,20.28730583190918,20.326200485229492,0,1.034000039100647,0.9067617654800415,50,2.799999952316284,2.2922654151916504,0,0,0,0,0.0,0,0,0,0.0019068565452471375,-0.001961011439561844,0,-5.415487248683348e-05,100.33099365234375,100.3374252319336,790.4827880859375,790.4879150390625,790.4879150390625,549.7984619140625,0,0,23.682029724121094,0.0010999999940395355,0.02200000174343586,0.03299999609589577,0.04399999603629112,5655.8173828125,114276.53125,0.0429663360118866,0,3.1392715754918754e-05,317.7305603027344,0,0.0002616529818624258,2.8350639695418067e-05,0,0,23.700000762939453,0,0,1600,0,50,0,0,0,50,50,800,0.0,0.0,0.0,0.0
175,158.2080078125,309.10931396484375,326.0920715332031,326.05279541015625,292.1244812011719,292.16375732421875,16515.818359375,33031.63671875,69.0394287109375,69.03878784179688,1793.6697998046875,3588.374755859375,1793.6441650390625,3577.1845703125,284.5491638183594,61.99285888671875,-9.66907123256533e-07,0,0,2574.638427734375,1291.8472900390625,0,23.683259963989258,2714.06884765625,11.834009170532227,12.326560974121094,907.9839477539062,1811.5697021484375,50.01765060424805,55.74295425415039,100,0,0,346.3794250488281,0,7.924896240234375,20.28737449645996,20.326641082763672,0,1.034000039100647,0.9067617654800415,50,2.799999952316284,2.2923147678375244,0,0,0,0,0.0,0,0,0,0.0018943018512800336,-0.0019484483636915684,0,-5.414654879132286e-05,100.32882690429688,100.33526611328125,790.47265625,790.4777221679688,790.4777221679688,549.79345703125,0,0,23.683259963989258,0.0010999999940395355,0.02200000174343586,0.03299999609589577,0.04399999603629112,5655.8173828125,114276.53125,0.0429663360118866,0,3.1392715754918754e-05,319.5513610839844,0,0.0002616529818624258,2.8350639695418067e-05,0,0,23.700000762939453,0,0,1600,0,50,0,0,0,50,50,800,0.0,0.0,0.0,0.0
176,158.2082061767578,309.1094970703125,326.0921325683594,326.0524597167969,292.12481689453125,292.1645202636719,16515.818359375,33031.63671875,69.03972625732422,69.03913116455078,1793.6529541015625,3587.673828125,1793.6357421875,3577.193359375,284.54931640625,61.993228912353516,2.2121712390799075e-06,0,0,2574.637939453125,1291.84912109375,0,23.683147430419922,2714.01025390625,11.834016799926758,12.326847076416016,907.9790649414062,1811.5247802734375,50.01810836791992,55.74686050415039,100,0,0,346.3795471191406,0,7.924896240234375,20.28740882873535,20.32708168029785,0,1.034000039100647,0.9067617654800415,50,2.799999952316284,2.2923643589019775,0,0,0,0,0.0,0,0,0,0.001881746924482286,-0.0019358852878212929,0,-5.413837789092213e-05,100.32665252685547,100.33309936523438,790.4624633789062,790.467529296875,790.467529296875,549.7885131835938,0,0,23.683147430419922,0.0010999999940395355,0.02200000174343586,0.03299999609589577,0.04399999603629112,5655.8173828125,114276.53125,0.0429663360118866,0,3.1392715754918754e-05,321.3721618652344,0,0.0002616529818624258,2.8350639695418067e-05,0,0,23.700000762939453,0,0,1600,0,50,0,0,0,50,50,800,0.0,0.0,0.0,0.0
177,158.2084197998047,309.10968017578125,326.0921936035156,326.05218505859375,292.1251525878906,292.1651916503906,16515.818359375,33031.63671875,69.04002380371094,69.03947448730469,1793.63671875,3586.981689453125,1793.629150390625,3577.19970703125,284.5494689941406,61.99359893798828,-5.244485237199115e-06,0,0,2574.637451171875,1291.8507080078125,0,23.681760787963867,2713.951904296875,11.83402156829834,12.327116012573242,907.9740600585938,1811.48046875,50.01851272583008,55.750572204589844,100,0,0,346.3796691894531,0,7.924896240234375,20.2874755859375,20.32748794555664,0,1.034000039100647,0.9067617654800415,50,2.799999952316284,2.2924137115478516,0,0,0,0,0.0,0,0,0,0.0018712846795096993,-0.0019233222119510174,0,-5.203747423365712e-05,100.32450103759766,100.33094024658203,790.4522705078125,790.4573974609375,790.4573974609375,549.783447265625,0,0,23.681760787963867,0.0010999999940395355,0.02200000174343586,0.03299999609589577,0.04399999603629112,5655.8173828125,114276.53125,0.0429663360118866,0,3.1392715754918754e-05,323.1929626464844,0,0.0002616529818624258,2.8350639695418067e-05,0,0,23.700000762939453,0,0,1600,0,50,0,0,0,50,50,800,0.0,0.0,0.0,0.0
178,158.20858764648438,309.10980224609375,326.0922546386719,326.0518798828125,292.12548828125,292.1658630371094,16515.818359375,33031.63671875,69.04031372070312,69.03981018066406,1793.6199951171875,3586.300537109375,1793.624267578125,3577.20458984375,284.5495910644531,61.993934631347656,3.341258207001374e-06,0,0,2574.63671875,1291.8521728515625,0,23.684465408325195,2713.89404296875,11.834027290344238,12.327366828918457,907.9678955078125,1811.4315185546875,50.01893615722656,55.75406265258789,100,0,0,346.3797302246094,0,7.924896240234375,20.2874755859375,20.327861785888672,0,1.034000039100647,0.9067617654800415,50,2.799999952316284,2.2924623489379883,0,0,0,0,0.0,0,0,0,0.0018629146507009864,-0.0019108429551124573,0,-4.792829349753447e-05,100.32261657714844,100.32880401611328,790.4423828125,790.447265625,790.447265625,549.7785034179688,0,0,23.684465408325195,0.0010999999940395355,0.02200000174343586,0.03299999609589577,0.04399999603629112,5655.8173828125,114276.53125,0.0429663360118866,0,3.1392715754918754e-05,325.0137634277344,0,0.0002616529818624258,2.8350639695418067e-05,0,0,23.700000762939453,0,0,1600,0,50,0,0,0,50,50,800,0.0,0.0,0.0,0.0
179,158.20875549316406,309.1099548339844,326.0922546386719,326.0515441894531,292.1258239746094,292.16656494140625,16515.818359375,33031.63671875,69.04059600830078,69.04012298583984,1793.6038818359375,3585.630126953125,1793.6199951171875,3577.208984375,284.5497131347656,61.994258880615234,-4.51756420716265e-07,0,0,2574.63623046875,1291.8533935546875,0,23.68457794189453,2713.839111328125,11.83403205871582,12.32759952545166,907.9617309570312,1811.3856201171875,50.01934051513672,55.7573127746582,100,0,0,346.3798522949219,0,7.924896240234375,20.287578582763672,20.32830238342285,0,1.034000039100647,0.9067617654800415,50,2.799999952316284,2.292509078979492,0,0,0,0,0.0,0,0,0,0.001854544854722917,-0.0018989499658346176,0,-4.4405100197764114e-05,100.32096099853516,100.32676696777344,790.43310546875,790.4376220703125,790.4376220703125,549.7738037109375,0,0,23.68457794189453,0.0010999999940395355,0.02200000174343586,0.03299999609589577,0.04399999603629112,5655.8173828125,114276.53125,0.0429663360118866,0,3.1392715754918754e-05,326.8345642089844,0,0.0002616529818624258,2.8350639695418067e-05,0,0,23.700000762939453,0,0,1600,0,50,0,0,0,50,50,800,0.0,0.0,0.0,0.0
180,158.20892333984375,309.1100769042969,326.0922546386719,326.05120849609375,292.12615966796875,292.167236328125,16515.818359375,33031.63671875,69.0408706665039,69.04044342041016,1793.5887451171875,3584.969970703125,1793.6126708984375,3577.216064453125,284.54986572265625,61.99457550048828,-5.406786840467248e-06,0,0,2574.6357421875,1291.85498046875,0,23.684711456298828,2713.787841796875,11.83403491973877,12.327816009521484,907.9557495117188,1811.3402099609375,50.01971435546875,55.76033020019531,100,0,0,346.3799133300781,0,7.924896240234375,20.28764533996582,20.32870864868164,0,1.034000039100647,0.9067617654800415,50,2.799999952316284,2.2925522327423096,0,0,0,0,0.0,0,0,0,0.0018461748259142041,-0.001887894351966679,0,-4.171957334619947e-05,100.31942749023438,100.32487487792969,790.4244384765625,790.4287109375,790.4287109375,549.7693481445312,0,0,23.684711456298828,0.0010999999940395355,0.02200000174343586,0.03299999609589577,0.04399999603629112,5655.8173828125,114276.53125,0.0429663360118866,0,3.1392715754918754e-05,328.6553649902344,0,0.0002616529818624258,2.8350639695418067e-05,0,0,23.700000762939453,0,0,1600,0,50,0,0,0,50,50,800,0.0,0.0,0.0,0.0
181,158.20909118652344,309.1102294921875,326.0921936035156,326.0508117675781,292.1265869140625,292.1679382324219,16515.818359375,33031.63671875,69.0411376953125,69.0407485961914,1793.57373046875,3584.321533203125,1793.604248046875,3577.224853515625,284.5499572753906,61.99488067626953,-1.4691053138449206e-06,0,0,2574.635498046875,1291.856201171875,0,23.684890747070312,2713.739501953125,11.834038734436035,12.328014373779297,907.9495849609375,1811.2955322265625,50.02001953125,55.76313400268555,100,0,0,346.3800048828125,0,7.924896240234375,20.28781509399414,20.3292179107666,0,1.034000039100647,0.9067617654800415,50,2.799999952316284,2.292593002319336,0,0,0,0,0.0,0,0,0,0.0018378047971054912,-0.0018775088246911764,0,-3.970402758568525e-05,100.3179702758789,100.32308959960938,790.416259765625,790.4202880859375,790.4202880859375,549.7652587890625,0,0,23.684890747070312,0.0010999999940395355,0.02200000174343586,0.03299999609589577,0.04399999603629112,5655.8173828125,114276.53125,0.0429663360118866,0,3.1392715754918754e-05,330.4761657714844,0,0.0002616529818624258,2.8350639695418067e-05,0,0,23.700000762939453,0,0,1600,0,50,0,0,0,50,50,800,0.0,0.0,0.0,0.0
182,158.20925903320312,309.1103515625,326.0921936035156,326.0504455566406,292.1269226074219,292.1686096191406,16515.818359375,33031.63671875,69.0414047241211,69.04104614257812,1793.559814453125,3583.6826171875,1793.5985107421875,3577.22998046875,284.5500793457031,61.99518966674805,3.0495839382638223e-06,0,0,2574.634765625,1291.8577880859375,0,23.683752059936523,2713.694091796875,11.834040641784668,12.328197479248047,907.9434814453125,1811.251220703125,50.020320892333984,55.765708923339844,100,0,0,346.3800964355469,0,7.924896240234375,20.287883758544922,20.32962417602539,0,1.034000039100647,0.9067617654800415,50,2.799999952316284,2.2926313877105713,0,0,0,0,0.0,0,0,0,0.0018294347682967782,-0.001867709681391716,0,-3.827492400887422e-05,100.3165283203125,100.3214111328125,790.4085083007812,790.412353515625,790.412353515625,549.7612915039062,0,0,23.683752059936523,0.0010999999940395355,0.02200000174343586,0.03299999609589577,0.04399999603629112,5655.8173828125,114276.53125,0.0429663360118866,0,3.1392715754918754e-05,332.2969665527344,0,0.0002616529818624258,2.8350639695418067e-05,0,0,23.700000762939453,0,0,1600,0,50,0,0,0,50,50,800,0.0,0.0,0.0,0.0
183,158.2094268798828,309.1104736328125,326.0921936035156,326.05010986328125,292.1272277832031,292.1692199707031,16515.818359375,33031.63671875,69.04165649414062,69.04133605957031,1793.545654296875,3583.055908203125,1793.5941162109375,3577.23486328125,284.55023193359375,61.995513916015625,-7.434307462972356e-07,0,0,2574.63427734375,1291.8592529296875,0,23.67986297607422,2713.650634765625,11.834043502807617,12.328360557556152,907.9385986328125,1811.2073974609375,50.02058792114258,55.76805877685547,100,0,0,346.38018798828125,0,7.924896240234375,20.28798484802246,20.33006477355957,0,1.034000039100647,0.9067617654800415,50,2.799999952316284,2.292668104171753,0,0,0,0,0.0,0,0,0,0.001821064855903387,-0.001858329284004867,0,-3.726442810148001e-05,100.31512451171875,100.3198013305664,790.4010620117188,790.4047241210938,790.4047241210938,549.757568359375,0,0,23.67986297607422,0.0010999999940395355,0.02200000174343586,0.03299999609589577,0.04399999603629112,5655.8173828125,114276.53125,0.0429663360118866,0,3.1392715754918754e-05,334.1177673339844,0,0.0002616529818624258,2.8350639695418067e-05,0,0,23.700000762939453,0,0,1600,0,50,0,0,0,50,50,800,0.0,0.0,0.0,0.0
184,158.2095947265625,309.1106872558594,326.0921936035156,326.0498046875,292.1275634765625,292.16986083984375,16515.818359375,33031.63671875,69.04190826416016,69.0416259765625,1793.5323486328125,3582.437255859375,1793.5906982421875,3577.238037109375,284.55035400390625,61.99584197998047,-3.9554379327455536e-06,0,0,2574.6337890625,1291.8604736328125,0,23.67865562438965,2713.6083984375,11.834044456481934,12.328511238098145,907.9351806640625,1811.1690673828125,50.0208625793457,55.77021789550781,100,0,0,346.3802795410156,0,7.924896240234375,20.2880859375,20.330472946166992,0,1.034000039100647,0.9067617654800415,50,2.799999952316284,2.292703866958618,0,0,0,0,0.0,0,0,0,0.0018085098126903176,-0.0018492838134989142,0,-4.077400080859661e-05,100.3136215209961,100.3182373046875,790.3937377929688,790.3973999023438,790.3973999023438,549.7540283203125,0,0,23.67865562438965,0.0010999999940395355,0.02200000174343586,0.03299999609589577,0.04399999603629112,5655.8173828125,114276.53125,0.0429663360118866,0,3.1392715754918754e-05,335.9385681152344,0,0.0002616529818624258,2.8350639695418067e-05,0,0,23.700000762939453,0,0,1600,0,50,0,0,0,50,50,800,0.0,0.0,0.0,0.0
185,158.2097625732422,309.1108703613281,326.0921936035156,326.0495300292969,292.1278991699219,292.1705322265625,16515.818359375,33031.63671875,69.04216003417969,69.04191589355469,1793.5184326171875,3581.82666015625,1793.5823974609375,3577.246826171875,284.55047607421875,61.99616241455078,2.306274836882949e-06,0,0,2574.633056640625,1291.8619384765625,0,23.680150985717773,2713.565673828125,11.834046363830566,12.328645706176758,907.9318237304688,1811.1336669921875,50.02117156982422,55.77220153808594,100,0,0,346.3803405761719,0,7.924896240234375,20.28815460205078,20.330810546875,0,1.034000039100647,0.9067617654800415,50,2.799999952316284,2.2927401065826416,0,0,0,0,0.0,0,0,0,0.0017980471020564437,-0.0018401546403765678,0,-4.2107607441721484e-05,100.31181335449219,100.31665802001953,790.38623046875,790.3900146484375,790.3900146484375,549.7504272460938,0,0,23.680150985717773,0.0010999999940395355,0.02200000174343586,0.03299999609589577,0.04399999603629112,5655.8173828125,114276.53125,0.0429663360118866,0,3.1392715754918754e-05,337.7593688964844,0,0.0002616529818624258,2.8350639695418067e-05,0,0,23.700000762939453,0,0,1600,0,50,0,0,0,50,50,800,0.0,0.0,0.0,0.0
186,158.20993041992188,309.1109924316406,326.0921630859375,326.0492248535156,292.1282043457031,292.1711730957031,16515.818359375,33031.63671875,69.04241180419922,69.04220581054688,1793.5040283203125,3581.226806640625,1793.579345703125,3577.24951171875,284.55059814453125,61.996482849121094,-2.0677478005382e-06,0,0,2574.6328125,1291.86328125,0,23.677581787109375,2713.521484375,11.834046363830566,12.328763008117676,907.9268798828125,1811.091552734375,50.02138137817383,55.77402877807617,100,0,0,346.3804626464844,0,7.924896240234375,20.28829002380371,20.331218719482422,0,1.034000039100647,0.9067617654800415,50,2.799999952316284,2.2927772998809814,0,0,0,0,0.0,0,0,0,0.0017896770732477307,-0.0018306904239580035,0,-4.1013419831870124e-05,100.31011199951172,100.31502532958984,790.3784790039062,790.3823852539062,790.3823852539062,549.7466430664062,0,0,23.677581787109375,0.0010999999940395355,0.02200000174343586,0.03299999609589577,0.04399999603629112,5655.8173828125,114276.53125,0.0429663360118866,0,3.1392715754918754e-05,339.5801696777344,0,0.0002616529818624258,2.8350639695418067e-05,0,0,23.700000762939453,0,0,1600,0,50,0,0,0,50,50,800,0.0,0.0,0.0,0.0
187,158.21009826660156,309.1111755371094,326.0921325683594,326.0489196777344,292.1285400390625,292.17181396484375,16515.818359375,33031.63671875,69.04265594482422,69.04248046875,1793.490234375,3580.636962890625,1793.5748291015625,3577.25390625,284.55072021484375,61.99680709838867,4.774972694576718e-06,0,0,2574.632080078125,1291.86474609375,0,23.676374435424805,2713.477294921875,11.834046363830566,12.328866004943848,907.9221801757812,1811.052001953125,50.02165985107422,55.77564239501953,100,0,0,346.3805236816406,0,7.924896240234375,20.28839111328125,20.33159065246582,0,1.034000039100647,0.9067617654800415,50,2.799999952316284,2.2928147315979004,0,0,0,0,0.0,0,0,0,0.0017792143626138568,-0.0018211426213383675,0,-4.192826963844709e-05,100.30854034423828,100.31339263916016,790.370849609375,790.3746337890625,790.3746337890625,549.7428588867188,0,0,23.676374435424805,0.0010999999940395355,0.02200000174343586,0.03299999609589577,0.04399999603629112,5655.8173828125,114276.53125,0.0429663360118866,0,3.1392715754918754e-05,341.4009704589844,0,0.0002616529818624258,2.8350639695418067e-05,0,0,23.700000762939453,0,0,1600,0,50,0,0,0,50,50,800,0.0,0.0,0.0,0.0
188,158.21026611328125,309.1112976074219,326.0921325683594,326.048583984375,292.1288757324219,292.17242431640625,16515.818359375,33031.63671875,69.04290008544922,69.04276275634766,1793.4769287109375,3580.054443359375,1793.5699462890625,3577.25927734375,284.55084228515625,61.997127532958984,4.009500855772785e-07,0,0,2574.6318359375,1291.86572265625,0,23.675167083740234,2713.43310546875,11.834046363830566,12.32895278930664,907.9188842773438,1811.015380859375,50.021968841552734,55.777069091796875,100,0,0,346.380615234375,0,7.924896240234375,20.288494110107422,20.33203125,0,1.034000039100647,0.9067617654800415,50,2.799999952316284,2.2928519248962402,0,0,0,0,0.0,0,0,0,0.001770844217389822,-0.0018116784049198031,0,-4.083423482370563e-05,100.30684661865234,100.31175994873047,790.3630981445312,790.3670043945312,790.3670043945312,549.7391357421875,0,0,23.675167083740234,0.0010999999940395355,0.02200000174343586,0.03299999609589577,0.04399999603629112,5655.8173828125,114276.53125,0.0429663360118866,0,3.1392715754918754e-05,343.2217712402344,0,0.0002616529818624258,2.8350639695418067e-05,0,0,23.700000762939453,0,0,1600,0,50,0,0,0,50,50,800,0.0,0.0,0.0,0.0
189,158.21043395996094,309.1114501953125,326.0921325683594,326.04827880859375,292.1291809082031,292.17303466796875,16515.818359375,33031.63671875,69.04314422607422,69.04303741455078,1793.46337890625,3579.482177734375,1793.5614013671875,3577.267578125,284.5509948730469,61.99744415283203,-4.55408007837832e-06,0,0,2574.631103515625,1291.8671875,0,23.673961639404297,2713.388671875,11.834046363830566,12.329026222229004,907.9141845703125,1810.976806640625,50.02223587036133,55.77834701538086,100,0,0,346.3807067871094,0,7.924896240234375,20.28856086730957,20.33240509033203,0,1.034000039100647,0.9067617654800415,50,2.799999952316284,2.292889356613159,0,0,0,0,0.0,0,0,0,0.0017624738393351436,-0.0018021304858848453,0,-3.965665746363811e-05,100.3052749633789,100.31011962890625,790.35546875,790.3592529296875,790.3592529296875,549.7353515625,0,0,23.673961639404297,0.0010999999940395355,0.02200000174343586,0.03299999609589577,0.04399999603629112,5655.8173828125,114276.53125,0.0429663360118866,0,3.1392715754918754e-05,345.0425720214844,0,0.0002616529818624258,2.8350639695418067e-05,0,0,23.700000762939453,0,0,1600,0,50,0,0,0,50,50,800,0.0,0.0,0.0,0.0
190,158.21060180664062,309.111572265625,326.0921936035156,326.0480041503906,292.12945556640625,292.173583984375,16515.818359375,33031.63671875,69.04338073730469,69.04330444335938,1793.4498291015625,3578.920166015625,1793.556884765625,3577.272216796875,284.5511169433594,61.997764587402344,1.7076322365028318e-06,0,0,2574.630859375,1291.868408203125,0,23.671411514282227,2713.344970703125,11.834044456481934,12.329083442687988,907.9093627929688,1810.9415283203125,50.0224494934082,55.77944564819336,100,0,0,346.38079833984375,0,7.924896240234375,20.28859519958496,20.33277702331543,0,1.034000039100647,0.9067617654800415,50,2.799999952316284,2.29292631149292,0,0,0,0,0.0,0,0,0,0.0017541036941111088,-0.0017927499720826745,0,-3.8646314351353794e-05,100.30376434326172,100.30850219726562,790.347900390625,790.3516235351562,790.3516235351562,549.7315673828125,0,0,23.671411514282227,0.0010999999940395355,0.02200000174343586,0.03299999609589577,0.04399999603629112,5655.8173828125,114276.53125,0.0429663360118866,0,3.1392715754918754e-05,346.8633728027344,0,0.0002616529818624258,2.8350639695418067e-05,0,0,23.700000762939453,0,0,1600,0,50,0,0,0,50,50,800,0.0,0.0,0.0,0.0
191,158.2107696533203,309.1116943359375,326.0921936035156,326.0477600097656,292.1297302246094,292.17413330078125,16515.818359375,33031.63671875,69.04361724853516,69.04357147216797,1793.4368896484375,3578.3671875,1793.5504150390625,3577.27880859375,284.5512390136719,61.998069763183594,-4.990421075490303e-06,0,0,2574.63037109375,1291.869873046875,0,23.67293357849121,2713.302734375,11.834043502807617,12.329126358032227,907.9046630859375,1810.90380859375,50.02269744873047,55.78034973144531,100,0,0,346.380859375,0,7.924896240234375,20.288663864135742,20.33311653137207,0,1.034000039100647,0.9067617654800415,50,2.799999952316284,2.292962074279785,0,0,0,0,0.0,0,0,0,0.0017457334324717522,-0.00178362091537565,0,-3.7887493817834184e-05,100.30229949951172,100.30693817138672,790.340576171875,790.34423828125,790.34423828125,549.7279052734375,0,0,23.67293357849121,0.0010999999940395355,0.02200000174343586,0.03299999609589577,0.04399999603629112,5655.8173828125,114276.53125,0.0429663360118866,0,3.1392715754918754e-05,348.6841735839844,0,0.0002616529818624258,2.8350639695418067e-05,0,0,23.700000762939453,0,0,1600,0,50,0,0,0,50,50,800,0.0,0.0,0.0,0.0
192,158.2109375,309.1118469238281,326.0921936035156,326.0474853515625,292.1300048828125,292.1746826171875,16515.818359375,33031.63671875,69.04383850097656,69.04383087158203,1793.424072265625,3577.8232421875,1793.5484619140625,3577.2802734375,284.5513610839844,61.99837875366211,-4.7173207917694526e-07,0,0,2574.629638671875,1291.870849609375,0,23.670429229736328,2713.260986328125,11.8340425491333,12.329154968261719,907.9013061523438,1810.8665771484375,50.022953033447266,55.78107833862305,100,0,0,346.3809509277344,0,7.924896240234375,20.28876495361328,20.3334903717041,0,1.034000039100647,0.9067617654800415,50,2.799999952316284,2.292997360229492,0,0,0,0,0.0,0,0,0,0.0017373632872477174,-0.0017746592639014125,0,-3.729606032720767e-05,100.30085754394531,100.3053970336914,790.3334350585938,790.3369750976562,790.3369750976562,549.7244262695312,0,0,23.670429229736328,0.0010999999940395355,0.02200000174343586,0.03299999609589577,0.04399999603629112,5655.8173828125,114276.53125,0.0429663360118866,0,3.1392715754918754e-05,350.5049743652344,0,0.0002616529818624258,2.8350639695418067e-05,0,0,23.700000762939453,0,0,1600,0,50,0,0,0,50,50,800,0.0,0.0,0.0,0.0
193,158.2111053466797,309.1119689941406,326.0921936035156,326.0472106933594,292.1302795410156,292.17523193359375,16515.818359375,33031.63671875,69.0440673828125,69.04408264160156,1793.4105224609375,3577.290283203125,1793.5396728515625,3577.28955078125,284.55145263671875,61.998687744140625,4.046957201353507e-06,0,0,2574.629150390625,1291.872314453125,0,23.670631408691406,2713.22021484375,11.834038734436035,12.329169273376465,907.8965454101562,1810.83251953125,50.02312469482422,55.78165054321289,100,0,0,346.38104248046875,0,7.924896240234375,20.28883171081543,20.333829879760742,0,1.034000039100647,0.9067617654800415,50,2.799999952316284,2.293031930923462,0,0,0,0,0.0,0,0,0,0.001728992909193039,-0.001765865134075284,0,-3.687215576064773e-05,100.2994155883789,100.30388641357422,790.3263549804688,790.3298950195312,790.3298950195312,549.7208862304688,0,0,23.670631408691406,0.0010999999940395355,0.02200000174343586,0.03299999609589577,0.04399999603629112,5655.8173828125,114276.53125,0.0429663360118866,0,3.1392715754918754e-05,352.3257751464844,0,0.0002616529818624258,2.8350639695418067e-05,0,0,23.700000762939453,0,0,1600,0,50,0,0,0,50,50,800,0.0,0.0,0.0,0.0
194,158.21127319335938,309.11212158203125,326.09222412109375,326.04693603515625,292.13055419921875,292.17578125,16515.818359375,33031.63671875,69.0442886352539,69.04434204101562,1793.3984375,3576.764404296875,1793.537109375,3577.291748046875,284.5516052246094,61.998992919921875,-2.6510963380133035e-06,0,0,2574.62890625,1291.8734130859375,0,23.67083168029785,2713.179931640625,11.834035873413086,12.329171180725098,907.8919677734375,1810.798828125,50.02336120605469,55.78205108642578,100,0,0,346.3811340332031,0,7.924896240234375,20.28890037536621,20.33420181274414,0,1.034000039100647,0.9067617654800415,50,2.799999952316284,2.2930660247802734,0,0,0,0,0.0,0,0,0,0.0017206224147230387,-0.0017572384094819427,0,-3.661593655124307e-05,100.2979736328125,100.30239868164062,790.3194580078125,790.3228759765625,790.3228759765625,549.7174682617188,0,0,23.67083168029785,0.0010999999940395355,0.02200000174343586,0.03299999609589577,0.04399999603629112,5655.8173828125,114276.53125,0.0429663360118866,0,3.1392715754918754e-05,354.1465759277344,0,0.0002616529818624258,2.8350639695418067e-05,0,0,23.700000762939453,0,0,1600,0,50,0,0,0,50,50,800,0.0,0.0,0.0,0.0
195,158.21144104003906,309.11224365234375,326.09222412109375,326.0466613769531,292.13079833984375,292.17633056640625,16515.818359375,33031.63671875,69.04450988769531,69.04458618164062,1793.3858642578125,3576.248046875,1793.5308837890625,3577.29833984375,284.5517272949219,61.99928665161133,-4.56438300489026e-07,0,0,2574.62841796875,1291.87451171875,0,23.67105484008789,2713.14013671875,11.834033012390137,12.3291597366333,907.888427734375,1810.76318359375,50.02355194091797,55.78229904174805,100,0,0,346.3812255859375,0,7.924896240234375,20.28900146484375,20.334575653076172,0,1.034000039100647,0.9067617654800415,50,2.799999952316284,2.2930996417999268,0,0,0,0,0.0,0,0,0,0.001712252153083682,-0.0017486956203356385,0,-3.644340904429555e-05,100.29653930664062,100.3009262084961,790.3125,790.3159790039062,790.3159790039062,549.714111328125,0,0,23.67105484008789,0.0010999999940395355,0.02200000174343586,0.03299999609589577,0.04399999603629112,5655.8173828125,114276.53125,0.0429663360118866,0,3.1392715754918754e-05,355.9673767089844,0,0.0002616529818624258,2.8350639695418067e-05,0,0,23.700000762939453,0,0,1600,0,50,0,0,0,50,50,800,0.0,0.0,0.0,0.0
196,158.21160888671875,309.1123962402344,326.09222412109375,326.04638671875,292.131103515625,292.1768493652344,16515.818359375,33031.63671875,69.04473114013672,69.04483032226562,1793.3736572265625,3575.74169921875,1793.529296875,3577.29931640625,284.55181884765625,61.99958801269531,2.900235358538339e-06,0,0,2574.627685546875,1291.8758544921875,0,23.667232513427734,2713.100341796875,11.834028244018555,12.329133033752441,907.8850708007812,1810.7303466796875,50.023738861083984,55.7823600769043,100,0,0,346.3813171386719,0,7.924896240234375,20.28907012939453,20.33491325378418,0,1.034000039100647,0.9067617654800415,50,2.799999952316284,2.293133020401001,0,0,0,0,0.0,0,0,0,0.0017038818914443254,-0.0017401527147740126,0,-3.627088153734803e-05,100.29512023925781,100.2994613647461,790.3056640625,790.30908203125,790.30908203125,549.710693359375,0,0,23.667232513427734,0.0010999999940395355,0.02200000174343586,0.03299999609589577,0.04399999603629112,5655.8173828125,114276.53125,0.0429663360118866,0,3.1392715754918754e-05,357.7881774902344,0,0.0002616529818624258,2.8350639695418067e-05,0,0,23.700000762939453,0,0,1600,0,50,0,0,0,50,50,800,0.0,0.0,0.0,0.0
197,158.21177673339844,309.1125183105469,326.09222412109375,326.0461120605469,292.1313781738281,292.1773986816406,16515.818359375,33031.63671875,69.04493713378906,69.04507446289062,1793.361572265625,3575.243408203125,1793.525146484375,3577.3037109375,284.55194091796875,61.999881744384766,5.094893367640907e-06,0,0,2574.627197265625,1291.876953125,0,23.667455673217773,2713.0615234375,11.834024429321289,12.329094886779785,907.8819580078125,1810.6978759765625,50.02397155761719,55.78226089477539,100,0,0,346.38140869140625,0,7.924896240234375,20.28917121887207,20.33528709411621,0,1.034000039100647,0.9067617654800415,50,2.799999952316284,2.293166160583496,0,0,0,0,0.0,0,0,0,0.0016955113969743252,-0.0017317773308604956,0,-3.6265886592445895e-05,100.29368591308594,100.29801940917969,790.2988891601562,790.3023071289062,790.3023071289062,549.7073974609375,0,0,23.667455673217773,0.0010999999940395355,0.02200000174343586,0.03299999609589577,0.04399999603629112,5655.8173828125,114276.53125,0.0429663360118866,0,3.1392715754918754e-05,359.6089782714844,0,0.0002616529818624258,2.8350639695418067e-05,0,0,23.700000762939453,0,0,1600,0,50,0,0,0,50,50,800,0.0,0.0,0.0,0.0
198,158.2119140625,309.1126708984375,326.09222412109375,326.0459289550781,292.13165283203125,292.1779479980469,16515.818359375,33031.63671875,69.04515838623047,69.04531860351562,1793.3489990234375,3574.755126953125,1793.51953125,3577.309326171875,284.5520324707031,62.000160217285156,4.965520474797813e-06,0,0,2574.626708984375,1291.8780517578125,0,23.66908836364746,2713.0224609375,11.834019660949707,12.3290433883667,907.87841796875,1810.666015625,50.02411651611328,55.78205108642578,100,0,0,346.3814697265625,0,7.924896240234375,20.28923988342285,20.33555793762207,0,1.034000039100647,0.9067617654800415,50,2.799999952316284,2.293199062347412,0,0,0,0,0.0,0,0,0,0.001687140902504325,-0.0017234019469469786,0,-3.6261044442653656e-05,100.29225158691406,100.29657745361328,790.2921142578125,790.2954711914062,790.2954711914062,549.7040405273438,0,0,23.66908836364746,0.0010999999940395355,0.02200000174343586,0.03299999609589577,0.04399999603629112,5655.8173828125,114276.53125,0.0429663360118866,0,3.1392715754918754e-05,361.4297790527344,0,0.0002616529818624258,2.8350639695418067e-05,0,0,23.700000762939453,0,0,1600,0,50,0,0,0,50,50,800,0.0,0.0,0.0,0.0
199,158.21205139160156,309.11279296875,326.09222412109375,326.04571533203125,292.1319274902344,292.178466796875,16515.818359375,33031.63671875,69.04536437988281,69.0455551147461,1793.337158203125,3574.274169921875,1793.5162353515625,3577.31298828125,284.5521545410156,62.000431060791016,3.674131903608213e-06,0,0,2574.62646484375,1291.879150390625,0,23.66803741455078,2712.9833984375,11.834013938903809,12.3289794921875,907.8751831054688,1810.6370849609375,50.024314880371094,55.78165817260742,100,0,0,346.38153076171875,0,7.924896240234375,20.289306640625,20.33582878112793,0,1.034000039100647,0.9067617654800415,50,2.799999952316284,2.293231964111328,0,0,0,0,0.0,0,0,0,0.0016787704080343246,-0.0017150265630334616,0,-3.625604949775152e-05,100.29081726074219,100.29513549804688,790.2853393554688,790.2886962890625,790.2886962890625,549.7007446289062,0,0,23.66803741455078,0.0010999999940395355,0.02200000174343586,0.03299999609589577,0.04399999603629112,5655.8173828125,114276.53125,0.0429663360118866,0,3.1392715754918754e-05,363.2505798339844,0,0.0002616529818624258,2.8350639695418067e-05,0,0,23.700000762939453,0,0,1600,0,50,0,0,0,50,50,800,0.0,0.0,0.0,0.0
200,158.21218872070312,309.1129150390625,326.0922546386719,326.0455017089844,292.1322021484375,292.1789245605469,16515.818359375,33031.63671875,69.04557800292969,69.04579162597656,1793.3250732421875,3573.802490234375,1793.5087890625,3577.320068359375,284.5522766113281,62.00068664550781,5.8712508632652316e-08,0,0,2574.6259765625,1291.88037109375,0,23.66703224182129,2712.9443359375,11.83400821685791,12.328904151916504,907.8704223632812,1810.6060791015625,50.02445983886719,55.781150817871094,100,0,0,346.3816223144531,0,7.924896240234375,20.28934097290039,20.336101531982422,0,1.034000039100647,0.9067617654800415,50,2.799999952316284,2.293264865875244,0,0,0,0,0.0,0,0,0,0.0016704000299796462,-0.0017066510627046227,0,-3.625105819082819e-05,100.28939819335938,100.29369354248047,790.278564453125,790.2819213867188,790.2819213867188,549.6973876953125,0,0,23.66703224182129,0.0010999999940395355,0.02200000174343586,0.03299999609589577,0.04399999603629112,5655.8173828125,114276.53125,0.0429663360118866,0,3.1392715754918754e-05,365.0713806152344,0,0.0002616529818624258,2.8350639695418067e-05,0,0,23.700000762939453,0,0,1600,0,50,0,0,0,50,50,800,0.0,0.0,0.0,0.0
201,158.2123260498047,309.1130676269531,326.09234619140625,326.0453186035156,292.1324157714844,292.1794128417969,16515.818359375,33031.63671875,69.04578399658203,69.04602813720703,1793.3133544921875,3573.33984375,1793.5052490234375,3577.32421875,284.5523681640625,62.00094223022461,-3.556706815288635e-06,0,0,2574.62548828125,1291.8814697265625,0,23.667434692382812,2712.905517578125,11.834003448486328,12.328814506530762,907.8684692382812,1810.5753173828125,50.024662017822266,55.780460357666016,100,0,0,346.3816833496094,0,7.924896240234375,20.28934097290039,20.33637237548828,0,1.034000039100647,0.9067617654800415,50,2.799999952316284,2.2932980060577393,0,0,0,0,0.0,0,0,0,0.001662029535509646,-0.0016982757952064276,0,-3.624621240305714e-05,100.2879638671875,100.29225158691406,790.2717895507812,790.275146484375,790.275146484375,549.694091796875,0,0,23.667434692382812,0.0010999999940395355,0.02200000174343586,0.03299999609589577,0.04399999603629112,5655.8173828125,114276.53125,0.0429663360118866,0,3.1392715754918754e-05,366.8921813964844,0,0.0002616529818624258,2.8350639695418067e-05,0,0,23.700000762939453,0,0,1600,0,50,0,0,0,50,50,800,0.0,0.0,0.0,0.0
202,158.2124481201172,309.1131896972656,326.09234619140625,326.0450439453125,292.1326904296875,292.179931640625,16515.818359375,33031.63671875,69.04598999023438,69.04625701904297,1793.301513671875,3572.88525390625,1793.502197265625,3577.326904296875,284.5524597167969,62.00119400024414,2.8826007110183127e-06,0,0,2574.625244140625,1291.882568359375,0,23.666473388671875,2712.866455078125,11.833996772766113,12.328714370727539,907.8651123046875,1810.5452880859375,50.02480697631836,55.779666900634766,100,0,0,346.3817443847656,0,7.924896240234375,20.289409637451172,20.336711883544922,0,1.034000039100647,0.9067617654800415,50,2.799999952316284,2.2933309078216553,0,0,0,0,0.0,0,0,0,0.0016536590410396457,-0.0016899002948775887,0,-3.624122109613381e-05,100.28650665283203,100.29080963134766,790.2649536132812,790.2683715820312,790.2683715820312,549.6907958984375,0,0,23.666473388671875,0.0010999999940395355,0.02200000174343586,0.03299999609589577,0.04399999603629112,5655.8173828125,114276.53125,0.0429663360118866,0,3.1392715754918754e-05,368.7129821777344,0,0.0002616529818624258,2.8350639695418067e-05,0,0,23.700000762939453,0,0,1600,0,50,0,0,0,50,50,800,0.0,0.0,0.0,0.0
203,158.21258544921875,309.11334228515625,326.09234619140625,326.0447998046875,292.1329345703125,292.18048095703125,16515.818359375,33031.63671875,69.04618835449219,69.04647827148438,1793.29052734375,3572.4384765625,1793.501220703125,3577.328125,284.5525817871094,62.00143051147461,-3.6378576169227017e-06,0,0,2574.624755859375,1291.8839111328125,0,23.66826057434082,2712.827392578125,11.833990097045898,12.32860279083252,907.8619995117188,1810.5177001953125,50.02501678466797,55.77869415283203,100,0,0,346.3818054199219,0,7.924896240234375,20.28947639465332,20.337017059326172,0,1.034000039100647,0.9067617654800415,50,2.799999952316284,2.2933638095855713,0,0,0,0,0.0,0,0,0,0.0016452884301543236,-0.0016815250273793936,0,-3.6236528103472665e-05,100.28507995605469,100.28936767578125,790.2581787109375,790.2615966796875,790.2615966796875,549.6874389648438,0,0,23.66826057434082,0.0010999999940395355,0.02200000174343586,0.03299999609589577,0.04399999603629112,5655.8173828125,114276.53125,0.0429663360118866,0,3.1392715754918754e-05,370.5337829589844,0,0.0002616529818624258,2.8350639695418067e-05,0,0,23.700000762939453,0,0,1600,0,50,0,0,0,50,50,800,0.0,0.0,0.0,0.0
204,158.2126922607422,309.11346435546875,326.0923767089844,326.0445861816406,292.1332092285156,292.18096923828125,16515.818359375,33031.63671875,69.04638671875,69.04670715332031,1793.2791748046875,3572.00048828125,1793.498291015625,3577.33056640625,284.5526428222656,62.001644134521484,-3.008627572853584e-06,0,0,2574.624267578125,1291.884765625,0,23.66736602783203,2712.788330078125,11.833982467651367,12.328479766845703,907.8588256835938,1810.48828125,50.02519226074219,55.77760696411133,100,0,0,346.3818664550781,0,7.924896240234375,20.28951072692871,20.33728790283203,0,1.034000039100647,0.9067617654800415,50,2.799999952316284,2.2933969497680664,0,0,0,0,0.0,0,0,0,0.0016369178192690015,-0.0016731495270505548,0,-3.6231685953680426e-05,100.28364562988281,100.28792572021484,790.2514038085938,790.2548217773438,790.2548217773438,549.6841430664062,0,0,23.66736602783203,0.0010999999940395355,0.02200000174343586,0.03299999609589577,0.04399999603629112,5655.8173828125,114276.53125,0.0429663360118866,0,3.1392715754918754e-05,372.3545837402344,0,0.0002616529818624258,2.8350639695418067e-05,0,0,23.700000762939453,0,0,1600,0,50,0,0,0,50,50,800,0.0,0.0,0.0,0.0
205,158.21278381347656,309.1136169433594,326.0923767089844,326.0444030761719,292.13348388671875,292.1814270019531,16515.818359375,33031.63671875,69.04659271240234,69.04693603515625,1793.2674560546875,3571.571533203125,1793.4901123046875,3577.3388671875,284.552734375,62.001853942871094,-2.9604057090182323e-06,0,0,2574.6240234375,1291.885986328125,0,23.66929054260254,2712.749267578125,11.83397388458252,12.328346252441406,907.8553466796875,1810.4619140625,50.02528762817383,55.776424407958984,100,0,0,346.3819274902344,0,7.924896240234375,20.2895450592041,20.3375244140625,0,1.034000039100647,0.9067617654800415,50,2.799999952316284,2.2934298515319824,0,0,0,0,0.0,0,0,0,0.0016285472083836794,-0.0016647742595523596,0,-3.622699296101928e-05,100.28221893310547,100.28648376464844,790.24462890625,790.248046875,790.248046875,549.6807861328125,0,0,23.66929054260254,0.0010999999940395355,0.02200000174343586,0.03299999609589577,0.04399999603629112,5655.8173828125,114276.53125,0.0429663360118866,0,3.1392715754918754e-05,374.1753845214844,0,0.0002616529818624258,2.8350639695418067e-05,0,0,23.700000762939453,0,0,1600,0,50,0,0,0,50,50,800,0.0,0.0,0.0,0.0
206,158.212890625,309.11370849609375,326.0923767089844,326.044189453125,292.13372802734375,292.1819152832031,16515.818359375,33031.63671875,69.04679107666016,69.04715728759766,1793.2567138671875,3571.151123046875,1793.489501953125,3577.339599609375,284.55279541015625,62.002044677734375,4.818512934434693e-06,0,0,2574.623779296875,1291.8868408203125,0,23.671234130859375,2712.710693359375,11.833965301513672,12.328200340270996,907.85205078125,1810.4334716796875,50.02543640136719,55.775081634521484,100,0,0,346.3819885253906,0,7.924896240234375,20.28961181640625,20.337797164916992,0,1.034000039100647,0.9067617654800415,50,2.799999952316284,2.2934625148773193,0,0,0,0,0.0,0,0,0,0.00162226939573884,-0.0016564825782552361,0,-3.421326618990861e-05,100.2807846069336,100.2850570678711,790.2379150390625,790.2413330078125,790.2413330078125,549.677490234375,0,0,23.671234130859375,0.0010999999940395355,0.02200000174343586,0.03299999609589577,0.04399999603629112,5655.8173828125,114276.53125,0.0429663360118866,0,3.1392715754918754e-05,375.9961853027344,0,0.0002616529818624258,2.8350639695418067e-05,0,0,23.700000762939453,0,0,1600,0,50,0,0,0,50,50,800,0.0,0.0,0.0,0.0
207,158.21299743652344,309.11376953125,326.0923767089844,326.0439758300781,292.1339416503906,292.1823425292969,16515.818359375,33031.63671875,69.0469741821289,69.04737091064453,1793.2459716796875,3570.738037109375,1793.486328125,3577.3427734375,284.5528869628906,62.00221633911133,-9.433425702809473e-07,0,0,2574.62353515625,1291.8878173828125,0,23.67051887512207,2712.6728515625,11.83395767211914,12.328044891357422,907.8477172851562,1810.402587890625,50.02561950683594,55.77358627319336,100,0,0,346.38201904296875,0,7.924896240234375,20.28964614868164,20.33803367614746,0,1.034000039100647,0.9067617654800415,50,2.799999952316284,2.293494462966919,0,0,0,0,0.0,0,0,0,0.0016180840320885181,-0.0016482747159898281,0,-3.01906493405113e-05,100.27961730957031,100.28365325927734,790.2315063476562,790.2346801757812,790.2346801757812,549.6741943359375,0,0,23.67051887512207,0.0010999999940395355,0.02200000174343586,0.03299999609589577,0.04399999603629112,5655.8173828125,114276.53125,0.0429663360118866,0,3.1392715754918754e-05,377.8169860839844,0,0.0002616529818624258,2.8350639695418067e-05,0,0,23.700000762939453,0,0,1600,0,50,0,0,0,50,50,800,0.0,0.0,0.0,0.0
208,158.2130889892578,309.11383056640625,326.0923767089844,326.0437927246094,292.1341247558594,292.1827697753906,16515.818359375,33031.63671875,69.04715728759766,69.04757690429688,1793.2353515625,3570.335205078125,1793.48046875,3577.348876953125,284.55291748046875,62.00239562988281,5.0925523282785434e-06,0,0,2574.623291015625,1291.8887939453125,0,23.671234130859375,2712.63720703125,11.833948135375977,12.32787799835205,907.8419189453125,1810.37255859375,50.02571487426758,55.77198028564453,100,0,0,346.382080078125,0,7.924896240234375,20.289714813232422,20.33830451965332,0,1.034000039100647,0.9067617654800415,50,2.799999952316284,2.2935245037078857,0,0,0,0,0.0,0,0,0,0.001613898784853518,-0.001640569418668747,0,-2.667063381522894e-05,100.2786636352539,100.28234100341797,790.2255249023438,790.2284545898438,790.2284545898438,549.6710815429688,0,0,23.671234130859375,0.0010999999940395355,0.02200000174343586,0.03299999609589577,0.04399999603629112,5655.8173828125,114276.53125,0.0429663360118866,0,3.1392715754918754e-05,379.6377868652344,0,0.0002616529818624258,2.8350639695418067e-05,0,0,23.700000762939453,0,0,1600,0,50,0,0,0,50,50,800,0.0,0.0,0.0,0.0
209,158.21319580078125,309.1139221191406,326.0923767089844,326.0435791015625,292.1343688964844,292.1831970214844,16515.818359375,33031.63671875,69.04733276367188,69.04777526855469,1793.2255859375,3569.94140625,1793.47607421875,3577.3525390625,284.5530090332031,62.00255584716797,-2.4123262392095057e-06,0,0,2574.623046875,1291.8896484375,0,23.673290252685547,2712.605224609375,11.833937644958496,12.327701568603516,907.8373413085938,1810.3427734375,50.025779724121094,55.77021026611328,100,0,0,346.3821105957031,0,7.924896240234375,20.28974723815918,20.338542938232422,0,1.034000039100647,0.9067617654800415,50,2.799999952316284,2.2935519218444824,0,0,0,0,0.0,0,0,0,0.001609713421203196,-0.0016336179105564952,0,-2.3904443878564052e-05,100.2778549194336,100.2811508178711,790.22021484375,790.2227783203125,790.2227783203125,549.6683349609375,0,0,23.673290252685547,0.0010999999940395355,0.02200000174343586,0.03299999609589577,0.04399999603629112,5655.8173828125,114276.53125,0.0429663360118866,0,3.1392715754918754e-05,381.4585876464844,0,0.0002616529818624258,2.8350639695418067e-05,0,0,23.700000762939453,0,0,1600,0,50,0,0,0,50,50,800,0.0,0.0,0.0,0.0
210,158.2133026123047,309.1139831542969,326.0923767089844,326.0433654785156,292.13458251953125,292.18359375,16515.818359375,33031.63671875,69.04750061035156,69.04795837402344,1793.2166748046875,3569.55712890625,1793.47509765625,3577.35400390625,284.5530700683594,62.002723693847656,1.8805454828907386e-06,0,0,2574.62255859375,1291.8905029296875,0,23.671323776245117,2712.576416015625,11.833928108215332,12.327513694763184,907.8330078125,1810.3133544921875,50.0258674621582,55.76826095581055,100,0,0,346.3821716308594,0,7.924896240234375,20.28981590270996,20.33881378173828,0,1.034000039100647,0.9067617654800415,50,2.799999952316284,2.2935760021209717,0,0,0,0,0.0,0,0,0,0.0016055279411375523,-0.001627420075237751,0,-2.1892075892537832e-05,100.277099609375,100.28009033203125,790.2153930664062,790.2177734375,790.2177734375,549.6658935546875,0,0,23.671323776245117,0.0010999999940395355,0.02200000174343586,0.03299999609589577,0.04399999603629112,5655.8173828125,114276.53125,0.0429663360118866,0,3.1392715754918754e-05,383.2793884277344,0,0.0002616529818624258,2.8350639695418067e-05,0,0,23.700000762939453,0,0,1600,0,50,0,0,0,50,50,800,0.0,0.0,0.0,0.0
211,158.21339416503906,309.1140441894531,326.0923767089844,326.0431823730469,292.134765625,292.18402099609375,16515.818359375,33031.63671875,69.04766082763672,69.04814910888672,1793.20751953125,3569.18212890625,1793.4705810546875,3577.3583984375,284.55316162109375,62.002899169921875,-3.3003022963384865e-06,0,0,2574.6220703125,1291.8912353515625,0,23.670698165893555,2712.550048828125,11.833917617797852,12.327317237854004,907.8297729492188,1810.287109375,50.025875091552734,55.76622009277344,100,0,0,346.38226318359375,0,7.924896240234375,20.289884567260742,20.33908462524414,0,1.034000039100647,0.9067617654800415,50,2.799999952316284,2.2935984134674072,0,0,0,0,0.0,0,0,0,0.0016013426939025521,-0.0016217248048633337,0,-2.0382158254506066e-05,100.2763900756836,100.27911376953125,790.2109985351562,790.2131958007812,790.2131958007812,549.66357421875,0,0,23.670698165893555,0.0010999999940395355,0.02200000174343586,0.03299999609589577,0.04399999603629112,5655.8173828125,114276.53125,0.0429663360118866,0,3.1392715754918754e-05,385.1001892089844,0,0.0002616529818624258,2.8350639695418067e-05,0,0,23.700000762939453,0,0,1600,0,50,0,0,0,50,50,800,0.0,0.0,0.0,0.0
212,158.2135009765625,309.11419677734375,326.09234619140625,326.0429382324219,292.135009765625,292.1844177246094,16515.818359375,33031.63671875,69.04782104492188,69.04832458496094,1793.1990966796875,3568.815185546875,1793.4669189453125,3577.362060546875,284.5531921386719,62.00305938720703,-1.6944586889167113e-07,0,0,2574.6220703125,1291.8922119140625,0,23.671411514282227,2712.52587890625,11.833907127380371,12.327108383178711,907.8267211914062,1810.263916015625,50.025901794433594,55.764007568359375,100,0,0,346.3822937011719,0,7.924896240234375,20.28995132446289,20.33935546875,0,1.034000039100647,0.9067617654800415,50,2.799999952316284,2.29361891746521,0,0,0,0,0.0,0,0,0,0.00159297208301723,-0.0016165320994332433,0,-2.3559992769150995e-05,100.27560424804688,100.2782211303711,790.2069091796875,790.208984375,790.208984375,549.6615600585938,0,0,23.671411514282227,0.0010999999940395355,0.02200000174343586,0.03299999609589577,0.04399999603629112,5655.8173828125,114276.53125,0.0429663360118866,0,3.1392715754918754e-05,386.9209899902344,0,0.0002616529818624258,2.8350639695418067e-05,0,0,23.700000762939453,0,0,1600,0,50,0,0,0,50,50,800,0.0,0.0,0.0,0.0
213,158.21359252929688,309.11431884765625,326.09234619140625,326.042724609375,292.1352233886719,292.184814453125,16515.818359375,33031.63671875,69.04798126220703,69.04850769042969,1793.1912841796875,3568.455810546875,1793.4625244140625,3577.366455078125,284.55328369140625,62.003238677978516,-4.769285624206532e-06,0,0,2574.621826171875,1291.89306640625,0,23.668081283569336,2712.501708984375,11.833895683288574,12.326892852783203,907.8262939453125,1810.2431640625,50.025936126708984,55.76168441772461,100,0,0,346.3823547363281,0,7.924896240234375,20.290019989013672,20.339628219604492,0,1.034000039100647,0.9067617654800415,50,2.799999952316284,2.2936391830444336,0,0,0,0,0.0,0,0,0,0.0015846013557165861,-0.0016114230966195464,0,-2.682182275748346e-05,100.27452087402344,100.27732849121094,790.2025756835938,790.204833984375,790.204833984375,549.6595458984375,0,0,23.668081283569336,0.0010999999940395355,0.02200000174343586,0.03299999609589577,0.04399999603629112,5655.8173828125,114276.53125,0.0429663360118866,0,3.1392715754918754e-05,388.7417907714844,0,0.0002616529818624258,2.8350639695418067e-05,0,0,23.700000762939453,0,0,1600,0,50,0,0,0,50,50,800,0.0,0.0,0.0,0.0
214,158.2136993408203,309.11444091796875,326.0923767089844,326.0425720214844,292.13543701171875,292.18524169921875,16515.818359375,33031.63671875,69.04814147949219,69.04869079589844,1793.182373046875,3568.104248046875,1793.4599609375,3577.369140625,284.5533447265625,62.003421783447266,1.847617113526212e-06,0,0,2574.621337890625,1291.8944091796875,0,23.666048049926758,2712.475341796875,11.833884239196777,12.326665878295898,907.82421875,1810.2208251953125,50.02592086791992,55.75929260253906,100,0,0,346.38238525390625,0,7.924896240234375,20.290019989013672,20.33983039855957,0,1.034000039100647,0.9067617654800415,50,2.799999952316284,2.293661594390869,0,0,0,0,0.0,0,0,0,0.0015762305120006204,-0.0016058116452768445,0,-2.958105324069038e-05,100.27325439453125,100.27635192871094,790.1978149414062,790.2002563476562,790.2002563476562,549.6573486328125,0,0,23.666048049926758,0.0010999999940395355,0.02200000174343586,0.03299999609589577,0.04399999603629112,5655.8173828125,114276.53125,0.0429663360118866,0,3.1392715754918754e-05,390.5625915527344,0,0.0002616529818624258,2.8350639695418067e-05,0,0,23.700000762939453,0,0,1600,0,50,0,0,0,50,50,800,0.0,0.0,0.0,0.0
215,158.21380615234375,309.11456298828125,326.0924072265625,326.0423889160156,292.1356201171875,292.18560791015625,16515.818359375,33031.63671875,69.04830169677734,69.04887390136719,1793.1739501953125,3567.758544921875,1793.4593505859375,3577.36962890625,284.5534362792969,62.00359344482422,-3.914238732249942e-06,0,0,2574.620849609375,1291.89501953125,0,23.668081283569336,2712.4462890625,11.83387279510498,12.326431274414062,907.8225708007812,1810.200927734375,50.026004791259766,55.75678634643555,100,0,0,346.3824462890625,0,7.924896240234375,20.29005241394043,20.340068817138672,0,1.034000039100647,0.9067617654800415,50,2.799999952316284,2.2936861515045166,0,0,0,0,0.0,0,0,0,0.0015699524665251374,-0.0015996138099581003,0,-2.966126339742914e-05,100.27189636230469,100.27527618408203,790.192626953125,790.1952514648438,790.1952514648438,549.6549072265625,0,0,23.668081283569336,0.0010999999940395355,0.02200000174343586,0.03299999609589577,0.04399999603629112,5655.8173828125,114276.53125,0.0429663360118866,0,3.1392715754918754e-05,392.3833923339844,0,0.0002616529818624258,2.8350639695418067e-05,0,0,23.700000762939453,0,0,1600,0,50,0,0,0,50,50,800,0.0,0.0,0.0,0.0
216,158.21389770507812,309.1146240234375,326.0924377441406,326.0422058105469,292.13580322265625,292.18597412109375,16515.818359375,33031.63671875,69.0484619140625,69.04905700683594,1793.163818359375,3567.4208984375,1793.453369140625,3577.37548828125,284.5534973144531,62.00376892089844,1.5406490092573222e-06,0,0,2574.620849609375,1291.895751953125,0,23.66606903076172,2712.415771484375,11.8338623046875,12.326188087463379,907.8192749023438,1810.1766357421875,50.02603530883789,55.754241943359375,100,0,0,346.3824768066406,0,7.924896240234375,20.29005241394043,20.34027099609375,0,1.034000039100647,0.9067617654800415,50,2.799999952316284,2.2937119007110596,0,0,0,0,0.0,0,0,0,0.0015657671028748155,-0.0015929972287267447,0,-2.7230138584855013e-05,100.27073669433594,100.2741470336914,790.1871948242188,790.1898803710938,790.1898803710938,549.6522216796875,0,0,23.66606903076172,0.0010999999940395355,0.02200000174343586,0.03299999609589577,0.04399999603629112,5655.8173828125,114276.53125,0.0429663360118866,0,3.1392715754918754e-05,394.2041931152344,0,0.0002616529818624258,2.8350639695418067e-05,0,0,23.700000762939453,0,0,1600,0,50,0,0,0,50,50,800,0.0,0.0,0.0,0.0
217,158.21397399902344,309.11468505859375,326.0924377441406,326.04205322265625,292.1359558105469,292.18634033203125,16515.818359375,33031.63671875,69.04862213134766,69.04922485351562,1793.1552734375,3567.09130859375,1793.448974609375,3577.3798828125,284.55352783203125,62.00392150878906,3.5094894883513916e-06,0,0,2574.620361328125,1291.896728515625,0,23.668148040771484,2712.38525390625,11.83384895324707,12.325935363769531,907.8148803710938,1810.152587890625,50.02607727050781,55.751564025878906,100,0,0,346.3825378417969,0,7.924896240234375,20.29008674621582,20.34047508239746,0,1.034000039100647,0.9067617654800415,50,2.799999952316284,2.2937378883361816,0,0,0,0,0.0,0,0,0,0.0015615816228091717,-0.001586380647495389,0,-2.4799013772280887e-05,100.26979064941406,100.27301788330078,790.1820678710938,790.1845703125,790.1845703125,549.6495971679688,0,0,23.668148040771484,0.0010999999940395355,0.02200000174343586,0.03299999609589577,0.04399999603629112,5655.8173828125,114276.53125,0.0429663360118866,0,3.1392715754918754e-05,396.0249938964844,0,0.0002616529818624258,2.8350639695418067e-05,0,0,23.700000762939453,0,0,1600,0,50,0,0,0,50,50,800,0.0,0.0,0.0,0.0
218,158.2140350341797,309.11474609375,326.09246826171875,326.0418701171875,292.1361389160156,292.1866455078125,16515.818359375,33031.63671875,69.04876708984375,69.04940032958984,1793.147705078125,3566.769287109375,1793.44921875,3577.3798828125,284.5535888671875,62.004066467285156,4.316314971219981e-06,0,0,2574.620361328125,1291.8974609375,0,23.66756820678711,2712.35693359375,11.833836555480957,12.325674057006836,907.8118896484375,1810.1287841796875,50.0261344909668,55.74874496459961,100,0,0,346.382568359375,0,7.924896240234375,20.29008674621582,20.340679168701172,0,1.034000039100647,0.9067617654800415,50,2.799999952316284,2.293761730194092,0,0,0,0,0.0,0,0,0,0.0015573962591588497,-0.0015802666312083602,0,-2.287033748871181e-05,100.26895904541016,100.27197265625,790.17724609375,790.1796264648438,790.1796264648438,549.6471557617188,0,0,23.66756820678711,0.0010999999940395355,0.02200000174343586,0.03299999609589577,0.04399999603629112,5655.8173828125,114276.53125,0.0429663360118866,0,3.1392715754918754e-05,397.8457946777344,0,0.0002616529818624258,2.8350639695418067e-05,0,0,23.700000762939453,0,0,1600,0,50,0,0,0,50,50,800,0.0,0.0,0.0,0.0
219,158.21409606933594,309.1148376464844,326.09246826171875,326.041748046875,292.13629150390625,292.18701171875,16515.818359375,33031.63671875,69.04891204833984,69.049560546875,1793.1395263671875,3566.45556640625,1793.44580078125,3577.383056640625,284.55364990234375,62.00420379638672,3.961124548368389e-06,0,0,2574.6201171875,1291.8983154296875,0,23.668394088745117,2712.33056640625,11.833822250366211,12.32540512084961,907.8087158203125,1810.1055908203125,50.026119232177734,55.745845794677734,100,0,0,346.3825988769531,0,7.924896240234375,20.29012107849121,20.340848922729492,0,1.034000039100647,0.9067617654800415,50,2.799999952316284,2.2937841415405273,0,0,0,0,0.0,0,0,0,0.0015532108955085278,-0.0015745713608339429,0,-2.136057082680054e-05,100.26820373535156,100.27099609375,790.1727905273438,790.1749877929688,790.1749877929688,549.6448974609375,0,0,23.668394088745117,0.0010999999940395355,0.02200000174343586,0.03299999609589577,0.04399999603629112,5655.8173828125,114276.53125,0.0429663360118866,0,3.1392715754918754e-05,399.6665954589844,0,0.0002616529818624258,2.8350639695418067e-05,0,0,23.700000762939453,0,0,1600,0,50,0,0,0,50,50,800,0.0,0.0,0.0,0.0
220,158.21417236328125,309.1148986816406,326.09246826171875,326.0415954589844,292.1364440917969,292.18731689453125,16515.818359375,33031.63671875,69.0490493774414,69.04972076416016,1793.13134765625,3566.150390625,1793.444091796875,3577.38525390625,284.5537109375,62.00434494018555,4.186942078376887e-06,0,0,2574.619873046875,1291.898681640625,0,23.666519165039062,2712.305908203125,11.833810806274414,12.325128555297852,907.8057250976562,1810.0850830078125,50.026126861572266,55.742828369140625,100,0,0,346.38262939453125,0,7.924896240234375,20.2901554107666,20.34101676940918,0,1.034000039100647,0.9067617654800415,50,2.799999952316284,2.293804883956909,0,0,0,0,0.0,0,0,0,0.001549025415442884,-0.001569294952787459,0,-2.0269560991437174e-05,100.26746368408203,100.27008819580078,790.168701171875,790.1707153320312,790.1707153320312,549.6427612304688,0,0,23.666519165039062,0.0010999999940395355,0.02200000174343586,0.03299999609589577,0.04399999603629112,5655.8173828125,114276.53125,0.0429663360118866,0,3.1392715754918754e-05,401.4873962402344,0,0.0002616529818624258,2.8350639695418067e-05,0,0,23.700000762939453,0,0,1600,0,50,0,0,0,50,50,800,0.0,0.0,0.0,0.0
221,158.2142333984375,309.1149597167969,326.0924377441406,326.04144287109375,292.1365966796875,292.1876525878906,16515.818359375,33031.63671875,69.04918670654297,69.04987335205078,1793.1240234375,3565.85302734375,1793.4432373046875,3577.385986328125,284.55377197265625,62.00448226928711,3.831751655525295e-06,0,0,2574.619873046875,1291.8994140625,0,23.66734504699707,2712.282470703125,11.833796501159668,12.32484245300293,907.8026733398438,1810.062744140625,50.0261116027832,55.739688873291016,100,0,0,346.3826904296875,0,7.924896240234375,20.29025650024414,20.34125518798828,0,1.034000039100647,0.9067617654800415,50,2.799999952316284,2.2938246726989746,0,0,0,0,0.0,0,0,0,0.001544840051792562,-0.0015642696525901556,0,-1.942962444445584e-05,100.26673889160156,100.26922607421875,790.1646728515625,790.1666259765625,790.1666259765625,549.6408081054688,0,0,23.66734504699707,0.0010999999940395355,0.02200000174343586,0.03299999609589577,0.04399999603629112,5655.8173828125,114276.53125,0.0429663360118866,0,3.1392715754918754e-05,403.3081970214844,0,0.0002616529818624258,2.8350639695418067e-05,0,0,23.700000762939453,0,0,1600,0,50,0,0,0,50,50,800,0.0,0.0,0.0,0.0
222,158.2143096923828,309.1150207519531,326.09246826171875,326.0412902832031,292.1367492675781,292.1879577636719,16515.818359375,33031.63671875,69.04931640625,69.0500259399414,1793.117431640625,3565.562255859375,1793.438232421875,3577.39111328125,284.5538024902344,62.00461959838867,3.4765612326737028e-06,0,0,2574.61962890625,1291.900146484375,0,23.66683006286621,2712.260498046875,11.833781242370605,12.32455062866211,907.7998657226562,1810.04296875,50.02608871459961,55.7364616394043,100,0,0,346.3827209472656,0,7.924896240234375,20.29025650024414,20.3414249420166,0,1.034000039100647,0.9067617654800415,50,2.799999952316284,2.2938432693481445,0,0,0,0,0.0,0,0,0,0.0015406545717269182,-0.0015594956930726767,0,-1.8841063138097525e-05,100.26604461669922,100.2684097290039,790.1609497070312,790.1627807617188,790.1627807617188,549.638916015625,0,0,23.66683006286621,0.0010999999940395355,0.02200000174343586,0.03299999609589577,0.04399999603629112,5655.8173828125,114276.53125,0.0429663360118866,0,3.1392715754918754e-05,405.1289978027344,0,0.0002616529818624258,2.8350639695418067e-05,0,0,23.700000762939453,0,0,1600,0,50,0,0,0,50,50,800,0.0,0.0,0.0,0.0
223,158.21437072753906,309.1151123046875,326.09246826171875,326.0411376953125,292.13690185546875,292.1882629394531,16515.818359375,33031.63671875,69.04944610595703,69.05016326904297,1793.1104736328125,3565.27978515625,1793.4366455078125,3577.392333984375,284.5538635253906,62.004756927490234,3.1213708098221105e-06,0,0,2574.619384765625,1291.9010009765625,0,23.667680740356445,2712.239501953125,11.833767890930176,12.324251174926758,907.796630859375,1810.021484375,50.02601623535156,55.733154296875,100,0,0,346.38275146484375,0,7.924896240234375,20.29029083251953,20.34162712097168,0,1.034000039100647,0.9067617654800415,50,2.799999952316284,2.293861150741577,0,0,0,0,0.0,0,0,0,0.0015364692080765963,-0.001554973074235022,0,-1.8503878891351633e-05,100.26533508300781,100.26763153076172,790.1572875976562,790.1591186523438,790.1591186523438,549.6370849609375,0,0,23.667680740356445,0.0010999999940395355,0.02200000174343586,0.03299999609589577,0.04399999603629112,5655.8173828125,114276.53125,0.0429663360118866,0,3.1392715754918754e-05,406.9497985839844,0,0.0002616529818624258,2.8350639695418067e-05,0,0,23.700000762939453,0,0,1600,0,50,0,0,0,50,50,800,0.0,0.0,0.0,0.0
224,158.21444702148438,309.11517333984375,326.09246826171875,326.04095458984375,292.1370849609375,292.1885681152344,16515.818359375,33031.63671875,69.04956817626953,69.05030822753906,1793.1038818359375,3565.004638671875,1793.433837890625,3577.39501953125,284.5539245605469,62.00489807128906,3.3471881124569336e-06,0,0,2574.618896484375,1291.9017333984375,0,23.667165756225586,2712.21875,11.833752632141113,12.323942184448242,907.7937622070312,1810.0025634765625,50.02598190307617,55.7297248840332,100,0,0,346.3827819824219,0,7.924896240234375,20.290325164794922,20.34183120727539,0,1.034000039100647,0.9067617654800415,50,2.799999952316284,2.2938785552978516,0,0,0,0,0.0,0,0,0,0.0015322837280109525,-0.0015505340415984392,0,-1.8250384528073482e-05,100.26464080810547,100.2668685913086,790.1537475585938,790.155517578125,790.155517578125,549.6353149414062,0,0,23.667165756225586,0.0010999999940395355,0.02200000174343586,0.03299999609589577,0.04399999603629112,5655.8173828125,114276.53125,0.0429663360118866,0,3.1392715754918754e-05,408.7705993652344,0,0.0002616529818624258,2.8350639695418067e-05,0,0,23.700000762939453,0,0,1600,0,50,0,0,0,50,50,800,0.0,0.0,0.0,0.0
225,158.21450805664062,309.115234375,326.0924987792969,326.0408630371094,292.13726806640625,292.1888732910156,16515.818359375,33031.63671875,69.04969024658203,69.05044555664062,1793.0972900390625,3564.7373046875,1793.4324951171875,3577.396240234375,284.5539855957031,62.005043029785156,4.154013367951848e-06,0,0,2574.61865234375,1291.902099609375,0,23.666629791259766,2712.198974609375,11.83373737335205,12.323627471923828,907.7919921875,1809.984130859375,50.025901794433594,55.72622299194336,100,0,0,346.3828430175781,0,7.924896240234375,20.290325164794922,20.34196662902832,0,1.034000039100647,0.9067617654800415,50,2.799999952316284,2.2938952445983887,0,0,0,0,0.0,0,0,0,0.0015280982479453087,-0.0015462626470252872,0,-1.8164422726840712e-05,100.26395416259766,100.2661361694336,790.150390625,790.1520385742188,790.1520385742188,549.6336059570312,0,0,23.666629791259766,0.0010999999940395355,0.02200000174343586,0.03299999609589577,0.04399999603629112,5655.8173828125,114276.53125,0.0429663360118866,0,3.1392715754918754e-05,410.5914001464844,0,0.0002616529818624258,2.8350639695418067e-05,0,0,23.700000762939453,0,0,1600,0,50,0,0,0,50,50,800,0.0,0.0,0.0,0.0
226,158.21456909179688,309.11529541015625,326.0924987792969,326.0407409667969,292.13739013671875,292.189208984375,16515.818359375,33031.63671875,69.0498046875,69.05058288574219,1793.0914306640625,3564.47607421875,1793.430908203125,3577.39794921875,284.5540466308594,62.00518035888672,3.798823399847606e-06,0,0,2574.61865234375,1291.90283203125,0,23.666093826293945,2712.179443359375,11.833722114562988,12.323305130004883,907.7904052734375,1809.9659423828125,50.0258674621582,55.72261428833008,100,0,0,346.38287353515625,0,7.924896240234375,20.29035758972168,20.34213638305664,0,1.034000039100647,0.9067617654800415,50,2.799999952316284,2.293911933898926,0,0,0,0,0.0,0,0,0,0.001523912767879665,-0.0015420749550685287,0,-1.8162152628065087e-05,100.26323699951172,100.26541137695312,790.14697265625,790.148681640625,790.148681640625,549.6319580078125,0,0,23.666093826293945,0.0010999999940395355,0.02200000174343586,0.03299999609589577,0.04399999603629112,5655.8173828125,114276.53125,0.0429663360118866,0,3.1392715754918754e-05,412.4122009277344,0,0.0002616529818624258,2.8350639695418067e-05,0,0,23.700000762939453,0,0,1600,0,50,0,0,0,50,50,800,0.0,0.0,0.0,0.0
227,158.2146453857422,309.1153564453125,326.0924987792969,326.04058837890625,292.13751220703125,292.1894836425781,16515.818359375,33031.63671875,69.04991912841797,69.05071258544922,1793.084716796875,3564.22216796875,1793.4256591796875,3577.403076171875,284.5540771484375,62.00532150268555,4.024640475108754e-06,0,0,2574.61865234375,1291.903564453125,0,23.664215087890625,2712.159912109375,11.833708763122559,12.322977066040039,907.7874145507812,1809.9508056640625,50.02581024169922,55.718955993652344,100,0,0,346.3829040527344,0,7.924896240234375,20.29039192199707,20.34230613708496,0,1.034000039100647,0.9067617654800415,50,2.799999952316284,2.2939281463623047,0,0,0,0,0.0,0,0,0,0.0015197272878140211,-0.0015378872631117702,0,-1.815988252928946e-05,100.26253509521484,100.26469421386719,790.1436157226562,790.145263671875,790.145263671875,549.6303100585938,0,0,23.664215087890625,0.0010999999940395355,0.02200000174343586,0.03299999609589577,0.04399999603629112,5655.8173828125,114276.53125,0.0429663360118866,0,3.1392715754918754e-05,414.2330017089844,0,0.0002616529818624258,2.8350639695418067e-05,0,0,23.700000762939453,0,0,1600,0,50,0,0,0,50,50,800,0.0,0.0,0.0,0.0
228,158.21470642089844,309.1154479980469,326.0924987792969,326.04046630859375,292.1376647949219,292.18975830078125,16515.818359375,33031.63671875,69.05003356933594,69.05084228515625,1793.0787353515625,3563.9755859375,1793.4261474609375,3577.402587890625,284.55413818359375,62.00546646118164,4.8314655032299925e-06,0,0,2574.618408203125,1291.9041748046875,0,23.663679122924805,2712.140380859375,11.83369255065918,12.32264232635498,907.7855834960938,1809.933349609375,50.02572250366211,55.71521759033203,100,0,0,346.3829345703125,0,7.924896240234375,20.29042625427246,20.34247589111328,0,1.034000039100647,0.9067617654800415,50,2.799999952316284,2.293944835662842,0,0,0,0,0.0,0,0,0,0.0015155419241636992,-0.0015336994547396898,0,-1.8157612430513836e-05,100.2618179321289,100.26396942138672,790.1401977539062,790.1419067382812,790.1419067382812,549.628662109375,0,0,23.663679122924805,0.0010999999940395355,0.02200000174343586,0.03299999609589577,0.04399999603629112,5655.8173828125,114276.53125,0.0429663360118866,0,3.1392715754918754e-05,416.0538024902344,0,0.0002616529818624258,2.8350639695418067e-05,0,0,23.700000762939453,0,0,1600,0,50,0,0,0,50,50,800,0.0,0.0,0.0,0.0
229,158.21478271484375,309.1155090332031,326.0924987792969,326.0403137207031,292.1377868652344,292.19000244140625,16515.818359375,33031.63671875,69.0501480102539,69.05097198486328,1793.072509765625,3563.735595703125,1793.4224853515625,3577.40625,284.55419921875,62.00560760498047,5.057283487985842e-06,0,0,2574.6181640625,1291.905029296875,0,23.661779403686523,2712.12109375,11.833677291870117,12.322301864624023,907.78271484375,1809.916259765625,50.02566909790039,55.711395263671875,100,0,0,346.3829650878906,0,7.924896240234375,20.29046058654785,20.3426456451416,0,1.034000039100647,0.9067617654800415,50,2.799999952316284,2.2939612865448,0,0,0,0,0.0,0,0,0,0.0015113564440980554,-0.0015295118791982532,0,-1.8155493307858706e-05,100.2611083984375,100.26325225830078,790.1367797851562,790.1384887695312,790.1384887695312,549.6270141601562,0,0,23.661779403686523,0.0010999999940395355,0.02200000174343586,0.03299999609589577,0.04399999603629112,5655.8173828125,114276.53125,0.0429663360118866,0,3.1392715754918754e-05,417.8746032714844,0,0.0002616529818624258,2.8350639695418067e-05,0,0,23.700000762939453,0,0,1600,0,50,0,0,0,50,50,800,0.0,0.0,0.0,0.0
230,158.21484375,309.1155700683594,326.0924987792969,326.0401916503906,292.137939453125,292.1902770996094,16515.818359375,33031.63671875,69.05026245117188,69.05109405517578,1793.067138671875,3563.500732421875,1793.4202880859375,3577.408203125,284.5542907714844,62.00575256347656,-4.771626663568895e-06,0,0,2574.617919921875,1291.9052734375,0,23.66260528564453,2712.101318359375,11.833661079406738,12.321955680847168,907.7811889648438,1809.8992919921875,50.0256233215332,55.70750045776367,100,0,0,346.38299560546875,0,7.924896240234375,20.290494918823242,20.342815399169922,0,1.034000039100647,0.9067617654800415,50,2.799999952316284,2.293977737426758,0,0,0,0,0.0,0,0,0,0.0015071709640324116,-0.0015253241872414947,0,-1.815322320908308e-05,100.26039123535156,100.26252746582031,790.1334228515625,790.1351318359375,790.1351318359375,549.6253051757812,0,0,23.66260528564453,0.0010999999940395355,0.02200000174343586,0.03299999609589577,0.04399999603629112,5655.8173828125,114276.53125,0.0429663360118866,0,3.1392715754918754e-05,419.6954040527344,0,0.0002616529818624258,2.8350639695418067e-05,0,0,23.700000762939453,0,0,1600,0,50,0,0,0,50,50,800,0.0,0.0,0.0,0.0
231,158.21490478515625,309.1156311035156,326.0924987792969,326.0400390625,292.1380615234375,292.1905517578125,16515.818359375,33031.63671875,69.05036926269531,69.05121612548828,1793.0611572265625,3563.27490234375,1793.4158935546875,3577.413330078125,284.5543518066406,62.005889892578125,-5.126817086420488e-06,0,0,2574.61767578125,1291.90576171875,0,23.66206932067871,2712.08203125,11.83364486694336,12.321600914001465,907.7794189453125,1809.8856201171875,50.02553176879883,55.703529357910156,100,0,0,346.3830261230469,0,7.924896240234375,20.29052734375,20.342985153198242,0,1.034000039100647,0.9067617654800415,50,2.799999952316284,2.293994188308716,0,0,0,0,0.0,0,0,0,0.0015029854839667678,-0.0015211364952847362,0,-1.8150953110307455e-05,100.25968170166016,100.26181030273438,790.1300048828125,790.1317138671875,790.1317138671875,549.6236572265625,0,0,23.66206932067871,0.0010999999940395355,0.02200000174343586,0.03299999609589577,0.04399999603629112,5655.8173828125,114276.53125,0.0429663360118866,0,3.1392715754918754e-05,421.5162048339844,0,0.0002616529818624258,2.8350639695418067e-05,0,0,23.700000762939453,0,0,1600,0,50,0,0,0,50,50,800,0.0,0.0,0.0,0.0
232,158.21498107910156,309.11572265625,326.0924987792969,326.0399169921875,292.1382141113281,292.1908264160156,16515.818359375,33031.63671875,69.05047607421875,69.05133819580078,1793.05615234375,3563.054443359375,1793.4185791015625,3577.41015625,284.55438232421875,62.00603103637695,-4.900999556411989e-06,0,0,2574.61767578125,1291.9063720703125,0,23.661556243896484,2712.062255859375,11.833626747131348,12.32124137878418,907.77783203125,1809.8695068359375,50.02546691894531,55.69948196411133,100,0,0,346.383056640625,0,7.924896240234375,20.29056167602539,20.34315299987793,0,1.034000039100647,0.9067617654800415,50,2.799999952316284,2.294010877609253,0,0,0,0,0.0,0,0,0,0.0014987998874858022,-0.0015169486869126558,0,-1.8148833987652324e-05,100.25897216796875,100.2610855102539,790.1266479492188,790.1283569335938,790.1283569335938,549.6220092773438,0,0,23.661556243896484,0.0010999999940395355,0.02200000174343586,0.03299999609589577,0.04399999603629112,5655.8173828125,114276.53125,0.0429663360118866,0,3.1392715754918754e-05,423.3370056152344,0,0.0002616529818624258,2.8350639695418067e-05,0,0,23.700000762939453,0,0,1600,0,50,0,0,0,50,50,800,0.0,0.0,0.0,0.0
233,158.2150421142578,309.11578369140625,326.0924987792969,326.03985595703125,292.1383361816406,292.1910400390625,16515.818359375,33031.63671875,69.05058288574219,69.05145263671875,1793.0504150390625,3562.84033203125,1793.4171142578125,3577.411865234375,284.554443359375,62.006168365478516,-5.256189979263581e-06,0,0,2574.6171875,1291.906982421875,0,23.662382125854492,2712.04296875,11.833610534667969,12.320878028869629,907.7762451171875,1809.8560791015625,50.02540969848633,55.69538497924805,100,0,0,346.3830871582031,0,7.924896240234375,20.29059600830078,20.3432559967041,0,1.034000039100647,0.9067617654800415,50,2.799999952316284,2.294027328491211,0,0,0,0,0.0,0,0,0,0.0014946144074201584,-0.0015127611113712192,0,-1.8146716683986597e-05,100.25825500488281,100.26036834716797,790.1232299804688,790.1249389648438,790.1249389648438,549.620361328125,0,0,23.662382125854492,0.0010999999940395355,0.02200000174343586,0.03299999609589577,0.04399999603629112,5655.8173828125,114276.53125,0.0429663360118866,0,3.1392715754918754e-05,425.1578063964844,0,0.0002616529818624258,2.8350639695418067e-05,0,0,23.700000762939453,0,0,1600,0,50,0,0,0,50,50,800,0.0,0.0,0.0,0.0
234,158.21511840820312,309.1158447265625,326.0924987792969,326.0397644042969,292.13848876953125,292.19122314453125,16515.818359375,33031.63671875,69.0506820678711,69.05157470703125,1793.0450439453125,3562.6318359375,1793.41259765625,3577.41650390625,284.5544738769531,62.00630187988281,4.443346824700711e-06,0,0,2574.616943359375,1291.90771484375,0,23.663230895996094,2712.0234375,11.83359432220459,12.320508003234863,907.7747192382812,1809.843017578125,50.025360107421875,55.691219329833984,100,0,0,346.3831481933594,0,7.924896240234375,20.290630340576172,20.34335708618164,0,1.034000039100647,0.9067617654800415,50,2.799999952316284,2.294043779373169,0,0,0,0,0.0,0,0,0,0.0014904290437698364,-0.0015085734194144607,0,-1.814444658521097e-05,100.25753784179688,100.2596435546875,790.1199340820312,790.1215209960938,790.1215209960938,549.61865234375,0,0,23.663230895996094,0.0010999999940395355,0.02200000174343586,0.03299999609589577,0.04399999603629112,5655.8173828125,114276.53125,0.0429663360118866,0,3.1392715754918754e-05,426.9786071777344,0,0.0002616529818624258,2.8350639695418067e-05,0,0,23.700000762939453,0,0,1600,0,50,0,0,0,50,50,800,0.0,0.0,0.0,0.0
235,158.21517944335938,309.11590576171875,326.0924987792969,326.0396728515625,292.13861083984375,292.19146728515625,16515.818359375,33031.63671875,69.05078887939453,69.05168914794922,1793.039306640625,3562.431884765625,1793.4114990234375,3577.41748046875,284.5545349121094,62.00642395019531,1.7641253862166195e-06,0,0,2574.61669921875,1291.908203125,0,23.662738800048828,2712.00439453125,11.833578109741211,12.320131301879883,907.77294921875,1809.8282470703125,50.02524948120117,55.68698501586914,100,0,0,346.3831787109375,0,7.924896240234375,20.29066276550293,20.34349250793457,0,1.034000039100647,0.9067617654800415,50,2.799999952316284,2.2940597534179688,0,0,0,0,0.0,0,0,0,0.001486243330873549,-0.0015044694300740957,0,-1.8226017346023582e-05,100.25682830810547,100.25894165039062,790.1165161132812,790.1182250976562,790.1182250976562,549.6170654296875,0,0,23.662738800048828,0.0010999999940395355,0.02200000174343586,0.03299999609589577,0.04399999603629112,5655.8173828125,114276.53125,0.0429663360118866,0,3.1392715754918754e-05,428.7994079589844,0,0.0002616529818624258,2.8350639695418067e-05,0,0,23.700000762939453,0,0,1600,0,50,0,0,0,50,50,800,0.0,0.0,0.0,0.0
236,158.21524047851562,309.115966796875,326.092529296875,326.03961181640625,292.13873291015625,292.1916809082031,16515.818359375,33031.63671875,69.05088806152344,69.05180358886719,1793.03369140625,3562.238037109375,1793.4091796875,3577.419921875,284.5545959472656,62.00654602050781,-9.150959954240534e-07,0,0,2574.616455078125,1291.9088134765625,0,23.66363525390625,2711.98486328125,11.833560943603516,12.31974983215332,907.7713012695312,1809.81591796875,50.025169372558594,55.68269348144531,100,0,0,346.3832092285156,0,7.924896240234375,20.29066276550293,20.343595504760742,0,1.034000039100647,0.9067617654800415,50,2.799999952316284,2.294076442718506,0,0,0,0,0.0,0,0,0,0.001482057967223227,-0.001500281854532659,0,-1.8223900042357855e-05,100.25611114501953,100.25821685791016,790.1132202148438,790.1148071289062,790.1148071289062,549.6154174804688,0,0,23.66363525390625,0.0010999999940395355,0.02200000174343586,0.03299999609589577,0.04399999603629112,5655.8173828125,114276.53125,0.0429663360118866,0,3.1392715754918754e-05,430.6202087402344,0,0.0002616529818624258,2.8350639695418067e-05,0,0,23.700000762939453,0,0,1600,0,50,0,0,0,50,50,800,0.0,0.0,0.0,0.0
237,158.21531677246094,309.1160583496094,326.0925598144531,326.03955078125,292.13885498046875,292.19189453125,16515.818359375,33031.63671875,69.05099487304688,69.05191802978516,1793.0296630859375,3562.048828125,1793.4097900390625,3577.41943359375,284.55462646484375,62.00664520263672,3.5553712223190814e-06,0,0,2574.616455078125,1291.9091796875,0,23.66318702697754,2711.9658203125,11.833541870117188,12.319363594055176,907.7698364257812,1809.8037109375,50.025108337402344,55.67831802368164,100,0,0,346.38323974609375,0,7.924896240234375,20.29066276550293,20.34369659423828,0,1.034000039100647,0.9067617654800415,50,2.799999952316284,2.2940924167633057,0,0,0,0,0.0,0,0,0,0.0014778724871575832,-0.0014961777487769723,0,-1.830531982704997e-05,100.2553939819336,100.25751495361328,790.1098022460938,790.1115112304688,790.1115112304688,549.61376953125,0,0,23.66318702697754,0.0010999999940395355,0.02200000174343586,0.03299999609589577,0.04399999603629112,5655.8173828125,114276.53125,0.0429663360118866,0,3.1392715754918754e-05,432.4410095214844,0,0.0002616529818624258,2.8350639695418067e-05,0,0,23.700000762939453,0,0,1600,0,50,0,0,0,50,50,800,0.0,0.0,0.0,0.0
238,158.21536254882812,309.1161193847656,326.0926208496094,326.0394287109375,292.1389465332031,292.1921081542969,16515.818359375,33031.63671875,69.05108642578125,69.0520248413086,1793.0245361328125,3561.8662109375,1793.4085693359375,3577.420166015625,284.5546569824219,62.00674057006836,-3.190904863004107e-06,0,0,2574.616455078125,1291.909912109375,0,23.66144371032715,2711.9462890625,11.833524703979492,12.318974494934082,907.7682495117188,1809.78955078125,50.0250244140625,55.673927307128906,100,0,0,346.3832702636719,0,7.924896240234375,20.29066276550293,20.34383201599121,0,1.034000039100647,0.9067617654800415,50,2.799999952316284,2.2941091060638428,0,0,0,0,0.0,0,0,0,0.0014736868906766176,-0.0014919901732355356,0,-1.8303353499504738e-05,100.25465393066406,100.25679016113281,790.1064453125,790.1080932617188,790.1080932617188,549.6121215820312,0,0,23.66144371032715,0.0010999999940395355,0.02200000174343586,0.03299999609589577,0.04399999603629112,5655.8173828125,114276.53125,0.0429663360118866,0,3.1392715754918754e-05,434.2618103027344,0,0.0002616529818624258,2.8350639695418067e-05,0,0,23.700000762939453,0,0,1600,0,50,0,0,0,50,50,800,0.0,0.0,0.0,0.0
239,158.21539306640625,309.1161804199219,326.0926513671875,326.0393371582031,292.1390380859375,292.1923522949219,16515.818359375,33031.63671875,69.05118560791016,69.05213928222656,1793.019287109375,3561.68994140625,1793.405517578125,3577.42333984375,284.5546875,62.0068244934082,-1.044468945110566e-06,0,0,2574.6162109375,1291.9105224609375,0,23.665176391601562,2711.9267578125,11.83350658416748,12.318578720092773,907.7666015625,1809.7781982421875,50.02491760253906,55.669471740722656,100,0,0,346.3832702636719,0,7.924896240234375,20.290630340576172,20.34393310546875,0,1.034000039100647,0.9067617654800415,50,2.799999952316284,2.294125556945801,0,0,0,0,0.0,0,0,0,0.0014695014106109738,-0.0014878024812787771,0,-1.8301083400729112e-05,100.25393676757812,100.25607299804688,790.10302734375,790.104736328125,790.104736328125,549.6104125976562,0,0,23.665176391601562,0.0010999999940395355,0.02200000174343586,0.03299999609589577,0.04399999603629112,5655.8173828125,114276.53125,0.0429663360118866,0,3.1392715754918754e-05,436.0826110839844,0,0.0002616529818624258,2.8350639695418067e-05,0,0,23.700000762939453,0,0,1600,0,50,0,0,0,50,50,800,0.0,0.0,0.0,0.0
240,158.21543884277344,309.1162414550781,326.0926818847656,326.03924560546875,292.13916015625,292.1925964355469,16515.818359375,33031.63671875,69.05128479003906,69.05224609375,1793.01416015625,3561.519775390625,1793.4039306640625,3577.425048828125,284.5547180175781,62.00689697265625,-6.410563742065278e-07,0,0,2574.6162109375,1291.9107666015625,0,23.666227340698242,2711.9072265625,11.833488464355469,12.318180084228516,907.7662353515625,1809.76708984375,50.02482223510742,55.66497802734375,100,0,0,346.38330078125,0,7.924896240234375,20.290630340576172,20.34406852722168,0,1.034000039100647,0.9067617654800415,50,2.799999952316284,2.294142007827759,0,0,0,0,0.0,0,0,0,0.0014653158141300082,-0.0014836147893220186,0,-1.829896427807398e-05,100.25322723388672,100.2553482055664,790.0996704101562,790.101318359375,790.101318359375,549.6087646484375,0,0,23.666227340698242,0.0010999999940395355,0.02200000174343586,0.03299999609589577,0.04399999603629112,5655.8173828125,114276.53125,0.0429663360118866,0,3.1392715754918754e-05,437.9034118652344,0,0.0002616529818624258,2.8350639695418067e-05,0,0,23.700000762939453,0,0,1600,0,50,0,0,0,50,50,800,0.0,0.0,0.0,0.0
241,158.21546936035156,309.1163330078125,326.0926818847656,326.0390930175781,292.1392822265625,292.19287109375,16515.818359375,33031.63671875,69.05138397216797,69.05235290527344,1793.0093994140625,3561.354736328125,1793.4010009765625,3577.42822265625,284.55474853515625,62.0069694519043,-2.3764377488078026e-07,0,0,2574.615966796875,1291.9112548828125,0,23.667322158813477,2711.8876953125,11.833471298217773,12.317776679992676,907.7647094726562,1809.7564697265625,50.024757385253906,55.6604118347168,100,0,0,346.38330078125,0,7.924896240234375,20.290630340576172,20.344205856323242,0,1.034000039100647,0.9067617654800415,50,2.799999952316284,2.294158458709717,0,0,0,0,0.0,0,0,0,0.0014611302176490426,-0.0014794269809499383,0,-1.829684515541885e-05,100.25251007080078,100.25463104248047,790.0962524414062,790.0979614257812,790.0979614257812,549.6071166992188,0,0,23.667322158813477,0.0010999999940395355,0.02200000174343586,0.03299999609589577,0.04399999603629112,5655.8173828125,114276.53125,0.0429663360118866,0,3.1392715754918754e-05,439.7242126464844,0,0.0002616529818624258,2.8350639695418067e-05,0,0,23.700000762939453,0,0,1600,0,50,0,0,0,50,50,800,0.0,0.0,0.0,0.0
242,158.2154998779297,309.11639404296875,326.0926818847656,326.0390319824219,292.1394348144531,292.19305419921875,16515.818359375,33031.63671875,69.05147552490234,69.05245971679688,1793.0047607421875,3561.197021484375,1793.400146484375,3577.428955078125,284.5547790527344,62.007015228271484,-3.901285708707292e-06,0,0,2574.615966796875,1291.911865234375,0,23.668418884277344,2711.86865234375,11.833454132080078,12.317367553710938,907.7631225585938,1809.745849609375,50.02469253540039,55.65578079223633,100,0,0,346.3833312988281,0,7.924896240234375,20.29066276550293,20.34430694580078,0,1.034000039100647,0.9067617654800415,50,2.799999952316284,2.2941746711730957,0,0,0,0,0.0,0,0,0,0.0014569447375833988,-0.0014753231080248952,0,-1.8378417735220864e-05,100.25179290771484,100.25392150878906,790.0929565429688,790.0946044921875,790.0946044921875,549.60546875,0,0,23.668418884277344,0.0010999999940395355,0.02200000174343586,0.03299999609589577,0.04399999603629112,5655.8173828125,114276.53125,0.0429663360118866,0,3.1392715754918754e-05,441.5450134277344,0,0.0002616529818624258,2.8350639695418067e-05,0,0,23.700000762939453,0,0,1600,0,50,0,0,0,50,50,800,0.0,0.0,0.0,0.0
243,158.21551513671875,309.11639404296875,326.0926818847656,326.0389404296875,292.1395568847656,292.1932678222656,16515.818359375,33031.63671875,69.05156707763672,69.05255889892578,1793.000244140625,3561.044677734375,1793.3994140625,3577.429443359375,284.5547790527344,62.00706481933594,3.651815632110811e-06,0,0,2574.615478515625,1291.9122314453125,0,23.66823959350586,2711.84912109375,11.83343505859375,12.316954612731934,907.7603149414062,1809.7330322265625,50.024593353271484,55.65111541748047,100,0,0,346.3833312988281,0,7.924896240234375,20.29066276550293,20.34440803527832,0,1.034000039100647,0.9067617654800415,50,2.799999952316284,2.2941911220550537,0,0,0,0,0.0,0,0,0,0.0014569447375833988,-0.0014711354160681367,0,-1.4190690308168996e-05,100.25117492675781,100.25320434570312,790.089599609375,790.0912475585938,790.0912475585938,549.6038208007812,0,0,23.66823959350586,0.0010999999940395355,0.02200000174343586,0.03299999609589577,0.04399999603629112,5655.8173828125,114276.53125,0.0429663360118866,0,3.1392715754918754e-05,443.3658142089844,0,0.0002616529818624258,2.8350639695418067e-05,0,0,23.700000762939453,0,0,1600,0,50,0,0,0,50,50,800,0.0,0.0,0.0,0.0
244,158.21551513671875,309.11639404296875,326.0926513671875,326.0387878417969,292.13970947265625,292.1934814453125,16515.818359375,33031.63671875,69.05165100097656,69.05265045166016,1792.9962158203125,3560.8984375,1793.4000244140625,3577.428466796875,284.5548095703125,62.00708770751953,-3.497872967272997e-06,0,0,2574.615478515625,1291.9124755859375,0,23.670785903930664,2711.83154296875,11.833415031433105,12.316537857055664,907.7575073242188,1809.718017578125,50.02448272705078,55.64638137817383,100,0,0,346.3833312988281,0,7.924896240234375,20.29069709777832,20.34454345703125,0,1.034000039100647,0.9067617654800415,50,2.799999952316284,2.294205904006958,0,0,0,0,0.0,0,0,0,0.0014569447375833988,-0.0014672827674075961,0,-1.0338029824197292e-05,100.25084686279297,100.25255584716797,790.0867309570312,790.088134765625,790.088134765625,549.602294921875,0,0,23.670785903930664,0.0010999999940395355,0.02200000174343586,0.03299999609589577,0.04399999603629112,5655.8173828125,114276.53125,0.0429663360118866,0,3.1392715754918754e-05,445.1866149902344,0,0.0002616529818624258,2.8350639695418067e-05,0,0,23.700000762939453,0,0,1600,0,50,0,0,0,50,50,800,0.0,0.0,0.0,0.0
245,158.21551513671875,309.11639404296875,326.0926208496094,326.0386657714844,292.13983154296875,292.19366455078125,16515.818359375,33031.63671875,69.05172729492188,69.052734375,1792.992431640625,3560.75927734375,1793.3988037109375,3577.43017578125,284.5548095703125,62.00710678100586,-5.928341124672443e-07,0,0,2574.615478515625,1291.9127197265625,0,23.672061920166016,2711.817626953125,11.833396911621094,12.316118240356445,907.7546997070312,1809.7060546875,50.02434539794922,55.64158630371094,100,0,0,346.3833312988281,0,7.924896240234375,20.29073143005371,20.34467887878418,0,1.034000039100647,0.9067617654800415,50,2.799999952316284,2.294217824935913,0,0,0,0,0.0,0,0,0,0.0014569447375833988,-0.001464183907955885,0,-7.239194019348361e-06,100.25072479248047,100.25203704833984,790.0845947265625,790.0856323242188,790.0856323242188,549.6009521484375,0,0,23.672061920166016,0.0010999999940395355,0.02200000174343586,0.03299999609589577,0.04399999603629112,5655.8173828125,114276.53125,0.0429663360118866,0,3.1392715754918754e-05,447.0074157714844,0,0.0002616529818624258,2.8350639695418067e-05,0,0,23.700000762939453,0,0,1600,0,50,0,0,0,50,50,800,0.0,0.0,0.0,0.0
246,158.21551513671875,309.11639404296875,326.092529296875,326.0385437011719,292.139892578125,292.1938781738281,16515.818359375,33031.63671875,69.05179595947266,69.05281066894531,1792.990478515625,3560.62744140625,1793.3966064453125,3577.43212890625,284.5548095703125,62.00712203979492,1.7311969031652552e-06,0,0,2574.615478515625,1291.9130859375,0,23.671995162963867,2711.806884765625,11.833375930786133,12.315693855285645,907.7521362304688,1809.6915283203125,50.024192810058594,55.636688232421875,100,0,0,346.3833312988281,0,7.924896240234375,20.290800094604492,20.34478187561035,0,1.034000039100647,0.9067617654800415,50,2.799999952316284,2.294226884841919,0,0,0,0,0.0,0,0,0,0.0014569447375833988,-0.0014618387212976813,0,-4.894030553259654e-06,100.25064849853516,100.25164031982422,790.0828857421875,790.0836791992188,790.0836791992188,549.6000366210938,0,0,23.671995162963867,0.0010999999940395355,0.02200000174343586,0.03299999609589577,0.04399999603629112,5655.8173828125,114276.53125,0.0429663360118866,0,3.1392715754918754e-05,448.8282165527344,0,0.0002616529818624258,2.8350639695418067e-05,0,0,23.700000762939453,0,0,1600,0,50,0,0,0,50,50,800,0.0,0.0,0.0,0.0
247,158.21551513671875,309.116455078125,326.092529296875,326.0384826660156,292.1400146484375,292.1940612792969,16515.818359375,33031.63671875,69.05186462402344,69.05288696289062,1792.988037109375,3560.5009765625,1793.39501953125,3577.43408203125,284.5548095703125,62.00714111328125,4.636236099031521e-06,0,0,2574.615478515625,1291.91357421875,0,23.670562744140625,2711.798095703125,11.833355903625488,12.315267562866211,907.7505493164062,1809.6827392578125,50.02399826049805,55.631771087646484,100,0,0,346.3833312988281,0,7.924896240234375,20.290800094604492,20.3448486328125,0,1.034000039100647,0.9067617654800415,50,2.799999952316284,2.294234275817871,0,0,0,0,0.0,0,0,0,0.0014527591411024332,-0.0014599962159991264,0,-7.23707489669323e-06,100.25053405761719,100.2513198852539,790.0816040039062,790.0822143554688,790.0822143554688,549.5993041992188,0,0,23.670562744140625,0.0010999999940395355,0.02200000174343586,0.03299999609589577,0.04399999603629112,5655.8173828125,114276.53125,0.0429663360118866,0,3.1392715754918754e-05,450.6490173339844,0,0.0002616529818624258,2.8350639695418067e-05,0,0,23.700000762939453,0,0,1600,0,50,0,0,0,50,50,800,0.0,0.0,0.0,0.0
248,158.21554565429688,309.11651611328125,326.092529296875,326.0384216308594,292.14007568359375,292.1941833496094,16515.818359375,33031.63671875,69.05193328857422,69.05296325683594,1792.98583984375,3560.380126953125,1793.3931884765625,3577.435791015625,284.5548400878906,62.007171630859375,-1.3514370493794559e-06,0,0,2574.615478515625,1291.9140625,0,23.670495986938477,2711.791015625,11.833335876464844,12.314837455749512,907.7504272460938,1809.6766357421875,50.023799896240234,55.62678909301758,100,0,0,346.38336181640625,0,7.924896240234375,20.29083251953125,20.344951629638672,0,1.034000039100647,0.9067617654800415,50,2.799999952316284,2.2942404747009277,0,0,0,0,0.0,0,0,0,0.0014485735446214676,-0.0014584887539967895,0,-9.91518663795432e-06,100.25017547607422,100.25105285644531,790.080322265625,790.0809936523438,790.0809936523438,549.5987548828125,0,0,23.670495986938477,0.0010999999940395355,0.02200000174343586,0.03299999609589577,0.04399999603629112,5655.8173828125,114276.53125,0.0429663360118866,0,3.1392715754918754e-05,452.4698181152344,0,0.0002616529818624258,2.8350639695418067e-05,0,0,23.700000762939453,0,0,1600,0,50,0,0,0,50,50,800,0.0,0.0,0.0,0.0
249,158.21559143066406,309.1165771484375,326.092529296875,326.0383605957031,292.14013671875,292.1943359375,16515.818359375,33031.63671875,69.052001953125,69.05303955078125,1792.9830322265625,3560.265380859375,1793.3912353515625,3577.437744140625,284.5548400878906,62.007205963134766,3.877632934745634e-06,0,0,2574.615478515625,1291.9144287109375,0,23.66901969909668,2711.782470703125,11.833317756652832,12.314403533935547,907.7501831054688,1809.6710205078125,50.02362060546875,55.62177658081055,100,0,0,346.38336181640625,0,7.924896240234375,20.29083251953125,20.34501838684082,0,1.034000039100647,0.9067617654800415,50,2.799999952316284,2.294247627258301,0,0,0,0,0.0,0,0,0,0.0014443880645558238,-0.0014567298348993063,0,-1.2341770343482494e-05,100.24961853027344,100.25074005126953,790.0786743164062,790.07958984375,790.07958984375,549.5980834960938,0,0,23.66901969909668,0.0010999999940395355,0.02200000174343586,0.03299999609589577,0.04399999603629112,5655.8173828125,114276.53125,0.0429663360118866,0,3.1392715754918754e-05,454.2906188964844,0,0.0002616529818624258,2.8350639695418067e-05,0,0,23.700000762939453,0,0,1600,0,50,0,0,0,50,50,800,0.0,0.0,0.0,0.0
250,158.21560668945312,309.11663818359375,326.092529296875,326.0382995605469,292.14019775390625,292.1944580078125,16515.818359375,33031.63671875,69.05207061767578,69.05311584472656,1792.980712890625,3560.154296875,1793.3924560546875,3577.4365234375,284.55487060546875,62.00724411010742,-9.480244784754177e-07,0,0,2574.615234375,1291.914794921875,0,23.668886184692383,2711.771728515625,11.833297729492188,12.313966751098633,907.7501220703125,1809.6651611328125,50.02347946166992,55.61673355102539,100,0,0,346.3833923339844,0,7.924896240234375,20.29086685180664,20.345121383666992,0,1.034000039100647,0.9067617654800415,50,2.799999952316284,2.2942566871643066,0,0,0,0,0.0,0,0,0,0.0014422951499000192,-0.001454468467272818,0,-1.2173329196230043e-05,100.24897766113281,100.2503433227539,790.07666015625,790.0777587890625,790.0777587890625,549.59716796875,0,0,23.668886184692383,0.0010999999940395355,0.02200000174343586,0.03299999609589577,0.04399999603629112,5655.8173828125,114276.53125,0.0429663360118866,0,3.1392715754918754e-05,456.1114196777344,0,0.0002616529818624258,2.8350639695418067e-05,0,0,23.700000762939453,0,0,1600,0,50,0,0,0,50,50,800,0.0,0.0,0.0,0.0
251,158.21560668945312,309.11663818359375,326.092529296875,326.0382080078125,292.1402587890625,292.194580078125,16515.818359375,33031.63671875,69.05213928222656,69.05319213867188,1792.9776611328125,3560.0478515625,1793.3916015625,3577.437255859375,284.55487060546875,62.007266998291016,2.5380220449733315e-06,0,0,2574.615234375,1291.9150390625,0,23.670116424560547,2711.759521484375,11.83327865600586,12.31352710723877,907.7473754882812,1809.65234375,50.0233154296875,55.611690521240234,100,0,0,346.3833923339844,0,7.924896240234375,20.29086685180664,20.34518814086914,0,1.034000039100647,0.9067617654800415,50,2.799999952316284,2.294266939163208,0,0,0,0,0.0,0,0,0,0.0014422951499000192,-0.0014517882373183966,0,-9.493099241808522e-06,100.24855041503906,100.24989318847656,790.074462890625,790.0755615234375,790.0755615234375,549.5960693359375,0,0,23.670116424560547,0.0010999999940395355,0.02200000174343586,0.03299999609589577,0.04399999603629112,5655.8173828125,114276.53125,0.0429663360118866,0,3.1392715754918754e-05,457.9322204589844,0,0.0002616529818624258,2.8350639695418067e-05,0,0,23.700000762939453,0,0,1600,0,50,0,0,0,50,50,800,0.0,0.0,0.0,0.0
252,158.21560668945312,309.11663818359375,326.092529296875,326.03814697265625,292.1403503417969,292.1947326660156,16515.818359375,33031.63671875,69.05219268798828,69.05325317382812,1792.9754638671875,3559.94775390625,1793.390380859375,3577.4384765625,284.55487060546875,62.007286071777344,5.44306112715276e-06,0,0,2574.615234375,1291.915283203125,0,23.671390533447266,2711.748046875,11.833258628845215,12.31308364868164,907.7447509765625,1809.6446533203125,50.02317428588867,55.60658645629883,100,0,0,346.3833923339844,0,7.924896240234375,20.29086685180664,20.345256805419922,0,1.034000039100647,0.9067617654800415,50,2.799999952316284,2.294276714324951,0,0,0,0,0.0,0,0,0,0.0014422951499000192,-0.0014492757618427277,0,-6.980553735047579e-06,100.24834442138672,100.24946594238281,790.0726318359375,790.0735473632812,790.0735473632812,549.5950927734375,0,0,23.671390533447266,0.0010999999940395355,0.02200000174343586,0.03299999609589577,0.04399999603629112,5655.8173828125,114276.53125,0.0429663360118866,0,3.1392715754918754e-05,459.7530212402344,0,0.0002616529818624258,2.8350639695418067e-05,0,0,23.700000762939453,0,0,1600,0,50,0,0,0,50,50,800,0.0,0.0,0.0,0.0
253,158.21560668945312,309.11663818359375,326.092529296875,326.0380859375,292.1404113769531,292.1948547363281,16515.818359375,33031.63671875,69.05225372314453,69.0533218383789,1792.9732666015625,3559.852783203125,1793.38525390625,3577.44384765625,284.5549011230469,62.007301330566406,-2.868642923203879e-06,0,0,2574.615234375,1291.9156494140625,0,23.671323776245117,2711.738525390625,11.83323860168457,12.312639236450195,907.741943359375,1809.634765625,50.022987365722656,55.60146713256836,100,0,0,346.3833923339844,0,7.924896240234375,20.29086685180664,20.34532356262207,0,1.034000039100647,0.9067617654800415,50,2.799999952316284,2.2942848205566406,0,0,0,0,0.0,0,0,0,0.0014422951499000192,-0.0014471819158643484,0,-4.886765964329243e-06,100.24825286865234,100.24911499023438,790.0711669921875,790.0718383789062,790.0718383789062,549.59423828125,0,0,23.671323776245117,0.0010999999940395355,0.02200000174343586,0.03299999609589577,0.04399999603629112,5655.8173828125,114276.53125,0.0429663360118866,0,3.1392715754918754e-05,461.5738220214844,0,0.0002616529818624258,2.8350639695418067e-05,0,0,23.700000762939453,0,0,1600,0,50,0,0,0,50,50,800,0.0,0.0,0.0,0.0
254,158.21560668945312,309.1166687011719,326.092529296875,326.03802490234375,292.1404724121094,292.19500732421875,16515.818359375,33031.63671875,69.05229949951172,69.05337524414062,1792.9716796875,3559.763671875,1793.3865966796875,3577.442138671875,284.5549011230469,62.007320404052734,3.639587120574106e-08,0,0,2574.615234375,1291.916015625,0,23.67125701904297,2711.7314453125,11.833218574523926,12.3121919631958,907.740478515625,1809.625244140625,50.02279281616211,55.59627914428711,100,0,0,346.3833923339844,0,7.924896240234375,20.29086685180664,20.34539222717285,0,1.034000039100647,0.9067617654800415,50,2.799999952316284,2.294290781021118,0,0,0,0,0.0,0,0,0,0.0014402024680748582,-0.001445590634830296,0,-5.388155386754079e-06,100.24821472167969,100.24884796142578,790.070068359375,790.070556640625,790.070556640625,549.5935668945312,0,0,23.67125701904297,0.0010999999940395355,0.02200000174343586,0.03299999609589577,0.04399999603629112,5655.8173828125,114276.53125,0.0429663360118866,0,3.1392715754918754e-05,463.3946228027344,0,0.0002616529818624258,2.8350639695418067e-05,0,0,23.700000762939453,0,0,1600,0,50,0,0,0,50,50,800,0.0,0.0,0.0,0.0
255,158.21563720703125,309.1167297363281,326.0924987792969,326.0379333496094,292.14056396484375,292.19512939453125,16515.818359375,33031.63671875,69.0523452758789,69.05342864990234,1792.9703369140625,3559.679443359375,1793.389404296875,3577.439453125,284.5549011230469,62.00734329223633,3.5224425118940417e-06,0,0,2574.615234375,1291.9163818359375,0,23.669824600219727,2711.7255859375,11.833199501037598,12.311742782592773,907.7403564453125,1809.620849609375,50.02260208129883,55.59105682373047,100,0,0,346.3833923339844,0,7.924896240234375,20.29090118408203,20.345458984375,0,1.034000039100647,0.9067617654800415,50,2.799999952316284,2.2942957878112793,0,0,0,0,0.0,0,0,0,0.0014360168715938926,-0.0014444179832935333,0,-8.401181730732787e-06,100.2479476928711,100.2486343383789,790.0690307617188,790.069580078125,790.069580078125,549.5931396484375,0,0,23.669824600219727,0.0010999999940395355,0.02200000174343586,0.03299999609589577,0.04399999603629112,5655.8173828125,114276.53125,0.0429663360118866,0,3.1392715754918754e-05,465.2154235839844,0,0.0002616529818624258,2.8350639695418067e-05,0,0,23.700000762939453,0,0,1600,0,50,0,0,0,50,50,800,0.0,0.0,0.0,0.0
256,158.2156524658203,309.11676025390625,326.0924987792969,326.0378723144531,292.1406555175781,292.1952819824219,16515.818359375,33031.63671875,69.05239868164062,69.0534896850586,1792.9678955078125,3559.6005859375,1793.386474609375,3577.442626953125,284.554931640625,62.00737762451172,-1.8842225699700066e-06,0,0,2574.615234375,1291.9163818359375,0,23.668373107910156,2711.71875,11.833179473876953,12.311291694641113,907.7415161132812,1809.619384765625,50.022396087646484,55.58583068847656,100,0,0,346.3833923339844,0,7.924896240234375,20.29090118408203,20.34552764892578,0,1.034000039100647,0.9067617654800415,50,2.799999952316284,2.2943015098571777,0,0,0,0,0.0,0,0,0,0.0014339240733534098,-0.00144299422390759,0,-9.070104169950355e-06,100.2474594116211,100.24838256835938,790.0676879882812,790.0684204101562,790.0684204101562,549.5925903320312,0,0,23.668373107910156,0.0010999999940395355,0.02200000174343586,0.03299999609589577,0.04399999603629112,5655.8173828125,114276.53125,0.0429663360118866,0,3.1392715754918754e-05,467.0362243652344,0,0.0002616529818624258,2.8350639695418067e-05,0,0,23.700000762939453,0,0,1600,0,50,0,0,0,50,50,800,0.0,0.0,0.0,0.0
257,158.2156524658203,309.11676025390625,326.0924987792969,326.0378112792969,292.1407165527344,292.19537353515625,16515.818359375,33031.63671875,69.05245208740234,69.05354309082031,1792.9666748046875,3559.5263671875,1793.3834228515625,3577.44580078125,284.554931640625,62.00740432739258,2.1828318494954146e-06,0,0,2574.615234375,1291.916748046875,0,23.66960334777832,2711.710205078125,11.833158493041992,12.310837745666504,907.7388916015625,1809.610595703125,50.0222053527832,55.580570220947266,100,0,0,346.3833923339844,0,7.924896240234375,20.29090118408203,20.34559440612793,0,1.034000039100647,0.9067617654800415,50,2.799999952316284,2.294308662414551,0,0,0,0,0.0,0,0,0,0.0014339240733534098,-0.0014411516021937132,0,-7.227540663734544e-06,100.24710845947266,100.2480697631836,790.0662231445312,790.0669555664062,790.0669555664062,549.5918579101562,0,0,23.66960334777832,0.0010999999940395355,0.02200000174343586,0.03299999609589577,0.04399999603629112,5655.8173828125,114276.53125,0.0429663360118866,0,3.1392715754918754e-05,468.8570251464844,0,0.0002616529818624258,2.8350639695418067e-05,0,0,23.700000762939453,0,0,1600,0,50,0,0,0,50,50,800,0.0,0.0,0.0,0.0
258,158.2156524658203,309.11676025390625,326.0924987792969,326.0377502441406,292.1407775878906,292.1954345703125,16515.818359375,33031.63671875,69.05249786376953,69.0535888671875,1792.965576171875,3559.455078125,1793.3858642578125,3577.443359375,284.5549621582031,62.00742721557617,-4.9668569772620685e-06,0,0,2574.615234375,1291.9168701171875,0,23.669511795043945,2711.701904296875,11.833138465881348,12.310382843017578,907.737548828125,1809.6043701171875,50.02204895019531,55.57530212402344,100,0,0,346.3833923339844,0,7.924896240234375,20.29090118408203,20.34566307067871,0,1.034000039100647,0.9067617654800415,50,2.799999952316284,2.294315814971924,0,0,0,0,0.0,0,0,0,0.0014339240733534098,-0.0014393089804798365,0,-5.384825726650888e-06,100.24693298339844,100.24775695800781,790.0647583007812,790.0654907226562,790.0654907226562,549.5911254882812,0,0,23.669511795043945,0.0010999999940395355,0.02200000174343586,0.03299999609589577,0.04399999603629112,5655.8173828125,114276.53125,0.0429663360118866,0,3.1392715754918754e-05,470.6778259277344,0,0.0002616529818624258,2.8350639695418067e-05,0,0,23.700000762939453,0,0,1600,0,50,0,0,0,50,50,800,0.0,0.0,0.0,0.0
259,158.2156524658203,309.1167907714844,326.09246826171875,326.0376892089844,292.1408386230469,292.195556640625,16515.818359375,33031.63671875,69.05254364013672,69.05364227294922,1792.9639892578125,3559.3896484375,1793.3839111328125,3577.44482421875,284.5549621582031,62.0074462890625,-2.061817667708965e-06,0,0,2574.615234375,1291.917236328125,0,23.670785903930664,2711.694580078125,11.83311939239502,12.30992603302002,907.7361450195312,1809.5960693359375,50.021846771240234,55.57000732421875,100,0,0,346.3833923339844,0,7.924896240234375,20.290935516357422,20.345731735229492,0,1.034000039100647,0.9067617654800415,50,2.799999952316284,2.2943220138549805,0,0,0,0,0.0,0,0,0,0.001431831275112927,-0.001437717699445784,0,-5.886517556064064e-06,100.24684143066406,100.24748992919922,790.0636596679688,790.0641479492188,790.0641479492188,549.5904541015625,0,0,23.670785903930664,0.0010999999940395355,0.02200000174343586,0.03299999609589577,0.04399999603629112,5655.8173828125,114276.53125,0.0429663360118866,0,3.1392715754918754e-05,472.4986267089844,0,0.0002616529818624258,2.8350639695418067e-05,0,0,23.700000762939453,0,0,1600,0,50,0,0,0,50,50,800,0.0,0.0,0.0,0.0
260,158.2156524658203,309.1168212890625,326.09246826171875,326.0376892089844,292.14093017578125,292.19561767578125,16515.818359375,33031.63671875,69.0525894165039,69.0536880493164,1792.962890625,3559.329833984375,1793.38330078125,3577.44580078125,284.5549621582031,62.007469177246094,1.4242287988963653e-06,0,0,2574.615234375,1291.917236328125,0,23.667993545532227,2711.6884765625,11.833098411560059,12.309466361999512,907.7373657226562,1809.5955810546875,50.021636962890625,55.56467056274414,100,0,0,346.3833923339844,0,7.924896240234375,20.290935516357422,20.345731735229492,0,1.034000039100647,0.9067617654800415,50,2.799999952316284,2.2943272590637207,0,0,0,0,0.0,0,0,0,0.0014297384768724442,-0.0014364613452926278,0,-6.722822035953868e-06,100.24654388427734,100.24726104736328,790.0626220703125,790.0631713867188,790.0631713867188,549.5899658203125,0,0,23.667993545532227,0.0010999999940395355,0.02200000174343586,0.03299999609589577,0.04399999603629112,5655.8173828125,114276.53125,0.0429663360118866,0,3.1392715754918754e-05,474.3194274902344,0,0.0002616529818624258,2.8350639695418067e-05,0,0,23.700000762939453,0,0,1600,0,50,0,0,0,50,50,800,0.0,0.0,0.0,0.0
261,158.2156524658203,309.1168212890625,326.09246826171875,326.0376892089844,292.1409912109375,292.1956787109375,16515.818359375,33031.63671875,69.05262756347656,69.0537338256836,1792.962158203125,3559.27490234375,1793.3834228515625,3577.4453125,284.5549621582031,62.00749206542969,4.910275492875371e-06,0,0,2574.615234375,1291.9176025390625,0,23.669265747070312,2711.68212890625,11.833078384399414,12.309004783630371,907.7348022460938,1809.5899658203125,50.02146530151367,55.559303283691406,100,0,0,346.3833923339844,0,7.924896240234375,20.290935516357422,20.345731735229492,0,1.034000039100647,0.9067617654800415,50,2.799999952316284,2.294332504272461,0,0,0,0,0.0,0,0,0,0.0014297384768724442,-0.0014350374694913626,0,-5.299015811033314e-06,100.24629974365234,100.24702453613281,790.0614624023438,790.06201171875,790.06201171875,549.5894165039062,0,0,23.669265747070312,0.0010999999940395355,0.02200000174343586,0.03299999609589577,0.04399999603629112,5655.8173828125,114276.53125,0.0429663360118866,0,3.1392715754918754e-05,476.1402282714844,0,0.0002616529818624258,2.8350639695418067e-05,0,0,23.700000762939453,0,0,1600,0,50,0,0,0,50,50,800,0.0,0.0,0.0,0.0
262,158.2156524658203,309.1168212890625,326.09246826171875,326.03759765625,292.1410217285156,292.19573974609375,16515.818359375,33031.63671875,69.05266571044922,69.05377197265625,1792.9617919921875,3559.223388671875,1793.384033203125,3577.44482421875,284.5549621582031,62.007511138916016,-2.8204206046211766e-06,0,0,2574.615234375,1291.917724609375,0,23.67053985595703,2711.67578125,11.833057403564453,12.308542251586914,907.7335205078125,1809.5823974609375,50.02128219604492,55.55390930175781,100,0,0,346.3833923339844,0,7.924896240234375,20.290935516357422,20.34579849243164,0,1.034000039100647,0.9067617654800415,50,2.799999952316284,2.294337749481201,0,0,0,0,0.0,0,0,0,0.0014297384768724442,-0.0014336975291371346,0,-3.959052264690399e-06,100.24617767333984,100.24679565429688,790.0604248046875,790.0609130859375,790.0609130859375,549.5888671875,0,0,23.67053985595703,0.0010999999940395355,0.02200000174343586,0.03299999609589577,0.04399999603629112,5655.8173828125,114276.53125,0.0429663360118866,0,3.1392715754918754e-05,477.9610290527344,0,0.0002616529818624258,2.8350639695418067e-05,0,0,23.700000762939453,0,0,1600,0,50,0,0,0,50,50,800,0.0,0.0,0.0,0.0
263,158.2156524658203,309.1168212890625,326.09246826171875,326.0375671386719,292.14105224609375,292.19580078125,16515.818359375,33031.63671875,69.05269622802734,69.0538101196289,1792.9605712890625,3559.177734375,1793.3798828125,3577.44921875,284.5549621582031,62.007530212402344,8.461810807602888e-08,0,0,2574.615234375,1291.9178466796875,0,23.670473098754883,2711.6708984375,11.833036422729492,12.308079719543457,907.7320556640625,1809.57763671875,50.02103042602539,55.54854202270508,100,0,0,346.3833923339844,0,7.924896240234375,20.290935516357422,20.34583282470703,0,1.034000039100647,0.9067617654800415,50,2.799999952316284,2.294342041015625,0,0,0,0,0.0,0,0,0,0.0014297384768724442,-0.0014326086966320872,0,-2.8701615519821644e-06,100.24612426757812,100.24661254882812,790.0596313476562,790.06005859375,790.06005859375,549.5884399414062,0,0,23.670473098754883,0.0010999999940395355,0.02200000174343586,0.03299999609589577,0.04399999603629112,5655.8173828125,114276.53125,0.0429663360118866,0,3.1392715754918754e-05,479.7818298339844,0,0.0002616529818624258,2.8350639695418067e-05,0,0,23.700000762939453,0,0,1600,0,50,0,0,0,50,50,800,0.0,0.0,0.0,0.0
264,158.2156524658203,309.1168212890625,326.09246826171875,326.0375061035156,292.1410827636719,292.1958923339844,16515.818359375,33031.63671875,69.05272674560547,69.05384826660156,1792.9603271484375,3559.136474609375,1793.3812255859375,3577.447998046875,284.5549621582031,62.007545471191406,2.4086493795039132e-06,0,0,2574.615234375,1291.91796875,0,23.670406341552734,2711.666748046875,11.833015441894531,12.30761432647705,907.730712890625,1809.5728759765625,50.02079772949219,55.543121337890625,100,0,0,346.3833923339844,0,7.924896240234375,20.290935516357422,20.34589958190918,0,1.034000039100647,0.9067617654800415,50,2.799999952316284,2.2943456172943115,0,0,0,0,0.0,0,0,0,0.0014297384768724442,-0.0014316875021904707,0,-1.9489555143081816e-06,100.24609375,100.2464599609375,790.0590209960938,790.0592651367188,790.0592651367188,549.5880737304688,0,0,23.670406341552734,0.0010999999940395355,0.02200000174343586,0.03299999609589577,0.04399999603629112,5655.8173828125,114276.53125,0.0429663360118866,0,3.1392715754918754e-05,481.6026306152344,0,0.0002616529818624258,2.8350639695418067e-05,0,0,23.700000762939453,0,0,1600,0,50,0,0,0,50,50,800,0.0,0.0,0.0,0.0
265,158.2156524658203,309.11688232421875,326.09246826171875,326.0375061035156,292.1411437988281,292.1959533691406,16515.818359375,33031.63671875,69.0527572631836,69.05387878417969,1792.9595947265625,3559.099853515625,1793.379638671875,3577.44970703125,284.55499267578125,62.007568359375,-4.741038992506219e-06,0,0,2574.615234375,1291.9185791015625,0,23.668977737426758,2711.663330078125,11.832995414733887,12.307147979736328,907.7306518554688,1809.571044921875,50.02057647705078,55.53768539428711,100,0,0,346.3833923339844,0,7.924896240234375,20.290935516357422,20.34589958190918,0,1.034000039100647,0.9067617654800415,50,2.799999952316284,2.2943482398986816,0,0,0,0,0.0,0,0,0,0.0014255528803914785,-0.001431017299182713,0,-5.464430614665616e-06,100.24600219726562,100.246337890625,790.0584716796875,790.0587768554688,790.0587768554688,549.5878295898438,0,0,23.668977737426758,0.0010999999940395355,0.02200000174343586,0.03299999609589577,0.04399999603629112,5655.8173828125,114276.53125,0.0429663360118866,0,3.1392715754918754e-05,483.4234313964844,0,0.0002616529818624258,2.8350639695418067e-05,0,0,23.700000762939453,0,0,1600,0,50,0,0,0,50,50,800,0.0,0.0,0.0,0.0
266,158.2156524658203,309.116943359375,326.09246826171875,326.0375061035156,292.1411437988281,292.1960144042969,16515.818359375,33031.63671875,69.05279541015625,69.05390930175781,1792.9593505859375,3559.06640625,1793.380859375,3577.448486328125,284.55499267578125,62.00759506225586,-6.739848572578921e-07,0,0,2574.615234375,1291.9185791015625,0,23.668886184692383,2711.659423828125,11.832976341247559,12.306681632995605,907.73193359375,1809.57177734375,50.020381927490234,55.53223419189453,100,0,0,346.3833923339844,0,7.924896240234375,20.290935516357422,20.34589958190918,0,1.034000039100647,0.9067617654800415,50,2.799999952316284,2.294351577758789,0,0,0,0,0.0,0,0,0,0.001423459965735674,-0.0014302636263892055,0,-6.803637461416656e-06,100.24560546875,100.2461929321289,790.0576782226562,790.0581665039062,790.0581665039062,549.5875244140625,0,0,23.668886184692383,0.0010999999940395355,0.02200000174343586,0.03299999609589577,0.04399999603629112,5655.8173828125,114276.53125,0.0429663360118866,0,3.1392715754918754e-05,485.2442321777344,0,0.0002616529818624258,2.8350639695418067e-05,0,0,23.700000762939453,0,0,1600,0,50,0,0,0,50,50,800,0.0,0.0,0.0,0.0
267,158.2156524658203,309.116943359375,326.09246826171875,326.0375061035156,292.14117431640625,292.1960754394531,16515.818359375,33031.63671875,69.05282592773438,69.05394744873047,1792.959716796875,3559.036865234375,1793.3818359375,3577.447265625,284.55499267578125,62.00761032104492,1.650046328904864e-06,0,0,2574.615234375,1291.9185791015625,0,23.6701602935791,2711.654052734375,11.832953453063965,12.306214332580566,907.730712890625,1809.567626953125,50.020179748535156,55.52678680419922,100,0,0,346.3833923339844,0,7.924896240234375,20.290935516357422,20.34589958190918,0,1.034000039100647,0.9067617654800415,50,2.799999952316284,2.294356346130371,0,0,0,0,0.0,0,0,0,0.001423459965735674,-0.0014290072722360492,0,-5.547213277168339e-06,100.24531555175781,100.24598693847656,790.0565795898438,790.05712890625,790.05712890625,549.5870361328125,0,0,23.6701602935791,0.0010999999940395355,0.02200000174343586,0.03299999609589577,0.04399999603629112,5655.8173828125,114276.53125,0.0429663360118866,0,3.1392715754918754e-05,487.0650329589844,0,0.0002616529818624258,2.8350639695418067e-05,0,0,23.700000762939453,0,0,1600,0,50,0,0,0,50,50,800,0.0,0.0,0.0,0.0
268,158.2156524658203,309.116943359375,326.09246826171875,326.0375061035156,292.14117431640625,292.1961669921875,16515.818359375,33031.63671875,69.05284881591797,69.0539779663086,1792.9591064453125,3559.01171875,1793.3817138671875,3577.447265625,284.55499267578125,62.00762939453125,4.555085070023779e-06,0,0,2574.615234375,1291.918701171875,0,23.670093536376953,2711.647705078125,11.832932472229004,12.305746078491211,907.7306518554688,1809.5638427734375,50.01995849609375,55.52134323120117,100,0,0,346.3833923339844,0,7.924896240234375,20.290935516357422,20.34589958190918,0,1.034000039100647,0.9067617654800415,50,2.799999952316284,2.2943615913391113,0,0,0,0,0.0,0,0,0,0.001423459965735674,-0.0014276672154664993,0,-4.207249730825424e-06,100.24514770507812,100.24575805664062,790.0555419921875,790.0560302734375,790.0560302734375,549.5864868164062,0,0,23.670093536376953,0.0010999999940395355,0.02200000174343586,0.03299999609589577,0.04399999603629112,5655.8173828125,114276.53125,0.0429663360118866,0,3.1392715754918754e-05,488.8858337402344,0,0.0002616529818624258,2.8350639695418067e-05,0,0,23.700000762939453,0,0,1600,0,50,0,0,0,50,50,800,0.0,0.0,0.0,0.0
269,158.2156524658203,309.116943359375,326.09246826171875,326.0375061035156,292.1412353515625,292.19622802734375,16515.818359375,33031.63671875,69.0528793334961,69.05400848388672,1792.958740234375,3558.990966796875,1793.3822021484375,3577.446533203125,284.5550231933594,62.00764846801758,-3.1756112548464444e-06,0,0,2574.615234375,1291.9188232421875,0,23.668663024902344,2711.642333984375,11.832911491394043,12.305276870727539,907.7293090820312,1809.5601806640625,50.01973342895508,55.51590347290039,100,0,0,346.3833923339844,0,7.924896240234375,20.290935516357422,20.34589958190918,0,1.034000039100647,0.9067617654800415,50,2.799999952316284,2.2943661212921143,0,0,0,0,0.0,0,0,0,0.001423459965735674,-0.0014264946803450584,0,-3.034667997781071e-06,100.24507141113281,100.24555969238281,790.0546875,790.0551147460938,790.0551147460938,549.5859985351562,0,0,23.668663024902344,0.0010999999940395355,0.02200000174343586,0.03299999609589577,0.04399999603629112,5655.8173828125,114276.53125,0.0429663360118866,0,3.1392715754918754e-05,490.7066345214844,0,0.0002616529818624258,2.8350639695418067e-05,0,0,23.700000762939453,0,0,1600,0,50,0,0,0,50,50,800,0.0,0.0,0.0,0.0
270,158.2156524658203,309.116943359375,326.09246826171875,326.0375061035156,292.1412353515625,292.1962890625,16515.818359375,33031.63671875,69.05290985107422,69.05403137207031,1792.9593505859375,3558.97314453125,1793.3814697265625,3577.447265625,284.5550231933594,62.007659912109375,-1.4325878510135226e-06,0,0,2574.615234375,1291.9188232421875,0,23.669960021972656,2711.63818359375,11.832891464233398,12.304807662963867,907.7282104492188,1809.5592041015625,50.01955795288086,55.51040267944336,100,0,0,346.3833923339844,0,7.924896240234375,20.290935516357422,20.34589958190918,0,1.034000039100647,0.9067617654800415,50,2.799999952316284,2.294369697570801,0,0,0,0,0.0,0,0,0,0.001423459965735674,-0.00142557336948812,0,-2.1133107566129183e-06,100.24504852294922,100.24540710449219,790.0540771484375,790.0543212890625,790.0543212890625,549.5856323242188,0,0,23.669960021972656,0.0010999999940395355,0.02200000174343586,0.03299999609589577,0.04399999603629112,5655.8173828125,114276.53125,0.0429663360118866,0,3.1392715754918754e-05,492.5274353027344,0,0.0002616529818624258,2.8350639695418067e-05,0,0,23.700000762939453,0,0,1600,0,50,0,0,0,50,50,800,0.0,0.0,0.0,0.0
271,158.2156524658203,309.116943359375,326.09246826171875,326.0374755859375,292.1412658691406,292.19635009765625,16515.818359375,33031.63671875,69.05292510986328,69.0540542602539,1792.960693359375,3558.961181640625,1793.379638671875,3577.44921875,284.5550231933594,62.00767135620117,3.1043552439768973e-07,0,0,2574.615234375,1291.9189453125,0,23.6699161529541,2711.635498046875,11.832868576049805,12.304336547851562,907.72705078125,1809.5557861328125,50.01934051513672,55.504878997802734,100,0,0,346.3833923339844,0,7.924896240234375,20.290935516357422,20.34593391418457,0,1.034000039100647,0.9067617654800415,50,2.799999952316284,2.2943718433380127,0,0,0,0,0.0,0,0,0,0.001423459965735674,-0.0014249872183427215,0,-1.5271710935849114e-06,100.24504852294922,100.24530792236328,790.0536499023438,790.0538940429688,790.0538940429688,549.5853881835938,0,0,23.6699161529541,0.0010999999940395355,0.02200000174343586,0.03299999609589577,0.04399999603629112,5655.8173828125,114276.53125,0.0429663360118866,0,3.1392715754918754e-05,494.3482360839844,0,0.0002616529818624258,2.8350639695418067e-05,0,0,23.700000762939453,0,0,1600,0,50,0,0,0,50,50,800,0.0,0.0,0.0,0.0
272,158.2156524658203,309.116943359375,326.09246826171875,326.0374450683594,292.1412658691406,292.1964111328125,16515.818359375,33031.63671875,69.05294799804688,69.05406951904297,1792.9605712890625,3558.95361328125,1793.381103515625,3577.447998046875,284.5550231933594,62.00767135620117,3.1043552439768973e-07,0,0,2574.615234375,1291.919189453125,0,23.671234130859375,2711.633544921875,11.832847595214844,12.303866386413574,907.7267456054688,1809.552978515625,50.0190315246582,55.499420166015625,100,0,0,346.3833923339844,0,7.924896240234375,20.290935516357422,20.34596824645996,0,1.034000039100647,0.9067617654800415,50,2.799999952316284,2.2943735122680664,0,0,0,0,0.0,0,0,0,0.001423459965735674,-0.0014245682395994663,0,-1.1082622677349718e-06,100.24504852294922,100.24523162841797,790.0534057617188,790.0535278320312,790.0535278320312,549.5852661132812,0,0,23.671234130859375,0.0010999999940395355,0.02200000174343586,0.03299999609589577,0.04399999603629112,5655.8173828125,114276.53125,0.0429663360118866,0,3.1392715754918754e-05,496.1690368652344,0,0.0002616529818624258,2.8350639695418067e-05,0,0,23.700000762939453,0,0,1600,0,50,0,0,0,50,50,800,0.0,0.0,0.0,0.0
273,158.2156524658203,309.116943359375,326.09246826171875,326.0374450683594,292.1412658691406,292.1964111328125,16515.818359375,33031.63671875,69.05296325683594,69.05409240722656,1792.9617919921875,3558.94775390625,1793.380126953125,3577.448974609375,284.5550231933594,62.00768280029297,2.053458956652321e-06,0,0,2574.615234375,1291.919189453125,0,23.669870376586914,2711.632080078125,11.832826614379883,12.303397178649902,907.7257690429688,1809.552490234375,50.01885223388672,55.49388885498047,100,0,0,346.3833923339844,0,7.924896240234375,20.290935516357422,20.34596824645996,0,1.034000039100647,0.9067617654800415,50,2.799999952316284,2.294374942779541,0,0,0,0,0.0,0,0,0,0.001423459965735674,-0.0014242333127185702,0,-7.73346982896328e-07,100.24504852294922,100.24517822265625,790.0531005859375,790.0532836914062,790.0532836914062,549.5850830078125,0,0,23.669870376586914,0.0010999999940395355,0.02200000174343586,0.03299999609589577,0.04399999603629112,5655.8173828125,114276.53125,0.0429663360118866,0,3.1392715754918754e-05,497.9898376464844,0,0.0002616529818624258,2.8350639695418067e-05,0,0,23.700000762939453,0,0,1600,0,50,0,0,0,50,50,800,0.0,0.0,0.0,0.0
274,158.2156524658203,309.116943359375,326.09246826171875,326.03741455078125,292.14129638671875,292.19647216796875,16515.818359375,33031.63671875,69.05297088623047,69.05410766601562,1792.9622802734375,3558.947998046875,1793.3817138671875,3577.447265625,284.5550231933594,62.007694244384766,3.7964821331115672e-06,0,0,2574.615234375,1291.919189453125,0,23.669824600219727,2711.630859375,11.832807540893555,12.302925109863281,907.7257080078125,1809.5498046875,50.01861572265625,55.48836135864258,100,0,0,346.3833923339844,0,7.924896240234375,20.290935516357422,20.34600257873535,0,1.034000039100647,0.9067617654800415,50,2.799999952316284,2.2943758964538574,0,0,0,0,0.0,0,0,0,0.001423459965735674,-0.0014239820884540677,0,-5.221227183938026e-07,100.24504852294922,100.24513244628906,790.052978515625,790.0530395507812,790.0530395507812,549.5849609375,0,0,23.669824600219727,0.0010999999940395355,0.02200000174343586,0.03299999609589577,0.04399999603629112,5655.8173828125,114276.53125,0.0429663360118866,0,3.1392715754918754e-05,499.8106384277344,0,0.0002616529818624258,2.8350639695418067e-05,0,0,23.700000762939453,0,0,1600,0,50,0,0,0,50,50,800,0.0,0.0,0.0,0.0
275,158.2156524658203,309.116943359375,326.09246826171875,326.03741455078125,292.14129638671875,292.19647216796875,16515.818359375,33031.63671875,69.05299377441406,69.05411529541016,1792.962890625,3558.950927734375,1793.3773193359375,3577.45166015625,284.5550537109375,62.007713317871094,-3.9342139643849805e-06,0,0,2574.615234375,1291.9193115234375,0,23.669780731201172,2711.630126953125,11.832786560058594,12.302453994750977,907.7244262695312,1809.5499267578125,50.01836395263672,55.48284149169922,100,0,0,346.3833923339844,0,7.924896240234375,20.290935516357422,20.34600257873535,0,1.034000039100647,0.9067617654800415,50,2.799999952316284,2.2943763732910156,0,0,0,0,0.0,0,0,0,0.001423459965735674,-0.0014238145668059587,0,-3.545894458056864e-07,100.24507141113281,100.24510955810547,790.0529174804688,790.0529174804688,790.0529174804688,549.5848999023438,0,0,23.669780731201172,0.0010999999940395355,0.02200000174343586,0.03299999609589577,0.04399999603629112,5655.8173828125,114276.53125,0.0429663360118866,0,3.1392715754918754e-05,501.6314392089844,0,0.0002616529818624258,2.8350639695418067e-05,0,0,23.700000762939453,0,0,1600,0,50,0,0,0,50,50,800,0.0,0.0,0.0,0.0
276,158.2156524658203,309.116943359375,326.09246826171875,326.03741455078125,292.14129638671875,292.19647216796875,16515.818359375,33031.63671875,69.0530014038086,69.05413055419922,1792.96435546875,3558.9580078125,1793.3770751953125,3577.45166015625,284.5550537109375,62.00773239135742,-1.0291752232660656e-06,0,0,2574.615234375,1291.9193115234375,0,23.669713973999023,2711.630126953125,11.83276653289795,12.301982879638672,907.7244873046875,1809.5501708984375,50.01813507080078,55.47731018066406,100,0,0,346.3833923339844,0,7.924896240234375,20.290935516357422,20.34600257873535,0,1.034000039100647,0.9067617654800415,50,2.799999952316284,2.2943763732910156,0,0,0,0,0.0,0,0,0,0.001423459965735674,-0.0014238145668059587,0,-3.545894458056864e-07,100.24507141113281,100.24510955810547,790.0529174804688,790.0529174804688,790.0529174804688,549.5848999023438,0,0,23.669713973999023,0.0010999999940395355,0.02200000174343586,0.03299999609589577,0.04399999603629112,5655.8173828125,114276.53125,0.0429663360118866,0,3.1392715754918754e-05,503.4522399902344,0,0.0002616529818624258,2.8350639695418067e-05,0,0,23.700000762939453,0,0,1600,0,50,0,0,0,50,50,800,0.0,0.0,0.0,0.0
277,158.2156524658203,309.116943359375,326.09246826171875,326.03741455078125,292.14129638671875,292.19647216796875,16515.818359375,33031.63671875,69.05300903320312,69.05413818359375,1792.9659423828125,3558.96826171875,1793.3814697265625,3577.447265625,284.5550537109375,62.00774383544922,7.138480668800185e-07,0,0,2574.615234375,1291.9193115234375,0,23.669647216796875,2711.630126953125,11.832745552062988,12.301512718200684,907.724609375,1809.5479736328125,50.01791000366211,55.47176742553711,100,0,0,346.3833923339844,0,7.924896240234375,20.290935516357422,20.34600257873535,0,1.034000039100647,0.9067617654800415,50,2.799999952316284,2.2943763732910156,0,0,0,0,0.0,0,0,0,0.001423459965735674,-0.0014238145668059587,0,-3.545894458056864e-07,100.24507141113281,100.24510955810547,790.0529174804688,790.0529174804688,790.0529174804688,549.5848999023438,0,0,23.669647216796875,0.0010999999940395355,0.02200000174343586,0.03299999609589577,0.04399999603629112,5655.8173828125,114276.53125,0.0429663360118866,0,3.1392715754918754e-05,505.2730407714844,0,0.0002616529818624258,2.8350639695418067e-05,0,0,23.700000762939453,0,0,1600,0,50,0,0,0,50,50,800,0.0,0.0,0.0,0.0
278,158.2156524658203,309.116943359375,326.09246826171875,326.03741455078125,292.1413269042969,292.19647216796875,16515.818359375,33031.63671875,69.05301666259766,69.05414581298828,1792.9671630859375,3558.98193359375,1793.3795166015625,3577.44970703125,284.5550537109375,62.007755279541016,2.45687147071294e-06,0,0,2574.615234375,1291.91943359375,0,23.66960334777832,2711.630126953125,11.832724571228027,12.301042556762695,907.723388671875,1809.548583984375,50.017662048339844,55.466251373291016,100,0,0,346.3833923339844,0,7.924896240234375,20.290935516357422,20.34600257873535,0,1.034000039100647,0.9067617654800415,50,2.799999952316284,2.2943763732910156,0,0,0,0,0.0,0,0,0,0.001423459965735674,-0.0014238145668059587,0,-3.545894458056864e-07,100.24507141113281,100.24510955810547,790.0529174804688,790.0529174804688,790.0529174804688,549.5848999023438,0,0,23.66960334777832,0.0010999999940395355,0.02200000174343586,0.03299999609589577,0.04399999603629112,5655.8173828125,114276.53125,0.0429663360118866,0,3.1392715754918754e-05,507.0938415527344,0,0.0002616529818624258,2.8350639695418067e-05,0,0,23.700000762939453,0,0,1600,0,50,0,0,0,50,50,800,0.0,0.0,0.0,0.0
279,158.2156524658203,309.116943359375,326.09246826171875,326.03741455078125,292.1413269042969,292.19647216796875,16515.818359375,33031.63671875,69.05303192138672,69.05415344238281,1792.96826171875,3558.99951171875,1793.37890625,3577.4501953125,284.5550537109375,62.007774353027344,5.361910552892368e-06,0,0,2574.615234375,1291.91943359375,0,23.668193817138672,2711.630126953125,11.832703590393066,12.300572395324707,907.723388671875,1809.549560546875,50.017391204833984,55.46074295043945,100,0,0,346.3833923339844,0,7.924896240234375,20.290935516357422,20.34600257873535,0,1.034000039100647,0.9067617654800415,50,2.799999952316284,2.2943763732910156,0,0,0,0,0.0,0,0,0,0.001423459965735674,-0.0014238145668059587,0,-3.545894458056864e-07,100.24507141113281,100.24510955810547,790.0529174804688,790.0529174804688,790.0529174804688,549.5848999023438,0,0,23.668193817138672,0.0010999999940395355,0.02200000174343586,0.03299999609589577,0.04399999603629112,5655.8173828125,114276.53125,0.0429663360118866,0,3.1392715754918754e-05,508.9146423339844,0,0.0002616529818624258,2.8350639695418067e-05,0,0,23.700000762939453,0,0,1600,0,50,0,0,0,50,50,800,0.0,0.0,0.0,0.0
280,158.2156524658203,309.116943359375,326.09246826171875,326.03741455078125,292.1413269042969,292.19647216796875,16515.818359375,33031.63671875,69.05303955078125,69.05416107177734,1792.969482421875,3559.020263671875,1793.3782958984375,3577.450927734375,284.5550842285156,62.00779724121094,-1.7877780464914395e-06,0,0,2574.615234375,1291.91943359375,0,23.668127059936523,2711.630126953125,11.832684516906738,12.300103187561035,907.723388671875,1809.5504150390625,50.017154693603516,55.455230712890625,100,0,0,346.3833923339844,0,7.924896240234375,20.290935516357422,20.34600257873535,0,1.034000039100647,0.9067617654800415,50,2.799999952316284,2.2943763732910156,0,0,0,0,0.0,0,0,0,0.001423459965735674,-0.0014238145668059587,0,-3.545894458056864e-07,100.24507141113281,100.24510955810547,790.0529174804688,790.0529174804688,790.0529174804688,549.5848999023438,0,0,23.668127059936523,0.0010999999940395355,0.02200000174343586,0.03299999609589577,0.04399999603629112,5655.8173828125,114276.53125,0.0429663360118866,0,3.1392715754918754e-05,510.7354431152344,0,0.0002616529818624258,2.8350639695418067e-05,0,0,23.700000762939453,0,0,1600,0,50,0,0,0,50,50,800,0.0,0.0,0.0,0.0
281,158.2156524658203,309.116943359375,326.09246826171875,326.03741455078125,292.1413269042969,292.19647216796875,16515.818359375,33031.63671875,69.05303955078125,69.05416870117188,1792.9710693359375,3559.043212890625,1793.382080078125,3577.447021484375,284.5550842285156,62.007816314697266,1.1172606946274755e-06,0,0,2574.615234375,1291.91943359375,0,23.669401168823242,2711.630126953125,11.832663536071777,12.29963493347168,907.7235717773438,1809.549072265625,50.01692199707031,55.44972229003906,100,0,0,346.3833923339844,0,7.924896240234375,20.290935516357422,20.34600257873535,0,1.034000039100647,0.9067617654800415,50,2.799999952316284,2.2943763732910156,0,0,0,0,0.0,0,0,0,0.001423459965735674,-0.0014238145668059587,0,-3.545894458056864e-07,100.24507141113281,100.24510955810547,790.0529174804688,790.0529174804688,790.0529174804688,549.5848999023438,0,0,23.669401168823242,0.0010999999940395355,0.02200000174343586,0.03299999609589577,0.04399999603629112,5655.8173828125,114276.53125,0.0429663360118866,0,3.1392715754918754e-05,512.5562744140625,0,0.0002616529818624258,2.8350639695418067e-05,0,0,23.700000762939453,0,0,1600,0,50,0,0,0,50,50,800,0.0,0.0,0.0,0.0
282,158.2156524658203,309.116943359375,326.09246826171875,326.03741455078125,292.1413269042969,292.19647216796875,16515.818359375,33031.63671875,69.05304718017578,69.05416870117188,1792.9725341796875,3559.07080078125,1793.3812255859375,3577.447265625,284.5550842285156,62.00783157348633,3.441291710259975e-06,0,0,2574.615234375,1291.91943359375,0,23.669334411621094,2711.630126953125,11.832642555236816,12.299165725708008,907.7236328125,1809.5501708984375,50.01667022705078,55.44422149658203,100,0,0,346.3833923339844,0,7.924896240234375,20.290935516357422,20.34600257873535,0,1.034000039100647,0.9067617654800415,50,2.799999952316284,2.2943763732910156,0,0,0,0,0.0,0,0,0,0.001423459965735674,-0.0014238145668059587,0,-3.545894458056864e-07,100.24507141113281,100.24510955810547,790.0529174804688,790.0529174804688,790.0529174804688,549.5848999023438,0,0,23.669334411621094,0.0010999999940395355,0.02200000174343586,0.03299999609589577,0.04399999603629112,5655.8173828125,114276.53125,0.0429663360118866,0,3.1392715754918754e-05,514.3770751953125,0,0.0002616529818624258,2.8350639695418067e-05,0,0,23.700000762939453,0,0,1600,0,50,0,0,0,50,50,800,0.0,0.0,0.0,0.0
283,158.2156524658203,309.116943359375,326.09246826171875,326.03741455078125,292.1413269042969,292.19647216796875,16515.818359375,33031.63671875,69.05305480957031,69.0541763305664,1792.974853515625,3559.099853515625,1793.380859375,3577.44775390625,284.55511474609375,62.007850646972656,-4.289404387236573e-06,0,0,2574.615234375,1291.91943359375,0,23.669265747070312,2711.630126953125,11.832621574401855,12.298698425292969,907.7239379882812,1809.551513671875,50.016475677490234,55.43870544433594,100,0,0,346.3833923339844,0,7.924896240234375,20.290935516357422,20.34600257873535,0,1.034000039100647,0.9067617654800415,50,2.799999952316284,2.2943763732910156,0,0,0,0,0.0,0,0,0,0.001423459965735674,-0.0014238145668059587,0,-3.545894458056864e-07,100.24507141113281,100.24510955810547,790.0529174804688,790.0529174804688,790.0529174804688,549.5848999023438,0,0,23.669265747070312,0.0010999999940395355,0.02200000174343586,0.03299999609589577,0.04399999603629112,5655.8173828125,114276.53125,0.0429663360118866,0,3.1392715754918754e-05,516.1978759765625,0,0.0002616529818624258,2.8350639695418067e-05,0,0,23.700000762939453,0,0,1600,0,50,0,0,0,50,50,800,0.0,0.0,0.0,0.0
284,158.2156524658203,309.116943359375,326.09246826171875,326.03741455078125,292.1413269042969,292.19647216796875,16515.818359375,33031.63671875,69.05305480957031,69.0541763305664,1792.9764404296875,3559.1337890625,1793.380859375,3577.448486328125,284.55511474609375,62.007869720458984,-1.3843656461176579e-06,0,0,2574.615234375,1291.9195556640625,0,23.669198989868164,2711.630126953125,11.832600593566895,12.29823112487793,907.72265625,1809.55322265625,50.016204833984375,55.4332275390625,100,0,0,346.3833923339844,0,7.924896240234375,20.290935516357422,20.34600257873535,0,1.034000039100647,0.9067617654800415,50,2.799999952316284,2.2943763732910156,0,0,0,0,0.0,0,0,0,0.001423459965735674,-0.0014238145668059587,0,-3.545894458056864e-07,100.24507141113281,100.24510955810547,790.0529174804688,790.0529174804688,790.0529174804688,549.5848999023438,0,0,23.669198989868164,0.0010999999940395355,0.02200000174343586,0.03299999609589577,0.04399999603629112,5655.8173828125,114276.53125,0.0429663360118866,0,3.1392715754918754e-05,518.0186767578125,0,0.0002616529818624258,2.8350639695418067e-05,0,0,23.700000762939453,0,0,1600,0,50,0,0,0,50,50,800,0.0,0.0,0.0,0.0
285,158.2156524658203,309.116943359375,326.09246826171875,326.03741455078125,292.1413269042969,292.19647216796875,16515.818359375,33031.63671875,69.05305480957031,69.0541763305664,1792.97802734375,3559.170166015625,1793.379638671875,3577.44921875,284.55511474609375,62.00788116455078,3.5865775771526387e-07,0,0,2574.615234375,1291.9195556640625,0,23.669132232666016,2711.630126953125,11.832579612731934,12.297764778137207,907.72265625,1809.554931640625,50.01594543457031,55.427757263183594,100,0,0,346.3833923339844,0,7.924896240234375,20.290935516357422,20.34600257873535,0,1.034000039100647,0.9067617654800415,50,2.799999952316284,2.2943763732910156,0,0,0,0,0.0,0,0,0,0.001423459965735674,-0.0014238145668059587,0,-3.545894458056864e-07,100.24507141113281,100.24510955810547,790.0529174804688,790.0529174804688,790.0529174804688,549.5848999023438,0,0,23.669132232666016,0.0010999999940395355,0.02200000174343586,0.03299999609589577,0.04399999603629112,5655.8173828125,114276.53125,0.0429663360118866,0,3.1392715754918754e-05,519.8394775390625,0,0.0002616529818624258,2.8350639695418067e-05,0,0,23.700000762939453,0,0,1600,0,50,0,0,0,50,50,800,0.0,0.0,0.0,0.0
286,158.2156524658203,309.116943359375,326.09246826171875,326.03741455078125,292.1413269042969,292.19647216796875,16515.818359375,33031.63671875,69.05305480957031,69.0541763305664,1792.979736328125,3559.209228515625,1793.37841796875,3577.450927734375,284.55511474609375,62.007896423339844,2.6826890007214388e-06,0,0,2574.615234375,1291.9195556640625,0,23.66908836364746,2711.630126953125,11.832559585571289,12.2972993850708,907.72265625,1809.556884765625,50.01569747924805,55.42230224609375,100,0,0,346.3833923339844,0,7.924896240234375,20.290935516357422,20.34600257873535,0,1.034000039100647,0.9067617654800415,50,2.799999952316284,2.2943763732910156,0,0,0,0,0.0,0,0,0,0.001423459965735674,-0.0014238145668059587,0,-3.545894458056864e-07,100.24507141113281,100.24510955810547,790.0529174804688,790.0529174804688,790.0529174804688,549.5848999023438,0,0,23.66908836364746,0.0010999999940395355,0.02200000174343586,0.03299999609589577,0.04399999603629112,5655.8173828125,114276.53125,0.0429663360118866,0,3.1392715754918754e-05,521.6602783203125,0,0.0002616529818624258,2.8350639695418067e-05,0,0,23.700000762939453,0,0,1600,0,50,0,0,0,50,50,800,0.0,0.0,0.0,0.0
287,158.2156524658203,309.116943359375,326.09246826171875,326.03741455078125,292.1413269042969,292.19647216796875,16515.818359375,33031.63671875,69.05305480957031,69.0541763305664,1792.9813232421875,3559.25146484375,1793.3798828125,3577.44921875,284.55511474609375,62.007896423339844,2.6826890007214388e-06,0,0,2574.615234375,1291.9195556640625,0,23.670385360717773,2711.630126953125,11.832538604736328,12.296835899353027,907.72265625,1809.55908203125,50.015438079833984,55.4168586730957,100,0,0,346.3833923339844,0,7.924896240234375,20.290935516357422,20.34600257873535,0,1.034000039100647,0.9067617654800415,50,2.799999952316284,2.2943763732910156,0,0,0,0,0.0,0,0,0,0.001423459965735674,-0.0014238145668059587,0,-3.545894458056864e-07,100.24507141113281,100.24510955810547,790.0529174804688,790.0529174804688,790.0529174804688,549.5848999023438,0,0,23.670385360717773,0.0010999999940395355,0.02200000174343586,0.03299999609589577,0.04399999603629112,5655.8173828125,114276.53125,0.0429663360118866,0,3.1392715754918754e-05,523.4810791015625,0,0.0002616529818624258,2.8350639695418067e-05,0,0,23.700000762939453,0,0,1600,0,50,0,0,0,50,50,800,0.0,0.0,0.0,0.0
288,158.2156524658203,309.116943359375,326.09246826171875,326.03741455078125,292.1413269042969,292.19647216796875,16515.818359375,33031.63671875,69.05305480957031,69.05416870117188,1792.9835205078125,3559.295654296875,1793.37890625,3577.450439453125,284.55511474609375,62.007904052734375,3.844704679067945e-06,0,0,2574.615234375,1291.91943359375,0,23.66901969909668,2711.630126953125,11.832517623901367,12.29637336730957,907.722900390625,1809.56103515625,50.01520919799805,55.411415100097656,100,0,0,346.3833923339844,0,7.924896240234375,20.290935516357422,20.34600257873535,0,1.034000039100647,0.9067617654800415,50,2.799999952316284,2.2943763732910156,0,0,0,0,0.0,0,0,0,0.001423459965735674,-0.0014238145668059587,0,-3.545894458056864e-07,100.24507141113281,100.24510955810547,790.0529174804688,790.0529174804688,790.0529174804688,549.5848999023438,0,0,23.66901969909668,0.0010999999940395355,0.02200000174343586,0.03299999609589577,0.04399999603629112,5655.8173828125,114276.53125,0.0429663360118866,0,3.1392715754918754e-05,525.3018798828125,0,0.0002616529818624258,2.8350639695418067e-05,0,0,23.700000762939453,0,0,1600,0,50,0,0,0,50,50,800,0.0,0.0,0.0,0.0
289,158.2156524658203,309.116943359375,326.09246826171875,326.03741455078125,292.1413269042969,292.19647216796875,16515.818359375,33031.63671875,69.05305480957031,69.05416107177734,1792.986083984375,3559.34228515625,1793.3798828125,3577.448974609375,284.55511474609375,62.007904052734375,3.844704679067945e-06,0,0,2574.615234375,1291.91943359375,0,23.67036247253418,2711.630126953125,11.832496643066406,12.29591178894043,907.7229614257812,1809.5633544921875,50.01498031616211,55.40598678588867,100,0,0,346.3833923339844,0,7.924896240234375,20.290935516357422,20.34600257873535,0,1.034000039100647,0.9067617654800415,50,2.799999952316284,2.2943763732910156,0,0,0,0,0.0,0,0,0,0.001423459965735674,-0.0014238145668059587,0,-3.545894458056864e-07,100.24507141113281,100.24510955810547,790.0529174804688,790.0529174804688,790.0529174804688,549.5848999023438,0,0,23.67036247253418,0.0010999999940395355,0.02200000174343586,0.03299999609589577,0.04399999603629112,5655.8173828125,114276.53125,0.0429663360118866,0,3.1392715754918754e-05,527.1226806640625,0,0.0002616529818624258,2.8350639695418067e-05,0,0,23.700000762939453,0,0,1600,0,50,0,0,0,50,50,800,0.0,0.0,0.0,0.0
290,158.2156524658203,309.116943359375,326.09246826171875,326.03741455078125,292.1413269042969,292.19647216796875,16515.818359375,33031.63671875,69.05305480957031,69.05416107177734,1792.98828125,3559.39208984375,1793.3814697265625,3577.447265625,284.55511474609375,62.007904052734375,3.844704679067945e-06,0,0,2574.615234375,1291.91943359375,0,23.67036247253418,2711.630126953125,11.832476615905762,12.295451164245605,907.7232055664062,1809.565673828125,50.01476287841797,55.400569915771484,100,0,0,346.3833923339844,0,7.924896240234375,20.290935516357422,20.34600257873535,0,1.034000039100647,0.9067617654800415,50,2.799999952316284,2.2943763732910156,0,0,0,0,0.0,0,0,0,0.001423459965735674,-0.0014238145668059587,0,-3.545894458056864e-07,100.24507141113281,100.24510955810547,790.0529174804688,790.0529174804688,790.0529174804688,549.5848999023438,0,0,23.67036247253418,0.0010999999940395355,0.02200000174343586,0.03299999609589577,0.04399999603629112,5655.8173828125,114276.53125,0.0429663360118866,0,3.1392715754918754e-05,528.9434814453125,0,0.0002616529818624258,2.8350639695418067e-05,0,0,23.700000762939453,0,0,1600,0,50,0,0,0,50,50,800,0.0,0.0,0.0,0.0
291,158.2156524658203,309.116943359375,326.09246826171875,326.03741455078125,292.1413269042969,292.19647216796875,16515.818359375,33031.63671875,69.05305480957031,69.05416107177734,1792.9898681640625,3559.445068359375,1793.381103515625,3577.44775390625,284.55511474609375,62.007896423339844,2.6826890007214388e-06,0,0,2574.615234375,1291.91943359375,0,23.67036247253418,2711.630126953125,11.832457542419434,12.294991493225098,907.7233276367188,1809.57080078125,50.014530181884766,55.39517593383789,100,0,0,346.3833923339844,0,7.924896240234375,20.290935516357422,20.34600257873535,0,1.034000039100647,0.9067617654800415,50,2.799999952316284,2.2943763732910156,0,0,0,0,0.0,0,0,0,0.001423459965735674,-0.0014238145668059587,0,-3.545894458056864e-07,100.24507141113281,100.24510955810547,790.0529174804688,790.0529174804688,790.0529174804688,549.5848999023438,0,0,23.67036247253418,0.0010999999940395355,0.02200000174343586,0.03299999609589577,0.04399999603629112,5655.8173828125,114276.53125,0.0429663360118866,0,3.1392715754918754e-05,530.7642822265625,0,0.0002616529818624258,2.8350639695418067e-05,0,0,23.700000762939453,0,0,1600,0,50,0,0,0,50,50,800,0.0,0.0,0.0,0.0
292,158.2156524658203,309.116943359375,326.09246826171875,326.03741455078125,292.1413269042969,292.19647216796875,16515.818359375,33031.63671875,69.05305480957031,69.05415344238281,1792.9918212890625,3559.5009765625,1793.3792724609375,3577.44970703125,284.55511474609375,62.00789260864258,2.101681047861348e-06,0,0,2574.615234375,1291.91943359375,0,23.670385360717773,2711.630126953125,11.832437515258789,12.294533729553223,907.7233276367188,1809.573486328125,50.014278411865234,55.38980484008789,100,0,0,346.3833923339844,0,7.924896240234375,20.290935516357422,20.34600257873535,0,1.034000039100647,0.9067617654800415,50,2.799999952316284,2.2943763732910156,0,0,0,0,0.0,0,0,0,0.001423459965735674,-0.0014238145668059587,0,-3.545894458056864e-07,100.24507141113281,100.24510955810547,790.0529174804688,790.0529174804688,790.0529174804688,549.5848999023438,0,0,23.670385360717773,0.0010999999940395355,0.02200000174343586,0.03299999609589577,0.04399999603629112,5655.8173828125,114276.53125,0.0429663360118866,0,3.1392715754918754e-05,532.5850830078125,0,0.0002616529818624258,2.8350639695418067e-05,0,0,23.700000762939453,0,0,1600,0,50,0,0,0,50,50,800,0.0,0.0,0.0,0.0
293,158.2156524658203,309.116943359375,326.09246826171875,326.03741455078125,292.1413269042969,292.19647216796875,16515.818359375,33031.63671875,69.05305480957031,69.05415344238281,1792.9942626953125,3559.558349609375,1793.3828125,3577.446044921875,284.55511474609375,62.00787353515625,-8.033578069444047e-07,0,0,2574.615234375,1291.91943359375,0,23.671770095825195,2711.630126953125,11.832417488098145,12.29407787322998,907.723388671875,1809.5762939453125,50.01405334472656,55.38444519042969,100,0,0,346.3833923339844,0,7.924896240234375,20.290935516357422,20.34600257873535,0,1.034000039100647,0.9067617654800415,50,2.799999952316284,2.2943763732910156,0,0,0,0,0.0,0,0,0,0.001423459965735674,-0.0014238145668059587,0,-3.545894458056864e-07,100.24507141113281,100.24510955810547,790.0529174804688,790.0529174804688,790.0529174804688,549.5848999023438,0,0,23.671770095825195,0.0010999999940395355,0.02200000174343586,0.03299999609589577,0.04399999603629112,5655.8173828125,114276.53125,0.0429663360118866,0,3.1392715754918754e-05,534.4058837890625,0,0.0002616529818624258,2.8350639695418067e-05,0,0,23.700000762939453,0,0,1600,0,50,0,0,0,50,50,800,0.0,0.0,0.0,0.0
294,158.21563720703125,309.116943359375,326.09246826171875,326.03741455078125,292.1413269042969,292.19647216796875,16515.818359375,33031.63671875,69.05305480957031,69.05414581298828,1792.9959716796875,3559.619384765625,1793.384033203125,3577.44482421875,284.55511474609375,62.00785827636719,-3.127388936263742e-06,0,0,2574.615234375,1291.91943359375,0,23.671836853027344,2711.630126953125,11.832399368286133,12.293622016906738,907.7236328125,1809.5792236328125,50.013851165771484,55.37908935546875,100,0,0,346.3833923339844,0,7.924896240234375,20.290935516357422,20.34600257873535,0,1.034000039100647,0.9067617654800415,50,2.799999952316284,2.2943763732910156,0,0,0,0,0.0,0,0,0,0.001423459965735674,-0.0014238145668059587,0,-3.545894458056864e-07,100.24507141113281,100.24510955810547,790.0529174804688,790.0529174804688,790.0529174804688,549.5848999023438,0,0,23.671836853027344,0.0010999999940395355,0.02200000174343586,0.03299999609589577,0.04399999603629112,5655.8173828125,114276.53125,0.0429663360118866,0,3.1392715754918754e-05,536.2266845703125,0,0.0002616529818624258,2.8350639695418067e-05,0,0,23.700000762939453,0,0,1600,0,50,0,0,0,50,50,800,0.0,0.0,0.0,0.0
295,158.21560668945312,309.116943359375,326.09246826171875,326.03741455078125,292.1413269042969,292.19647216796875,16515.818359375,33031.63671875,69.05304718017578,69.05413818359375,1792.9981689453125,3559.681884765625,1793.3848876953125,3577.444091796875,284.5550842285156,62.00782012939453,1.6982685338007286e-06,0,0,2574.615234375,1291.91943359375,0,23.674631118774414,2711.630126953125,11.832379341125488,12.293168067932129,907.7237548828125,1809.582275390625,50.01362991333008,55.373756408691406,100,0,0,346.3833923339844,0,7.924896240234375,20.290935516357422,20.34600257873535,0,1.034000039100647,0.9067617654800415,50,2.799999952316284,2.2943763732910156,0,0,0,0,0.0,0,0,0,0.001423459965735674,-0.0014238145668059587,0,-3.545894458056864e-07,100.24507141113281,100.24510955810547,790.0529174804688,790.0529174804688,790.0529174804688,549.5848999023438,0,0,23.674631118774414,0.0010999999940395355,0.02200000174343586,0.03299999609589577,0.04399999603629112,5655.8173828125,114276.53125,0.0429663360118866,0,3.1392715754918754e-05,538.0474853515625,0,0.0002616529818624258,2.8350639695418067e-05,0,0,23.700000762939453,0,0,1600,0,50,0,0,0,50,50,800,0.0,0.0,0.0,0.0
296,158.21556091308594,309.116943359375,326.09246826171875,326.03741455078125,292.1413269042969,292.19647216796875,16515.818359375,33031.63671875,69.05304718017578,69.05413055419922,1793.0009765625,3559.74609375,1793.3876953125,3577.44140625,284.5550842285156,62.00777816772461,-4.6928171286708675e-06,0,0,2574.615478515625,1291.9193115234375,0,23.674766540527344,2711.630126953125,11.832359313964844,12.292716979980469,907.7252807617188,1809.5853271484375,50.013423919677734,55.36844253540039,100,0,0,346.38336181640625,0,7.924896240234375,20.29090118408203,20.34596824645996,0,1.034000039100647,0.9067617654800415,50,2.799999952316284,2.2943763732910156,0,0,0,0,0.0,0,0,0,0.001423459965735674,-0.0014238145668059587,0,-3.545894458056864e-07,100.24507141113281,100.24510955810547,790.0529174804688,790.0529174804688,790.0529174804688,549.5848999023438,0,0,23.674766540527344,0.0010999999940395355,0.02200000174343586,0.03299999609589577,0.04399999603629112,5655.8173828125,114276.53125,0.0429663360118866,0,3.1392715754918754e-05,539.8682861328125,0,0.0002616529818624258,2.8350639695418067e-05,0,0,23.700000762939453,0,0,1600,0,50,0,0,0,50,50,800,0.0,0.0,0.0,0.0
297,158.2155303955078,309.116943359375,326.09246826171875,326.0374450683594,292.1413269042969,292.1964111328125,16515.818359375,33031.63671875,69.05303955078125,69.05411529541016,1793.003173828125,3559.814208984375,1793.3865966796875,3577.442138671875,284.5550537109375,62.00773620605469,-4.4816741251452186e-07,0,0,2574.615478515625,1291.9193115234375,0,23.6749210357666,2711.630126953125,11.832340240478516,12.292267799377441,907.725341796875,1809.591064453125,50.01318359375,55.3631591796875,100,0,0,346.38336181640625,0,7.924896240234375,20.29090118408203,20.34593391418457,0,1.034000039100647,0.9067617654800415,50,2.799999952316284,2.2943763732910156,0,0,0,0,0.0,0,0,0,0.001423459965735674,-0.0014238145668059587,0,-3.545894458056864e-07,100.24507141113281,100.24510955810547,790.0529174804688,790.0529174804688,790.0529174804688,549.5848999023438,0,0,23.6749210357666,0.0010999999940395355,0.02200000174343586,0.03299999609589577,0.04399999603629112,5655.8173828125,114276.53125,0.0429663360118866,0,3.1392715754918754e-05,541.6890869140625,0,0.0002616529818624258,2.8350639695418067e-05,0,0,23.700000762939453,0,0,1600,0,50,0,0,0,50,50,800,0.0,0.0,0.0,0.0
298,158.2154998779297,309.116943359375,326.09246826171875,326.0374755859375,292.1413269042969,292.1963806152344,16515.818359375,33031.63671875,69.05303955078125,69.05410766601562,1793.00537109375,3559.884033203125,1793.38720703125,3577.441650390625,284.5550231933594,62.0076904296875,3.215474407625152e-06,0,0,2574.615478515625,1291.919189453125,0,23.676441192626953,2711.630126953125,11.832321166992188,12.291818618774414,907.7254638671875,1809.594482421875,50.01297378540039,55.357887268066406,100,0,0,346.3833312988281,0,7.924896240234375,20.29086685180664,20.345867156982422,0,1.034000039100647,0.9067617654800415,50,2.799999952316284,2.2943763732910156,0,0,0,0,0.0,0,0,0,0.001423459965735674,-0.0014238145668059587,0,-3.545894458056864e-07,100.24507141113281,100.24510955810547,790.0529174804688,790.0529174804688,790.0529174804688,549.5848999023438,0,0,23.676441192626953,0.0010999999940395355,0.02200000174343586,0.03299999609589577,0.04399999603629112,5655.8173828125,114276.53125,0.0429663360118866,0,3.1392715754918754e-05,543.5098876953125,0,0.0002616529818624258,2.8350639695418067e-05,0,0,23.700000762939453,0,0,1600,0,50,0,0,0,50,50,800,0.0,0.0,0.0,0.0
299,158.21546936035156,309.116943359375,326.09246826171875,326.0375061035156,292.1413269042969,292.19635009765625,16515.818359375,33031.63671875,69.05303192138672,69.0541000366211,1793.0078125,3559.956787109375,1793.3878173828125,3577.44091796875,284.55499267578125,62.007625579833984,3.974077117163688e-06,0,0,2574.615966796875,1291.919189453125,0,23.67934799194336,2711.630126953125,11.832301139831543,12.29137134552002,907.7257080078125,1809.5980224609375,50.01274871826172,55.352622985839844,100,0,0,346.3833312988281,0,7.924896240234375,20.29086685180664,20.34583282470703,0,1.034000039100647,0.9067617654800415,50,2.799999952316284,2.2943763732910156,0,0,0,0,0.0,0,0,0,0.001423459965735674,-0.0014238145668059587,0,-3.545894458056864e-07,100.24507141113281,100.24510955810547,790.0529174804688,790.0529174804688,790.0529174804688,549.5848999023438,0,0,23.67934799194336,0.0010999999940395355,0.02200000174343586,0.03299999609589577,0.04399999603629112,5655.8173828125,114276.53125,0.0429663360118866,0,3.1392715754918754e-05,545.3306884765625,0,0.0002616529818624258,2.8350639695418067e-05,0,0,23.700000762939453,0,0,1600,0,50,0,0,0,50,50,800,0.0,0.0,0.0,0.0
