TIME,P,TAVG,THA,THB,TCA,TCB,WRCA,WRCB,PSGA,PSGB,WFWA,WFWB,WSTA,WSTB,VOL,LVPZ,VOID,WLR,WUP,HUP,HLW,WHPI,WECS,QMWT,LSGA,LSGB,QMGA,QMGB,NSGA,NSGB,TBLD,WTRA,WTRB,TSAT,QRHR,LVCR,SCMA,SCMB,FRCL,PRB,PRBA,TRB,LWRB,DNBR,QFCL,WBK,WSPY,WCSP,HTR,MH2,CNH2,RHBR,RHMT,RHFL,RHRD,RH,PWNT,PWR,TFSB,TFPK,TF,TPCT,WCFT,WLPI,WCHG,RM1,RM2,RM3,RM4,RC87,RC131,STRB,STSG,STTB,RBLK,SGLK,DTHY,DWB,WRLA,WRLB,WLD,MBK,EBK,TKLV,FRZR,TDBR,MDBR,MCRT,MGAS,TCRT,TSLP,PPM,Pad_Col_0,Pad_Col_1,Pad_Col_2,Pad_Col_3
0,158.1999969482422,309.1399841308594,326.1538391113281,326.11614990234375,292.1261291503906,292.1638488769531,16515.818359375,33031.63671875,69.00464630126953,69.0042495727539,1790.2763671875,3580.552734375,1792.9256591796875,3577.9033203125,284.552001953125,62.0,1.8346643173572375e-06,0,0,2574.662353515625,1291.7806396484375,0,23.700000762939453,2705.0,11.830000877380371,11.830000877380371,910.2337036132812,1816.4324951171875,50.0,50.0,100,0,0,346.3753967285156,0,7.924896240234375,20.2215576171875,20.25926399230957,0,1.034000039100647,0.9067617654800415,50,2.799999952316284,2.3000001907348633,0,0,0,0,0.0,0,0,0,0.0,0.0,0,0.0,100.0,100.0,788.9000244140625,788.9000244140625,788.9000244140625,549.02001953125,0,0,23.700000762939453,0.0010999999940395355,0.02200000174343586,0.03299999609589577,0.04399999603629112,5655.8173828125,114276.53125,0.0429663360118866,0,3.1392715754918754e-05,0.9104048013687134,0,0.0002616529818624258,2.8350639695418067e-05,0,0,23.700000762939453,0,0,1600,0,50,0,0,0,50,50,1400,0.0,0.0,0.0,0.0
1,158.19033813476562,309.12530517578125,326.1518249511719,326.1134338378906,292.1242370605469,292.1626281738281,16515.818359375,33031.63671875,69.01226043701172,69.01177978515625,1790.602783203125,3580.143310546875,1793.5780029296875,3577.251220703125,284.549560546875,61.99385070800781,1.1948225164815085e-06,0,0,2574.67333984375,1291.741943359375,0,23.700000762939453,2705.042236328125,11.830011367797852,11.830208778381348,909.8095703125,1815.0777587890625,50.035274505615234,49.98440170288086,100,0,0,346.37347412109375,0,7.924896240234375,20.221660614013672,20.26004409790039,0,1.034000039100647,0.9067617654800415,50,2.799999952316284,2.299964189529419,0,0,0,0,1.0797373766589098,0,0,0,0.00020185024186503142,0.0,0,0.00020185024186503142,100.00493621826172,100.0015640258789,788.9026489257812,788.9000244140625,788.9000244140625,549.0162353515625,0,0,23.700000762939453,0.0010999999940395355,0.02200000174343586,0.03299999609589577,0.04399999603629112,5655.8173828125,114276.53125,0.0429663360118866,0,3.1392715754918754e-05,2.7312145233154297,0,0.0002616529818624258,2.8350639695418067e-05,0,0,23.700000762939453,0,0,1600,0,50,0,0,0,50,50,1400,0.0,0.0,0.0,0.0
2,158.17665100097656,309.11279296875,326.146240234375,326.10711669921875,292.1220397949219,292.1611633300781,16515.818359375,33031.63671875,69.01729583740234,69.01681518554688,1790.69091796875,3580.048583984375,1793.615478515625,3577.21337890625,284.54132080078125,61.9730224609375,-1.658560222494998e-06,0,0,2574.711669921875,1291.749755859375,0,25.92641258239746,2705.177978515625,11.829965591430664,11.830385208129883,909.0801391601562,1813.6058349609375,50.03548812866211,49.98460388183594,100,0,0,346.3669738769531,0,7.924896240234375,20.22071075439453,20.25984001159668,0,1.034000039100647,0.9067617654800415,50,2.799999952316284,2.299848794937134,0,0,0,0,4.723851070035542,0,0,0,0.0003738153027370572,-9.764946298673749e-06,0,0.00036405035643838346,100.03266906738281,100.00657653808594,788.9310302734375,788.9104614257812,788.9104614257812,549.0146484375,0,0,25.92641258239746,0.0010999999940395355,0.02200000174343586,0.03299999609589577,0.04399999603629112,5655.8173828125,114276.53125,0.0429663360118866,0,3.1392715754918754e-05,4.552023887634277,0,0.0002616529818624258,2.8350639695418067e-05,0,0,23.700000762939453,0,0,1600,0,50,0,0,0,50,50,1400,0.0,0.0,0.0,0.0
3,158.16375732421875,309.10186767578125,326.138427734375,326.0987243652344,292.1195068359375,292.1592712402344,16515.818359375,33031.63671875,69.02032470703125,69.01985931396484,1790.7862548828125,3580.0869140625,1793.6170654296875,3577.211669921875,284.53253173828125,61.95082092285156,-9.600393013897701e-07,0,0,2574.752197265625,1291.75048828125,0,26.374006271362305,2705.5361328125,11.82988452911377,11.830523490905762,908.4998779296875,1812.44140625,50.032005310058594,49.9835205078125,100,0,0,346.36004638671875,0,7.924896240234375,20.22162628173828,20.261333465576172,0,1.034000039100647,0.9067617654800415,50,2.799999952316284,2.299544334411621,0,0,0,0,8.58969601508845,0,0,0,0.0005238389130681753,-5.8209228882333264e-05,0,0.0004656297096516937,100.0708236694336,100.01982116699219,789.00244140625,788.9622802734375,788.9622802734375,549.0347290039062,0,0,26.374006271362305,0.0010999999940395355,0.02200000174343586,0.03299999609589577,0.04399999603629112,5655.8173828125,114276.53125,0.0429663360118866,0,3.1392715754918754e-05,6.372833251953125,0,0.0002616529818624258,2.8350639695418067e-05,0,0,23.700000762939453,0,0,1600,0,50,0,0,0,50,50,1400,0.0,0.0,0.0,0.0
4,158.15277099609375,309.0927429199219,326.12933349609375,326.089111328125,292.1167297363281,292.156982421875,16515.818359375,33031.63671875,69.02176666259766,69.02130889892578,1790.9039306640625,3580.199951171875,1793.6138916015625,3577.21484375,284.524658203125,61.930965423583984,-4.556731255433988e-06,0,0,2574.7880859375,1291.74755859375,0,26.24456787109375,2706.085205078125,11.829778671264648,11.830633163452148,908.0494384765625,1811.53857421875,50.02665710449219,49.98076629638672,100,0,0,346.3538818359375,0,7.924896240234375,20.22454261779785,20.26475715637207,0,1.034000039100647,0.9067617654800415,50,2.799999952316284,2.2990777492523193,0,0,0,0,12.02653890357667,0,0,0,0.0006491421372629702,-0.000139879688504152,0,0.000509262434206903,100.10684204101562,100.04012298583984,789.1021118164062,789.0496215820312,789.0496215820312,549.0733642578125,0,0,26.24456787109375,0.0010999999940395355,0.02200000174343586,0.03299999609589577,0.04399999603629112,5655.8173828125,114276.53125,0.0429663360118866,0,3.1392715754918754e-05,8.193642616271973,0,0.0002616529818624258,2.8350639695418067e-05,0,0,23.700000762939453,0,0,1600,0,50,0,0,0,50,50,1400,0.0,0.0,0.0,0.0
5,158.14385986328125,309.0853576660156,326.11981201171875,326.0791320800781,292.11376953125,292.1544189453125,16515.818359375,33031.63671875,69.02202606201172,69.02157592773438,1791.03271484375,3580.339111328125,1793.6082763671875,3577.220458984375,284.5180969238281,61.914398193359375,3.431462801017915e-06,0,0,2574.81787109375,1291.7412109375,0,25.94952392578125,2706.713623046875,11.829654693603516,11.830723762512207,907.7184448242188,1810.8731689453125,50.020538330078125,49.97719955444336,100,0,0,346.3487854003906,0,7.924896240234375,20.228984832763672,20.26963996887207,0,1.034000039100647,0.9067617654800415,50,2.799999952316284,2.298543930053711,0,0,0,0,14.875310042682191,0,0,0,0.0007506707916036248,-0.000236387801123783,0,0.0005142830195836723,100.13455200195312,100.0633544921875,789.2088623046875,789.15283203125,789.15283203125,549.120849609375,0,0,25.94952392578125,0.0010999999940395355,0.02200000174343586,0.03299999609589577,0.04399999603629112,5655.8173828125,114276.53125,0.0429663360118866,0,3.1392715754918754e-05,10.014452934265137,0,0.0002616529818624258,2.8350639695418067e-05,0,0,23.700000762939453,0,0,1600,0,50,0,0,0,50,50,1400,0.0,0.0,0.0,0.0
6,158.13685607910156,309.0794677734375,326.11041259765625,326.0693664550781,292.11065673828125,292.1517028808594,16515.818359375,33031.63671875,69.02142333984375,69.02098083496094,1791.16845703125,3580.494140625,1793.6085205078125,3577.220458984375,284.5128173828125,61.90106964111328,4.815707143279724e-06,0,0,2574.84130859375,1291.7330322265625,0,25.63262176513672,2707.36865234375,11.829522132873535,11.830801963806152,907.4852294921875,1810.4033203125,50.01410675048828,49.973289489746094,100,0,0,346.3447570800781,0,7.924896240234375,20.234342575073242,20.275371551513672,0,1.034000039100647,0.9067617654800415,50,2.799999952316284,2.297987937927246,0,0,0,0,17.14083083874259,0,0,0,0.0008316958555951715,-0.0003387929464224726,0,0.0004929028800688684,100.15327453613281,100.08756256103516,789.3141479492188,789.2623901367188,789.2623901367188,549.1723022460938,0,0,25.63262176513672,0.0010999999940395355,0.02200000174343586,0.03299999609589577,0.04399999603629112,5655.8173828125,114276.53125,0.0429663360118866,0,3.1392715754918754e-05,11.8352632522583,0,0.0002616529818624258,2.8350639695418067e-05,0,0,23.700000762939453,0,0,1600,0,50,0,0,0,50,50,1400,0.0,0.0,0.0,0.0
7,158.1314697265625,309.07476806640625,326.1015319824219,326.0601806640625,292.1075134277344,292.1488037109375,16515.818359375,33031.63671875,69.02022552490234,69.0197982788086,1791.297607421875,3580.640380859375,1793.6058349609375,3577.223388671875,284.5086669921875,61.89055633544922,-1.0814515007950831e-06,0,0,2574.860107421875,1291.7235107421875,0,25.34718894958496,2707.973876953125,11.829383850097656,11.830870628356934,907.3279418945312,1810.0845947265625,50.00794982910156,49.96964645385742,100,0,0,346.3415832519531,0,7.924896240234375,20.24007225036621,20.28140640258789,0,1.034000039100647,0.9067617654800415,50,2.799999952316284,2.2974743843078613,0,0,0,0,18.905045080964058,0,0,0,0.0008959497790783644,-0.0004342865140642971,0,0.0004616632650140673,100.17232513427734,100.10993957519531,789.4136352539062,789.364501953125,789.364501953125,549.220703125,0,0,25.34718894958496,0.0010999999940395355,0.02200000174343586,0.03299999609589577,0.04399999603629112,5655.8173828125,114276.53125,0.0429663360118866,0,3.1392715754918754e-05,13.656073570251465,0,0.0002616529818624258,2.8350639695418067e-05,0,0,23.700000762939453,0,0,1600,0,50,0,0,0,50,50,1400,0.0,0.0,0.0,0.0
8,158.12738037109375,309.07110595703125,326.0933837890625,326.0517883300781,292.1043701171875,292.1459045410156,16515.818359375,33031.63671875,69.01864624023438,69.01821899414062,1791.423583984375,3580.779296875,1793.6019287109375,3577.226806640625,284.50543212890625,61.88237762451172,-2.381111016802606e-06,0,0,2574.873779296875,1291.7132568359375,0,25.105745315551758,2708.543701171875,11.829244613647461,11.830934524536133,907.2314453125,1809.8843994140625,50.00206756591797,49.9661979675293,100,0,0,346.3392028808594,0,7.924896240234375,20.24580192565918,20.28740882873535,0,1.034000039100647,0.9067617654800415,50,2.799999952316284,2.2969908714294434,0,0,0,0,20.249896558552784,0,0,0,0.0009462308371439576,-0.0005248975940048695,0,0.0004213332722429186,100.18997955322266,100.1310043334961,789.5078735351562,789.46142578125,789.46142578125,549.26708984375,0,0,25.105745315551758,0.0010999999940395355,0.02200000174343586,0.03299999609589577,0.04399999603629112,5655.8173828125,114276.53125,0.0429663360118866,0,3.1392715754918754e-05,15.476883888244629,0,0.0002616529818624258,2.8350639695418067e-05,0,0,23.700000762939453,0,0,1600,0,50,0,0,0,50,50,1400,0.0,0.0,0.0,0.0
9,158.1243438720703,309.0682678222656,326.0861511230469,326.0443115234375,292.1011962890625,292.1429748535156,16515.818359375,33031.63671875,69.01683044433594,69.01641082763672,1791.544921875,3580.90673828125,1793.6025390625,3577.226806640625,284.5029296875,61.876094818115234,-2.0847546693403274e-06,0,0,2574.884765625,1291.70263671875,0,24.907352447509766,2709.07666015625,11.829107284545898,11.830998420715332,907.1778564453125,1809.772216796875,49.996498107910156,49.9630126953125,100,0,0,346.3373718261719,0,7.924896240234375,20.25119400024414,20.29303741455078,0,1.034000039100647,0.9067617654800415,50,2.799999952316284,2.296539068222046,0,0,0,0,21.26214845519928,0,0,0,0.0009853356750681996,-0.0006102457991801202,0,0.00037508984678424895,100.20549011230469,100.15071105957031,789.5958251953125,789.5526733398438,789.5526733398438,549.3111572265625,0,0,24.907352447509766,0.0010999999940395355,0.02200000174343586,0.03299999609589577,0.04399999603629112,5655.8173828125,114276.53125,0.0429663360118866,0,3.1392715754918754e-05,17.297693252563477,0,0.0002616529818624258,2.8350639695418067e-05,0,0,23.700000762939453,0,0,1600,0,50,0,0,0,50,50,1400,0.0,0.0,0.0,0.0
10,158.12217712402344,309.0660705566406,326.0798034667969,326.03778076171875,292.0981140136719,292.1401062011719,16515.818359375,33031.63671875,69.01490020751953,69.01448822021484,1791.659912109375,3581.02392578125,1793.60009765625,3577.22900390625,284.5010681152344,61.8713493347168,-1.6284378716591164e-06,0,0,2574.892333984375,1291.692138671875,0,24.745481491088867,2709.56640625,11.828972816467285,11.831059455871582,907.1583251953125,1809.727783203125,49.991302490234375,49.960113525390625,100,0,0,346.3360290527344,0,7.924896240234375,20.25624656677246,20.298259735107422,0,1.034000039100647,0.9067617654800415,50,2.799999952316284,2.29612398147583,0,0,0,0,21.999647587688152,0,0,0,0.0010155936470255256,-0.0006891262601129711,0,0.0003264673869125545,100.21862030029297,100.16881561279297,789.67626953125,789.6370849609375,789.6370849609375,549.3521118164062,0,0,24.745481491088867,0.0010999999940395355,0.02200000174343586,0.03299999609589577,0.04399999603629112,5655.8173828125,114276.53125,0.0429663360118866,0,3.1392715754918754e-05,19.118501663208008,0,0.0002616529818624258,2.8350639695418067e-05,0,0,23.700000762939453,0,0,1600,0,50,0,0,0,50,50,1400,0.0,0.0,0.0,0.0
11,158.1206817626953,309.0643615722656,326.0743713378906,326.0321960449219,292.09515380859375,292.1373291015625,16515.818359375,33031.63671875,69.012939453125,69.01253509521484,1791.7679443359375,3581.126708984375,1793.602294921875,3577.2265625,284.4996337890625,61.8678092956543,1.618838609829254e-06,0,0,2574.897705078125,1291.6817626953125,0,24.618745803833008,2710.007568359375,11.828842163085938,11.831123352050781,907.1637573242188,1809.730712890625,49.986515045166016,49.95759963989258,100,0,0,346.3351135253906,0,7.924896240234375,20.26075553894043,20.30293846130371,0,1.034000039100647,0.9067617654800415,50,2.799999952316284,2.295750141143799,0,0,0,0,22.5202367490975,0,0,0,0.0010388680966570973,-0.0007604610873386264,0,0.00027840700931847095,100.22942352294922,100.18511962890625,789.7482299804688,789.71337890625,789.71337890625,549.3892822265625,0,0,24.618745803833008,0.0010999999940395355,0.02200000174343586,0.03299999609589577,0.04399999603629112,5655.8173828125,114276.53125,0.0429663360118866,0,3.1392715754918754e-05,20.93931007385254,0,0.0002616529818624258,2.8350639695418067e-05,0,0,23.700000762939453,0,0,1600,0,50,0,0,0,50,50,1400,0.0,0.0,0.0,0.0
12,158.11972045898438,309.0630798339844,326.06976318359375,326.0274353027344,292.0923156738281,292.1346435546875,16515.818359375,33031.63671875,69.01101684570312,69.0106201171875,1791.867431640625,3581.213623046875,1793.5997314453125,3577.229248046875,284.4986572265625,61.86525344848633,-4.769905899593141e-06,0,0,2574.9013671875,1291.672119140625,0,24.512039184570312,2710.396240234375,11.828718185424805,11.831191062927246,907.1852416992188,1809.7684326171875,49.982173919677734,49.95551681518555,100,0,0,346.3345031738281,0,7.924896240234375,20.26475715637207,20.30707550048828,0,1.034000039100647,0.9067617654800415,50,2.799999952316284,2.2954208850860596,0,0,0,0,22.867295519419308,0,0,0,0.0010565560078248382,-0.0008235527784563601,0,0.00023300322936847806,100.23812103271484,100.19949340820312,789.8112182617188,789.7808227539062,789.7808227539062,549.4223022460938,0,0,24.512039184570312,0.0010999999940395355,0.02200000174343586,0.03299999609589577,0.04399999603629112,5655.8173828125,114276.53125,0.0429663360118866,0,3.1392715754918754e-05,22.76011848449707,0,0.0002616529818624258,2.8350639695418067e-05,0,0,23.700000762939453,0,0,1600,0,50,0,0,0,50,50,1400,0.0,0.0,0.0,0.0
13,158.11917114257812,309.06207275390625,326.06591796875,326.0234680175781,292.08966064453125,292.1321105957031,16515.818359375,33031.63671875,69.0091552734375,69.00877380371094,1791.9581298828125,3581.2841796875,1793.596923828125,3577.232177734375,284.4979248046875,61.86344528198242,-3.638477892309311e-06,0,0,2574.9033203125,1291.6629638671875,0,24.431640625,2710.733154296875,11.828598976135254,11.83126163482666,907.2150268554688,1809.8231201171875,49.97824478149414,49.95388412475586,100,0,0,346.3341064453125,0,7.924896240234375,20.2681827545166,20.310636520385742,0,1.034000039100647,0.9067617654800415,50,2.799999952316284,2.295135736465454,0,0,0,0,23.079385090087893,0,0,0,0.0010705199092626572,-0.0008783379453234375,0,0.0001921819639392197,100.24501037597656,100.21194458007812,789.865478515625,789.8394165039062,789.8394165039062,549.4509887695312,0,0,24.431640625,0.0010999999940395355,0.02200000174343586,0.03299999609589577,0.04399999603629112,5655.8173828125,114276.53125,0.0429663360118866,0,3.1392715754918754e-05,24.5809268951416,0,0.0002616529818624258,2.8350639695418067e-05,0,0,23.700000762939453,0,0,1600,0,50,0,0,0,50,50,1400,0.0,0.0,0.0,0.0
14,158.11892700195312,309.0613098144531,326.0627746582031,326.02020263671875,292.0871276855469,292.12969970703125,16515.818359375,33031.63671875,69.00740051269531,69.00701904296875,1792.0416259765625,3581.340087890625,1793.594482421875,3577.234375,284.4974365234375,61.862213134765625,1.392430704072467e-07,0,0,2574.904541015625,1291.65478515625,0,24.36751365661621,2711.02001953125,11.828486442565918,11.831335067749023,907.252197265625,1809.8919677734375,49.974788665771484,49.9526252746582,100,0,0,346.33392333984375,0,7.924896240234375,20.27116584777832,20.313720703125,0,1.034000039100647,0.9067617654800415,50,2.799999952316284,2.2948927879333496,0,0,0,0,23.190252287686388,0,0,0,0.0010807598009705544,-0.0009250701405107975,0,0.00015568960225209594,100.2503890991211,100.22254943847656,789.9113159179688,789.889404296875,789.889404296875,549.4755249023438,0,0,24.36751365661621,0.0010999999940395355,0.02200000174343586,0.03299999609589577,0.04399999603629112,5655.8173828125,114276.53125,0.0429663360118866,0,3.1392715754918754e-05,26.401735305786133,0,0.0002616529818624258,2.8350639695418067e-05,0,0,23.700000762939453,0,0,1600,0,50,0,0,0,50,50,1400,0.0,0.0,0.0,0.0
15,158.1189422607422,309.0610046386719,326.0602722167969,326.0176086425781,292.0848388671875,292.12744140625,16515.818359375,33031.63671875,69.0057601928711,69.00538635253906,1792.1170654296875,3581.380615234375,1793.594482421875,3577.234130859375,284.49713134765625,61.861427307128906,-2.5552719762345077e-06,0,0,2574.90478515625,1291.6485595703125,0,24.318965911865234,2711.259765625,11.82837963104248,11.831412315368652,907.2939453125,1809.970458984375,49.97172927856445,49.9517707824707,100,0,0,346.3338623046875,0,7.924896240234375,20.27360725402832,20.316265106201172,0,1.034000039100647,0.9067617654800415,50,2.799999952316284,2.294689893722534,0,0,0,0,23.21435227788786,0,0,0,0.0010849488899111748,-0.0009642567601986229,0,0.0001206921151606366,100.25447845458984,100.23141479492188,789.9495239257812,789.9313354492188,789.9313354492188,549.4961547851562,0,0,24.318965911865234,0.0010999999940395355,0.02200000174343586,0.03299999609589577,0.04399999603629112,5655.8173828125,114276.53125,0.0429663360118866,0,3.1392715754918754e-05,28.222543716430664,0,0.0002616529818624258,2.8350639695418067e-05,0,0,23.700000762939453,0,0,1600,0,50,0,0,0,50,50,1400,0.0,0.0,0.0,0.0
16,158.11907958984375,309.060546875,326.0583190917969,326.01556396484375,292.0826416015625,292.1253967285156,16515.818359375,33031.63671875,69.00426483154297,69.00389862060547,1792.1856689453125,3581.408203125,1793.5921630859375,3577.23681640625,284.4969177246094,61.86094284057617,-1.8931135628008633e-06,0,0,2574.904541015625,1291.6400146484375,0,24.283737182617188,2711.455810546875,11.828279495239258,11.831491470336914,907.3455810546875,1810.068115234375,49.969112396240234,49.95124816894531,100,0,0,346.3338928222656,0,7.924896240234375,20.27557373046875,20.31833267211914,0,1.034000039100647,0.9067617654800415,50,2.799999952316284,2.2945239543914795,0,0,0,0,23.195072688097337,0,0,0,0.0010914650047197938,-0.0009965318022295833,0,9.493321704212576e-05,100.25725555419922,100.23866271972656,789.98046875,789.9658203125,789.9658203125,549.5133056640625,0,0,24.283737182617188,0.0010999999940395355,0.02200000174343586,0.03299999609589577,0.04399999603629112,5655.8173828125,114276.53125,0.0429663360118866,0,3.1392715754918754e-05,30.043352127075195,0,0.0002616529818624258,2.8350639695418067e-05,0,0,23.700000762939453,0,0,1600,0,50,0,0,0,50,50,1400,0.0,0.0,0.0,0.0
17,158.1193084716797,309.0600891113281,326.0567932128906,326.0139465332031,292.0805969238281,292.1234436035156,16515.818359375,33031.63671875,69.00289154052734,69.00252532958984,1792.248291015625,3581.4228515625,1793.5927734375,3577.236572265625,284.4967956542969,61.860633850097656,4.223932137392694e-06,0,0,2574.904296875,1291.63330078125,0,24.26100730895996,2711.614990234375,11.828185081481934,11.831573486328125,907.3829956054688,1810.1373291015625,49.96683120727539,49.9510383605957,100,0,0,346.3340148925781,0,7.924896240234375,20.277202606201172,20.3200626373291,0,1.034000039100647,0.9067617654800415,50,2.799999952316284,2.294389247894287,0,0,0,0,23.14204828357693,0,0,0,0.0010975156910717487,-0.001022465992718935,0,7.504970562877133e-05,100.25942993164062,100.24454498291016,790.0053100585938,789.9935913085938,789.9935913085938,549.5269165039062,0,0,24.26100730895996,0.0010999999940395355,0.02200000174343586,0.03299999609589577,0.04399999603629112,5655.8173828125,114276.53125,0.0429663360118866,0,3.1392715754918754e-05,31.864160537719727,0,0.0002616529818624258,2.8350639695418067e-05,0,0,23.700000762939453,0,0,1600,0,50,0,0,0,50,50,1400,0.0,0.0,0.0,0.0
18,158.1195831298828,309.0596923828125,326.05560302734375,326.0126647949219,292.0787048339844,292.12164306640625,16515.818359375,33031.63671875,69.0016098022461,69.00125885009766,1792.3056640625,3581.42822265625,1793.5919189453125,3577.2373046875,284.4967346191406,61.860443115234375,-3.554986278686556e-06,0,0,2574.9033203125,1291.626953125,0,24.24717140197754,2711.7421875,11.828094482421875,11.831658363342285,907.4201049804688,1810.20361328125,49.96481704711914,49.95109558105469,100,0,0,346.3341369628906,0,7.924896240234375,20.27852439880371,20.32148551940918,0,1.034000039100647,0.9067617654800415,50,2.799999952316284,2.294281482696533,0,0,0,0,23.06974630111926,0,0,0,0.0011031009489670396,-0.0010432007256895304,0,5.9900259657297283e-05,100.26115417480469,100.24925231933594,790.0250854492188,790.0157470703125,790.0157470703125,549.537841796875,0,0,24.24717140197754,0.0010999999940395355,0.02200000174343586,0.03299999609589577,0.04399999603629112,5655.8173828125,114276.53125,0.0429663360118866,0,3.1392715754918754e-05,33.68497085571289,0,0.0002616529818624258,2.8350639695418067e-05,0,0,23.700000762939453,0,0,1600,0,50,0,0,0,50,50,1400,0.0,0.0,0.0,0.0
19,158.11988830566406,309.059326171875,326.0547180175781,326.0116882324219,292.076904296875,292.11993408203125,16515.818359375,33031.63671875,69.00042724609375,69.00008392333984,1792.35888671875,3581.42529296875,1793.59228515625,3577.236572265625,284.4966735839844,61.8603401184082,2.0292739009164507e-06,0,0,2574.902099609375,1291.6214599609375,0,24.235614776611328,2711.8447265625,11.828009605407715,11.831744194030762,907.451904296875,1810.2618408203125,49.963069915771484,49.95134735107422,100,0,0,346.3342590332031,0,7.924896240234375,20.279541015625,20.32257080078125,0,1.034000039100647,0.9067617654800415,50,2.799999952316284,2.2941949367523193,0,0,0,0,22.982981105575494,0,0,0,0.0011082206619903445,-0.001059813774190843,0,4.840689871343784e-05,100.2625961303711,100.25303649902344,790.0410766601562,790.0335083007812,790.0335083007812,549.5465087890625,0,0,24.235614776611328,0.0010999999940395355,0.02200000174343586,0.03299999609589577,0.04399999603629112,5655.8173828125,114276.53125,0.0429663360118866,0,3.1392715754918754e-05,35.50577926635742,0,0.0002616529818624258,2.8350639695418067e-05,0,0,23.700000762939453,0,0,1600,0,50,0,0,0,50,50,1400,0.0,0.0,0.0,0.0
20,158.12022399902344,309.0589904785156,326.0540466308594,326.01092529296875,292.0752258300781,292.1183776855469,16515.818359375,33031.63671875,68.99934387207031,68.9990005493164,1792.407470703125,3581.417236328125,1793.59130859375,3577.237548828125,284.49664306640625,61.86027526855469,2.7878768378286622e-06,0,0,2574.9013671875,1291.615966796875,0,24.23326873779297,2711.92724609375,11.827929496765137,11.831831932067871,907.4834594726562,1810.3172607421875,49.961490631103516,49.95177459716797,100,0,0,346.3344421386719,0,7.924896240234375,20.2803897857666,20.32352066040039,0,1.034000039100647,0.9067617654800415,50,2.799999952316284,2.2941250801086426,0,0,0,0,22.89139550962078,0,0,0,0.0011128750629723072,-0.0010731930378824472,0,3.968200326198712e-05,100.2637939453125,100.25608825683594,790.0538940429688,790.0478515625,790.0478515625,549.5535278320312,0,0,24.23326873779297,0.0010999999940395355,0.02200000174343586,0.03299999609589577,0.04399999603629112,5655.8173828125,114276.53125,0.0429663360118866,0,3.1392715754918754e-05,37.32658767700195,0,0.0002616529818624258,2.8350639695418067e-05,0,0,23.700000762939453,0,0,1600,0,50,0,0,0,50,50,1400,0.0,0.0,0.0,0.0
21,158.1205596923828,309.05865478515625,326.0534973144531,326.01031494140625,292.0736999511719,292.1169128417969,16515.818359375,33031.63671875,68.99833679199219,68.99800109863281,1792.4534912109375,3581.404296875,1793.5885009765625,3577.239990234375,284.49664306640625,61.8602294921875,-4.184216322755674e-06,0,0,2574.900390625,1291.611083984375,0,24.22942352294922,2711.994140625,11.827853202819824,11.83191967010498,907.5110473632812,1810.3673095703125,49.96006393432617,49.95233154296875,100,0,0,346.3346252441406,0,7.924896240234375,20.28110122680664,20.32430076599121,0,1.034000039100647,0.9067617654800415,50,2.799999952316284,2.2940683364868164,0,0,0,0,22.79499152510838,0,0,0,0.0011175292311236262,-0.0010839723981916904,0,3.3556785638211295e-05,100.26485443115234,100.2585678100586,790.0643310546875,790.0593872070312,790.0593872070312,549.55908203125,0,0,24.22942352294922,0.0010999999940395355,0.02200000174343586,0.03299999609589577,0.04399999603629112,5655.8173828125,114276.53125,0.0429663360118866,0,3.1392715754918754e-05,39.147396087646484,0,0.0002616529818624258,2.8350639695418067e-05,0,0,23.700000762939453,0,0,1600,0,50,0,0,0,50,50,1400,0.0,0.0,0.0,0.0
22,158.12088012695312,309.0582580566406,326.0531311035156,326.0098571777344,292.0722961425781,292.11553955078125,16515.818359375,33031.63671875,68.99739837646484,68.9970703125,1792.49853515625,3581.385498046875,1793.5889892578125,3577.239990234375,284.49664306640625,61.86017990112305,-1.1015822565241251e-06,0,0,2574.8994140625,1291.6060791015625,0,24.228239059448242,2712.049560546875,11.827778816223145,11.832011222839355,907.5360107421875,1810.4119873046875,49.95878219604492,49.95298385620117,100,0,0,346.33477783203125,0,7.924896240234375,20.281644821166992,20.32491111755371,0,1.034000039100647,0.9067617654800415,50,2.799999952316284,2.2940216064453125,0,0,0,0,22.69858552874272,0,0,0,0.0011226488277316093,-0.0010928497649729252,0,2.9799086405546404e-05,100.26585388183594,100.26061248779297,790.072998046875,790.06884765625,790.06884765625,549.5636596679688,0,0,24.228239059448242,0.0010999999940395355,0.02200000174343586,0.03299999609589577,0.04399999603629112,5655.8173828125,114276.53125,0.0429663360118866,0,3.1392715754918754e-05,40.968204498291016,0,0.0002616529818624258,2.8350639695418067e-05,0,0,23.700000762939453,0,0,1600,0,50,0,0,0,50,50,1400,0.0,0.0,0.0,0.0
23,158.12118530273438,309.057861328125,326.0528259277344,326.0094909667969,292.0709228515625,292.1142578125,16515.818359375,33031.63671875,68.99652862548828,68.99620056152344,1792.540771484375,3581.365234375,1793.5877685546875,3577.24169921875,284.4966125488281,61.860107421875,-1.5049948842715821e-06,0,0,2574.8984375,1291.601806640625,0,24.23250961303711,2712.0966796875,11.82770824432373,11.832099914550781,907.5546264648438,1810.446533203125,49.95760726928711,49.95369338989258,100,0,0,346.3349609375,0,7.924896240234375,20.28211784362793,20.32545280456543,0,1.034000039100647,0.9067617654800415,50,2.799999952316284,2.2939817905426025,0,0,0,0,22.611820333198953,0,0,0,0.0011282337363809347,-0.0011002685641869903,0,2.7965183107880875e-05,100.2668685913086,100.2623519897461,790.080322265625,790.0767822265625,790.0767822265625,549.5673828125,0,0,24.23250961303711,0.0010999999940395355,0.02200000174343586,0.03299999609589577,0.04399999603629112,5655.8173828125,114276.53125,0.0429663360118866,0,3.1392715754918754e-05,42.78901290893555,0,0.0002616529818624258,2.8350639695418067e-05,0,0,23.700000762939453,0,0,1600,0,50,0,0,0,50,50,1400,0.0,0.0,0.0,0.0
24,158.12149047851562,309.0574645996094,326.0525817871094,326.0091857910156,292.0696716308594,292.1130676269531,16515.818359375,33031.63671875,68.99569702148438,68.9953842163086,1792.5816650390625,3581.3408203125,1793.5867919921875,3577.242431640625,284.49658203125,61.86001968383789,-4.2324381865910254e-06,0,0,2574.897705078125,1291.5972900390625,0,24.235502243041992,2712.137451171875,11.827642440795898,11.832192420959473,907.5731201171875,1810.475830078125,49.9565315246582,49.9544677734375,100,0,0,346.3351135253906,0,7.924896240234375,20.28252601623535,20.325927734375,0,1.034000039100647,0.9067617654800415,50,2.799999952316284,2.293947219848633,0,0,0,0,22.525057149508445,0,0,0,0.001133818761445582,-0.0011066728038713336,0,2.7145875719725154e-05,100.2679214477539,100.26386260986328,790.0868530273438,790.0836181640625,790.0836181640625,549.5706787109375,0,0,24.235502243041992,0.0010999999940395355,0.02200000174343586,0.03299999609589577,0.04399999603629112,5655.8173828125,114276.53125,0.0429663360118866,0,3.1392715754918754e-05,44.60982131958008,0,0.0002616529818624258,2.8350639695418067e-05,0,0,23.700000762939453,0,0,1600,0,50,0,0,0,50,50,1400,0.0,0.0,0.0,0.0
25,158.1217803955078,309.0570373535156,326.05242919921875,326.0090026855469,292.0684509277344,292.11187744140625,16515.818359375,33031.63671875,68.99491882324219,68.9946060180664,1792.6217041015625,3581.3173828125,1793.58349609375,3577.2451171875,284.49652099609375,61.85992431640625,2.5138372166111367e-06,0,0,2574.896728515625,1291.5931396484375,0,24.23583984375,2712.175048828125,11.8275785446167,11.832282066345215,907.5888061523438,1810.5025634765625,49.95547103881836,49.955257415771484,100,0,0,346.33526611328125,0,7.924896240234375,20.2828311920166,20.32626724243164,0,1.034000039100647,0.9067617654800415,50,2.799999952316284,2.2939155101776123,0,0,0,0,22.438291953964676,0,0,0,0.0011394036700949073,-0.0011125064920634031,0,2.6897188945440575e-05,100.26902770996094,100.26525115966797,790.0928344726562,790.0899047851562,790.0899047851562,549.5736083984375,0,0,24.23583984375,0.0010999999940395355,0.02200000174343586,0.03299999609589577,0.04399999603629112,5655.8173828125,114276.53125,0.0429663360118866,0,3.1392715754918754e-05,46.43062973022461,0,0.0002616529818624258,2.8350639695418067e-05,0,0,23.700000762939453,0,0,1600,0,50,0,0,0,50,50,1400,0.0,0.0,0.0,0.0
26,158.12203979492188,309.056640625,326.0522766113281,326.0087890625,292.0672912597656,292.1108093261719,16515.818359375,33031.63671875,68.99417877197266,68.9938735961914,1792.6612548828125,3581.29150390625,1793.583984375,3577.244873046875,284.4964599609375,61.859798431396484,4.612051270669326e-06,0,0,2574.89599609375,1291.58935546875,0,24.238924026489258,2712.21044921875,11.827516555786133,11.83237361907959,907.6034545898438,1810.5264892578125,49.95448303222656,49.95607376098633,100,0,0,346.33538818359375,0,7.924896240234375,20.28310203552246,20.32660675048828,0,1.034000039100647,0.9067617654800415,50,2.799999952316284,2.2938854694366455,0,0,0,0,22.3611675592428,0,0,0,0.0011449884623289108,-0.001118023064918816,0,2.696544470381923e-05,100.27018737792969,100.26656341552734,790.0986328125,790.0957641601562,790.0957641601562,549.5762939453125,0,0,24.238924026489258,0.0010999999940395355,0.02200000174343586,0.03299999609589577,0.04399999603629112,5655.8173828125,114276.53125,0.0429663360118866,0,3.1392715754918754e-05,48.25143814086914,0,0.0002616529818624258,2.8350639695418067e-05,0,0,23.700000762939453,0,0,1600,0,50,0,0,0,50,50,1400,0.0,0.0,0.0,0.0
27,158.122314453125,309.0562438964844,326.0521545410156,326.0085754394531,292.0662536621094,292.1098327636719,16515.818359375,33031.63671875,68.99346923828125,68.99317932128906,1792.699462890625,3581.265380859375,1793.582763671875,3577.24609375,284.4964294433594,61.85968017578125,-2.76345485872298e-06,0,0,2574.89501953125,1291.58544921875,0,24.23939323425293,2712.2451171875,11.827458381652832,11.832464218139648,907.6166381835938,1810.545654296875,49.95351791381836,49.9568977355957,100,0,0,346.3355407714844,0,7.924896240234375,20.28337287902832,20.326946258544922,0,1.034000039100647,0.9067617654800415,50,2.799999952316284,2.293856382369995,0,0,0,0,22.284043164520927,0,0,0,0.0011505732545629144,-0.001123349298723042,0,2.7223990400671028e-05,100.27137756347656,100.26783752441406,790.104248046875,790.1015014648438,790.1015014648438,549.5789184570312,0,0,24.23939323425293,0.0010999999940395355,0.02200000174343586,0.03299999609589577,0.04399999603629112,5655.8173828125,114276.53125,0.0429663360118866,0,3.1392715754918754e-05,50.07224655151367,0,0.0002616529818624258,2.8350639695418067e-05,0,0,23.700000762939453,0,0,1600,0,50,0,0,0,50,50,1400,0.0,0.0,0.0,0.0
28,158.12258911132812,309.0558166503906,326.0520935058594,326.0084533691406,292.0651550292969,292.1087951660156,16515.818359375,33031.63671875,68.9927978515625,68.99250793457031,1792.7371826171875,3581.239501953125,1793.5799560546875,3577.249267578125,284.4963684082031,61.859554290771484,-6.652411457253038e-07,0,0,2574.894287109375,1291.581787109375,0,24.239839553833008,2712.278564453125,11.82740306854248,11.832554817199707,907.6286010742188,1810.564697265625,49.95260238647461,49.95772171020508,100,0,0,346.3356628417969,0,7.924896240234375,20.28357696533203,20.32721710205078,0,1.034000039100647,0.9067617654800415,50,2.799999952316284,2.293827772140503,0,0,0,0,22.20691876979905,0,0,0,0.001156158046796918,-0.0011285487562417984,0,2.760931420198176e-05,100.2726058959961,100.26908111572266,790.1098022460938,790.1070556640625,790.1070556640625,549.58154296875,0,0,24.239839553833008,0.0010999999940395355,0.02200000174343586,0.03299999609589577,0.04399999603629112,5655.8173828125,114276.53125,0.0429663360118866,0,3.1392715754918754e-05,51.8930549621582,0,0.0002616529818624258,2.8350639695418067e-05,0,0,23.700000762939453,0,0,1600,0,50,0,0,0,50,50,1400,0.0,0.0,0.0,0.0
29,158.1228485107422,309.055419921875,326.0520324707031,326.00830078125,292.06414794921875,292.10784912109375,16515.818359375,33031.63671875,68.99214935302734,68.99186706542969,1792.7747802734375,3581.212890625,1793.580322265625,3577.248779296875,284.496337890625,61.85942840576172,1.4329724535855348e-06,0,0,2574.893310546875,1291.5782470703125,0,24.24167251586914,2712.312255859375,11.827349662780762,11.83264446258545,907.6393432617188,1810.5810546875,49.95172882080078,49.958526611328125,100,0,0,346.3357849121094,0,7.924896240234375,20.283781051635742,20.32748794555664,0,1.034000039100647,0.9067617654800415,50,2.799999952316284,2.29379940032959,0,0,0,0,22.129796386930433,0,0,0,0.0011617428390309215,-0.0011337484465911984,0,2.7994381525786594e-05,100.27385711669922,100.27032470703125,790.1153564453125,790.1126098632812,790.1126098632812,549.5841064453125,0,0,24.24167251586914,0.0010999999940395355,0.02200000174343586,0.03299999609589577,0.04399999603629112,5655.8173828125,114276.53125,0.0429663360118866,0,3.1392715754918754e-05,53.713863372802734,0,0.0002616529818624258,2.8350639695418067e-05,0,0,23.700000762939453,0,0,1600,0,50,0,0,0,50,50,1400,0.0,0.0,0.0,0.0
30,158.1231231689453,309.0550231933594,326.05194091796875,326.0081787109375,292.0632019042969,292.1069641113281,16515.818359375,33031.63671875,68.99153137207031,68.99124908447266,1792.8118896484375,3581.18603515625,1793.5802001953125,3577.248779296875,284.4963073730469,61.85932159423828,-4.1995099309133366e-06,0,0,2574.892578125,1291.5751953125,0,24.24077796936035,2712.345947265625,11.82729721069336,11.832735061645508,907.6486206054688,1810.594970703125,49.95083236694336,49.959354400634766,100,0,0,346.3359680175781,0,7.924896240234375,20.28401756286621,20.32779312133789,0,1.034000039100647,0.9067617654800415,50,2.799999952316284,2.2937710285186768,0,0,0,0,22.05267199220856,0,0,0,0.0011673273984342813,-0.0011389479041099548,0,2.8379447030602023e-05,100.27513122558594,100.27156829833984,790.1209106445312,790.1181640625,790.1181640625,549.586669921875,0,0,24.24077796936035,0.0010999999940395355,0.02200000174343586,0.03299999609589577,0.04399999603629112,5655.8173828125,114276.53125,0.0429663360118866,0,3.1392715754918754e-05,55.534671783447266,0,0.0002616529818624258,2.8350639695418067e-05,0,0,23.700000762939453,0,0,1600,0,50,0,0,0,50,50,1400,0.0,0.0,0.0,0.0
31,158.12342834472656,309.0545959472656,326.0518493652344,326.00799560546875,292.0622863769531,292.10614013671875,16515.818359375,33031.63671875,68.99092864990234,68.99066162109375,1792.84814453125,3581.158203125,1793.5775146484375,3577.251708984375,284.4962463378906,61.859214782714844,8.037425232032547e-07,0,0,2574.89208984375,1291.571533203125,0,24.241182327270508,2712.3798828125,11.827249526977539,11.832825660705566,907.65673828125,1810.6060791015625,49.95002365112305,49.960166931152344,100,0,0,346.3360900878906,0,7.924896240234375,20.28425407409668,20.32809829711914,0,1.034000039100647,0.9067617654800415,50,2.799999952316284,2.2937421798706055,0,0,0,0,21.97072719707574,0,0,0,0.001172912074252963,-0.001144210807979107,0,2.8701255359919742e-05,100.27642059326172,100.2728271484375,790.1266479492188,790.123779296875,790.123779296875,549.5892944335938,0,0,24.241182327270508,0.0010999999940395355,0.02200000174343586,0.03299999609589577,0.04399999603629112,5655.8173828125,114276.53125,0.0429663360118866,0,3.1392715754918754e-05,57.3554801940918,0,0.0002616529818624258,2.8350639695418067e-05,0,0,23.700000762939453,0,0,1600,0,50,0,0,0,50,50,1400,0.0,0.0,0.0,0.0
32,158.1237335205078,309.0542297363281,326.0517272949219,326.0078430175781,292.0614318847656,292.1053466796875,16515.818359375,33031.63671875,68.99034881591797,68.99008178710938,1792.8843994140625,3581.131103515625,1793.577392578125,3577.251708984375,284.4962158203125,61.8591423034668,4.0032995229921653e-07,0,0,2574.890869140625,1291.568603515625,0,24.236129760742188,2712.41455078125,11.827201843261719,11.832915306091309,907.6646728515625,1810.61767578125,49.94917678833008,49.96097946166992,100,0,0,346.33624267578125,0,7.924896240234375,20.284526824951172,20.32840347290039,0,1.034000039100647,0.9067617654800415,50,2.799999952316284,2.293713092803955,0,0,0,0,21.88396200153197,0,0,0,0.001178031088784337,-0.0011495371581986547,0,2.8493930585682392e-05,100.27772521972656,100.27410125732422,790.13232421875,790.1294555664062,790.1294555664062,549.5919799804688,0,0,24.236129760742188,0.0010999999940395355,0.02200000174343586,0.03299999609589577,0.04399999603629112,5655.8173828125,114276.53125,0.0429663360118866,0,3.1392715754918754e-05,59.17628860473633,0,0.0002616529818624258,2.8350639695418067e-05,0,0,23.700000762939453,0,0,1600,0,50,0,0,0,50,50,1400,0.0,0.0,0.0,0.0
33,158.12403869628906,309.05389404296875,326.0516052246094,326.0076599121094,292.0606689453125,292.10455322265625,16515.818359375,33031.63671875,68.98979187011719,68.98953247070312,1792.9208984375,3581.103271484375,1793.57958984375,3577.249267578125,284.4961853027344,61.85908508300781,2.320948397027678e-06,0,0,2574.89013671875,1291.5655517578125,0,24.235034942626953,2712.448486328125,11.827157974243164,11.833003997802734,907.675537109375,1810.63134765625,49.94844055175781,49.96174621582031,100,0,0,346.3363952636719,0,7.924896240234375,20.28479766845703,20.32874298095703,0,1.034000039100647,0.9067617654800415,50,2.799999952316284,2.293684244155884,0,0,0,0,21.797196805988204,0,0,0,0.0011826849076896906,-0.0011548633920028806,0,2.7821504772873595e-05,100.27897644042969,100.27536010742188,790.1380004882812,790.1351928710938,790.1351928710938,549.5946044921875,0,0,24.235034942626953,0.0010999999940395355,0.02200000174343586,0.03299999609589577,0.04399999603629112,5655.8173828125,114276.53125,0.0429663360118866,0,3.1392715754918754e-05,60.99709701538086,0,0.0002616529818624258,2.8350639695418067e-05,0,0,23.700000762939453,0,0,1600,0,50,0,0,0,50,50,1400,0.0,0.0,0.0,0.0
34,158.12437438964844,309.0535583496094,326.051513671875,326.0075378417969,292.0599060058594,292.1038513183594,16515.818359375,33031.63671875,68.9892578125,68.98899841308594,1792.95556640625,3581.07666015625,1793.5777587890625,3577.251220703125,284.4961853027344,61.859046936035156,-3.4891293125838274e-06,0,0,2574.888916015625,1291.562744140625,0,24.23253059387207,2712.482421875,11.827116012573242,11.833091735839844,907.6834106445312,1810.645263671875,49.94766616821289,49.962547302246094,100,0,0,346.3365783691406,0,7.924896240234375,20.28506851196289,20.32904815673828,0,1.034000039100647,0.9067617654800415,50,2.799999952316284,2.2936553955078125,0,0,0,0,21.70561322188675,0,0,0,0.0011873386101797223,-0.0011601898586377501,0,2.7148820663569495e-05,100.28016662597656,100.27661895751953,790.1436767578125,790.140869140625,790.140869140625,549.5972900390625,0,0,24.23253059387207,0.0010999999940395355,0.02200000174343586,0.03299999609589577,0.04399999603629112,5655.8173828125,114276.53125,0.0429663360118866,0,3.1392715754918754e-05,62.81790542602539,0,0.0002616529818624258,2.8350639695418067e-05,0,0,23.700000762939453,0,0,1600,0,50,0,0,0,50,50,1400,0.0,0.0,0.0,0.0
35,158.1247100830078,309.05322265625,326.0513610839844,326.00738525390625,292.0592041015625,292.1031799316406,16515.818359375,33031.63671875,68.98873901367188,68.98849487304688,1792.9908447265625,3581.0478515625,1793.5751953125,3577.25390625,284.4961853027344,61.85904312133789,-4.070137038070243e-06,0,0,2574.887939453125,1291.5595703125,0,24.228574752807617,2712.515869140625,11.827075004577637,11.833181381225586,907.6915893554688,1810.6563720703125,49.94696044921875,49.963340759277344,100,0,0,346.3367614746094,0,7.924896240234375,20.28537368774414,20.32935333251953,0,1.034000039100647,0.9067617654800415,50,2.799999952316284,2.2936272621154785,0,0,0,0,21.60920722552109,0,0,0,0.0011919924290850759,-0.0011653893161565065,0,2.6603043806971982e-05,100.28132629394531,100.27784729003906,790.149169921875,790.1464233398438,790.1464233398438,549.5999145507812,0,0,24.228574752807617,0.0010999999940395355,0.02200000174343586,0.03299999609589577,0.04399999603629112,5655.8173828125,114276.53125,0.0429663360118866,0,3.1392715754918754e-05,64.63871765136719,0,0.0002616529818624258,2.8350639695418067e-05,0,0,23.700000762939453,0,0,1600,0,50,0,0,0,50,50,1400,0.0,0.0,0.0,0.0
36,158.12506103515625,309.0528869628906,326.0513000488281,326.00726318359375,292.0584411621094,292.1025085449219,16515.818359375,33031.63671875,68.98824310302734,68.98799896240234,1793.024658203125,3581.02001953125,1793.5765380859375,3577.25244140625,284.4961853027344,61.859046936035156,-3.4891293125838274e-06,0,0,2574.886962890625,1291.55712890625,0,24.22995948791504,2712.548095703125,11.827037811279297,11.833269119262695,907.6994018554688,1810.6651611328125,49.946250915527344,49.96414566040039,100,0,0,346.3369140625,0,7.924896240234375,20.285612106323242,20.32965850830078,0,1.034000039100647,0.9067617654800415,50,2.799999952316284,2.293600082397461,0,0,0,0,21.51280324100869,0,0,0,0.0011966460151597857,-0.0011704619973897934,0,2.6183912268606946e-05,100.28246307373047,100.27904510498047,790.1546020507812,790.15185546875,790.15185546875,549.6024780273438,0,0,24.22995948791504,0.0010999999940395355,0.02200000174343586,0.03299999609589577,0.04399999603629112,5655.8173828125,114276.53125,0.0429663360118866,0,3.1392715754918754e-05,66.45953369140625,0,0.0002616529818624258,2.8350639695418067e-05,0,0,23.700000762939453,0,0,1600,0,50,0,0,0,50,50,1400,0.0,0.0,0.0,0.0
37,158.12542724609375,309.0525817871094,326.0512390136719,326.0071105957031,292.0577392578125,292.101806640625,16515.818359375,33031.63671875,68.98776245117188,68.9875259399414,1793.0582275390625,3580.990478515625,1793.5736083984375,3577.255615234375,284.4961853027344,61.85909652709961,4.063972028234275e-06,0,0,2574.8857421875,1291.554443359375,0,24.224483489990234,2712.580322265625,11.827001571655273,11.833356857299805,907.7061767578125,1810.6739501953125,49.94559097290039,49.964942932128906,100,0,0,346.3371276855469,0,7.924896240234375,20.2858829498291,20.329998016357422,0,1.034000039100647,0.9067617654800415,50,2.799999952316284,2.2935726642608643,0,0,0,0,21.406756443821138,0,0,0,0.0012008342891931534,-0.0011754713486880064,0,2.536294050514698e-05,100.28361511230469,100.28023529052734,790.1598510742188,790.1572265625,790.1572265625,549.60498046875,0,0,24.224483489990234,0.0010999999940395355,0.02200000174343586,0.03299999609589577,0.04399999603629112,5655.8173828125,114276.53125,0.0429663360118866,0,3.1392715754918754e-05,68.28034973144531,0,0.0002616529818624258,2.8350639695418067e-05,0,0,23.700000762939453,0,0,1600,0,50,0,0,0,50,50,1400,0.0,0.0,0.0,0.0
38,158.12579345703125,309.05230712890625,326.0511779785156,326.0069885253906,292.0570983886719,292.1011962890625,16515.818359375,33031.63671875,68.9873046875,68.98706817626953,1793.0909423828125,3580.9609375,1793.574951171875,3577.25439453125,284.4962158203125,61.859153747558594,2.1433531856018817e-06,0,0,2574.884765625,1291.5518798828125,0,24.222942352294922,2712.61181640625,11.8269681930542,11.833444595336914,907.7152099609375,1810.685302734375,49.94493103027344,49.965755462646484,100,0,0,346.3372802734375,0,7.924896240234375,20.28611946105957,20.330303192138672,0,1.034000039100647,0.9067617654800415,50,2.799999952316284,2.293546199798584,0,0,0,0,21.300711658486847,0,0,0,0.001204557134769857,-0.001180417137220502,0,2.413999754935503e-05,100.28466796875,100.2813949584961,790.1651000976562,790.1625366210938,790.1625366210938,549.6074829101562,0,0,24.222942352294922,0.0010999999940395355,0.02200000174343586,0.03299999609589577,0.04399999603629112,5655.8173828125,114276.53125,0.0429663360118866,0,3.1392715754918754e-05,70.10116577148438,0,0.0002616529818624258,2.8350639695418067e-05,0,0,23.700000762939453,0,0,1600,0,50,0,0,0,50,50,1400,0.0,0.0,0.0,0.0
39,158.12620544433594,309.0520324707031,326.0511169433594,326.0068664550781,292.0564880371094,292.1006774902344,16515.818359375,33031.63671875,68.98685455322266,68.98663330078125,1793.12353515625,3580.931396484375,1793.5721435546875,3577.2568359375,284.4962463378906,61.85924530029297,5.451804554468254e-06,0,0,2574.883544921875,1291.5494384765625,0,24.2186279296875,2712.641845703125,11.826936721801758,11.83353042602539,907.7233276367188,1810.6962890625,49.944374084472656,49.966522216796875,100,0,0,346.3374938964844,0,7.924896240234375,20.28639030456543,20.33064079284668,0,1.034000039100647,0.9067617654800415,50,2.799999952316284,2.29352068901062,0,0,0,0,21.18984647274161,0,0,0,0.0012082799803465605,-0.001185172819532454,0,2.310709169250913e-05,100.28565979003906,100.28250885009766,790.1701049804688,790.1676025390625,790.1676025390625,549.60986328125,0,0,24.2186279296875,0.0010999999940395355,0.02200000174343586,0.03299999609589577,0.04399999603629112,5655.8173828125,114276.53125,0.0429663360118866,0,3.1392715754918754e-05,71.92198181152344,0,0.0002616529818624258,2.8350639695418067e-05,0,0,23.700000762939453,0,0,1600,0,50,0,0,0,50,50,1400,0.0,0.0,0.0,0.0
40,158.12660217285156,309.0517578125,326.0510559082031,326.00677490234375,292.05584716796875,292.10009765625,16515.818359375,33031.63671875,68.9864273071289,68.98621368408203,1793.1552734375,3580.901611328125,1793.5701904296875,3577.25927734375,284.4963073730469,61.85935592651367,1.0295599395249155e-06,0,0,2574.88232421875,1291.547119140625,0,24.215564727783203,2712.67138671875,11.826906204223633,11.8336181640625,907.7296752929688,1810.70751953125,49.943748474121094,49.96735763549805,100,0,0,346.33770751953125,0,7.924896240234375,20.28662872314453,20.330913543701172,0,1.034000039100647,0.9067617654800415,50,2.799999952316284,2.2934958934783936,0,0,0,0,21.074158874732166,0,0,0,0.001212002825923264,-0.0011898017255589366,0,2.220108945039101e-05,100.28661346435547,100.28359985351562,790.1749267578125,790.1725463867188,790.1725463867188,549.6122436523438,0,0,24.215564727783203,0.0010999999940395355,0.02200000174343586,0.03299999609589577,0.04399999603629112,5655.8173828125,114276.53125,0.0429663360118866,0,3.1392715754918754e-05,73.7427978515625,0,0.0002616529818624258,2.8350639695418067e-05,0,0,23.700000762939453,0,0,1600,0,50,0,0,0,50,50,1400,0.0,0.0,0.0,0.0
41,158.12701416015625,309.0514831542969,326.0509948730469,326.00665283203125,292.05523681640625,292.09954833984375,16515.818359375,33031.63671875,68.98602294921875,68.98580169677734,1793.1859130859375,3580.870849609375,1793.571533203125,3577.257080078125,284.496337890625,61.85948944091797,9.336179829233515e-08,0,0,2574.88134765625,1291.5447998046875,0,24.212413787841797,2712.69921875,11.826879501342773,11.83370304107666,907.7362670898438,1810.7137451171875,49.9432258605957,49.96814727783203,100,0,0,346.337890625,0,7.924896240234375,20.28689956665039,20.33125114440918,0,1.034000039100647,0.9067617654800415,50,2.799999952316284,2.2934722900390625,0,0,0,0,20.958473288575984,0,0,0,0.0012157256714999676,-0.0011941768461838365,0,2.15487671084702e-05,100.28753662109375,100.28462982177734,790.1795043945312,790.17724609375,790.17724609375,549.6143798828125,0,0,24.212413787841797,0.0010999999940395355,0.02200000174343586,0.03299999609589577,0.04399999603629112,5655.8173828125,114276.53125,0.0429663360118866,0,3.1392715754918754e-05,75.56361389160156,0,0.0002616529818624258,2.8350639695418067e-05,0,0,23.700000762939453,0,0,1600,0,50,0,0,0,50,50,1400,0.0,0.0,0.0,0.0
42,158.12742614746094,309.0512390136719,326.0509338378906,326.006591796875,292.0546569824219,292.0989990234375,16515.818359375,33031.63671875,68.98562622070312,68.98541259765625,1793.21728515625,3580.83984375,1793.56884765625,3577.26025390625,284.49639892578125,61.85963821411133,1.4811947721682373e-06,0,0,2574.880126953125,1291.542724609375,0,24.213285446166992,2712.7265625,11.826852798461914,11.83378791809082,907.7430419921875,1810.72216796875,49.942745208740234,49.96892547607422,100,0,0,346.3381042480469,0,7.924896240234375,20.28717041015625,20.331523895263672,0,1.034000039100647,0.9067617654800415,50,2.799999952316284,2.2934491634368896,0,0,0,0,20.8427877024198,0,0,0,0.001218983088620007,-0.0011984253069385886,0,2.0557734387693927e-05,100.28843688964844,100.28563690185547,790.1840209960938,790.1817626953125,790.1817626953125,549.6165771484375,0,0,24.213285446166992,0.0010999999940395355,0.02200000174343586,0.03299999609589577,0.04399999603629112,5655.8173828125,114276.53125,0.0429663360118866,0,3.1392715754918754e-05,77.38442993164062,0,0.0002616529818624258,2.8350639695418067e-05,0,0,23.700000762939453,0,0,1600,0,50,0,0,0,50,50,1400,0.0,0.0,0.0,0.0
43,158.12786865234375,309.0510559082031,326.0508728027344,326.0065002441406,292.0541076660156,292.0985412597656,16515.818359375,33031.63671875,68.98524475097656,68.98504638671875,1793.247314453125,3580.80859375,1793.5682373046875,3577.26025390625,284.4964904785156,61.85982131958008,-2.537637556088157e-06,0,0,2574.878662109375,1291.5406494140625,0,24.207273483276367,2712.75244140625,11.826828956604004,11.83387279510498,907.7506103515625,1810.7333984375,49.942230224609375,49.96974563598633,100,0,0,346.3383483886719,0,7.924896240234375,20.2874755859375,20.331829071044922,0,1.034000039100647,0.9067617654800415,50,2.799999952316284,2.2934272289276123,0,0,0,0,20.717461315441724,0,0,0,0.0012217751936987042,-0.0012025468749925494,0,1.9228376913815737e-05,100.28927612304688,100.2865982055664,790.1882934570312,790.1861572265625,790.1861572265625,549.61865234375,0,0,24.207273483276367,0.0010999999940395355,0.02200000174343586,0.03299999609589577,0.04399999603629112,5655.8173828125,114276.53125,0.0429663360118866,0,3.1392715754918754e-05,79.20524597167969,0,0.0002616529818624258,2.8350639695418067e-05,0,0,23.700000762939453,0,0,1600,0,50,0,0,0,50,50,1400,0.0,0.0,0.0,0.0
44,158.12831115722656,309.05084228515625,326.05084228515625,326.0064392089844,292.0535583496094,292.0980224609375,16515.818359375,33031.63671875,68.9848861694336,68.98469543457031,1793.2762451171875,3580.777587890625,1793.5679931640625,3577.26123046875,284.49658203125,61.860023498535156,-3.6514306884782854e-06,0,0,2574.877685546875,1291.5384521484375,0,24.203853607177734,2712.77685546875,11.82680606842041,11.833955764770508,907.7570190429688,1810.7420654296875,49.94175338745117,49.9705696105957,100,0,0,346.3385925292969,0,7.924896240234375,20.287748336791992,20.332134246826172,0,1.034000039100647,0.9067617654800415,50,2.799999952316284,2.2934067249298096,0,0,0,0,20.59213291661039,0,0,0,0.0012245671823620796,-0.0012064147740602493,0,1.815244286262896e-05,100.29004669189453,100.2874984741211,790.1923217773438,790.1903076171875,790.1903076171875,549.6206665039062,0,0,24.203853607177734,0.0010999999940395355,0.02200000174343586,0.03299999609589577,0.04399999603629112,5655.8173828125,114276.53125,0.0429663360118866,0,3.1392715754918754e-05,81.02606201171875,0,0.0002616529818624258,2.8350639695418067e-05,0,0,23.700000762939453,0,0,1600,0,50,0,0,0,50,50,1400,0.0,0.0,0.0,0.0
45,158.1287384033203,309.0506286621094,326.05084228515625,326.0063781738281,292.0530700683594,292.0975341796875,16515.818359375,33031.63671875,68.98454284667969,68.9843521118164,1793.3045654296875,3580.74462890625,1793.5677490234375,3577.261474609375,284.49664306640625,61.860233306884766,-3.603208369895583e-06,0,0,2574.876220703125,1291.5367431640625,0,24.20172882080078,2712.800537109375,11.826786994934082,11.834040641784668,907.763427734375,1810.750732421875,49.94134521484375,49.97138977050781,100,0,0,346.3387756347656,0,7.924896240234375,20.28795051574707,20.33240509033203,0,1.034000039100647,0.9067617654800415,50,2.799999952316284,2.293386459350586,0,0,0,0,20.46680652963231,0,0,0,0.0012273592874407768,-0.0012101560132578015,0,1.7203285096911713e-05,100.29077911376953,100.28837585449219,790.1962280273438,790.1943359375,790.1943359375,549.62255859375,0,0,24.20172882080078,0.0010999999940395355,0.02200000174343586,0.03299999609589577,0.04399999603629112,5655.8173828125,114276.53125,0.0429663360118866,0,3.1392715754918754e-05,82.84687805175781,0,0.0002616529818624258,2.8350639695418067e-05,0,0,23.700000762939453,0,0,1600,0,50,0,0,0,50,50,1400,0.0,0.0,0.0,0.0
46,158.1291961669922,309.0504455566406,326.05084228515625,326.0063171386719,292.05255126953125,292.0970764160156,16515.818359375,33031.63671875,68.98422241210938,68.9840316772461,1793.332275390625,3580.7119140625,1793.564208984375,3577.2646484375,284.4967346191406,61.8604736328125,1.0930759799521184e-06,0,0,2574.874755859375,1291.534912109375,0,24.196857452392578,2712.82275390625,11.826767921447754,11.834123611450195,907.769775390625,1810.75927734375,49.940921783447266,49.97221374511719,100,0,0,346.3390197753906,0,7.924896240234375,20.288188934326172,20.33271026611328,0,1.034000039100647,0.9067617654800415,50,2.799999952316284,2.293367624282837,0,0,0,0,20.341480142654238,0,0,0,0.0012301512761041522,-0.0012136433506384492,0,1.6507936379639432e-05,100.29147338867188,100.28919982910156,790.1998291015625,790.1980590820312,790.1980590820312,549.6243286132812,0,0,24.196857452392578,0.0010999999940395355,0.02200000174343586,0.03299999609589577,0.04399999603629112,5655.8173828125,114276.53125,0.0429663360118866,0,3.1392715754918754e-05,84.66769409179688,0,0.0002616529818624258,2.8350639695418067e-05,0,0,23.700000762939453,0,0,1600,0,50,0,0,0,50,50,1400,0.0,0.0,0.0,0.0
47,158.12966918945312,309.05023193359375,326.05084228515625,326.0062561035156,292.05206298828125,292.0966796875,16515.818359375,33031.63671875,68.98390197753906,68.98372650146484,1793.3607177734375,3580.677490234375,1793.564453125,3577.2646484375,284.4968566894531,61.8607292175293,-2.5223434931831434e-06,0,0,2574.87353515625,1291.5330810546875,0,24.19460105895996,2712.84375,11.826750755310059,11.834205627441406,907.775146484375,1810.7650146484375,49.94061279296875,49.97300720214844,100,0,0,346.3392639160156,0,7.924896240234375,20.28842544555664,20.33301544189453,0,1.034000039100647,0.9067617654800415,50,2.799999952316284,2.2933502197265625,0,0,0,0,20.206512954854272,0,0,0,0.0012329432647675276,-0.0012169406982138753,0,1.60026247613132e-05,100.29215240478516,100.28997039794922,790.2032470703125,790.2015991210938,790.2015991210938,549.6259155273438,0,0,24.19460105895996,0.0010999999940395355,0.02200000174343586,0.03299999609589577,0.04399999603629112,5655.8173828125,114276.53125,0.0429663360118866,0,3.1392715754918754e-05,86.48851013183594,0,0.0002616529818624258,2.8350639695418067e-05,0,0,23.700000762939453,0,0,1600,0,50,0,0,0,50,50,1400,0.0,0.0,0.0,0.0
48,158.13014221191406,309.0500183105469,326.0508117675781,326.00616455078125,292.0516357421875,292.09625244140625,16515.818359375,33031.63671875,68.98360443115234,68.98342895507812,1793.3870849609375,3580.64453125,1793.5654296875,3577.26318359375,284.4969482421875,61.86099624633789,-4.394739789859159e-06,0,0,2574.8720703125,1291.531494140625,0,24.192276000976562,2712.864013671875,11.826736450195312,11.834287643432617,907.7800903320312,1810.7686767578125,49.94026184082031,49.97382736206055,100,0,0,346.3395080566406,0,7.924896240234375,20.2886962890625,20.33332061767578,0,1.034000039100647,0.9067617654800415,50,2.799999952316284,2.293332815170288,0,0,0,0,20.071545767054303,0,0,0,0.0012357353698462248,-0.00122011115308851,0,1.562421675771475e-05,100.29283905029297,100.29072570800781,790.2066650390625,790.2049560546875,790.2049560546875,549.6275634765625,0,0,24.192276000976562,0.0010999999940395355,0.02200000174343586,0.03299999609589577,0.04399999603629112,5655.8173828125,114276.53125,0.0429663360118866,0,3.1392715754918754e-05,88.309326171875,0,0.0002616529818624258,2.8350639695418067e-05,0,0,23.700000762939453,0,0,1600,0,50,0,0,0,50,50,1400,0.0,0.0,0.0,0.0
49,158.130615234375,309.04986572265625,326.0507507324219,326.006103515625,292.05120849609375,292.09588623046875,16515.818359375,33031.63671875,68.98331451416016,68.98313903808594,1793.4132080078125,3580.611083984375,1793.56201171875,3577.26708984375,284.4970703125,61.861289978027344,-2.200081780756591e-06,0,0,2574.87060546875,1291.530029296875,0,24.188541412353516,2712.884033203125,11.826723098754883,11.834368705749512,907.78515625,1810.774658203125,49.93993377685547,49.974647521972656,100,0,0,346.3397216796875,0,7.924896240234375,20.288969039916992,20.33362579345703,0,1.034000039100647,0.9067617654800415,50,2.799999952316284,2.293316125869751,0,0,0,0,19.936578579254334,0,0,0,0.001238061930052936,-0.001223218161612749,0,1.4843838471279014e-05,100.29351043701172,100.29145812988281,790.2098999023438,790.2083129882812,790.2083129882812,549.629150390625,0,0,24.188541412353516,0.0010999999940395355,0.02200000174343586,0.03299999609589577,0.04399999603629112,5655.8173828125,114276.53125,0.0429663360118866,0,3.1392715754918754e-05,90.13014221191406,0,0.0002616529818624258,2.8350639695418067e-05,0,0,23.700000762939453,0,0,1600,0,50,0,0,0,50,50,1400,0.0,0.0,0.0,0.0
50,158.13108825683594,309.0497131347656,326.05072021484375,326.00604248046875,292.05078125,292.0955505371094,16515.818359375,33031.63671875,68.9830322265625,68.98286437988281,1793.439453125,3580.5771484375,1793.561767578125,3577.26708984375,284.4971923828125,61.86158752441406,5.75584181206068e-07,0,0,2574.869140625,1291.5284423828125,0,24.18744659423828,2712.90283203125,11.82671070098877,11.83444881439209,907.7915649414062,1810.782958984375,49.93966293334961,49.975440979003906,100,0,0,346.3399658203125,0,7.924896240234375,20.28923988342285,20.33393096923828,0,1.034000039100647,0.9067617654800415,50,2.799999952316284,2.293300151824951,0,0,0,0,19.80161139145437,0,0,0,0.0012399234110489488,-0.0012261982774361968,0,1.372513361275196e-05,100.29411315917969,100.29215240478516,790.2130126953125,790.2114868164062,790.2114868164062,549.630615234375,0,0,24.18744659423828,0.0010999999940395355,0.02200000174343586,0.03299999609589577,0.04399999603629112,5655.8173828125,114276.53125,0.0429663360118866,0,3.1392715754918754e-05,91.95095825195312,0,0.0002616529818624258,2.8350639695418067e-05,0,0,23.700000762939453,0,0,1600,0,50,0,0,0,50,50,1400,0.0,0.0,0.0,0.0
51,158.13156127929688,309.0495910644531,326.05072021484375,326.0060119628906,292.0503845214844,292.0951843261719,16515.818359375,33031.63671875,68.98277282714844,68.98261260986328,1793.4649658203125,3580.5419921875,1793.56298828125,3577.265625,284.4972839355469,61.86189651489258,5.094273547001649e-06,0,0,2574.867919921875,1291.52685546875,0,24.184967041015625,2712.920654296875,11.826700210571289,11.834528923034668,907.7977905273438,1810.7889404296875,49.93941116333008,49.976253509521484,100,0,0,346.3402099609375,0,7.924896240234375,20.28947639465332,20.33420181274414,0,1.034000039100647,0.9067617654800415,50,2.799999952316284,2.2932851314544678,0,0,0,0,19.6666442036544,0,0,0,0.0012417847756296396,-0.0012290517333894968,0,1.2732949471683241e-05,100.29466247558594,100.29281616210938,790.2159423828125,790.2145385742188,790.2145385742188,549.632080078125,0,0,24.184967041015625,0.0010999999940395355,0.02200000174343586,0.03299999609589577,0.04399999603629112,5655.8173828125,114276.53125,0.0429663360118866,0,3.1392715754918754e-05,93.77177429199219,0,0.0002616529818624258,2.8350639695418067e-05,0,0,23.700000762939453,0,0,1600,0,50,0,0,0,50,50,1400,0.0,0.0,0.0,0.0
52,158.13206481933594,309.0494384765625,326.05072021484375,326.0059814453125,292.04998779296875,292.0948486328125,16515.818359375,33031.63671875,68.9825210571289,68.98236083984375,1793.4892578125,3580.508056640625,1793.560791015625,3577.26806640625,284.4974365234375,61.86222457885742,1.8822664742401685e-06,0,0,2574.8662109375,1291.525390625,0,24.18107795715332,2712.9375,11.826691627502441,11.83460807800293,907.802734375,1810.7974853515625,49.93914031982422,49.97707748413086,100,0,0,346.3404846191406,0,7.924896240234375,20.28974723815918,20.33450698852539,0,1.034000039100647,0.9067617654800415,50,2.799999952316284,2.2932708263397217,0,0,0,0,19.52685661544349,0,0,0,0.0012436460237950087,-0.0012317148502916098,0,1.1931185326830018e-05,100.29517364501953,100.2934341430664,790.21875,790.2173461914062,790.2173461914062,549.6334838867188,0,0,24.18107795715332,0.0010999999940395355,0.02200000174343586,0.03299999609589577,0.04399999603629112,5655.8173828125,114276.53125,0.0429663360118866,0,3.1392715754918754e-05,95.59259033203125,0,0.0002616529818624258,2.8350639695418067e-05,0,0,23.700000762939453,0,0,1600,0,50,0,0,0,50,50,1400,0.0,0.0,0.0,0.0
53,158.132568359375,309.04931640625,326.05072021484375,326.0058898925781,292.04962158203125,292.094482421875,16515.818359375,33031.63671875,68.98228454589844,68.98213195800781,1793.5147705078125,3580.47216796875,1793.56103515625,3577.268310546875,284.49755859375,61.86256408691406,4.1328274846819113e-07,0,0,2574.86474609375,1291.5240478515625,0,24.177120208740234,2712.953125,11.826683044433594,11.834686279296875,907.807861328125,1810.80322265625,49.93897247314453,49.97785186767578,100,0,0,346.3407287597656,0,7.924896240234375,20.28998565673828,20.33481216430664,0,1.034000039100647,0.9067617654800415,50,2.799999952316284,2.293257713317871,0,0,0,0,19.382248626821628,0,0,0,0.0012455073883756995,-0.0012341878609731793,0,1.1319457371428143e-05,100.295654296875,100.29401397705078,790.2213134765625,790.2200317382812,790.2200317382812,549.6347045898438,0,0,24.177120208740234,0.0010999999940395355,0.02200000174343586,0.03299999609589577,0.04399999603629112,5655.8173828125,114276.53125,0.0429663360118866,0,3.1392715754918754e-05,97.41340637207031,0,0.0002616529818624258,2.8350639695418067e-05,0,0,23.700000762939453,0,0,1600,0,50,0,0,0,50,50,1400,0.0,0.0,0.0,0.0
54,158.13307189941406,309.0491943359375,326.05072021484375,326.0058288574219,292.0492858886719,292.09423828125,16515.818359375,33031.63671875,68.9820556640625,68.98190307617188,1793.5379638671875,3580.4375,1793.5616455078125,3577.26708984375,284.4977111816406,61.8629150390625,6.873223696857167e-07,0,0,2574.863525390625,1291.5230712890625,0,24.174484252929688,2712.96826171875,11.826677322387695,11.83476448059082,907.8126220703125,1810.8067626953125,49.93873596191406,49.97867965698242,100,0,0,346.3409729003906,0,7.924896240234375,20.29025650024414,20.33515167236328,0,1.034000039100647,0.9067617654800415,50,2.799999952316284,2.2932448387145996,0,0,0,0,19.23764265005303,0,0,0,0.0012473686365410686,-0.0012365974253043532,0,1.0771245797513984e-05,100.29611206054688,100.2945785522461,790.2238159179688,790.2225952148438,790.2225952148438,549.6359252929688,0,0,24.174484252929688,0.0010999999940395355,0.02200000174343586,0.03299999609589577,0.04399999603629112,5655.8173828125,114276.53125,0.0429663360118866,0,3.1392715754918754e-05,99.23422241210938,0,0.0002616529818624258,2.8350639695418067e-05,0,0,23.700000762939453,0,0,1600,0,50,0,0,0,50,50,1400,0.0,0.0,0.0,0.0
55,158.13357543945312,309.0490417480469,326.05072021484375,326.0057678222656,292.0489501953125,292.0939636230469,16515.818359375,33031.63671875,68.9818344116211,68.981689453125,1793.560791015625,3580.402587890625,1793.5614013671875,3577.267578125,284.4978332519531,61.86327362060547,2.123377498719492e-06,0,0,2574.86181640625,1291.5216064453125,0,24.174528121948242,2712.982666015625,11.82667350769043,11.834840774536133,907.81640625,1810.8099365234375,49.93860626220703,49.979469299316406,100,0,0,346.34124755859375,0,7.924896240234375,20.29052734375,20.335491180419922,0,1.034000039100647,0.9067617654800415,50,2.799999952316284,2.2932326793670654,0,0,0,0,19.09303466143117,0,0,0,0.0012492300011217594,-0.00123881665058434,0,1.0413326890557073e-05,100.29656982421875,100.29510498046875,790.2261352539062,790.2249755859375,790.2249755859375,549.6370849609375,0,0,24.174528121948242,0.0010999999940395355,0.02200000174343586,0.03299999609589577,0.04399999603629112,5655.8173828125,114276.53125,0.0429663360118866,0,3.1392715754918754e-05,101.05503845214844,0,0.0002616529818624258,2.8350639695418067e-05,0,0,23.700000762939453,0,0,1600,0,50,0,0,0,50,50,1400,0.0,0.0,0.0,0.0
56,158.1340789794922,309.0489196777344,326.05072021484375,326.0057067871094,292.0486755371094,292.09368896484375,16515.818359375,33031.63671875,68.98162078857422,68.98148345947266,1793.58349609375,3580.366943359375,1793.56103515625,3577.26806640625,284.49798583984375,61.8636360168457,4.140440523769939e-06,0,0,2574.8603515625,1291.5203857421875,0,24.170459747314453,2712.996337890625,11.82667064666748,11.834916114807129,907.8200073242188,1810.813232421875,49.93845748901367,49.98025894165039,100,0,0,346.34149169921875,0,7.924896240234375,20.2907657623291,20.335796356201172,0,1.034000039100647,0.9067617654800415,50,2.799999952316284,2.2932209968566895,0,0,0,0,18.948426672809312,0,0,0,0.0012510912492871284,-0.001240972545929253,0,1.011866879707668e-05,100.29701232910156,100.29561614990234,790.2283325195312,790.227294921875,790.227294921875,549.6381225585938,0,0,24.170459747314453,0.0010999999940395355,0.02200000174343586,0.03299999609589577,0.04399999603629112,5655.8173828125,114276.53125,0.0429663360118866,0,3.1392715754918754e-05,102.8758544921875,0,0.0002616529818624258,2.8350639695418067e-05,0,0,23.700000762939453,0,0,1600,0,50,0,0,0,50,50,1400,0.0,0.0,0.0,0.0
57,158.13458251953125,309.04876708984375,326.05072021484375,326.00567626953125,292.04833984375,292.0934143066406,16515.818359375,33031.63671875,68.9814224243164,68.98128509521484,1793.6060791015625,3580.33154296875,1793.5604248046875,3577.268798828125,284.4981384277344,61.864017486572266,-1.5731927760498365e-06,0,0,2574.85888671875,1291.51904296875,0,24.167734146118164,2713.009521484375,11.826667785644531,11.834992408752441,907.8236083984375,1810.816650390625,49.93832778930664,49.98105239868164,100,0,0,346.3417663574219,0,7.924896240234375,20.29103660583496,20.336101531982422,0,1.034000039100647,0.9067617654800415,50,2.799999952316284,2.293210029602051,0,0,0,0,18.80381868418745,0,0,0,0.0012529526138678193,-0.0012430016649886966,0,9.950914318324067e-06,100.29744720458984,100.29609680175781,790.2305297851562,790.2294311523438,790.2294311523438,549.63916015625,0,0,24.167734146118164,0.0010999999940395355,0.02200000174343586,0.03299999609589577,0.04399999603629112,5655.8173828125,114276.53125,0.0429663360118866,0,3.1392715754918754e-05,104.69667053222656,0,0.0002616529818624258,2.8350639695418067e-05,0,0,23.700000762939453,0,0,1600,0,50,0,0,0,50,50,1400,0.0,0.0,0.0,0.0
58,158.1350860595703,309.04864501953125,326.05072021484375,326.0056457519531,292.04803466796875,292.0931396484375,16515.818359375,33031.63671875,68.9812240600586,68.9811019897461,1793.6278076171875,3580.296142578125,1793.556884765625,3577.272216796875,284.498291015625,61.86440658569336,4.510924554779194e-06,0,0,2574.857177734375,1291.5179443359375,0,24.166303634643555,2713.02197265625,11.826667785644531,11.835066795349121,907.8272094726562,1810.8199462890625,49.938232421875,49.981834411621094,100,0,0,346.342041015625,0,7.924896240234375,20.29130744934082,20.336406707763672,0,1.034000039100647,0.9067617654800415,50,2.799999952316284,2.293199300765991,0,0,0,0,18.65921069556559,0,0,0,0.0012548138620331883,-0.0012449673376977444,0,9.84654798230622e-06,100.2978744506836,100.29656219482422,790.2325439453125,790.2315673828125,790.2315673828125,549.64013671875,0,0,24.166303634643555,0.0010999999940395355,0.02200000174343586,0.03299999609589577,0.04399999603629112,5655.8173828125,114276.53125,0.0429663360118866,0,3.1392715754918754e-05,106.51748657226562,0,0.0002616529818624258,2.8350639695418067e-05,0,0,23.700000762939453,0,0,1600,0,50,0,0,0,50,50,1400,0.0,0.0,0.0,0.0
59,158.13558959960938,309.04852294921875,326.05072021484375,326.0056457519531,292.0477294921875,292.0928649902344,16515.818359375,33031.63671875,68.98104095458984,68.98091125488281,1793.648681640625,3580.260498046875,1793.5574951171875,3577.271484375,284.4984436035156,61.86480712890625,1.7023302234520088e-06,0,0,2574.855712890625,1291.51708984375,0,24.16348648071289,2713.0341796875,11.826669692993164,11.835139274597168,907.8306274414062,1810.82080078125,49.93812561035156,49.98262023925781,100,0,0,346.34228515625,0,7.924896240234375,20.291545867919922,20.33664321899414,0,1.034000039100647,0.9067617654800415,50,2.799999952316284,2.29318904876709,0,0,0,0,18.514602706943734,0,0,0,0.0012562097981572151,-0.0012468695640563965,0,9.340210453956388e-06,100.29832458496094,100.29701232910156,790.234619140625,790.2335815429688,790.2335815429688,549.6410522460938,0,0,24.16348648071289,0.0010999999940395355,0.02200000174343586,0.03299999609589577,0.04399999603629112,5655.8173828125,114276.53125,0.0429663360118866,0,3.1392715754918754e-05,108.33830261230469,0,0.0002616529818624258,2.8350639695418067e-05,0,0,23.700000762939453,0,0,1600,0,50,0,0,0,50,50,1400,0.0,0.0,0.0,0.0
60,158.13609313964844,309.0484619140625,326.05072021484375,326.0056457519531,292.0474548339844,292.0926208496094,16515.818359375,33031.63671875,68.9808578491211,68.98074340820312,1793.6700439453125,3580.2255859375,1793.5572509765625,3577.27197265625,284.4986267089844,61.865211486816406,-5.252563823887613e-07,0,0,2574.854248046875,1291.51611328125,0,24.16062355041504,2713.046142578125,11.82667064666748,11.835211753845215,907.8355102539062,1810.8265380859375,49.93806076049805,49.98337173461914,100,0,0,346.3425598144531,0,7.924896240234375,20.29181671142578,20.3369140625,0,1.034000039100647,0.9067617654800415,50,2.799999952316284,2.2931790351867676,0,0,0,0,18.369996730175135,0,0,0,0.0012571404222398996,-0.0012487719068303704,0,8.368515409529209e-06,100.2987060546875,100.29745483398438,790.2366333007812,790.235595703125,790.235595703125,549.64208984375,0,0,24.16062355041504,0.0010999999940395355,0.02200000174343586,0.03299999609589577,0.04399999603629112,5655.8173828125,114276.53125,0.0429663360118866,0,3.1392715754918754e-05,110.15911865234375,0,0.0002616529818624258,2.8350639695418067e-05,0,0,23.700000762939453,0,0,1600,0,50,0,0,0,50,50,1400,0.0,0.0,0.0,0.0
61,158.13661193847656,309.04840087890625,326.0507507324219,326.0056457519531,292.04718017578125,292.0924072265625,16515.818359375,33031.63671875,68.98069763183594,68.98058319091797,1793.68994140625,3580.18994140625,1793.5531005859375,3577.27587890625,284.498779296875,61.86563491821289,1.5219588078707602e-07,0,0,2574.8525390625,1291.51513671875,0,24.1563777923584,2713.0576171875,11.82667350769043,11.835285186767578,907.8402099609375,1810.8323974609375,49.9379768371582,49.98416519165039,100,0,0,346.3427734375,0,7.924896240234375,20.292020797729492,20.3371524810791,0,1.034000039100647,0.9067617654800415,50,2.799999952316284,2.2931692600250244,0,0,0,0,18.225388741553274,0,0,0,0.0012580710463225842,-0.0012506106868386269,0,7.4603362918423954e-06,100.29902648925781,100.2978744506836,790.2384643554688,790.2376098632812,790.2376098632812,549.6430053710938,0,0,24.1563777923584,0.0010999999940395355,0.02200000174343586,0.03299999609589577,0.04399999603629112,5655.8173828125,114276.53125,0.0429663360118866,0,3.1392715754918754e-05,111.97993469238281,0,0.0002616529818624258,2.8350639695418067e-05,0,0,23.700000762939453,0,0,1600,0,50,0,0,0,50,50,1400,0.0,0.0,0.0,0.0
62,158.13711547851562,309.04833984375,326.0507507324219,326.0055847167969,292.0469970703125,292.0921936035156,16515.818359375,33031.63671875,68.98053741455078,68.98043060302734,1793.7103271484375,3580.1533203125,1793.5506591796875,3577.2783203125,284.49896240234375,61.866050720214844,-3.323674206967553e-07,0,0,2574.851318359375,1291.514404296875,0,24.15751838684082,2713.06787109375,11.826678276062012,11.835355758666992,907.8436889648438,1810.83837890625,49.93796157836914,49.984920501708984,100,0,0,346.3430480957031,0,7.924896240234375,20.29229164123535,20.33745765686035,0,1.034000039100647,0.9067617654800415,50,2.799999952316284,2.2931606769561768,0,0,0,0,18.080780752931414,0,0,0,0.0012590016704052687,-0.001252259244211018,0,6.742449386365479e-06,100.29930114746094,100.29825592041016,790.2401733398438,790.2393188476562,790.2393188476562,549.6438598632812,0,0,24.15751838684082,0.0010999999940395355,0.02200000174343586,0.03299999609589577,0.04399999603629112,5655.8173828125,114276.53125,0.0429663360118866,0,3.1392715754918754e-05,113.80075073242188,0,0.0002616529818624258,2.8350639695418067e-05,0,0,23.700000762939453,0,0,1600,0,50,0,0,0,50,50,1400,0.0,0.0,0.0,0.0
63,158.1376190185547,309.04827880859375,326.0507507324219,326.00555419921875,292.0467834472656,292.09197998046875,16515.818359375,33031.63671875,68.98039245605469,68.98029327392578,1793.7298583984375,3580.117431640625,1793.5546875,3577.2744140625,284.4991149902344,61.8664665222168,-8.169307079697319e-07,0,0,2574.849853515625,1291.5133056640625,0,24.154590606689453,2713.077392578125,11.82668399810791,11.83542537689209,907.848388671875,1810.8416748046875,49.93795394897461,49.98567199707031,100,0,0,346.34332275390625,0,7.924896240234375,20.29256248474121,20.3377628326416,0,1.034000039100647,0.9067617654800415,50,2.799999952316284,2.2931525707244873,0,0,0,0,17.936172764309557,0,0,0,0.0012599322944879532,-0.0012537811417132616,0,6.151210982352495e-06,100.29955291748047,100.2986068725586,790.24169921875,790.240966796875,790.240966796875,549.6446533203125,0,0,24.154590606689453,0.0010999999940395355,0.02200000174343586,0.03299999609589577,0.04399999603629112,5655.8173828125,114276.53125,0.0429663360118866,0,3.1392715754918754e-05,115.62156677246094,0,0.0002616529818624258,2.8350639695418067e-05,0,0,23.700000762939453,0,0,1600,0,50,0,0,0,50,50,1400,0.0,0.0,0.0,0.0
64,158.13812255859375,309.0481872558594,326.0507507324219,326.0055236816406,292.04656982421875,292.09185791015625,16515.818359375,33031.63671875,68.98026275634766,68.98016357421875,1793.7484130859375,3580.081298828125,1793.5540771484375,3577.275146484375,284.4992980957031,61.86689758300781,1.0225370488115004e-06,0,0,2574.84814453125,1291.512451171875,0,24.151662826538086,2713.085693359375,11.826691627502441,11.835495948791504,907.8518676757812,1810.844970703125,49.93796920776367,49.98643112182617,100,0,0,346.34356689453125,0,7.924896240234375,20.29279899597168,20.33803367614746,0,1.034000039100647,0.9067617654800415,50,2.799999952316284,2.2931454181671143,0,0,0,0,17.791564775687696,0,0,0,0.0012608630349859595,-0.001255112700164318,0,5.750264790549409e-06,100.29978942871094,100.29891967773438,790.2431030273438,790.2423706054688,790.2423706054688,549.6453247070312,0,0,24.151662826538086,0.0010999999940395355,0.02200000174343586,0.03299999609589577,0.04399999603629112,5655.8173828125,114276.53125,0.0429663360118866,0,3.1392715754918754e-05,117.4423828125,0,0.0002616529818624258,2.8350639695418067e-05,0,0,23.700000762939453,0,0,1600,0,50,0,0,0,50,50,1400,0.0,0.0,0.0,0.0
65,158.1386260986328,309.0481262207031,326.0508117675781,326.0054931640625,292.04638671875,292.0916748046875,16515.818359375,33031.63671875,68.98013305664062,68.98003387451172,1793.767333984375,3580.044189453125,1793.552001953125,3577.276611328125,284.49945068359375,61.8673210144043,1.699989297776483e-06,0,0,2574.8466796875,1291.5118408203125,0,24.151416778564453,2713.09375,11.826698303222656,11.835565567016602,907.8553466796875,1810.845458984375,49.93800354003906,49.987186431884766,100,0,0,346.3438415527344,0,7.924896240234375,20.29303741455078,20.33833885192871,0,1.034000039100647,0.9067617654800415,50,2.799999952316284,2.2931387424468994,0,0,0,0,17.646956787065836,0,0,0,0.001261793659068644,-0.0012563809286803007,0,5.412707196228439e-06,100.30003356933594,100.2992172241211,790.244384765625,790.2437744140625,790.2437744140625,549.6459350585938,0,0,24.151416778564453,0.0010999999940395355,0.02200000174343586,0.03299999609589577,0.04399999603629112,5655.8173828125,114276.53125,0.0429663360118866,0,3.1392715754918754e-05,119.26319885253906,0,0.0002616529818624258,2.8350639695418067e-05,0,0,23.700000762939453,0,0,1600,0,50,0,0,0,50,50,1400,0.0,0.0,0.0,0.0
66,158.13912963867188,309.0480651855469,326.05084228515625,326.0054626464844,292.0461730957031,292.0915222167969,16515.818359375,33031.63671875,68.98001098632812,68.97991943359375,1793.78466796875,3580.007568359375,1793.5494384765625,3577.279541015625,284.4996032714844,61.86774826049805,2.9584493859147187e-06,0,0,2574.84521484375,1291.5111083984375,0,24.149829864501953,2713.10107421875,11.826708793640137,11.835634231567383,907.857421875,1810.848876953125,49.93804168701172,49.98794937133789,100,0,0,346.3441162109375,0,7.924896240234375,20.29327392578125,20.33864402770996,0,1.034000039100647,0.9067617654800415,50,2.799999952316284,2.2931325435638428,0,0,0,0,17.50234879844398,0,0,0,0.0012627241667360067,-0.001257522264495492,0,5.2019254326296505e-06,100.30025482177734,100.29948425292969,790.24560546875,790.2449951171875,790.2449951171875,549.6465454101562,0,0,24.149829864501953,0.0010999999940395355,0.02200000174343586,0.03299999609589577,0.04399999603629112,5655.8173828125,114276.53125,0.0429663360118866,0,3.1392715754918754e-05,121.08401489257812,0,0.0002616529818624258,2.8350639695418067e-05,0,0,23.700000762939453,0,0,1600,0,50,0,0,0,50,50,1400,0.0,0.0,0.0,0.0
67,158.13963317871094,309.0480041503906,326.05084228515625,326.0054016113281,292.0460205078125,292.09136962890625,16515.818359375,33031.63671875,68.97988891601562,68.97980499267578,1793.802978515625,3579.97119140625,1793.553466796875,3577.275634765625,284.49981689453125,61.86818313598633,-5.2568102546501905e-06,0,0,2574.843505859375,1291.510498046875,0,24.145492553710938,2713.1083984375,11.8267183303833,11.835700035095215,907.86083984375,1810.849609375,49.93810272216797,49.988670349121094,100,0,0,346.3443298339844,0,7.924896240234375,20.29351234436035,20.33894920349121,0,1.034000039100647,0.9067617654800415,50,2.799999952316284,2.293126344680786,0,0,0,0,17.35774282167538,0,0,0,0.001263654907234013,-0.0012586636003106833,0,4.991271907783812e-06,100.30047607421875,100.29975891113281,790.2467651367188,790.2462158203125,790.2462158203125,549.6470947265625,0,0,24.145492553710938,0.0010999999940395355,0.02200000174343586,0.03299999609589577,0.04399999603629112,5655.8173828125,114276.53125,0.0429663360118866,0,3.1392715754918754e-05,122.90483093261719,0,0.0002616529818624258,2.8350639695418067e-05,0,0,23.700000762939453,0,0,1600,0,50,0,0,0,50,50,1400,0.0,0.0,0.0,0.0
68,158.14013671875,309.04791259765625,326.05084228515625,326.00537109375,292.04583740234375,292.09124755859375,16515.818359375,33031.63671875,68.97977447509766,68.97969055175781,1793.819091796875,3579.935791015625,1793.552490234375,3577.276611328125,284.4999694824219,61.86862564086914,-1.6743191508794553e-06,0,0,2574.84228515625,1291.5096435546875,0,24.145225524902344,2713.114990234375,11.826729774475098,11.835766792297363,907.8628540039062,1810.8504638671875,49.938167572021484,49.98941421508789,100,0,0,346.3446044921875,0,7.924896240234375,20.29378318786621,20.33925437927246,0,1.034000039100647,0.9067617654800415,50,2.799999952316284,2.293120861053467,0,0,0,0,17.21313483305352,0,0,0,0.0012645855313166976,-0.001259678159840405,0,4.907394668407505e-06,100.30069732666016,100.29999542236328,790.247802734375,790.2472534179688,790.2472534179688,549.6476440429688,0,0,24.145225524902344,0.0010999999940395355,0.02200000174343586,0.03299999609589577,0.04399999603629112,5655.8173828125,114276.53125,0.0429663360118866,0,3.1392715754918754e-05,124.72564697265625,0,0.0002616529818624258,2.8350639695418067e-05,0,0,23.700000762939453,0,0,1600,0,50,0,0,0,50,50,1400,0.0,0.0,0.0,0.0
69,158.14064025878906,309.0478515625,326.05084228515625,326.0053405761719,292.045654296875,292.0910949707031,16515.818359375,33031.63671875,68.97967529296875,68.9795913696289,1793.8360595703125,3579.898681640625,1793.5484619140625,3577.28076171875,284.5001525878906,61.86906051635742,7.461564450750302e-07,0,0,2574.840576171875,1291.5091552734375,0,24.143569946289062,2713.12158203125,11.826740264892578,11.835832595825195,907.8649291992188,1810.8511962890625,49.938232421875,49.99014663696289,100,0,0,346.3448486328125,0,7.924896240234375,20.29401969909668,20.33952522277832,0,1.034000039100647,0.9067617654800415,50,2.799999952316284,2.2931153774261475,0,0,0,0,17.06852684443166,0,0,0,0.0012655160389840603,-0.0012606927193701267,0,4.8233896450256e-06,100.30091094970703,100.30023956298828,790.2489013671875,790.2483520507812,790.2483520507812,549.6481323242188,0,0,24.143569946289062,0.0010999999940395355,0.02200000174343586,0.03299999609589577,0.04399999603629112,5655.8173828125,114276.53125,0.0429663360118866,0,3.1392715754918754e-05,126.54646301269531,0,0.0002616529818624258,2.8350639695418067e-05,0,0,23.700000762939453,0,0,1600,0,50,0,0,0,50,50,1400,0.0,0.0,0.0,0.0
70,158.14114379882812,309.04779052734375,326.05084228515625,326.0052795410156,292.0455017089844,292.09100341796875,16515.818359375,33031.63671875,68.97956848144531,68.9794921875,1793.852783203125,3579.8623046875,1793.5509033203125,3577.2783203125,284.50030517578125,61.8695068359375,4.909655217488762e-06,0,0,2574.839111328125,1291.508544921875,0,24.140575408935547,2713.1279296875,11.826754570007324,11.835896492004395,907.8670043945312,1810.8519287109375,49.9383544921875,49.990848541259766,100,0,0,346.3451232910156,0,7.924896240234375,20.294292449951172,20.33983039855957,0,1.034000039100647,0.9067617654800415,50,2.799999952316284,2.293109893798828,0,0,0,0,16.923918855809802,0,0,0,0.0012664466630667448,-0.0012617071624845266,0,4.739512405649293e-06,100.3011245727539,100.30047607421875,790.25,790.2494506835938,790.2494506835938,549.648681640625,0,0,24.140575408935547,0.0010999999940395355,0.02200000174343586,0.03299999609589577,0.04399999603629112,5655.8173828125,114276.53125,0.0429663360118866,0,3.1392715754918754e-05,128.36727905273438,0,0.0002616529818624258,2.8350639695418067e-05,0,0,23.700000762939453,0,0,1600,0,50,0,0,0,50,50,1400,0.0,0.0,0.0,0.0
71,158.14166259765625,309.0477294921875,326.05084228515625,326.0052490234375,292.04534912109375,292.0909118652344,16515.818359375,33031.63671875,68.9794692993164,68.97940063476562,1793.868896484375,3579.82568359375,1793.5499267578125,3577.27880859375,284.50048828125,61.86996078491211,-4.0056536931842857e-07,0,0,2574.837646484375,1291.5079345703125,0,24.137535095214844,2713.134033203125,11.826767921447754,11.835960388183594,907.869140625,1810.8526611328125,49.93848419189453,49.99155044555664,100,0,0,346.34539794921875,0,7.924896240234375,20.29456329345703,20.34013557434082,0,1.034000039100647,0.9067617654800415,50,2.799999952316284,2.293104648590088,0,0,0,0,16.77931086718794,0,0,0,0.0012673774035647511,-0.0012626583920791745,0,4.719023309007753e-06,100.30133819580078,100.30070495605469,790.2509155273438,790.25048828125,790.25048828125,549.6491088867188,0,0,24.137535095214844,0.0010999999940395355,0.02200000174343586,0.03299999609589577,0.04399999603629112,5655.8173828125,114276.53125,0.0429663360118866,0,3.1392715754918754e-05,130.18807983398438,0,0.0002616529818624258,2.8350639695418067e-05,0,0,23.700000762939453,0,0,1600,0,50,0,0,0,50,50,1400,0.0,0.0,0.0,0.0
72,158.1421661376953,309.04766845703125,326.0509033203125,326.0052490234375,292.045166015625,292.09075927734375,16515.818359375,33031.63671875,68.9793701171875,68.97930908203125,1793.884033203125,3579.7890625,1793.545654296875,3577.283447265625,284.5007019042969,61.870426177978516,-3.9677624954492785e-06,0,0,2574.8359375,1291.5072021484375,0,24.13447380065918,2713.1396484375,11.826783180236816,11.836024284362793,907.8709716796875,1810.8533935546875,49.93859100341797,49.99227523803711,100,0,0,346.34564208984375,0,7.924896240234375,20.29473304748535,20.340373992919922,0,1.034000039100647,0.9067617654800415,50,2.799999952316284,2.293099880218506,0,0,0,0,16.634703884492712,0,0,0,0.0012683080276474357,-0.001263546058908105,0,4.761922355100978e-06,100.30155944824219,100.30091094970703,790.251953125,790.2514038085938,790.2514038085938,549.6495361328125,0,0,24.13447380065918,0.0010999999940395355,0.02200000174343586,0.03299999609589577,0.04399999603629112,5655.8173828125,114276.53125,0.0429663360118866,0,3.1392715754918754e-05,132.00888061523438,0,0.0002616529818624258,2.8350639695418067e-05,0,0,23.700000762939453,0,0,1600,0,50,0,0,0,50,50,1400,0.0,0.0,0.0,0.0
73,158.14266967773438,309.0475769042969,326.0509033203125,326.0052490234375,292.04498291015625,292.09063720703125,16515.818359375,33031.63671875,68.97927856445312,68.97920989990234,1793.8994140625,3579.753662109375,1793.5477294921875,3577.281494140625,284.5008544921875,61.87088394165039,1.938759623953956e-06,0,0,2574.83447265625,1291.506591796875,0,24.13409423828125,2713.146240234375,11.826799392700195,11.83608627319336,907.8716430664062,1810.8516845703125,49.938716888427734,49.99295425415039,100,0,0,346.3459167480469,0,7.924896240234375,20.29500389099121,20.34064483642578,0,1.034000039100647,0.9067617654800415,50,2.799999952316284,2.2930943965911865,0,0,0,0,16.49009589587085,0,0,0,0.0012692385353147984,-0.0012645606184378266,0,4.677916876971722e-06,100.30178833007812,100.30115509033203,790.2529907226562,790.2525024414062,790.2525024414062,549.6500854492188,0,0,24.13409423828125,0.0010999999940395355,0.02200000174343586,0.03299999609589577,0.04399999603629112,5655.8173828125,114276.53125,0.0429663360118866,0,3.1392715754918754e-05,133.82968139648438,0,0.0002616529818624258,2.8350639695418067e-05,0,0,23.700000762939453,0,0,1600,0,50,0,0,0,50,50,1400,0.0,0.0,0.0,0.0
74,158.14317321777344,309.0475158691406,326.0509033203125,326.0052490234375,292.04486083984375,292.0904846191406,16515.818359375,33031.63671875,68.97918701171875,68.9791259765625,1793.9150390625,3579.718017578125,1793.546875,3577.281982421875,284.5010681152344,61.87135696411133,-4.664222785777383e-07,0,0,2574.8330078125,1291.506103515625,0,24.12964630126953,2713.152099609375,11.826815605163574,11.836146354675293,907.8738403320312,1810.852294921875,49.93889236450195,49.99361038208008,100,0,0,346.3461608886719,0,7.924896240234375,20.29527473449707,20.34091567993164,0,1.034000039100647,0.9067617654800415,50,2.799999952316284,2.2930893898010254,0,0,0,0,16.345487907248994,0,0,0,0.0012701691593974829,-0.0012654484016820788,0,4.720815923064947e-06,100.30201721191406,100.3013687133789,790.2539672851562,790.2534790039062,790.2534790039062,549.6505126953125,0,0,24.12964630126953,0.0010999999940395355,0.02200000174343586,0.03299999609589577,0.04399999603629112,5655.8173828125,114276.53125,0.0429663360118866,0,3.1392715754918754e-05,135.65048217773438,0,0.0002616529818624258,2.8350639695418067e-05,0,0,23.700000762939453,0,0,1600,0,50,0,0,0,50,50,1400,0.0,0.0,0.0,0.0
75,158.1436767578125,309.0474548339844,326.0509338378906,326.0052185058594,292.044677734375,292.0903625488281,16515.818359375,33031.63671875,68.9791030883789,68.97904205322266,1793.9293212890625,3579.68310546875,1793.5440673828125,3577.28515625,284.5012512207031,61.8718376159668,-1.7095885596063454e-06,0,0,2574.831298828125,1291.50537109375,0,24.129241943359375,2713.157958984375,11.826831817626953,11.836207389831543,907.8756103515625,1810.8507080078125,49.93899154663086,49.99429702758789,100,0,0,346.3464050292969,0,7.924896240234375,20.29547882080078,20.3411865234375,0,1.034000039100647,0.9067617654800415,50,2.799999952316284,2.2930843830108643,0,0,0,0,16.200880924553765,0,0,0,0.0012710998998954892,-0.001266399398446083,0,4.700455065176357e-06,100.30223083496094,100.30158996582031,790.2549438476562,790.2544555664062,790.2544555664062,549.6509399414062,0,0,24.129241943359375,0.0010999999940395355,0.02200000174343586,0.03299999609589577,0.04399999603629112,5655.8173828125,114276.53125,0.0429663360118866,0,3.1392715754918754e-05,137.47128295898438,0,0.0002616529818624258,2.8350639695418067e-05,0,0,23.700000762939453,0,0,1600,0,50,0,0,0,50,50,1400,0.0,0.0,0.0,0.0
76,158.1442108154297,309.0473937988281,326.0509338378906,326.0051574707031,292.0445556640625,292.0903015136719,16515.818359375,33031.63671875,68.97901916503906,68.97895812988281,1793.9437255859375,3579.64794921875,1793.54443359375,3577.28466796875,284.5014343261719,61.87232208251953,-2.3717470867268275e-06,0,0,2574.830078125,1291.5048828125,0,24.126070022583008,2713.163818359375,11.826850891113281,11.83626651763916,907.8762817382812,1810.8515625,49.93915557861328,49.994956970214844,100,0,0,346.3466796875,0,7.924896240234375,20.29574966430664,20.34152603149414,0,1.034000039100647,0.9067617654800415,50,2.799999952316284,2.2930796146392822,0,0,0,0,16.05145253552096,0,0,0,0.0012720305239781737,-0.001267287298105657,0,4.743225872516632e-06,100.30245208740234,100.30180358886719,790.2559814453125,790.2554321289062,790.2554321289062,549.6514282226562,0,0,24.126070022583008,0.0010999999940395355,0.02200000174343586,0.03299999609589577,0.04399999603629112,5655.8173828125,114276.53125,0.0429663360118866,0,3.1392715754918754e-05,139.29208374023438,0,0.0002616529818624258,2.8350639695418067e-05,0,0,23.700000762939453,0,0,1600,0,50,0,0,0,50,50,1400,0.0,0.0,0.0,0.0
77,158.14476013183594,309.04736328125,326.0509338378906,326.005126953125,292.0444030761719,292.0902099609375,16515.818359375,33031.63671875,68.97892761230469,68.9788818359375,1793.9580078125,3579.611328125,1793.5450439453125,3577.283447265625,284.50164794921875,61.87282943725586,4.5214113697511493e-07,0,0,2574.828369140625,1291.50439453125,0,24.122894287109375,2713.169921875,11.82686996459961,11.836325645446777,907.8782958984375,1810.8497314453125,49.93936538696289,49.99559783935547,100,0,0,346.3469543457031,0,7.924896240234375,20.2960205078125,20.34183120727539,0,1.034000039100647,0.9067617654800415,50,2.799999952316284,2.293074369430542,0,0,0,0,15.897204752003837,0,0,0,0.001272495836019516,-0.0012682382948696613,0,4.257506134308642e-06,100.30266571044922,100.30203247070312,790.2568969726562,790.2564086914062,790.2564086914062,549.6519165039062,0,0,24.122894287109375,0.0010999999940395355,0.02200000174343586,0.03299999609589577,0.04399999603629112,5655.8173828125,114276.53125,0.0429663360118866,0,3.1392715754918754e-05,141.11288452148438,0,0.0002616529818624258,2.8350639695418067e-05,0,0,23.700000762939453,0,0,1600,0,50,0,0,0,50,50,1400,0.0,0.0,0.0,0.0
78,158.14529418945312,309.04736328125,326.0509338378906,326.005126953125,292.0442810058594,292.09014892578125,16515.818359375,33031.63671875,68.9788589477539,68.97882843017578,1793.97119140625,3579.577392578125,1793.5439453125,3577.28515625,284.5018310546875,61.87334060668945,3.857036972476635e-06,0,0,2574.826904296875,1291.5040283203125,0,24.119632720947266,2713.17529296875,11.826889991760254,11.836382865905762,907.8814086914062,1810.8531494140625,49.93952941894531,49.996238708496094,100,0,0,346.34722900390625,0,7.924896240234375,20.296293258666992,20.34210205078125,0,1.034000039100647,0.9067617654800415,50,2.799999952316284,2.293069839477539,0,0,0,0,15.742955962560087,0,0,0,0.001272495836019516,-0.0012691259616985917,0,3.3698161132633686e-06,100.30281829833984,100.30223083496094,790.2578735351562,790.2573852539062,790.2573852539062,549.6524047851562,0,0,24.119632720947266,0.0010999999940395355,0.02200000174343586,0.03299999609589577,0.04399999603629112,5655.8173828125,114276.53125,0.0429663360118866,0,3.1392715754918754e-05,142.93368530273438,0,0.0002616529818624258,2.8350639695418067e-05,0,0,23.700000762939453,0,0,1600,0,50,0,0,0,50,50,1400,0.0,0.0,0.0,0.0
79,158.1458282470703,309.04736328125,326.0509338378906,326.005126953125,292.0442199707031,292.090087890625,16515.818359375,33031.63671875,68.97879791259766,68.9787826538086,1793.981689453125,3579.54345703125,1793.538330078125,3577.290771484375,284.5020446777344,61.87385940551758,-2.211786750194733e-06,0,0,2574.8251953125,1291.5037841796875,0,24.11634635925293,2713.18017578125,11.826911926269531,11.836441040039062,907.8839111328125,1810.8570556640625,49.939598083496094,49.99696350097656,100,0,0,346.3475341796875,0,7.924896240234375,20.296598434448242,20.3424072265625,0,1.034000039100647,0.9067617654800415,50,2.799999952316284,2.2930655479431152,0,0,0,0,15.588708179042966,0,0,0,0.001272495836019516,-0.0012699502985924482,0,2.5455142349528614e-06,100.30292510986328,100.30241394042969,790.2586669921875,790.2582397460938,790.2582397460938,549.6527709960938,0,0,24.11634635925293,0.0010999999940395355,0.02200000174343586,0.03299999609589577,0.04399999603629112,5655.8173828125,114276.53125,0.0429663360118866,0,3.1392715754918754e-05,144.75448608398438,0,0.0002616529818624258,2.8350639695418067e-05,0,0,23.700000762939453,0,0,1600,0,50,0,0,0,50,50,1400,0.0,0.0,0.0,0.0
80,158.14633178710938,309.04736328125,326.0509338378906,326.005126953125,292.04412841796875,292.09002685546875,16515.818359375,33031.63671875,68.97875213623047,68.97871398925781,1793.99365234375,3579.5087890625,1793.536865234375,3577.292236328125,284.5022277832031,61.874366760253906,6.121015871940472e-07,0,0,2574.823486328125,1291.5035400390625,0,24.115764617919922,2713.184326171875,11.826933860778809,11.836496353149414,907.8856811523438,1810.8580322265625,49.939788818359375,49.99760818481445,100,0,0,346.3477783203125,0,7.924896240234375,20.29683494567871,20.3426456451416,0,1.034000039100647,0.9067617654800415,50,2.799999952316284,2.293062210083008,0,0,0,0,15.43927979001016,0,0,0,0.001272495836019516,-0.0012706478592008352,0,1.8479884147382108e-06,100.30299377441406,100.30256652832031,790.2593383789062,790.259033203125,790.259033203125,549.6531982421875,0,0,24.115764617919922,0.0010999999940395355,0.02200000174343586,0.03299999609589577,0.04399999603629112,5655.8173828125,114276.53125,0.0429663360118866,0,3.1392715754918754e-05,146.57528686523438,0,0.0002616529818624258,2.8350639695418067e-05,0,0,23.700000762939453,0,0,1600,0,50,0,0,0,50,50,1400,0.0,0.0,0.0,0.0
81,158.14683532714844,309.04736328125,326.0509338378906,326.005126953125,292.0440673828125,292.0899658203125,16515.818359375,33031.63671875,68.97869873046875,68.9786605834961,1794.0084228515625,3579.4716796875,1793.5430908203125,3577.285888671875,284.50244140625,61.8748664855957,2.2739743599231588e-06,0,0,2574.822021484375,1291.5030517578125,0,24.11386489868164,2713.18798828125,11.826956748962402,11.836551666259766,907.8893432617188,1810.86083984375,49.940162658691406,49.99815368652344,100,0,0,346.3480529785156,0,7.924896240234375,20.29710578918457,20.34291648864746,0,1.034000039100647,0.9067617654800415,50,2.799999952316284,2.2930591106414795,0,0,0,0,15.294672807314932,0,0,0,0.001272495836019516,-0.001271218410693109,0,1.2773671187460423e-06,100.30303955078125,100.30269622802734,790.2598876953125,790.2596435546875,790.2596435546875,549.6534423828125,0,0,24.11386489868164,0.0010999999940395355,0.02200000174343586,0.03299999609589577,0.04399999603629112,5655.8173828125,114276.53125,0.0429663360118866,0,3.1392715754918754e-05,148.39608764648438,0,0.0002616529818624258,2.8350639695418067e-05,0,0,23.700000762939453,0,0,1600,0,50,0,0,0,50,50,1400,0.0,0.0,0.0,0.0
82,158.1473388671875,309.04736328125,326.05096435546875,326.005126953125,292.04400634765625,292.0898742675781,16515.818359375,33031.63671875,68.97864532470703,68.9786148071289,1794.020751953125,3579.43603515625,1793.5390625,3577.289794921875,284.50262451171875,61.87537384033203,5.097862413094845e-06,0,0,2574.820556640625,1291.5028076171875,0,24.110624313354492,2713.19091796875,11.826979637145996,11.8366060256958,907.8914184570312,1810.861328125,49.94044494628906,49.99875259399414,100,0,0,346.3482971191406,0,7.924896240234375,20.297344207763672,20.34318733215332,0,1.034000039100647,0.9067617654800415,50,2.799999952316284,2.2930564880371094,0,0,0,0,15.150064818693071,0,0,0,0.001272495836019516,-0.0012717258650809526,0,7.700058404225274e-07,100.30306243896484,100.30281066894531,790.2603759765625,790.2601928710938,790.2601928710938,549.6537475585938,0,0,24.110624313354492,0.0010999999940395355,0.02200000174343586,0.03299999609589577,0.04399999603629112,5655.8173828125,114276.53125,0.0429663360118866,0,3.1392715754918754e-05,150.21688842773438,0,0.0002616529818624258,2.8350639695418067e-05,0,0,23.700000762939453,0,0,1600,0,50,0,0,0,50,50,1400,0.0,0.0,0.0,0.0
83,158.14784240722656,309.04736328125,326.051025390625,326.005126953125,292.0439453125,292.0898132324219,16515.818359375,33031.63671875,68.97859954833984,68.97857666015625,1794.0323486328125,3579.400146484375,1793.542236328125,3577.28662109375,284.5028381347656,61.87588119506836,-2.71398448603577e-06,0,0,2574.8193359375,1291.5025634765625,0,24.110088348388672,2713.193359375,11.827004432678223,11.83665943145752,907.8944091796875,1810.8621826171875,49.940696716308594,49.99937438964844,100,0,0,346.3485412597656,0,7.924896240234375,20.297513961791992,20.343425750732422,0,1.034000039100647,0.9067617654800415,50,2.799999952316284,2.2930545806884766,0,0,0,0,15.005456830071212,0,0,0,0.001272495836019516,-0.001272106310352683,0,3.895489442129474e-07,100.30309295654297,100.30289459228516,790.2606811523438,790.2605590820312,790.2605590820312,549.6539306640625,0,0,24.110088348388672,0.0010999999940395355,0.02200000174343586,0.03299999609589577,0.04399999603629112,5655.8173828125,114276.53125,0.0429663360118866,0,3.1392715754918754e-05,152.03768920898438,0,0.0002616529818624258,2.8350639695418067e-05,0,0,23.700000762939453,0,0,1600,0,50,0,0,0,50,50,1400,0.0,0.0,0.0,0.0
84,158.1483612060547,309.04736328125,326.0510559082031,326.005126953125,292.04388427734375,292.08978271484375,16515.818359375,33031.63671875,68.97856140136719,68.9785385131836,1794.044189453125,3579.3642578125,1793.5399169921875,3577.28955078125,284.5030517578125,61.876373291015625,-2.214127562183421e-06,0,0,2574.817626953125,1291.502197265625,0,24.10955047607422,2713.19482421875,11.827027320861816,11.836711883544922,907.8963623046875,1810.8653564453125,49.940982818603516,49.99996566772461,100,0,0,346.34881591796875,0,7.924896240234375,20.29775047302246,20.34369659423828,0,1.034000039100647,0.9067617654800415,50,2.799999952316284,2.293053388595581,0,0,0,0,14.860849847375983,0,0,0,0.001272495836019516,-0.0012723598629236221,0,1.3599637327388336e-07,100.30309295654297,100.30294799804688,790.260986328125,790.2608642578125,790.2608642578125,549.654052734375,0,0,24.10955047607422,0.0010999999940395355,0.02200000174343586,0.03299999609589577,0.04399999603629112,5655.8173828125,114276.53125,0.0429663360118866,0,3.1392715754918754e-05,153.85848999023438,0,0.0002616529818624258,2.8350639695418067e-05,0,0,23.700000762939453,0,0,1600,0,50,0,0,0,50,50,1400,0.0,0.0,0.0,0.0
85,158.14886474609375,309.04736328125,326.0511169433594,326.005126953125,292.0437927246094,292.08978271484375,16515.818359375,33031.63671875,68.97853088378906,68.97850799560547,1794.0546875,3579.32861328125,1793.538330078125,3577.291015625,284.50323486328125,61.87687683105469,2.8752843661550287e-08,0,0,2574.816162109375,1291.5020751953125,0,24.104969024658203,2713.196044921875,11.82705307006836,11.836764335632324,907.8980712890625,1810.8663330078125,49.941261291503906,50.000579833984375,100,0,0,346.3490905761719,0,7.924896240234375,20.29798698425293,20.34396743774414,0,1.034000039100647,0.9067617654800415,50,2.799999952316284,2.2930524349212646,0,0,0,0,14.716241858754124,0,0,0,0.001272495836019516,-0.0012725500855594873,0,-5.429610538953966e-08,100.30309295654297,100.30299377441406,790.2611083984375,790.2610473632812,790.2610473632812,549.6542358398438,0,0,24.104969024658203,0.0010999999940395355,0.02200000174343586,0.03299999609589577,0.04399999603629112,5655.8173828125,114276.53125,0.0429663360118866,0,3.1392715754918754e-05,155.67929077148438,0,0.0002616529818624258,2.8350639695418067e-05,0,0,23.700000762939453,0,0,1600,0,50,0,0,0,50,50,1400,0.0,0.0,0.0,0.0
86,158.1493682861328,309.04736328125,326.0511169433594,326.005126953125,292.0437316894531,292.08978271484375,16515.818359375,33031.63671875,68.97850036621094,68.97848510742188,1794.064697265625,3579.2939453125,1793.5380859375,3577.290771484375,284.50341796875,61.87736892700195,5.286099167278735e-07,0,0,2574.814697265625,1291.5018310546875,0,24.103092193603516,2713.19677734375,11.827078819274902,11.836814880371094,907.8995971679688,1810.86474609375,49.941497802734375,50.001197814941406,100,0,0,346.3493347167969,0,7.924896240234375,20.29822540283203,20.344205856323242,0,1.034000039100647,0.9067617654800415,50,2.799999952316284,2.2930517196655273,0,0,0,0,14.571633870132265,0,0,0,0.001272495836019516,-0.0012726768618449569,0,-1.8107239441178535e-07,100.30309295654297,100.30302429199219,790.26123046875,790.2611694335938,790.2611694335938,549.654296875,0,0,24.103092193603516,0.0010999999940395355,0.02200000174343586,0.03299999609589577,0.04399999603629112,5655.8173828125,114276.53125,0.0429663360118866,0,3.1392715754918754e-05,157.50009155273438,0,0.0002616529818624258,2.8350639695418067e-05,0,0,23.700000762939453,0,0,1600,0,50,0,0,0,50,50,1400,0.0,0.0,0.0,0.0
87,158.14987182617188,309.04736328125,326.0511474609375,326.005126953125,292.0436706542969,292.08978271484375,16515.818359375,33031.63671875,68.97847747802734,68.97846221923828,1794.0745849609375,3579.259033203125,1793.540283203125,3577.28857421875,284.5036315917969,61.877864837646484,1.6094746797534754e-06,0,0,2574.81298828125,1291.50146484375,0,24.10396385192871,2713.197509765625,11.827106475830078,11.836865425109863,907.9014892578125,1810.8653564453125,49.94184494018555,50.00177001953125,100,0,0,346.349609375,0,7.924896240234375,20.2984619140625,20.3444766998291,0,1.034000039100647,0.9067617654800415,50,2.799999952316284,2.29305100440979,0,0,0,0,14.427025881510405,0,0,0,0.001272495836019516,-0.0012728037545457482,0,-3.0797673389315605e-07,100.30309295654297,100.30304718017578,790.2614135742188,790.2612915039062,790.2612915039062,549.6543579101562,0,0,24.10396385192871,0.0010999999940395355,0.02200000174343586,0.03299999609589577,0.04399999603629112,5655.8173828125,114276.53125,0.0429663360118866,0,3.1392715754918754e-05,159.32089233398438,0,0.0002616529818624258,2.8350639695418067e-05,0,0,23.700000762939453,0,0,1600,0,50,0,0,0,50,50,1400,0.0,0.0,0.0,0.0
88,158.15036010742188,309.04736328125,326.0511779785156,326.005126953125,292.0436096191406,292.08978271484375,16515.818359375,33031.63671875,68.97845458984375,68.97843933105469,1794.0845947265625,3579.223876953125,1793.537353515625,3577.29150390625,284.5038146972656,61.878353118896484,1.5283239918062463e-06,0,0,2574.811279296875,1291.50146484375,0,24.102108001708984,2713.19775390625,11.827132225036621,11.836915016174316,907.9019775390625,1810.8660888671875,49.94214630126953,50.002349853515625,100,0,0,346.3498229980469,0,7.924896240234375,20.29866600036621,20.34471321105957,0,1.034000039100647,0.9067617654800415,50,2.799999952316284,2.293050765991211,0,0,0,0,14.282418898815177,0,0,0,0.001272495836019516,-0.001272867200896144,0,-3.7136487662792206e-07,100.30309295654297,100.30306243896484,790.2614135742188,790.2614135742188,790.2614135742188,549.6543579101562,0,0,24.102108001708984,0.0010999999940395355,0.02200000174343586,0.03299999609589577,0.04399999603629112,5655.8173828125,114276.53125,0.0429663360118866,0,3.1392715754918754e-05,161.14169311523438,0,0.0002616529818624258,2.8350639695418067e-05,0,0,23.700000762939453,0,0,1600,0,50,0,0,0,50,50,1400,0.0,0.0,0.0,0.0
89,158.1508331298828,309.04736328125,326.05120849609375,326.005126953125,292.04351806640625,292.08978271484375,16515.818359375,33031.63671875,68.97843170166016,68.97842407226562,1794.093994140625,3579.1884765625,1793.5374755859375,3577.29150390625,284.5039978027344,61.87883758544922,8.66165521529183e-07,0,0,2574.81005859375,1291.5013427734375,0,24.10027503967285,2713.19775390625,11.827159881591797,11.836963653564453,907.9036254882812,1810.864501953125,49.94245910644531,50.002933502197266,100,0,0,346.35009765625,0,7.924896240234375,20.29890251159668,20.34498405456543,0,1.034000039100647,0.9067617654800415,50,2.799999952316284,2.293050765991211,0,0,0,0,14.14745171101521,0,0,0,0.001272495836019516,-0.001272867200896144,0,-3.7136487662792206e-07,100.30309295654297,100.30306243896484,790.2614135742188,790.2614135742188,790.2614135742188,549.6543579101562,0,0,24.10027503967285,0.0010999999940395355,0.02200000174343586,0.03299999609589577,0.04399999603629112,5655.8173828125,114276.53125,0.0429663360118866,0,3.1392715754918754e-05,162.96249389648438,0,0.0002616529818624258,2.8350639695418067e-05,0,0,23.700000762939453,0,0,1600,0,50,0,0,0,50,50,1400,0.0,0.0,0.0,0.0
90,158.15130615234375,309.04736328125,326.05120849609375,326.005126953125,292.0434875488281,292.08978271484375,16515.818359375,33031.63671875,68.9784164428711,68.97840881347656,1794.1029052734375,3579.1533203125,1793.5345458984375,3577.294189453125,284.50421142578125,61.87930679321289,-2.1200239643803798e-06,0,0,2574.808837890625,1291.501220703125,0,24.1011905670166,2713.19775390625,11.827189445495605,11.837011337280273,907.9041748046875,1810.8651123046875,49.94282150268555,50.00348663330078,100,0,0,346.350341796875,0,7.924896240234375,20.29914093017578,20.34522247314453,0,1.034000039100647,0.9067617654800415,50,2.799999952316284,2.293050765991211,0,0,0,0,14.012484523215242,0,0,0,0.001272495836019516,-0.001272867200896144,0,-3.7136487662792206e-07,100.30309295654297,100.30306243896484,790.2614135742188,790.2614135742188,790.2614135742188,549.6543579101562,0,0,24.1011905670166,0.0010999999940395355,0.02200000174343586,0.03299999609589577,0.04399999603629112,5655.8173828125,114276.53125,0.0429663360118866,0,3.1392715754918754e-05,164.78329467773438,0,0.0002616529818624258,2.8350639695418067e-05,0,0,23.700000762939453,0,0,1600,0,50,0,0,0,50,50,1400,0.0,0.0,0.0,0.0
91,158.1517791748047,309.0472717285156,326.05120849609375,326.005126953125,292.0434265136719,292.0897521972656,16515.818359375,33031.63671875,68.9783935546875,68.9783935546875,1794.1119384765625,3579.119140625,1793.5345458984375,3577.294189453125,284.50439453125,61.879783630371094,-3.944198397221044e-06,0,0,2574.807373046875,1291.5006103515625,0,24.09806251525879,2713.197998046875,11.827217102050781,11.837058067321777,907.904541015625,1810.861083984375,49.9431266784668,50.0040397644043,100,0,0,346.3505859375,0,7.924896240234375,20.29937744140625,20.345458984375,0,1.034000039100647,0.9067617654800415,50,2.799999952316284,2.293050527572632,0,0,0,0,13.877517335415273,0,0,0,0.0012734264601022005,-0.001272867200896144,0,5.592243041974143e-07,100.3031005859375,100.30307006835938,790.2614135742188,790.2614135742188,790.2614135742188,549.6543579101562,0,0,24.09806251525879,0.0010999999940395355,0.02200000174343586,0.03299999609589577,0.04399999603629112,5655.8173828125,114276.53125,0.0429663360118866,0,3.1392715754918754e-05,166.60409545898438,0,0.0002616529818624258,2.8350639695418067e-05,0,0,23.700000762939453,0,0,1600,0,50,0,0,0,50,50,1400,0.0,0.0,0.0,0.0
92,158.15223693847656,309.0472717285156,326.05120849609375,326.005126953125,292.0434265136719,292.0897521972656,16515.818359375,33031.63671875,68.97837829589844,68.97837829589844,1794.1204833984375,3579.0859375,1793.5361328125,3577.29296875,284.50457763671875,61.88026809692383,-4.606356469594175e-06,0,0,2574.8056640625,1291.5006103515625,0,24.096275329589844,2713.19873046875,11.827245712280273,11.837103843688965,907.9048461914062,1810.8594970703125,49.94344711303711,50.00457763671875,100,0,0,346.350830078125,0,7.924896240234375,20.29961585998535,20.3456974029541,0,1.034000039100647,0.9067617654800415,50,2.799999952316284,2.2930500507354736,0,0,0,0,13.742550147615306,0,0,0,0.0012734264601022005,-0.0012729305308312178,0,4.958361614626483e-07,100.30316162109375,100.30309295654297,790.2615356445312,790.261474609375,790.261474609375,549.6543579101562,0,0,24.096275329589844,0.0010999999940395355,0.02200000174343586,0.03299999609589577,0.04399999603629112,5655.8173828125,114276.53125,0.0429663360118866,0,3.1392715754918754e-05,168.42489624023438,0,0.0002616529818624258,2.8350639695418067e-05,0,0,23.700000762939453,0,0,1600,0,50,0,0,0,50,50,1400,0.0,0.0,0.0,0.0
93,158.1527099609375,309.0472717285156,326.05120849609375,326.005126953125,292.04339599609375,292.0897521972656,16515.818359375,33031.63671875,68.97835540771484,68.97835540771484,1794.1292724609375,3579.0517578125,1793.5379638671875,3577.291015625,284.5047607421875,61.88074493408203,4.205204277241137e-06,0,0,2574.804443359375,1291.50048828125,0,24.095827102661133,2713.199462890625,11.827275276184082,11.837148666381836,907.9053344726562,1810.857666015625,49.94380187988281,50.005088806152344,100,0,0,346.3510437011719,0,7.924896240234375,20.29985237121582,20.34593391418457,0,1.034000039100647,0.9067617654800415,50,2.799999952316284,2.2930493354797363,0,0,0,0,13.607582959815339,0,0,0,0.0012734264601022005,-0.0012730573071166873,0,3.6905984757140686e-07,100.30320739746094,100.3031234741211,790.2616577148438,790.2615966796875,790.2615966796875,549.6544189453125,0,0,24.095827102661133,0.0010999999940395355,0.02200000174343586,0.03299999609589577,0.04399999603629112,5655.8173828125,114276.53125,0.0429663360118866,0,3.1392715754918754e-05,170.24569702148438,0,0.0002616529818624258,2.8350639695418067e-05,0,0,23.700000762939453,0,0,1600,0,50,0,0,0,50,50,1400,0.0,0.0,0.0,0.0
94,158.15318298339844,309.0472717285156,326.05120849609375,326.0050964355469,292.0433654785156,292.0897521972656,16515.818359375,33031.63671875,68.97834014892578,68.97834777832031,1794.136962890625,3579.01904296875,1793.536376953125,3577.292724609375,284.50494384765625,61.881221771240234,2.3810305265214993e-06,0,0,2574.802978515625,1291.5003662109375,0,24.092676162719727,2713.2001953125,11.82730484008789,11.837193489074707,907.9070434570312,1810.8585205078125,49.94413757324219,50.005611419677734,100,0,0,346.3512878417969,0,7.924896240234375,20.300090789794922,20.34620475769043,0,1.034000039100647,0.9067617654800415,50,2.799999952316284,2.293048858642578,0,0,0,0,13.472615772015372,0,0,0,0.0012734264601022005,-0.0012731840834021568,0,2.4228356210187485e-07,100.30323028564453,100.30314636230469,790.2617797851562,790.26171875,790.26171875,549.6544799804688,0,0,24.092676162719727,0.0010999999940395355,0.02200000174343586,0.03299999609589577,0.04399999603629112,5655.8173828125,114276.53125,0.0429663360118866,0,3.1392715754918754e-05,172.06649780273438,0,0.0002616529818624258,2.8350639695418067e-05,0,0,23.700000762939453,0,0,1600,0,50,0,0,0,50,50,1400,0.0,0.0,0.0,0.0
95,158.15365600585938,309.0472717285156,326.05120849609375,326.0050964355469,292.0433654785156,292.0897521972656,16515.818359375,33031.63671875,68.97832489013672,68.97833251953125,1794.14453125,3578.986328125,1793.531494140625,3577.2978515625,284.5051574707031,61.8817024230957,1.137864160227764e-06,0,0,2574.8017578125,1291.5003662109375,0,24.08952522277832,2713.200927734375,11.827335357666016,11.837236404418945,907.9072875976562,1810.85693359375,49.94446563720703,50.00612258911133,100,0,0,346.3515319824219,0,7.924896240234375,20.30032730102539,20.34644317626953,0,1.034000039100647,0.9067617654800415,50,2.799999952316284,2.293048143386841,0,0,0,0,13.337648584215405,0,0,0,0.0012734264601022005,-0.00127331109251827,0,1.1537922262050415e-07,100.30326080322266,100.30317687988281,790.2619018554688,790.2618408203125,790.2618408203125,549.654541015625,0,0,24.08952522277832,0.0010999999940395355,0.02200000174343586,0.03299999609589577,0.04399999603629112,5655.8173828125,114276.53125,0.0429663360118866,0,3.1392715754918754e-05,173.88729858398438,0,0.0002616529818624258,2.8350639695418067e-05,0,0,23.700000762939453,0,0,1600,0,50,0,0,0,50,50,1400,0.0,0.0,0.0,0.0
96,158.1541290283203,309.0472717285156,326.05120849609375,326.0050964355469,292.0433654785156,292.0897521972656,16515.818359375,33031.63671875,68.97830963134766,68.97832489013672,1794.1527099609375,3578.952392578125,1793.5330810546875,3577.2958984375,284.5053405761719,61.8821907043457,1.0567135859673726e-06,0,0,2574.80029296875,1291.500244140625,0,24.08907699584961,2713.20166015625,11.827366828918457,11.837279319763184,907.90771484375,1810.855224609375,49.94484329223633,50.006614685058594,100,0,0,346.3517761230469,0,7.924896240234375,20.300565719604492,20.3466796875,0,1.034000039100647,0.9067617654800415,50,2.799999952316284,2.2930474281311035,0,0,0,0,13.202681396415437,0,0,0,0.0012734264601022005,-0.0012734378688037395,0,-1.1397060184492602e-08,100.30326080322266,100.30320739746094,790.2620849609375,790.2620239257812,790.2620239257812,549.6546020507812,0,0,24.08907699584961,0.0010999999940395355,0.02200000174343586,0.03299999609589577,0.04399999603629112,5655.8173828125,114276.53125,0.0429663360118866,0,3.1392715754918754e-05,175.70809936523438,0,0.0002616529818624258,2.8350639695418067e-05,0,0,23.700000762939453,0,0,1600,0,50,0,0,0,50,50,1400,0.0,0.0,0.0,0.0
97,158.15460205078125,309.0472717285156,326.0512390136719,326.0050964355469,292.0433349609375,292.0897521972656,16515.818359375,33031.63671875,68.97830200195312,68.97831726074219,1794.1595458984375,3578.919677734375,1793.532958984375,3577.296142578125,284.5055236816406,61.88267517089844,3.9455505884689046e-07,0,0,2574.798828125,1291.5,0,24.087244033813477,2713.202392578125,11.827398300170898,11.837321281433105,907.9092407226562,1810.853759765625,49.94517517089844,50.007118225097656,100,0,0,346.35205078125,0,7.924896240234375,20.30080223083496,20.346952438354492,0,1.034000039100647,0.9067617654800415,50,2.799999952316284,2.2930469512939453,0,0,0,0,13.06771420861547,0,0,0,0.0012734264601022005,-0.001273564645089209,0,-1.3817334831855987e-07,100.30326080322266,100.30323028564453,790.2621459960938,790.2621459960938,790.2621459960938,549.6546630859375,0,0,24.087244033813477,0.0010999999940395355,0.02200000174343586,0.03299999609589577,0.04399999603629112,5655.8173828125,114276.53125,0.0429663360118866,0,3.1392715754918754e-05,177.52890014648438,0,0.0002616529818624258,2.8350639695418067e-05,0,0,23.700000762939453,0,0,1600,0,50,0,0,0,50,50,1400,0.0,0.0,0.0,0.0
98,158.1550750732422,309.0472717285156,326.0512390136719,326.00506591796875,292.0433349609375,292.0897521972656,16515.818359375,33031.63671875,68.9782943725586,68.97830963134766,1794.16650390625,3578.88671875,1793.532958984375,3577.296142578125,284.5057373046875,61.883155822753906,-8.48611250603426e-07,0,0,2574.79736328125,1291.5,0,24.085433959960938,2713.202392578125,11.827430725097656,11.837361335754395,907.9096069335938,1810.854736328125,49.94557189941406,50.00758743286133,100,0,0,346.3522644042969,0,7.924896240234375,20.30103874206543,20.34722328186035,0,1.034000039100647,0.9067617654800415,50,2.799999952316284,2.2930469512939453,0,0,0,0,12.932747020815503,0,0,0,0.0012734264601022005,-0.001273564645089209,0,-1.3817334831855987e-07,100.30326080322266,100.30323028564453,790.2621459960938,790.2621459960938,790.2621459960938,549.6546630859375,0,0,24.085433959960938,0.0010999999940395355,0.02200000174343586,0.03299999609589577,0.04399999603629112,5655.8173828125,114276.53125,0.0429663360118866,0,3.1392715754918754e-05,179.34970092773438,0,0.0002616529818624258,2.8350639695418067e-05,0,0,23.700000762939453,0,0,1600,0,50,0,0,0,50,50,1400,0.0,0.0,0.0,0.0
99,158.15554809570312,309.0472717285156,326.0512390136719,326.00506591796875,292.0433349609375,292.0897521972656,16515.818359375,33031.63671875,68.97828674316406,68.97830200195312,1794.1734619140625,3578.85400390625,1793.5311279296875,3577.29736328125,284.50592041015625,61.88364028930664,-1.5107696071936516e-06,0,0,2574.7958984375,1291.5,0,24.0836238861084,2713.202392578125,11.827462196350098,11.83740234375,907.909912109375,1810.85302734375,49.94593811035156,50.00806427001953,100,0,0,346.3525085449219,0,7.924896240234375,20.30127716064453,20.34745979309082,0,1.034000039100647,0.9067617654800415,50,2.799999952316284,2.2930469512939453,0,0,0,0,12.797779833015536,0,0,0,0.0012734264601022005,-0.001273564645089209,0,-1.3817334831855987e-07,100.30326080322266,100.30323028564453,790.2621459960938,790.2621459960938,790.2621459960938,549.6546630859375,0,0,24.0836238861084,0.0010999999940395355,0.02200000174343586,0.03299999609589577,0.04399999603629112,5655.8173828125,114276.53125,0.0429663360118866,0,3.1392715754918754e-05,181.17050170898438,0,0.0002616529818624258,2.8350639695418067e-05,0,0,23.700000762939453,0,0,1600,0,50,0,0,0,50,50,1400,0.0,0.0,0.0,0.0
100,158.15602111816406,309.0472717285156,326.05126953125,326.00506591796875,292.0433044433594,292.0897521972656,16515.818359375,33031.63671875,68.978271484375,68.97830200195312,1794.1798095703125,3578.82177734375,1793.5343017578125,3577.294677734375,284.506103515625,61.88412857055664,-1.5919204088277183e-06,0,0,2574.794677734375,1291.499755859375,0,24.081811904907227,2713.202392578125,11.827494621276855,11.837442398071289,907.9114379882812,1810.8514404296875,49.9463005065918,50.00853729248047,100,0,0,346.3527526855469,0,7.924896240234375,20.301481246948242,20.347698211669922,0,1.034000039100647,0.9067617654800415,50,2.799999952316284,2.2930469512939453,0,0,0,0,12.662812645215569,0,0,0,0.0012734264601022005,-0.001273564645089209,0,-1.3817334831855987e-07,100.30326080322266,100.30323028564453,790.2621459960938,790.2621459960938,790.2621459960938,549.6546630859375,0,0,24.081811904907227,0.0010999999940395355,0.02200000174343586,0.03299999609589577,0.04399999603629112,5655.8173828125,114276.53125,0.0429663360118866,0,3.1392715754918754e-05,182.99130249023438,0,0.0002616529818624258,2.8350639695418067e-05,0,0,23.700000762939453,0,0,1600,0,50,0,0,0,50,50,1400,0.0,0.0,0.0,0.0
101,158.15647888183594,309.0472717285156,326.05126953125,326.00506591796875,292.0433044433594,292.0897521972656,16515.818359375,33031.63671875,68.978271484375,68.9782943725586,1794.185791015625,3578.790283203125,1793.529541015625,3577.29931640625,284.5063171386719,61.88461685180664,-1.6730710967749474e-06,0,0,2574.793212890625,1291.49951171875,0,24.079980850219727,2713.202392578125,11.827527046203613,11.837480545043945,907.9118041992188,1810.849853515625,49.946685791015625,50.00898742675781,100,0,0,346.3529968261719,0,7.924896240234375,20.30171775817871,20.34793472290039,0,1.034000039100647,0.9067617654800415,50,2.799999952316284,2.2930469512939453,0,0,0,0,12.527845457415602,0,0,0,0.0012734264601022005,-0.001273564645089209,0,-1.3817334831855987e-07,100.30326080322266,100.30323028564453,790.2621459960938,790.2621459960938,790.2621459960938,549.6546630859375,0,0,24.079980850219727,0.0010999999940395355,0.02200000174343586,0.03299999609589577,0.04399999603629112,5655.8173828125,114276.53125,0.0429663360118866,0,3.1392715754918754e-05,184.81210327148438,0,0.0002616529818624258,2.8350639695418067e-05,0,0,23.700000762939453,0,0,1600,0,50,0,0,0,50,50,1400,0.0,0.0,0.0,0.0
102,158.15695190429688,309.0472717285156,326.05126953125,326.0050354003906,292.0433044433594,292.0897521972656,16515.818359375,33031.63671875,68.97826385498047,68.9782943725586,1794.1923828125,3578.757568359375,1793.5311279296875,3577.2978515625,284.5065002441406,61.885101318359375,-2.335229510208592e-06,0,0,2574.791748046875,1291.49951171875,0,24.078147888183594,2713.202392578125,11.827561378479004,11.837518692016602,907.912109375,1810.84814453125,49.94709396362305,50.00943374633789,100,0,0,346.3532409667969,0,7.924896240234375,20.30195426940918,20.34820556640625,0,1.034000039100647,0.9067617654800415,50,2.799999952316284,2.2930469512939453,0,0,0,0,12.392878269615634,0,0,0,0.0012734264601022005,-0.001273564645089209,0,-1.3817334831855987e-07,100.30326080322266,100.30323028564453,790.2621459960938,790.2621459960938,790.2621459960938,549.6546630859375,0,0,24.078147888183594,0.0010999999940395355,0.02200000174343586,0.03299999609589577,0.04399999603629112,5655.8173828125,114276.53125,0.0429663360118866,0,3.1392715754918754e-05,186.63290405273438,0,0.0002616529818624258,2.8350639695418067e-05,0,0,23.700000762939453,0,0,1600,0,50,0,0,0,50,50,1400,0.0,0.0,0.0,0.0
103,158.1574249267578,309.0472717285156,326.05126953125,326.0050354003906,292.0433044433594,292.0897521972656,16515.818359375,33031.63671875,68.97826385498047,68.9782943725586,1794.197998046875,3578.72607421875,1793.5291748046875,3577.2998046875,284.5066833496094,61.885581970214844,-3.578395990189165e-06,0,0,2574.790283203125,1291.49951171875,0,24.07497215270996,2713.202392578125,11.827594757080078,11.837555885314941,907.9122924804688,1810.8466796875,49.94747543334961,50.0098762512207,100,0,0,346.35345458984375,0,7.924896240234375,20.30219268798828,20.34844398498535,0,1.034000039100647,0.9067617654800415,50,2.799999952316284,2.2930469512939453,0,0,0,0,12.257911081815667,0,0,0,0.0012734264601022005,-0.001273564645089209,0,-1.3817334831855987e-07,100.30326080322266,100.30323028564453,790.2621459960938,790.2621459960938,790.2621459960938,549.6546630859375,0,0,24.07497215270996,0.0010999999940395355,0.02200000174343586,0.03299999609589577,0.04399999603629112,5655.8173828125,114276.53125,0.0429663360118866,0,3.1392715754918754e-05,188.45370483398438,0,0.0002616529818624258,2.8350639695418067e-05,0,0,23.700000762939453,0,0,1600,0,50,0,0,0,50,50,1400,0.0,0.0,0.0,0.0
104,158.15789794921875,309.0472717285156,326.0513000488281,326.0049743652344,292.04327392578125,292.0897521972656,16515.818359375,33031.63671875,68.97826385498047,68.9782943725586,1794.203369140625,3578.69482421875,1793.5303955078125,3577.298583984375,284.50689697265625,61.886077880859375,-2.4975311134767253e-06,0,0,2574.788818359375,1291.49951171875,0,24.073163986206055,2713.202392578125,11.827628135681152,11.837592124938965,907.9125366210938,1810.84521484375,49.94784927368164,50.010311126708984,100,0,0,346.35369873046875,0,7.924896240234375,20.302396774291992,20.34871482849121,0,1.034000039100647,0.9067617654800415,50,2.799999952316284,2.2930469512939453,0,0,0,0,12.122943894015698,0,0,0,0.0012734264601022005,-0.001273564645089209,0,-1.3817334831855987e-07,100.30326080322266,100.30323028564453,790.2621459960938,790.2621459960938,790.2621459960938,549.6546630859375,0,0,24.073163986206055,0.0010999999940395355,0.02200000174343586,0.03299999609589577,0.04399999603629112,5655.8173828125,114276.53125,0.0429663360118866,0,3.1392715754918754e-05,190.27450561523438,0,0.0002616529818624258,2.8350639695418067e-05,0,0,23.700000762939453,0,0,1600,0,50,0,0,0,50,50,1400,0.0,0.0,0.0,0.0
105,158.15834045410156,309.0472717285156,326.0513000488281,326.0049743652344,292.04327392578125,292.0897521972656,16515.818359375,33031.63671875,68.97825622558594,68.9782943725586,1794.208740234375,3578.664306640625,1793.5286865234375,3577.30029296875,284.507080078125,61.886566162109375,-2.5786816877371166e-06,0,0,2574.78759765625,1291.49951171875,0,24.071308135986328,2713.202392578125,11.827662467956543,11.837626457214355,907.912841796875,1810.8436279296875,49.94826126098633,50.010711669921875,100,0,0,346.35394287109375,0,7.924896240234375,20.30263328552246,20.34895133972168,0,1.034000039100647,0.9067617654800415,50,2.799999952316284,2.2930469512939453,0,0,0,0,11.992797106626679,0,0,0,0.0012734264601022005,-0.001273564645089209,0,-1.3817334831855987e-07,100.30326080322266,100.30323028564453,790.2621459960938,790.2621459960938,790.2621459960938,549.6546630859375,0,0,24.071308135986328,0.0010999999940395355,0.02200000174343586,0.03299999609589577,0.04399999603629112,5655.8173828125,114276.53125,0.0429663360118866,0,3.1392715754918754e-05,192.09530639648438,0,0.0002616529818624258,2.8350639695418067e-05,0,0,23.700000762939453,0,0,1600,0,50,0,0,0,50,50,1400,0.0,0.0,0.0,0.0
106,158.1587677001953,309.0472717285156,326.0513000488281,326.00494384765625,292.04327392578125,292.0897521972656,16515.818359375,33031.63671875,68.97825622558594,68.9782943725586,1794.21337890625,3578.633544921875,1793.52978515625,3577.29931640625,284.50726318359375,61.88705062866211,-3.2408402148575988e-06,0,0,2574.786376953125,1291.49951171875,0,24.070838928222656,2713.202392578125,11.827698707580566,11.837661743164062,907.9129028320312,1810.8421630859375,49.94866180419922,50.01113510131836,100,0,0,346.35418701171875,0,7.924896240234375,20.30286979675293,20.349224090576172,0,1.034000039100647,0.9067617654800415,50,2.799999952316284,2.2930469512939453,0,0,0,0,11.867470719648603,0,0,0,0.0012734264601022005,-0.001273564645089209,0,-1.3817334831855987e-07,100.30326080322266,100.30323028564453,790.2621459960938,790.2621459960938,790.2621459960938,549.6546630859375,0,0,24.070838928222656,0.0010999999940395355,0.02200000174343586,0.03299999609589577,0.04399999603629112,5655.8173828125,114276.53125,0.0429663360118866,0,3.1392715754918754e-05,193.91610717773438,0,0.0002616529818624258,2.8350639695418067e-05,0,0,23.700000762939453,0,0,1600,0,50,0,0,0,50,50,1400,0.0,0.0,0.0,0.0
107,158.15921020507812,309.0472717285156,326.0513000488281,326.00494384765625,292.04327392578125,292.0897521972656,16515.818359375,33031.63671875,68.97825622558594,68.9782943725586,1794.218505859375,3578.602783203125,1793.5281982421875,3577.301025390625,284.5074768066406,61.88753890991211,-3.32199078911799e-06,0,0,2574.784912109375,1291.499267578125,0,24.069028854370117,2713.202392578125,11.82773208618164,11.837695121765137,907.913330078125,1810.840576171875,49.949073791503906,50.01152038574219,100,0,0,346.3543701171875,0,7.924896240234375,20.30307388305664,20.34942626953125,0,1.034000039100647,0.9067617654800415,50,2.799999952316284,2.2930469512939453,0,0,0,0,11.742143326743896,0,0,0,0.0012734264601022005,-0.001273564645089209,0,-1.3817334831855987e-07,100.30326080322266,100.30323028564453,790.2621459960938,790.2621459960938,790.2621459960938,549.6546630859375,0,0,24.069028854370117,0.0010999999940395355,0.02200000174343586,0.03299999609589577,0.04399999603629112,5655.8173828125,114276.53125,0.0429663360118866,0,3.1392715754918754e-05,195.73690795898438,0,0.0002616529818624258,2.8350639695418067e-05,0,0,23.700000762939453,0,0,1600,0,50,0,0,0,50,50,1400,0.0,0.0,0.0,0.0
108,158.15965270996094,309.0472717285156,326.0513000488281,326.00494384765625,292.04327392578125,292.0897521972656,16515.818359375,33031.63671875,68.97825622558594,68.9782943725586,1794.222900390625,3578.5732421875,1793.5291748046875,3577.2998046875,284.5076599121094,61.88802719116211,-3.403141590752057e-06,0,0,2574.783447265625,1291.499267578125,0,24.065832138061523,2713.202392578125,11.827766418457031,11.837727546691895,907.9134521484375,1810.8392333984375,49.949459075927734,50.01191711425781,100,0,0,346.3546142578125,0,7.924896240234375,20.303312301635742,20.34966468811035,0,1.034000039100647,0.9067617654800415,50,2.799999952316284,2.2930469512939453,0,0,0,0,11.61681693976582,0,0,0,0.0012734264601022005,-0.001273564645089209,0,-1.3817334831855987e-07,100.30326080322266,100.30323028564453,790.2621459960938,790.2621459960938,790.2621459960938,549.6546630859375,0,0,24.065832138061523,0.0010999999940395355,0.02200000174343586,0.03299999609589577,0.04399999603629112,5655.8173828125,114276.53125,0.0429663360118866,0,3.1392715754918754e-05,197.55770874023438,0,0.0002616529818624258,2.8350639695418067e-05,0,0,23.700000762939453,0,0,1600,0,50,0,0,0,50,50,1400,0.0,0.0,0.0,0.0
109,158.1600799560547,309.0472717285156,326.0513000488281,326.0049133300781,292.04327392578125,292.0897521972656,16515.818359375,33031.63671875,68.9782485961914,68.9782943725586,1794.227294921875,3578.54296875,1793.527587890625,3577.3017578125,284.5078430175781,61.88851547241211,-3.4842923923861235e-06,0,0,2574.782470703125,1291.499267578125,0,24.06263542175293,2713.202392578125,11.827802658081055,11.837760925292969,907.9136962890625,1810.8377685546875,49.94989776611328,50.012290954589844,100,0,0,346.3548583984375,0,7.924896240234375,20.30354881286621,20.34993553161621,0,1.034000039100647,0.9067617654800415,50,2.799999952316284,2.2930469512939453,0,0,0,0,11.491490552787747,0,0,0,0.0012734264601022005,-0.001273564645089209,0,-1.3817334831855987e-07,100.30326080322266,100.30323028564453,790.2621459960938,790.2621459960938,790.2621459960938,549.6546630859375,0,0,24.06263542175293,0.0010999999940395355,0.02200000174343586,0.03299999609589577,0.04399999603629112,5655.8173828125,114276.53125,0.0429663360118866,0,3.1392715754918754e-05,199.37850952148438,0,0.0002616529818624258,2.8350639695418067e-05,0,0,23.700000762939453,0,0,1600,0,50,0,0,0,50,50,1400,0.0,0.0,0.0,0.0
110,158.1605224609375,309.0472717285156,326.0513000488281,326.0049133300781,292.04327392578125,292.0897521972656,16515.818359375,33031.63671875,68.9782485961914,68.9782943725586,1794.2314453125,3578.513671875,1793.528564453125,3577.300537109375,284.508056640625,61.88901138305664,-2.403427515673684e-06,0,0,2574.781005859375,1291.499267578125,0,24.062166213989258,2713.202392578125,11.827837944030762,11.83779239654541,907.913818359375,1810.83642578125,49.950286865234375,50.01266860961914,100,0,0,346.3550720214844,0,7.924896240234375,20.303752899169922,20.350139617919922,0,1.034000039100647,0.9067617654800415,50,2.799999952316284,2.2930469512939453,0,0,0,0,11.366164165809671,0,0,0,0.0012734264601022005,-0.001273564645089209,0,-1.3817334831855987e-07,100.30326080322266,100.30323028564453,790.2621459960938,790.2621459960938,790.2621459960938,549.6546630859375,0,0,24.062166213989258,0.0010999999940395355,0.02200000174343586,0.03299999609589577,0.04399999603629112,5655.8173828125,114276.53125,0.0429663360118866,0,3.1392715754918754e-05,201.19931030273438,0,0.0002616529818624258,2.8350639695418067e-05,0,0,23.700000762939453,0,0,1600,0,50,0,0,0,50,50,1400,0.0,0.0,0.0,0.0
111,158.1609649658203,309.0472717285156,326.05133056640625,326.0048828125,292.043212890625,292.0897521972656,16515.818359375,33031.63671875,68.9782485961914,68.9782943725586,1794.2352294921875,3578.483642578125,1793.5283203125,3577.300537109375,284.50823974609375,61.88949966430664,-2.4845783173077507e-06,0,0,2574.77978515625,1291.4991455078125,0,24.06031036376953,2713.202392578125,11.827874183654785,11.837822914123535,907.9153442382812,1810.8348388671875,49.95072555541992,50.013031005859375,100,0,0,346.35528564453125,0,7.924896240234375,20.303955078125,20.35041046142578,0,1.034000039100647,0.9067617654800415,50,2.799999952316284,2.2930469512939453,0,0,0,0,11.240836772904965,0,0,0,0.0012734264601022005,-0.001273564645089209,0,-1.3817334831855987e-07,100.30326080322266,100.30323028564453,790.2621459960938,790.2621459960938,790.2621459960938,549.6546630859375,0,0,24.06031036376953,0.0010999999940395355,0.02200000174343586,0.03299999609589577,0.04399999603629112,5655.8173828125,114276.53125,0.0429663360118866,0,3.1392715754918754e-05,203.02011108398438,0,0.0002616529818624258,2.8350639695418067e-05,0,0,23.700000762939453,0,0,1600,0,50,0,0,0,50,50,1400,0.0,0.0,0.0,0.0
112,158.16140747070312,309.0472717285156,326.05133056640625,326.0048828125,292.043212890625,292.0897521972656,16515.818359375,33031.63671875,68.9782485961914,68.9782943725586,1794.239013671875,3578.455810546875,1793.52978515625,3577.29931640625,284.5084228515625,61.88999557495117,-1.4037134405953111e-06,0,0,2574.7783203125,1291.4990234375,0,24.057113647460938,2713.202392578125,11.827909469604492,11.837852478027344,907.91552734375,1810.833251953125,49.95114517211914,50.01337432861328,100,0,0,346.3554992675781,0,7.924896240234375,20.30415916442871,20.350614547729492,0,1.034000039100647,0.9067617654800415,50,2.799999952316284,2.2930469512939453,0,0,0,0,11.115510385926891,0,0,0,0.0012734264601022005,-0.001273564645089209,0,-1.3817334831855987e-07,100.30326080322266,100.30323028564453,790.2621459960938,790.2621459960938,790.2621459960938,549.6546630859375,0,0,24.057113647460938,0.0010999999940395355,0.02200000174343586,0.03299999609589577,0.04399999603629112,5655.8173828125,114276.53125,0.0429663360118866,0,3.1392715754918754e-05,204.84091186523438,0,0.0002616529818624258,2.8350639695418067e-05,0,0,23.700000762939453,0,0,1600,0,50,0,0,0,50,50,1400,0.0,0.0,0.0,0.0
113,158.16183471679688,309.0472717285156,326.05133056640625,326.0048828125,292.043212890625,292.0897521972656,16515.818359375,33031.63671875,68.9782485961914,68.97830200195312,1794.242431640625,3578.4267578125,1793.5308837890625,3577.29833984375,284.5086364746094,61.89048767089844,-9.038563462127058e-07,0,0,2574.777099609375,1291.498779296875,0,24.056621551513672,2713.202392578125,11.827946662902832,11.837881088256836,907.915771484375,1810.831787109375,49.951595306396484,50.013710021972656,100,0,0,346.3557434082031,0,7.924896240234375,20.30439567565918,20.35085105895996,0,1.034000039100647,0.9067617654800415,50,2.799999952316284,2.2930469512939453,0,0,0,0,10.990183998948815,0,0,0,0.0012734264601022005,-0.001273564645089209,0,-1.3817334831855987e-07,100.30326080322266,100.30323028564453,790.2621459960938,790.2621459960938,790.2621459960938,549.6546630859375,0,0,24.056621551513672,0.0010999999940395355,0.02200000174343586,0.03299999609589577,0.04399999603629112,5655.8173828125,114276.53125,0.0429663360118866,0,3.1392715754918754e-05,206.66171264648438,0,0.0002616529818624258,2.8350639695418067e-05,0,0,23.700000762939453,0,0,1600,0,50,0,0,0,50,50,1400,0.0,0.0,0.0,0.0
114,158.1622772216797,309.0472717285156,326.05133056640625,326.0048522949219,292.043212890625,292.0897521972656,16515.818359375,33031.63671875,68.9782485961914,68.97830200195312,1794.245361328125,3578.3984375,1793.5289306640625,3577.2998046875,284.5088195800781,61.89098358154297,1.7700850207802432e-07,0,0,2574.77587890625,1291.498779296875,0,24.054767608642578,2713.202392578125,11.827982902526855,11.837910652160645,907.9158935546875,1810.830322265625,49.951995849609375,50.01405715942383,100,0,0,346.3559875488281,0,7.924896240234375,20.30463409423828,20.35112190246582,0,1.034000039100647,0.9067617654800415,50,2.799999952316284,2.2930469512939453,0,0,0,0,10.86485761197074,0,0,0,0.0012734264601022005,-0.001273564645089209,0,-1.3817334831855987e-07,100.30326080322266,100.30323028564453,790.2621459960938,790.2621459960938,790.2621459960938,549.6546630859375,0,0,24.054767608642578,0.0010999999940395355,0.02200000174343586,0.03299999609589577,0.04399999603629112,5655.8173828125,114276.53125,0.0429663360118866,0,3.1392715754918754e-05,208.48251342773438,0,0.0002616529818624258,2.8350639695418067e-05,0,0,23.700000762939453,0,0,1600,0,50,0,0,0,50,50,1400,0.0,0.0,0.0,0.0
115,158.1627197265625,309.0472717285156,326.05133056640625,326.0048522949219,292.043212890625,292.0897521972656,16515.818359375,33031.63671875,68.9782485961914,68.97830200195312,1794.2484130859375,3578.3701171875,1793.5267333984375,3577.30224609375,284.5090026855469,61.891483306884766,1.83888107585517e-06,0,0,2574.7744140625,1291.498779296875,0,24.051549911499023,2713.202392578125,11.828019142150879,11.83793830871582,907.9159545898438,1810.8291015625,49.952396392822266,50.01439666748047,100,0,0,346.3561706542969,0,7.924896240234375,20.304838180541992,20.35132598876953,0,1.034000039100647,0.9067617654800415,50,2.799999952316284,2.2930469512939453,0,0,0,0,10.739530219066033,0,0,0,0.0012734264601022005,-0.001273564645089209,0,-1.3817334831855987e-07,100.30326080322266,100.30323028564453,790.2621459960938,790.2621459960938,790.2621459960938,549.6546630859375,0,0,24.051549911499023,0.0010999999940395355,0.02200000174343586,0.03299999609589577,0.04399999603629112,5655.8173828125,114276.53125,0.0429663360118866,0,3.1392715754918754e-05,210.30331420898438,0,0.0002616529818624258,2.8350639695418067e-05,0,0,23.700000762939453,0,0,1600,0,50,0,0,0,50,50,1400,0.0,0.0,0.0,0.0
116,158.16314697265625,309.0472717285156,326.0513610839844,326.00482177734375,292.0431823730469,292.0897521972656,16515.818359375,33031.63671875,68.9782485961914,68.97830963134766,1794.251953125,3578.34130859375,1793.5247802734375,3577.30419921875,284.50921630859375,61.891971588134766,1.7577305015947786e-06,0,0,2574.7734375,1291.498779296875,0,24.051034927368164,2713.202392578125,11.828055381774902,11.837965965270996,907.9160766601562,1810.82763671875,49.95283126831055,50.01472091674805,100,0,0,346.3564147949219,0,7.924896240234375,20.30504035949707,20.35159683227539,0,1.034000039100647,0.9067617654800415,50,2.799999952316284,2.2930469512939453,0,0,0,0,10.61420383208796,0,0,0,0.0012734264601022005,-0.001273564645089209,0,-1.3817334831855987e-07,100.30326080322266,100.30323028564453,790.2621459960938,790.2621459960938,790.2621459960938,549.6546630859375,0,0,24.051034927368164,0.0010999999940395355,0.02200000174343586,0.03299999609589577,0.04399999603629112,5655.8173828125,114276.53125,0.0429663360118866,0,3.1392715754918754e-05,212.12411499023438,0,0.0002616529818624258,2.8350639695418067e-05,0,0,23.700000762939453,0,0,1600,0,50,0,0,0,50,50,1400,0.0,0.0,0.0,0.0
117,158.16358947753906,309.0472717285156,326.0513610839844,326.00482177734375,292.0431823730469,292.0897521972656,16515.818359375,33031.63671875,68.9782485961914,68.97830963134766,1794.2550048828125,3578.31396484375,1793.52392578125,3577.304931640625,284.5093994140625,61.89247512817383,4.000610715593211e-06,0,0,2574.77197265625,1291.4990234375,0,24.04783821105957,2713.202392578125,11.828092575073242,11.837991714477539,907.9148559570312,1810.826416015625,49.9532585144043,50.0150260925293,100,0,0,346.3566589355469,0,7.924896240234375,20.305278778076172,20.351835250854492,0,1.034000039100647,0.9067617654800415,50,2.799999952316284,2.2930469512939453,0,0,0,0,10.488877445109884,0,0,0,0.0012734264601022005,-0.001273564645089209,0,-1.3817334831855987e-07,100.30326080322266,100.30323028564453,790.2621459960938,790.2621459960938,790.2621459960938,549.6546630859375,0,0,24.04783821105957,0.0010999999940395355,0.02200000174343586,0.03299999609589577,0.04399999603629112,5655.8173828125,114276.53125,0.0429663360118866,0,3.1392715754918754e-05,213.94491577148438,0,0.0002616529818624258,2.8350639695418067e-05,0,0,23.700000762939453,0,0,1600,0,50,0,0,0,50,50,1400,0.0,0.0,0.0,0.0
118,158.16403198242188,309.0472717285156,326.0513610839844,326.00482177734375,292.0431823730469,292.0897521972656,16515.818359375,33031.63671875,68.9782485961914,68.97831726074219,1794.256591796875,3578.286865234375,1793.5247802734375,3577.30419921875,284.5096130371094,61.89297866821289,-4.392244136397494e-06,0,0,2574.7705078125,1291.498779296875,0,24.045961380004883,2713.202392578125,11.828130722045898,11.838017463684082,907.9148559570312,1810.8251953125,49.95368576049805,50.01533889770508,100,0,0,346.3568420410156,0,7.924896240234375,20.30548095703125,20.35203742980957,0,1.034000039100647,0.9067617654800415,50,2.799999952316284,2.2930469512939453,0,0,0,0,10.363550052205177,0,0,0,0.0012734264601022005,-0.001273564645089209,0,-1.3817334831855987e-07,100.30326080322266,100.30323028564453,790.2621459960938,790.2621459960938,790.2621459960938,549.6546630859375,0,0,24.045961380004883,0.0010999999940395355,0.02200000174343586,0.03299999609589577,0.04399999603629112,5655.8173828125,114276.53125,0.0429663360118866,0,3.1392715754918754e-05,215.76571655273438,0,0.0002616529818624258,2.8350639695418067e-05,0,0,23.700000762939453,0,0,1600,0,50,0,0,0,50,50,1400,0.0,0.0,0.0,0.0
119,158.16445922851562,309.0472717285156,326.0513610839844,326.0047912597656,292.0431823730469,292.08978271484375,16515.818359375,33031.63671875,68.9782485961914,68.97831726074219,1794.2587890625,3578.260498046875,1793.5244140625,3577.3046875,284.50982666015625,61.89348220825195,-2.149363581338548e-06,0,0,2574.76904296875,1291.498779296875,0,24.0440616607666,2713.202392578125,11.828167915344238,11.838042259216309,907.9150390625,1810.8211669921875,49.95412063598633,50.015625,100,0,0,346.3570861816406,0,7.924896240234375,20.30571937561035,20.35230827331543,0,1.034000039100647,0.9067617654800415,50,2.799999952316284,2.2930469512939453,0,0,0,0,10.238223665227103,0,0,0,0.0012734264601022005,-0.001273564645089209,0,-1.3817334831855987e-07,100.30326080322266,100.30323028564453,790.2621459960938,790.2621459960938,790.2621459960938,549.6546630859375,0,0,24.0440616607666,0.0010999999940395355,0.02200000174343586,0.03299999609589577,0.04399999603629112,5655.8173828125,114276.53125,0.0429663360118866,0,3.1392715754918754e-05,217.58651733398438,0,0.0002616529818624258,2.8350639695418067e-05,0,0,23.700000762939453,0,0,1600,0,50,0,0,0,50,50,1400,0.0,0.0,0.0,0.0
120,158.16490173339844,309.0472717285156,326.0513610839844,326.0047607421875,292.0431823730469,292.0898132324219,16515.818359375,33031.63671875,68.9782485961914,68.97831726074219,1794.2611083984375,3578.2333984375,1793.5255126953125,3577.303466796875,284.510009765625,61.89399337768555,1.2555324246932287e-06,0,0,2574.76806640625,1291.498779296875,0,24.04081916809082,2713.202392578125,11.828205108642578,11.838066101074219,907.9151611328125,1810.81982421875,49.954566955566406,50.015907287597656,100,0,0,346.3572998046875,0,7.924896240234375,20.30592155456543,20.35254669189453,0,1.034000039100647,0.9067617654800415,50,2.799999952316284,2.2930469512939453,0,0,0,0,10.112897278249028,0,0,0,0.0012734264601022005,-0.001273564645089209,0,-1.3817334831855987e-07,100.30326080322266,100.30323028564453,790.2621459960938,790.2621459960938,790.2621459960938,549.6546630859375,0,0,24.04081916809082,0.0010999999940395355,0.02200000174343586,0.03299999609589577,0.04399999603629112,5655.8173828125,114276.53125,0.0429663360118866,0,3.1392715754918754e-05,219.40731811523438,0,0.0002616529818624258,2.8350639695418067e-05,0,0,23.700000762939453,0,0,1600,0,50,0,0,0,50,50,1400,0.0,0.0,0.0,0.0
121,158.16534423828125,309.0472717285156,326.0513610839844,326.0047607421875,292.0431823730469,292.0898132324219,16515.818359375,33031.63671875,68.9782485961914,68.97831726074219,1794.26318359375,3578.20654296875,1793.526611328125,3577.30224609375,284.51019287109375,61.894500732421875,4.07942070523859e-06,0,0,2574.766845703125,1291.498779296875,0,24.038898468017578,2713.202392578125,11.828243255615234,11.838089942932129,907.9153442382812,1810.8184814453125,49.95503234863281,50.01617431640625,100,0,0,346.3575439453125,0,7.924896240234375,20.30615997314453,20.352783203125,0,1.034000039100647,0.9067617654800415,50,2.799999952316284,2.2930469512939453,0,0,0,0,9.987570891270952,0,0,0,0.0012734264601022005,-0.001273564645089209,0,-1.3817334831855987e-07,100.30326080322266,100.30323028564453,790.2621459960938,790.2621459960938,790.2621459960938,549.6546630859375,0,0,24.038898468017578,0.0010999999940395355,0.02200000174343586,0.03299999609589577,0.04399999603629112,5655.8173828125,114276.53125,0.0429663360118866,0,3.1392715754918754e-05,221.22811889648438,0,0.0002616529818624258,2.8350639695418067e-05,0,0,23.700000762939453,0,0,1600,0,50,0,0,0,50,50,1400,0.0,0.0,0.0,0.0
122,158.165771484375,309.0472717285156,326.0513610839844,326.0047607421875,292.0431823730469,292.0898132324219,16515.818359375,33031.63671875,68.9782485961914,68.97831726074219,1794.26513671875,3578.179931640625,1793.5277099609375,3577.301025390625,284.51043701171875,61.89501953125,-1.9894032448064536e-06,0,0,2574.765380859375,1291.498779296875,0,24.036996841430664,2713.202392578125,11.828280448913574,11.838112831115723,907.9154663085938,1810.8170166015625,49.95547866821289,50.016441345214844,100,0,0,346.3577575683594,0,7.924896240234375,20.306396484375,20.3530216217041,0,1.034000039100647,0.9067617654800415,50,2.799999952316284,2.2930469512939453,0,0,0,0,9.862243498366247,0,0,0,0.0012734264601022005,-0.001273564645089209,0,-1.3817334831855987e-07,100.30326080322266,100.30323028564453,790.2621459960938,790.2621459960938,790.2621459960938,549.6546630859375,0,0,24.036996841430664,0.0010999999940395355,0.02200000174343586,0.03299999609589577,0.04399999603629112,5655.8173828125,114276.53125,0.0429663360118866,0,3.1392715754918754e-05,223.04891967773438,0,0.0002616529818624258,2.8350639695418067e-05,0,0,23.700000762939453,0,0,1600,0,50,0,0,0,50,50,1400,0.0,0.0,0.0,0.0
123,158.1662139892578,309.0472717285156,326.0513610839844,326.0047302246094,292.0431823730469,292.08984375,16515.818359375,33031.63671875,68.9782485961914,68.97831726074219,1794.26611328125,3578.154541015625,1793.5255126953125,3577.303466796875,284.5106201171875,61.895538330078125,2.5775084395718295e-06,0,0,2574.763916015625,1291.498779296875,0,24.035053253173828,2713.202392578125,11.828319549560547,11.838134765625,907.9154663085938,1810.8157958984375,49.955909729003906,50.0167121887207,100,0,0,346.35797119140625,0,7.924896240234375,20.30660057067871,20.35325813293457,0,1.034000039100647,0.9067617654800415,50,2.799999952316284,2.2930469512939453,0,0,0,0,9.736917111388172,0,0,0,0.0012734264601022005,-0.001273564645089209,0,-1.3817334831855987e-07,100.30326080322266,100.30323028564453,790.2621459960938,790.2621459960938,790.2621459960938,549.6546630859375,0,0,24.035053253173828,0.0010999999940395355,0.02200000174343586,0.03299999609589577,0.04399999603629112,5655.8173828125,114276.53125,0.0429663360118866,0,3.1392715754918754e-05,224.86972045898438,0,0.0002616529818624258,2.8350639695418067e-05,0,0,23.700000762939453,0,0,1600,0,50,0,0,0,50,50,1400,0.0,0.0,0.0,0.0
124,158.16665649414062,309.0472717285156,326.0513610839844,326.0047302246094,292.0431823730469,292.08984375,16515.818359375,33031.63671875,68.9782485961914,68.97832489013672,1794.2681884765625,3578.12841796875,1793.5233154296875,3577.305908203125,284.5108337402344,61.89604949951172,-4.653330961446045e-06,0,0,2574.7626953125,1291.4986572265625,0,24.03447151184082,2713.202392578125,11.828356742858887,11.838156700134277,907.9155883789062,1810.814453125,49.95635223388672,50.0169677734375,100,0,0,346.35821533203125,0,7.924896240234375,20.30683708190918,20.353496551513672,0,1.034000039100647,0.9067617654800415,50,2.799999952316284,2.2930469512939453,0,0,0,0,9.611590724410096,0,0,0,0.0012734264601022005,-0.001273564645089209,0,-1.3817334831855987e-07,100.30326080322266,100.30323028564453,790.2621459960938,790.2621459960938,790.2621459960938,549.6546630859375,0,0,24.03447151184082,0.0010999999940395355,0.02200000174343586,0.03299999609589577,0.04399999603629112,5655.8173828125,114276.53125,0.0429663360118866,0,3.1392715754918754e-05,226.69052124023438,0,0.0002616529818624258,2.8350639695418067e-05,0,0,23.700000762939453,0,0,1600,0,50,0,0,0,50,50,1400,0.0,0.0,0.0,0.0
125,158.16708374023438,309.0472717285156,326.0513610839844,326.0047302246094,292.0431823730469,292.08984375,16515.818359375,33031.63671875,68.9782485961914,68.97833251953125,1794.269287109375,3578.10302734375,1793.52392578125,3577.304931640625,284.51104736328125,61.896568298339844,-8.64193054894713e-08,0,0,2574.76123046875,1291.4986572265625,0,24.031187057495117,2713.202392578125,11.828393936157227,11.838177680969238,907.91552734375,1810.8134765625,49.956764221191406,50.01722717285156,100,0,0,346.3584289550781,0,7.924896240234375,20.30704116821289,20.35369873046875,0,1.034000039100647,0.9067617654800415,50,2.799999952316284,2.2930469512939453,0,0,0,0,9.48626433743202,0,0,0,0.0012734264601022005,-0.001273564645089209,0,-1.3817334831855987e-07,100.30326080322266,100.30323028564453,790.2621459960938,790.2621459960938,790.2621459960938,549.6546630859375,0,0,24.031187057495117,0.0010999999940395355,0.02200000174343586,0.03299999609589577,0.04399999603629112,5655.8173828125,114276.53125,0.0429663360118866,0,3.1392715754918754e-05,228.51132202148438,0,0.0002616529818624258,2.8350639695418067e-05,0,0,23.700000762939453,0,0,1600,0,50,0,0,0,50,50,1400,0.0,0.0,0.0,0.0
126,158.1675262451172,309.0472717285156,326.0513610839844,326.0046691894531,292.0431823730469,292.0898742675781,16515.818359375,33031.63671875,68.97825622558594,68.97833251953125,1794.269775390625,3578.078369140625,1793.5247802734375,3577.3046875,284.51123046875,61.89708709716797,4.48049195256317e-06,0,0,2574.76025390625,1291.4986572265625,0,24.027877807617188,2713.202392578125,11.828432083129883,11.838197708129883,907.9154663085938,1810.812255859375,49.95718765258789,50.0174674987793,100,0,0,346.358642578125,0,7.924896240234375,20.307279586791992,20.353971481323242,0,1.034000039100647,0.9067617654800415,50,2.799999952316284,2.2930469512939453,0,0,0,0,9.360936944527316,0,0,0,0.0012734264601022005,-0.001273564645089209,0,-1.3817334831855987e-07,100.30326080322266,100.30323028564453,790.2621459960938,790.2621459960938,790.2621459960938,549.6546630859375,0,0,24.027877807617188,0.0010999999940395355,0.02200000174343586,0.03299999609589577,0.04399999603629112,5655.8173828125,114276.53125,0.0429663360118866,0,3.1392715754918754e-05,230.33212280273438,0,0.0002616529818624258,2.8350639695418067e-05,0,0,23.700000762939453,0,0,1600,0,50,0,0,0,50,50,1400,0.0,0.0,0.0,0.0
127,158.16796875,309.0472717285156,326.0513610839844,326.0046691894531,292.0431823730469,292.0898742675781,16515.818359375,33031.63671875,68.97825622558594,68.97834014892578,1794.2708740234375,3578.05322265625,1793.5225830078125,3577.30615234375,284.5114440917969,61.897605895996094,-1.5883314290476847e-06,0,0,2574.7587890625,1291.4986572265625,0,24.02593231201172,2713.202392578125,11.828469276428223,11.838217735290527,907.9155883789062,1810.8109130859375,49.957637786865234,50.017696380615234,100,0,0,346.35888671875,0,7.924896240234375,20.30751609802246,20.35420799255371,0,1.034000039100647,0.9067617654800415,50,2.799999952316284,2.2930469512939453,0,0,0,0,9.23561055754924,0,0,0,0.0012734264601022005,-0.001273564645089209,0,-1.3817334831855987e-07,100.30326080322266,100.30323028564453,790.2621459960938,790.2621459960938,790.2621459960938,549.6546630859375,0,0,24.02593231201172,0.0010999999940395355,0.02200000174343586,0.03299999609589577,0.04399999603629112,5655.8173828125,114276.53125,0.0429663360118866,0,3.1392715754918754e-05,232.15292358398438,0,0.0002616529818624258,2.8350639695418067e-05,0,0,23.700000762939453,0,0,1600,0,50,0,0,0,50,50,1400,0.0,0.0,0.0,0.0
128,158.16839599609375,309.04736328125,326.0514221191406,326.0046691894531,292.0431823730469,292.0899658203125,16515.818359375,33031.63671875,68.97826385498047,68.97834014892578,1794.2713623046875,3578.02880859375,1793.523193359375,3577.305908203125,284.51165771484375,61.898128509521484,3.559587867130176e-06,0,0,2574.757568359375,1291.4990234375,0,24.023990631103516,2713.2021484375,11.828507423400879,11.838235855102539,907.9168090820312,1810.8125,49.95806121826172,50.0179328918457,100,0,0,346.3591003417969,0,7.924896240234375,20.30768585205078,20.354412078857422,0,1.034000039100647,0.9067617654800415,50,2.799999952316284,2.2930471897125244,0,0,0,0,9.110284170571164,0,0,0,0.001272495836019516,-0.001273564645089209,0,-1.0687624580896227e-06,100.30323028564453,100.30322265625,790.2621459960938,790.2621459960938,790.2621459960938,549.6547241210938,0,0,24.023990631103516,0.0010999999940395355,0.02200000174343586,0.03299999609589577,0.04399999603629112,5655.8173828125,114276.53125,0.0429663360118866,0,3.1392715754918754e-05,233.97372436523438,0,0.0002616529818624258,2.8350639695418067e-05,0,0,23.700000762939453,0,0,1600,0,50,0,0,0,50,50,1400,0.0,0.0,0.0,0.0
129,158.1688232421875,309.04736328125,326.0514831542969,326.0046691894531,292.0431823730469,292.0899658203125,16515.818359375,33031.63671875,68.978271484375,68.97835540771484,1794.272705078125,3578.0048828125,1793.5213623046875,3577.307861328125,284.5118713378906,61.89865493774414,-1.3472202908815234e-06,0,0,2574.756103515625,1291.4986572265625,0,24.023386001586914,2713.201904296875,11.828544616699219,11.83825397491455,907.9182739257812,1810.8135986328125,49.95854187011719,50.01811218261719,100,0,0,346.3593444824219,0,7.924896240234375,20.3078556060791,20.35464859008789,0,1.034000039100647,0.9067617654800415,50,2.799999952316284,2.2930471897125244,0,0,0,0,8.98495677766646,0,0,0,0.001272495836019516,-0.001273564645089209,0,-1.0687624580896227e-06,100.30316925048828,100.30321502685547,790.2620849609375,790.2621459960938,790.2621459960938,549.65478515625,0,0,24.023386001586914,0.0010999999940395355,0.02200000174343586,0.03299999609589577,0.04399999603629112,5655.8173828125,114276.53125,0.0429663360118866,0,3.1392715754918754e-05,235.79452514648438,0,0.0002616529818624258,2.8350639695418067e-05,0,0,23.700000762939453,0,0,1600,0,50,0,0,0,50,50,1400,0.0,0.0,0.0,0.0
130,158.16921997070312,309.04736328125,326.0514831542969,326.0046691894531,292.0431823730469,292.0899658203125,16515.818359375,33031.63671875,68.97828674316406,68.9783706665039,1794.2733154296875,3577.980224609375,1793.5238037109375,3577.304931640625,284.5120544433594,61.89916229248047,1.4766678759770002e-06,0,0,2574.7548828125,1291.49853515625,0,24.021419525146484,2713.201416015625,11.828582763671875,11.838272094726562,907.9182739257812,1810.809814453125,49.95899200439453,50.018341064453125,100,0,0,346.3595275878906,0,7.924896240234375,20.30805778503418,20.3548526763916,0,1.034000039100647,0.9067617654800415,50,2.799999952316284,2.2930479049682617,0,0,0,0,8.869271191510276,0,0,0,0.001272495836019516,-0.0012734378688037395,0,-9.419862294635095e-07,100.3031234741211,100.30319213867188,790.2619018554688,790.2620239257812,790.2620239257812,549.6546630859375,0,0,24.021419525146484,0.0010999999940395355,0.02200000174343586,0.03299999609589577,0.04399999603629112,5655.8173828125,114276.53125,0.0429663360118866,0,3.1392715754918754e-05,237.61532592773438,0,0.0002616529818624258,2.8350639695418067e-05,0,0,23.700000762939453,0,0,1600,0,50,0,0,0,50,50,1400,0.0,0.0,0.0,0.0
131,158.1696319580078,309.0473937988281,326.0514831542969,326.0046691894531,292.0431823730469,292.09002685546875,16515.818359375,33031.63671875,68.9782943725586,68.97837829589844,1794.2735595703125,3577.956787109375,1793.52294921875,3577.30615234375,284.5122375488281,61.89967346191406,4.8815641093824524e-06,0,0,2574.75341796875,1291.4990234375,0,24.02088165283203,2713.200439453125,11.828619956970215,11.838288307189941,907.9169921875,1810.8087158203125,49.95942687988281,50.0185432434082,100,0,0,346.3597412109375,0,7.924896240234375,20.30826187133789,20.35505485534668,0,1.034000039100647,0.9067617654800415,50,2.799999952316284,2.293048620223999,0,0,0,0,8.753584599427462,0,0,0,0.0012720305239781737,-0.00127331109251827,0,-1.280568540096283e-06,100.3031005859375,100.30316162109375,790.2617797851562,790.2618408203125,790.2618408203125,549.6546020507812,0,0,24.02088165283203,0.0010999999940395355,0.02200000174343586,0.03299999609589577,0.04399999603629112,5655.8173828125,114276.53125,0.0429663360118866,0,3.1392715754918754e-05,239.43612670898438,0,0.0002616529818624258,2.8350639695418067e-05,0,0,23.700000762939453,0,0,1600,0,50,0,0,0,50,50,1400,0.0,0.0,0.0,0.0
132,158.17002868652344,309.04742431640625,326.0515441894531,326.0046691894531,292.0431823730469,292.09002685546875,16515.818359375,33031.63671875,68.97830200195312,68.9783935546875,1794.273681640625,3577.932861328125,1793.5206298828125,3577.30859375,284.5124816894531,61.90018081665039,-2.930283244495513e-06,0,0,2574.75244140625,1291.4990234375,0,24.01896095275879,2713.199462890625,11.828659057617188,11.838305473327637,907.9194946289062,1810.8125,49.95989227294922,50.01875305175781,100,0,0,346.3599548339844,0,7.924896240234375,20.30839729309082,20.35525894165039,0,1.034000039100647,0.9067617654800415,50,2.799999952316284,2.2930493354797363,0,0,0,0,8.637899013271278,0,0,0,0.0012715650955215096,-0.0012731840834021568,0,-1.619022782506363e-06,100.30303192138672,100.3031234741211,790.2616577148438,790.26171875,790.26171875,549.654541015625,0,0,24.01896095275879,0.0010999999940395355,0.02200000174343586,0.03299999609589577,0.04399999603629112,5655.8173828125,114276.53125,0.0429663360118866,0,3.1392715754918754e-05,241.25692749023438,0,0.0002616529818624258,2.8350639695418067e-05,0,0,23.700000762939453,0,0,1600,0,50,0,0,0,50,50,1400,0.0,0.0,0.0,0.0
133,158.17044067382812,309.04742431640625,326.0515441894531,326.0046691894531,292.0431823730469,292.0900573730469,16515.818359375,33031.63671875,68.97831726074219,68.97840881347656,1794.2735595703125,3577.908935546875,1793.522705078125,3577.30615234375,284.5126647949219,61.90068054199219,-1.2684105286098202e-06,0,0,2574.751220703125,1291.4990234375,0,24.015697479248047,2713.19873046875,11.828697204589844,11.838321685791016,907.91943359375,1810.808837890625,49.96034240722656,50.01895523071289,100,0,0,346.3601379394531,0,7.924896240234375,20.30860137939453,20.3554630279541,0,1.034000039100647,0.9067617654800415,50,2.799999952316284,2.2930500507354736,0,0,0,0,8.522212421188465,0,0,0,0.0012715650955215096,-0.0012730573071166873,0,-1.492246497036831e-06,100.3029556274414,100.30309295654297,790.261474609375,790.2615966796875,790.2615966796875,549.6544799804688,0,0,24.015697479248047,0.0010999999940395355,0.02200000174343586,0.03299999609589577,0.04399999603629112,5655.8173828125,114276.53125,0.0429663360118866,0,3.1392715754918754e-05,243.07772827148438,0,0.0002616529818624258,2.8350639695418067e-05,0,0,23.700000762939453,0,0,1600,0,50,0,0,0,50,50,1400,0.0,0.0,0.0,0.0
134,158.17083740234375,309.04742431640625,326.0515441894531,326.0046691894531,292.0431823730469,292.0900573730469,16515.818359375,33031.63671875,68.97833251953125,68.97842407226562,1794.27294921875,3577.8857421875,1793.518798828125,3577.310302734375,284.5128479003906,61.901187896728516,1.5554777519355412e-06,0,0,2574.75,1291.4991455078125,0,24.013818740844727,2713.197021484375,11.8287353515625,11.838336944580078,907.9181518554688,1810.8077392578125,49.96079635620117,50.01914978027344,100,0,0,346.3603515625,0,7.924896240234375,20.308805465698242,20.35566520690918,0,1.034000039100647,0.9067617654800415,50,2.799999952316284,2.2930514812469482,0,0,0,0,8.406526332068967,0,0,0,0.0012715650955215096,-0.0012728037545457482,0,-1.238693926097767e-06,100.30290985107422,100.30303192138672,790.26123046875,790.2612915039062,790.2612915039062,549.6543579101562,0,0,24.013818740844727,0.0010999999940395355,0.02200000174343586,0.03299999609589577,0.04399999603629112,5655.8173828125,114276.53125,0.0429663360118866,0,3.1392715754918754e-05,244.89852905273438,0,0.0002616529818624258,2.8350639695418067e-05,0,0,23.700000762939453,0,0,1600,0,50,0,0,0,50,50,1400,0.0,0.0,0.0,0.0
135,158.17124938964844,309.0474548339844,326.05157470703125,326.0046691894531,292.0431823730469,292.0901184082031,16515.818359375,33031.63671875,68.97834777832031,68.97843933105469,1794.2723388671875,3577.862548828125,1793.524169921875,3577.3046875,284.5130615234375,61.901695251464844,4.379365691420389e-06,0,0,2574.7490234375,1291.499267578125,0,24.013282775878906,2713.196044921875,11.828773498535156,11.83835220336914,907.9180908203125,1810.8040771484375,49.96124267578125,50.01934051513672,100,0,0,346.360595703125,0,7.924896240234375,20.30900764465332,20.35590362548828,0,1.034000039100647,0.9067617654800415,50,2.799999952316284,2.2930524349212646,0,0,0,0,8.290840242949468,0,0,0,0.0012710998998954892,-0.001272613531909883,0,-1.5136320143938065e-06,100.3028793334961,100.30299377441406,790.2610473632812,790.2611083984375,790.2611083984375,549.654296875,0,0,24.013282775878906,0.0010999999940395355,0.02200000174343586,0.03299999609589577,0.04399999603629112,5655.8173828125,114276.53125,0.0429663360118866,0,3.1392715754918754e-05,246.71932983398438,0,0.0002616529818624258,2.8350639695418067e-05,0,0,23.700000762939453,0,0,1600,0,50,0,0,0,50,50,1400,0.0,0.0,0.0,0.0
136,158.17164611816406,309.0474853515625,326.0516357421875,326.0046691894531,292.04315185546875,292.0901184082031,16515.818359375,33031.63671875,68.97836303710938,68.97845458984375,1794.2711181640625,3577.84033203125,1793.5201416015625,3577.30859375,284.5132751464844,61.90220260620117,-3.432481207710225e-06,0,0,2574.747802734375,1291.4993896484375,0,24.011383056640625,2713.1943359375,11.828812599182129,11.838366508483887,907.91943359375,1810.807861328125,49.96171569824219,50.019508361816406,100,0,0,346.36077880859375,0,7.924896240234375,20.30914306640625,20.356107711791992,0,1.034000039100647,0.9067617654800415,50,2.799999952316284,2.29305362701416,0,0,0,0,8.17515415382997,0,0,0,0.0012706344714388251,-0.0012724233092740178,0,-1.7888262391352328e-06,100.30278778076172,100.30293273925781,790.2608032226562,790.2609252929688,790.2609252929688,549.6542358398438,0,0,24.011383056640625,0.0010999999940395355,0.02200000174343586,0.03299999609589577,0.04399999603629112,5655.8173828125,114276.53125,0.0429663360118866,0,3.1392715754918754e-05,248.54013061523438,0,0.0002616529818624258,2.8350639695418067e-05,0,0,23.700000762939453,0,0,1600,0,50,0,0,0,50,50,1400,0.0,0.0,0.0,0.0
137,158.17205810546875,309.0474853515625,326.0517272949219,326.0046691894531,292.04315185546875,292.0901184082031,16515.818359375,33031.63671875,68.97837829589844,68.97846984863281,1794.2708740234375,3577.817138671875,1793.5225830078125,3577.30615234375,284.5134582519531,61.902706146240234,-1.189600766338117e-06,0,0,2574.746337890625,1291.499267578125,0,24.008119583129883,2713.19287109375,11.828849792480469,11.838379859924316,907.91943359375,1810.8043212890625,49.9621696472168,50.019683837890625,100,0,0,346.3609924316406,0,7.924896240234375,20.30927848815918,20.35630989074707,0,1.034000039100647,0.9067617654800415,50,2.799999952316284,2.2930550575256348,0,0,0,0,8.05946806471047,0,0,0,0.0012706344714388251,-0.001272169640287757,0,-1.5351455431300565e-06,100.30271911621094,100.3028793334961,790.260498046875,790.2606201171875,790.2606201171875,549.654052734375,0,0,24.008119583129883,0.0010999999940395355,0.02200000174343586,0.03299999609589577,0.04399999603629112,5655.8173828125,114276.53125,0.0429663360118866,0,3.1392715754918754e-05,250.36093139648438,0,0.0002616529818624258,2.8350639695418067e-05,0,0,23.700000762939453,0,0,1600,0,50,0,0,0,50,50,1400,0.0,0.0,0.0,0.0
138,158.17245483398438,309.0474853515625,326.0517883300781,326.0046691894531,292.04315185546875,292.0901184082031,16515.818359375,33031.63671875,68.9783935546875,68.9784927368164,1794.2698974609375,3577.79541015625,1793.5216064453125,3577.307373046875,284.513671875,61.903202056884766,-1.0873593936366888e-07,0,0,2574.745361328125,1291.4993896484375,0,24.00894546508789,2713.19140625,11.828887939453125,11.838393211364746,907.9180908203125,1810.80322265625,49.96263885498047,50.01983642578125,100,0,0,346.3612060546875,0,7.924896240234375,20.309415817260742,20.35651397705078,0,1.034000039100647,0.9067617654800415,50,2.799999952316284,2.2930562496185303,0,0,0,0,7.943781975590973,0,0,0,0.0012706344714388251,-0.001271915971301496,0,-1.281464960811718e-06,100.30268096923828,100.30282592773438,790.26025390625,790.2603759765625,790.2603759765625,549.6539306640625,0,0,24.00894546508789,0.0010999999940395355,0.02200000174343586,0.03299999609589577,0.04399999603629112,5655.8173828125,114276.53125,0.0429663360118866,0,3.1392715754918754e-05,252.18173217773438,0,0.0002616529818624258,2.8350639695418067e-05,0,0,23.700000762939453,0,0,1600,0,50,0,0,0,50,50,1400,0.0,0.0,0.0,0.0
139,158.17286682128906,309.0475158691406,326.0517883300781,326.0046691894531,292.04315185546875,292.09014892578125,16515.818359375,33031.63671875,68.97840881347656,68.97850799560547,1794.269287109375,3577.773681640625,1793.52099609375,3577.30810546875,284.51385498046875,61.9036979675293,9.721288733999245e-07,0,0,2574.744140625,1291.49951171875,0,24.005727767944336,2713.190185546875,11.828925132751465,11.83840560913086,907.9180297851562,1810.799560546875,49.96307373046875,50.02000045776367,100,0,0,346.36138916015625,0,7.924896240234375,20.30961799621582,20.356718063354492,0,1.034000039100647,0.9067617654800415,50,2.799999952316284,2.2930572032928467,0,0,0,0,7.828095886471474,0,0,0,0.0012701691593974829,-0.0012717258650809526,0,-1.5566590718663065e-06,100.30266571044922,100.30278015136719,790.2600708007812,790.2601928710938,790.2601928710938,549.65380859375,0,0,24.005727767944336,0.0010999999940395355,0.02200000174343586,0.03299999609589577,0.04399999603629112,5655.8173828125,114276.53125,0.0429663360118866,0,3.1392715754918754e-05,254.00253295898438,0,0.0002616529818624258,2.8350639695418067e-05,0,0,23.700000762939453,0,0,1600,0,50,0,0,0,50,50,1400,0.0,0.0,0.0,0.0
140,158.1732635498047,309.04754638671875,326.0517883300781,326.0046691894531,292.04315185546875,292.0902099609375,16515.818359375,33031.63671875,68.97843170166016,68.97853088378906,1794.2679443359375,3577.752197265625,1793.5213623046875,3577.307861328125,284.5140380859375,61.904197692871094,2.6340014755987795e-06,0,0,2574.74267578125,1291.49951171875,0,24.003873825073242,2713.188720703125,11.828963279724121,11.838417053222656,907.9204711914062,1810.8037109375,49.963523864746094,50.0201530456543,100,0,0,346.3616027832031,0,7.924896240234375,20.30982208251953,20.35692024230957,0,1.034000039100647,0.9067617654800415,50,2.799999952316284,2.293058395385742,0,0,0,0,7.7124097973519765,0,0,0,0.0012697039637714624,-0.0012715355260297656,0,-1.831597160162346e-06,100.30257415771484,100.30272674560547,790.2598266601562,790.2599487304688,790.2599487304688,549.6537475585938,0,0,24.003873825073242,0.0010999999940395355,0.02200000174343586,0.03299999609589577,0.04399999603629112,5655.8173828125,114276.53125,0.0429663360118866,0,3.1392715754918754e-05,255.82333374023438,0,0.0002616529818624258,2.8350639695418067e-05,0,0,23.700000762939453,0,0,1600,0,50,0,0,0,50,50,1400,0.0,0.0,0.0,0.0
141,158.1736297607422,309.04754638671875,326.0517883300781,326.0046691894531,292.04315185546875,292.09027099609375,16515.818359375,33031.63671875,68.97844696044922,68.97854614257812,1794.266357421875,3577.730712890625,1793.522216796875,3577.30712890625,284.5142517089844,61.904693603515625,3.714866352311219e-06,0,0,2574.74169921875,1291.4996337890625,0,24.001995086669922,2713.18701171875,11.829001426696777,11.83842945098877,907.919189453125,1810.7999267578125,49.96399688720703,50.020301818847656,100,0,0,346.36181640625,0,7.924896240234375,20.310026168823242,20.35712432861328,0,1.034000039100647,0.9067617654800415,50,2.799999952316284,2.293059825897217,0,0,0,0,7.601543605680109,0,0,0,0.0012697039637714624,-0.0012712819734588265,0,-1.578044589223282e-06,100.30250549316406,100.30266571044922,790.2595825195312,790.2597045898438,790.2597045898438,549.6536254882812,0,0,24.001995086669922,0.0010999999940395355,0.02200000174343586,0.03299999609589577,0.04399999603629112,5655.8173828125,114276.53125,0.0429663360118866,0,3.1392715754918754e-05,257.6441345214844,0,0.0002616529818624258,2.8350639695418067e-05,0,0,23.700000762939453,0,0,1600,0,50,0,0,0,50,50,1400,0.0,0.0,0.0,0.0
142,158.17401123046875,309.0475769042969,326.0517883300781,326.0046691894531,292.04315185546875,292.0903015136719,16515.818359375,33031.63671875,68.97846984863281,68.97856903076172,1794.26513671875,3577.708740234375,1793.5179443359375,3577.31103515625,284.5144348144531,61.905174255371094,2.4717000997043215e-06,0,0,2574.740478515625,1291.499755859375,0,24.004230499267578,2713.185546875,11.829038619995117,11.838440895080566,907.9191284179688,1810.8013916015625,49.96445083618164,50.02044677734375,100,0,0,346.3619689941406,0,7.924896240234375,20.31019401550293,20.3572940826416,0,1.034000039100647,0.9067617654800415,50,2.799999952316284,2.2930612564086914,0,0,0,0,7.495498317382502,0,0,0,0.0012692385353147984,-0.0012710283044725657,0,-1.78972254616383e-06,100.30243682861328,100.30260467529297,790.25927734375,790.2593994140625,790.2593994140625,549.6535034179688,0,0,24.004230499267578,0.0010999999940395355,0.02200000174343586,0.03299999609589577,0.04399999603629112,5655.8173828125,114276.53125,0.0429663360118866,0,3.1392715754918754e-05,259.4649353027344,0,0.0002616529818624258,2.8350639695418067e-05,0,0,23.700000762939453,0,0,1600,0,50,0,0,0,50,50,1400,0.0,0.0,0.0,0.0
143,158.17437744140625,309.0475769042969,326.0517883300781,326.0046691894531,292.04315185546875,292.09033203125,16515.818359375,33031.63671875,68.97848510742188,68.97858428955078,1794.2635498046875,3577.687744140625,1793.52001953125,3577.30908203125,284.5146179199219,61.90565872192383,1.809541686270677e-06,0,0,2574.7392578125,1291.4996337890625,0,24.001056671142578,2713.183837890625,11.82907772064209,11.838451385498047,907.9188842773438,1810.7979736328125,49.964881896972656,50.02059555053711,100,0,0,346.3621826171875,0,7.924896240234375,20.31039810180664,20.35749626159668,0,1.034000039100647,0.9067617654800415,50,2.799999952316284,2.293062686920166,0,0,0,0,7.38945252612158,0,0,0,0.0012692385353147984,-0.0012707746354863048,0,-1.5360419638454914e-06,100.3023681640625,100.30254364013672,790.259033203125,790.2591552734375,790.2591552734375,549.6533813476562,0,0,24.001056671142578,0.0010999999940395355,0.02200000174343586,0.03299999609589577,0.04399999603629112,5655.8173828125,114276.53125,0.0429663360118866,0,3.1392715754918754e-05,261.2857360839844,0,0.0002616529818624258,2.8350639695418067e-05,0,0,23.700000762939453,0,0,1600,0,50,0,0,0,50,50,1400,0.0,0.0,0.0,0.0
144,158.17474365234375,309.0475769042969,326.0517883300781,326.0046691894531,292.04315185546875,292.0903625488281,16515.818359375,33031.63671875,68.97850036621094,68.97859954833984,1794.2615966796875,3577.667724609375,1793.5206298828125,3577.30810546875,284.51483154296875,61.9061393737793,5.663753199769417e-07,0,0,2574.73828125,1291.499755859375,0,24.0006103515625,2713.182373046875,11.829115867614746,11.838460922241211,907.9176025390625,1810.7943115234375,49.96535110473633,50.02070999145508,100,0,0,346.3623962402344,0,7.924896240234375,20.31060218811035,20.35770034790039,0,1.034000039100647,0.9067617654800415,50,2.799999952316284,2.2930638790130615,0,0,0,0,7.28340673486066,0,0,0,0.0012692385353147984,-0.0012705210829153657,0,-1.2824893929064274e-06,100.30233764648438,100.302490234375,790.2587280273438,790.2588500976562,790.2588500976562,549.6532592773438,0,0,24.0006103515625,0.0010999999940395355,0.02200000174343586,0.03299999609589577,0.04399999603629112,5655.8173828125,114276.53125,0.0429663360118866,0,3.1392715754918754e-05,263.1065368652344,0,0.0002616529818624258,2.8350639695418067e-05,0,0,23.700000762939453,0,0,1600,0,50,0,0,0,50,50,1400,0.0,0.0,0.0,0.0
145,158.1751251220703,309.04766845703125,326.0517883300781,326.0046691894531,292.0431823730469,292.09039306640625,16515.818359375,33031.63671875,68.978515625,68.97862243652344,1794.259765625,3577.647705078125,1793.5211181640625,3577.307373046875,284.5150146484375,61.90662384033203,-9.578315030012163e-08,0,0,2574.737060546875,1291.5001220703125,0,23.997434616088867,2713.1806640625,11.829153060913086,11.838469505310059,907.9187622070312,1810.7957763671875,49.9658088684082,50.02082443237305,100,0,0,346.362548828125,0,7.924896240234375,20.310771942138672,20.35787010192871,0,1.034000039100647,0.9067617654800415,50,2.799999952316284,2.293065309524536,0,0,0,0,7.177361446563053,0,0,0,0.0012683080276474357,-0.0012702674139291048,0,-1.9593978777265875e-06,100.30229187011719,100.30242919921875,790.2584838867188,790.2586059570312,790.2586059570312,549.6531372070312,0,0,23.997434616088867,0.0010999999940395355,0.02200000174343586,0.03299999609589577,0.04399999603629112,5655.8173828125,114276.53125,0.0429663360118866,0,3.1392715754918754e-05,264.9273376464844,0,0.0002616529818624258,2.8350639695418067e-05,0,0,23.700000762939453,0,0,1600,0,50,0,0,0,50,50,1400,0.0,0.0,0.0,0.0
146,158.1754913330078,309.04766845703125,326.05181884765625,326.0046691894531,292.0431823730469,292.0904235839844,16515.818359375,33031.63671875,68.97854614257812,68.97864532470703,1794.2572021484375,3577.6279296875,1793.5184326171875,3577.310546875,284.51519775390625,61.907100677490234,-1.9199571852368535e-06,0,0,2574.736328125,1291.5001220703125,0,23.995624542236328,2713.178955078125,11.829191207885742,11.838479042053223,907.9185791015625,1810.7950439453125,49.96624755859375,50.020965576171875,100,0,0,346.3627624511719,0,7.924896240234375,20.310941696166992,20.358074188232422,0,1.034000039100647,0.9067617654800415,50,2.799999952316284,2.2930667400360107,0,0,0,0,7.071315655302131,0,0,0,0.0012683080276474357,-0.001270013744942844,0,-1.705717295408249e-06,100.30220794677734,100.30236053466797,790.2581787109375,790.2583618164062,790.2583618164062,549.6530151367188,0,0,23.995624542236328,0.0010999999940395355,0.02200000174343586,0.03299999609589577,0.04399999603629112,5655.8173828125,114276.53125,0.0429663360118866,0,3.1392715754918754e-05,266.7481384277344,0,0.0002616529818624258,2.8350639695418067e-05,0,0,23.700000762939453,0,0,1600,0,50,0,0,0,50,50,1400,0.0,0.0,0.0,0.0
147,158.1758575439453,309.04766845703125,326.05181884765625,326.0046691894531,292.0431823730469,292.0904235839844,16515.818359375,33031.63671875,68.97856140136719,68.97866821289062,1794.255615234375,3577.607177734375,1793.5194091796875,3577.309814453125,284.5154113769531,61.90758514404297,-2.5821157123573357e-06,0,0,2574.735107421875,1291.5001220703125,0,23.99247169494629,2713.177490234375,11.829229354858398,11.83848762512207,907.9186401367188,1810.7938232421875,49.96674346923828,50.021053314208984,100,0,0,346.3629150390625,0,7.924896240234375,20.31110954284668,20.358243942260742,0,1.034000039100647,0.9067617654800415,50,2.799999952316284,2.2930679321289062,0,0,0,0,6.96526986404121,0,0,0,0.0012683080276474357,-0.0012697601923719049,0,-1.4521647244691849e-06,100.30215454101562,100.30230712890625,790.2579345703125,790.258056640625,790.258056640625,549.65283203125,0,0,23.99247169494629,0.0010999999940395355,0.02200000174343586,0.03299999609589577,0.04399999603629112,5655.8173828125,114276.53125,0.0429663360118866,0,3.1392715754918754e-05,268.5689392089844,0,0.0002616529818624258,2.8350639695418067e-05,0,0,23.700000762939453,0,0,1600,0,50,0,0,0,50,50,1400,0.0,0.0,0.0,0.0
148,158.1762237548828,309.0476989746094,326.05181884765625,326.0046691894531,292.04327392578125,292.0904846191406,16515.818359375,33031.63671875,68.97858428955078,68.97868347167969,1794.253173828125,3577.587646484375,1793.51953125,3577.309326171875,284.5155944824219,61.90806579589844,-3.825281964964233e-06,0,0,2574.73388671875,1291.5003662109375,0,23.990663528442383,2713.176025390625,11.829266548156738,11.838495254516602,907.9171142578125,1810.79052734375,49.9671630859375,50.02117156982422,100,0,0,346.3631286621094,0,7.924896240234375,20.31131362915039,20.35844612121582,0,1.034000039100647,0.9067617654800415,50,2.799999952316284,2.293069362640381,0,0,0,0,6.859224575743603,0,0,0,0.0012678425991907716,-0.001269506523385644,0,-1.663842681409733e-06,100.3021240234375,100.30225372314453,790.2576293945312,790.2578125,790.2578125,549.6527099609375,0,0,23.990663528442383,0.0010999999940395355,0.02200000174343586,0.03299999609589577,0.04399999603629112,5655.8173828125,114276.53125,0.0429663360118866,0,3.1392715754918754e-05,270.3897399902344,0,0.0002616529818624258,2.8350639695418067e-05,0,0,23.700000762939453,0,0,1600,0,50,0,0,0,50,50,1400,0.0,0.0,0.0,0.0
149,158.17660522460938,309.0477294921875,326.05181884765625,326.0046081542969,292.0433349609375,292.090576171875,16515.818359375,33031.63671875,68.97859954833984,68.97871398925781,1794.2503662109375,3577.56884765625,1793.5185546875,3577.310302734375,284.5157775878906,61.90855026245117,-4.4874404920847155e-06,0,0,2574.73291015625,1291.5003662109375,0,23.988853454589844,2713.173828125,11.829304695129395,11.838501930236816,907.9196166992188,1810.7919921875,49.96763610839844,50.02126693725586,100,0,0,346.36334228515625,0,7.924896240234375,20.3115177154541,20.35871696472168,0,1.034000039100647,0.9067617654800415,50,2.799999952316284,2.2930710315704346,0,0,0,0,6.753178784482682,0,0,0,0.0012673774035647511,-0.001269252970814705,0,-1.875520638350281e-06,100.30203247070312,100.30217742919922,790.2573852539062,790.2575073242188,790.2575073242188,549.6526489257812,0,0,23.988853454589844,0.0010999999940395355,0.02200000174343586,0.03299999609589577,0.04399999603629112,5655.8173828125,114276.53125,0.0429663360118866,0,3.1392715754918754e-05,272.2105407714844,0,0.0002616529818624258,2.8350639695418067e-05,0,0,23.700000762939453,0,0,1600,0,50,0,0,0,50,50,1400,0.0,0.0,0.0,0.0
150,158.17697143554688,309.0477294921875,326.05181884765625,326.0045471191406,292.04339599609375,292.09063720703125,16515.818359375,33031.63671875,68.97863006591797,68.9787368774414,1794.2474365234375,3577.5498046875,1793.5172119140625,3577.311767578125,284.5159606933594,61.909027099609375,4.324120709497947e-06,0,0,2574.731689453125,1291.5006103515625,0,23.987041473388672,2713.17236328125,11.829343795776367,11.838509559631348,907.9180297851562,1810.7911376953125,49.96806335449219,50.0213737487793,100,0,0,346.3634948730469,0,7.924896240234375,20.311687469482422,20.35895538330078,0,1.034000039100647,0.9067617654800415,50,2.799999952316284,2.29307222366333,0,0,0,0,6.647132993221761,0,0,0,0.0012673774035647511,-0.0012689991854131222,0,-1.6218400560319424e-06,100.30197143554688,100.3021240234375,790.2571411132812,790.2572631835938,790.2572631835938,549.6524658203125,0,0,23.987041473388672,0.0010999999940395355,0.02200000174343586,0.03299999609589577,0.04399999603629112,5655.8173828125,114276.53125,0.0429663360118866,0,3.1392715754918754e-05,274.0313415527344,0,0.0002616529818624258,2.8350639695418067e-05,0,0,23.700000762939453,0,0,1600,0,50,0,0,0,50,50,1400,0.0,0.0,0.0,0.0
151,158.17733764648438,309.0477600097656,326.05181884765625,326.0045471191406,292.04345703125,292.0906982421875,16515.818359375,33031.63671875,68.97865295410156,68.97875213623047,1794.245361328125,3577.531005859375,1793.52099609375,3577.30810546875,284.5161437988281,61.909507751464844,3.0809544568910496e-06,0,0,2574.73046875,1291.5008544921875,0,23.983890533447266,2713.1708984375,11.829380989074707,11.838515281677246,907.916748046875,1810.78759765625,49.968536376953125,50.02144241333008,100,0,0,346.36370849609375,0,7.924896240234375,20.3118896484375,20.359159469604492,0,1.034000039100647,0.9067617654800415,50,2.799999952316284,2.2930736541748047,0,0,0,0,6.541087201960839,0,0,0,0.0012669120915234089,-0.0012687455164268613,0,-1.8335180129724904e-06,100.30193328857422,100.30206298828125,790.2568359375,790.2569580078125,790.2569580078125,549.65234375,0,0,23.983890533447266,0.0010999999940395355,0.02200000174343586,0.03299999609589577,0.04399999603629112,5655.8173828125,114276.53125,0.0429663360118866,0,3.1392715754918754e-05,275.8521423339844,0,0.0002616529818624258,2.8350639695418067e-05,0,0,23.700000762939453,0,0,1600,0,50,0,0,0,50,50,1400,0.0,0.0,0.0,0.0
152,158.17770385742188,309.04779052734375,326.05181884765625,326.0045471191406,292.0434875488281,292.09075927734375,16515.818359375,33031.63671875,68.97866821289062,68.9787826538086,1794.2427978515625,3577.5126953125,1793.5185546875,3577.310546875,284.516357421875,61.90998077392578,6.757725827810646e-07,0,0,2574.7294921875,1291.5008544921875,0,23.986169815063477,2713.1689453125,11.829418182373047,11.838521003723145,907.9193115234375,1810.79150390625,49.96901321411133,50.021514892578125,100,0,0,346.3638610839844,0,7.924896240234375,20.31205940246582,20.35932731628418,0,1.034000039100647,0.9067617654800415,50,2.799999952316284,2.2930750846862793,0,0,0,0,6.435041913663232,0,0,0,0.0012664466630667448,-0.0012684919638559222,0,-2.045323981292313e-06,100.30183410644531,100.30199432373047,790.256591796875,790.2567138671875,790.2567138671875,549.6522216796875,0,0,23.986169815063477,0.0010999999940395355,0.02200000174343586,0.03299999609589577,0.04399999603629112,5655.8173828125,114276.53125,0.0429663360118866,0,3.1392715754918754e-05,277.6729431152344,0,0.0002616529818624258,2.8350639695418067e-05,0,0,23.700000762939453,0,0,1600,0,50,0,0,0,50,50,1400,0.0,0.0,0.0,0.0
153,158.1780548095703,309.04779052734375,326.05181884765625,326.0045471191406,292.04351806640625,292.0907897949219,16515.818359375,33031.63671875,68.97869873046875,68.97880554199219,1794.2398681640625,3577.494384765625,1793.5185546875,3577.310302734375,284.51654052734375,61.91044616699219,-2.8914246286149137e-06,0,0,2574.728271484375,1291.5009765625,0,23.984403610229492,2713.16748046875,11.829455375671387,11.838526725769043,907.917724609375,1810.7882080078125,49.969425201416016,50.021610260009766,100,0,0,346.36407470703125,0,7.924896240234375,20.31226348876953,20.35953140258789,0,1.034000039100647,0.9067617654800415,50,2.799999952316284,2.293076515197754,0,0,0,0,6.333816522813257,0,0,0,0.0012664466630667448,-0.0012682382948696613,0,-1.7916433989739744e-06,100.3017578125,100.30194091796875,790.2562866210938,790.2564086914062,790.2564086914062,549.652099609375,0,0,23.984403610229492,0.0010999999940395355,0.02200000174343586,0.03299999609589577,0.04399999603629112,5655.8173828125,114276.53125,0.0429663360118866,0,3.1392715754918754e-05,279.4937438964844,0,0.0002616529818624258,2.8350639695418067e-05,0,0,23.700000762939453,0,0,1600,0,50,0,0,0,50,50,1400,0.0,0.0,0.0,0.0
154,158.1783905029297,309.0478210449219,326.05181884765625,326.0045471191406,292.0435791015625,292.09088134765625,16515.818359375,33031.63671875,68.97871398925781,68.97882843017578,1794.2376708984375,3577.4755859375,1793.5162353515625,3577.31298828125,284.5166931152344,61.91089630126953,1.8530819261286524e-06,0,0,2574.7275390625,1291.5010986328125,0,23.984024047851562,2713.165771484375,11.82949161529541,11.838532447814941,907.9163818359375,1810.7847900390625,49.969886779785156,50.02167892456055,100,0,0,346.3642578125,0,7.924896240234375,20.31243324279785,20.35970115661621,0,1.034000039100647,0.9067617654800415,50,2.799999952316284,2.2930777072906494,0,0,0,0,6.237411532374227,0,0,0,0.0012659814674407244,-0.0012679846258834004,0,-2.0031934582220856e-06,100.30170440673828,100.3018798828125,790.2560424804688,790.2561645507812,790.2561645507812,549.6519775390625,0,0,23.984024047851562,0.0010999999940395355,0.02200000174343586,0.03299999609589577,0.04399999603629112,5655.8173828125,114276.53125,0.0429663360118866,0,3.1392715754918754e-05,281.3145446777344,0,0.0002616529818624258,2.8350639695418067e-05,0,0,23.700000762939453,0,0,1600,0,50,0,0,0,50,50,1400,0.0,0.0,0.0,0.0
155,158.17872619628906,309.0478515625,326.05181884765625,326.0045471191406,292.0436096191406,292.09088134765625,16515.818359375,33031.63671875,68.97874450683594,68.97885131835938,1794.2344970703125,3577.45849609375,1793.52099609375,3577.307861328125,284.51690673828125,61.91135787963867,-2.2951232949708356e-06,0,0,2574.7265625,1291.501220703125,0,23.980960845947266,2713.1640625,11.82952880859375,11.838536262512207,907.918701171875,1810.7864990234375,49.97032165527344,50.0217399597168,100,0,0,346.3644104003906,0,7.924896240234375,20.312602996826172,20.35987091064453,0,1.034000039100647,0.9067617654800415,50,2.799999952316284,2.293079376220703,0,0,0,0,6.1410060389718835,0,0,0,0.0012655160389840603,-0.0012677310733124614,0,-2.2149993128550705e-06,100.30159759521484,100.30181121826172,790.2557373046875,790.2559204101562,790.2559204101562,549.65185546875,0,0,23.980960845947266,0.0010999999940395355,0.02200000174343586,0.03299999609589577,0.04399999603629112,5655.8173828125,114276.53125,0.0429663360118866,0,3.1392715754918754e-05,283.1353454589844,0,0.0002616529818624258,2.8350639695418067e-05,0,0,23.700000762939453,0,0,1600,0,50,0,0,0,50,50,1400,0.0,0.0,0.0,0.0
156,158.17906188964844,309.0478515625,326.05181884765625,326.0045471191406,292.0436096191406,292.0909118652344,16515.818359375,33031.63671875,68.97876739501953,68.97887420654297,1794.2308349609375,3577.442138671875,1793.52001953125,3577.30908203125,284.5170593261719,61.91181945800781,4.19240677729249e-06,0,0,2574.7255859375,1291.5013427734375,0,23.97924041748047,2713.162109375,11.82956600189209,11.838539123535156,907.9174194335938,1810.7855224609375,49.97078323364258,50.02178955078125,100,0,0,346.3645935058594,0,7.924896240234375,20.312772750854492,20.36004066467285,0,1.034000039100647,0.9067617654800415,50,2.799999952316284,2.293081045150757,0,0,0,0,6.044601048532853,0,0,0,0.0012655160389840603,-0.0012674140743911266,0,-1.8979305878019659e-06,100.30150604248047,100.30174255371094,790.25537109375,790.2555541992188,790.2555541992188,549.6517333984375,0,0,23.97924041748047,0.0010999999940395355,0.02200000174343586,0.03299999609589577,0.04399999603629112,5655.8173828125,114276.53125,0.0429663360118866,0,3.1392715754918754e-05,284.9561462402344,0,0.0002616529818624258,2.8350639695418067e-05,0,0,23.700000762939453,0,0,1600,0,50,0,0,0,50,50,1400,0.0,0.0,0.0,0.0
157,158.1793975830078,309.0478820800781,326.05181884765625,326.0045471191406,292.04364013671875,292.0909729003906,16515.818359375,33031.63671875,68.97879028320312,68.97889709472656,1794.228271484375,3577.423828125,1793.517578125,3577.311767578125,284.5172424316406,61.91227340698242,-1.1178138947798288e-06,0,0,2574.724609375,1291.50146484375,0,23.97886085510254,2713.160400390625,11.829601287841797,11.838543891906738,907.9160766601562,1810.7821044921875,49.97123718261719,50.0218505859375,100,0,0,346.36474609375,0,7.924896240234375,20.31294059753418,20.360210418701172,0,1.034000039100647,0.9067617654800415,50,2.799999952316284,2.2930824756622314,0,0,0,0,5.948196058093824,0,0,0,0.001265050726942718,-0.00126709695905447,0,-2.0462205156945856e-06,100.30145263671875,100.30167388916016,790.2550048828125,790.2551879882812,790.2551879882812,549.6515502929688,0,0,23.97886085510254,0.0010999999940395355,0.02200000174343586,0.03299999609589577,0.04399999603629112,5655.8173828125,114276.53125,0.0429663360118866,0,3.1392715754918754e-05,286.7769470214844,0,0.0002616529818624258,2.8350639695418067e-05,0,0,23.700000762939453,0,0,1600,0,50,0,0,0,50,50,1400,0.0,0.0,0.0,0.0
158,158.1797332763672,309.04791259765625,326.0518493652344,326.0045471191406,292.0436706542969,292.0909729003906,16515.818359375,33031.63671875,68.97881317138672,68.97891998291016,1794.2247314453125,3577.406982421875,1793.522216796875,3577.306640625,284.5174255371094,61.91273498535156,5.3697158364229836e-06,0,0,2574.723388671875,1291.5013427734375,0,23.975797653198242,2713.15771484375,11.829638481140137,11.838546752929688,907.9183349609375,1810.783935546875,49.971675872802734,50.02190017700195,100,0,0,346.36492919921875,0,7.924896240234375,20.313077926635742,20.360380172729492,0,1.034000039100647,0.9067617654800415,50,2.799999952316284,2.2930846214294434,0,0,0,0,5.851791067654794,0,0,0,0.0012645855313166976,-0.0012667798437178135,0,-2.1943822048342554e-06,100.30135345458984,100.30158233642578,790.2546997070312,790.2548828125,790.2548828125,549.6514282226562,0,0,23.975797653198242,0.0010999999940395355,0.02200000174343586,0.03299999609589577,0.04399999603629112,5655.8173828125,114276.53125,0.0429663360118866,0,3.1392715754918754e-05,288.5977478027344,0,0.0002616529818624258,2.8350639695418067e-05,0,0,23.700000762939453,0,0,1600,0,50,0,0,0,50,50,1400,0.0,0.0,0.0,0.0
159,158.18006896972656,309.04791259765625,326.0518493652344,326.0045471191406,292.043701171875,292.0909729003906,16515.818359375,33031.63671875,68.97883605957031,68.97895050048828,1794.220458984375,3577.389892578125,1793.5211181640625,3577.307861328125,284.5176086425781,61.913185119628906,-5.215123906054941e-07,0,0,2574.722412109375,1291.5013427734375,0,23.975440979003906,2713.155517578125,11.829675674438477,11.838549613952637,907.9169921875,1810.782958984375,49.972137451171875,50.02195358276367,100,0,0,346.3650817871094,0,7.924896240234375,20.31324577331543,20.36054801940918,0,1.034000039100647,0.9067617654800415,50,2.799999952316284,2.293086528778076,0,0,0,0,5.7553855742524505,0,0,0,0.0012645855313166976,-0.001266399398446083,0,-1.8139253370463848e-06,100.30127716064453,100.30149841308594,790.2542724609375,790.2544555664062,790.2544555664062,549.6511840820312,0,0,23.975440979003906,0.0010999999940395355,0.02200000174343586,0.03299999609589577,0.04399999603629112,5655.8173828125,114276.53125,0.0429663360118866,0,3.1392715754918754e-05,290.4185485839844,0,0.0002616529818624258,2.8350639695418067e-05,0,0,23.700000762939453,0,0,1600,0,50,0,0,0,50,50,1400,0.0,0.0,0.0,0.0
160,158.18040466308594,309.04791259765625,326.0518493652344,326.0045471191406,292.043701171875,292.09100341796875,16515.818359375,33031.63671875,68.9788589477539,68.97897338867188,1794.21728515625,3577.3740234375,1793.5184326171875,3577.31103515625,284.5177917480469,61.913639068603516,4.804001946467906e-06,0,0,2574.72119140625,1291.501708984375,0,23.97374153137207,2713.153564453125,11.829710960388184,11.838552474975586,907.9154663085938,1810.7796630859375,49.97254943847656,50.02200698852539,100,0,0,346.3652648925781,0,7.924896240234375,20.31341552734375,20.3607177734375,0,1.034000039100647,0.9067617654800415,50,2.799999952316284,2.29308819770813,0,0,0,0,5.65898058381342,0,0,0,0.0012645855313166976,-0.0012660823995247483,0,-1.4968566119932802e-06,100.30123138427734,100.30142974853516,790.2539672851562,790.254150390625,790.254150390625,549.6510009765625,0,0,23.97374153137207,0.0010999999940395355,0.02200000174343586,0.03299999609589577,0.04399999603629112,5655.8173828125,114276.53125,0.0429663360118866,0,3.1392715754918754e-05,292.2393493652344,0,0.0002616529818624258,2.8350639695418067e-05,0,0,23.700000762939453,0,0,1600,0,50,0,0,0,50,50,1400,0.0,0.0,0.0,0.0
161,158.1807403564453,309.04791259765625,326.0518493652344,326.0045471191406,292.0437316894531,292.0910339355469,16515.818359375,33031.63671875,68.9788818359375,68.97899627685547,1794.21337890625,3577.35888671875,1793.5166015625,3577.312255859375,284.5179748535156,61.91408157348633,-2.249241788376821e-06,0,0,2574.720458984375,1291.501708984375,0,23.973407745361328,2713.15234375,11.82974624633789,11.838553428649902,907.9151000976562,1810.776611328125,49.97291946411133,50.022056579589844,100,0,0,346.3654479980469,0,7.924896240234375,20.31358528137207,20.36088752746582,0,1.034000039100647,0.9067617654800415,50,2.799999952316284,2.2930893898010254,0,0,0,0,5.562575593374391,0,0,0,0.0012645855313166976,-0.0012658288469538093,0,-1.2433040410542162e-06,100.30120849609375,100.30137634277344,790.2537231445312,790.2538452148438,790.2538452148438,549.65087890625,0,0,23.973407745361328,0.0010999999940395355,0.02200000174343586,0.03299999609589577,0.04399999603629112,5655.8173828125,114276.53125,0.0429663360118866,0,3.1392715754918754e-05,294.0601501464844,0,0.0002616529818624258,2.8350639695418067e-05,0,0,23.700000762939453,0,0,1600,0,50,0,0,0,50,50,1400,0.0,0.0,0.0,0.0
162,158.1810760498047,309.0480041503906,326.0518493652344,326.0045471191406,292.0437927246094,292.0910949707031,16515.818359375,33031.63671875,68.97889709472656,68.97901916503906,1794.210205078125,3577.3427734375,1793.518798828125,3577.310302734375,284.51812744140625,61.914546966552734,4.81929600937292e-06,0,0,2574.71923828125,1291.5020751953125,0,23.969024658203125,2713.150390625,11.829781532287598,11.838554382324219,907.9151000976562,1810.778076171875,49.973388671875,50.022064208984375,100,0,0,346.3656311035156,0,7.924896240234375,20.31378936767578,20.36109161376953,0,1.034000039100647,0.9067617654800415,50,2.799999952316284,2.2930908203125,0,0,0,0,5.466170099972047,0,0,0,0.001263654907234013,-0.0012655751779675484,0,-1.9202125258743763e-06,100.30116271972656,100.30130767822266,790.2534790039062,790.2536010742188,790.2536010742188,549.6507568359375,0,0,23.969024658203125,0.0010999999940395355,0.02200000174343586,0.03299999609589577,0.04399999603629112,5655.8173828125,114276.53125,0.0429663360118866,0,3.1392715754918754e-05,295.8809509277344,0,0.0002616529818624258,2.8350639695418067e-05,0,0,23.700000762939453,0,0,1600,0,50,0,0,0,50,50,1400,0.0,0.0,0.0,0.0
163,158.18141174316406,309.0480041503906,326.0518493652344,326.0045471191406,292.04388427734375,292.0911865234375,16515.818359375,33031.63671875,68.97891998291016,68.97904205322266,1794.20654296875,3577.326904296875,1793.5159912109375,3577.31298828125,284.5183410644531,61.91499328613281,-1.6529403410459054e-06,0,0,2574.718505859375,1291.5020751953125,0,23.970008850097656,2713.148681640625,11.829816818237305,11.838557243347168,907.9148559570312,1810.77734375,49.97380065917969,50.02210998535156,100,0,0,346.3658142089844,0,7.924896240234375,20.3139591217041,20.36126136779785,0,1.034000039100647,0.9067617654800415,50,2.799999952316284,2.2930922508239746,0,0,0,0,5.369765109533017,0,0,0,0.001263654907234013,-0.0012653216253966093,0,-1.6666599549353123e-06,100.30107116699219,100.3012466430664,790.253173828125,790.2532958984375,790.2532958984375,549.650634765625,0,0,23.970008850097656,0.0010999999940395355,0.02200000174343586,0.03299999609589577,0.04399999603629112,5655.8173828125,114276.53125,0.0429663360118866,0,3.1392715754918754e-05,297.7017517089844,0,0.0002616529818624258,2.8350639695418067e-05,0,0,23.700000762939453,0,0,1600,0,50,0,0,0,50,50,1400,0.0,0.0,0.0,0.0
164,158.18174743652344,309.0480041503906,326.0518493652344,326.0045471191406,292.0439453125,292.09124755859375,16515.818359375,33031.63671875,68.97895050048828,68.97906494140625,1794.2027587890625,3577.311767578125,1793.517578125,3577.311279296875,284.51849365234375,61.91543960571289,2.5105584882112453e-06,0,0,2574.71728515625,1291.5020751953125,0,23.968332290649414,2713.147216796875,11.829852104187012,11.838557243347168,907.91455078125,1810.774169921875,49.97420120239258,50.02212905883789,100,0,0,346.365966796875,0,7.924896240234375,20.314128875732422,20.361431121826172,0,1.034000039100647,0.9067617654800415,50,2.799999952316284,2.29309344291687,0,0,0,0,5.273360119093987,0,0,0,0.001263654907234013,-0.0012650678399950266,0,-1.4129793726169737e-06,100.301025390625,100.30119323730469,790.2529296875,790.2530517578125,790.2530517578125,549.6505126953125,0,0,23.968332290649414,0.0010999999940395355,0.02200000174343586,0.03299999609589577,0.04399999603629112,5655.8173828125,114276.53125,0.0429663360118866,0,3.1392715754918754e-05,299.5225524902344,0,0.0002616529818624258,2.8350639695418067e-05,0,0,23.700000762939453,0,0,1600,0,50,0,0,0,50,50,1400,0.0,0.0,0.0,0.0
165,158.1820831298828,309.0480651855469,326.0518493652344,326.0045471191406,292.04400634765625,292.09130859375,16515.818359375,33031.63671875,68.97896575927734,68.97908782958984,1794.19921875,3577.296142578125,1793.5166015625,3577.312255859375,284.5187072753906,61.9158821105957,-4.542685474007158e-06,0,0,2574.71630859375,1291.5025634765625,0,23.966657638549805,2713.1455078125,11.829887390136719,11.838557243347168,907.91455078125,1810.7757568359375,49.97468185424805,50.022125244140625,100,0,0,346.36614990234375,0,7.924896240234375,20.314298629760742,20.361600875854492,0,1.034000039100647,0.9067617654800415,50,2.799999952316284,2.293095111846924,0,0,0,0,5.176955128654958,0,0,0,0.0012627241667360067,-0.0012648141710087657,0,-2.0900158688164083e-06,100.30096435546875,100.3011245727539,790.2526245117188,790.2527465820312,790.2527465820312,549.650390625,0,0,23.966657638549805,0.0010999999940395355,0.02200000174343586,0.03299999609589577,0.04399999603629112,5655.8173828125,114276.53125,0.0429663360118866,0,3.1392715754918754e-05,301.3433532714844,0,0.0002616529818624258,2.8350639695418067e-05,0,0,23.700000762939453,0,0,1600,0,50,0,0,0,50,50,1400,0.0,0.0,0.0,0.0
166,158.18238830566406,309.0480651855469,326.0518493652344,326.0045471191406,292.0440673828125,292.09136962890625,16515.818359375,33031.63671875,68.97899627685547,68.97911071777344,1794.194580078125,3577.28076171875,1793.5166015625,3577.312255859375,284.51885986328125,61.91632080078125,-1.5412022094096756e-06,0,0,2574.715576171875,1291.5025634765625,0,23.965002059936523,2713.143798828125,11.829923629760742,11.838558197021484,907.914306640625,1810.7750244140625,49.975101470947266,50.02215576171875,100,0,0,346.3663024902344,0,7.924896240234375,20.31446647644043,20.36176872253418,0,1.034000039100647,0.9067617654800415,50,2.799999952316284,2.2930965423583984,0,0,0,0,5.085370035663559,0,0,0,0.0012627241667360067,-0.0012645606184378266,0,-1.8364632978773443e-06,100.30087280273438,100.30106353759766,790.2523803710938,790.2525024414062,790.2525024414062,549.6502685546875,0,0,23.965002059936523,0.0010999999940395355,0.02200000174343586,0.03299999609589577,0.04399999603629112,5655.8173828125,114276.53125,0.0429663360118866,0,3.1392715754918754e-05,303.1641540527344,0,0.0002616529818624258,2.8350639695418067e-05,0,0,23.700000762939453,0,0,1600,0,50,0,0,0,50,50,1400,0.0,0.0,0.0,0.0
167,158.1826934814453,309.0480651855469,326.0518493652344,326.0045471191406,292.0440673828125,292.0914001464844,16515.818359375,33031.63671875,68.97901916503906,68.97913360595703,1794.1910400390625,3577.266845703125,1793.5184326171875,3577.310546875,284.5190124511719,61.91675567626953,8.792733865448099e-07,0,0,2574.71435546875,1291.5025634765625,0,23.964712142944336,2713.142333984375,11.829957008361816,11.838557243347168,907.9140014648438,1810.77197265625,49.97549057006836,50.022159576416016,100,0,0,346.366455078125,0,7.924896240234375,20.314603805541992,20.361906051635742,0,1.034000039100647,0.9067617654800415,50,2.799999952316284,2.293097734451294,0,0,0,0,4.998605343083107,0,0,0,0.0012627241667360067,-0.0012643069494515657,0,-1.5827827155590057e-06,100.30081176757812,100.30101013183594,790.2520751953125,790.2522583007812,790.2522583007812,549.650146484375,0,0,23.964712142944336,0.0010999999940395355,0.02200000174343586,0.03299999609589577,0.04399999603629112,5655.8173828125,114276.53125,0.0429663360118866,0,3.1392715754918754e-05,304.9849548339844,0,0.0002616529818624258,2.8350639695418067e-05,0,0,23.700000762939453,0,0,1600,0,50,0,0,0,50,50,1400,0.0,0.0,0.0,0.0
168,158.18299865722656,309.048095703125,326.0518798828125,326.00457763671875,292.0440673828125,292.0914001464844,16515.818359375,33031.63671875,68.97904205322266,68.97915649414062,1794.1866455078125,3577.25244140625,1793.5137939453125,3577.31494140625,284.5191955566406,61.91718673706055,2.7187411433260422e-06,0,0,2574.713623046875,1291.5028076171875,0,23.96308135986328,2713.140625,11.829992294311523,11.838556289672852,907.91259765625,1810.7711181640625,49.97591781616211,50.022159576416016,100,0,0,346.3666076660156,0,7.924896240234375,20.314739227294922,20.362041473388672,0,1.034000039100647,0.9067617654800415,50,2.799999952316284,2.2930991649627686,0,0,0,0,4.91184115346597,0,0,0,0.0012622589711099863,-0.0012640532804653049,0,-1.7943326611202792e-06,100.3007583618164,100.30094909667969,790.2518310546875,790.251953125,790.251953125,549.6500244140625,0,0,23.96308135986328,0.0010999999940395355,0.02200000174343586,0.03299999609589577,0.04399999603629112,5655.8173828125,114276.53125,0.0429663360118866,0,3.1392715754918754e-05,306.8057556152344,0,0.0002616529818624258,2.8350639695418067e-05,0,0,23.700000762939453,0,0,1600,0,50,0,0,0,50,50,1400,0.0,0.0,0.0,0.0
169,158.1833038330078,309.0481262207031,326.0518798828125,326.00457763671875,292.04412841796875,292.09149169921875,16515.818359375,33031.63671875,68.97906494140625,68.97918701171875,1794.1832275390625,3577.238037109375,1793.5172119140625,3577.311279296875,284.51934814453125,61.91762161254883,5.139216682437109e-06,0,0,2574.712646484375,1291.5029296875,0,23.961471557617188,2713.138916015625,11.830025672912598,11.838554382324219,907.9136962890625,1810.77294921875,49.976341247558594,50.02214813232422,100,0,0,346.36676025390625,0,7.924896240234375,20.31487464904785,20.3621768951416,0,1.034000039100647,0.9067617654800415,50,2.799999952316284,2.293100595474243,0,0,0,0,4.825076460885517,0,0,0,0.001261793659068644,-0.0012637997278943658,0,-2.006138629440102e-06,100.3006820678711,100.3008804321289,790.2515258789062,790.251708984375,790.251708984375,549.64990234375,0,0,23.961471557617188,0.0010999999940395355,0.02200000174343586,0.03299999609589577,0.04399999603629112,5655.8173828125,114276.53125,0.0429663360118866,0,3.1392715754918754e-05,308.6265563964844,0,0.0002616529818624258,2.8350639695418067e-05,0,0,23.700000762939453,0,0,1600,0,50,0,0,0,50,50,1400,0.0,0.0,0.0,0.0
170,158.18360900878906,309.0481262207031,326.0518798828125,326.00457763671875,292.04412841796875,292.0915222167969,16515.818359375,33031.63671875,68.97908782958984,68.97920989990234,1794.1787109375,3577.224609375,1793.5191650390625,3577.309814453125,284.5195617675781,61.91804885864258,-4.238058409100631e-06,0,0,2574.7119140625,1291.5029296875,0,23.9598388671875,2713.13720703125,11.830060958862305,11.838553428649902,907.9135131835938,1810.7696533203125,49.97675323486328,50.022151947021484,100,0,0,346.3669128417969,0,7.924896240234375,20.315044403076172,20.362346649169922,0,1.034000039100647,0.9067617654800415,50,2.799999952316284,2.2931020259857178,0,0,0,0,4.738311768305064,0,0,0,0.001261793659068644,-0.001263546058908105,0,-1.7524580471217632e-06,100.30059814453125,100.30081939697266,790.251220703125,790.2514038085938,790.2514038085938,549.6497802734375,0,0,23.9598388671875,0.0010999999940395355,0.02200000174343586,0.03299999609589577,0.04399999603629112,5655.8173828125,114276.53125,0.0429663360118866,0,3.1392715754918754e-05,310.4473571777344,0,0.0002616529818624258,2.8350639695418067e-05,0,0,23.700000762939453,0,0,1600,0,50,0,0,0,50,50,1400,0.0,0.0,0.0,0.0
171,158.18389892578125,309.0481262207031,326.0518798828125,326.00457763671875,292.044189453125,292.091552734375,16515.818359375,33031.63671875,68.97911071777344,68.97923278808594,1794.174072265625,3577.2109375,1793.5162353515625,3577.3125,284.51971435546875,61.918479919433594,-2.3985903681023046e-06,0,0,2574.7109375,1291.5030517578125,0,23.95823097229004,2713.13525390625,11.830094337463379,11.83855152130127,907.9120483398438,1810.7664794921875,49.97716522216797,50.02214050292969,100,0,0,346.3670959472656,0,7.924896240234375,20.315214157104492,20.362516403198242,0,1.034000039100647,0.9067617654800415,50,2.799999952316284,2.2931036949157715,0,0,0,0,4.651547075724611,0,0,0,0.001261793659068644,-0.0012632289435714483,0,-1.4353893220686587e-06,100.30054473876953,100.30075073242188,790.2509155273438,790.2510986328125,790.2510986328125,549.6495971679688,0,0,23.95823097229004,0.0010999999940395355,0.02200000174343586,0.03299999609589577,0.04399999603629112,5655.8173828125,114276.53125,0.0429663360118866,0,3.1392715754918754e-05,312.2681579589844,0,0.0002616529818624258,2.8350639695418067e-05,0,0,23.700000762939453,0,0,1600,0,50,0,0,0,50,50,1400,0.0,0.0,0.0,0.0
172,158.1842041015625,309.0481872558594,326.0519104003906,326.0046081542969,292.0442199707031,292.0915832519531,16515.818359375,33031.63671875,68.9791259765625,68.979248046875,1794.1705322265625,3577.197509765625,1793.517822265625,3577.31103515625,284.5198974609375,61.91890335083008,-1.7211382328241598e-06,0,0,2574.710205078125,1291.50341796875,0,23.956621170043945,2713.133544921875,11.83012866973877,11.83854866027832,907.911865234375,1810.768310546875,49.97758865356445,50.02211380004883,100,0,0,346.3672180175781,0,7.924896240234375,20.31531524658203,20.36261749267578,0,1.034000039100647,0.9067617654800415,50,2.799999952316284,2.293105125427246,0,0,0,0,4.564782383144159,0,0,0,0.0012608630349859595,-0.0012629753910005093,0,-2.1124258182680933e-06,100.30049896240234,100.30068969726562,790.2506713867188,790.2507934570312,790.2507934570312,549.6494750976562,0,0,23.956621170043945,0.0010999999940395355,0.02200000174343586,0.03299999609589577,0.04399999603629112,5655.8173828125,114276.53125,0.0429663360118866,0,3.1392715754918754e-05,314.0889587402344,0,0.0002616529818624258,2.8350639695418067e-05,0,0,23.700000762939453,0,0,1600,0,50,0,0,0,50,50,1400,0.0,0.0,0.0,0.0
173,158.18450927734375,309.0481872558594,326.0519104003906,326.0046081542969,292.0442199707031,292.0915832519531,16515.818359375,33031.63671875,68.97915649414062,68.97927856445312,1794.165283203125,3577.1845703125,1793.5162353515625,3577.3125,284.5200500488281,61.91933822631836,6.99337249443488e-07,0,0,2574.708984375,1291.50341796875,0,23.953670501708984,2713.1318359375,11.830162048339844,11.838546752929688,907.9127197265625,1810.767822265625,49.97795104980469,50.022125244140625,100,0,0,346.3674011230469,0,7.924896240234375,20.31548500061035,20.3627872467041,0,1.034000039100647,0.9067617654800415,50,2.799999952316284,2.2931065559387207,0,0,0,0,4.478017690563706,0,0,0,0.0012608630349859595,-0.0012627217220142484,0,-1.8587452359497547e-06,100.30040740966797,100.30062103271484,790.2504272460938,790.2505493164062,790.2505493164062,549.6493530273438,0,0,23.953670501708984,0.0010999999940395355,0.02200000174343586,0.03299999609589577,0.04399999603629112,5655.8173828125,114276.53125,0.0429663360118866,0,3.1392715754918754e-05,315.9097595214844,0,0.0002616529818624258,2.8350639695418067e-05,0,0,23.700000762939453,0,0,1600,0,50,0,0,0,50,50,1400,0.0,0.0,0.0,0.0
174,158.184814453125,309.0481872558594,326.0519104003906,326.0046081542969,292.04425048828125,292.0915832519531,16515.818359375,33031.63671875,68.97917938232422,68.97930145263672,1794.1607666015625,3577.17236328125,1793.5146484375,3577.314208984375,284.52020263671875,61.91977310180664,3.119812618024298e-06,0,0,2574.7080078125,1291.5035400390625,0,23.952037811279297,2713.1298828125,11.830195426940918,11.838542938232422,907.9111938476562,1810.7672119140625,49.97835922241211,50.022098541259766,100,0,0,346.3675231933594,0,7.924896240234375,20.31562042236328,20.36292266845703,0,1.034000039100647,0.9067617654800415,50,2.799999952316284,2.2931082248687744,0,0,0,0,4.3912535009465685,0,0,0,0.0012608630349859595,-0.0012624047230929136,0,-1.5416765108966501e-06,100.30033111572266,100.30055236816406,790.25,790.2501831054688,790.2501831054688,549.649169921875,0,0,23.952037811279297,0.0010999999940395355,0.02200000174343586,0.03299999609589577,0.04399999603629112,5655.8173828125,114276.53125,0.0429663360118866,0,3.1392715754918754e-05,317.7305603027344,0,0.0002616529818624258,2.8350639695418067e-05,0,0,23.700000762939453,0,0,1600,0,50,0,0,0,50,50,1400,0.0,0.0,0.0,0.0
175,158.18511962890625,309.0482177734375,326.0519104003906,326.0046081542969,292.0442810058594,292.0916442871094,16515.818359375,33031.63671875,68.97920227050781,68.97932434082031,1794.15673828125,3577.158447265625,1793.5179443359375,3577.310546875,284.5203857421875,61.920196533203125,3.7972649806761183e-06,0,0,2574.70703125,1291.50390625,0,23.953134536743164,2713.128173828125,11.830228805541992,11.838541030883789,907.9097900390625,1810.7640380859375,49.97877502441406,50.02207946777344,100,0,0,346.3677062988281,0,7.924896240234375,20.3157901763916,20.36309242248535,0,1.034000039100647,0.9067617654800415,50,2.799999952316284,2.293109655380249,0,0,0,0,4.304488808366116,0,0,0,0.0012603976065292954,-0.001262087607756257,0,-1.6899663251024322e-06,100.30030059814453,100.30048370361328,790.2496948242188,790.2498779296875,790.2498779296875,549.6490478515625,0,0,23.953134536743164,0.0010999999940395355,0.02200000174343586,0.03299999609589577,0.04399999603629112,5655.8173828125,114276.53125,0.0429663360118866,0,3.1392715754918754e-05,319.5513610839844,0,0.0002616529818624258,2.8350639695418067e-05,0,0,23.700000762939453,0,0,1600,0,50,0,0,0,50,50,1400,0.0,0.0,0.0,0.0
176,158.1854248046875,309.04827880859375,326.0519104003906,326.0046081542969,292.0443115234375,292.0916748046875,16515.818359375,33031.63671875,68.9792251586914,68.9793472290039,1794.151611328125,3577.147216796875,1793.5166015625,3577.312255859375,284.52056884765625,61.920631408691406,-4.417994659888791e-06,0,0,2574.706298828125,1291.503662109375,0,23.950183868408203,2713.126220703125,11.830262184143066,11.838536262512207,907.912109375,1810.7659912109375,49.97917175292969,50.02204132080078,100,0,0,346.3678283691406,0,7.924896240234375,20.31592559814453,20.36322784423828,0,1.034000039100647,0.9067617654800415,50,2.799999952316284,2.2931113243103027,0,0,0,0,4.217724115785664,0,0,0,0.0012599322944879532,-0.001261834055185318,0,-1.9017722934222547e-06,100.30021667480469,100.3004150390625,790.2494506835938,790.2495727539062,790.2495727539062,549.64892578125,0,0,23.950183868408203,0.0010999999940395355,0.02200000174343586,0.03299999609589577,0.04399999603629112,5655.8173828125,114276.53125,0.0429663360118866,0,3.1392715754918754e-05,321.3721618652344,0,0.0002616529818624258,2.8350639695418067e-05,0,0,23.700000762939453,0,0,1600,0,50,0,0,0,50,50,1400,0.0,0.0,0.0,0.0
177,158.18572998046875,309.04827880859375,326.0519104003906,326.0046081542969,292.0443420410156,292.0917053222656,16515.818359375,33031.63671875,68.979248046875,68.9793701171875,1794.147216796875,3577.134765625,1793.516845703125,3577.312255859375,284.520751953125,61.92104721069336,-4.902557520836126e-06,0,0,2574.705322265625,1291.5037841796875,0,23.949914932250977,2713.12451171875,11.830294609069824,11.838532447814941,907.9105834960938,1810.7626953125,49.97956085205078,50.02201461791992,100,0,0,346.3680114746094,0,7.924896240234375,20.31609535217285,20.3633975982666,0,1.034000039100647,0.9067617654800415,50,2.799999952316284,2.2931127548217773,0,0,0,0,4.130959423205211,0,0,0,0.0012599322944879532,-0.001261580386199057,0,-1.6480917111039162e-06,100.3001480102539,100.30035400390625,790.2492065429688,790.2493286132812,790.2493286132812,549.6488037109375,0,0,23.949914932250977,0.0010999999940395355,0.02200000174343586,0.03299999609589577,0.04399999603629112,5655.8173828125,114276.53125,0.0429663360118866,0,3.1392715754918754e-05,323.1929626464844,0,0.0002616529818624258,2.8350639695418067e-05,0,0,23.700000762939453,0,0,1600,0,50,0,0,0,50,50,1400,0.0,0.0,0.0,0.0
178,158.18601989746094,309.04827880859375,326.0519104003906,326.0046081542969,292.0443420410156,292.0917053222656,16515.818359375,33031.63671875,68.9792709350586,68.9793930053711,1794.1434326171875,3577.12158203125,1793.515625,3577.3134765625,284.5209045410156,61.92146682739258,-4.806113338418072e-06,0,0,2574.70458984375,1291.50390625,0,23.94835090637207,2713.123046875,11.830327033996582,11.838529586791992,907.9093627929688,1810.7620849609375,49.980010986328125,50.02195358276367,100,0,0,346.3681945800781,0,7.924896240234375,20.316265106201172,20.363567352294922,0,1.034000039100647,0.9067617654800415,50,2.799999952316284,2.293113946914673,0,0,0,0,4.044194730624759,0,0,0,0.0012599322944879532,-0.0012613267172127962,0,-1.3944111287855776e-06,100.30010223388672,100.30030059814453,790.2489013671875,790.2490234375,790.2490234375,549.648681640625,0,0,23.94835090637207,0.0010999999940395355,0.02200000174343586,0.03299999609589577,0.04399999603629112,5655.8173828125,114276.53125,0.0429663360118866,0,3.1392715754918754e-05,325.0137634277344,0,0.0002616529818624258,2.8350639695418067e-05,0,0,23.700000762939453,0,0,1600,0,50,0,0,0,50,50,1400,0.0,0.0,0.0,0.0
179,158.1863250732422,309.04833984375,326.0519104003906,326.0046081542969,292.0444030761719,292.091796875,16515.818359375,33031.63671875,68.97929382324219,68.97941589355469,1794.1385498046875,3577.110107421875,1793.5169677734375,3577.311767578125,284.5210876464844,61.92188262939453,-5.290676654112758e-06,0,0,2574.703369140625,1291.50439453125,0,23.946786880493164,2713.12158203125,11.83035945892334,11.83852481842041,907.9102783203125,1810.761474609375,49.98038864135742,50.02192306518555,100,0,0,346.3683166503906,0,7.924896240234375,20.3164005279541,20.36370277404785,0,1.034000039100647,0.9067617654800415,50,2.799999952316284,2.2931153774261475,0,0,0,0,3.9574302895259637,0,0,0,0.0012590016704052687,-0.0012610731646418571,0,-2.0714476249850122e-06,100.300048828125,100.30023956298828,790.2486572265625,790.248779296875,790.248779296875,549.6484985351562,0,0,23.946786880493164,0.0010999999940395355,0.02200000174343586,0.03299999609589577,0.04399999603629112,5655.8173828125,114276.53125,0.0429663360118866,0,3.1392715754918754e-05,326.8345642089844,0,0.0002616529818624258,2.8350639695418067e-05,0,0,23.700000762939453,0,0,1600,0,50,0,0,0,50,50,1400,0.0,0.0,0.0,0.0
180,158.1865997314453,309.04833984375,326.0519104003906,326.0046081542969,292.0444030761719,292.091796875,16515.818359375,33031.63671875,68.97931671142578,68.97943878173828,1794.1331787109375,3577.098876953125,1793.51513671875,3577.3134765625,284.5212097167969,61.92228698730469,3.11747180603561e-06,0,0,2574.702880859375,1291.50439453125,0,23.94658660888672,2713.11962890625,11.830390930175781,11.838520050048828,907.909912109375,1810.7635498046875,49.98073959350586,50.02190017700195,100,0,0,346.3684387207031,0,7.924896240234375,20.31653594970703,20.36383819580078,0,1.034000039100647,0.9067617654800415,50,2.799999952316284,2.293116807937622,0,0,0,0,3.8754857458747995,0,0,0,0.0012590016704052687,-0.0012608194956555963,0,-1.8177670426666737e-06,100.29996490478516,100.3001708984375,790.2483520507812,790.2484741210938,790.2484741210938,549.6484375,0,0,23.94658660888672,0.0010999999940395355,0.02200000174343586,0.03299999609589577,0.04399999603629112,5655.8173828125,114276.53125,0.0429663360118866,0,3.1392715754918754e-05,328.6553649902344,0,0.0002616529818624258,2.8350639695418067e-05,0,0,23.700000762939453,0,0,1600,0,50,0,0,0,50,50,1400,0.0,0.0,0.0,0.0
181,158.18687438964844,309.04833984375,326.0519104003906,326.0046081542969,292.04443359375,292.091796875,16515.818359375,33031.63671875,68.9793472290039,68.9794692993164,1794.1290283203125,3577.08740234375,1793.515380859375,3577.3134765625,284.5213928222656,61.922691345214844,8.898852570382587e-07,0,0,2574.701904296875,1291.5045166015625,0,23.945064544677734,2713.1181640625,11.830422401428223,11.838515281677246,907.9085083007812,1810.760498046875,49.98113250732422,50.021846771240234,100,0,0,346.3686218261719,0,7.924896240234375,20.31670570373535,20.3640079498291,0,1.034000039100647,0.9067617654800415,50,2.799999952316284,2.2931180000305176,0,0,0,0,3.798361854116239,0,0,0,0.0012590016704052687,-0.0012605658266693354,0,-1.564086460348335e-06,100.2999038696289,100.30011749267578,790.2481079101562,790.2482299804688,790.2482299804688,549.6482543945312,0,0,23.945064544677734,0.0010999999940395355,0.02200000174343586,0.03299999609589577,0.04399999603629112,5655.8173828125,114276.53125,0.0429663360118866,0,3.1392715754918754e-05,330.4761657714844,0,0.0002616529818624258,2.8350639695418067e-05,0,0,23.700000762939453,0,0,1600,0,50,0,0,0,50,50,1400,0.0,0.0,0.0,0.0
182,158.1871337890625,309.0483703613281,326.0519104003906,326.0046081542969,292.04449462890625,292.09185791015625,16515.818359375,33031.63671875,68.97936248779297,68.97948455810547,1794.1243896484375,3577.07666015625,1793.5172119140625,3577.311279296875,284.52154541015625,61.92310333251953,-1.7568585519711633e-07,0,0,2574.701171875,1291.5047607421875,0,23.943544387817383,2713.116455078125,11.830453872680664,11.838509559631348,907.9082641601562,1810.75732421875,49.98151779174805,50.02178955078125,100,0,0,346.3687438964844,0,7.924896240234375,20.31684112548828,20.36414337158203,0,1.034000039100647,0.9067617654800415,50,2.799999952316284,2.293119430541992,0,0,0,0,3.7212377108760206,0,0,0,0.0012585363583639264,-0.0012603122740983963,0,-1.7758924286681577e-06,100.29985809326172,100.30005645751953,790.247802734375,790.2479858398438,790.2479858398438,549.6481323242188,0,0,23.943544387817383,0.0010999999940395355,0.02200000174343586,0.03299999609589577,0.04399999603629112,5655.8173828125,114276.53125,0.0429663360118866,0,3.1392715754918754e-05,332.2969665527344,0,0.0002616529818624258,2.8350639695418067e-05,0,0,23.700000762939453,0,0,1600,0,50,0,0,0,50,50,1400,0.0,0.0,0.0,0.0
183,158.18740844726562,309.04840087890625,326.0519714355469,326.0046691894531,292.04449462890625,292.09185791015625,16515.818359375,33031.63671875,68.97938537597656,68.97950744628906,1794.1190185546875,3577.066162109375,1793.515625,3577.3134765625,284.5216979980469,61.92350387573242,-2.984280172313447e-06,0,0,2574.7001953125,1291.5047607421875,0,23.9433650970459,2713.11474609375,11.830485343933105,11.83850383758545,907.9093017578125,1810.7618408203125,49.98188400268555,50.0217399597168,100,0,0,346.368896484375,0,7.924896240234375,20.31690788269043,20.36421012878418,0,1.034000039100647,0.9067617654800415,50,2.799999952316284,2.293121099472046,0,0,0,0,3.6441135676358027,0,0,0,0.0012580710463225842,-0.0012600586051121354,0,-1.9875703856087057e-06,100.29977416992188,100.29998779296875,790.24755859375,790.2476806640625,790.2476806640625,549.6480712890625,0,0,23.9433650970459,0.0010999999940395355,0.02200000174343586,0.03299999609589577,0.04399999603629112,5655.8173828125,114276.53125,0.0429663360118866,0,3.1392715754918754e-05,334.1177673339844,0,0.0002616529818624258,2.8350639695418067e-05,0,0,23.700000762939453,0,0,1600,0,50,0,0,0,50,50,1400,0.0,0.0,0.0,0.0
184,158.18768310546875,309.04840087890625,326.05206298828125,326.0047607421875,292.04449462890625,292.09185791015625,16515.818359375,33031.63671875,68.97940826416016,68.97953033447266,1794.1142578125,3577.055908203125,1793.515625,3577.3134765625,284.5218811035156,61.92390823364258,-5.2118666644673795e-06,0,0,2574.699462890625,1291.5050048828125,0,23.940505981445312,2713.11279296875,11.830516815185547,11.838496208190918,907.9077758789062,1810.7589111328125,49.98228073120117,50.02166748046875,100,0,0,346.3690185546875,0,7.924896240234375,20.31697654724121,20.36427879333496,0,1.034000039100647,0.9067617654800415,50,2.799999952316284,2.2931225299835205,0,0,0,0,3.5669894243955844,0,0,0,0.0012580710463225842,-0.0012597414897754788,0,-1.6705016605556011e-06,100.29969787597656,100.29991912841797,790.2471313476562,790.2473754882812,790.2473754882812,549.6478881835938,0,0,23.940505981445312,0.0010999999940395355,0.02200000174343586,0.03299999609589577,0.04399999603629112,5655.8173828125,114276.53125,0.0429663360118866,0,3.1392715754918754e-05,335.9385681152344,0,0.0002616529818624258,2.8350639695418067e-05,0,0,23.700000762939453,0,0,1600,0,50,0,0,0,50,50,1400,0.0,0.0,0.0,0.0
185,158.1879425048828,309.04840087890625,326.0521240234375,326.0047912597656,292.04449462890625,292.09185791015625,16515.818359375,33031.63671875,68.97943115234375,68.97955322265625,1794.109130859375,3577.0458984375,1793.5172119140625,3577.311767578125,284.5220031738281,61.92430877685547,2.6152738428208977e-06,0,0,2574.69873046875,1291.5050048828125,0,23.94034767150879,2713.11083984375,11.830547332763672,11.83849048614502,907.907470703125,1810.755859375,49.982635498046875,50.02162170410156,100,0,0,346.3691711425781,0,7.924896240234375,20.317045211791992,20.3643798828125,0,1.034000039100647,0.9067617654800415,50,2.799999952316284,2.293124198913574,0,0,0,0,3.4898652811553665,0,0,0,0.0012580710463225842,-0.001259424607269466,0,-1.353560946881771e-06,100.2996597290039,100.29985046386719,790.2468872070312,790.2470092773438,790.2470092773438,549.647705078125,0,0,23.94034767150879,0.0010999999940395355,0.02200000174343586,0.03299999609589577,0.04399999603629112,5655.8173828125,114276.53125,0.0429663360118866,0,3.1392715754918754e-05,337.7593688964844,0,0.0002616529818624258,2.8350639695418067e-05,0,0,23.700000762939453,0,0,1600,0,50,0,0,0,50,50,1400,0.0,0.0,0.0,0.0
186,158.18821716308594,309.0484313964844,326.0521240234375,326.0047912597656,292.0445251464844,292.0918884277344,16515.818359375,33031.63671875,68.97944641113281,68.97956848144531,1794.1038818359375,3577.03564453125,1793.515625,3577.31298828125,284.5221862792969,61.924713134765625,3.876872085584182e-07,0,0,2574.69775390625,1291.5052490234375,0,23.937488555908203,2713.109375,11.83057689666748,11.838484764099121,907.906005859375,1810.755126953125,49.983001708984375,50.02156448364258,100,0,0,346.3692932128906,0,7.924896240234375,20.317180633544922,20.36451530456543,0,1.034000039100647,0.9067617654800415,50,2.799999952316284,2.293125629425049,0,0,0,0,3.412741389396806,0,0,0,0.001257605734281242,-0.0012591708218678832,0,-1.5651108924430446e-06,100.29962921142578,100.29978942871094,790.24658203125,790.2467651367188,790.2467651367188,549.6475830078125,0,0,23.937488555908203,0.0010999999940395355,0.02200000174343586,0.03299999609589577,0.04399999603629112,5655.8173828125,114276.53125,0.0429663360118866,0,3.1392715754918754e-05,339.5801696777344,0,0.0002616529818624258,2.8350639695418067e-05,0,0,23.700000762939453,0,0,1600,0,50,0,0,0,50,50,1400,0.0,0.0,0.0,0.0
187,158.1884765625,309.0484619140625,326.0521240234375,326.0047912597656,292.0445861816406,292.0919494628906,16515.818359375,33031.63671875,68.9794692993164,68.9795913696289,1794.09912109375,3577.025146484375,1793.517333984375,3577.311279296875,284.5223388671875,61.925113677978516,-2.420907094347058e-06,0,0,2574.697265625,1291.5052490234375,0,23.93596839904785,2713.107421875,11.830607414245605,11.838478088378906,907.9083862304688,1810.7572021484375,49.9833869934082,50.021488189697266,100,0,0,346.36944580078125,0,7.924896240234375,20.31731605529785,20.364652633666992,0,1.034000039100647,0.9067617654800415,50,2.799999952316284,2.2931270599365234,0,0,0,0,3.3356172461565876,0,0,0,0.0012571404222398996,-0.0012589171528816223,0,-1.7767888493835926e-06,100.29955291748047,100.29972076416016,790.246337890625,790.2464599609375,790.2464599609375,549.6474609375,0,0,23.93596839904785,0.0010999999940395355,0.02200000174343586,0.03299999609589577,0.04399999603629112,5655.8173828125,114276.53125,0.0429663360118866,0,3.1392715754918754e-05,341.4009704589844,0,0.0002616529818624258,2.8350639695418067e-05,0,0,23.700000762939453,0,0,1600,0,50,0,0,0,50,50,1400,0.0,0.0,0.0,0.0
188,158.18875122070312,309.0484619140625,326.0521240234375,326.0047912597656,292.04461669921875,292.09197998046875,16515.818359375,33031.63671875,68.9794921875,68.9796142578125,1794.09375,3577.01611328125,1793.5172119140625,3577.311767578125,284.5224914550781,61.925514221191406,5.40623386768857e-06,0,0,2574.6962890625,1291.50537109375,0,23.934471130371094,2713.10595703125,11.83063793182373,11.838471412658691,907.9067993164062,1810.75439453125,49.98373794555664,50.02142333984375,100,0,0,346.36956787109375,0,7.924896240234375,20.31745147705078,20.364788055419922,0,1.034000039100647,0.9067617654800415,50,2.799999952316284,2.293128490447998,0,0,0,0,3.2584931029163697,0,0,0,0.0012571404222398996,-0.0012586636003106833,0,-1.5232362784445286e-06,100.29947662353516,100.29966735839844,790.2460327148438,790.2462158203125,790.2462158203125,549.6473388671875,0,0,23.934471130371094,0.0010999999940395355,0.02200000174343586,0.03299999609589577,0.04399999603629112,5655.8173828125,114276.53125,0.0429663360118866,0,3.1392715754918754e-05,343.2217712402344,0,0.0002616529818624258,2.8350639695418067e-05,0,0,23.700000762939453,0,0,1600,0,50,0,0,0,50,50,1400,0.0,0.0,0.0,0.0
189,158.18902587890625,309.0484619140625,326.0521240234375,326.0047912597656,292.04461669921875,292.09197998046875,16515.818359375,33031.63671875,68.9795150756836,68.9796371459961,1794.089599609375,3577.00634765625,1793.5159912109375,3577.3125,284.52264404296875,61.92591094970703,2.0166312424407806e-06,0,0,2574.695556640625,1291.5054931640625,0,23.932971954345703,2713.104248046875,11.830666542053223,11.838462829589844,907.905517578125,1810.7535400390625,49.9841423034668,50.02131271362305,100,0,0,346.3697204589844,0,7.924896240234375,20.31758689880371,20.36492347717285,0,1.034000039100647,0.9067617654800415,50,2.799999952316284,2.2931296825408936,0,0,0,0,3.1813689596761514,0,0,0,0.0012571404222398996,-0.0012584099313244224,0,-1.26955569612619e-06,100.29944610595703,100.29960632324219,790.2457885742188,790.2459106445312,790.2459106445312,549.647216796875,0,0,23.932971954345703,0.0010999999940395355,0.02200000174343586,0.03299999609589577,0.04399999603629112,5655.8173828125,114276.53125,0.0429663360118866,0,3.1392715754918754e-05,345.0425720214844,0,0.0002616529818624258,2.8350639695418067e-05,0,0,23.700000762939453,0,0,1600,0,50,0,0,0,50,50,1400,0.0,0.0,0.0,0.0
190,158.1892852783203,309.0484619140625,326.0521240234375,326.0047912597656,292.0446472167969,292.0920104980469,16515.818359375,33031.63671875,68.97953033447266,68.97965240478516,1794.084228515625,3576.997314453125,1793.5172119140625,3577.311279296875,284.5228271484375,61.92630386352539,-1.9539786535460735e-06,0,0,2574.694580078125,1291.505615234375,0,23.932838439941406,2713.10302734375,11.830696105957031,11.838456153869629,907.9049682617188,1810.7508544921875,49.984439849853516,50.021270751953125,100,0,0,346.3698425292969,0,7.924896240234375,20.31772232055664,20.36505889892578,0,1.034000039100647,0.9067617654800415,50,2.799999952316284,2.293131113052368,0,0,0,0,3.1042448164359335,0,0,0,0.0012571404222398996,-0.0012581562623381615,0,-1.0158750001210137e-06,100.2994155883789,100.29955291748047,790.2455444335938,790.2456665039062,790.2456665039062,549.6470336914062,0,0,23.932838439941406,0.0010999999940395355,0.02200000174343586,0.03299999609589577,0.04399999603629112,5655.8173828125,114276.53125,0.0429663360118866,0,3.1392715754918754e-05,346.8633728027344,0,0.0002616529818624258,2.8350639695418067e-05,0,0,23.700000762939453,0,0,1600,0,50,0,0,0,50,50,1400,0.0,0.0,0.0,0.0
191,158.18955993652344,309.04852294921875,326.0521240234375,326.0047912597656,292.0447082519531,292.092041015625,16515.818359375,33031.63671875,68.97954559326172,68.97966766357422,1794.079345703125,3576.989013671875,1793.5157470703125,3577.31298828125,284.52294921875,61.92669677734375,4.711146630143048e-06,0,0,2574.69384765625,1291.506103515625,0,23.93136215209961,2713.1015625,11.830723762512207,11.838447570800781,907.9048461914062,1810.7528076171875,49.98479461669922,50.021175384521484,100,0,0,346.3699645996094,0,7.924896240234375,20.31785774230957,20.36519432067871,0,1.034000039100647,0.9067617654800415,50,2.799999952316284,2.2931323051452637,0,0,0,0,3.027120673195715,0,0,0,0.0012562097981572151,-0.001257966156117618,0,-1.756299752742052e-06,100.29937744140625,100.29949951171875,790.245361328125,790.2454223632812,790.2454223632812,549.64697265625,0,0,23.93136215209961,0.0010999999940395355,0.02200000174343586,0.03299999609589577,0.04399999603629112,5655.8173828125,114276.53125,0.0429663360118866,0,3.1392715754918754e-05,348.6841735839844,0,0.0002616529818624258,2.8350639695418067e-05,0,0,23.700000762939453,0,0,1600,0,50,0,0,0,50,50,1400,0.0,0.0,0.0,0.0
192,158.18983459472656,309.04852294921875,326.0521240234375,326.0047912597656,292.0447082519531,292.092041015625,16515.818359375,33031.63671875,68.97956848144531,68.97969055175781,1794.073974609375,3576.979736328125,1793.5172119140625,3577.311767578125,284.52313232421875,61.927093505859375,1.3215443459557719e-06,0,0,2574.693115234375,1291.505859375,0,23.929887771606445,2713.100341796875,11.8307523727417,11.838440895080566,907.90576171875,1810.75244140625,49.985130310058594,50.021114349365234,100,0,0,346.3701171875,0,7.924896240234375,20.3179931640625,20.36532974243164,0,1.034000039100647,0.9067617654800415,50,2.799999952316284,2.29313325881958,0,0,0,0,2.9499967814371546,0,0,0,0.0012562097981572151,-0.001257775817066431,0,-1.5660073131584795e-06,100.29930114746094,100.29945373535156,790.2451171875,790.2452392578125,790.2452392578125,549.6469116210938,0,0,23.929887771606445,0.0010999999940395355,0.02200000174343586,0.03299999609589577,0.04399999603629112,5655.8173828125,114276.53125,0.0429663360118866,0,3.1392715754918754e-05,350.5049743652344,0,0.0002616529818624258,2.8350639695418067e-05,0,0,23.700000762939453,0,0,1600,0,50,0,0,0,50,50,1400,0.0,0.0,0.0,0.0
193,158.19009399414062,309.04852294921875,326.0521240234375,326.0047912597656,292.0447082519531,292.09210205078125,16515.818359375,33031.63671875,68.9795913696289,68.9797134399414,1794.0692138671875,3576.971435546875,1793.5157470703125,3577.31298828125,284.5232849121094,61.927486419677734,-2.6490654363442445e-06,0,0,2574.6923828125,1291.506103515625,0,23.92841339111328,2713.0986328125,11.830781936645508,11.838431358337402,907.9044189453125,1810.7518310546875,49.98551940917969,50.020999908447266,100,0,0,346.3702392578125,0,7.924896240234375,20.31812858581543,20.36546516418457,0,1.034000039100647,0.9067617654800415,50,2.799999952316284,2.2931346893310547,0,0,0,0,2.8728726381969367,0,0,0,0.0012562097981572151,-0.001257522264495492,0,-1.3124547422194155e-06,100.29924774169922,100.29939270019531,790.2448120117188,790.2449951171875,790.2449951171875,549.646728515625,0,0,23.92841339111328,0.0010999999940395355,0.02200000174343586,0.03299999609589577,0.04399999603629112,5655.8173828125,114276.53125,0.0429663360118866,0,3.1392715754918754e-05,352.3257751464844,0,0.0002616529818624258,2.8350639695418067e-05,0,0,23.700000762939453,0,0,1600,0,50,0,0,0,50,50,1400,0.0,0.0,0.0,0.0
194,158.1903533935547,309.04852294921875,326.0521240234375,326.0047912597656,292.0447082519531,292.09210205078125,16515.818359375,33031.63671875,68.97960662841797,68.97972869873047,1794.0638427734375,3576.963134765625,1793.5172119140625,3577.311279296875,284.5234375,61.92787170410156,2.854044168998371e-06,0,0,2574.69140625,1291.506103515625,0,23.926937103271484,2713.09716796875,11.830810546875,11.838423728942871,907.904052734375,1810.7490234375,49.9858512878418,50.02092361450195,100,0,0,346.3703918457031,0,7.924896240234375,20.318265914916992,20.3656005859375,0,1.034000039100647,0.9067617654800415,50,2.799999952316284,2.29313588142395,0,0,0,0,2.7957484949567184,0,0,0,0.0012562097981572151,-0.001257268595509231,0,-1.0587740462142392e-06,100.29923248291016,100.2993392944336,790.24462890625,790.2446899414062,790.2446899414062,549.6466064453125,0,0,23.926937103271484,0.0010999999940395355,0.02200000174343586,0.03299999609589577,0.04399999603629112,5655.8173828125,114276.53125,0.0429663360118866,0,3.1392715754918754e-05,354.1465759277344,0,0.0002616529818624258,2.8350639695418067e-05,0,0,23.700000762939453,0,0,1600,0,50,0,0,0,50,50,1400,0.0,0.0,0.0,0.0
195,158.19058227539062,309.048583984375,326.0521240234375,326.0047912597656,292.0447998046875,292.0921325683594,16515.818359375,33031.63671875,68.97962188720703,68.97974395751953,1794.0584716796875,3576.955810546875,1793.51513671875,3577.313720703125,284.5235900878906,61.928253173828125,-2.859589130821405e-06,0,0,2574.69091796875,1291.50634765625,0,23.926849365234375,2713.09619140625,11.830839157104492,11.838414192199707,907.9024047851562,1810.7489013671875,49.98616409301758,50.02082824707031,100,0,0,346.3705139160156,0,7.924896240234375,20.318401336669922,20.36573600769043,0,1.034000039100647,0.9067617654800415,50,2.799999952316284,2.2931365966796875,0,0,0,0,2.728264901056735,0,0,0,0.0012557444861158729,-0.0012571418192237616,0,-1.3973564136904315e-06,100.29920196533203,100.29930877685547,790.2445068359375,790.2445678710938,790.2445678710938,549.6465454101562,0,0,23.926849365234375,0.0010999999940395355,0.02200000174343586,0.03299999609589577,0.04399999603629112,5655.8173828125,114276.53125,0.0429663360118866,0,3.1392715754918754e-05,355.9673767089844,0,0.0002616529818624258,2.8350639695418067e-05,0,0,23.700000762939453,0,0,1600,0,50,0,0,0,50,50,1400,0.0,0.0,0.0,0.0
196,158.19082641601562,309.0486145019531,326.0521240234375,326.0047912597656,292.0448303222656,292.0921630859375,16515.818359375,33031.63671875,68.97964477539062,68.97976684570312,1794.053955078125,3576.947509765625,1793.5169677734375,3577.311767578125,284.52374267578125,61.92864227294922,3.224528200007626e-06,0,0,2574.690185546875,1291.50634765625,0,23.925418853759766,2713.09521484375,11.830865859985352,11.83840560913086,907.90478515625,1810.7508544921875,49.98650360107422,50.02073287963867,100,0,0,346.37066650390625,0,7.924896240234375,20.31853675842285,20.365873336791992,0,1.034000039100647,0.9067617654800415,50,2.799999952316284,2.293137550354004,0,0,0,0,2.660781307156751,0,0,0,0.0012552790576592088,-0.0012570149265229702,0,-1.7358106561005116e-06,100.29912567138672,100.29927062988281,790.2443237304688,790.2444458007812,790.2444458007812,549.6465454101562,0,0,23.925418853759766,0.0010999999940395355,0.02200000174343586,0.03299999609589577,0.04399999603629112,5655.8173828125,114276.53125,0.0429663360118866,0,3.1392715754918754e-05,357.7881774902344,0,0.0002616529818624258,2.8350639695418067e-05,0,0,23.700000762939453,0,0,1600,0,50,0,0,0,50,50,1400,0.0,0.0,0.0,0.0
197,158.19105529785156,309.0486145019531,326.0521240234375,326.0047912597656,292.0448303222656,292.0921630859375,16515.818359375,33031.63671875,68.97966003417969,68.97978210449219,1794.04833984375,3576.939208984375,1793.5184326171875,3577.310546875,284.5238952636719,61.92901611328125,-3.651120550784981e-06,0,0,2574.689208984375,1291.5064697265625,0,23.92532730102539,2713.093505859375,11.830893516540527,11.838397979736328,907.9031982421875,1810.7503662109375,49.9868278503418,50.02065658569336,100,0,0,346.3707580566406,0,7.924896240234375,20.31863784790039,20.36597442626953,0,1.034000039100647,0.9067617654800415,50,2.799999952316284,2.2931387424468994,0,0,0,0,2.5932977132567676,0,0,0,0.0012552790576592088,-0.0012567613739520311,0,-1.4822580851614475e-06,100.29905700683594,100.29920959472656,790.2440185546875,790.244140625,790.244140625,549.6463623046875,0,0,23.92532730102539,0.0010999999940395355,0.02200000174343586,0.03299999609589577,0.04399999603629112,5655.8173828125,114276.53125,0.0429663360118866,0,3.1392715754918754e-05,359.6089782714844,0,0.0002616529818624258,2.8350639695418067e-05,0,0,23.700000762939453,0,0,1600,0,50,0,0,0,50,50,1400,0.0,0.0,0.0,0.0
198,158.19129943847656,309.0486145019531,326.0521240234375,326.0047912597656,292.0448303222656,292.0921936035156,16515.818359375,33031.63671875,68.97968292236328,68.97980499267578,1794.04296875,3576.931640625,1793.516845703125,3577.311767578125,284.5240478515625,61.929386138916016,-4.7204213160512154e-07,0,0,2574.688720703125,1291.5064697265625,0,23.923919677734375,2713.09228515625,11.830921173095703,11.838388442993164,907.903076171875,1810.74755859375,49.987186431884766,50.02054977416992,100,0,0,346.3708801269531,0,7.924896240234375,20.31877326965332,20.36610984802246,0,1.034000039100647,0.9067617654800415,50,2.799999952316284,2.293140172958374,0,0,0,0,2.525814119356784,0,0,0,0.0012552790576592088,-0.0012565077049657702,0,-1.228577502843109e-06,100.29902648925781,100.29915618896484,790.2437744140625,790.243896484375,790.243896484375,549.646240234375,0,0,23.923919677734375,0.0010999999940395355,0.02200000174343586,0.03299999609589577,0.04399999603629112,5655.8173828125,114276.53125,0.0429663360118866,0,3.1392715754918754e-05,361.4297790527344,0,0.0002616529818624258,2.8350639695418067e-05,0,0,23.700000762939453,0,0,1600,0,50,0,0,0,50,50,1400,0.0,0.0,0.0,0.0
199,158.1915283203125,309.0486145019531,326.0521240234375,326.0047912597656,292.04486083984375,292.0921936035156,16515.818359375,33031.63671875,68.97969818115234,68.97982025146484,1794.0382080078125,3576.924072265625,1793.5184326171875,3577.310302734375,284.524169921875,61.92976760864258,4.450059350347146e-06,0,0,2574.687744140625,1291.506591796875,0,23.921171188354492,2713.090576171875,11.830947875976562,11.83837890625,907.901611328125,1810.7469482421875,49.987525939941406,50.020442962646484,100,0,0,346.3710021972656,0,7.924896240234375,20.318876266479492,20.3662109375,0,1.034000039100647,0.9067617654800415,50,2.799999952316284,2.2931413650512695,0,0,0,0,2.4583305254568,0,0,0,0.0012552790576592088,-0.0012562541523948312,0,-9.75024931904045e-07,100.29898834228516,100.2990951538086,790.2435302734375,790.2435913085938,790.2435913085938,549.6461181640625,0,0,23.921171188354492,0.0010999999940395355,0.02200000174343586,0.03299999609589577,0.04399999603629112,5655.8173828125,114276.53125,0.0429663360118866,0,3.1392715754918754e-05,363.2505798339844,0,0.0002616529818624258,2.8350639695418067e-05,0,0,23.700000762939453,0,0,1600,0,50,0,0,0,50,50,1400,0.0,0.0,0.0,0.0
200,158.1917724609375,309.04864501953125,326.0521240234375,326.0047912597656,292.0448913574219,292.0922546386719,16515.818359375,33031.63671875,68.9797134399414,68.9798355102539,1794.033203125,3576.917236328125,1793.5184326171875,3577.310302734375,284.5243225097656,61.930145263671875,-1.8445813338985317e-06,0,0,2574.687255859375,1291.5067138671875,0,23.919740676879883,2713.08984375,11.830974578857422,11.83836841583252,907.9002075195312,1810.744140625,49.98786544799805,50.02031707763672,100,0,0,346.3711242675781,0,7.924896240234375,20.319011688232422,20.36634635925293,0,1.034000039100647,0.9067617654800415,50,2.799999952316284,2.293142080307007,0,0,0,0,2.3908469315568164,0,0,0,0.0012548138620331883,-0.0012561272596940398,0,-1.3133510492480127e-06,100.29898071289062,100.299072265625,790.243408203125,790.2434692382812,790.2434692382812,549.6460571289062,0,0,23.919740676879883,0.0010999999940395355,0.02200000174343586,0.03299999609589577,0.04399999603629112,5655.8173828125,114276.53125,0.0429663360118866,0,3.1392715754918754e-05,365.0713806152344,0,0.0002616529818624258,2.8350639695418067e-05,0,0,23.700000762939453,0,0,1600,0,50,0,0,0,50,50,1400,0.0,0.0,0.0,0.0
201,158.19200134277344,309.0486755371094,326.0521240234375,326.0047912597656,292.044921875,292.0922546386719,16515.818359375,33031.63671875,68.979736328125,68.97985076904297,1794.02734375,3576.91162109375,1793.5147705078125,3577.314208984375,284.52447509765625,61.930511474609375,7.534893597949122e-07,0,0,2574.686767578125,1291.5067138671875,0,23.918331146240234,2713.088623046875,11.831000328063965,11.838357925415039,907.9022216796875,1810.7490234375,49.98811721801758,50.02022933959961,100,0,0,346.3712463378906,0,7.924896240234375,20.31911277770996,20.3664493560791,0,1.034000039100647,0.9067617654800415,50,2.799999952316284,2.2931430339813232,0,0,0,0,2.323363337656833,0,0,0,0.001254348549991846,-0.0012560004834085703,0,-1.651933416724205e-06,100.29891204833984,100.29902648925781,790.2432861328125,790.2433471679688,790.2433471679688,549.64599609375,0,0,23.918331146240234,0.0010999999940395355,0.02200000174343586,0.03299999609589577,0.04399999603629112,5655.8173828125,114276.53125,0.0429663360118866,0,3.1392715754918754e-05,366.8921813964844,0,0.0002616529818624258,2.8350639695418067e-05,0,0,23.700000762939453,0,0,1600,0,50,0,0,0,50,50,1400,0.0,0.0,0.0,0.0
202,158.19223022460938,309.0486755371094,326.0521240234375,326.0047912597656,292.044921875,292.0922546386719,16515.818359375,33031.63671875,68.97975158691406,68.97986602783203,1794.02294921875,3576.903564453125,1793.5181884765625,3577.310546875,284.5246276855469,61.93089294433594,-4.9601439968682826e-06,0,0,2574.685791015625,1291.5069580078125,0,23.91558265686035,2713.087646484375,11.831027030944824,11.838349342346191,907.90087890625,1810.7459716796875,49.988487243652344,50.02010726928711,100,0,0,346.3713684082031,0,7.924896240234375,20.31924819946289,20.36658477783203,0,1.034000039100647,0.9067617654800415,50,2.799999952316284,2.2931439876556396,0,0,0,0,2.255879743756849,0,0,0,0.001254348549991846,-0.0012558101443573833,0,-1.4616409771406325e-06,100.298828125,100.29898834228516,790.2429809570312,790.2431640625,790.2431640625,549.6459350585938,0,0,23.91558265686035,0.0010999999940395355,0.02200000174343586,0.03299999609589577,0.04399999603629112,5655.8173828125,114276.53125,0.0429663360118866,0,3.1392715754918754e-05,368.7129821777344,0,0.0002616529818624258,2.8350639695418067e-05,0,0,23.700000762939453,0,0,1600,0,50,0,0,0,50,50,1400,0.0,0.0,0.0,0.0
203,158.19247436523438,309.0486755371094,326.0521240234375,326.0047912597656,292.044921875,292.0922546386719,16515.818359375,33031.63671875,68.97976684570312,68.97988891601562,1794.0169677734375,3576.897705078125,1793.5179443359375,3577.310546875,284.5247802734375,61.931270599365234,-6.190497856550792e-07,0,0,2574.685302734375,1291.5069580078125,0,23.915515899658203,2713.0859375,11.831053733825684,11.838338851928711,907.900634765625,1810.7457275390625,49.98879623413086,50.02000427246094,100,0,0,346.3714599609375,0,7.924896240234375,20.31934928894043,20.36668586730957,0,1.034000039100647,0.9067617654800415,50,2.799999952316284,2.2931454181671143,0,0,0,0,2.1883961498568656,0,0,0,0.001254348549991846,-0.0012555565917864442,0,-1.2080884062015684e-06,100.29878234863281,100.2989273071289,790.2427368164062,790.2428588867188,790.2428588867188,549.645751953125,0,0,23.915515899658203,0.0010999999940395355,0.02200000174343586,0.03299999609589577,0.04399999603629112,5655.8173828125,114276.53125,0.0429663360118866,0,3.1392715754918754e-05,370.5337829589844,0,0.0002616529818624258,2.8350639695418067e-05,0,0,23.700000762939453,0,0,1600,0,50,0,0,0,50,50,1400,0.0,0.0,0.0,0.0
204,158.1927032470703,309.0487060546875,326.0521240234375,326.0047912597656,292.0449523925781,292.0923156738281,16515.818359375,33031.63671875,68.97978210449219,68.97990417480469,1794.01220703125,3576.8916015625,1793.5179443359375,3577.31103515625,284.52490234375,61.931644439697266,3.141036586384871e-06,0,0,2574.684326171875,1291.50732421875,0,23.914108276367188,2713.0849609375,11.831079483032227,11.83832836151123,907.8991088867188,1810.7427978515625,49.98912048339844,50.01987838745117,100,0,0,346.3716125488281,0,7.924896240234375,20.319486618041992,20.3668212890625,0,1.034000039100647,0.9067617654800415,50,2.799999952316284,2.2931461334228516,0,0,0,0,2.120912555956882,0,0,0,0.001253883121535182,-0.0012553662527352571,0,-1.4831545058768825e-06,100.29876708984375,100.29888916015625,790.2426147460938,790.24267578125,790.24267578125,549.6456909179688,0,0,23.914108276367188,0.0010999999940395355,0.02200000174343586,0.03299999609589577,0.04399999603629112,5655.8173828125,114276.53125,0.0429663360118866,0,3.1392715754918754e-05,372.3545837402344,0,0.0002616529818624258,2.8350639695418067e-05,0,0,23.700000762939453,0,0,1600,0,50,0,0,0,50,50,1400,0.0,0.0,0.0,0.0
205,158.1929473876953,309.0487365722656,326.0521545410156,326.00482177734375,292.04498291015625,292.09234619140625,16515.818359375,33031.63671875,68.97980499267578,68.97992706298828,1794.0068359375,3576.885009765625,1793.517578125,3577.31103515625,284.52508544921875,61.93202590942383,-2.572596713434905e-06,0,0,2574.68359375,1291.5072021484375,0,23.9140625,2713.083251953125,11.831104278564453,11.838318824768066,907.9013061523438,1810.7476806640625,49.98939895629883,50.01979064941406,100,0,0,346.3717346191406,0,7.924896240234375,20.31958770751953,20.366924285888672,0,1.034000039100647,0.9067617654800415,50,2.799999952316284,2.293147563934326,0,0,0,0,2.053429087797727,0,0,0,0.0012534178094938397,-0.0012551761465147138,0,-1.758348616931471e-06,100.29869842529297,100.298828125,790.2423095703125,790.2424926757812,790.2424926757812,549.6456298828125,0,0,23.9140625,0.0010999999940395355,0.02200000174343586,0.03299999609589577,0.04399999603629112,5655.8173828125,114276.53125,0.0429663360118866,0,3.1392715754918754e-05,374.1753845214844,0,0.0002616529818624258,2.8350639695418067e-05,0,0,23.700000762939453,0,0,1600,0,50,0,0,0,50,50,1400,0.0,0.0,0.0,0.0
206,158.19317626953125,309.0487365722656,326.0521545410156,326.00482177734375,292.0450134277344,292.09234619140625,16515.818359375,33031.63671875,68.97982788085938,68.97994232177734,1794.001708984375,3576.878173828125,1793.5146484375,3577.314208984375,284.52520751953125,61.932395935058594,6.064817625883734e-07,0,0,2574.68310546875,1291.5074462890625,0,23.912633895874023,2713.081787109375,11.83112907409668,11.838308334350586,907.89990234375,1810.74462890625,49.98973083496094,50.01967239379883,100,0,0,346.3718566894531,0,7.924896240234375,20.31968879699707,20.36702537536621,0,1.034000039100647,0.9067617654800415,50,2.799999952316284,2.2931487560272217,0,0,0,0,1.9859454938977432,0,0,0,0.0012534178094938397,-0.0012549224775284529,0,-1.5046680346131325e-06,100.29861450195312,100.29877471923828,790.2420654296875,790.2421875,790.2421875,549.6454467773438,0,0,23.912633895874023,0.0010999999940395355,0.02200000174343586,0.03299999609589577,0.04399999603629112,5655.8173828125,114276.53125,0.0429663360118866,0,3.1392715754918754e-05,375.9961853027344,0,0.0002616529818624258,2.8350639695418067e-05,0,0,23.700000762939453,0,0,1600,0,50,0,0,0,50,50,1400,0.0,0.0,0.0,0.0
207,158.19342041015625,309.0487365722656,326.0521545410156,326.00482177734375,292.0450134277344,292.09234619140625,16515.818359375,33031.63671875,68.97984313964844,68.97996520996094,1793.995849609375,3576.873046875,1793.5189208984375,3577.309814453125,284.5253601074219,61.93275451660156,2.0425370621524053e-06,0,0,2574.68212890625,1291.5074462890625,0,23.91397476196289,2713.080322265625,11.831154823303223,11.838296890258789,907.8995361328125,1810.741943359375,49.99001693725586,50.01955795288086,100,0,0,346.3719787597656,0,7.924896240234375,20.31982421875,20.36716079711914,0,1.034000039100647,0.9067617654800415,50,2.799999952316284,2.2931501865386963,0,0,0,0,1.9184618999977596,0,0,0,0.0012534178094938397,-0.0012546689249575138,0,-1.2511154636740685e-06,100.29856872558594,100.29871368408203,790.2417602539062,790.241943359375,790.241943359375,549.6453247070312,0,0,23.91397476196289,0.0010999999940395355,0.02200000174343586,0.03299999609589577,0.04399999603629112,5655.8173828125,114276.53125,0.0429663360118866,0,3.1392715754918754e-05,377.8169860839844,0,0.0002616529818624258,2.8350639695418067e-05,0,0,23.700000762939453,0,0,1600,0,50,0,0,0,50,50,1400,0.0,0.0,0.0,0.0
208,158.1936492919922,309.0487365722656,326.0521545410156,326.00482177734375,292.0450439453125,292.0924072265625,16515.818359375,33031.63671875,68.9798583984375,68.97998046875,1793.990478515625,3576.866455078125,1793.517333984375,3577.311279296875,284.5255126953125,61.9331169128418,4.059600087202853e-06,0,0,2574.681640625,1291.5074462890625,0,23.90990447998047,2713.078857421875,11.83117961883545,11.838286399841309,907.8980712890625,1810.7415771484375,49.99033737182617,50.019439697265625,100,0,0,346.3720703125,0,7.924896240234375,20.319927215576172,20.36726188659668,0,1.034000039100647,0.9067617654800415,50,2.799999952316284,2.293151378631592,0,0,0,0,1.850978306097776,0,0,0,0.0012534178094938397,-0.001254415255971253,0,-9.974348813557299e-07,100.29854583740234,100.29866027832031,790.2415771484375,790.2416381835938,790.2416381835938,549.6452026367188,0,0,23.90990447998047,0.0010999999940395355,0.02200000174343586,0.03299999609589577,0.04399999603629112,5655.8173828125,114276.53125,0.0429663360118866,0,3.1392715754918754e-05,379.6377868652344,0,0.0002616529818624258,2.8350639695418067e-05,0,0,23.700000762939453,0,0,1600,0,50,0,0,0,50,50,1400,0.0,0.0,0.0,0.0
209,158.1938934326172,309.0487365722656,326.0521545410156,326.00482177734375,292.0450439453125,292.0924072265625,16515.818359375,33031.63671875,68.9798812866211,68.97999572753906,1793.985107421875,3576.862060546875,1793.518798828125,3577.310302734375,284.5256652832031,61.9334831237793,-3.9780643419362605e-06,0,0,2574.680908203125,1291.5074462890625,0,23.90854263305664,2713.077880859375,11.83120346069336,11.838274955749512,907.8977661132812,1810.73876953125,49.99060821533203,50.019317626953125,100,0,0,346.3722229003906,0,7.924896240234375,20.3200626373291,20.367399215698242,0,1.034000039100647,0.9067617654800415,50,2.799999952316284,2.293152093887329,0,0,0,0,1.7834947121977922,0,0,0,0.0012534178094938397,-0.0012542884796857834,0,-8.70658539042779e-07,100.29854583740234,100.29862976074219,790.241455078125,790.2415161132812,790.2415161132812,549.6451416015625,0,0,23.90854263305664,0.0010999999940395355,0.02200000174343586,0.03299999609589577,0.04399999603629112,5655.8173828125,114276.53125,0.0429663360118866,0,3.1392715754918754e-05,381.4585876464844,0,0.0002616529818624258,2.8350639695418067e-05,0,0,23.700000762939453,0,0,1600,0,50,0,0,0,50,50,1400,0.0,0.0,0.0,0.0
210,158.19412231445312,309.0487976074219,326.0521545410156,326.00482177734375,292.0451354980469,292.09246826171875,16515.818359375,33031.63671875,68.97989654541016,68.98001098632812,1793.9801025390625,3576.85693359375,1793.5169677734375,3577.311767578125,284.5257873535156,61.93384552001953,-1.9610015442594886e-06,0,0,2574.68017578125,1291.5079345703125,0,23.90717887878418,2713.0771484375,11.83122730255127,11.838262557983398,907.8975219726562,1810.7410888671875,49.99090576171875,50.01918029785156,100,0,0,346.372314453125,0,7.924896240234375,20.32016372680664,20.36750030517578,0,1.034000039100647,0.9067617654800415,50,2.799999952316284,2.2931528091430664,0,0,0,0,1.7160111182978086,0,0,0,0.0012524871854111552,-0.001254161586984992,0,-1.67434336617589e-06,100.29850006103516,100.29859924316406,790.2413330078125,790.2413940429688,790.2413940429688,549.6450805664062,0,0,23.90717887878418,0.0010999999940395355,0.02200000174343586,0.03299999609589577,0.04399999603629112,5655.8173828125,114276.53125,0.0429663360118866,0,3.1392715754918754e-05,383.2793884277344,0,0.0002616529818624258,2.8350639695418067e-05,0,0,23.700000762939453,0,0,1600,0,50,0,0,0,50,50,1400,0.0,0.0,0.0,0.0
211,158.19435119628906,309.048828125,326.0521545410156,326.00482177734375,292.0451965332031,292.092529296875,16515.818359375,33031.63671875,68.97991943359375,68.98003387451172,1793.974365234375,3576.852294921875,1793.5184326171875,3577.310546875,284.52593994140625,61.9342155456543,1.2180770454506273e-06,0,0,2574.6796875,1291.5079345703125,0,23.904451370239258,2713.075927734375,11.83125114440918,11.838251113891602,907.8997192382812,1810.743408203125,49.991180419921875,50.019065856933594,100,0,0,346.3724670410156,0,7.924896240234375,20.32029914855957,20.36763572692871,0,1.034000039100647,0.9067617654800415,50,2.799999952316284,2.293153762817383,0,0,0,0,1.648527524397825,0,0,0,0.001252021873369813,-0.0012540348106995225,0,-2.0129257336520823e-06,100.29839324951172,100.29855346679688,790.2410888671875,790.2412719726562,790.2412719726562,549.6450805664062,0,0,23.904451370239258,0.0010999999940395355,0.02200000174343586,0.03299999609589577,0.04399999603629112,5655.8173828125,114276.53125,0.0429663360118866,0,3.1392715754918754e-05,385.1001892089844,0,0.0002616529818624258,2.8350639695418067e-05,0,0,23.700000762939453,0,0,1600,0,50,0,0,0,50,50,1400,0.0,0.0,0.0,0.0
212,158.19456481933594,309.048828125,326.0521545410156,326.00482177734375,292.0452575683594,292.09259033203125,16515.818359375,33031.63671875,68.97993469238281,68.98005676269531,1793.968994140625,3576.847900390625,1793.51953125,3577.309326171875,284.5260925292969,61.934574127197266,2.6541322313278215e-06,0,0,2574.678955078125,1291.508056640625,0,23.904428482055664,2713.074462890625,11.83127498626709,11.838239669799805,907.898193359375,1810.7432861328125,49.991458892822266,50.01893615722656,100,0,0,346.37255859375,0,7.924896240234375,20.320402145385742,20.36773681640625,0,1.034000039100647,0.9067617654800415,50,2.799999952316284,2.2931551933288574,0,0,0,0,1.5858642051679586,0,0,0,0.001252021873369813,-0.0012537811417132616,0,-1.759245037646906e-06,100.29830169677734,100.29850006103516,790.2408447265625,790.240966796875,790.240966796875,549.6448974609375,0,0,23.904428482055664,0.0010999999940395355,0.02200000174343586,0.03299999609589577,0.04399999603629112,5655.8173828125,114276.53125,0.0429663360118866,0,3.1392715754918754e-05,386.9209899902344,0,0.0002616529818624258,2.8350639695418067e-05,0,0,23.700000762939453,0,0,1600,0,50,0,0,0,50,50,1400,0.0,0.0,0.0,0.0
213,158.19476318359375,309.048828125,326.0521545410156,326.00482177734375,292.0453186035156,292.0926513671875,16515.818359375,33031.63671875,68.9799575805664,68.98007202148438,1793.96337890625,3576.842529296875,1793.5211181640625,3577.30810546875,284.5262145996094,61.9349250793457,2.928171852545347e-06,0,0,2574.67822265625,1291.508056640625,0,23.904451370239258,2713.07275390625,11.831297874450684,11.838228225708008,907.89794921875,1810.7403564453125,49.99174499511719,50.01881408691406,100,0,0,346.3726501464844,0,7.924896240234375,20.32050323486328,20.367839813232422,0,1.034000039100647,0.9067617654800415,50,2.799999952316284,2.293156385421753,0,0,0,0,1.5280211606082093,0,0,0,0.001252021873369813,-0.0012535275891423225,0,-1.505692466707842e-06,100.29824829101562,100.2984390258789,790.2405395507812,790.24072265625,790.24072265625,549.644775390625,0,0,23.904451370239258,0.0010999999940395355,0.02200000174343586,0.03299999609589577,0.04399999603629112,5655.8173828125,114276.53125,0.0429663360118866,0,3.1392715754918754e-05,388.7417907714844,0,0.0002616529818624258,2.8350639695418067e-05,0,0,23.700000762939453,0,0,1600,0,50,0,0,0,50,50,1400,0.0,0.0,0.0,0.0
214,158.19496154785156,309.048828125,326.0521545410156,326.00482177734375,292.04534912109375,292.0926513671875,16515.818359375,33031.63671875,68.97997283935547,68.98008728027344,1793.958251953125,3576.837158203125,1793.51953125,3577.309326171875,284.5263671875,61.93526840209961,2.0401960227900418e-06,0,0,2574.677490234375,1291.5081787109375,0,23.905860900878906,2713.0712890625,11.831321716308594,11.838217735290527,907.8965454101562,1810.739990234375,49.9920654296875,50.01868438720703,100,0,0,346.3727722167969,0,7.924896240234375,20.32060432434082,20.36794090270996,0,1.034000039100647,0.9067617654800415,50,2.799999952316284,2.2931575775146484,0,0,0,0,1.4701781160484602,0,0,0,0.001252021873369813,-0.0012532738037407398,0,-1.2520118843895034e-06,100.2982177734375,100.29838562011719,790.2402954101562,790.2404174804688,790.2404174804688,549.6446533203125,0,0,23.905860900878906,0.0010999999940395355,0.02200000174343586,0.03299999609589577,0.04399999603629112,5655.8173828125,114276.53125,0.0429663360118866,0,3.1392715754918754e-05,390.5625915527344,0,0.0002616529818624258,2.8350639695418067e-05,0,0,23.700000762939453,0,0,1600,0,50,0,0,0,50,50,1400,0.0,0.0,0.0,0.0
215,158.19515991210938,309.048828125,326.0521545410156,326.00482177734375,292.04534912109375,292.09271240234375,16515.818359375,33031.63671875,68.97998809814453,68.9801025390625,1793.9530029296875,3576.832275390625,1793.5211181640625,3577.30810546875,284.5264892578125,61.93560791015625,5.712122970180644e-07,0,0,2574.677001953125,1291.5081787109375,0,23.903200149536133,2713.069580078125,11.831343650817871,11.83820629119873,907.8963012695312,1810.7371826171875,49.99233627319336,50.01856231689453,100,0,0,346.37286376953125,0,7.924896240234375,20.320707321166992,20.3680419921875,0,1.034000039100647,0.9067617654800415,50,2.799999952316284,2.293159008026123,0,0,0,0,1.4123350714887108,0,0,0,0.001252021873369813,-0.001253020134754479,0,-9.983311883843271e-07,100.29818725585938,100.29832458496094,790.2400512695312,790.2401733398438,790.2401733398438,549.64453125,0,0,23.903200149536133,0.0010999999940395355,0.02200000174343586,0.03299999609589577,0.04399999603629112,5655.8173828125,114276.53125,0.0429663360118866,0,3.1392715754918754e-05,392.3833923339844,0,0.0002616529818624258,2.8350639695418067e-05,0,0,23.700000762939453,0,0,1600,0,50,0,0,0,50,50,1400,0.0,0.0,0.0,0.0
216,158.19537353515625,309.048828125,326.0521545410156,326.00482177734375,292.04541015625,292.09271240234375,16515.818359375,33031.63671875,68.9800033569336,68.98011779785156,1793.947265625,3576.828369140625,1793.5189208984375,3577.310302734375,284.5266418457031,61.93596267700195,1.4262597005654243e-06,0,0,2574.676513671875,1291.5084228515625,0,23.900564193725586,2713.068603515625,11.831365585327148,11.838193893432617,907.8946533203125,1810.7371826171875,49.9925651550293,50.01845169067383,100,0,0,346.3729553222656,0,7.924896240234375,20.32080841064453,20.368144989013672,0,1.034000039100647,0.9067617654800415,50,2.799999952316284,2.2931599617004395,0,0,0,0,1.354491901188133,0,0,0,0.001252021873369813,-0.0012528300285339355,0,-8.08166817023448e-07,100.29817199707031,100.29828643798828,790.2398681640625,790.2399291992188,790.2399291992188,549.6444091796875,0,0,23.900564193725586,0.0010999999940395355,0.02200000174343586,0.03299999609589577,0.04399999603629112,5655.8173828125,114276.53125,0.0429663360118866,0,3.1392715754918754e-05,394.2041931152344,0,0.0002616529818624258,2.8350639695418067e-05,0,0,23.700000762939453,0,0,1600,0,50,0,0,0,50,50,1400,0.0,0.0,0.0,0.0
217,158.19557189941406,309.0489196777344,326.0521240234375,326.00482177734375,292.04547119140625,292.0927734375,16515.818359375,33031.63671875,68.98001861572266,68.98013305664062,1793.942138671875,3576.82421875,1793.518798828125,3577.310546875,284.5267639160156,61.93631362915039,1.7002994354697876e-06,0,0,2574.675537109375,1291.5087890625,0,23.900606155395508,2713.067626953125,11.831387519836426,11.83818244934082,907.8956298828125,1810.739501953125,49.99282455444336,50.0183219909668,100,0,0,346.3730773925781,0,7.924896240234375,20.32094383239746,20.36824607849121,0,1.034000039100647,0.9067617654800415,50,2.799999952316284,2.293160915374756,0,0,0,0,1.2966488566283838,0,0,0,0.0012510912492871284,-0.001252703252248466,0,-1.6119796555358334e-06,100.29814147949219,100.29824829101562,790.23974609375,790.2398071289062,790.2398071289062,549.6443481445312,0,0,23.900606155395508,0.0010999999940395355,0.02200000174343586,0.03299999609589577,0.04399999603629112,5655.8173828125,114276.53125,0.0429663360118866,0,3.1392715754918754e-05,396.0249938964844,0,0.0002616529818624258,2.8350639695418067e-05,0,0,23.700000762939453,0,0,1600,0,50,0,0,0,50,50,1400,0.0,0.0,0.0,0.0
218,158.19577026367188,309.0489196777344,326.0521240234375,326.00482177734375,292.0455322265625,292.09283447265625,16515.818359375,33031.63671875,68.98003387451172,68.98014831542969,1793.9375,3576.82080078125,1793.518798828125,3577.310302734375,284.52691650390625,61.9366569519043,8.123234351842257e-07,0,0,2574.67529296875,1291.5087890625,0,23.897926330566406,2713.06640625,11.831409454345703,11.83816909790039,907.8955688476562,1810.7392578125,49.99314498901367,50.01814270019531,100,0,0,346.3731994628906,0,7.924896240234375,20.32107925415039,20.36838150024414,0,1.034000039100647,0.9067617654800415,50,2.799999952316284,2.2931618690490723,0,0,0,0,1.2388058120686345,0,0,0,0.0012510912492871284,-0.001252512913197279,0,-1.4216872159522609e-06,100.29806518554688,100.29820251464844,790.239501953125,790.2396240234375,790.2396240234375,549.6442260742188,0,0,23.897926330566406,0.0010999999940395355,0.02200000174343586,0.03299999609589577,0.04399999603629112,5655.8173828125,114276.53125,0.0429663360118866,0,3.1392715754918754e-05,397.8457946777344,0,0.0002616529818624258,2.8350639695418067e-05,0,0,23.700000762939453,0,0,1600,0,50,0,0,0,50,50,1400,0.0,0.0,0.0,0.0
219,158.1959686279297,309.0489196777344,326.0521240234375,326.00482177734375,292.04559326171875,292.0928955078125,16515.818359375,33031.63671875,68.98004913330078,68.98016357421875,1793.93212890625,3576.817626953125,1793.5184326171875,3577.310546875,284.52703857421875,61.93701171875,1.6673709524184233e-06,0,0,2574.674560546875,1291.5087890625,0,23.896629333496094,2713.064697265625,11.831430435180664,11.838155746459961,907.8952026367188,1810.7391357421875,49.993385314941406,50.01801681518555,100,0,0,346.373291015625,0,7.924896240234375,20.32118034362793,20.36848258972168,0,1.034000039100647,0.9067617654800415,50,2.799999952316284,2.293163299560547,0,0,0,0,1.1809627675088854,0,0,0,0.0012510912492871284,-0.001252259244211018,0,-1.1680065199470846e-06,100.29801177978516,100.29814147949219,790.2391967773438,790.2393188476562,790.2393188476562,549.6441040039062,0,0,23.896629333496094,0.0010999999940395355,0.02200000174343586,0.03299999609589577,0.04399999603629112,5655.8173828125,114276.53125,0.0429663360118866,0,3.1392715754918754e-05,399.6665954589844,0,0.0002616529818624258,2.8350639695418067e-05,0,0,23.700000762939453,0,0,1600,0,50,0,0,0,50,50,1400,0.0,0.0,0.0,0.0
220,158.19618225097656,309.0489196777344,326.0521240234375,326.00482177734375,292.045654296875,292.09295654296875,16515.818359375,33031.63671875,68.98006439208984,68.98017883300781,1793.9271240234375,3576.813232421875,1793.5184326171875,3577.31103515625,284.5271911621094,61.93735122680664,1.983872124355912e-07,0,0,2574.673828125,1291.5087890625,0,23.89667320251465,2713.063720703125,11.831451416015625,11.838144302368164,907.8937377929688,1810.736328125,49.99365234375,50.017879486083984,100,0,0,346.3734130859375,0,7.924896240234375,20.3212833404541,20.36858558654785,0,1.034000039100647,0.9067617654800415,50,2.799999952316284,2.2931642532348633,0,0,0,0,1.1231195972083075,0,0,0,0.0012510912492871284,-0.0012520691379904747,0,-9.778420917427866e-07,100.29798126220703,100.29810333251953,790.2390747070312,790.2391357421875,790.2391357421875,549.64404296875,0,0,23.89667320251465,0.0010999999940395355,0.02200000174343586,0.03299999609589577,0.04399999603629112,5655.8173828125,114276.53125,0.0429663360118866,0,3.1392715754918754e-05,401.4873962402344,0,0.0002616529818624258,2.8350639695418067e-05,0,0,23.700000762939453,0,0,1600,0,50,0,0,0,50,50,1400,0.0,0.0,0.0,0.0
221,158.19638061523438,309.0489196777344,326.0521240234375,326.00482177734375,292.045654296875,292.09295654296875,16515.818359375,33031.63671875,68.98008728027344,68.98019409179688,1793.9217529296875,3576.810791015625,1793.5179443359375,3577.311279296875,284.5273132324219,61.93768310546875,-2.4326120637852e-06,0,0,2574.67333984375,1291.5089111328125,0,23.89676284790039,2713.06298828125,11.831472396850586,11.838129997253418,907.8933715820312,1810.7362060546875,49.99388122558594,50.01773452758789,100,0,0,346.3735046386719,0,7.924896240234375,20.32138442993164,20.36868667602539,0,1.034000039100647,0.9067617654800415,50,2.799999952316284,2.2931647300720215,0,0,0,0,1.0652765526485581,0,0,0,0.0012510912492871284,-0.0012519423617050052,0,-8.510658631166734e-07,100.2979736328125,100.2980728149414,790.2389526367188,790.239013671875,790.239013671875,549.6439819335938,0,0,23.89676284790039,0.0010999999940395355,0.02200000174343586,0.03299999609589577,0.04399999603629112,5655.8173828125,114276.53125,0.0429663360118866,0,3.1392715754918754e-05,403.3081970214844,0,0.0002616529818624258,2.8350639695418067e-05,0,0,23.700000762939453,0,0,1600,0,50,0,0,0,50,50,1400,0.0,0.0,0.0,0.0
222,158.1965789794922,309.0489501953125,326.0521240234375,326.00482177734375,292.04571533203125,292.0930480957031,16515.818359375,33031.63671875,68.98009490966797,68.98020935058594,1793.9166259765625,3576.806884765625,1793.51953125,3577.309814453125,284.5274658203125,61.93803405761719,-2.1585724425676744e-06,0,0,2574.6728515625,1291.5091552734375,0,23.894147872924805,2713.06201171875,11.831493377685547,11.838118553161621,907.8931884765625,1810.7333984375,49.99414825439453,50.01759338378906,100,0,0,346.37359619140625,0,7.924896240234375,20.32148551940918,20.36878776550293,0,1.034000039100647,0.9067617654800415,50,2.799999952316284,2.293165445327759,0,0,0,0,1.0074335080888088,0,0,0,0.0012506259372457862,-0.0012518154690042138,0,-1.1895201623701723e-06,100.2979507446289,100.29804229736328,790.2388305664062,790.2388916015625,790.2388916015625,549.6439208984375,0,0,23.894147872924805,0.0010999999940395355,0.02200000174343586,0.03299999609589577,0.04399999603629112,5655.8173828125,114276.53125,0.0429663360118866,0,3.1392715754918754e-05,405.1289978027344,0,0.0002616529818624258,2.8350639695418067e-05,0,0,23.700000762939453,0,0,1600,0,50,0,0,0,50,50,1400,0.0,0.0,0.0,0.0
223,158.19677734375,309.0489807128906,326.0521240234375,326.00482177734375,292.0457458496094,292.0930480957031,16515.818359375,33031.63671875,68.98011016845703,68.980224609375,1793.910400390625,3576.803466796875,1793.517333984375,3577.311767578125,284.527587890625,61.93838119506836,-2.4655405468365643e-06,0,0,2574.672119140625,1291.5091552734375,0,23.89282989501953,2713.06103515625,11.831515312194824,11.838106155395508,907.8941040039062,1810.7384033203125,49.99440002441406,50.01746368408203,100,0,0,346.37371826171875,0,7.924896240234375,20.32158851623535,20.3688907623291,0,1.034000039100647,0.9067617654800415,50,2.799999952316284,2.293166399002075,0,0,0,0,0.9495904635290597,0,0,0,0.001250160508789122,-0.0012516886927187443,0,-1.528102416159527e-06,100.2978744506836,100.29800415039062,790.2385864257812,790.2387084960938,790.2387084960938,549.6438598632812,0,0,23.89282989501953,0.0010999999940395355,0.02200000174343586,0.03299999609589577,0.04399999603629112,5655.8173828125,114276.53125,0.0429663360118866,0,3.1392715754918754e-05,406.9497985839844,0,0.0002616529818624258,2.8350639695418067e-05,0,0,23.700000762939453,0,0,1600,0,50,0,0,0,50,50,1400,0.0,0.0,0.0,0.0
224,158.19699096679688,309.0489807128906,326.0521240234375,326.00482177734375,292.0457458496094,292.0930480957031,16515.818359375,33031.63671875,68.9801254272461,68.98023986816406,1793.9056396484375,3576.80029296875,1793.518798828125,3577.310302734375,284.5277404785156,61.93872833251953,-2.772508651105454e-06,0,0,2574.67138671875,1291.5091552734375,0,23.89289665222168,2713.059326171875,11.831534385681152,11.838092803955078,907.8938598632812,1810.73583984375,49.994625091552734,50.01732635498047,100,0,0,346.3738098144531,0,7.924896240234375,20.32168960571289,20.36899185180664,0,1.034000039100647,0.9067617654800415,50,2.799999952316284,2.29316782951355,0,0,0,0,0.8917473560988961,0,0,0,0.001250160508789122,-0.0012514349073171616,0,-1.2744218338411883e-06,100.29782104492188,100.29794311523438,790.2384033203125,790.2384643554688,790.2384643554688,549.6436767578125,0,0,23.89289665222168,0.0010999999940395355,0.02200000174343586,0.03299999609589577,0.04399999603629112,5655.8173828125,114276.53125,0.0429663360118866,0,3.1392715754918754e-05,408.7705993652344,0,0.0002616529818624258,2.8350639695418067e-05,0,0,23.700000762939453,0,0,1600,0,50,0,0,0,50,50,1400,0.0,0.0,0.0,0.0
225,158.1971893310547,309.0489807128906,326.0521240234375,326.00482177734375,292.0457763671875,292.0930480957031,16515.818359375,33031.63671875,68.98014068603516,68.98025512695312,1793.900390625,3576.797607421875,1793.516845703125,3577.312255859375,284.5278625488281,61.93906021118164,5.23222752235597e-06,0,0,2574.671142578125,1291.50927734375,0,23.892963409423828,2713.058349609375,11.83155345916748,11.838080406188965,907.892333984375,1810.73583984375,49.9948616027832,50.01718521118164,100,0,0,346.3739013671875,0,7.924896240234375,20.32179069519043,20.36909294128418,0,1.034000039100647,0.9067617654800415,50,2.799999952316284,2.293168783187866,0,0,0,0,0.8339043115391469,0,0,0,0.001250160508789122,-0.0012512448010966182,0,-1.0842574056368903e-06,100.29779052734375,100.29790496826172,790.2382202148438,790.23828125,790.23828125,549.6436157226562,0,0,23.892963409423828,0.0010999999940395355,0.02200000174343586,0.03299999609589577,0.04399999603629112,5655.8173828125,114276.53125,0.0429663360118866,0,3.1392715754918754e-05,410.5914001464844,0,0.0002616529818624258,2.8350639695418067e-05,0,0,23.700000762939453,0,0,1600,0,50,0,0,0,50,50,1400,0.0,0.0,0.0,0.0
226,158.1973876953125,309.0489807128906,326.0521240234375,326.00482177734375,292.0457763671875,292.09307861328125,16515.818359375,33031.63671875,68.98016357421875,68.98027038574219,1793.895263671875,3576.794921875,1793.5181884765625,3577.31103515625,284.5279846191406,61.939395904541016,3.1822360142541584e-06,0,0,2574.670166015625,1291.5093994140625,0,23.890348434448242,2713.0576171875,11.831573486328125,11.838067054748535,907.89208984375,1810.733154296875,49.995094299316406,50.01704406738281,100,0,0,346.3740234375,0,7.924896240234375,20.3218936920166,20.36919593811035,0,1.034000039100647,0.9067617654800415,50,2.799999952316284,2.2931692600250244,0,0,0,0,0.7760612041089834,0,0,0,0.001250160508789122,-0.0012511179083958268,0,-9.57352995101246e-07,100.29776000976562,100.2978744506836,790.238037109375,790.2380981445312,790.2380981445312,549.6435546875,0,0,23.890348434448242,0.0010999999940395355,0.02200000174343586,0.03299999609589577,0.04399999603629112,5655.8173828125,114276.53125,0.0429663360118866,0,3.1392715754918754e-05,412.4122009277344,0,0.0002616529818624258,2.8350639695418067e-05,0,0,23.700000762939453,0,0,1600,0,50,0,0,0,50,50,1400,0.0,0.0,0.0,0.0
227,158.1975860595703,309.04901123046875,326.0521240234375,326.00482177734375,292.0458068847656,292.09307861328125,16515.818359375,33031.63671875,68.98017120361328,68.98027801513672,1793.8902587890625,3576.79248046875,1793.519775390625,3577.309326171875,284.52813720703125,61.939735412597656,1.7132521179519244e-06,0,0,2574.669677734375,1291.509765625,0,23.889095306396484,2713.056640625,11.83159351348877,11.838054656982422,907.8906860351562,1810.732666015625,49.995365142822266,50.016883850097656,100,0,0,346.3741149902344,0,7.924896240234375,20.32199478149414,20.36929702758789,0,1.034000039100647,0.9067617654800415,50,2.799999952316284,2.2931699752807617,0,0,0,0,0.7182181595492342,0,0,0,0.0012496953131631017,-0.0012509911321103573,0,-1.2958073511981638e-06,100.29773712158203,100.29784393310547,790.2379150390625,790.2379760742188,790.2379760742188,549.6434936523438,0,0,23.889095306396484,0.0010999999940395355,0.02200000174343586,0.03299999609589577,0.04399999603629112,5655.8173828125,114276.53125,0.0429663360118866,0,3.1392715754918754e-05,414.2330017089844,0,0.0002616529818624258,2.8350639695418067e-05,0,0,23.700000762939453,0,0,1600,0,50,0,0,0,50,50,1400,0.0,0.0,0.0,0.0
228,158.1977996826172,309.0490417480469,326.0521240234375,326.00482177734375,292.04583740234375,292.0931091308594,16515.818359375,33031.63671875,68.98018646240234,68.98029327392578,1793.88525390625,3576.78955078125,1793.5194091796875,3577.309326171875,284.52825927734375,61.9400634765625,-1.4987549548095558e-06,0,0,2574.669189453125,1291.509765625,0,23.8878231048584,2713.0556640625,11.831611633300781,11.838042259216309,907.8930053710938,1810.73779296875,49.99559020996094,50.01673889160156,100,0,0,346.37420654296875,0,7.924896240234375,20.32209587097168,20.36939811706543,0,1.034000039100647,0.9067617654800415,50,2.799999952316284,2.293170928955078,0,0,0,0,0.6603750521190705,0,0,0,0.0012492300011217594,-0.0012508643558248878,0,-1.6343896049875184e-06,100.29766082763672,100.29780578613281,790.2377319335938,790.2378540039062,790.2378540039062,549.6434326171875,0,0,23.8878231048584,0.0010999999940395355,0.02200000174343586,0.03299999609589577,0.04399999603629112,5655.8173828125,114276.53125,0.0429663360118866,0,3.1392715754918754e-05,416.0538024902344,0,0.0002616529818624258,2.8350639695418067e-05,0,0,23.700000762939453,0,0,1600,0,50,0,0,0,50,50,1400,0.0,0.0,0.0,0.0
229,158.19798278808594,309.0490417480469,326.0521240234375,326.00482177734375,292.04583740234375,292.0931091308594,16515.818359375,33031.63671875,68.9802017211914,68.98030853271484,1793.880126953125,3576.78759765625,1793.520751953125,3577.30810546875,284.5284118652344,61.94040298461914,-2.9677385100512765e-06,0,0,2574.66845703125,1291.509765625,0,23.885229110717773,2713.053955078125,11.83163070678711,11.838028907775879,907.8926391601562,1810.7349853515625,49.995819091796875,50.0166015625,100,0,0,346.37432861328125,0,7.924896240234375,20.32219886779785,20.3695011138916,0,1.034000039100647,0.9067617654800415,50,2.799999952316284,2.2931723594665527,0,0,0,0,0.6025320075593213,0,0,0,0.0012492300011217594,-0.0012506106868386269,0,-1.3807090226691798e-06,100.29759216308594,100.29774475097656,790.2374267578125,790.2376098632812,790.2376098632812,549.643310546875,0,0,23.885229110717773,0.0010999999940395355,0.02200000174343586,0.03299999609589577,0.04399999603629112,5655.8173828125,114276.53125,0.0429663360118866,0,3.1392715754918754e-05,417.8746032714844,0,0.0002616529818624258,2.8350639695418067e-05,0,0,23.700000762939453,0,0,1600,0,50,0,0,0,50,50,1400,0.0,0.0,0.0,0.0
230,158.19815063476562,309.0490417480469,326.0521240234375,326.00482177734375,292.0458679199219,292.0931091308594,16515.818359375,33031.63671875,68.98021697998047,68.98033142089844,1793.874755859375,3576.78515625,1793.5189208984375,3577.310302734375,284.52850341796875,61.94072341918945,3.293974259577226e-06,0,0,2574.66796875,1291.5098876953125,0,23.886682510375977,2713.052490234375,11.831648826599121,11.838016510009766,907.8912353515625,1810.73486328125,49.99604797363281,50.01646423339844,100,0,0,346.3744201660156,0,7.924896240234375,20.32229995727539,20.36960220336914,0,1.034000039100647,0.9067617654800415,50,2.799999952316284,2.2931735515594482,0,0,0,0,0.5543294494693922,0,0,0,0.0012492300011217594,-0.0012503571342676878,0,-1.1271564517301158e-06,100.29755401611328,100.29769134521484,790.2371826171875,790.2373046875,790.2373046875,549.6431884765625,0,0,23.886682510375977,0.0010999999940395355,0.02200000174343586,0.03299999609589577,0.04399999603629112,5655.8173828125,114276.53125,0.0429663360118866,0,3.1392715754918754e-05,419.6954040527344,0,0.0002616529818624258,2.8350639695418067e-05,0,0,23.700000762939453,0,0,1600,0,50,0,0,0,50,50,1400,0.0,0.0,0.0,0.0
231,158.1983184814453,309.0490417480469,326.0521240234375,326.00482177734375,292.0458679199219,292.0931396484375,16515.818359375,33031.63671875,68.98023223876953,68.98033905029297,1793.8695068359375,3576.782958984375,1793.5201416015625,3577.30859375,284.5286560058594,61.9410400390625,-1.661056217017176e-06,0,0,2574.667724609375,1291.5098876953125,0,23.886838912963867,2713.05126953125,11.83166790008545,11.838003158569336,907.890869140625,1810.732177734375,49.99626922607422,50.016326904296875,100,0,0,346.3744812011719,0,7.924896240234375,20.322368621826172,20.369670867919922,0,1.034000039100647,0.9067617654800415,50,2.799999952316284,2.2931745052337646,0,0,0,0,0.5061268913794631,0,0,0,0.0012492300011217594,-0.0012501667952165008,0,-9.368639553031244e-07,100.29753875732422,100.29764556884766,790.237060546875,790.2371215820312,790.2371215820312,549.64306640625,0,0,23.886838912963867,0.0010999999940395355,0.02200000174343586,0.03299999609589577,0.04399999603629112,5655.8173828125,114276.53125,0.0429663360118866,0,3.1392715754918754e-05,421.5162048339844,0,0.0002616529818624258,2.8350639695418067e-05,0,0,23.700000762939453,0,0,1600,0,50,0,0,0,50,50,1400,0.0,0.0,0.0,0.0
232,158.198486328125,309.0490417480469,326.0521240234375,326.00482177734375,292.0458679199219,292.0931396484375,16515.818359375,33031.63671875,68.9802474975586,68.98035430908203,1793.86474609375,3576.780517578125,1793.518798828125,3577.310302734375,284.52874755859375,61.94136047363281,4.600656211550813e-06,0,0,2574.666748046875,1291.510009765625,0,23.88429069519043,2713.05078125,11.831686019897461,11.837990760803223,907.8895874023438,1810.73193359375,49.99652862548828,50.01616287231445,100,0,0,346.3746032714844,0,7.924896240234375,20.32246971130371,20.36977195739746,0,1.034000039100647,0.9067617654800415,50,2.799999952316284,2.293175220489502,0,0,0,0,0.45792433328953397,0,0,0,0.0012492300011217594,-0.0012500400189310312,0,-8.100876698335924e-07,100.29752349853516,100.29762268066406,790.2368774414062,790.2369995117188,790.2369995117188,549.6430053710938,0,0,23.88429069519043,0.0010999999940395355,0.02200000174343586,0.03299999609589577,0.04399999603629112,5655.8173828125,114276.53125,0.0429663360118866,0,3.1392715754918754e-05,423.3370056152344,0,0.0002616529818624258,2.8350639695418067e-05,0,0,23.700000762939453,0,0,1600,0,50,0,0,0,50,50,1400,0.0,0.0,0.0,0.0
233,158.1986541748047,309.0490417480469,326.0521240234375,326.00482177734375,292.0458984375,292.0931396484375,16515.818359375,33031.63671875,68.98026275634766,68.9803695678711,1793.8602294921875,3576.778564453125,1793.5184326171875,3577.310546875,284.5289001464844,61.94168472290039,8.076415269897552e-07,0,0,2574.66650390625,1291.5101318359375,0,23.88308334350586,2713.0498046875,11.831704139709473,11.83797836303711,907.8892211914062,1810.7318115234375,49.996734619140625,50.016021728515625,100,0,0,346.3746643066406,0,7.924896240234375,20.322538375854492,20.369840621948242,0,1.034000039100647,0.9067617654800415,50,2.799999952316284,2.2931759357452393,0,0,0,0,0.4097217751996048,0,0,0,0.0012492300011217594,-0.0012499131262302399,0,-6.83183316141367e-07,100.29752349853516,100.29759216308594,790.2367553710938,790.23681640625,790.23681640625,549.6429443359375,0,0,23.88308334350586,0.0010999999940395355,0.02200000174343586,0.03299999609589577,0.04399999603629112,5655.8173828125,114276.53125,0.0429663360118866,0,3.1392715754918754e-05,425.1578063964844,0,0.0002616529818624258,2.8350639695418067e-05,0,0,23.700000762939453,0,0,1600,0,50,0,0,0,50,50,1400,0.0,0.0,0.0,0.0
234,158.19882202148438,309.0490417480469,326.0521240234375,326.00482177734375,292.0458984375,292.0931701660156,16515.818359375,33031.63671875,68.98027038574219,68.98037719726562,1793.85498046875,3576.7763671875,1793.5179443359375,3577.31103515625,284.529052734375,61.9420051574707,-3.566380883057718e-06,0,0,2574.666015625,1291.51025390625,0,23.88187599182129,2713.049072265625,11.831721305847168,11.83796501159668,907.8876953125,1810.7293701171875,49.99694061279297,50.0158805847168,100,0,0,346.374755859375,0,7.924896240234375,20.32263946533203,20.36994171142578,0,1.034000039100647,0.9067617654800415,50,2.799999952316284,2.2931764125823975,0,0,0,0,0.36151921710967566,0,0,0,0.0012492300011217594,-0.0012497863499447703,0,-5.564070306718349e-07,100.29752349853516,100.29756164550781,790.2366943359375,790.2366943359375,790.2366943359375,549.6428833007812,0,0,23.88187599182129,0.0010999999940395355,0.02200000174343586,0.03299999609589577,0.04399999603629112,5655.8173828125,114276.53125,0.0429663360118866,0,3.1392715754918754e-05,426.9786071777344,0,0.0002616529818624258,2.8350639695418067e-05,0,0,23.700000762939453,0,0,1600,0,50,0,0,0,50,50,1400,0.0,0.0,0.0,0.0
235,158.19898986816406,309.0491027832031,326.0521240234375,326.00482177734375,292.0459289550781,292.09320068359375,16515.818359375,33031.63671875,68.98028564453125,68.98038482666016,1793.8499755859375,3576.775634765625,1793.517333984375,3577.311279296875,284.5291442871094,61.94232177734375,2.1143239337106934e-06,0,0,2574.66552734375,1291.510498046875,0,23.88203239440918,2713.048828125,11.831737518310547,11.837952613830566,907.8886108398438,1810.73193359375,49.997093200683594,50.015750885009766,100,0,0,346.37481689453125,0,7.924896240234375,20.32270622253418,20.37000846862793,0,1.034000039100647,0.9067617654800415,50,2.799999952316284,2.2931766510009766,0,0,0,0,0.3133166275845394,0,0,0,0.001248299260623753,-0.0012497863499447703,0,-1.4871242228764459e-06,100.29749298095703,100.29755401611328,790.2366333007812,790.2366943359375,790.2366943359375,549.6428833007812,0,0,23.88203239440918,0.0010999999940395355,0.02200000174343586,0.03299999609589577,0.04399999603629112,5655.8173828125,114276.53125,0.0429663360118866,0,3.1392715754918754e-05,428.7994079589844,0,0.0002616529818624258,2.8350639695418067e-05,0,0,23.700000762939453,0,0,1600,0,50,0,0,0,50,50,1400,0.0,0.0,0.0,0.0
236,158.19915771484375,309.0491027832031,326.0521240234375,326.00482177734375,292.0459289550781,292.09320068359375,16515.818359375,33031.63671875,68.98030090332031,68.98040771484375,1793.845458984375,3576.773193359375,1793.5206298828125,3577.30810546875,284.529296875,61.942649841308594,-1.0976831390507868e-06,0,0,2574.664794921875,1291.51025390625,0,23.879484176635742,2713.048095703125,11.831754684448242,11.837939262390137,907.8897705078125,1810.734375,49.997337341308594,50.01559066772461,100,0,0,346.37493896484375,0,7.924896240234375,20.32280921936035,20.3701114654541,0,1.034000039100647,0.9067617654800415,50,2.799999952316284,2.293177366256714,0,0,0,0,0.26511406949461025,0,0,0,0.001248299260623753,-0.0012496595736593008,0,-1.3603479374069138e-06,100.29741668701172,100.29752349853516,790.2365112304688,790.236572265625,790.236572265625,549.642822265625,0,0,23.879484176635742,0.0010999999940395355,0.02200000174343586,0.03299999609589577,0.04399999603629112,5655.8173828125,114276.53125,0.0429663360118866,0,3.1392715754918754e-05,430.6202087402344,0,0.0002616529818624258,2.8350639695418067e-05,0,0,23.700000762939453,0,0,1600,0,50,0,0,0,50,50,1400,0.0,0.0,0.0,0.0
237,158.19932556152344,309.0491027832031,326.0521240234375,326.00482177734375,292.04595947265625,292.09320068359375,16515.818359375,33031.63671875,68.98030853271484,68.98041534423828,1793.840087890625,3576.771728515625,1793.5172119140625,3577.311767578125,284.5293884277344,61.94296646118164,4.583021564030787e-06,0,0,2574.664306640625,1291.5106201171875,0,23.879619598388672,2713.046875,11.831772804260254,11.837926864624023,907.8882446289062,1810.731689453125,49.997554779052734,50.01544952392578,100,0,0,346.375,0,7.924896240234375,20.3228759765625,20.37017822265625,0,1.034000039100647,0.9067617654800415,50,2.799999952316284,2.2931785583496094,0,0,0,0,0.2169115271222847,0,0,0,0.001248299260623753,-0.0012494692346081138,0,-1.1700554978233413e-06,100.29736328125,100.29747772216797,790.2362670898438,790.2363891601562,790.2363891601562,549.6427612304688,0,0,23.879619598388672,0.0010999999940395355,0.02200000174343586,0.03299999609589577,0.04399999603629112,5655.8173828125,114276.53125,0.0429663360118866,0,3.1392715754918754e-05,432.4410095214844,0,0.0002616529818624258,2.8350639695418067e-05,0,0,23.700000762939453,0,0,1600,0,50,0,0,0,50,50,1400,0.0,0.0,0.0,0.0
238,158.19949340820312,309.0491027832031,326.0521240234375,326.00482177734375,292.04595947265625,292.09320068359375,16515.818359375,33031.63671875,68.9803237915039,68.98043060302734,1793.8350830078125,3576.771728515625,1793.52001953125,3577.30908203125,284.529541015625,61.94327926635742,-9.530165243631927e-07,0,0,2574.6640625,1291.5106201171875,0,23.877071380615234,2713.045654296875,11.831789016723633,11.837911605834961,907.8880004882812,1810.731689453125,49.997745513916016,50.015281677246094,100,0,0,346.3750915527344,0,7.924896240234375,20.322978973388672,20.370281219482422,0,1.034000039100647,0.9067617654800415,50,2.799999952316284,2.2931792736053467,0,0,0,0,0.16870896903235555,0,0,0,0.001248299260623753,-0.0012492791283875704,0,-9.798910696190433e-07,100.29731750488281,100.29743957519531,790.236083984375,790.2361450195312,790.2361450195312,549.6426391601562,0,0,23.877071380615234,0.0010999999940395355,0.02200000174343586,0.03299999609589577,0.04399999603629112,5655.8173828125,114276.53125,0.0429663360118866,0,3.1392715754918754e-05,434.2618103027344,0,0.0002616529818624258,2.8350639695418067e-05,0,0,23.700000762939453,0,0,1600,0,50,0,0,0,50,50,1400,0.0,0.0,0.0,0.0
239,158.1996612548828,309.0491027832031,326.0521240234375,326.00482177734375,292.04595947265625,292.09320068359375,16515.818359375,33031.63671875,68.98033905029297,68.98043823242188,1793.829833984375,3576.7705078125,1793.522705078125,3577.305908203125,284.5296325683594,61.9435920715332,4.146680566918803e-06,0,0,2574.663330078125,1291.5106201171875,0,23.875886917114258,2713.044921875,11.831805229187012,11.837899208068848,907.8878173828125,1810.7315673828125,49.99794387817383,50.015140533447266,100,0,0,346.3752136230469,0,7.924896240234375,20.32308006286621,20.37038230895996,0,1.034000039100647,0.9067617654800415,50,2.799999952316284,2.293179988861084,0,0,0,0,0.12050640308362463,0,0,0,0.001248299260623753,-0.0012491523521021008,0,-8.531147841495113e-07,100.29729461669922,100.29740905761719,790.2359619140625,790.2360229492188,790.2360229492188,549.642578125,0,0,23.875886917114258,0.0010999999940395355,0.02200000174343586,0.03299999609589577,0.04399999603629112,5655.8173828125,114276.53125,0.0429663360118866,0,3.1392715754918754e-05,436.0826110839844,0,0.0002616529818624258,2.8350639695418067e-05,0,0,23.700000762939453,0,0,1600,0,50,0,0,0,50,50,1400,0.0,0.0,0.0,0.0
240,158.1998291015625,309.0491027832031,326.0521240234375,326.00482177734375,292.0460205078125,292.0932312011719,16515.818359375,33031.63671875,68.9803466796875,68.98045349121094,1793.824951171875,3576.77001953125,1793.5194091796875,3577.309326171875,284.52978515625,61.94390106201172,-1.970365474335267e-06,0,0,2574.6630859375,1291.5107421875,0,23.876087188720703,2713.044189453125,11.831820487976074,11.837884902954102,907.8862915039062,1810.7291259765625,49.99812698364258,50.01498031616211,100,0,0,346.3752746582031,0,7.924896240234375,20.323148727416992,20.370450973510742,0,1.034000039100647,0.9067617654800415,50,2.799999952316284,2.2931807041168213,0,0,0,0,0.0723038371348937,0,0,0,0.001248299260623753,-0.0012490254594013095,0,-7.262104304572858e-07,100.29727935791016,100.29737854003906,790.23583984375,790.2359008789062,790.2359008789062,549.6424560546875,0,0,23.876087188720703,0.0010999999940395355,0.02200000174343586,0.03299999609589577,0.04399999603629112,5655.8173828125,114276.53125,0.0429663360118866,0,3.1392715754918754e-05,437.9034118652344,0,0.0002616529818624258,2.8350639695418067e-05,0,0,23.700000762939453,0,0,1600,0,50,0,0,0,50,50,1400,0.0,0.0,0.0,0.0
241,158.1999969482422,309.0491943359375,326.0521240234375,326.00482177734375,292.04608154296875,292.09326171875,16515.818359375,33031.63671875,68.98035430908203,68.98046112060547,1793.820068359375,3576.769775390625,1793.5191650390625,3577.309814453125,284.5299072265625,61.94422149658203,4.291347522666911e-06,0,0,2574.662353515625,1291.510986328125,0,23.87220001220703,2713.043212890625,11.831836700439453,11.837870597839355,907.8872680664062,1810.7315673828125,49.998313903808594,50.014827728271484,100,0,0,346.3753662109375,0,7.924896240234375,20.32324981689453,20.37055206298828,0,1.034000039100647,0.9067617654800415,50,2.799999952316284,2.2931814193725586,0,0,0,0,0.024101281009665014,0,0,0,0.0012473686365410686,-0.00124889868311584,0,-1.5300232689696713e-06,100.2972640991211,100.29734802246094,790.2356567382812,790.2357788085938,790.2357788085938,549.6424560546875,0,0,23.87220001220703,0.0010999999940395355,0.02200000174343586,0.03299999609589577,0.04399999603629112,5655.8173828125,114276.53125,0.0429663360118866,0,3.1392715754918754e-05,439.7242126464844,0,0.0002616529818624258,2.8350639695418067e-05,0,0,23.700000762939453,0,0,1600,0,50,0,0,0,50,50,1400,0.0,0.0,0.0,0.0
242,158.20016479492188,309.0491943359375,326.0521240234375,326.00482177734375,292.04608154296875,292.09326171875,16515.818359375,33031.63671875,68.98037719726562,68.98047637939453,1793.815673828125,3576.768798828125,1793.522216796875,3577.306640625,284.530029296875,61.94453811645508,-6.63683067614329e-07,0,0,2574.662109375,1291.5108642578125,0,23.87235450744629,2713.042236328125,11.831851959228516,11.837857246398926,907.888427734375,1810.7337646484375,49.998531341552734,50.01465606689453,100,0,0,346.37542724609375,0,7.924896240234375,20.32331657409668,20.37061882019043,0,1.034000039100647,0.9067617654800415,50,2.799999952316284,2.293182373046875,0,0,0,0,0.0,0,0,0,0.0012473686365410686,-0.0012487719068303704,0,-1.4032469835001393e-06,100.29717254638672,100.29730987548828,790.2354736328125,790.235595703125,790.235595703125,549.6423950195312,0,0,23.87235450744629,0.0010999999940395355,0.02200000174343586,0.03299999609589577,0.04399999603629112,5655.8173828125,114276.53125,0.0429663360118866,0,3.1392715754918754e-05,441.5450134277344,0,0.0002616529818624258,2.8350639695418067e-05,0,0,23.700000762939453,0,0,1600,0,50,0,0,0,50,50,1400,0.0,0.0,0.0,0.0
243,158.20033264160156,309.0491943359375,326.0521240234375,326.00482177734375,292.04608154296875,292.09326171875,16515.818359375,33031.63671875,68.98038482666016,68.9804916381836,1793.8109130859375,3576.7685546875,1793.518798828125,3577.310302734375,284.5301513671875,61.94484329223633,3.2739983453211607e-06,0,0,2574.661376953125,1291.5111083984375,0,23.873897552490234,2713.041015625,11.831866264343262,11.83784294128418,907.8869018554688,1810.7313232421875,49.99871826171875,50.01449966430664,100,0,0,346.37554931640625,0,7.924896240234375,20.32341957092285,20.3707218170166,0,1.034000039100647,0.9067617654800415,50,2.799999952316284,2.2931833267211914,0,0,0,0,0.0,0,0,0,0.0012473686365410686,-0.0012485815677791834,0,-1.2129545439165668e-06,100.2971420288086,100.2972640991211,790.2353515625,790.2354125976562,790.2354125976562,549.6422729492188,0,0,23.873897552490234,0.0010999999940395355,0.02200000174343586,0.03299999609589577,0.04399999603629112,5655.8173828125,114276.53125,0.0429663360118866,0,3.1392715754918754e-05,443.3658142089844,0,0.0002616529818624258,2.8350639695418067e-05,0,0,23.700000762939453,0,0,1600,0,50,0,0,0,50,50,1400,0.0,0.0,0.0,0.0
244,158.20050048828125,309.0491943359375,326.0521240234375,326.00482177734375,292.04608154296875,292.09326171875,16515.818359375,33031.63671875,68.98040008544922,68.98049926757812,1793.80615234375,3576.767822265625,1793.5184326171875,3577.310546875,284.5302734375,61.94514465332031,-4.005063146905741e-06,0,0,2574.6611328125,1291.5111083984375,0,23.872756958007812,2713.0400390625,11.831881523132324,11.83782958984375,907.8866577148438,1810.7314453125,49.99889373779297,50.014347076416016,100,0,0,346.3756103515625,0,7.924896240234375,20.323486328125,20.37078857421875,0,1.034000039100647,0.9067617654800415,50,2.799999952316284,2.293184280395508,0,0,0,0,0.0,0,0,0,0.0012473686365410686,-0.00124839146155864,0,-1.0227901157122687e-06,100.29710388183594,100.29722595214844,790.2351684570312,790.2352294921875,790.2352294921875,549.6422119140625,0,0,23.872756958007812,0.0010999999940395355,0.02200000174343586,0.03299999609589577,0.04399999603629112,5655.8173828125,114276.53125,0.0429663360118866,0,3.1392715754918754e-05,445.1866149902344,0,0.0002616529818624258,2.8350639695418067e-05,0,0,23.700000762939453,0,0,1600,0,50,0,0,0,50,50,1400,0.0,0.0,0.0,0.0
245,158.20066833496094,309.0491943359375,326.0521240234375,326.00482177734375,292.0461120605469,292.09332275390625,16515.818359375,33031.63671875,68.98041534423828,68.98051452636719,1793.8017578125,3576.76806640625,1793.52099609375,3577.307861328125,284.5303955078125,61.945457458496094,1.0946339443762554e-06,0,0,2574.660400390625,1291.51123046875,0,23.870254516601562,2713.0390625,11.83189582824707,11.837815284729004,907.8850708007812,1810.7288818359375,49.99905776977539,50.014190673828125,100,0,0,346.3757019042969,0,7.924896240234375,20.323589324951172,20.370891571044922,0,1.034000039100647,0.9067617654800415,50,2.799999952316284,2.293184995651245,0,0,0,0,0.0,0,0,0,0.0012473686365410686,-0.0012482645688578486,0,-8.958857620200433e-07,100.29707336425781,100.29719543457031,790.2349853515625,790.2350463867188,790.2350463867188,549.6421508789062,0,0,23.870254516601562,0.0010999999940395355,0.02200000174343586,0.03299999609589577,0.04399999603629112,5655.8173828125,114276.53125,0.0429663360118866,0,3.1392715754918754e-05,447.0074157714844,0,0.0002616529818624258,2.8350639695418067e-05,0,0,23.700000762939453,0,0,1600,0,50,0,0,0,50,50,1400,0.0,0.0,0.0,0.0
246,158.20083618164062,309.0491943359375,326.0521240234375,326.00482177734375,292.0461120605469,292.09332275390625,16515.818359375,33031.63671875,68.98042297363281,68.98052215576172,1793.796630859375,3576.768798828125,1793.520751953125,3577.30810546875,284.530517578125,61.94575881958008,4.45130763182533e-06,0,0,2574.66015625,1291.51123046875,0,23.869091033935547,2713.038330078125,11.831911087036133,11.837800025939941,907.8848876953125,1810.7288818359375,49.999244689941406,50.01401901245117,100,0,0,346.3757629394531,0,7.924896240234375,20.32365608215332,20.37095832824707,0,1.034000039100647,0.9067617654800415,50,2.799999952316284,2.2931857109069824,0,0,0,0,0.0,0,0,0,0.0012473686365410686,-0.0012481377925723791,0,-7.691094765505113e-07,100.29705810546875,100.29716491699219,790.23486328125,790.2349243164062,790.2349243164062,549.64208984375,0,0,23.869091033935547,0.0010999999940395355,0.02200000174343586,0.03299999609589577,0.04399999603629112,5655.8173828125,114276.53125,0.0429663360118866,0,3.1392715754918754e-05,448.8282165527344,0,0.0002616529818624258,2.8350639695418067e-05,0,0,23.700000762939453,0,0,1600,0,50,0,0,0,50,50,1400,0.0,0.0,0.0,0.0
247,158.2010040283203,309.0491943359375,326.0521240234375,326.00482177734375,292.0461120605469,292.09332275390625,16515.818359375,33031.63671875,68.98043060302734,68.98052978515625,1793.7918701171875,3576.769287109375,1793.5203857421875,3577.30810546875,284.5306396484375,61.94606399536133,-2.246745907541481e-06,0,0,2574.659423828125,1291.51123046875,0,23.867952346801758,2713.03759765625,11.831924438476562,11.837785720825195,907.8847045898438,1810.7288818359375,49.99940872192383,50.01386260986328,100,0,0,346.3758850097656,0,7.924896240234375,20.323759078979492,20.371061325073242,0,1.034000039100647,0.9067617654800415,50,2.799999952316284,2.2931861877441406,0,0,0,0,0.0,0,0,0,0.0012473686365410686,-0.0012480110162869096,0,-6.423331910809793e-07,100.29705047607422,100.2971420288086,790.2347412109375,790.2348022460938,790.2348022460938,549.6420288085938,0,0,23.867952346801758,0.0010999999940395355,0.02200000174343586,0.03299999609589577,0.04399999603629112,5655.8173828125,114276.53125,0.0429663360118866,0,3.1392715754918754e-05,450.6490173339844,0,0.0002616529818624258,2.8350639695418067e-05,0,0,23.700000762939453,0,0,1600,0,50,0,0,0,50,50,1400,0.0,0.0,0.0,0.0
248,158.201171875,309.0491943359375,326.0521240234375,326.00482177734375,292.0461120605469,292.09332275390625,16515.818359375,33031.63671875,68.98043823242188,68.98053741455078,1793.786865234375,3576.769775390625,1793.52001953125,3577.30859375,284.53076171875,61.94636917114258,1.6909356190808467e-06,0,0,2574.658935546875,1291.51123046875,0,23.866811752319336,2713.036865234375,11.831939697265625,11.837772369384766,907.8843383789062,1810.7288818359375,49.99958801269531,50.01370620727539,100,0,0,346.3759460449219,0,7.924896240234375,20.32382583618164,20.37112808227539,0,1.034000039100647,0.9067617654800415,50,2.799999952316284,2.293186902999878,0,0,0,0,0.0,0,0,0,0.0012473686365410686,-0.0012478841235861182,0,-5.154288373887539e-07,100.29705047607422,100.29711151123047,790.234619140625,790.2346801757812,790.2346801757812,549.6419677734375,0,0,23.866811752319336,0.0010999999940395355,0.02200000174343586,0.03299999609589577,0.04399999603629112,5655.8173828125,114276.53125,0.0429663360118866,0,3.1392715754918754e-05,452.4698181152344,0,0.0002616529818624258,2.8350639695418067e-05,0,0,23.700000762939453,0,0,1600,0,50,0,0,0,50,50,1400,0.0,0.0,0.0,0.0
249,158.2013397216797,309.0491943359375,326.0521240234375,326.00482177734375,292.046142578125,292.0933532714844,16515.818359375,33031.63671875,68.9804458618164,68.98054504394531,1793.7821044921875,3576.7705078125,1793.51953125,3577.30908203125,284.5308837890625,61.946678161621094,-4.426110535860062e-06,0,0,2574.658447265625,1291.5115966796875,0,23.865671157836914,2713.0361328125,11.831953048706055,11.83775806427002,907.8827514648438,1810.7264404296875,49.99972152709961,50.0135612487793,100,0,0,346.37603759765625,0,7.924896240234375,20.32392692565918,20.37122917175293,0,1.034000039100647,0.9067617654800415,50,2.799999952316284,2.2931876182556152,0,0,0,0,0.0,0,0,0,0.0012473686365410686,-0.0012477573473006487,0,-3.886525519192219e-07,100.29705047607422,100.29708099365234,790.2345581054688,790.2345581054688,790.2345581054688,549.641845703125,0,0,23.865671157836914,0.0010999999940395355,0.02200000174343586,0.03299999609589577,0.04399999603629112,5655.8173828125,114276.53125,0.0429663360118866,0,3.1392715754918754e-05,454.2906188964844,0,0.0002616529818624258,2.8350639695418067e-05,0,0,23.700000762939453,0,0,1600,0,50,0,0,0,50,50,1400,0.0,0.0,0.0,0.0
250,158.20150756835938,309.04925537109375,326.0521240234375,326.00482177734375,292.04620361328125,292.0933837890625,16515.818359375,33031.63671875,68.98045349121094,68.98055267333984,1793.77783203125,3576.77099609375,1793.5194091796875,3577.309326171875,284.531005859375,61.946983337402344,-4.884288387074776e-07,0,0,2574.65771484375,1291.51171875,0,23.86450958251953,2713.035888671875,11.831965446472168,11.83774471282959,907.8839721679688,1810.7291259765625,49.9998893737793,50.01339340209961,100,0,0,346.37615966796875,0,7.924896240234375,20.32402992248535,20.3713321685791,0,1.034000039100647,0.9067617654800415,50,2.799999952316284,2.2931876182556152,0,0,0,0,0.0,0,0,0,0.0012464378960430622,-0.0012477573473006487,0,-1.3193697441238328e-06,100.2970199584961,100.29707336425781,790.2344360351562,790.2345581054688,790.2345581054688,549.641845703125,0,0,23.86450958251953,0.0010999999940395355,0.02200000174343586,0.03299999609589577,0.04399999603629112,5655.8173828125,114276.53125,0.0429663360118866,0,3.1392715754918754e-05,456.1114196777344,0,0.0002616529818624258,2.8350639695418067e-05,0,0,23.700000762939453,0,0,1600,0,50,0,0,0,50,50,1400,0.0,0.0,0.0,0.0
251,158.20167541503906,309.04925537109375,326.0521240234375,326.00482177734375,292.04620361328125,292.0933837890625,16515.818359375,33031.63671875,68.98046875,68.9805679321289,1793.7733154296875,3576.77099609375,1793.522216796875,3577.30712890625,284.5310974121094,61.94729232788086,4.030260242871009e-06,0,0,2574.657470703125,1291.511474609375,0,23.86200523376465,2713.034912109375,11.831979751586914,11.837730407714844,907.8849487304688,1810.731689453125,50.00005340576172,50.01323699951172,100,0,0,346.376220703125,0,7.924896240234375,20.3240966796875,20.37139892578125,0,1.034000039100647,0.9067617654800415,50,2.799999952316284,2.2931883335113525,0,0,0,0,0.0,0,0,0,0.0012464378960430622,-0.0012476305710151792,0,-1.1925934586543008e-06,100.29695892333984,100.29704284667969,790.2343139648438,790.234375,790.234375,549.6417846679688,0,0,23.86200523376465,0.0010999999940395355,0.02200000174343586,0.03299999609589577,0.04399999603629112,5655.8173828125,114276.53125,0.0429663360118866,0,3.1392715754918754e-05,457.9322204589844,0,0.0002616529818624258,2.8350639695418067e-05,0,0,23.700000762939453,0,0,1600,0,50,0,0,0,50,50,1400,0.0,0.0,0.0,0.0
252,158.20184326171875,309.04925537109375,326.0521240234375,326.00482177734375,292.04620361328125,292.0933837890625,16515.818359375,33031.63671875,68.98048400878906,68.98058319091797,1793.7689208984375,3576.771728515625,1793.522216796875,3577.30712890625,284.53125,61.94758987426758,-3.829808520094957e-06,0,0,2574.656982421875,1291.5115966796875,0,23.863569259643555,2713.0341796875,11.831992149353027,11.837716102600098,907.8836059570312,1810.7291259765625,50.000247955322266,50.013065338134766,100,0,0,346.3763122558594,0,7.924896240234375,20.324199676513672,20.371501922607422,0,1.034000039100647,0.9067617654800415,50,2.799999952316284,2.29318904876709,0,0,0,0,0.0,0,0,0,0.0012464378960430622,-0.001247503561899066,0,-1.0656891618054942e-06,100.29691314697266,100.29701232910156,790.2341918945312,790.2342529296875,790.2342529296875,549.6417236328125,0,0,23.863569259643555,0.0010999999940395355,0.02200000174343586,0.03299999609589577,0.04399999603629112,5655.8173828125,114276.53125,0.0429663360118866,0,3.1392715754918754e-05,459.7530212402344,0,0.0002616529818624258,2.8350639695418067e-05,0,0,23.700000762939453,0,0,1600,0,50,0,0,0,50,50,1400,0.0,0.0,0.0,0.0
253,158.20201110839844,309.04925537109375,326.0521240234375,326.00482177734375,292.04620361328125,292.0933837890625,16515.818359375,33031.63671875,68.9804916381836,68.9805908203125,1793.7645263671875,3576.771728515625,1793.521728515625,3577.307373046875,284.5313720703125,61.9478874206543,-1.0541428991928115e-06,0,0,2574.65673828125,1291.5115966796875,0,23.86245346069336,2713.033447265625,11.83200454711914,11.837703704833984,907.8833618164062,1810.7291259765625,50.000396728515625,50.012916564941406,100,0,0,346.3763732910156,0,7.924896240234375,20.32426643371582,20.37156867980957,0,1.034000039100647,0.9067617654800415,50,2.799999952316284,2.293189764022827,0,0,0,0,0.0,0,0,0,0.0012464378960430622,-0.0012473767856135964,0,-9.389128763359622e-07,100.29688262939453,100.29698181152344,790.2340698242188,790.234130859375,790.234130859375,549.6416625976562,0,0,23.86245346069336,0.0010999999940395355,0.02200000174343586,0.03299999609589577,0.04399999603629112,5655.8173828125,114276.53125,0.0429663360118866,0,3.1392715754918754e-05,461.5738220214844,0,0.0002616529818624258,2.8350639695418067e-05,0,0,23.700000762939453,0,0,1600,0,50,0,0,0,50,50,1400,0.0,0.0,0.0,0.0
254,158.20217895507812,309.04925537109375,326.0521240234375,326.00482177734375,292.04620361328125,292.0933837890625,16515.818359375,33031.63671875,68.98049926757812,68.98059844970703,1793.7601318359375,3576.771728515625,1793.5216064453125,3577.307861328125,284.5314636230469,61.94819259643555,2.883538627429516e-06,0,0,2574.65576171875,1291.5115966796875,0,23.85997200012207,2713.03271484375,11.83201789855957,11.837690353393555,907.8831787109375,1810.7291259765625,50.00054931640625,50.01277542114258,100,0,0,346.3764953613281,0,7.924896240234375,20.324369430541992,20.371671676635742,0,1.034000039100647,0.9067617654800415,50,2.799999952316284,2.2931902408599854,0,0,0,0,0.0,0,0,0,0.0012464378960430622,-0.001247250009328127,0,-8.121365908664302e-07,100.2968521118164,100.29695892333984,790.2339477539062,790.2340087890625,790.2340087890625,549.6416015625,0,0,23.85997200012207,0.0010999999940395355,0.02200000174343586,0.03299999609589577,0.04399999603629112,5655.8173828125,114276.53125,0.0429663360118866,0,3.1392715754918754e-05,463.3946228027344,0,0.0002616529818624258,2.8350639695418067e-05,0,0,23.700000762939453,0,0,1600,0,50,0,0,0,50,50,1400,0.0,0.0,0.0,0.0
255,158.2023468017578,309.04925537109375,326.0521240234375,326.00482177734375,292.04620361328125,292.0933837890625,16515.818359375,33031.63671875,68.98050689697266,68.98060607910156,1793.7557373046875,3576.77197265625,1793.5211181640625,3577.307861328125,284.5316162109375,61.948490142822266,-4.976530362910125e-06,0,0,2574.655517578125,1291.51171875,0,23.86155891418457,2713.031982421875,11.832029342651367,11.837677955627441,907.8829345703125,1810.7291259765625,50.00069046020508,50.01263427734375,100,0,0,346.3765563964844,0,7.924896240234375,20.32443618774414,20.37173843383789,0,1.034000039100647,0.9067617654800415,50,2.799999952316284,2.2931909561157227,0,0,0,0,0.0,0,0,0,0.0012464378960430622,-0.0012471231166273355,0,-6.852322371742048e-07,100.29684448242188,100.29692840576172,790.2337646484375,790.2338256835938,790.2338256835938,549.6415405273438,0,0,23.86155891418457,0.0010999999940395355,0.02200000174343586,0.03299999609589577,0.04399999603629112,5655.8173828125,114276.53125,0.0429663360118866,0,3.1392715754918754e-05,465.2154235839844,0,0.0002616529818624258,2.8350639695418067e-05,0,0,23.700000762939453,0,0,1600,0,50,0,0,0,50,50,1400,0.0,0.0,0.0,0.0
256,158.2025146484375,309.04925537109375,326.0521240234375,326.00482177734375,292.0462341308594,292.0933837890625,16515.818359375,33031.63671875,68.98051452636719,68.9806137084961,1793.751220703125,3576.773681640625,1793.5189208984375,3577.310302734375,284.5317077636719,61.94877624511719,-3.943888259527739e-06,0,0,2574.655029296875,1291.5118408203125,0,23.860441207885742,2713.031005859375,11.832040786743164,11.837663650512695,907.88134765625,1810.729248046875,50.00080871582031,50.01248550415039,100,0,0,346.37664794921875,0,7.924896240234375,20.32453727722168,20.37183952331543,0,1.034000039100647,0.9067617654800415,50,2.799999952316284,2.29319167137146,0,0,0,0,0.0,0,0,0,0.0012464378960430622,-0.001246996340341866,0,-5.584559517046728e-07,100.29683685302734,100.2968978881836,790.233642578125,790.2337036132812,790.2337036132812,549.6414794921875,0,0,23.860441207885742,0.0010999999940395355,0.02200000174343586,0.03299999609589577,0.04399999603629112,5655.8173828125,114276.53125,0.0429663360118866,0,3.1392715754918754e-05,467.0362243652344,0,0.0002616529818624258,2.8350639695418067e-05,0,0,23.700000762939453,0,0,1600,0,50,0,0,0,50,50,1400,0.0,0.0,0.0,0.0
257,158.20269775390625,309.04925537109375,326.0521240234375,326.00482177734375,292.0462341308594,292.0934143066406,16515.818359375,33031.63671875,68.98052978515625,68.98062133789062,1793.7471923828125,3576.77490234375,1793.5206298828125,3577.30859375,284.5318298339844,61.94906997680664,-1.749229909364658e-06,0,0,2574.654296875,1291.5118408203125,0,23.85800552368164,2713.030517578125,11.832052230834961,11.837650299072266,907.8812255859375,1810.7266845703125,50.00096130371094,50.01232147216797,100,0,0,346.3767395019531,0,7.924896240234375,20.32460594177246,20.37190818786621,0,1.034000039100647,0.9067617654800415,50,2.799999952316284,2.293192148208618,0,0,0,0,0.0,0,0,0,0.0012464378960430622,-0.0012468695640563965,0,-4.3167966623514076e-07,100.29683685302734,100.296875,790.2335815429688,790.2335815429688,790.2335815429688,549.6414184570312,0,0,23.85800552368164,0.0010999999940395355,0.02200000174343586,0.03299999609589577,0.04399999603629112,5655.8173828125,114276.53125,0.0429663360118866,0,3.1392715754918754e-05,468.8570251464844,0,0.0002616529818624258,2.8350639695418067e-05,0,0,23.700000762939453,0,0,1600,0,50,0,0,0,50,50,1400,0.0,0.0,0.0,0.0
258,158.20286560058594,309.0492858886719,326.0521240234375,326.00482177734375,292.0462646484375,292.09344482421875,16515.818359375,33031.63671875,68.98053741455078,68.98062896728516,1793.742431640625,3576.775390625,1793.5201416015625,3577.30908203125,284.5319519042969,61.949371337890625,1.6074437780844164e-06,0,0,2574.65380859375,1291.511962890625,0,23.855546951293945,2713.0302734375,11.83206558227539,11.837636947631836,907.8822021484375,1810.729248046875,50.00111389160156,50.01217269897461,100,0,0,346.3768310546875,0,7.924896240234375,20.32470703125,20.37200927734375,0,1.034000039100647,0.9067617654800415,50,2.799999952316284,2.2931923866271973,0,0,0,0,0.0,0,0,0,0.0012459727004170418,-0.0012468695640563965,0,-8.969101941147528e-07,100.29680633544922,100.29686737060547,790.2335205078125,790.2335815429688,790.2335815429688,549.6414184570312,0,0,23.855546951293945,0.0010999999940395355,0.02200000174343586,0.03299999609589577,0.04399999603629112,5655.8173828125,114276.53125,0.0429663360118866,0,3.1392715754918754e-05,470.6778259277344,0,0.0002616529818624258,2.8350639695418067e-05,0,0,23.700000762939453,0,0,1600,0,50,0,0,0,50,50,1400,0.0,0.0,0.0,0.0
259,158.20303344726562,309.0492858886719,326.0521240234375,326.00482177734375,292.0462646484375,292.09344482421875,16515.818359375,33031.63671875,68.98054504394531,68.98063659667969,1793.73876953125,3576.775634765625,1793.5216064453125,3577.307373046875,284.53204345703125,61.949668884277344,4.383109626360238e-06,0,0,2574.6533203125,1291.5120849609375,0,23.855770111083984,2713.029541015625,11.832076072692871,11.837624549865723,907.880859375,1810.7291259765625,50.00127410888672,50.01201248168945,100,0,0,346.37689208984375,0,7.924896240234375,20.32477569580078,20.37207794189453,0,1.034000039100647,0.9067617654800415,50,2.799999952316284,2.2931931018829346,0,0,0,0,0.0,0,0,0,0.0012459727004170418,-0.0012467426713556051,0,-7.700058404225274e-07,100.2967758178711,100.29683685302734,790.2333984375,790.2334594726562,790.2334594726562,549.641357421875,0,0,23.855770111083984,0.0010999999940395355,0.02200000174343586,0.03299999609589577,0.04399999603629112,5655.8173828125,114276.53125,0.0429663360118866,0,3.1392715754918754e-05,472.4986267089844,0,0.0002616529818624258,2.8350639695418067e-05,0,0,23.700000762939453,0,0,1600,0,50,0,0,0,50,50,1400,0.0,0.0,0.0,0.0
260,158.2032012939453,309.0492858886719,326.0521240234375,326.00482177734375,292.0462646484375,292.09344482421875,16515.818359375,33031.63671875,68.98055267333984,68.98065185546875,1793.7340087890625,3576.77734375,1793.52099609375,3577.307861328125,284.5321960449219,61.949954986572266,-5.21998254043865e-06,0,0,2574.653076171875,1291.5120849609375,0,23.857379913330078,2713.028564453125,11.832087516784668,11.83761215209961,907.8805541992188,1810.729248046875,50.00139236450195,50.011878967285156,100,0,0,346.3769836425781,0,7.924896240234375,20.32487678527832,20.37217903137207,0,1.034000039100647,0.9067617654800415,50,2.799999952316284,2.293193817138672,0,0,0,0,0.0,0,0,0,0.0012459727004170418,-0.0012466158950701356,0,-6.432295549529954e-07,100.2967529296875,100.29680633544922,790.2332153320312,790.2333374023438,790.2333374023438,549.6412963867188,0,0,23.857379913330078,0.0010999999940395355,0.02200000174343586,0.03299999609589577,0.04399999603629112,5655.8173828125,114276.53125,0.0429663360118866,0,3.1392715754918754e-05,474.3194274902344,0,0.0002616529818624258,2.8350639695418067e-05,0,0,23.700000762939453,0,0,1600,0,50,0,0,0,50,50,1400,0.0,0.0,0.0,0.0
261,158.203369140625,309.0492858886719,326.0521240234375,326.00482177734375,292.0462646484375,292.09344482421875,16515.818359375,33031.63671875,68.98056030273438,68.98065948486328,1793.72998046875,3576.777587890625,1793.5225830078125,3577.306640625,284.53228759765625,61.95024108886719,-4.187340437056264e-06,0,0,2574.65234375,1291.5120849609375,0,23.856306076049805,2713.0283203125,11.832098007202148,11.83759880065918,907.8804931640625,1810.7266845703125,50.00153350830078,50.01172637939453,100,0,0,346.3770751953125,0,7.924896240234375,20.3249454498291,20.37224769592285,0,1.034000039100647,0.9067617654800415,50,2.799999952316284,2.293194055557251,0,0,0,0,0.0,0,0,0,0.0012459727004170418,-0.0012465525651350617,0,-5.798414122182294e-07,100.2967529296875,100.29679107666016,790.2332153320312,790.2332153320312,790.2332153320312,549.6412353515625,0,0,23.856306076049805,0.0010999999940395355,0.02200000174343586,0.03299999609589577,0.04399999603629112,5655.8173828125,114276.53125,0.0429663360118866,0,3.1392715754918754e-05,476.1402282714844,0,0.0002616529818624258,2.8350639695418067e-05,0,0,23.700000762939453,0,0,1600,0,50,0,0,0,50,50,1400,0.0,0.0,0.0,0.0
262,158.2035369873047,309.04931640625,326.0521240234375,326.00482177734375,292.0463562011719,292.0934753417969,16515.818359375,33031.63671875,68.98057556152344,68.98066711425781,1793.725830078125,3576.779296875,1793.522216796875,3577.306640625,284.53240966796875,61.95053482055664,-1.992681973206345e-06,0,0,2574.65185546875,1291.5123291015625,0,23.853870391845703,2713.0283203125,11.832108497619629,11.837586402893066,907.8801879882812,1810.7266845703125,50.00165557861328,50.011573791503906,100,0,0,346.3771667480469,0,7.924896240234375,20.32504653930664,20.37234878540039,0,1.034000039100647,0.9067617654800415,50,2.799999952316284,2.293194055557251,0,0,0,0,0.0,0,0,0,0.0012455073883756995,-0.0012465525651350617,0,-1.0452000651639537e-06,100.29674530029297,100.29679107666016,790.233154296875,790.2332153320312,790.2332153320312,549.6412353515625,0,0,23.853870391845703,0.0010999999940395355,0.02200000174343586,0.03299999609589577,0.04399999603629112,5655.8173828125,114276.53125,0.0429663360118866,0,3.1392715754918754e-05,477.9610290527344,0,0.0002616529818624258,2.8350639695418067e-05,0,0,23.700000762939453,0,0,1600,0,50,0,0,0,50,50,1400,0.0,0.0,0.0,0.0
263,158.20370483398438,309.0493469238281,326.0521240234375,326.0048828125,292.0463562011719,292.0934753417969,16515.818359375,33031.63671875,68.98058319091797,68.98067474365234,1793.721435546875,3576.780517578125,1793.5201416015625,3577.30859375,284.53253173828125,61.95082092285156,-9.600393013897701e-07,0,0,2574.6513671875,1291.5123291015625,0,23.85277557373047,2713.027099609375,11.83211898803711,11.837573051452637,907.8812866210938,1810.7318115234375,50.00178146362305,50.011436462402344,100,0,0,346.37725830078125,0,7.924896240234375,20.32514762878418,20.37238311767578,0,1.034000039100647,0.9067617654800415,50,2.799999952316284,2.2931950092315674,0,0,0,0,0.0,0,0,0,0.0012450419599190354,-0.0012464257888495922,0,-1.3837823189533083e-06,100.29666900634766,100.2967529296875,790.2330322265625,790.2330932617188,790.2330932617188,549.6412353515625,0,0,23.85277557373047,0.0010999999940395355,0.02200000174343586,0.03299999609589577,0.04399999603629112,5655.8173828125,114276.53125,0.0429663360118866,0,3.1392715754918754e-05,479.7818298339844,0,0.0002616529818624258,2.8350639695418067e-05,0,0,23.700000762939453,0,0,1600,0,50,0,0,0,50,50,1400,0.0,0.0,0.0,0.0
264,158.20384216308594,309.0493469238281,326.0521240234375,326.0049133300781,292.0463562011719,292.0934753417969,16515.818359375,33031.63671875,68.98059844970703,68.98068237304688,1793.7166748046875,3576.78173828125,1793.5244140625,3577.3046875,284.5326232910156,61.95109939575195,-1.0894123079197016e-06,0,0,2574.65087890625,1291.5123291015625,0,23.851701736450195,2713.0263671875,11.832130432128906,11.837560653686523,907.8809204101562,1810.7296142578125,50.00190353393555,50.01130294799805,100,0,0,346.3773498535156,0,7.924896240234375,20.32521629333496,20.372417449951172,0,1.034000039100647,0.9067617654800415,50,2.799999952316284,2.2931957244873047,0,0,0,0,0.0,0,0,0,0.0012450419599190354,-0.0012462988961488008,0,-1.2568780221045017e-06,100.29661560058594,100.29672241210938,790.23291015625,790.2329711914062,790.2329711914062,549.6411743164062,0,0,23.851701736450195,0.0010999999940395355,0.02200000174343586,0.03299999609589577,0.04399999603629112,5655.8173828125,114276.53125,0.0429663360118866,0,3.1392715754918754e-05,481.6026306152344,0,0.0002616529818624258,2.8350639695418067e-05,0,0,23.700000762939453,0,0,1600,0,50,0,0,0,50,50,1400,0.0,0.0,0.0,0.0
265,158.20396423339844,309.0493469238281,326.0521240234375,326.0049133300781,292.0463562011719,292.0934753417969,16515.818359375,33031.63671875,68.98060607910156,68.98069763183594,1793.713134765625,3576.782470703125,1793.5247802734375,3577.30419921875,284.5327453613281,61.95137405395508,-1.7997930399360484e-06,0,0,2574.650390625,1291.5123291015625,0,23.852014541625977,2713.025634765625,11.83213996887207,11.837547302246094,907.8809814453125,1810.7293701171875,50.002071380615234,50.011131286621094,100,0,0,346.3774108886719,0,7.924896240234375,20.325284957885742,20.37248420715332,0,1.034000039100647,0.9067617654800415,50,2.799999952316284,2.293196439743042,0,0,0,0,0.0,0,0,0,0.0012450419599190354,-0.0012461721198633313,0,-1.1301017366349697e-06,100.29656982421875,100.29669189453125,790.2327880859375,790.2328491210938,790.2328491210938,549.64111328125,0,0,23.852014541625977,0.0010999999940395355,0.02200000174343586,0.03299999609589577,0.04399999603629112,5655.8173828125,114276.53125,0.0429663360118866,0,3.1392715754918754e-05,483.4234313964844,0,0.0002616529818624258,2.8350639695418067e-05,0,0,23.700000762939453,0,0,1600,0,50,0,0,0,50,50,1400,0.0,0.0,0.0,0.0
266,158.2041015625,309.0493469238281,326.0521240234375,326.0049133300781,292.0463562011719,292.0934753417969,16515.818359375,33031.63671875,68.9806137084961,68.98070526123047,1793.7091064453125,3576.783935546875,1793.5244140625,3577.3046875,284.5328674316406,61.95164489746094,-3.0911812700651353e-06,0,0,2574.650146484375,1291.5123291015625,0,23.85235023498535,2713.02490234375,11.832149505615234,11.83753490447998,907.8807983398438,1810.7294921875,50.00218200683594,50.010990142822266,100,0,0,346.3774719238281,0,7.924896240234375,20.32535171508789,20.3725528717041,0,1.034000039100647,0.9067617654800415,50,2.799999952316284,2.2931969165802,0,0,0,0,0.0,0,0,0,0.0012450419599190354,-0.0012460453435778618,0,-1.0033254511654377e-06,100.29653930664062,100.29666900634766,790.2325439453125,790.2327270507812,790.2327270507812,549.6410522460938,0,0,23.85235023498535,0.0010999999940395355,0.02200000174343586,0.03299999609589577,0.04399999603629112,5655.8173828125,114276.53125,0.0429663360118866,0,3.1392715754918754e-05,485.2442321777344,0,0.0002616529818624258,2.8350639695418067e-05,0,0,23.700000762939453,0,0,1600,0,50,0,0,0,50,50,1400,0.0,0.0,0.0,0.0
267,158.20423889160156,309.0493469238281,326.0521240234375,326.0049133300781,292.04638671875,292.0934753417969,16515.818359375,33031.63671875,68.98062133789062,68.980712890625,1793.7047119140625,3576.78564453125,1793.522216796875,3577.306640625,284.532958984375,61.9519157409668,-4.382569841254735e-06,0,0,2574.64990234375,1291.512451171875,0,23.8499813079834,2713.023681640625,11.832158088684082,11.837522506713867,907.8792114257812,1810.7296142578125,50.00227737426758,50.01085662841797,100,0,0,346.3775329589844,0,7.924896240234375,20.325420379638672,20.37261962890625,0,1.034000039100647,0.9067617654800415,50,2.799999952316284,2.2931978702545166,0,0,0,0,0.0,0,0,0,0.0012450419599190354,-0.0012458550045266747,0,-8.130329547384463e-07,100.29652404785156,100.29662322998047,790.232421875,790.2324829101562,790.2324829101562,549.6409301757812,0,0,23.8499813079834,0.0010999999940395355,0.02200000174343586,0.03299999609589577,0.04399999603629112,5655.8173828125,114276.53125,0.0429663360118866,0,3.1392715754918754e-05,487.0650329589844,0,0.0002616529818624258,2.8350639695418067e-05,0,0,23.700000762939453,0,0,1600,0,50,0,0,0,50,50,1400,0.0,0.0,0.0,0.0
268,158.20437622070312,309.0493469238281,326.0521240234375,326.0049133300781,292.04638671875,292.0934753417969,16515.818359375,33031.63671875,68.98062896728516,68.98072052001953,1793.7005615234375,3576.786865234375,1793.521728515625,3577.30712890625,284.5330505371094,61.952186584472656,4.961776539857965e-06,0,0,2574.649169921875,1291.512451171875,0,23.850317001342773,2713.02294921875,11.832167625427246,11.837509155273438,907.8790283203125,1810.729736328125,50.00238800048828,50.01071548461914,100,0,0,346.3775939941406,0,7.924896240234375,20.32548713684082,20.37268829345703,0,1.034000039100647,0.9067617654800415,50,2.799999952316284,2.293198585510254,0,0,0,0,0.0,0,0,0,0.0012450419599190354,-0.0012457282282412052,0,-6.862566692689143e-07,100.2965087890625,100.29659271240234,790.2322998046875,790.2323608398438,790.2323608398438,549.640869140625,0,0,23.850317001342773,0.0010999999940395355,0.02200000174343586,0.03299999609589577,0.04399999603629112,5655.8173828125,114276.53125,0.0429663360118866,0,3.1392715754918754e-05,488.8858337402344,0,0.0002616529818624258,2.8350639695418067e-05,0,0,23.700000762939453,0,0,1600,0,50,0,0,0,50,50,1400,0.0,0.0,0.0,0.0
269,158.2045135498047,309.0493469238281,326.0521240234375,326.0049133300781,292.04638671875,292.093505859375,16515.818359375,33031.63671875,68.98063659667969,68.98072814941406,1793.69677734375,3576.7880859375,1793.523193359375,3577.305908203125,284.5331726074219,61.95245361328125,3.089380470555625e-06,0,0,2574.648681640625,1291.512451171875,0,23.847946166992188,2713.022216796875,11.83217716217041,11.837496757507324,907.8788452148438,1810.7271728515625,50.00251770019531,50.01056671142578,100,0,0,346.377685546875,0,7.924896240234375,20.3255558013916,20.37275505065918,0,1.034000039100647,0.9067617654800415,50,2.799999952316284,2.293199300765991,0,0,0,0,0.0,0,0,0,0.0012450419599190354,-0.0012456013355404139,0,-5.593523155766889e-07,100.29650115966797,100.29656982421875,790.232177734375,790.2322387695312,790.2322387695312,549.6408081054688,0,0,23.847946166992188,0.0010999999940395355,0.02200000174343586,0.03299999609589577,0.04399999603629112,5655.8173828125,114276.53125,0.0429663360118866,0,3.1392715754918754e-05,490.7066345214844,0,0.0002616529818624258,2.8350639695418067e-05,0,0,23.700000762939453,0,0,1600,0,50,0,0,0,50,50,1400,0.0,0.0,0.0,0.0
270,158.2046356201172,309.0493469238281,326.0521240234375,326.0049133300781,292.04638671875,292.093505859375,16515.818359375,33031.63671875,68.98065185546875,68.9807357788086,1793.692626953125,3576.78955078125,1793.52294921875,3577.305908203125,284.53326416015625,61.952720642089844,1.2169840601927717e-06,0,0,2574.648681640625,1291.512451171875,0,23.846940994262695,2713.021484375,11.832186698913574,11.837483406066895,907.878662109375,1810.7271728515625,50.002628326416016,50.01042175292969,100,0,0,346.37774658203125,0,7.924896240234375,20.32562255859375,20.37282371520996,0,1.034000039100647,0.9067617654800415,50,2.799999952316284,2.2932000160217285,0,0,0,0,0.0,0,0,0,0.0012450419599190354,-0.0012454745592549443,0,-4.3257605852886627e-07,100.29650115966797,100.29653930664062,790.2321166992188,790.2321166992188,790.2321166992188,549.6407470703125,0,0,23.846940994262695,0.0010999999940395355,0.02200000174343586,0.03299999609589577,0.04399999603629112,5655.8173828125,114276.53125,0.0429663360118866,0,3.1392715754918754e-05,492.5274353027344,0,0.0002616529818624258,2.8350639695418067e-05,0,0,23.700000762939453,0,0,1600,0,50,0,0,0,50,50,1400,0.0,0.0,0.0,0.0
271,158.20477294921875,309.0493469238281,326.0521240234375,326.0049133300781,292.0464172363281,292.093505859375,16515.818359375,33031.63671875,68.98065948486328,68.98074340820312,1793.6885986328125,3576.7919921875,1793.520751953125,3577.30810546875,284.53338623046875,61.9529914855957,-7.440443283712739e-08,0,0,2574.648193359375,1291.5125732421875,0,23.847299575805664,2713.021484375,11.832194328308105,11.837471008300781,907.8771362304688,1810.7275390625,50.00270080566406,50.01028060913086,100,0,0,346.3778076171875,0,7.924896240234375,20.32569122314453,20.372892379760742,0,1.034000039100647,0.9067617654800415,50,2.799999952316284,2.2932000160217285,0,0,0,0,0.0,0,0,0,0.0012450419599190354,-0.0012454745592549443,0,-4.3257605852886627e-07,100.29650115966797,100.29653930664062,790.2321166992188,790.2321166992188,790.2321166992188,549.6407470703125,0,0,23.847299575805664,0.0010999999940395355,0.02200000174343586,0.03299999609589577,0.04399999603629112,5655.8173828125,114276.53125,0.0429663360118866,0,3.1392715754918754e-05,494.3482360839844,0,0.0002616529818624258,2.8350639695418067e-05,0,0,23.700000762939453,0,0,1600,0,50,0,0,0,50,50,1400,0.0,0.0,0.0,0.0
272,158.2049102783203,309.0493469238281,326.0521240234375,326.0049133300781,292.0464172363281,292.093505859375,16515.818359375,33031.63671875,68.98066711425781,68.98075103759766,1793.684814453125,3576.79443359375,1793.5203857421875,3577.30859375,284.5334777832031,61.9532585144043,-1.946800693986006e-06,0,0,2574.647705078125,1291.5125732421875,0,23.844928741455078,2713.021484375,11.83220386505127,11.837458610534668,907.8768310546875,1810.7276611328125,50.002803802490234,50.0101318359375,100,0,0,346.37786865234375,0,7.924896240234375,20.32575798034668,20.37295913696289,0,1.034000039100647,0.9067617654800415,50,2.799999952316284,2.2932000160217285,0,0,0,0,0.0,0,0,0,0.0012450419599190354,-0.0012454745592549443,0,-4.3257605852886627e-07,100.29650115966797,100.29653930664062,790.2321166992188,790.2321166992188,790.2321166992188,549.6407470703125,0,0,23.844928741455078,0.0010999999940395355,0.02200000174343586,0.03299999609589577,0.04399999603629112,5655.8173828125,114276.53125,0.0429663360118866,0,3.1392715754918754e-05,496.1690368652344,0,0.0002616529818624258,2.8350639695418067e-05,0,0,23.700000762939453,0,0,1600,0,50,0,0,0,50,50,1400,0.0,0.0,0.0,0.0
273,158.20504760742188,309.04937744140625,326.0521240234375,326.0049133300781,292.0464782714844,292.0935363769531,16515.818359375,33031.63671875,68.98066711425781,68.98075103759766,1793.6810302734375,3576.797119140625,1793.52490234375,3577.30419921875,284.5335998535156,61.95353317260742,-2.6571815396891907e-06,0,0,2574.647216796875,1291.5128173828125,0,23.843923568725586,2713.021484375,11.832212448120117,11.837444305419922,907.876708984375,1810.7252197265625,50.00291442871094,50.00996398925781,100,0,0,346.3779602050781,0,7.924896240234375,20.32582664489746,20.373027801513672,0,1.034000039100647,0.9067617654800415,50,2.799999952316284,2.2932000160217285,0,0,0,0,0.0,0,0,0,0.0012445766478776932,-0.0012454745592549443,0,-8.979346830528812e-07,100.29650115966797,100.29653930664062,790.2321166992188,790.2321166992188,790.2321166992188,549.6407470703125,0,0,23.843923568725586,0.0010999999940395355,0.02200000174343586,0.03299999609589577,0.04399999603629112,5655.8173828125,114276.53125,0.0429663360118866,0,3.1392715754918754e-05,497.9898376464844,0,0.0002616529818624258,2.8350639695418067e-05,0,0,23.700000762939453,0,0,1600,0,50,0,0,0,50,50,1400,0.0,0.0,0.0,0.0
274,158.20518493652344,309.0494079589844,326.0521240234375,326.00494384765625,292.0464782714844,292.0935363769531,16515.818359375,33031.63671875,68.98067474365234,68.98075866699219,1793.67724609375,3576.79833984375,1793.525146484375,3577.3037109375,284.5337219238281,61.95380783081055,-3.3675621580187e-06,0,0,2574.646728515625,1291.5126953125,0,23.8428955078125,2713.0205078125,11.832220077514648,11.837432861328125,907.8792724609375,1810.7301025390625,50.003055572509766,50.00981521606445,100,0,0,346.3780212402344,0,7.924896240234375,20.325895309448242,20.37306022644043,0,1.034000039100647,0.9067617654800415,50,2.799999952316284,2.2932004928588867,0,0,0,0,0.0,0,0,0,0.001244111335836351,-0.0012454111129045486,0,-1.2997770681977272e-06,100.29642486572266,100.2965087890625,790.23193359375,790.2319946289062,790.2319946289062,549.6407470703125,0,0,23.8428955078125,0.0010999999940395355,0.02200000174343586,0.03299999609589577,0.04399999603629112,5655.8173828125,114276.53125,0.0429663360118866,0,3.1392715754918754e-05,499.8106384277344,0,0.0002616529818624258,2.8350639695418067e-05,0,0,23.700000762939453,0,0,1600,0,50,0,0,0,50,50,1400,0.0,0.0,0.0,0.0
275,158.205322265625,309.0494079589844,326.0521240234375,326.00494384765625,292.0464782714844,292.0935363769531,16515.818359375,33031.63671875,68.98068237304688,68.98077392578125,1793.673828125,3576.80029296875,1793.523193359375,3577.305908203125,284.5338134765625,61.95407485961914,-5.239958682068391e-06,0,0,2574.646728515625,1291.512939453125,0,23.841867446899414,2713.02001953125,11.832226753234863,11.837419509887695,907.8778076171875,1810.730224609375,50.00313949584961,50.00967025756836,100,0,0,346.3780822753906,0,7.924896240234375,20.32596206665039,20.37312889099121,0,1.034000039100647,0.9067617654800415,50,2.799999952316284,2.293201208114624,0,0,0,0,0.0,0,0,0,0.001244111335836351,-0.0012452843366190791,0,-1.1730007827281952e-06,100.29637145996094,100.2964859008789,790.2318115234375,790.2318725585938,790.2318725585938,549.640625,0,0,23.841867446899414,0.0010999999940395355,0.02200000174343586,0.03299999609589577,0.04399999603629112,5655.8173828125,114276.53125,0.0429663360118866,0,3.1392715754918754e-05,501.6314392089844,0,0.0002616529818624258,2.8350639695418067e-05,0,0,23.700000762939453,0,0,1600,0,50,0,0,0,50,50,1400,0.0,0.0,0.0,0.0
276,158.2054443359375,309.0494079589844,326.0521240234375,326.00494384765625,292.0464782714844,292.0935363769531,16515.818359375,33031.63671875,68.98069763183594,68.98078155517578,1793.6697998046875,3576.803466796875,1793.5225830078125,3577.306640625,284.5339050292969,61.95433044433594,1.7803572518459987e-06,0,0,2574.646240234375,1291.512939453125,0,23.843589782714844,2713.01904296875,11.832235336303711,11.837406158447266,907.8775024414062,1810.73046875,50.00321578979492,50.009525299072266,100,0,0,346.3781433105469,0,7.924896240234375,20.326030731201172,20.373197555541992,0,1.034000039100647,0.9067617654800415,50,2.799999952316284,2.2932019233703613,0,0,0,0,0.0,0,0,0,0.001244111335836351,-0.0012451574439182878,0,-1.0460964858793886e-06,100.29634857177734,100.29645538330078,790.231689453125,790.2317504882812,790.2317504882812,549.6405639648438,0,0,23.843589782714844,0.0010999999940395355,0.02200000174343586,0.03299999609589577,0.04399999603629112,5655.8173828125,114276.53125,0.0429663360118866,0,3.1392715754918754e-05,503.4522399902344,0,0.0002616529818624258,2.8350639695418067e-05,0,0,23.700000762939453,0,0,1600,0,50,0,0,0,50,50,1400,0.0,0.0,0.0,0.0
277,158.20558166503906,309.0494079589844,326.0521240234375,326.00494384765625,292.0464782714844,292.0935363769531,16515.818359375,33031.63671875,68.98070526123047,68.98078918457031,1793.666015625,3576.806396484375,1793.522216796875,3577.306640625,284.5340270996094,61.954593658447266,-6.7304688400327e-07,0,0,2574.6455078125,1291.512939453125,0,23.841264724731445,2713.018310546875,11.832242965698242,11.837392807006836,907.8773193359375,1810.73046875,50.00331115722656,50.00938415527344,100,0,0,346.3782043457031,0,7.924896240234375,20.32609748840332,20.37326431274414,0,1.034000039100647,0.9067617654800415,50,2.799999952316284,2.2932026386260986,0,0,0,0,0.0,0,0,0,0.001244111335836351,-0.0012450306676328182,0,-9.193201435664378e-07,100.29631805419922,100.29642486572266,790.2315673828125,790.2316284179688,790.2316284179688,549.6405029296875,0,0,23.841264724731445,0.0010999999940395355,0.02200000174343586,0.03299999609589577,0.04399999603629112,5655.8173828125,114276.53125,0.0429663360118866,0,3.1392715754918754e-05,505.2730407714844,0,0.0002616529818624258,2.8350639695418067e-05,0,0,23.700000762939453,0,0,1600,0,50,0,0,0,50,50,1400,0.0,0.0,0.0,0.0
278,158.20571899414062,309.0494079589844,326.0521240234375,326.00494384765625,292.0464782714844,292.0935363769531,16515.818359375,33031.63671875,68.980712890625,68.98079681396484,1793.6627197265625,3576.808837890625,1793.5235595703125,3577.305419921875,284.53411865234375,61.95484924316406,-4.288466698199045e-06,0,0,2574.645263671875,1291.512939453125,0,23.840280532836914,2713.017578125,11.832250595092773,11.837380409240723,907.877197265625,1810.7281494140625,50.003414154052734,50.00923156738281,100,0,0,346.3782958984375,0,7.924896240234375,20.3261661529541,20.373332977294922,0,1.034000039100647,0.9067617654800415,50,2.799999952316284,2.293203115463257,0,0,0,0,0.0,0,0,0,0.001244111335836351,-0.0012449038913473487,0,-7.925438580969058e-07,100.29629516601562,100.29640197753906,790.2313842773438,790.2315063476562,790.2315063476562,549.6404418945312,0,0,23.840280532836914,0.0010999999940395355,0.02200000174343586,0.03299999609589577,0.04399999603629112,5655.8173828125,114276.53125,0.0429663360118866,0,3.1392715754918754e-05,507.0938415527344,0,0.0002616529818624258,2.8350639695418067e-05,0,0,23.700000762939453,0,0,1600,0,50,0,0,0,50,50,1400,0.0,0.0,0.0,0.0
279,158.2058563232422,309.0494079589844,326.0521240234375,326.00494384765625,292.0464782714844,292.0935363769531,16515.818359375,33031.63671875,68.98072052001953,68.98080444335938,1793.658935546875,3576.810791015625,1793.5233154296875,3577.305908203125,284.5342102050781,61.95511245727539,3.8938642319408245e-06,0,0,2574.644775390625,1291.512939453125,0,23.839319229125977,2713.016845703125,11.832257270812988,11.83736801147461,907.876953125,1810.728271484375,50.003501892089844,50.00908660888672,100,0,0,346.37835693359375,0,7.924896240234375,20.32623291015625,20.37339973449707,0,1.034000039100647,0.9067617654800415,50,2.799999952316284,2.293203830718994,0,0,0,0,0.0,0,0,0,0.001244111335836351,-0.0012447769986465573,0,-6.656395044046803e-07,100.2962875366211,100.29637145996094,790.2312622070312,790.2313232421875,790.2313232421875,549.640380859375,0,0,23.839319229125977,0.0010999999940395355,0.02200000174343586,0.03299999609589577,0.04399999603629112,5655.8173828125,114276.53125,0.0429663360118866,0,3.1392715754918754e-05,508.9146423339844,0,0.0002616529818624258,2.8350639695418067e-05,0,0,23.700000762939453,0,0,1600,0,50,0,0,0,50,50,1400,0.0,0.0,0.0,0.0
280,158.20599365234375,309.0494079589844,326.0521240234375,326.00494384765625,292.0465087890625,292.0935363769531,16515.818359375,33031.63671875,68.98072814941406,68.9808120727539,1793.6549072265625,3576.8134765625,1793.5211181640625,3577.307861328125,284.5343322753906,61.95536422729492,-3.025627961505961e-07,0,0,2574.64453125,1291.51318359375,0,23.839698791503906,2713.01611328125,11.832263946533203,11.83735466003418,907.87548828125,1810.728515625,50.00356674194336,50.00895309448242,100,0,0,346.37841796875,0,7.924896240234375,20.32630157470703,20.37346839904785,0,1.034000039100647,0.9067617654800415,50,2.799999952316284,2.2932045459747314,0,0,0,0,0.0,0,0,0,0.001244111335836351,-0.0012446502223610878,0,-5.388632189351483e-07,100.2962875366211,100.29634094238281,790.2311401367188,790.231201171875,790.231201171875,549.6403198242188,0,0,23.839698791503906,0.0010999999940395355,0.02200000174343586,0.03299999609589577,0.04399999603629112,5655.8173828125,114276.53125,0.0429663360118866,0,3.1392715754918754e-05,510.7354431152344,0,0.0002616529818624258,2.8350639695418067e-05,0,0,23.700000762939453,0,0,1600,0,50,0,0,0,50,50,1400,0.0,0.0,0.0,0.0
281,158.2061309814453,309.0494079589844,326.0521240234375,326.00494384765625,292.0465087890625,292.0935363769531,16515.818359375,33031.63671875,68.9807357788086,68.98081970214844,1793.6514892578125,3576.81640625,1793.520751953125,3577.30810546875,284.534423828125,61.955623626708984,-3.336974714329699e-06,0,0,2574.644287109375,1291.51318359375,0,23.838760375976562,2713.015625,11.832271575927734,11.837342262268066,907.875244140625,1810.7286376953125,50.00364303588867,50.008811950683594,100,0,0,346.37847900390625,0,7.924896240234375,20.32636833190918,20.37353515625,0,1.034000039100647,0.9067617654800415,50,2.799999952316284,2.2932047843933105,0,0,0,0,0.0,0,0,0,0.001244111335836351,-0.001244586892426014,0,-4.7547510462209175e-07,100.2962875366211,100.29632568359375,790.2311401367188,790.2311401367188,790.2311401367188,549.6402587890625,0,0,23.838760375976562,0.0010999999940395355,0.02200000174343586,0.03299999609589577,0.04399999603629112,5655.8173828125,114276.53125,0.0429663360118866,0,3.1392715754918754e-05,512.5562744140625,0,0.0002616529818624258,2.8350639695418067e-05,0,0,23.700000762939453,0,0,1600,0,50,0,0,0,50,50,1400,0.0,0.0,0.0,0.0
282,158.2062530517578,309.0494079589844,326.0521240234375,326.00494384765625,292.0465087890625,292.09356689453125,16515.818359375,33031.63671875,68.98074340820312,68.98081970214844,1793.6485595703125,3576.819091796875,1793.525390625,3577.303466796875,284.5345153808594,61.955875396728516,3.102333039350924e-06,0,0,2574.6435546875,1291.5133056640625,0,23.839139938354492,2713.015625,11.832277297973633,11.837328910827637,907.8751831054688,1810.7261962890625,50.003726959228516,50.00865173339844,100,0,0,346.3785705566406,0,7.924896240234375,20.32643699645996,20.37360382080078,0,1.034000039100647,0.9067617654800415,50,2.799999952316284,2.2932047843933105,0,0,0,0,0.0,0,0,0,0.001244111335836351,-0.001244586892426014,0,-4.7547510462209175e-07,100.2962875366211,100.29632568359375,790.2311401367188,790.2311401367188,790.2311401367188,549.6402587890625,0,0,23.839139938354492,0.0010999999940395355,0.02200000174343586,0.03299999609589577,0.04399999603629112,5655.8173828125,114276.53125,0.0429663360118866,0,3.1392715754918754e-05,514.3770751953125,0,0.0002616529818624258,2.8350639695418067e-05,0,0,23.700000762939453,0,0,1600,0,50,0,0,0,50,50,1400,0.0,0.0,0.0,0.0
283,158.20639038085938,309.0494079589844,326.0521240234375,326.00494384765625,292.0465087890625,292.09356689453125,16515.818359375,33031.63671875,68.98074340820312,68.98081970214844,1793.6451416015625,3576.821533203125,1793.525390625,3577.303466796875,284.5346374511719,61.95613098144531,-5.130864337843377e-07,0,0,2574.643310546875,1291.5133056640625,0,23.836837768554688,2713.015625,11.832283973693848,11.83731746673584,907.8751831054688,1810.7261962890625,50.00384521484375,50.00849914550781,100,0,0,346.378662109375,0,7.924896240234375,20.3265380859375,20.37370491027832,0,1.034000039100647,0.9067617654800415,50,2.799999952316284,2.2932047843933105,0,0,0,0,0.0,0,0,0,0.001244111335836351,-0.001244586892426014,0,-4.7547510462209175e-07,100.2962875366211,100.29632568359375,790.2311401367188,790.2311401367188,790.2311401367188,549.6402587890625,0,0,23.836837768554688,0.0010999999940395355,0.02200000174343586,0.03299999609589577,0.04399999603629112,5655.8173828125,114276.53125,0.0429663360118866,0,3.1392715754918754e-05,516.1978759765625,0,0.0002616529818624258,2.8350639695418067e-05,0,0,23.700000762939453,0,0,1600,0,50,0,0,0,50,50,1400,0.0,0.0,0.0,0.0
284,158.20652770996094,309.0494079589844,326.0521240234375,326.00494384765625,292.0465393066406,292.09356689453125,16515.818359375,33031.63671875,68.98074340820312,68.98081970214844,1793.6417236328125,3576.823974609375,1793.52490234375,3577.3037109375,284.53472900390625,61.95638656616211,-4.128505679545924e-06,0,0,2574.64306640625,1291.5133056640625,0,23.83451271057129,2713.015625,11.832289695739746,11.837306022644043,907.875,1810.726318359375,50.003910064697266,50.00836181640625,100,0,0,346.37872314453125,0,7.924896240234375,20.32660675048828,20.3737735748291,0,1.034000039100647,0.9067617654800415,50,2.799999952316284,2.2932047843933105,0,0,0,0,0.0,0,0,0,0.001244111335836351,-0.001244586892426014,0,-4.7547510462209175e-07,100.2962875366211,100.29632568359375,790.2311401367188,790.2311401367188,790.2311401367188,549.6402587890625,0,0,23.83451271057129,0.0010999999940395355,0.02200000174343586,0.03299999609589577,0.04399999603629112,5655.8173828125,114276.53125,0.0429663360118866,0,3.1392715754918754e-05,518.0186767578125,0,0.0002616529818624258,2.8350639695418067e-05,0,0,23.700000762939453,0,0,1600,0,50,0,0,0,50,50,1400,0.0,0.0,0.0,0.0
285,158.2066650390625,309.0494079589844,326.0521240234375,326.00494384765625,292.0465393066406,292.09356689453125,16515.818359375,33031.63671875,68.98075103759766,68.98082733154297,1793.63916015625,3576.826416015625,1793.52490234375,3577.3037109375,284.5348205566406,61.956642150878906,2.8918093448737636e-06,0,0,2574.642578125,1291.5133056640625,0,23.834917068481445,2713.015625,11.832295417785645,11.837294578552246,907.8749389648438,1810.726318359375,50.00400924682617,50.008209228515625,100,0,0,346.3787841796875,0,7.924896240234375,20.32667350769043,20.37384033203125,0,1.034000039100647,0.9067617654800415,50,2.799999952316284,2.2932047843933105,0,0,0,0,0.0,0,0,0,0.001244111335836351,-0.001244586892426014,0,-4.7547510462209175e-07,100.2962875366211,100.29632568359375,790.2311401367188,790.2311401367188,790.2311401367188,549.6402587890625,0,0,23.834917068481445,0.0010999999940395355,0.02200000174343586,0.03299999609589577,0.04399999603629112,5655.8173828125,114276.53125,0.0429663360118866,0,3.1392715754918754e-05,519.8394775390625,0,0.0002616529818624258,2.8350639695418067e-05,0,0,23.700000762939453,0,0,1600,0,50,0,0,0,50,50,1400,0.0,0.0,0.0,0.0
286,158.20680236816406,309.0494384765625,326.0521240234375,326.00494384765625,292.04656982421875,292.0936279296875,16515.818359375,33031.63671875,68.98075103759766,68.98082733154297,1793.6361083984375,3576.8291015625,1793.5245361328125,3577.30419921875,284.5349426269531,61.956905364990234,4.384054363981704e-07,0,0,2574.64208984375,1291.5135498046875,0,23.832592010498047,2713.015625,11.832301139831543,11.83728313446045,907.8748168945312,1810.7264404296875,50.00407409667969,50.00807571411133,100,0,0,346.3788757324219,0,7.924896240234375,20.32674217224121,20.37390899658203,0,1.034000039100647,0.9067617654800415,50,2.799999952316284,2.2932047843933105,0,0,0,0,0.0,0,0,0,0.0012436460237950087,-0.001244586892426014,0,-9.408337291461066e-07,100.2962875366211,100.29632568359375,790.2311401367188,790.2311401367188,790.2311401367188,549.6402587890625,0,0,23.832592010498047,0.0010999999940395355,0.02200000174343586,0.03299999609589577,0.04399999603629112,5655.8173828125,114276.53125,0.0429663360118866,0,3.1392715754918754e-05,521.6602783203125,0,0.0002616529818624258,2.8350639695418067e-05,0,0,23.700000762939453,0,0,1600,0,50,0,0,0,50,50,1400,0.0,0.0,0.0,0.0
287,158.20693969726562,309.04949951171875,326.0521240234375,326.0050354003906,292.046630859375,292.0936279296875,16515.818359375,33031.63671875,68.98075866699219,68.9808349609375,1793.632568359375,3576.831787109375,1793.5223388671875,3577.30615234375,284.5350341796875,61.95716094970703,-3.177014150423929e-06,0,0,2574.6416015625,1291.5135498046875,0,23.831607818603516,2713.014892578125,11.832305908203125,11.837270736694336,907.8757934570312,1810.7318115234375,50.004112243652344,50.007957458496094,100,0,0,346.3789367675781,0,7.924896240234375,20.326810836791992,20.37390899658203,0,1.034000039100647,0.9067617654800415,50,2.799999952316284,2.2932052612304688,0,0,0,0,0.0,0,0,0,0.0012431807117536664,-0.0012445234460756183,0,-1.3428041256702272e-06,100.29621124267578,100.29630279541016,790.2310180664062,790.2310791015625,790.2310791015625,549.6402587890625,0,0,23.831607818603516,0.0010999999940395355,0.02200000174343586,0.03299999609589577,0.04399999603629112,5655.8173828125,114276.53125,0.0429663360118866,0,3.1392715754918754e-05,523.4810791015625,0,0.0002616529818624258,2.8350639695418067e-05,0,0,23.700000762939453,0,0,1600,0,50,0,0,0,50,50,1400,0.0,0.0,0.0,0.0
288,158.20706176757812,309.04949951171875,326.0521240234375,326.00506591796875,292.046630859375,292.0936279296875,16515.818359375,33031.63671875,68.98077392578125,68.98084259033203,1793.629150390625,3576.834716796875,1793.525146484375,3577.3037109375,284.5351257324219,61.957420349121094,4.4243092816032e-06,0,0,2574.64111328125,1291.513427734375,0,23.830646514892578,2713.01416015625,11.832311630249023,11.837259292602539,907.8756103515625,1810.73193359375,50.004180908203125,50.00782775878906,100,0,0,346.3789978027344,0,7.924896240234375,20.32687759399414,20.373943328857422,0,1.034000039100647,0.9067617654800415,50,2.799999952316284,2.293205976486206,0,0,0,0,0.0,0,0,0,0.0012431807117536664,-0.001244396553374827,0,-1.2158998288214207e-06,100.29615020751953,100.29627227783203,790.2308959960938,790.23095703125,790.23095703125,549.6401977539062,0,0,23.830646514892578,0.0010999999940395355,0.02200000174343586,0.03299999609589577,0.04399999603629112,5655.8173828125,114276.53125,0.0429663360118866,0,3.1392715754918754e-05,525.3018798828125,0,0.0002616529818624258,2.8350639695418067e-05,0,0,23.700000762939453,0,0,1600,0,50,0,0,0,50,50,1400,0.0,0.0,0.0,0.0
289,158.2071990966797,309.04949951171875,326.0521240234375,326.00506591796875,292.046630859375,292.0936279296875,16515.818359375,33031.63671875,68.98078155517578,68.9808578491211,1793.6253662109375,3576.83837890625,1793.52490234375,3577.30419921875,284.53521728515625,61.957664489746094,-9.341337658952398e-07,0,0,2574.64111328125,1291.513427734375,0,23.8310489654541,2713.013427734375,11.832317352294922,11.837246894836426,907.87548828125,1810.73193359375,50.00425338745117,50.00768280029297,100,0,0,346.3790588378906,0,7.924896240234375,20.326946258544922,20.37401008605957,0,1.034000039100647,0.9067617654800415,50,2.799999952316284,2.2932066917419434,0,0,0,0,0.0,0,0,0,0.0012431807117536664,-0.0012442697770893574,0,-1.0891235433518887e-06,100.29611206054688,100.2962417602539,790.2306518554688,790.2307739257812,790.2307739257812,549.64013671875,0,0,23.8310489654541,0.0010999999940395355,0.02200000174343586,0.03299999609589577,0.04399999603629112,5655.8173828125,114276.53125,0.0429663360118866,0,3.1392715754918754e-05,527.1226806640625,0,0.0002616529818624258,2.8350639695418067e-05,0,0,23.700000762939453,0,0,1600,0,50,0,0,0,50,50,1400,0.0,0.0,0.0,0.0
290,158.20733642578125,309.04949951171875,326.0521240234375,326.00506591796875,292.046630859375,292.0936279296875,16515.818359375,33031.63671875,68.98078918457031,68.98086547851562,1793.6221923828125,3576.84033203125,1793.5263671875,3577.302978515625,284.5353088378906,61.957908630371094,4.343158252595458e-06,0,0,2574.640625,1291.513427734375,0,23.83013343811035,2713.01220703125,11.832322120666504,11.837236404418945,907.875244140625,1810.7296142578125,50.00431442260742,50.007572174072266,100,0,0,346.3791198730469,0,7.924896240234375,20.32701301574707,20.37407875061035,0,1.034000039100647,0.9067617654800415,50,2.799999952316284,2.2932076454162598,0,0,0,0,0.0,0,0,0,0.0012431807117536664,-0.001244079670868814,0,-8.989591151475906e-07,100.29608154296875,100.29620361328125,790.2305297851562,790.2305908203125,790.2305908203125,549.6400146484375,0,0,23.83013343811035,0.0010999999940395355,0.02200000174343586,0.03299999609589577,0.04399999603629112,5655.8173828125,114276.53125,0.0429663360118866,0,3.1392715754918754e-05,528.9434814453125,0,0.0002616529818624258,2.8350639695418067e-05,0,0,23.700000762939453,0,0,1600,0,50,0,0,0,50,50,1400,0.0,0.0,0.0,0.0
291,158.2074737548828,309.04949951171875,326.0521240234375,326.00506591796875,292.046630859375,292.0936279296875,16515.818359375,33031.63671875,68.98079681396484,68.98087310791016,1793.61865234375,3576.843017578125,1793.5244140625,3577.304931640625,284.5354309082031,61.95814514160156,-2.1773000753455563e-06,0,0,2574.639892578125,1291.513671875,0,23.83057975769043,2713.011474609375,11.832327842712402,11.837224960327148,907.8739013671875,1810.7298583984375,50.0043830871582,50.007442474365234,100,0,0,346.37921142578125,0,7.924896240234375,20.32708168029785,20.3741455078125,0,1.034000039100647,0.9067617654800415,50,2.799999952316284,2.293208360671997,0,0,0,0,0.0,0,0,0,0.0012431807117536664,-0.0012439527781680226,0,-7.720547614553652e-07,100.29605102539062,100.29617309570312,790.2304077148438,790.23046875,790.23046875,549.6399536132812,0,0,23.83057975769043,0.0010999999940395355,0.02200000174343586,0.03299999609589577,0.04399999603629112,5655.8173828125,114276.53125,0.0429663360118866,0,3.1392715754918754e-05,530.7642822265625,0,0.0002616529818624258,2.8350639695418067e-05,0,0,23.700000762939453,0,0,1600,0,50,0,0,0,50,50,1400,0.0,0.0,0.0,0.0
292,158.20761108398438,309.04949951171875,326.0521240234375,326.00506591796875,292.046630859375,292.0936279296875,16515.818359375,33031.63671875,68.98080444335938,68.98088073730469,1793.6156005859375,3576.845458984375,1793.52392578125,3577.304931640625,284.5355224609375,61.95838928222656,3.0999919999885606e-06,0,0,2574.6396484375,1291.513671875,0,23.82968521118164,2713.0107421875,11.832332611083984,11.837212562561035,907.8736572265625,1810.72998046875,50.00444030761719,50.00731658935547,100,0,0,346.3792724609375,0,7.924896240234375,20.3271484375,20.37421417236328,0,1.034000039100647,0.9067617654800415,50,2.799999952316284,2.2932090759277344,0,0,0,0,0.0,0,0,0,0.0012431807117536664,-0.001243826001882553,0,-6.452784759858332e-07,100.2960433959961,100.296142578125,790.2302856445312,790.2303466796875,790.2303466796875,549.639892578125,0,0,23.82968521118164,0.0010999999940395355,0.02200000174343586,0.03299999609589577,0.04399999603629112,5655.8173828125,114276.53125,0.0429663360118866,0,3.1392715754918754e-05,532.5850830078125,0,0.0002616529818624258,2.8350639695418067e-05,0,0,23.700000762939453,0,0,1600,0,50,0,0,0,50,50,1400,0.0,0.0,0.0,0.0
293,158.20773315429688,309.04949951171875,326.0521240234375,326.00506591796875,292.046630859375,292.0936279296875,16515.818359375,33031.63671875,68.9808120727539,68.98088836669922,1793.612060546875,3576.8486328125,1793.5235595703125,3577.305419921875,284.5356140136719,61.9586296081543,-2.839458375092363e-06,0,0,2574.63916015625,1291.513671875,0,23.83013343811035,2713.009765625,11.832338333129883,11.837201118469238,907.8734741210938,1810.7301025390625,50.00450897216797,50.00718688964844,100,0,0,346.37933349609375,0,7.924896240234375,20.32721710205078,20.37428092956543,0,1.034000039100647,0.9067617654800415,50,2.799999952316284,2.2932097911834717,0,0,0,0,0.0,0,0,0,0.0012431807117536664,-0.0012436992255970836,0,-5.185021905163012e-07,100.2960433959961,100.29611206054688,790.2301025390625,790.2301635742188,790.2301635742188,549.6398315429688,0,0,23.83013343811035,0.0010999999940395355,0.02200000174343586,0.03299999609589577,0.04399999603629112,5655.8173828125,114276.53125,0.0429663360118866,0,3.1392715754918754e-05,534.4058837890625,0,0.0002616529818624258,2.8350639695418067e-05,0,0,23.700000762939453,0,0,1600,0,50,0,0,0,50,50,1400,0.0,0.0,0.0,0.0
294,158.20787048339844,309.04949951171875,326.0521240234375,326.00506591796875,292.046630859375,292.0936279296875,16515.818359375,33031.63671875,68.98081970214844,68.98089599609375,1793.6092529296875,3576.851806640625,1793.52490234375,3577.30419921875,284.53570556640625,61.958866119384766,1.2758181355820852e-06,0,0,2574.638916015625,1291.513671875,0,23.82923698425293,2713.00927734375,11.832342147827148,11.837189674377441,907.8733520507812,1810.727783203125,50.004554748535156,50.00705337524414,100,0,0,346.37939453125,0,7.924896240234375,20.32728385925293,20.37434959411621,0,1.034000039100647,0.9067617654800415,50,2.799999952316284,2.29321026802063,0,0,0,0,0.0,0,0,0,0.0012431807117536664,-0.0012435722164809704,0,-3.915978652457852e-07,100.2960433959961,100.29608917236328,790.22998046875,790.2300415039062,790.2300415039062,549.6397705078125,0,0,23.82923698425293,0.0010999999940395355,0.02200000174343586,0.03299999609589577,0.04399999603629112,5655.8173828125,114276.53125,0.0429663360118866,0,3.1392715754918754e-05,536.2266845703125,0,0.0002616529818624258,2.8350639695418067e-05,0,0,23.700000762939453,0,0,1600,0,50,0,0,0,50,50,1400,0.0,0.0,0.0,0.0
295,158.2080078125,309.04949951171875,326.0521240234375,326.00506591796875,292.0466613769531,292.0936279296875,16515.818359375,33031.63671875,68.98081970214844,68.98089599609375,1793.606689453125,3576.8544921875,1793.526611328125,3577.302734375,284.53582763671875,61.959110260009766,-4.082624855072936e-06,0,0,2574.638427734375,1291.5137939453125,0,23.826980590820312,2713.0087890625,11.83234691619873,11.837178230285645,907.8720703125,1810.727783203125,50.00464630126953,50.00690841674805,100,0,0,346.3794860839844,0,7.924896240234375,20.32735252380371,20.374418258666992,0,1.034000039100647,0.9067617654800415,50,2.799999952316284,2.293210506439209,0,0,0,0,0.0,0,0,0,0.0012431807117536664,-0.0012435088865458965,0,-3.282097225110192e-07,100.2960433959961,100.29607391357422,790.22998046875,790.22998046875,790.22998046875,549.6397094726562,0,0,23.826980590820312,0.0010999999940395355,0.02200000174343586,0.03299999609589577,0.04399999603629112,5655.8173828125,114276.53125,0.0429663360118866,0,3.1392715754918754e-05,538.0474853515625,0,0.0002616529818624258,2.8350639695418067e-05,0,0,23.700000762939453,0,0,1600,0,50,0,0,0,50,50,1400,0.0,0.0,0.0,0.0
296,158.20814514160156,309.04949951171875,326.0521240234375,326.00506591796875,292.0466613769531,292.0936279296875,16515.818359375,33031.63671875,68.98081970214844,68.98089599609375,1793.6036376953125,3576.858154296875,1793.526123046875,3577.302978515625,284.535888671875,61.95934295654297,-5.483558993546467e-07,0,0,2574.637939453125,1291.5137939453125,0,23.827428817749023,2713.0087890625,11.832350730895996,11.837166786193848,907.8718872070312,1810.72802734375,50.00468444824219,50.006771087646484,100,0,0,346.3795471191406,0,7.924896240234375,20.327421188354492,20.37448501586914,0,1.034000039100647,0.9067617654800415,50,2.799999952316284,2.293210506439209,0,0,0,0,0.0,0,0,0,0.0012431807117536664,-0.0012435088865458965,0,-3.282097225110192e-07,100.2960433959961,100.29607391357422,790.22998046875,790.22998046875,790.22998046875,549.6397094726562,0,0,23.827428817749023,0.0010999999940395355,0.02200000174343586,0.03299999609589577,0.04399999603629112,5655.8173828125,114276.53125,0.0429663360118866,0,3.1392715754918754e-05,539.8682861328125,0,0.0002616529818624258,2.8350639695418067e-05,0,0,23.700000762939453,0,0,1600,0,50,0,0,0,50,50,1400,0.0,0.0,0.0,0.0
297,158.20828247070312,309.04949951171875,326.0521240234375,326.00506591796875,292.0466613769531,292.0936279296875,16515.818359375,33031.63671875,68.98081970214844,68.98089599609375,1793.60107421875,3576.861328125,1793.5260009765625,3577.302978515625,284.5359802246094,61.95958709716797,4.728936346509727e-06,0,0,2574.6376953125,1291.5137939453125,0,23.823829650878906,2713.0087890625,11.832353591918945,11.837154388427734,907.8717651367188,1810.72802734375,50.004722595214844,50.00663757324219,100,0,0,346.3796081542969,0,7.924896240234375,20.32748794555664,20.374553680419922,0,1.034000039100647,0.9067617654800415,50,2.799999952316284,2.293210506439209,0,0,0,0,0.0,0,0,0,0.0012431807117536664,-0.0012435088865458965,0,-3.282097225110192e-07,100.2960433959961,100.29607391357422,790.22998046875,790.22998046875,790.22998046875,549.6397094726562,0,0,23.823829650878906,0.0010999999940395355,0.02200000174343586,0.03299999609589577,0.04399999603629112,5655.8173828125,114276.53125,0.0429663360118866,0,3.1392715754918754e-05,541.6890869140625,0,0.0002616529818624258,2.8350639695418067e-05,0,0,23.700000762939453,0,0,1600,0,50,0,0,0,50,50,1400,0.0,0.0,0.0,0.0
298,158.2084197998047,309.04949951171875,326.0521240234375,326.00506591796875,292.0466613769531,292.0936279296875,16515.818359375,33031.63671875,68.98081970214844,68.98089599609375,1793.597900390625,3576.864990234375,1793.5255126953125,3577.3037109375,284.5361022949219,61.9598274230957,-1.21051436963171e-06,0,0,2574.637451171875,1291.5137939453125,0,23.822914123535156,2713.0087890625,11.832358360290527,11.837142944335938,907.87158203125,1810.728271484375,50.0047721862793,50.006500244140625,100,0,0,346.3796691894531,0,7.924896240234375,20.327556610107422,20.37462043762207,0,1.034000039100647,0.9067617654800415,50,2.799999952316284,2.293210506439209,0,0,0,0,0.0,0,0,0,0.0012431807117536664,-0.0012435088865458965,0,-3.282097225110192e-07,100.2960433959961,100.29607391357422,790.22998046875,790.22998046875,790.22998046875,549.6397094726562,0,0,23.822914123535156,0.0010999999940395355,0.02200000174343586,0.03299999609589577,0.04399999603629112,5655.8173828125,114276.53125,0.0429663360118866,0,3.1392715754918754e-05,543.5098876953125,0,0.0002616529818624258,2.8350639695418067e-05,0,0,23.700000762939453,0,0,1600,0,50,0,0,0,50,50,1400,0.0,0.0,0.0,0.0
299,158.2085418701172,309.04949951171875,326.0521240234375,326.00506591796875,292.04669189453125,292.0936279296875,16515.818359375,33031.63671875,68.98081970214844,68.98089599609375,1793.594970703125,3576.86865234375,1793.525146484375,3577.3037109375,284.5361633300781,61.96006393432617,2.9047623684164137e-06,0,0,2574.63671875,1291.5137939453125,0,23.823381423950195,2713.0087890625,11.832362174987793,11.83713150024414,907.8714599609375,1810.728515625,50.00481033325195,50.00636672973633,100,0,0,346.3797302246094,0,7.924896240234375,20.32762336730957,20.37468910217285,0,1.034000039100647,0.9067617654800415,50,2.799999952316284,2.293210506439209,0,0,0,0,0.0,0,0,0,0.0012431807117536664,-0.0012435088865458965,0,-3.282097225110192e-07,100.2960433959961,100.29607391357422,790.22998046875,790.22998046875,790.22998046875,549.6397094726562,0,0,23.823381423950195,0.0010999999940395355,0.02200000174343586,0.03299999609589577,0.04399999603629112,5655.8173828125,114276.53125,0.0429663360118866,0,3.1392715754918754e-05,545.3306884765625,0,0.0002616529818624258,2.8350639695418067e-05,0,0,23.700000762939453,0,0,1600,0,50,0,0,0,50,50,1400,0.0,0.0,0.0,0.0
