TIME,P,TAVG,THA,THB,TCA,TCB,WRCA,WRCB,PSGA,PSGB,WFWA,WFWB,WSTA,WSTB,VOL,LVPZ,VOID,WLR,WUP,HUP,HLW,WHPI,WECS,QMWT,LSGA,LSGB,QMGA,QMGB,NSGA,NSGB,TBLD,WTRA,WTRB,TSAT,QRHR,LVCR,SCMA,SCMB,FRCL,PRB,PRBA,TRB,LWRB,DNBR,QFCL,WBK,WSPY,WCSP,HTR,MH2,CNH2,RHBR,RHMT,RHFL,RHRD,RH,PWNT,PWR,TFSB,TFPK,TF,TPCT,WCFT,WLPI,WCHG,RM1,RM2,RM3,RM4,RC87,RC131,STRB,STSG,STTB,RBLK,SGLK,DTHY,DWB,WRLA,WRLB,WLD,MBK,EBK,TKLV,FRZR,TDBR,MDBR,MCRT,MGAS,TCRT,TSLP,PPM,Pad_Col_0,Pad_Col_1,Pad_Col_2,Pad_Col_3
0,158.1999969482422,309.1399841308594,326.1538391113281,326.11614990234375,292.1261291503906,292.1638488769531,16515.818359375,33031.63671875,69.00464630126953,69.0042495727539,1790.2763671875,3580.552734375,1792.9256591796875,3577.9033203125,284.552001953125,62.0,1.8346643173572375e-06,0,0,2574.662353515625,1291.7806396484375,0,23.700000762939453,2705.0,11.830000877380371,11.830000877380371,910.2337036132812,1816.4324951171875,50.0,50.0,100.0,0,0,346.3753967285156,0,7.924896240234375,20.2215576171875,20.25926399230957,0,1.034000039100647,0.9067617654800415,50,2.799999952316284,2.3000001907348633,0,0,0,0,0.0,0,0,0,0.0,0.0,0.0,0.0,100.0,100.0,788.9000244140625,788.9000244140625,788.9000244140625,549.02001953125,0,0,23.700000762939453,0.0010999999940395355,0.02200000174343586,0.03299999609589577,0.04399999603629112,5655.8173828125,114276.53125,0.0429663360118866,0,3.1392715754918754e-05,0.9104048013687134,0,0.0002616529818624258,2.8350639695418067e-05,0,0,23.700000762939453,0,0,1600,0,50,0,0,0,50,50,800,0.0,0.0,0.0,0.0
1,158.19033813476562,309.12530517578125,326.1518249511719,326.1134338378906,292.1242370605469,292.1626281738281,16515.818359375,33031.63671875,69.01333618164062,69.01285552978516,1790.602783203125,3580.143310546875,1792.0826416015625,3574.26806640625,284.549560546875,61.99385070800781,1.1948225164815085e-06,0,0,2574.67333984375,1291.741943359375,0,23.700000762939453,2705.042236328125,11.830011367797852,11.830208778381348,909.8095703125,1815.0777587890625,50.035274505615234,49.98440170288086,99.91661071777344,0,0,346.37347412109375,0,7.924896240234375,20.221660614013672,20.26004409790039,0,1.034000039100647,0.9067617654800415,50,2.799999952316284,2.299964189529419,0,0,0,0,1.0797373766589098,0,0,0,0.0009064910700544715,0.0,0.0,0.0009064910700544715,100.05531311035156,100.0015640258789,788.9423217773438,788.9000244140625,788.9000244140625,549.0162353515625,0,0,23.700000762939453,0.0010999999940395355,0.02200000174343586,0.03299999609589577,0.04399999603629112,5655.8173828125,114276.53125,0.0429663360118866,0,3.1392715754918754e-05,2.7312145233154297,0,0.0002616529818624258,2.8350639695418067e-05,0,0,23.700000762939453,0,0,1600,0,50,0,0,0,50,50,800,0.0,0.0,0.0,0.0
2,158.17611694335938,309.11419677734375,326.1456604003906,326.1065673828125,292.12286376953125,292.1619873046875,16515.818359375,33031.63671875,69.0231704711914,69.0226821899414,1790.387451171875,3579.445556640625,1789.1390380859375,3568.254150390625,284.54132080078125,61.9730224609375,-1.658560222494998e-06,0,0,2574.711669921875,1291.786865234375,0,19.14151954650879,2705.87451171875,11.83012866973877,11.830543518066406,908.811279296875,1813.063720703125,49.99885940551758,49.947975158691406,99.74983215332031,0,0,346.3669738769531,0,7.924896240234375,20.22128677368164,20.26038360595703,0,1.034000039100647,0.9067617654800415,50,2.799999952316284,2.2992568016052246,0,0,0,0,4.723851070035542,0,0,0,0.00159297208301723,-0.00016549750580452383,0.0,0.0014274746645241976,100.20295715332031,100.03233337402344,789.1683959960938,789.0340576171875,789.0340576171875,549.0764770507812,0,0,19.14151954650879,0.0010999999940395355,0.02200000174343586,0.03299999609589577,0.04399999603629112,5655.8173828125,114276.53125,0.0429663360118866,0,3.1392715754918754e-05,4.552023887634277,0,0.0002616529818624258,2.8350639695418067e-05,0,0,23.700000762939453,0,0,1600,0,50,0,0,0,50,50,800,0.0,0.0,0.0,0.0
3,158.16217041015625,309.1075439453125,326.1369323730469,326.0971984863281,292.122802734375,292.16253662109375,16515.818359375,33031.63671875,69.03443908691406,69.0339584350586,1790.24365234375,3579.005859375,1786.1558837890625,3562.279541015625,284.53173828125,61.948848724365234,-3.540475290719769e-06,0,0,2574.755859375,1291.8424072265625,0,19.573421478271484,2707.58447265625,11.830404281616211,11.831037521362305,907.9583740234375,1811.3505859375,49.956268310546875,49.90769958496094,99.58305358886719,0,0,346.3594055175781,0,7.924896240234375,20.22247314453125,20.26221466064453,0,1.034000039100647,0.9067617654800415,50,2.799999952316284,2.297804832458496,0,0,0,0,8.936754785410258,0,0,0,0.002003107452765107,-0.0005295752780511975,0.0,0.0014735321747139096,100.3094253540039,100.09554290771484,789.4972534179688,789.328857421875,789.328857421875,549.2196044921875,0,0,19.573421478271484,0.0010999999940395355,0.02200000174343586,0.03299999609589577,0.04399999603629112,5655.8173828125,114276.53125,0.0429663360118866,0,3.1392715754918754e-05,6.372833251953125,0,0.0002616529818624258,2.8350639695418067e-05,0,0,23.700000762939453,0,0,1600,0,50,0,0,0,50,50,800,0.0,0.0,0.0,0.0
4,158.15191650390625,309.10479736328125,326.126708984375,326.08642578125,292.1244812011719,292.16473388671875,16515.818359375,33031.63671875,69.04747009277344,69.0469970703125,1790.075927734375,3578.5439453125,1783.1697998046875,3556.308837890625,284.5237121582031,61.92853927612305,-1.8269465726916678e-06,0,0,2574.792236328125,1291.91064453125,0,19.16684341430664,2709.520263671875,11.830850601196289,11.831701278686523,907.1881103515625,1809.80224609375,49.91386032104492,49.867820739746094,99.4162826538086,0,0,346.3531188964844,0,7.924896240234375,20.226408004760742,20.266691207885742,0,1.034000039100647,0.9067617654800415,50,2.799999952316284,2.2961630821228027,0,0,0,0,12.450721062693725,0,0,0,0.0021725851111114025,-0.0009477580315433443,0.0,0.0012248270213603973,100.36978912353516,100.16710662841797,789.8270263671875,789.6674194335938,789.6674194335938,549.3865356445312,0,0,19.16684341430664,0.0010999999940395355,0.02200000174343586,0.03299999609589577,0.04399999603629112,5655.8173828125,114276.53125,0.0429663360118866,0,3.1392715754918754e-05,8.193642616271973,0,0.0002616529818624258,2.8350639695418067e-05,0,0,23.700000762939453,0,0,1600,0,50,0,0,0,50,50,800,0.0,0.0,0.0,0.0
5,158.1460418701172,309.1058654785156,326.1159362792969,326.0752258300781,292.12823486328125,292.1689147949219,16515.818359375,33031.63671875,69.06254577636719,69.06206512451172,1789.8192138671875,3577.912109375,1780.186767578125,3550.33447265625,284.5183410644531,61.91502380371094,2.995121576532256e-06,0,0,2574.816650390625,1291.9935302734375,0,18.278339385986328,2711.21923828125,11.831472396850586,11.832536697387695,906.4898071289062,1808.3973388671875,49.875247955322266,49.83169937133789,99.24949645996094,0,0,346.3489990234375,0,7.924896240234375,20.23305320739746,20.27377700805664,0,1.034000039100647,0.9067617654800415,50,2.799999952316284,2.294724225997925,0,0,0,0,14.764443851010324,0,0,0,0.002105632098391652,-0.0013188711600378156,0.0,0.0007867609965614974,100.38630676269531,100.22991943359375,790.0910034179688,789.9679565429688,789.9679565429688,549.536376953125,0,0,18.278339385986328,0.0010999999940395355,0.02200000174343586,0.03299999609589577,0.04399999603629112,5655.8173828125,114276.53125,0.0429663360118866,0,3.1392715754918754e-05,10.014452934265137,0,0.0002616529818624258,2.8350639695418067e-05,0,0,23.700000762939453,0,0,1600,0,50,0,0,0,50,50,800,0.0,0.0,0.0,0.0
6,158.14456176757812,309.1106262207031,326.1053771972656,326.0643005371094,292.13433837890625,292.1754150390625,16515.818359375,33031.63671875,69.07986450195312,69.07939147949219,1789.456298828125,3577.0673828125,1777.20166015625,3544.36181640625,284.5157775878906,61.90854263305664,4.986279236618429e-06,0,0,2574.82763671875,1292.09033203125,0,17.2921142578125,2712.483642578125,11.832266807556152,11.833541870117188,905.8523559570312,1807.1123046875,49.841922760009766,49.8007698059082,99.08271789550781,0,0,346.3470764160156,0,7.924896240234375,20.24169921875,20.28279685974121,0,1.034000039100647,0.9067617654800415,50,2.799999952316284,2.293654680252075,0,0,0,0,15.8345415585148,0,0,0,0.0018126948270946741,-0.0015995301073417068,0.0,0.00021316470520105213,100.38228607177734,100.27665710449219,790.2783203125,790.1951904296875,790.1951904296875,549.6514892578125,0,0,17.2921142578125,0.0010999999940395355,0.02200000174343586,0.03299999609589577,0.04399999603629112,5655.8173828125,114276.53125,0.0429663360118866,0,3.1392715754918754e-05,11.8352632522583,0,0.0002616529818624258,2.8350639695418067e-05,0,0,23.700000762939453,0,0,1600,0,50,0,0,0,50,50,800,0.0,0.0,0.0,0.0
7,158.14620971679688,309.11846923828125,326.095458984375,326.05401611328125,292.1430969238281,292.1844787597656,16515.818359375,33031.63671875,69.09961700439453,69.0991439819336,1788.9652099609375,3575.968994140625,1774.2191162109375,3538.38720703125,284.5157470703125,61.90845489501953,2.2588353658647975e-06,0,0,2574.826904296875,1292.2015380859375,0,16.331302642822266,2713.214599609375,11.833231925964355,11.834716796875,905.2471313476562,1805.892333984375,49.81447219848633,49.775794982910156,98.91594696044922,0,0,346.3472595214844,0,7.924896240234375,20.25180435180664,20.293241500854492,0,1.034000039100647,0.9067617654800415,50,2.799999952316284,2.293036699295044,0,0,0,0,15.738135562149141,0,0,0,0.001329282415099442,-0.0017674564151093364,0.0,-0.00043817402911372483,100.3202896118164,100.30368041992188,790.34423828125,790.3311767578125,790.3311767578125,549.72265625,0,0,16.331302642822266,0.0010999999940395355,0.02200000174343586,0.03299999609589577,0.04399999603629112,5655.8173828125,114276.53125,0.0429663360118866,0,3.1392715754918754e-05,13.656073570251465,0,0.0002616529818624258,2.8350639695418067e-05,0,0,23.700000762939453,0,0,1600,0,50,0,0,0,50,50,800,0.0,0.0,0.0,0.0
8,158.15045166015625,309.12884521484375,326.0863952636719,326.0447082519531,292.154541015625,292.1962585449219,16515.818359375,33031.63671875,69.12187957763672,69.12140655517578,1788.2916259765625,3574.50634765625,1771.2337646484375,3532.4150390625,284.5177917480469,61.91359329223633,-2.16809121411643e-06,0,0,2574.81787109375,1292.325927734375,0,15.497872352600098,2713.06201171875,11.834362983703613,11.836053848266602,904.6505737304688,1804.6890869140625,49.79553985595703,49.75926208496094,98.7491683959961,0,0,346.3487854003906,0,7.924896240234375,20.26238441467285,20.30409049987793,0,1.034000039100647,0.9067617654800415,50,2.799999952316284,2.293165445327759,0,0,0,0,14.875310042682191,0,0,0,0.0006887920317240059,-0.0017454292392358184,0.0,-0.0010566371493041515,100.20858764648438,100.29804229736328,790.242919921875,790.3133544921875,790.3133544921875,549.7183837890625,0,0,15.497872352600098,0.0010999999940395355,0.02200000174343586,0.03299999609589577,0.04399999603629112,5655.8173828125,114276.53125,0.0429663360118866,0,3.1392715754918754e-05,15.476883888244629,0,0.0002616529818624258,2.8350639695418067e-05,0,0,23.700000762939453,0,0,1600,0,50,0,0,0,50,50,800,0.0,0.0,0.0,0.0
9,158.15658569335938,309.140869140625,326.0782775878906,326.03631591796875,292.16876220703125,292.210693359375,16515.818359375,33031.63671875,69.14664459228516,69.14617156982422,1787.4437255859375,3572.693603515625,1768.2520751953125,3526.439208984375,284.521484375,61.92298126220703,2.50353559749783e-06,0,0,2574.802001953125,1292.46240234375,0,14.735946655273438,2711.99609375,11.835653305053711,11.837546348571777,904.0336303710938,1803.4443359375,49.7852783203125,49.75132369995117,98.58238983154297,0,0,346.35150146484375,0,7.924896240234375,20.273235321044922,20.3151798248291,0,1.034000039100647,0.9067617654800415,50,2.799999952316284,2.294066905975342,0,0,0,0,13.361749580343504,0,0,0,-5.444049020297825e-05,-0.001525910454802215,0.0,-0.001580350915901363,100.07843017578125,100.25863647460938,789.9937133789062,790.1355590820312,790.1355590820312,549.6351318359375,0,0,14.735946655273438,0.0010999999940395355,0.02200000174343586,0.03299999609589577,0.04399999603629112,5655.8173828125,114276.53125,0.0429663360118866,0,3.1392715754918754e-05,17.297693252563477,0,0.0002616529818624258,2.8350639695418067e-05,0,0,23.700000762939453,0,0,1600,0,50,0,0,0,50,50,800,0.0,0.0,0.0,0.0
10,158.16378784179688,309.15374755859375,326.07080078125,326.02862548828125,292.1856384277344,292.2278137207031,16515.818359375,33031.63671875,69.1738052368164,69.17333221435547,1786.4403076171875,3570.5703125,1765.267822265625,3520.466796875,284.52630615234375,61.93514633178711,4.719417574960971e-06,0,0,2574.781494140625,1292.6092529296875,0,14.120579719543457,2710.1474609375,11.837090492248535,11.839183807373047,903.3642578125,1802.0943603515625,49.782554626464844,49.75088882446289,98.41561126708984,0,0,346.3549499511719,0,7.924896240234375,20.28415298461914,20.326335906982422,0,1.034000039100647,0.9067617654800415,50,2.799999952316284,2.2956316471099854,0,0,0,0,11.424006958887762,0,0,0,-0.0008502274286001921,-0.0011364553356543183,0.0,-0.0019866826478391886,99.93397521972656,100.19029235839844,789.6184692382812,789.8202514648438,789.8202514648438,549.4837036132812,0,0,14.120579719543457,0.0010999999940395355,0.02200000174343586,0.03299999609589577,0.04399999603629112,5655.8173828125,114276.53125,0.0429663360118866,0,3.1392715754918754e-05,19.118501663208008,0,0.0002616529818624258,2.8350639695418067e-05,0,0,23.700000762939453,0,0,1600,0,50,0,0,0,50,50,800,0.0,0.0,0.0,0.0
11,158.1713409423828,309.1669006347656,326.0637512207031,326.0213623046875,292.2050476074219,292.2474365234375,16515.818359375,33031.63671875,69.20317077636719,69.20270538330078,1785.3031005859375,3568.179931640625,1762.2879638671875,3514.489013671875,284.53167724609375,61.94866943359375,1.059364649336203e-06,0,0,2574.75927734375,1292.7652587890625,0,13.663866996765137,2707.658203125,11.838665962219238,11.84095573425293,902.624267578125,1800.6011962890625,49.78619384765625,49.756832122802734,98.24883270263672,0,0,346.3587951660156,0,7.924896240234375,20.2950382232666,20.33742332458496,0,1.034000039100647,0.9067617654800415,50,2.799999952316284,2.2977421283721924,0,0,0,0,9.288632950216385,0,0,0,-0.0016629964811727405,-0.0006073825061321259,0.0,-0.0022703788708895445,99.78337097167969,100.0982666015625,789.1439819335938,789.391845703125,789.391845703125,549.2760620117188,0,0,13.663866996765137,0.0010999999940395355,0.02200000174343586,0.03299999609589577,0.04399999603629112,5655.8173828125,114276.53125,0.0429663360118866,0,3.1392715754918754e-05,20.93931007385254,0,0.0002616529818624258,2.8350639695418067e-05,0,0,23.700000762939453,0,0,1600,0,50,0,0,0,50,50,800,0.0,0.0,0.0,0.0
12,158.17877197265625,309.1799011230469,326.0567932128906,326.01422119140625,292.22674560546875,292.2693176269531,16515.818359375,33031.63671875,69.23451232910156,69.23405456542969,1784.0577392578125,3565.57275390625,1759.3070068359375,3508.512451171875,284.537109375,61.96239471435547,-3.7144814086786937e-06,0,0,2574.73681640625,1292.9290771484375,0,13.346585273742676,2704.689697265625,11.840370178222656,11.842853546142578,901.8025512695312,1798.9466552734375,49.79497528076172,49.7678108215332,98.0820541381836,0,0,346.3626403808594,0,7.924896240234375,20.30585479736328,20.34844398498535,0,1.034000039100647,0.9067617654800415,50,2.799999952316284,2.3002641201019287,0,0,0,0,7.129158448380223,0,0,0,-0.002465517958626151,2.6633708330336958e-05,0.0,-0.0024388842284679413,99.63310241699219,99.988525390625,788.5986328125,788.8784790039062,788.8784790039062,549.0259399414062,0,0,13.346585273742676,0.0010999999940395355,0.02200000174343586,0.03299999609589577,0.04399999603629112,5655.8173828125,114276.53125,0.0429663360118866,0,3.1392715754918754e-05,22.76011848449707,0,0.0002616529818624258,2.8350639695418067e-05,0,0,23.700000762939453,0,0,1600,0,50,0,0,0,50,50,800,0.0,0.0,0.0,0.0
13,158.18572998046875,309.1924743652344,326.0495910644531,326.0068054199219,292.25054931640625,292.29327392578125,16515.818359375,33031.63671875,69.26758575439453,69.26712036132812,1782.7275390625,3562.797607421875,1756.3228759765625,3502.5390625,284.5423278808594,61.9755973815918,-3.0005119242559886e-06,0,0,2574.71533203125,1293.10009765625,0,13.09946346282959,2701.4013671875,11.842190742492676,11.844866752624512,900.8961791992188,1797.12353515625,49.807472229003906,49.78260040283203,97.91527557373047,0,0,346.3663635253906,0,7.924896240234375,20.3167724609375,20.35953140258789,0,1.034000039100647,0.9067617654800415,50,2.799999952316284,2.3030641078948975,0,0,0,0,5.06126903953546,0,0,0,-0.0032431096769869328,0.0007310869405046105,0.0,-0.002512022852897644,99.48785400390625,99.8669662475586,788.0095825195312,788.3080444335938,788.3080444335938,548.7471923828125,0,0,13.09946346282959,0.0010999999940395355,0.02200000174343586,0.03299999609589577,0.04399999603629112,5655.8173828125,114276.53125,0.0429663360118866,0,3.1392715754918754e-05,24.5809268951416,0,0.0002616529818624258,2.8350639695418067e-05,0,0,23.700000762939453,0,0,1600,0,50,0,0,0,50,50,800,0.0,0.0,0.0,0.0
14,158.19204711914062,309.2046203613281,326.0418395996094,325.9989318847656,292.2762145996094,292.31915283203125,16515.818359375,33031.63671875,69.30213928222656,69.30168151855469,1781.335205078125,3559.896728515625,1753.3421630859375,3496.5625,284.54718017578125,61.9878044128418,-5.029279691370903e-06,0,0,2574.695068359375,1293.276611328125,0,12.950846672058105,2697.9365234375,11.844122886657715,11.8469877243042,899.9130249023438,1795.1468505859375,49.82268524169922,49.79998016357422,97.74849700927734,0,0,346.3697509765625,0,7.924896240234375,20.32789421081543,20.37082290649414,0,1.034000039100647,0.9067617654800415,50,2.799999952316284,2.3060216903686523,0,0,0,0,3.1572677120663943,0,0,0,-0.003993654623627663,0.0014747368404641747,0.0,-0.0025189178995788097,99.34912109375,99.73887634277344,787.3991088867188,787.7059326171875,787.7059326171875,548.4522705078125,0,0,12.950846672058105,0.0010999999940395355,0.02200000174343586,0.03299999609589577,0.04399999603629112,5655.8173828125,114276.53125,0.0429663360118866,0,3.1392715754918754e-05,26.401735305786133,0,0.0002616529818624258,2.8350639695418067e-05,0,0,23.700000762939453,0,0,1600,0,50,0,0,0,50,50,800,0.0,0.0,0.0,0.0
15,158.19775390625,309.21630859375,326.0333557128906,325.99029541015625,292.3036193847656,292.3466796875,16515.818359375,33031.63671875,69.33795166015625,69.33749389648438,1779.896484375,3556.9033203125,1750.3582763671875,3490.589111328125,284.5515441894531,61.998863220214844,-1.133890577875718e-06,0,0,2574.67724609375,1293.45849609375,0,12.818480491638184,2694.4033203125,11.846158027648926,11.849209785461426,898.8590087890625,1793.0286865234375,49.83964157104492,49.81911087036133,97.58171844482422,0,0,346.3728332519531,0,7.924896240234375,20.339458465576172,20.38252067565918,0,1.034000039100647,0.9067617654800415,50,2.799999952316284,2.3090457916259766,0,0,0,0,1.4364363190984684,0,0,0,-0.004717131145298481,0.002233965089544654,0.0,-0.0024831662885844707,99.2174072265625,99.6082534790039,786.783447265625,787.0911254882812,787.0911254882812,548.15087890625,0,0,12.818480491638184,0.0010999999940395355,0.02200000174343586,0.03299999609589577,0.04399999603629112,5655.8173828125,114276.53125,0.0429663360118866,0,3.1392715754918754e-05,28.222543716430664,0,0.0002616529818624258,2.8350639695418067e-05,0,0,23.700000762939453,0,0,1600,0,50,0,0,0,50,50,800,0.0,0.0,0.0,0.0
16,158.2029266357422,309.2277526855469,326.0241394042969,325.98095703125,292.3324279785156,292.3756408691406,16515.818359375,33031.63671875,69.37483215332031,69.37438201904297,1778.422119140625,3553.839599609375,1747.374267578125,3484.61572265625,284.5555114746094,62.008880615234375,3.6824030757998116e-06,0,0,2574.6611328125,1293.6451416015625,0,12.682246208190918,2690.877197265625,11.848291397094727,11.851527214050293,897.747314453125,1790.7957763671875,49.857730865478516,49.83937072753906,97.4149398803711,0,0,346.3756103515625,0,7.924896240234375,20.35146141052246,20.39466094970703,0,1.034000039100647,0.9067617654800415,50,2.799999952316284,2.3120715618133545,0,0,0,0,0.0,0,0,0,-0.00542400823906064,0.002992104273289442,0.0,-0.0024319039657711983,99.0916748046875,99.47789764404297,786.1732788085938,786.477294921875,786.477294921875,547.8496704101562,0,0,12.682246208190918,0.0010999999940395355,0.02200000174343586,0.03299999609589577,0.04399999603629112,5655.8173828125,114276.53125,0.0429663360118866,0,3.1392715754918754e-05,30.043352127075195,0,0.0002616529818624258,2.8350639695418067e-05,0,0,23.700000762939453,0,0,1600,0,50,0,0,0,50,50,800,0.0,0.0,0.0,0.0
17,158.20773315429688,309.23907470703125,326.0140380859375,325.9707336425781,292.3626708984375,292.406005859375,16515.818359375,33031.63671875,69.41264343261719,69.41219329833984,1776.9188232421875,3550.71728515625,1744.3905029296875,3478.641845703125,284.55914306640625,62.018096923828125,3.4801500987668987e-06,0,0,2574.646240234375,1293.83544921875,0,12.525360107421875,2687.398681640625,11.850517272949219,11.853935241699219,896.5924072265625,1788.4765625,49.87659454345703,49.86039352416992,97.2481689453125,0,0,346.3781433105469,0,7.924896240234375,20.36410903930664,20.40740966796875,0,1.034000039100647,0.9067617654800415,50,2.799999952316284,2.3150641918182373,0,0,0,0,0.0,0,0,0,-0.0061247642152011395,0.003740025917068124,0.0,-0.0023847382981330156,98.96949005126953,99.34930419921875,785.5726928710938,785.8716430664062,785.8716430664062,547.5525512695312,0,0,12.525360107421875,0.0010999999940395355,0.02200000174343586,0.03299999609589577,0.04399999603629112,5655.8173828125,114276.53125,0.0429663360118866,0,3.1392715754918754e-05,31.864160537719727,0,0.0002616529818624258,2.8350639695418067e-05,0,0,23.700000762939453,0,0,1600,0,50,0,0,0,50,50,800,0.0,0.0,0.0,0.0
18,158.21238708496094,309.25048828125,326.0031433105469,325.9597473144531,292.3941650390625,292.4376525878906,16515.818359375,33031.63671875,69.45125579833984,69.45081329345703,1775.387451171875,3547.5390625,1741.4066162109375,3472.66845703125,284.5626220703125,62.02682876586914,3.940055648854468e-06,0,0,2574.632080078125,1294.0306396484375,0,12.323769569396973,2683.9765625,11.852834701538086,11.856431007385254,895.4047241210938,1786.091552734375,49.896202087402344,49.882057189941406,97.08139038085938,0,0,346.38055419921875,0,7.924896240234375,20.37740135192871,20.420804977416992,0,1.034000039100647,0.9067617654800415,50,2.799999952316284,2.3180158138275146,0,0,0,0,0.0,0,0,0,-0.006831987760961056,0.0044755516573786736,0.0,-0.002356436103582382,98.84857177734375,99.22279357910156,784.9815063476562,785.276123046875,785.276123046875,547.2604370117188,0,0,12.323769569396973,0.0010999999940395355,0.02200000174343586,0.03299999609589577,0.04399999603629112,5655.8173828125,114276.53125,0.0429663360118866,0,3.1392715754918754e-05,33.68497085571289,0,0.0002616529818624258,2.8350639695418067e-05,0,0,23.700000762939453,0,0,1600,0,50,0,0,0,50,50,800,0.0,0.0,0.0,0.0
19,158.21701049804688,309.26214599609375,325.99151611328125,325.9480285644531,292.4268798828125,292.4704284667969,16515.818359375,33031.63671875,69.49061584472656,69.49017333984375,1773.8260498046875,3544.30322265625,1738.424560546875,3466.693115234375,284.5660095214844,62.035400390625,1.2691053825619747e-06,0,0,2574.6181640625,1294.2291259765625,0,12.1141996383667,2680.597900390625,11.85523796081543,11.8590087890625,894.1942138671875,1783.65869140625,49.91651916503906,49.904441833496094,96.91460418701172,0,0,346.3829345703125,0,7.924896240234375,20.39140510559082,20.43490982055664,0,1.034000039100647,0.9067617654800415,50,2.799999952316284,2.320937395095825,0,0,0,0,0.0,0,0,0,-0.00755408126860857,0.005201361607760191,-8.666666690260172e-05,-0.002439386211335659,98.72660064697266,99.09789276123047,784.3961181640625,784.6884155273438,784.6884155273438,546.9723510742188,0,0,12.1141996383667,0.0010999999940395355,0.02200000174343586,0.03299999609589577,0.04399999603629112,5655.8173828125,114276.53125,0.0429663360118866,0,3.1392715754918754e-05,35.50577926635742,0,0.0002616529818624258,2.8350639695418067e-05,0,0,23.700000762939453,0,0,1600,0,50,0,0,0,50,50,800,0.0,0.0,0.0,0.0
20,158.2217559814453,309.274169921875,325.97930908203125,325.9356689453125,292.46063232421875,292.5042724609375,16515.818359375,33031.63671875,69.5306625366211,69.53022766113281,1772.22119140625,3540.979736328125,1735.4410400390625,3460.7197265625,284.5694274902344,62.044071197509766,3.0686217087350087e-06,0,0,2574.604248046875,1294.431640625,0,11.86048412322998,2677.19140625,11.857725143432617,11.861668586730957,892.967041015625,1781.195068359375,49.93808364868164,49.92805862426758,96.74783325195312,0,0,346.3853454589844,0,7.924896240234375,20.40601921081543,20.44965934753418,0,1.034000039100647,0.9067617654800415,50,2.799999952316284,2.3238906860351562,0,0,0,0,0.0,0,0,0,-0.008297355845570564,0.005932951811701059,-0.0002600000298116356,-0.0026244043838232756,98.57069396972656,98.97195434570312,783.7801513671875,784.0960083007812,784.0960083007812,546.6820678710938,0,0,11.86048412322998,0.0010999999940395355,0.02200000174343586,0.03299999609589577,0.04399999603629112,5655.8173828125,114276.53125,0.0429663360118866,0,3.1392715754918754e-05,37.32658767700195,0,0.0002616529818624258,2.8350639695418067e-05,0,0,23.700000762939453,0,0,1600,0,50,0,0,0,50,50,800,0.0,0.0,0.0,0.0
21,158.22665405273438,309.2864685058594,325.9665832519531,325.9228210449219,292.49542236328125,292.5392150878906,16515.818359375,33031.63671875,69.57136535644531,69.57093811035156,1770.541259765625,3537.506591796875,1732.4569091796875,3454.746337890625,284.572998046875,62.05303192138672,-4.153946520091267e-06,0,0,2574.58984375,1294.6375732421875,0,11.577756881713867,2673.527587890625,11.8602933883667,11.864408493041992,891.72509765625,1778.7020263671875,49.96257019042969,49.9546012878418,96.5810546875,0,0,346.3878173828125,0,7.924896240234375,20.421245574951172,20.46498680114746,0,1.034000039100647,0.9067617654800415,50,2.799999952316284,2.327075481414795,0,0,0,0,0.0,0,0,0,-0.009059727191925049,0.006720404606312513,-0.0004333333345130086,-0.0027726558037102222,98.40999603271484,98.83650970458984,783.1226196289062,783.4584350585938,783.4584350585938,546.369384765625,0,0,11.577756881713867,0.0010999999940395355,0.02200000174343586,0.03299999609589577,0.04399999603629112,5655.8173828125,114276.53125,0.0429663360118866,0,3.1392715754918754e-05,39.147396087646484,0,0.0002616529818624258,2.8350639695418067e-05,0,0,23.700000762939453,0,0,1600,0,50,0,0,0,50,50,800,0.0,0.0,0.0,0.0
22,158.2316131591797,309.29888916015625,325.953369140625,325.9095458984375,292.5311584472656,292.57501220703125,16515.818359375,33031.63671875,69.61268615722656,69.61225891113281,1768.788818359375,3533.889404296875,1729.4716796875,3448.774169921875,284.5766296386719,62.06217956542969,-4.178604285698384e-06,0,0,2574.5751953125,1294.8458251953125,0,11.296684265136719,2669.619140625,11.862937927246094,11.867219924926758,890.463623046875,1776.1722412109375,49.989871978759766,49.983890533447266,96.41427612304688,0,0,346.39031982421875,0,7.924896240234375,20.43694496154785,20.48078727722168,0,1.034000039100647,0.9067617654800415,50,2.799999952316284,2.330482244491577,0,0,0,0,0.0,0,0,0,-0.009828603826463223,0.007561208680272102,-0.000606666668318212,-0.002874061232432723,98.25142669677734,98.69202423095703,782.4307861328125,782.777587890625,782.777587890625,546.03515625,0,0,11.296684265136719,0.0010999999940395355,0.02200000174343586,0.03299999609589577,0.04399999603629112,5655.8173828125,114276.53125,0.0429663360118866,0,3.1392715754918754e-05,40.968204498291016,0,0.0002616529818624258,2.8350639695418067e-05,0,0,23.700000762939453,0,0,1600,0,50,0,0,0,50,50,800,0.0,0.0,0.0,0.0
23,158.23643493652344,309.311279296875,325.9397888183594,325.8958435058594,292.5677185058594,292.61163330078125,16515.818359375,33031.63671875,69.65455627441406,69.65413665771484,1766.9857177734375,3530.168212890625,1726.4901123046875,3442.798583984375,284.5802307128906,62.07127380371094,-1.701635483186692e-06,0,0,2574.560302734375,1295.056884765625,0,11.039192199707031,2665.579345703125,11.865655899047852,11.870102882385254,889.1805419921875,1773.5938720703125,50.019107818603516,50.01506423950195,96.24749755859375,0,0,346.392822265625,0,7.924896240234375,20.45305061340332,20.49699592590332,0,1.034000039100647,0.9067617654800415,50,2.799999952316284,2.334014415740967,0,0,0,0,0.0,0,0,0,-0.010597685351967812,0.008430824615061283,-0.0007800000603310764,-0.002946860622614622,98.08114624023438,98.54267120361328,781.7101440429688,782.0734252929688,782.0734252929688,545.6892700195312,0,0,11.039192199707031,0.0010999999940395355,0.02200000174343586,0.03299999609589577,0.04399999603629112,5655.8173828125,114276.53125,0.0429663360118866,0,3.1392715754918754e-05,42.78901290893555,0,0.0002616529818624258,2.8350639695418067e-05,0,0,23.700000762939453,0,0,1600,0,50,0,0,0,50,50,800,0.0,0.0,0.0,0.0
24,158.2410125732422,309.3235778808594,325.92572021484375,325.8816223144531,292.60504150390625,292.6490478515625,16515.818359375,33031.63671875,69.6969223022461,69.69650268554688,1765.1357421875,3526.35546875,1723.508056640625,3436.822998046875,284.58367919921875,62.080020904541016,1.0823013099070522e-06,0,0,2574.546142578125,1295.26953125,0,10.818960189819336,2661.42041015625,11.868441581726074,11.873050689697266,887.8729858398438,1770.9718017578125,50.050086975097656,50.047977447509766,96.08071899414062,0,0,346.395263671875,0,7.924896240234375,20.46956443786621,20.51364517211914,0,1.034000039100647,0.9067617654800415,50,2.799999952316284,2.3376617431640625,0,0,0,0,0.0,0,0,0,-0.011358564719557762,0.00932648777961731,-0.0009533334523439407,-0.0029854103922843933,97.91952514648438,98.38892364501953,780.9786987304688,781.3482055664062,781.3482055664062,545.3328857421875,0,0,10.818960189819336,0.0010999999940395355,0.02200000174343586,0.03299999609589577,0.04399999603629112,5655.8173828125,114276.53125,0.0429663360118866,0,3.1392715754918754e-05,44.60982131958008,0,0.0002616529818624258,2.8350639695418067e-05,0,0,23.700000762939453,0,0,1600,0,50,0,0,0,50,50,800,0.0,0.0,0.0,0.0
25,158.2453155517578,309.3356628417969,325.9111328125,325.8669738769531,292.6430358886719,292.6871032714844,16515.818359375,33031.63671875,69.73970031738281,69.7392807006836,1763.2412109375,3522.45654296875,1720.52294921875,3430.850830078125,284.5869445800781,62.0882568359375,4.6134221065585734e-07,0,0,2574.532958984375,1295.4840087890625,0,10.621885299682617,2657.1982421875,11.871293067932129,11.876062393188477,886.540771484375,1768.295654296875,50.08234786987305,50.08221435546875,95.9139404296875,0,0,346.3975524902344,0,7.924896240234375,20.486417770385742,20.53056526184082,0,1.034000039100647,0.9067617654800415,50,2.799999952316284,2.3413760662078857,0,0,0,0,0.0,0,0,0,-0.01210913248360157,0.010236222296953201,-0.0011266667861491442,-0.0029995772056281567,97.75897979736328,98.23284149169922,780.2385864257812,780.611572265625,780.611572265625,544.9706420898438,0,0,10.621885299682617,0.0010999999940395355,0.02200000174343586,0.03299999609589577,0.04399999603629112,5655.8173828125,114276.53125,0.0429663360118866,0,3.1392715754918754e-05,46.43062973022461,0,0.0002616529818624258,2.8350639695418067e-05,0,0,23.700000762939453,0,0,1600,0,50,0,0,0,50,50,800,0.0,0.0,0.0,0.0
26,158.24929809570312,309.34765625,325.8960876464844,325.85186767578125,292.68157958984375,292.72576904296875,16515.818359375,33031.63671875,69.78282928466797,69.78241729736328,1761.3109130859375,3518.482421875,1717.539794921875,3424.87646484375,284.5899963378906,62.095916748046875,-2.805909844028065e-06,0,0,2574.5205078125,1295.699951171875,0,10.438958168029785,2652.945068359375,11.874205589294434,11.879131317138672,885.1880493164062,1765.58056640625,50.1157112121582,50.11742401123047,95.7471694946289,0,0,346.399658203125,0,7.924896240234375,20.50357437133789,20.54779052734375,0,1.034000039100647,0.9067617654800415,50,2.799999952316284,2.3451297283172607,0,0,0,0,0.0,0,0,0,-0.012851482257246971,0.011152991093695164,-0.0013000002363696694,-0.0029984917491674423,97.60038757324219,98.07560729980469,779.4951782226562,779.8692626953125,779.8692626953125,544.60546875,0,0,10.438958168029785,0.0010999999940395355,0.02200000174343586,0.03299999609589577,0.04399999603629112,5655.8173828125,114276.53125,0.0429663360118866,0,3.1392715754918754e-05,48.25143814086914,0,0.0002616529818624258,2.8350639695418067e-05,0,0,23.700000762939453,0,0,1600,0,50,0,0,0,50,50,800,0.0,0.0,0.0,0.0
27,158.2530059814453,309.3594970703125,325.88055419921875,325.8362731933594,292.72064208984375,292.7649230957031,16515.818359375,33031.63671875,69.82625579833984,69.82585144042969,1759.3470458984375,3514.44384765625,1714.5562744140625,3418.903076171875,284.5928039550781,62.10302734375,-4.652400548366131e-06,0,0,2574.509033203125,1295.91748046875,0,10.240474700927734,2648.685302734375,11.877178192138672,11.882259368896484,883.8159790039062,1762.827392578125,50.149871826171875,50.15346908569336,95.58038330078125,0,0,346.401611328125,0,7.924896240234375,20.52107048034668,20.56535530090332,0,1.034000039100647,0.9067617654800415,50,2.799999952316284,2.3489012718200684,0,0,0,0,0.0,0,0,0,-0.013587712310254574,0.012071351520717144,-0.001473333453759551,-0.002989694010466337,97.44369506835938,97.91812896728516,778.752197265625,779.1256713867188,779.1256713867188,544.2396240234375,0,0,10.240474700927734,0.0010999999940395355,0.02200000174343586,0.03299999609589577,0.04399999603629112,5655.8173828125,114276.53125,0.0429663360118866,0,3.1392715754918754e-05,50.07224655151367,0,0.0002616529818624258,2.8350639695418067e-05,0,0,23.700000762939453,0,0,1600,0,50,0,0,0,50,50,800,0.0,0.0,0.0,0.0
28,158.25645446777344,309.3713073730469,325.8645935058594,325.82025146484375,292.76019287109375,292.8045349121094,16515.818359375,33031.63671875,69.86994171142578,69.86954498291016,1757.3538818359375,3510.34619140625,1711.572998046875,3412.928466796875,284.59539794921875,62.109642028808594,3.0559790502593387e-06,0,0,2574.498046875,1296.135986328125,0,10.068344116210938,2644.435302734375,11.880206108093262,11.8854398727417,882.429931640625,1760.0460205078125,50.1847038269043,50.19013977050781,95.41360473632812,0,0,346.4034423828125,0,7.924896240234375,20.53883934020996,20.58319091796875,0,1.034000039100647,0.9067617654800415,50,2.799999952316284,2.3526763916015625,0,0,0,0,0.0,0,0,0,-0.014319921843707561,0.01298770122230053,-0.0016466666711494327,-0.0029788867104798555,97.28821563720703,97.7610092163086,778.011474609375,778.3836669921875,778.3836669921875,543.87451171875,0,0,10.068344116210938,0.0010999999940395355,0.02200000174343586,0.03299999609589577,0.04399999603629112,5655.8173828125,114276.53125,0.0429663360118866,0,3.1392715754918754e-05,51.8930549621582,0,0.0002616529818624258,2.8350639695418067e-05,0,0,23.700000762939453,0,0,1600,0,50,0,0,0,50,50,800,0.0,0.0,0.0,0.0
29,158.25970458984375,309.38311767578125,325.8482666015625,325.8038024902344,292.8001403808594,292.84454345703125,16515.818359375,33031.63671875,69.91384887695312,69.9134521484375,1755.3310546875,3506.19140625,1708.5897216796875,3406.95458984375,284.5978698730469,62.115840911865234,6.131868417469377e-07,0,0,2574.488037109375,1296.3555908203125,0,9.87513542175293,2640.200439453125,11.883291244506836,11.888671875,881.0338134765625,1757.2445068359375,50.22017288208008,50.22739791870117,95.24683380126953,0,0,346.4051818847656,0,7.924896240234375,20.556913375854492,20.60136604309082,0,1.034000039100647,0.9067617654800415,50,2.799999952316284,2.356450080871582,0,0,0,0,0.0,0,0,0,-0.015052316710352898,0.013900700956583023,-0.001820000004954636,-0.002971615642309189,97.14038848876953,97.60445404052734,777.279052734375,777.6444091796875,777.6444091796875,543.5108032226562,0,0,9.87513542175293,0.0010999999940395355,0.02200000174343586,0.03299999609589577,0.04399999603629112,5655.8173828125,114276.53125,0.0429663360118866,0,3.1392715754918754e-05,53.713863372802734,0,0.0002616529818624258,2.8350639695418067e-05,0,0,23.700000762939453,0,0,1600,0,50,0,0,0,50,50,800,0.0,0.0,0.0,0.0
30,158.2628173828125,309.39495849609375,325.8315734863281,325.7870178222656,292.8404235839844,292.8848876953125,16515.818359375,33031.63671875,69.95795440673828,69.95756530761719,1753.27783203125,3501.97412109375,1705.6082763671875,3400.978515625,284.6001892089844,62.12171936035156,2.544417156968848e-06,0,0,2574.478759765625,1296.5765380859375,0,9.673948287963867,2635.986572265625,11.88642692565918,11.891955375671387,879.6292114257812,1754.4234619140625,50.25617218017578,50.26518630981445,95.0800552368164,0,0,346.40679931640625,0,7.924896240234375,20.575223922729492,20.619779586791992,0,1.034000039100647,0.9067617654800415,50,2.799999952316284,2.3602170944213867,0,0,0,0,0.0,0,0,0,-0.01578700542449951,0.014809179119765759,-0.0019933332223445177,-0.0029711585957556963,96.9841537475586,97.44866943359375,776.5431518554688,776.9088134765625,776.9088134765625,543.1488647460938,0,0,9.673948287963867,0.0010999999940395355,0.02200000174343586,0.03299999609589577,0.04399999603629112,5655.8173828125,114276.53125,0.0429663360118866,0,3.1392715754918754e-05,55.534671783447266,0,0.0002616529818624258,2.8350639695418067e-05,0,0,23.700000762939453,0,0,1600,0,50,0,0,0,50,50,800,0.0,0.0,0.0,0.0
31,158.2658233642578,309.4068603515625,325.8146057128906,325.76995849609375,292.8810119628906,292.92559814453125,16515.818359375,33031.63671875,70.00224304199219,70.0018539428711,1751.1959228515625,3497.701904296875,1702.6248779296875,3395.004638671875,284.6024169921875,62.12739181518555,5.008433163311565e-06,0,0,2574.4697265625,1296.7984619140625,0,9.457605361938477,2631.772216796875,11.88961410522461,11.895285606384277,878.2179565429688,1751.591552734375,50.292869567871094,50.303619384765625,94.91327667236328,0,0,346.4083557128906,0,7.924896240234375,20.59377098083496,20.638395309448242,0,1.034000039100647,0.9067617654800415,50,2.799999952316284,2.3639965057373047,0,0,0,0,0.0,0,0,0,-0.01652608998119831,0.01571757160127163,-0.002166666556149721,-0.0029751849360764027,96.82882690429688,97.29287719726562,775.8079223632812,776.1732788085938,776.1732788085938,542.787109375,0,0,9.457605361938477,0.0010999999940395355,0.02200000174343586,0.03299999609589577,0.04399999603629112,5655.8173828125,114276.53125,0.0429663360118866,0,3.1392715754918754e-05,57.3554801940918,0,0.0002616529818624258,2.8350639695418067e-05,0,0,23.700000762939453,0,0,1600,0,50,0,0,0,50,50,800,0.0,0.0,0.0,0.0
32,158.26876831054688,309.41888427734375,325.7973327636719,325.7526550292969,292.92193603515625,292.9665832519531,16515.818359375,33031.63671875,70.04669952392578,70.04631805419922,1749.0848388671875,3493.36962890625,1699.6387939453125,3389.03369140625,284.6046447753906,62.132911682128906,-5.132126716489438e-06,0,0,2574.460693359375,1297.021484375,0,9.22293472290039,2627.560302734375,11.892849922180176,11.898664474487305,876.8028564453125,1748.7520751953125,50.33020782470703,50.34269714355469,94.74649810791016,0,0,346.4098815917969,0,7.924896240234375,20.61255645751953,20.65724754333496,0,1.034000039100647,0.9067617654800415,50,2.799999952316284,2.367785930633545,0,0,0,0,0.0,0,0,0,-0.0172737929970026,0.016625380143523216,-0.002339999657124281,-0.002988411346450448,96.67268371582031,97.13716888427734,775.072509765625,775.4381713867188,775.4381713867188,542.425537109375,0,0,9.22293472290039,0.0010999999940395355,0.02200000174343586,0.03299999609589577,0.04399999603629112,5655.8173828125,114276.53125,0.0429663360118866,0,3.1392715754918754e-05,59.17628860473633,0,0.0002616529818624258,2.8350639695418067e-05,0,0,23.700000762939453,0,0,1600,0,50,0,0,0,50,50,800,0.0,0.0,0.0,0.0
33,158.27166748046875,309.4309997558594,325.7799072265625,325.7350769042969,292.963134765625,293.00787353515625,16515.818359375,33031.63671875,70.0913314819336,70.09095001220703,1746.942138671875,3488.9755859375,1696.65869140625,3383.056396484375,284.6067810058594,62.13832092285156,-2.1470698641223862e-07,0,0,2574.451904296875,1297.2454833984375,0,9.01041316986084,2623.3408203125,11.896133422851562,11.902087211608887,875.3838500976562,1745.9046630859375,50.368255615234375,50.382450103759766,94.57971954345703,0,0,346.411376953125,0,7.924896240234375,20.63147735595703,20.67630386352539,0,1.034000039100647,0.9067617654800415,50,2.799999952316284,2.3715944290161133,0,0,0,0,0.0,0,0,0,-0.018025901168584824,0.01753469556570053,-0.0025133329909294844,-0.003004539990797639,96.51530456542969,96.9811782836914,774.3351440429688,774.701904296875,774.701904296875,542.0634155273438,0,0,9.01041316986084,0.0010999999940395355,0.02200000174343586,0.03299999609589577,0.04399999603629112,5655.8173828125,114276.53125,0.0429663360118866,0,3.1392715754918754e-05,60.99709701538086,0,0.0002616529818624258,2.8350639695418067e-05,0,0,23.700000762939453,0,0,1600,0,50,0,0,0,50,50,800,0.0,0.0,0.0,0.0
34,158.27452087402344,309.4432373046875,325.7622375488281,325.71734619140625,293.004638671875,293.04949951171875,16515.818359375,33031.63671875,70.13612365722656,70.13574981689453,1744.767578125,3484.518798828125,1693.672607421875,3377.0849609375,284.60888671875,62.14364242553711,1.9752692423935514e-06,0,0,2574.443359375,1297.470458984375,0,8.780839920043945,2619.107421875,11.899463653564453,11.905552864074707,873.9609985351562,1743.0491943359375,50.40707015991211,50.422882080078125,94.4129409790039,0,0,346.412841796875,0,7.924896240234375,20.650602340698242,20.69549560546875,0,1.034000039100647,0.9067617654800415,50,2.799999952316284,2.375427722930908,0,0,0,0,0.0,0,0,0,-0.018786637112498283,0.018446940928697586,-0.002686666091904044,-0.003026361344382167,96.35684967041016,96.82467651367188,773.594970703125,773.9632568359375,773.9632568359375,541.7001953125,0,0,8.780839920043945,0.0010999999940395355,0.02200000174343586,0.03299999609589577,0.04399999603629112,5655.8173828125,114276.53125,0.0429663360118866,0,3.1392715754918754e-05,62.81790542602539,0,0.0002616529818624258,2.8350639695418067e-05,0,0,23.700000762939453,0,0,1600,0,50,0,0,0,50,50,800,0.0,0.0,0.0,0.0
35,158.27732849121094,309.4555969238281,325.7445068359375,325.6995544433594,293.04638671875,293.09130859375,16515.818359375,33031.63671875,70.18106842041016,70.18070220947266,1742.5611572265625,3479.99755859375,1690.689697265625,3371.1103515625,284.6109313964844,62.14887619018555,1.4378017567651113e-06,0,0,2574.434814453125,1297.6966552734375,0,8.554304122924805,2614.854248046875,11.902836799621582,11.90906047821045,872.5365600585938,1740.1907958984375,50.44660949707031,50.46407699584961,94.24617004394531,0,0,346.414306640625,0,7.924896240234375,20.6697940826416,20.71475601196289,0,1.034000039100647,0.9067617654800415,50,2.799999952316284,2.379291296005249,0,0,0,0,0.0,0,0,0,-0.01955600455403328,0.01936337538063526,-0.0028599994257092476,-0.0030526297632604837,96.1968765258789,96.66744232177734,772.8507690429688,773.22119140625,773.22119140625,541.3352661132812,0,0,8.554304122924805,0.0010999999940395355,0.02200000174343586,0.03299999609589577,0.04399999603629112,5655.8173828125,114276.53125,0.0429663360118866,0,3.1392715754918754e-05,64.63871765136719,0,0.0002616529818624258,2.8350639695418067e-05,0,0,23.700000762939453,0,0,1600,0,50,0,0,0,50,50,800,0.0,0.0,0.0,0.0
36,158.2800750732422,309.4680480957031,325.72662353515625,325.6816101074219,293.0884094238281,293.1334228515625,16515.818359375,33031.63671875,70.22618103027344,70.22581481933594,1740.321044921875,3475.410888671875,1687.7080078125,3365.135009765625,284.6130065917969,62.15402603149414,-1.2461016467568697e-06,0,0,2574.42626953125,1297.92333984375,0,8.321310043334961,2610.574462890625,11.906250953674316,11.91260814666748,871.1080322265625,1737.3221435546875,50.4869270324707,50.50604248046875,94.07938385009766,0,0,346.41571044921875,0,7.924896240234375,20.6890869140625,20.73411750793457,0,1.034000039100647,0.9067617654800415,50,2.799999952316284,2.3831920623779297,0,0,0,0,0.0,0,0,0,-0.020329797640442848,0.020285505801439285,-0.003033332759514451,-0.0030776243656873703,96.03561401367188,96.50922393798828,772.1016845703125,772.4745483398438,772.4745483398438,540.9681396484375,0,0,8.321310043334961,0.0010999999940395355,0.02200000174343586,0.03299999609589577,0.04399999603629112,5655.8173828125,114276.53125,0.0429663360118866,0,3.1392715754918754e-05,66.45953369140625,0,0.0002616529818624258,2.8350639695418067e-05,0,0,23.700000762939453,0,0,1600,0,50,0,0,0,50,50,800,0.0,0.0,0.0,0.0
37,158.28274536132812,309.4805908203125,325.7087097167969,325.66357421875,293.1307067871094,293.17578125,16515.818359375,33031.63671875,70.27143859863281,70.27108001708984,1738.047607421875,3470.758544921875,1684.72509765625,3359.16015625,284.614990234375,62.159061431884766,-8.876796897538952e-08,0,0,2574.41845703125,1298.1512451171875,0,8.096540451049805,2606.267333984375,11.909708023071289,11.916193962097168,869.6768798828125,1734.4501953125,50.528045654296875,50.548770904541016,93.91260528564453,0,0,346.4171142578125,0,7.924896240234375,20.708415985107422,20.75354766845703,0,1.034000039100647,0.9067617654800415,50,2.799999952316284,2.3871307373046875,0,0,0,0,0.0,0,0,0,-0.02111012302339077,0.02121349610388279,-0.003206665860489011,-0.003103292314335704,95.86629486083984,96.34999084472656,771.3423461914062,771.7230834960938,771.7230834960938,540.5986938476562,0,0,8.096540451049805,0.0010999999940395355,0.02200000174343586,0.03299999609589577,0.04399999603629112,5655.8173828125,114276.53125,0.0429663360118866,0,3.1392715754918754e-05,68.28034973144531,0,0.0002616529818624258,2.8350639695418067e-05,0,0,23.700000762939453,0,0,1600,0,50,0,0,0,50,50,800,0.0,0.0,0.0,0.0
38,158.28533935546875,309.49322509765625,325.6907043457031,325.6454772949219,293.1731872558594,293.2183532714844,16515.818359375,33031.63671875,70.31684112548828,70.31649017333984,1735.7437744140625,3466.04541015625,1681.7420654296875,3353.18603515625,284.6169128417969,62.16395950317383,1.4237560890251189e-06,0,0,2574.41064453125,1298.380126953125,0,7.873805046081543,2601.92724609375,11.913204193115234,11.919816970825195,868.239990234375,1731.5670166015625,50.569969177246094,50.59229278564453,93.7458267211914,0,0,346.41845703125,0,7.924896240234375,20.7277774810791,20.772977828979492,0,1.034000039100647,0.9067617654800415,50,2.799999952316284,2.3911123275756836,0,0,0,0,0.0,0,0,0,-0.021894879639148712,0.022148607298731804,-0.003386392956599593,-0.003132664831355214,95.70445251464844,96.18954467773438,770.5840454101562,770.9659423828125,770.9659423828125,540.2264404296875,0,0,7.873805046081543,0.0010999999940395355,0.02200000174343586,0.03299999609589577,0.04399999603629112,5655.8173828125,114276.53125,0.0429663360118866,0,3.1392715754918754e-05,70.10116577148438,0,0.0002616529818624258,2.8350639695418067e-05,0,0,23.700000762939453,0,0,1600,0,50,0,0,0,50,50,800,0.0,0.0,0.0,0.0
39,158.28782653808594,309.5058288574219,325.6725769042969,325.6273193359375,293.21588134765625,293.2611389160156,16515.818359375,33031.63671875,70.36239624023438,70.3620376586914,1733.400634765625,3461.250244140625,1678.759521484375,3347.21142578125,284.6188049316406,62.16868209838867,-2.5186072889482602e-06,0,0,2574.40283203125,1298.609375,0,7.657038688659668,2597.535400390625,11.916735649108887,11.923473358154297,866.7997436523438,1728.67626953125,50.61287307739258,50.63667297363281,93.57905578613281,0,0,346.4197692871094,0,7.924896240234375,20.747173309326172,20.79244041442871,0,1.034000039100647,0.9067617654800415,50,2.799999952316284,2.395155191421509,0,0,0,0,0.0,0,0,0,-0.022679848596453667,0.0230950266122818,-0.003608183702453971,-0.0031930063851177692,95.5357894897461,96.02718353271484,769.8128051757812,770.1995849609375,770.1995849609375,539.8495483398438,0,0,7.657038688659668,0.0010999999940395355,0.02200000174343586,0.03299999609589577,0.04399999603629112,5655.8173828125,114276.53125,0.0429663360118866,0,3.1392715754918754e-05,71.92198181152344,0,0.0002616529818624258,2.8350639695418067e-05,0,0,23.700000762939453,0,0,1600,0,50,0,0,0,50,50,800,0.0,0.0,0.0,0.0
40,158.29022216796875,309.5184326171875,325.6544189453125,325.60906982421875,293.2587890625,293.3041076660156,16515.818359375,33031.63671875,70.4081039428711,70.40776062011719,1731.0191650390625,3456.383056640625,1675.77685546875,3341.23681640625,284.62060546875,62.1732063293457,-4.766169695358258e-06,0,0,2574.3955078125,1298.83935546875,0,7.440942287445068,2593.08056640625,11.920304298400879,11.927162170410156,865.3500366210938,1725.76708984375,50.6567497253418,50.682029724121094,93.41227722167969,0,0,346.4210205078125,0,7.924896240234375,20.7666015625,20.81193733215332,0,1.034000039100647,0.9067617654800415,50,2.799999952316284,2.3992700576782227,0,0,0,0,0.0,0,0,0,-0.023465029895305634,0.02405526302754879,-0.003883518511429429,-0.0032932856120169163,95.36029052734375,95.86249542236328,769.0267944335938,769.4220581054688,769.4220581054688,539.4671020507812,0,0,7.440942287445068,0.0010999999940395355,0.02200000174343586,0.03299999609589577,0.04399999603629112,5655.8173828125,114276.53125,0.0429663360118866,0,3.1392715754918754e-05,73.7427978515625,0,0.0002616529818624258,2.8350639695418067e-05,0,0,23.700000762939453,0,0,1600,0,50,0,0,0,50,50,800,0.0,0.0,0.0,0.0
41,158.29241943359375,309.531005859375,325.63616943359375,325.59075927734375,293.30181884765625,293.3471984863281,16515.818359375,33031.63671875,70.45397186279297,70.45362854003906,1728.5919189453125,3451.426025390625,1672.793701171875,3335.26220703125,284.62225341796875,62.177459716796875,4.913391421723645e-06,0,0,2574.388671875,1299.0703125,0,7.235126972198486,2588.517333984375,11.923906326293945,11.93088436126709,863.8944702148438,1722.846435546875,50.70192337036133,50.72874450683594,93.24549102783203,0,0,346.4222106933594,0,7.924896240234375,20.78603172302246,20.83143424987793,0,1.034000039100647,0.9067617654800415,50,2.799999952316284,2.4034996032714844,0,0,0,0,0.0,0,0,0,-0.024248315021395683,0.025039201602339745,-0.004211170598864555,-0.003420282620936632,95.17557525634766,95.69380187988281,768.2174682617188,768.6253662109375,768.6253662109375,539.0750732421875,0,0,7.235126972198486,0.0010999999940395355,0.02200000174343586,0.03299999609589577,0.04399999603629112,5655.8173828125,114276.53125,0.0429663360118866,0,3.1392715754918754e-05,75.56361389160156,0,0.0002616529818624258,2.8350639695418067e-05,0,0,23.700000762939453,0,0,1600,0,50,0,0,0,50,50,800,0.0,0.0,0.0,0.0
42,158.29441833496094,309.54345703125,325.6178283691406,325.57232666015625,293.344970703125,293.3904724121094,16515.818359375,33031.63671875,70.49996948242188,70.4996337890625,1726.1146240234375,3446.3662109375,1669.809814453125,3329.2890625,284.6238098144531,62.181365966796875,4.264185918145813e-06,0,0,2574.382568359375,1299.30126953125,0,7.035526275634766,2583.8046875,11.927538871765137,11.934633255004883,862.4267578125,1719.8985595703125,50.748756408691406,50.77701950073242,93.07872009277344,0,0,346.42327880859375,0,7.924896240234375,20.805461883544922,20.85096549987793,0,1.034000039100647,0.9067617654800415,50,2.799999952316284,2.407883405685425,0,0,0,0,0.0,0,0,0,-0.025023361667990685,0.026055973023176193,-0.004589925054460764,-0.0035573120694607496,94.98252868652344,95.51958465576172,767.3793334960938,767.8020629882812,767.8020629882812,538.669677734375,0,0,7.035526275634766,0.0010999999940395355,0.02200000174343586,0.03299999609589577,0.04399999603629112,5655.8173828125,114276.53125,0.0429663360118866,0,3.1392715754918754e-05,77.38442993164062,0,0.0002616529818624258,2.8350639695418067e-05,0,0,23.700000762939453,0,0,1600,0,50,0,0,0,50,50,800,0.0,0.0,0.0,0.0
43,158.2960662841797,309.5556640625,325.5992736816406,325.5537109375,293.3882751464844,293.433837890625,16515.818359375,33031.63671875,70.54607391357422,70.54574584960938,1723.583984375,3441.2021484375,1666.8253173828125,3323.316162109375,284.6251525878906,62.18474578857422,-2.113946720783133e-06,0,0,2574.376708984375,1299.53271484375,0,6.857941150665283,2578.9228515625,11.931199073791504,11.938407897949219,860.9451293945312,1716.92822265625,50.79729461669922,50.8270149230957,92.91194152832031,0,0,346.4241943359375,0,7.924896240234375,20.82492446899414,20.87049674987793,0,1.034000039100647,0.9067617654800415,50,2.799999952316284,2.4124414920806885,0,0,0,0,0.0,0,0,0,-0.025783825665712357,0.02711009979248047,-0.005018504802137613,-0.0036922318395227194,94.7822265625,95.33910369873047,766.5101928710938,766.9485473632812,766.9485473632812,538.2490234375,0,0,6.857941150665283,0.0010999999940395355,0.02200000174343586,0.03299999609589577,0.04399999603629112,5655.8173828125,114276.53125,0.0429663360118866,0,3.1392715754918754e-05,79.20524597167969,0,0.0002616529818624258,2.8350639695418067e-05,0,0,23.700000762939453,0,0,1600,0,50,0,0,0,50,50,800,0.0,0.0,0.0,0.0
44,158.2972412109375,309.5675048828125,325.58056640625,325.534912109375,293.4316101074219,293.47723388671875,16515.818359375,33031.63671875,70.59223937988281,70.59191131591797,1721.00048828125,3435.9326171875,1663.8411865234375,3317.3427734375,284.626220703125,62.1873779296875,-5.3765170378028415e-06,0,0,2574.37255859375,1299.7637939453125,0,6.705502033233643,2573.8671875,11.934882164001465,11.942205429077148,859.4483642578125,1713.9227294921875,50.847537994384766,50.87874984741211,92.74516296386719,0,0,346.4249572753906,0,7.924896240234375,20.844388961791992,20.89002799987793,0,1.034000039100647,0.9067617654800415,50,2.799999952316284,2.417180061340332,0,0,0,0,0.0,0,0,0,-0.026521243155002594,0.028202584013342857,-0.00549571355804801,-0.003814373165369034,94.57636260986328,95.15220642089844,765.6106567382812,766.0639038085938,766.0639038085938,537.8128051757812,0,0,6.705502033233643,0.0010999999940395355,0.02200000174343586,0.03299999609589577,0.04399999603629112,5655.8173828125,114276.53125,0.0429663360118866,0,3.1392715754918754e-05,81.02606201171875,0,0.0002616529818624258,2.8350639695418067e-05,0,0,23.700000762939453,0,0,1600,0,50,0,0,0,50,50,800,0.0,0.0,0.0,0.0
45,158.29782104492188,309.5788269042969,325.5615539550781,325.5158386230469,293.47491455078125,293.52069091796875,16515.818359375,33031.63671875,70.63841247558594,70.63809204101562,1718.3670654296875,3430.56201171875,1660.85888671875,3311.367919921875,284.6268310546875,62.18903732299805,2.7399571536079748e-06,0,0,2574.3701171875,1299.9937744140625,0,6.580399513244629,2568.650146484375,11.938589096069336,11.94602108001709,857.9306640625,1710.877197265625,50.89946746826172,50.93204116821289,92.57838439941406,0,0,346.4254150390625,0,7.924896240234375,20.86385154724121,20.90959358215332,0,1.034000039100647,0.9067617654800415,50,2.799999952316284,2.4220893383026123,0,0,0,0,0.0,0,0,0,-0.027227144688367844,0.02933099865913391,-0.006020410917699337,-0.003916556015610695,94.36672973632812,94.95934295654297,764.6837158203125,765.1502075195312,765.1502075195312,537.3617553710938,0,0,6.580399513244629,0.0010999999940395355,0.02200000174343586,0.03299999609589577,0.04399999603629112,5655.8173828125,114276.53125,0.0429663360118866,0,3.1392715754918754e-05,82.84687805175781,0,0.0002616529818624258,2.8350639695418067e-05,0,0,23.700000762939453,0,0,1600,0,50,0,0,0,50,50,800,0.0,0.0,0.0,0.0
46,158.2976837158203,309.5895080566406,325.54217529296875,325.4963684082031,293.5181884765625,293.56402587890625,16515.818359375,33031.63671875,70.6845474243164,70.6842269897461,1715.6875,3425.10107421875,1657.877685546875,3305.3916015625,284.6270446777344,62.18949508666992,-1.989255679291091e-06,0,0,2574.369140625,1300.2230224609375,0,6.468507289886475,2563.294189453125,11.942312240600586,11.949851989746094,856.3892822265625,1707.787109375,50.9527702331543,50.986698150634766,92.41160583496094,0,0,346.4255065917969,0,7.924896240234375,20.88334846496582,20.92915916442871,0,1.034000039100647,0.9067617654800415,50,2.799999952316284,2.427150249481201,0,0,0,0,0.0,0,0,0,-0.027893047779798508,0.03049056977033615,-0.006591543089598417,-0.003994019702076912,94.1551284790039,94.76133728027344,763.7340698242188,764.2113037109375,764.2113037109375,536.8978271484375,0,0,6.468507289886475,0.0010999999940395355,0.02200000174343586,0.03299999609589577,0.04399999603629112,5655.8173828125,114276.53125,0.0429663360118866,0,3.1392715754918754e-05,84.66769409179688,0,0.0002616529818624258,2.8350639695418067e-05,0,0,23.700000762939453,0,0,1600,0,50,0,0,0,50,50,800,0.0,0.0,0.0,0.0
47,158.2966766357422,309.5995788574219,325.5223083496094,325.4764099121094,293.5613098144531,293.60723876953125,16515.818359375,33031.63671875,70.73054504394531,70.73023986816406,1712.967529296875,3419.558349609375,1654.8941650390625,3299.41796875,284.6266784667969,62.18858337402344,-2.58555746768252e-06,0,0,2574.370849609375,1300.450927734375,0,6.418148517608643,2557.828857421875,11.946049690246582,11.953694343566895,854.8272094726562,1704.650390625,51.00721740722656,51.042476654052734,92.24482727050781,0,0,346.4252624511719,0,7.924896240234375,20.9029483795166,20.94882583618164,0,1.034000039100647,0.9067617654800415,50,2.799999952316284,2.4323363304138184,0,0,0,0,0.0,0,0,0,-0.028521036729216576,0.03167485073208809,-0.0072081685066223145,-0.004054355900734663,93.94276428222656,94.55929565429688,762.76708984375,763.2523803710938,763.2523803710938,536.4234619140625,0,0,6.418148517608643,0.0010999999940395355,0.02200000174343586,0.03299999609589577,0.04399999603629112,5655.8173828125,114276.53125,0.0429663360118866,0,3.1392715754918754e-05,86.48851013183594,0,0.0002616529818624258,2.8350639695418067e-05,0,0,23.700000762939453,0,0,1600,0,50,0,0,0,50,50,800,0.0,0.0,0.0,0.0
48,158.29476928710938,309.6089782714844,325.501953125,325.4560241699219,293.60418701171875,293.65020751953125,16515.818359375,33031.63671875,70.77638244628906,70.77606964111328,1710.2108154296875,3413.944091796875,1651.914794921875,3293.43994140625,284.625732421875,62.18621826171875,-1.1953833336519892e-06,0,0,2574.375244140625,1300.6771240234375,0,6.367700576782227,2552.28173828125,11.949797630310059,11.957545280456543,853.2432250976562,1701.4727783203125,51.06252670288086,51.099124908447266,92.07805633544922,0,0,346.42449951171875,0,7.924896240234375,20.92254638671875,20.96849250793457,0,1.034000039100647,0.9067617654800415,50,2.799999952316284,2.4376227855682373,0,0,0,0,0.0,0,0,0,-0.029106860980391502,0.03287788853049278,-0.007869313471019268,-0.004098286386579275,93.7298812866211,94.3542251586914,761.7868041992188,762.2782592773438,762.2782592773438,535.9412841796875,0,0,6.367700576782227,0.0010999999940395355,0.02200000174343586,0.03299999609589577,0.04399999603629112,5655.8173828125,114276.53125,0.0429663360118866,0,3.1392715754918754e-05,88.309326171875,0,0.0002616529818624258,2.8350639695418067e-05,0,0,23.700000762939453,0,0,1600,0,50,0,0,0,50,50,800,0.0,0.0,0.0,0.0
49,158.29193115234375,309.61767578125,325.4809875488281,325.43499755859375,293.6468811035156,293.6929626464844,16515.818359375,33031.63671875,70.82198333740234,70.82168579101562,1707.4219970703125,3408.264892578125,1648.929931640625,3287.467529296875,284.62420654296875,62.182342529296875,4.1018843148776796e-06,0,0,2574.38232421875,1300.9019775390625,0,6.329523086547852,2546.674072265625,11.9535551071167,11.961402893066406,851.6404418945312,1698.2567138671875,51.11857986450195,51.15642166137695,91.9112777709961,0,0,346.42327880859375,0,7.924896240234375,20.94228172302246,20.98829460144043,0,1.034000039100647,0.9067617654800415,50,2.799999952316284,2.442990303039551,0,0,0,0,0.0,0,0,0,-0.02965049259364605,0.03409499675035477,-0.008574082516133785,-0.004129577428102493,93.51704406738281,94.14691925048828,760.7969360351562,761.292724609375,761.292724609375,535.453125,0,0,6.329523086547852,0.0010999999940395355,0.02200000174343586,0.03299999609589577,0.04399999603629112,5655.8173828125,114276.53125,0.0429663360118866,0,3.1392715754918754e-05,90.13014221191406,0,0.0002616529818624258,2.8350639695418067e-05,0,0,23.700000762939453,0,0,1600,0,50,0,0,0,50,50,800,0.0,0.0,0.0,0.0
50,158.2881622314453,309.625732421875,325.45947265625,325.4133605957031,293.689208984375,293.7353515625,16515.818359375,33031.63671875,70.86730194091797,70.86701202392578,1704.6024169921875,3402.529052734375,1645.9453125,3281.494384765625,284.6220703125,62.17695617675781,2.67051132141205e-06,0,0,2574.39208984375,1301.124267578125,0,6.297001361846924,2541.025634765625,11.957317352294922,11.965264320373535,850.0206909179688,1695.0064697265625,51.17499923706055,51.21427917480469,91.74449157714844,0,0,346.4216003417969,0,7.924896240234375,20.96211814880371,21.00823402404785,0,1.034000039100647,0.9067617654800415,50,2.799999952316284,2.448421001434326,0,0,0,0,0.0,0,0,0,-0.030151907354593277,0.035321906208992004,-0.0093216048553586,-0.004151605069637299,93.30445861816406,93.93810272216797,759.8004760742188,760.29931640625,760.29931640625,534.9605712890625,0,0,6.297001361846924,0.0010999999940395355,0.02200000174343586,0.03299999609589577,0.04399999603629112,5655.8173828125,114276.53125,0.0429663360118866,0,3.1392715754918754e-05,91.95095825195312,0,0.0002616529818624258,2.8350639695418067e-05,0,0,23.700000762939453,0,0,1600,0,50,0,0,0,50,50,800,0.0,0.0,0.0,0.0
51,158.28347778320312,309.6330871582031,325.4372863769531,325.3910827636719,293.731201171875,293.7774353027344,16515.818359375,33031.63671875,70.91229248046875,70.91200256347656,1701.7579345703125,3396.740234375,1642.9649658203125,3275.517822265625,284.61932373046875,62.170047760009766,3.4032086659863126e-06,0,0,2574.40478515625,1301.344970703125,0,6.2578864097595215,2535.350341796875,11.96108341217041,11.969125747680664,848.3853149414062,1691.7281494140625,51.231929779052734,51.272403717041016,91.57772064208984,0,0,346.4194030761719,0,7.924896240234375,20.98212432861328,21.02834129333496,0,1.034000039100647,0.9067617654800415,50,2.799999952316284,2.453901529312134,0,0,0,0,0.0,0,0,0,-0.030611088499426842,0.036555517464876175,-0.010111046023666859,-0.004166615195572376,93.09222412109375,93.7282943725586,758.7997436523438,759.3004150390625,759.3004150390625,534.4649658203125,0,0,6.2578864097595215,0.0010999999940395355,0.02200000174343586,0.03299999609589577,0.04399999603629112,5655.8173828125,114276.53125,0.0429663360118866,0,3.1392715754918754e-05,93.77177429199219,0,0.0002616529818624258,2.8350639695418067e-05,0,0,23.700000762939453,0,0,1600,0,50,0,0,0,50,50,800,0.0,0.0,0.0,0.0
52,158.27786254882812,309.6397705078125,325.4145202636719,325.3681945800781,293.7727355957031,293.81903076171875,16515.818359375,33031.63671875,70.95691680908203,70.95662689208984,1698.888916015625,3390.904296875,1639.981201171875,3269.5439453125,284.6159973144531,62.16162872314453,-2.592735199868912e-06,0,0,2574.42041015625,1301.5628662109375,0,6.251493453979492,2529.65966796875,11.964850425720215,11.972986221313477,846.7374877929688,1688.42041015625,51.2890739440918,51.330780029296875,91.41094207763672,0,0,346.4167785644531,0,7.924896240234375,21.00226593017578,21.048583984375,0,1.034000039100647,0.9067617654800415,50,2.799999952316284,2.4594218730926514,0,0,0,0,0.0,0,0,0,-0.031028006225824356,0.03779331594705582,-0.010941569693386555,-0.004176261369138956,92.8804702758789,93.5179214477539,757.79638671875,758.2981567382812,758.2981567382812,533.9673461914062,0,0,6.251493453979492,0.0010999999940395355,0.02200000174343586,0.03299999609589577,0.04399999603629112,5655.8173828125,114276.53125,0.0429663360118866,0,3.1392715754918754e-05,95.59259033203125,0,0.0002616529818624258,2.8350639695418067e-05,0,0,23.700000762939453,0,0,1600,0,50,0,0,0,50,50,800,0.0,0.0,0.0,0.0
53,158.27137756347656,309.64581298828125,325.3910827636719,325.34466552734375,293.81378173828125,293.8601989746094,16515.818359375,33031.63671875,71.00111389160156,71.00083923339844,1695.997802734375,3385.02294921875,1636.9962158203125,3263.571533203125,284.61212158203125,62.151771545410156,-4.278172582417028e-06,0,0,2574.4384765625,1301.7786865234375,0,6.2319135665893555,2523.963134765625,11.968618392944336,11.976845741271973,845.076416015625,1685.0882568359375,51.34642028808594,51.38930892944336,91.2441635131836,0,0,346.4136962890625,0,7.924896240234375,21.022611618041992,21.06903076171875,0,1.034000039100647,0.9067617654800415,50,2.799999952316284,2.464972734451294,0,0,0,0,0.0,0,0,0,-0.0314047671854496,0.03903328999876976,-0.011812354438006878,-0.004183832090348005,92.66930389404297,93.30732727050781,756.7918701171875,757.2941284179688,757.2941284179688,533.468505859375,0,0,6.2319135665893555,0.0010999999940395355,0.02200000174343586,0.03299999609589577,0.04399999603629112,5655.8173828125,114276.53125,0.0429663360118866,0,3.1392715754918754e-05,97.41340637207031,0,0.0002616529818624258,2.8350639695418067e-05,0,0,23.700000762939453,0,0,1600,0,50,0,0,0,50,50,800,0.0,0.0,0.0,0.0
54,158.2640380859375,309.6512145996094,325.3670349121094,325.3205261230469,293.8543395996094,293.90081787109375,16515.818359375,33031.63671875,71.04489135742188,71.04460906982422,1693.08544921875,3379.1005859375,1634.016845703125,3257.59375,284.6076354980469,62.140499114990234,1.832943553381483e-06,0,0,2574.458984375,1301.991455078125,0,6.213651657104492,2518.264892578125,11.972383499145508,11.980698585510254,843.4078979492188,1681.7423095703125,51.403839111328125,51.44791793823242,91.07738494873047,0,0,346.4101257324219,0,7.924896240234375,21.0430908203125,21.08961296081543,0,1.034000039100647,0.9067617654800415,50,2.799999952316284,2.470550298690796,0,0,0,0,0.0,0,0,0,-0.03174347057938576,0.04027435556054115,-0.01272259745746851,-0.004191713873296976,92.45822143554688,93.09667205810547,755.78662109375,756.2892456054688,756.2892456054688,532.9688720703125,0,0,6.213651657104492,0.0010999999940395355,0.02200000174343586,0.03299999609589577,0.04399999603629112,5655.8173828125,114276.53125,0.0429663360118866,0,3.1392715754918754e-05,99.23422241210938,0,0.0002616529818624258,2.8350639695418067e-05,0,0,23.700000762939453,0,0,1600,0,50,0,0,0,50,50,800,0.0,0.0,0.0,0.0
55,158.2559051513672,309.6560363769531,325.34228515625,325.2956848144531,293.8944091796875,293.94097900390625,16515.818359375,33031.63671875,71.08821105957031,71.08793640136719,1690.1524658203125,3373.136962890625,1631.0322265625,3251.620849609375,284.6026306152344,62.127864837646484,2.6032512323581614e-06,0,0,2574.482421875,1302.2017822265625,0,6.195234298706055,2512.566650390625,11.976144790649414,11.98454761505127,841.7327880859375,1678.381591796875,51.461395263671875,51.506568908691406,90.91060638427734,0,0,346.4061584472656,0,7.924896240234375,21.06387710571289,21.1104679107666,0,1.034000039100647,0.9067617654800415,50,2.799999952316284,2.4761533737182617,0,0,0,0,0.0,0,0,0,-0.03204410523176193,0.041516173630952835,-0.013671494089066982,-0.004199426155537367,92.24722290039062,92.88601684570312,754.7808227539062,755.28369140625,755.28369140625,532.4686889648438,0,0,6.195234298706055,0.0010999999940395355,0.02200000174343586,0.03299999609589577,0.04399999603629112,5655.8173828125,114276.53125,0.0429663360118866,0,3.1392715754918754e-05,101.05503845214844,0,0.0002616529818624258,2.8350639695418067e-05,0,0,23.700000762939453,0,0,1600,0,50,0,0,0,50,50,800,0.0,0.0,0.0,0.0
56,158.2469482421875,309.6603088378906,325.3169860839844,325.2702941894531,293.9339599609375,293.9806213378906,16515.818359375,33031.63671875,71.13105773925781,71.13079833984375,1687.1982421875,3367.1328125,1628.052734375,3245.642822265625,284.5970764160156,62.11391067504883,4.4238363443582784e-06,0,0,2574.508056640625,1302.409912109375,0,6.176234722137451,2506.86865234375,11.979901313781738,11.988389015197754,840.0514526367188,1675.010009765625,51.51894760131836,51.5652961730957,90.74382781982422,0,0,346.40179443359375,0,7.924896240234375,21.08479881286621,21.13149070739746,0,1.034000039100647,0.9067617654800415,50,2.799999952316284,2.481781482696533,0,0,0,0,0.0,0,0,0,-0.032310888171195984,0.04275866225361824,-0.01465831883251667,-0.004210546612739563,92.0361099243164,92.67536926269531,753.7744140625,754.2776489257812,754.2776489257812,531.9678955078125,0,0,6.176234722137451,0.0010999999940395355,0.02200000174343586,0.03299999609589577,0.04399999603629112,5655.8173828125,114276.53125,0.0429663360118866,0,3.1392715754918754e-05,102.8758544921875,0,0.0002616529818624258,2.8350639695418067e-05,0,0,23.700000762939453,0,0,1600,0,50,0,0,0,50,50,800,0.0,0.0,0.0,0.0
57,158.23721313476562,309.6639709472656,325.2911376953125,325.2443542480469,293.972900390625,294.0196533203125,16515.818359375,33031.63671875,71.17342376708984,71.17316436767578,1684.223876953125,3361.090576171875,1625.06787109375,3239.6708984375,284.591064453125,62.098670959472656,1.8880335801441106e-06,0,0,2574.535888671875,1302.6146240234375,0,6.156968593597412,2501.169189453125,11.983652114868164,11.99222183227539,838.3657836914062,1671.629150390625,51.57658386230469,51.6240348815918,90.57705688476562,0,0,346.3970031738281,0,7.924896240234375,21.10585594177246,21.15264892578125,0,1.034000039100647,0.9067617654800415,50,2.799999952316284,2.4874367713928223,0,0,0,0,0.0,0,0,0,-0.03253958001732826,0.04400215297937393,-0.015682216733694077,-0.004219643771648407,91.82485961914062,92.46466827392578,752.76708984375,753.270751953125,753.270751953125,531.4664916992188,0,0,6.156968593597412,0.0010999999940395355,0.02200000174343586,0.03299999609589577,0.04399999603629112,5655.8173828125,114276.53125,0.0429663360118866,0,3.1392715754918754e-05,104.69667053222656,0,0.0002616529818624258,2.8350639695418067e-05,0,0,23.700000762939453,0,0,1600,0,50,0,0,0,50,50,800,0.0,0.0,0.0,0.0
58,158.2267303466797,309.6670837402344,325.2647399902344,325.2178649902344,294.0111999511719,294.0580749511719,16515.818359375,33031.63671875,71.21529388427734,71.21504211425781,1681.2308349609375,3355.0087890625,1622.0906982421875,3233.6904296875,284.58453369140625,62.08218765258789,1.3869284885004163e-06,0,0,2574.56640625,1302.817138671875,0,6.138438701629639,2495.468505859375,11.987395286560059,11.996045112609863,836.67578125,1668.236572265625,51.63429641723633,51.68277359008789,90.41027069091797,0,0,346.3918151855469,0,7.924896240234375,21.12708282470703,21.1739444732666,0,1.034000039100647,0.9067617654800415,50,2.799999952316284,2.49311900138855,0,0,0,0,0.0,0,0,0,-0.032734405249357224,0.04524664953351021,-0.016742445528507233,-0.004230201244354248,91.61366271972656,92.25392150878906,751.759033203125,752.2630615234375,752.2630615234375,530.96435546875,0,0,6.138438701629639,0.0010999999940395355,0.02200000174343586,0.03299999609589577,0.04399999603629112,5655.8173828125,114276.53125,0.0429663360118866,0,3.1392715754918754e-05,106.51748657226562,0,0.0002616529818624258,2.8350639695418067e-05,0,0,23.700000762939453,0,0,1600,0,50,0,0,0,50,50,800,0.0,0.0,0.0,0.0
59,158.2154998779297,309.669677734375,325.2378234863281,325.19085693359375,294.0489501953125,294.09588623046875,16515.818359375,33031.63671875,71.25666046142578,71.25641632080078,1678.2174072265625,3348.89013671875,1619.099365234375,3227.724365234375,284.5775451660156,62.06447982788086,-4.81017514175619e-06,0,0,2574.5986328125,1303.0166015625,0,6.120490550994873,2489.7666015625,11.991128921508789,11.999855995178223,834.9822998046875,1664.8402099609375,51.69197082519531,51.74153518676758,90.24349212646484,0,0,346.3862609863281,0,7.924896240234375,21.14844512939453,21.19540786743164,0,1.034000039100647,0.9067617654800415,50,2.799999952316284,2.498828649520874,0,0,0,0,0.0,0,0,0,-0.03289536014199257,0.0464920699596405,-0.017838254570961,-0.004241543356329203,91.40229797363281,92.04312896728516,750.7501220703125,751.254638671875,751.254638671875,530.4615478515625,0,0,6.120490550994873,0.0010999999940395355,0.02200000174343586,0.03299999609589577,0.04399999603629112,5655.8173828125,114276.53125,0.0429663360118866,0,3.1392715754918754e-05,108.33830261230469,0,0.0002616529818624258,2.8350639695418067e-05,0,0,23.700000762939453,0,0,1600,0,50,0,0,0,50,50,800,0.0,0.0,0.0,0.0
60,158.2035369873047,309.67169189453125,325.21038818359375,325.1632995605469,294.0860595703125,294.133056640625,16515.818359375,33031.63671875,71.29752349853516,71.29727935791016,1675.1856689453125,3342.732666015625,1616.1199951171875,3221.74658203125,284.5700378417969,62.04558181762695,-8.384722036680614e-07,0,0,2574.633544921875,1303.213134765625,0,6.104397296905518,2484.062744140625,11.994853019714355,12.003657341003418,833.2867431640625,1661.440185546875,51.74964904785156,51.800315856933594,90.07672119140625,0,0,346.38031005859375,0,7.924896240234375,21.16994285583496,21.217008590698242,0,1.034000039100647,0.9067617654800415,50,2.799999952316284,2.5045666694641113,0,0,0,0,0.0,0,0,0,-0.0330224335193634,0.047738660126924515,-0.018968895077705383,-0.004252668935805559,91.19082641601562,91.83226013183594,749.7402954101562,750.2452392578125,750.2452392578125,529.9580078125,0,0,6.104397296905518,0.0010999999940395355,0.02200000174343586,0.03299999609589577,0.04399999603629112,5655.8173828125,114276.53125,0.0429663360118866,0,3.1392715754918754e-05,110.15911865234375,0,0.0002616529818624258,2.8350639695418067e-05,0,0,23.700000762939453,0,0,1600,0,50,0,0,0,50,50,800,0.0,0.0,0.0,0.0
61,158.19085693359375,309.6731872558594,325.18243408203125,325.13531494140625,294.1225891113281,294.169677734375,16515.818359375,33031.63671875,71.33786010742188,71.3376235961914,1672.1356201171875,3336.53955078125,1613.1353759765625,3215.77392578125,284.56207275390625,62.02550506591797,4.409325356391491e-06,0,0,2574.670166015625,1303.4071044921875,0,6.091164588928223,2478.3564453125,11.998565673828125,12.007442474365234,831.58837890625,1658.0333251953125,51.807411193847656,51.859012603759766,89.90994262695312,0,0,346.3740234375,0,7.924896240234375,21.19157600402832,21.23870849609375,0,1.034000039100647,0.9067617654800415,50,2.799999952316284,2.510333299636841,0,0,0,0,0.7760612041089834,0,0,0,-0.03311562538146973,0.048986341804265976,-0.02013368532061577,-0.004262969363480806,90.9793701171875,91.62130737304688,748.7296752929688,749.2349853515625,749.2349853515625,529.4537353515625,0,0,6.091164588928223,0.0010999999940395355,0.02200000174343586,0.03299999609589577,0.04399999603629112,5655.8173828125,114276.53125,0.0429663360118866,0,3.1392715754918754e-05,111.97993469238281,0,0.0002616529818624258,2.8350639695418067e-05,0,0,23.700000762939453,0,0,1600,0,50,0,0,0,50,50,800,0.0,0.0,0.0,0.0
62,158.17752075195312,309.6741943359375,325.15399169921875,325.1067810058594,294.1584777832031,294.2056579589844,16515.818359375,33031.63671875,71.377685546875,71.37744903564453,1669.06689453125,3330.3115234375,1610.1575927734375,3209.7939453125,284.5536804199219,62.004249572753906,2.9748272822871513e-07,0,0,2574.709228515625,1303.5985107421875,0,6.083945274353027,2472.649169921875,12.002266883850098,12.011215209960938,829.8889770507812,1654.6229248046875,51.865081787109375,51.917701721191406,89.7431640625,0,0,346.3673400878906,0,7.924896240234375,21.213346481323242,21.26054573059082,0,1.034000039100647,0.9067617654800415,50,2.799999952316284,2.516127347946167,0,0,0,0,4.502119189655121,0,0,0,-0.03317704796791077,0.05023493990302086,-0.02133188582956791,-0.004273992031812668,90.76799774169922,91.41032409667969,747.7183227539062,748.2239379882812,748.2239379882812,528.9488525390625,0,0,6.083945274353027,0.0010999999940395355,0.02200000174343586,0.03299999609589577,0.04399999603629112,5655.8173828125,114276.53125,0.0429663360118866,0,3.1392715754918754e-05,113.80075073242188,0,0.0002616529818624258,2.8350639695418067e-05,0,0,23.700000762939453,0,0,1600,0,50,0,0,0,50,50,800,0.0,0.0,0.0,0.0
63,158.16354370117188,309.6746520996094,325.1251220703125,325.07781982421875,294.1936950683594,294.2409973144531,16515.818359375,33031.63671875,71.41698455810547,71.41676330566406,1665.980712890625,3324.04736328125,1607.1715087890625,3203.82275390625,284.5447998046875,61.98185729980469,3.852820100291865e-06,0,0,2574.75,1303.78662109375,0,6.074333667755127,2466.94091796875,12.00595474243164,12.014973640441895,828.1893920898438,1651.2158203125,51.92280197143555,51.9763298034668,89.57637786865234,0,0,346.3603515625,0,7.924896240234375,21.23521614074707,21.28251838684082,0,1.034000039100647,0.9067617654800415,50,2.799999952316284,2.521949529647827,0,0,0,0,8.416167132890859,0,0,0,-0.03320670127868652,0.051484379917383194,-0.022562788799405098,-0.004285111092031002,90.55632019042969,91.19929504394531,746.7061767578125,747.2122802734375,747.2122802734375,528.443359375,0,0,6.074333667755127,0.0010999999940395355,0.02200000174343586,0.03299999609589577,0.04399999603629112,5655.8173828125,114276.53125,0.0429663360118866,0,3.1392715754918754e-05,115.62156677246094,0,0.0002616529818624258,2.8350639695418067e-05,0,0,23.700000762939453,0,0,1600,0,50,0,0,0,50,50,800,0.0,0.0,0.0,0.0
64,158.14891052246094,309.6745910644531,325.0958251953125,325.0484313964844,294.228271484375,294.27569580078125,16515.818359375,33031.63671875,71.45576477050781,71.45555877685547,1662.87548828125,3317.749755859375,1604.185791015625,3197.8515625,284.5354919433594,61.95830535888672,9.535562526252761e-07,0,0,2574.793212890625,1303.9722900390625,0,6.073082447052002,2461.230224609375,12.00963020324707,12.018715858459473,826.4872436523438,1647.80322265625,51.98037338256836,52.03494644165039,89.40960693359375,0,0,346.35302734375,0,7.924896240234375,21.25718879699707,21.304594039916992,0,1.034000039100647,0.9067617654800415,50,2.799999952316284,2.527801036834717,0,0,0,0,12.513384256182762,0,0,0,-0.03320246562361717,0.052734993398189545,-0.023825697600841522,-0.00429316982626915,90.3448486328125,90.9881820678711,745.6931762695312,746.1996459960938,746.1996459960938,527.9371337890625,0,0,6.073082447052002,0.0010999999940395355,0.02200000174343586,0.03299999609589577,0.04399999603629112,5655.8173828125,114276.53125,0.0429663360118866,0,3.1392715754918754e-05,117.4423828125,0,0.0002616529818624258,2.8350639695418067e-05,0,0,23.700000762939453,0,0,1600,0,50,0,0,0,50,50,800,0.0,0.0,0.0,0.0
65,158.13363647460938,309.67413330078125,325.0661315917969,325.0186462402344,294.2622375488281,294.3097229003906,16515.818359375,33031.63671875,71.4940414428711,71.49383544921875,1659.7537841796875,3311.419189453125,1601.2022705078125,3191.87744140625,284.5257263183594,61.93362045288086,-4.333254764787853e-06,0,0,2574.837890625,1304.1549072265625,0,6.058441638946533,2455.519287109375,12.013290405273438,12.022439956665039,824.791015625,1644.39892578125,52.037933349609375,52.093448638916016,89.24282836914062,0,0,346.3453674316406,0,7.924896240234375,21.27923011779785,21.326702117919922,0,1.034000039100647,0.9067617654800415,50,2.799999952316284,2.5336802005767822,0,0,0,0,16.79377206842078,0,0,0,-0.03317492827773094,0.05398610606789589,-0.025120005011558533,-0.004308826755732298,90.13261413574219,90.77705383300781,744.6793212890625,745.1865844726562,745.1865844726562,527.4305419921875,0,0,6.058441638946533,0.0010999999940395355,0.02200000174343586,0.03299999609589577,0.04399999603629112,5655.8173828125,114276.53125,0.0429663360118866,0,3.1392715754918754e-05,119.26319885253906,0,0.0002616529818624258,2.8350639695418067e-05,0,0,23.700000762939453,0,0,1600,0,50,0,0,0,50,50,800,0.0,0.0,0.0,0.0
66,158.11773681640625,309.6730041503906,325.03594970703125,324.9884033203125,294.2955627441406,294.3431396484375,16515.818359375,33031.63671875,71.53179931640625,71.53158569335938,1656.6156005859375,3305.053466796875,1598.2236328125,3185.898681640625,284.5155029296875,61.907798767089844,-1.952885668288218e-06,0,0,2574.88427734375,1304.33447265625,0,6.0764570236206055,2449.802978515625,12.016935348510742,12.026147842407227,823.0843505859375,1640.9755859375,52.09553909301758,52.15187454223633,89.0760498046875,0,0,346.3373718261719,0,7.924896240234375,21.30140495300293,21.34894561767578,0,1.034000039100647,0.9067617654800415,50,2.799999952316284,2.5395922660827637,0,0,0,0,21.257330066641593,0,0,0,-0.033102914690971375,0.05523931235074997,-0.02644495852291584,-0.004308560397475958,89.92166900634766,90.56572723388672,743.6648559570312,744.1718139648438,744.1718139648438,526.9227294921875,0,0,6.0764570236206055,0.0010999999940395355,0.02200000174343586,0.03299999609589577,0.04399999603629112,5655.8173828125,114276.53125,0.0429663360118866,0,3.1392715754918754e-05,121.08401489257812,0,0.0002616529818624258,2.8350639695418067e-05,0,0,23.700000762939453,0,0,1600,0,50,0,0,0,50,50,800,0.0,0.0,0.0,0.0
67,158.10122680664062,309.67132568359375,325.0054016113281,324.957763671875,294.3282165527344,294.3758544921875,16515.818359375,33031.63671875,71.56900787353516,71.56881713867188,1653.46337890625,3298.659912109375,1595.243408203125,3179.921630859375,284.50482177734375,61.880828857421875,-4.2840943024202716e-06,0,0,2574.932861328125,1304.5115966796875,0,6.086694717407227,2444.095458984375,12.020562171936035,12.02983570098877,821.377197265625,1637.5537109375,52.152950286865234,52.210113525390625,88.90927124023438,0,0,346.3290710449219,0,7.924896240234375,21.32368278503418,21.37132453918457,0,1.034000039100647,0.9067617654800415,50,2.799999952316284,2.545522689819336,0,0,0,0,25.89923483265437,0,0,0,-0.03299913555383682,0.056491266936063766,-0.027799995616078377,-0.004307865630835295,89.71188354492188,90.35472869873047,742.6520385742188,743.1581420898438,743.1581420898438,526.4151611328125,0,0,6.086694717407227,0.0010999999940395355,0.02200000174343586,0.03299999609589577,0.04399999603629112,5655.8173828125,114276.53125,0.0429663360118866,0,3.1392715754918754e-05,122.90483093261719,0,0.0002616529818624258,2.8350639695418067e-05,0,0,23.700000762939453,0,0,1600,0,50,0,0,0,50,50,800,0.0,0.0,0.0,0.0
68,158.0841064453125,309.6691589355469,324.9743957519531,324.9266662597656,294.3601989746094,294.4079284667969,16515.818359375,33031.63671875,71.60569763183594,71.60549926757812,1650.2952880859375,3292.24072265625,1592.2596435546875,3173.947998046875,284.4936828613281,61.85274124145508,3.956915406888584e-06,0,0,2574.983154296875,1304.6854248046875,0,6.097155570983887,2438.401123046875,12.024173736572266,12.0335054397583,819.6716918945312,1634.131103515625,52.21010208129883,52.26818084716797,88.74249267578125,0,0,346.3204650878906,0,7.924896240234375,21.3460636138916,21.39380645751953,0,1.034000039100647,0.9067617654800415,50,2.799999952316284,2.551467180252075,0,0,0,0,30.714672001607937,0,0,0,-0.032863590866327286,0.05774087458848953,-0.029184499755501747,-0.004307216499000788,89.50239562988281,90.14421844482422,741.6410522460938,742.1463012695312,742.1463012695312,525.9082641601562,0,0,6.097155570983887,0.0010999999940395355,0.02200000174343586,0.03299999609589577,0.04399999603629112,5655.8173828125,114276.53125,0.0429663360118866,0,3.1392715754918754e-05,124.72564697265625,0,0.0002616529818624258,2.8350639695418067e-05,0,0,23.700000762939453,0,0,1600,0,50,0,0,0,50,50,800,0.0,0.0,0.0,0.0
69,158.06639099121094,309.6664733886719,324.94305419921875,324.89520263671875,294.3914794921875,294.4393310546875,16515.818359375,33031.63671875,71.64185333251953,71.64165496826172,1647.1156005859375,3285.79345703125,1589.2767333984375,3167.9736328125,284.4821472167969,61.823570251464844,-3.907990503648762e-06,0,0,2575.035400390625,1304.8565673828125,0,6.107704162597656,2432.719482421875,12.027765274047852,12.037155151367188,817.9649658203125,1630.705078125,52.26711654663086,52.325965881347656,88.57571411132812,0,0,346.3115234375,0,7.924896240234375,21.36847686767578,21.41632080078125,0,1.034000039100647,0.9067617654800415,50,2.799999952316284,2.5574259757995605,0,0,0,0,35.703635537942525,0,0,0,-0.03269628807902336,0.05898838862776756,-0.030597880482673645,-0.004305780399590731,89.29370880126953,89.9341812133789,740.6320190429688,741.1361694335938,741.1361694335938,525.4020385742188,0,0,6.107704162597656,0.0010999999940395355,0.02200000174343586,0.03299999609589577,0.04399999603629112,5655.8173828125,114276.53125,0.0429663360118866,0,3.1392715754918754e-05,126.54646301269531,0,0.0002616529818624258,2.8350639695418067e-05,0,0,23.700000762939453,0,0,1600,0,50,0,0,0,50,50,800,0.0,0.0,0.0,0.0
70,158.04811096191406,309.663330078125,324.9112854003906,324.8633728027344,294.4221496582031,294.4700927734375,16515.818359375,33031.63671875,71.6774673461914,71.67728424072266,1643.9237060546875,3279.322021484375,1586.29833984375,3161.994873046875,284.47015380859375,61.7933464050293,-1.959280780283734e-06,0,0,2575.089111328125,1305.0247802734375,0,6.103257656097412,2427.052490234375,12.031338691711426,12.040782928466797,816.259033203125,1627.2830810546875,52.32390594482422,52.383480072021484,88.40894317626953,0,0,346.3023376464844,0,7.924896240234375,21.39105987548828,21.43897247314453,0,1.034000039100647,0.9067617654800415,50,2.799999952316284,2.5633974075317383,0,0,0,0,40.856490676396014,0,0,0,-0.032499346882104874,0.06023330241441727,-0.0320395864546299,-0.004305630456656218,89.08545684814453,89.72467803955078,739.6249389648438,740.1281127929688,740.1281127929688,524.8965454101562,0,0,6.103257656097412,0.0010999999940395355,0.02200000174343586,0.03299999609589577,0.04399999603629112,5655.8173828125,114276.53125,0.0429663360118866,0,3.1392715754918754e-05,128.36727905273438,0,0.0002616529818624258,2.8350639695418067e-05,0,0,23.700000762939453,0,0,1600,0,50,0,0,0,50,50,800,0.0,0.0,0.0,0.0
71,158.029296875,309.6596984863281,324.8791198730469,324.83111572265625,294.4521789550781,294.50018310546875,16515.818359375,33031.63671875,71.71256256103516,71.71238708496094,1640.7174072265625,3272.82666015625,1583.3116455078125,3156.02392578125,284.457763671875,61.76207733154297,3.293259567271889e-07,0,0,2575.14453125,1305.1905517578125,0,6.133855819702148,2421.39892578125,12.034892082214355,12.044390678405762,814.5537109375,1623.865234375,52.380393981933594,52.4407844543457,88.2421646118164,0,0,346.2928161621094,0,7.924896240234375,21.413677215576172,21.46169090270996,0,1.034000039100647,0.9067617654800415,50,2.799999952316284,2.569382667541504,0,0,0,0,46.16841098099768,0,0,0,-0.03227277472615242,0.06147587299346924,-0.0335090346634388,-0.004305937793105841,88.8775863647461,89.51567077636719,738.6196899414062,739.1220092773438,739.1220092773438,524.3917846679688,0,0,6.133855819702148,0.0010999999940395355,0.02200000174343586,0.03299999609589577,0.04399999603629112,5655.8173828125,114276.53125,0.0429663360118866,0,3.1392715754918754e-05,130.18807983398438,0,0.0002616529818624258,2.8350639695418067e-05,0,0,23.700000762939453,0,0,1600,0,50,0,0,0,50,50,800,0.0,0.0,0.0,0.0
72,158.0099334716797,309.6556091308594,324.8466491699219,324.79852294921875,294.4815368652344,294.5296325683594,16515.818359375,33031.63671875,71.74713134765625,71.74695587158203,1637.49853515625,3266.3056640625,1580.326171875,3150.0517578125,284.44500732421875,61.72980499267578,-1.28682040667627e-06,0,0,2575.201904296875,1305.3531494140625,0,6.1467976570129395,2415.7578125,12.038426399230957,12.047977447509766,812.84912109375,1620.447021484375,52.43665313720703,52.49783706665039,88.07537841796875,0,0,346.2830505371094,0,7.924896240234375,21.4363956451416,21.48451042175293,0,1.034000039100647,0.9067617654800415,50,2.799999952316284,2.5753824710845947,0,0,0,0,51.63458409874961,0,0,0,-0.0320165790617466,0.06271626800298691,-0.035005636513233185,-0.0043059526942670345,88.6701889038086,89.30712890625,737.6162719726562,738.1176147460938,738.1176147460938,523.8876953125,0,0,6.1467976570129395,0.0010999999940395355,0.02200000174343586,0.03299999609589577,0.04399999603629112,5655.8173828125,114276.53125,0.0429663360118866,0,3.1392715754918754e-05,132.00888061523438,0,0.0002616529818624258,2.8350639695418067e-05,0,0,23.700000762939453,0,0,1600,0,50,0,0,0,50,50,800,0.0,0.0,0.0,0.0
73,157.99008178710938,309.6510314941406,324.8138122558594,324.7655944824219,294.5102233886719,294.55841064453125,16515.818359375,33031.63671875,71.7811508178711,71.78097534179688,1634.269287109375,3259.761962890625,1577.349365234375,3144.0712890625,284.43182373046875,61.69654846191406,-3.902680873579811e-06,0,0,2575.26025390625,1305.5126953125,0,6.163494110107422,2410.1298828125,12.041938781738281,12.051538467407227,811.148193359375,1617.032470703125,52.49271011352539,52.55455780029297,87.90860748291016,0,0,346.27301025390625,0,7.924896240234375,21.45918083190918,21.50739860534668,0,1.034000039100647,0.9067617654800415,50,2.799999952316284,2.5813963413238525,0,0,0,0,57.25018158182783,0,0,0,-0.0317307710647583,0.06395439803600311,-0.03652883321046829,-0.0043052020482718945,88.46330261230469,89.09906768798828,736.6146240234375,737.1151123046875,737.1151123046875,523.3842163085938,0,0,6.163494110107422,0.0010999999940395355,0.02200000174343586,0.03299999609589577,0.04399999603629112,5655.8173828125,114276.53125,0.0429663360118866,0,3.1392715754918754e-05,133.82968139648438,0,0.0002616529818624258,2.8350639695418067e-05,0,0,23.700000762939453,0,0,1600,0,50,0,0,0,50,50,800,0.0,0.0,0.0,0.0
74,157.96971130371094,309.64599609375,324.7806701660156,324.7323303222656,294.53826904296875,294.5865478515625,16515.818359375,33031.63671875,71.81462097167969,71.81446075439453,1631.0277099609375,3253.19580078125,1574.3651123046875,3138.098388671875,284.41827392578125,61.66232681274414,-4.613216788129648e-06,0,0,2575.320556640625,1305.6697998046875,0,6.179811954498291,2404.514892578125,12.045429229736328,12.05507755279541,809.4483642578125,1613.6221923828125,52.54851150512695,52.61100387573242,87.74182891845703,0,0,346.2626953125,0,7.924896240234375,21.482036590576172,21.53035545349121,0,1.034000039100647,0.9067617654800415,50,2.799999952316284,2.5874242782592773,0,0,0,0,63.010387053527914,0,0,0,-0.03141746670007706,0.06519018858671188,-0.03807808458805084,-0.004305366426706314,88.25682830810547,88.89149475097656,735.6148681640625,736.1144409179688,736.1144409179688,522.8815307617188,0,0,6.179811954498291,0.0010999999940395355,0.02200000174343586,0.03299999609589577,0.04399999603629112,5655.8173828125,114276.53125,0.0429663360118866,0,3.1392715754918754e-05,135.65048217773438,0,0.0002616529818624258,2.8350639695418067e-05,0,0,23.700000762939453,0,0,1600,0,50,0,0,0,50,50,800,0.0,0.0,0.0,0.0
75,157.9488525390625,309.6405334472656,324.74713134765625,324.69873046875,294.565673828125,294.61407470703125,16515.818359375,33031.63671875,71.84757995605469,71.84741973876953,1627.773681640625,3246.608154296875,1571.3792724609375,3132.126708984375,284.40435791015625,61.62715148925781,-1.675404291745508e-06,0,0,2575.38232421875,1305.8240966796875,0,6.200843811035156,2398.91259765625,12.048897743225098,12.058592796325684,807.7499389648438,1610.216796875,52.603919982910156,52.66722106933594,87.5750503540039,0,0,346.2521057128906,0,7.924896240234375,21.50499153137207,21.55337905883789,0,1.034000039100647,0.9067617654800415,50,2.799999952316284,2.5934667587280273,0,0,0,0,68.91520453755638,0,0,0,-0.031076686456799507,0.06642379611730576,-0.03963808715343475,-0.004290976095944643,88.05123138427734,88.68438720703125,734.6171875,735.1156005859375,735.1156005859375,522.3794555664062,0,0,6.200843811035156,0.0010999999940395355,0.02200000174343586,0.03299999609589577,0.04399999603629112,5655.8173828125,114276.53125,0.0429663360118866,0,3.1392715754918754e-05,137.47128295898438,0,0.0002616529818624258,2.8350639695418067e-05,0,0,23.700000762939453,0,0,1600,0,50,0,0,0,50,50,800,0.0,0.0,0.0,0.0
76,157.92752075195312,309.6346130371094,324.7132873535156,324.6648254394531,294.5924377441406,294.6409606933594,16515.818359375,33031.63671875,71.88001251220703,71.87986755371094,1624.51123046875,3240.0029296875,1568.40234375,3126.146484375,284.3900451660156,61.591033935546875,-3.981955615017796e-06,0,0,2575.445068359375,1305.9754638671875,0,6.220268726348877,2393.332763671875,12.052345275878906,12.06208324432373,806.0540771484375,1606.8126220703125,52.65909194946289,52.7230110168457,87.40827178955078,0,0,346.2413330078125,0,7.924896240234375,21.52804946899414,21.576505661010742,0,1.034000039100647,0.9067617654800415,50,2.799999952316284,2.599513292312622,0,0,0,0,74.95498116197176,0,0,0,-0.030706318095326424,0.06765305250883102,-0.041198085993528366,-0.004251353908330202,87.84949493408203,88.47810363769531,733.6253662109375,734.1202392578125,734.1202392578125,521.8789672851562,0,0,6.220268726348877,0.0010999999940395355,0.02200000174343586,0.03299999609589577,0.04399999603629112,5655.8173828125,114276.53125,0.0429663360118866,0,3.1392715754918754e-05,139.29208374023438,0,0.0002616529818624258,2.8350639695418067e-05,0,0,23.700000762939453,0,0,1600,0,50,0,0,0,50,50,800,0.0,0.0,0.0,0.0
77,157.90574645996094,309.6282653808594,324.6791687011719,324.6305847167969,294.6185607910156,294.66717529296875,16515.818359375,33031.63671875,71.91194915771484,71.91179656982422,1621.2440185546875,3233.389892578125,1565.411376953125,3120.18017578125,284.3753967285156,61.554019927978516,-4.560777597362176e-06,0,0,2575.509521484375,1306.124267578125,0,6.239111423492432,2387.80224609375,12.055768966674805,12.065550804138184,804.3606567382812,1603.4158935546875,52.713626861572266,52.77824020385742,87.24149322509766,0,0,346.23028564453125,0,7.924896240234375,21.55110740661621,21.599699020385742,0,1.034000039100647,0.9067617654800415,50,2.799999952316284,2.605534076690674,0,0,0,0,81.12972899789364,0,0,0,-0.030310600996017456,0.06887200474739075,-0.04275808483362198,-0.00419668247923255,87.6524429321289,88.27365112304688,732.6442260742188,733.1332397460938,733.1332397460938,521.3823852539062,0,0,6.239111423492432,0.0010999999940395355,0.02200000174343586,0.03299999609589577,0.04399999603629112,5655.8173828125,114276.53125,0.0429663360118866,0,3.1392715754918754e-05,141.11288452148438,0,0.0002616529818624258,2.8350639695418067e-05,0,0,23.700000762939453,0,0,1600,0,50,0,0,0,50,50,800,0.0,0.0,0.0,0.0
78,157.883544921875,309.62152099609375,324.6446838378906,324.5959777832031,294.6441345214844,294.69281005859375,16515.818359375,33031.63671875,71.94337463378906,71.94322967529297,1617.9776611328125,3226.776123046875,1562.4326171875,3114.201416015625,284.3603820800781,61.516136169433594,6.551844649038685e-07,0,0,2575.5751953125,1306.2706298828125,0,6.262691974639893,2382.34423828125,12.05916976928711,12.068990707397461,802.6697998046875,1600.0244140625,52.76746368408203,52.83262634277344,87.07471466064453,0,0,346.2190246582031,0,7.924896240234375,21.5743350982666,21.623027801513672,0,1.034000039100647,0.9067617654800415,50,2.799999952316284,2.6115036010742188,0,0,0,0,87.42980724450011,0,0,0,-0.029889553785324097,0.0700756311416626,-0.04431808367371559,-0.004132008645683527,87.45983123779297,88.0718765258789,731.6768798828125,732.1586303710938,732.1586303710938,520.8917846679688,0,0,6.262691974639893,0.0010999999940395355,0.02200000174343586,0.03299999609589577,0.04399999603629112,5655.8173828125,114276.53125,0.0429663360118866,0,3.1392715754918754e-05,142.93368530273438,0,0.0002616529818624258,2.8350639695418067e-05,0,0,23.700000762939453,0,0,1600,0,50,0,0,0,50,50,800,0.0,0.0,0.0,0.0
79,157.86099243164062,309.6144714355469,324.6099548339844,324.5611267089844,294.6690979003906,294.7178649902344,16515.818359375,33031.63671875,71.97431182861328,71.97416687011719,1614.7119140625,3220.167236328125,1559.453857421875,3108.222900390625,284.3450622558594,61.47746276855469,2.5956235276680673e-06,0,0,2575.642333984375,1306.4146728515625,0,6.277265548706055,2376.97265625,12.062548637390137,12.072408676147461,800.98291015625,1596.640869140625,52.82039260864258,52.886146545410156,86.90794372558594,0,0,346.20751953125,0,7.924896240234375,21.597562789916992,21.646390914916992,0,1.034000039100647,0.9067617654800415,50,2.799999952316284,2.6174049377441406,0,0,0,0,93.8407466531453,0,0,0,-0.029449528083205223,0.07126075029373169,-0.045878078788518906,-0.00406685983762145,87.27141571044922,87.87329864501953,730.7252807617188,731.1990356445312,731.1990356445312,520.4085693359375,0,0,6.277265548706055,0.0010999999940395355,0.02200000174343586,0.03299999609589577,0.04399999603629112,5655.8173828125,114276.53125,0.0429663360118866,0,3.1392715754918754e-05,144.75448608398438,0,0.0002616529818624258,2.8350639695418067e-05,0,0,23.700000762939453,0,0,1600,0,50,0,0,0,50,50,800,0.0,0.0,0.0,0.0
80,157.83816528320312,309.607177734375,324.57501220703125,324.5260925292969,294.69342041015625,294.7422790527344,16515.818359375,33031.63671875,72.00477600097656,72.00464630126953,1611.448974609375,3213.564208984375,1556.4754638671875,3102.244140625,284.3294982910156,61.438133239746094,3.243416699660884e-07,0,0,2575.7099609375,1306.5565185546875,0,6.28363561630249,2371.693115234375,12.065905570983887,12.075800895690918,799.3040161132812,1593.272705078125,52.8724479675293,52.938690185546875,86.74116516113281,0,0,346.1959228515625,0,7.924896240234375,21.62092399597168,21.66982078552246,0,1.034000039100647,0.9067617654800415,50,2.799999952316284,2.6232316493988037,0,0,0,0,100.33845326918751,0,0,0,-0.028994763270020485,0.07242609560489655,-0.04743807762861252,-0.0040067448280751705,87.08621215820312,87.67811584472656,729.7894287109375,730.2554321289062,730.2554321289062,519.9331665039062,0,0,6.28363561630249,0.0010999999940395355,0.02200000174343586,0.03299999609589577,0.04399999603629112,5655.8173828125,114276.53125,0.0429663360118866,0,3.1392715754918754e-05,146.57528686523438,0,0.0002616529818624258,2.8350639695418067e-05,0,0,23.700000762939453,0,0,1600,0,50,0,0,0,50,50,800,0.0,0.0,0.0,0.0
81,157.81512451171875,309.59967041015625,324.5398254394531,324.4908447265625,294.71722412109375,294.76617431640625,16515.818359375,33031.63671875,72.03480529785156,72.03468322753906,1608.1876220703125,3206.966552734375,1553.48583984375,3096.2763671875,284.3136901855469,61.39824295043945,-2.2692022412229562e-06,0,0,2575.778564453125,1306.6959228515625,0,6.277735233306885,2366.501220703125,12.069238662719727,12.079172134399414,797.6351318359375,1589.9227294921875,52.92353820800781,52.990379333496094,86.57437896728516,0,0,346.1841735839844,0,7.924896240234375,21.64432144165039,21.69331932067871,0,1.034000039100647,0.9067617654800415,50,2.799999952316284,2.6289868354797363,0,0,0,0,106.90845784398087,0,0,0,-0.028527380898594856,0.07357243448495865,-0.04899807274341583,-0.0039530228823423386,86.90349578857422,87.4861831665039,728.8684692382812,729.3272094726562,729.3272094726562,519.46533203125,0,0,6.277735233306885,0.0010999999940395355,0.02200000174343586,0.03299999609589577,0.04399999603629112,5655.8173828125,114276.53125,0.0429663360118866,0,3.1392715754918754e-05,148.39608764648438,0,0.0002616529818624258,2.8350639695418067e-05,0,0,23.700000762939453,0,0,1600,0,50,0,0,0,50,50,800,0.0,0.0,0.0,0.0
82,157.7919464111328,309.592041015625,324.5045471191406,324.4554748535156,294.740478515625,294.78955078125,16515.818359375,33031.63671875,72.06443786621094,72.0643081665039,1604.9273681640625,3200.3720703125,1550.5050048828125,3090.2998046875,284.2977294921875,61.3579216003418,3.93352138416958e-06,0,0,2575.84765625,1306.8338623046875,0,6.26166296005249,2361.390380859375,12.072552680969238,12.082518577575684,795.9738159179688,1586.5933837890625,52.97380065917969,53.04121017456055,86.40760803222656,0,0,346.1723327636719,0,7.924896240234375,21.66778564453125,21.71685218811035,0,1.034000039100647,0.9067617654800415,50,2.799999952316284,2.634676694869995,0,0,0,0,113.53148682329464,0,0,0,-0.02805161662399769,0.07470127195119858,-0.050558071583509445,-0.003908419981598854,86.72279357910156,87.2972412109375,727.9609985351562,728.4131469726562,728.4131469726562,519.0045166015625,0,0,6.26166296005249,0.0010999999940395355,0.02200000174343586,0.03299999609589577,0.04399999603629112,5655.8173828125,114276.53125,0.0429663360118866,0,3.1392715754918754e-05,150.21688842773438,0,0.0002616529818624258,2.8350639695418067e-05,0,0,23.700000762939453,0,0,1600,0,50,0,0,0,50,50,800,0.0,0.0,0.0,0.0
83,157.76869201660156,309.5843505859375,324.4691467285156,324.4199523925781,294.7633056640625,294.8124694824219,16515.818359375,33031.63671875,72.09367370605469,72.09355163574219,1601.6673583984375,3193.777099609375,1547.520263671875,3084.3271484375,284.2816162109375,61.31727600097656,3.2935242870735237e-06,0,0,2575.9169921875,1306.97021484375,0,6.234930992126465,2356.3505859375,12.075845718383789,12.08584213256836,794.3242797851562,1583.283935546875,53.023399353027344,53.09123611450195,86.24082946777344,0,0,346.1604309082031,0,7.924896240234375,21.6912841796875,21.74048614501953,0,1.034000039100647,0.9067617654800415,50,2.799999952316284,2.6403117179870605,0,0,0,0,120.17862585207618,0,0,0,-0.027571702376008034,0.07581460475921631,-0.05211807042360306,-0.003875164082273841,86.5433578491211,87.11093139648438,727.0648803710938,727.5116577148438,727.5116577148438,518.5499267578125,0,0,6.234930992126465,0.0010999999940395355,0.02200000174343586,0.03299999609589577,0.04399999603629112,5655.8173828125,114276.53125,0.0429663360118866,0,3.1392715754918754e-05,152.03768920898438,0,0.0002616529818624258,2.8350639695418067e-05,0,0,23.700000762939453,0,0,1600,0,50,0,0,0,50,50,800,0.0,0.0,0.0,0.0
84,157.74542236328125,309.5765686035156,324.433837890625,324.38458251953125,294.78546142578125,294.8347473144531,16515.818359375,33031.63671875,72.12272644042969,72.12260437011719,1598.404296875,3187.178466796875,1544.5428466796875,3078.346923828125,284.26544189453125,61.27640151977539,-2.997336139287654e-07,0,0,2575.986328125,1307.0980224609375,0,6.1807732582092285,2351.369140625,12.079118728637695,12.089144706726074,792.7462768554688,1580.115234375,53.07231521606445,53.14063262939453,86.07405090332031,0,0,346.14849853515625,0,7.924896240234375,21.71464729309082,21.763916015625,0,1.034000039100647,0.9067617654800415,50,2.799999952316284,2.6459052562713623,0,0,0,0,126.84021803467752,0,0,0,-0.027085527777671814,0.07691530138254166,-0.05367806553840637,-0.0038482933305203915,86.36471557617188,86.92677307128906,726.177978515625,726.6204223632812,726.6204223632812,518.1004638671875,0,0,6.1807732582092285,0.0010999999940395355,0.02200000174343586,0.03299999609589577,0.04399999603629112,5655.8173828125,114276.53125,0.0429663360118866,0,3.1392715754918754e-05,153.85848999023438,0,0.0002616529818624258,2.8350639695418067e-05,0,0,23.700000762939453,0,0,1600,0,50,0,0,0,50,50,800,0.0,0.0,0.0,0.0
85,157.72201538085938,309.568603515625,324.3986511230469,324.3492736816406,294.8070983886719,294.8564453125,16515.818359375,33031.63671875,72.15162658691406,72.15151977539062,1595.136962890625,3180.56982421875,1541.558349609375,3072.374267578125,284.2491455078125,61.23523712158203,5.129093096911674e-06,0,0,2576.05615234375,1307.2254638671875,0,6.1572370529174805,2346.43603515625,12.082375526428223,12.092432022094727,791.166015625,1576.943603515625,53.12078094482422,53.18950271606445,85.90727233886719,0,0,346.1365661621094,0,7.924896240234375,21.7379093170166,21.78727912902832,0,1.034000039100647,0.9067617654800415,50,2.799999952316284,2.65146803855896,0,0,0,0,133.52109181892266,0,0,0,-0.026588866487145424,0.0780056044459343,-0.055238064378499985,-0.0038213233929127455,86.18756103515625,86.74440002441406,725.2992553710938,725.7376098632812,725.7376098632812,517.6550903320312,0,0,6.1572370529174805,0.0010999999940395355,0.02200000174343586,0.03299999609589577,0.04399999603629112,5655.8173828125,114276.53125,0.0429663360118866,0,3.1392715754918754e-05,155.67929077148438,0,0.0002616529818624258,2.8350639695418067e-05,0,0,23.700000762939453,0,0,1600,0,50,0,0,0,50,50,800,0.0,0.0,0.0,0.0
86,157.698486328125,309.56048583984375,324.3634948730469,324.3140563964844,294.82818603515625,294.8776550292969,16515.818359375,33031.63671875,72.1803970336914,72.18028259277344,1591.8648681640625,3173.95556640625,1538.5792236328125,3066.39599609375,284.2326965332031,61.193702697753906,-3.2568937058385927e-06,0,0,2576.1259765625,1307.3519287109375,0,6.136382579803467,2341.549560546875,12.085616111755371,12.095698356628418,789.5852661132812,1573.772216796875,53.16867446899414,53.23785400390625,85.74049377441406,0,0,346.1245422363281,0,7.924896240234375,21.76106834411621,21.81050682067871,0,1.034000039100647,0.9067617654800415,50,2.799999952316284,2.657001256942749,0,0,0,0,140.24052880645533,0,0,0,-0.026083841919898987,0.07908586412668228,-0.0567980632185936,-0.003796038683503866,86.01185607910156,86.56375885009766,724.428466796875,724.8629150390625,724.8629150390625,517.2137451171875,0,0,6.136382579803467,0.0010999999940395355,0.02200000174343586,0.03299999609589577,0.04399999603629112,5655.8173828125,114276.53125,0.0429663360118866,0,3.1392715754918754e-05,157.50009155273438,0,0.0002616529818624258,2.8350639695418067e-05,0,0,23.700000762939453,0,0,1600,0,50,0,0,0,50,50,800,0.0,0.0,0.0,0.0
87,157.6748809814453,309.55224609375,324.3283996582031,324.27880859375,294.848876953125,294.8984375,16515.818359375,33031.63671875,72.2090072631836,72.20890045166016,1588.58935546875,3167.33203125,1535.6007080078125,3060.4169921875,284.21612548828125,61.1518440246582,2.785869355648174e-06,0,0,2576.196533203125,1307.4774169921875,0,6.114187240600586,2336.70703125,12.088837623596191,12.098946571350098,788.0036010742188,1570.5980224609375,53.21614074707031,53.285682678222656,85.57371520996094,0,0,346.1124572753906,0,7.924896240234375,21.7840576171875,21.83363151550293,0,1.034000039100647,0.9067617654800415,50,2.799999952316284,2.6625075340270996,0,0,0,0,146.99370859686465,0,0,0,-0.025570450350642204,0.08015665411949158,-0.05835805833339691,-0.003771855728700757,85.83753967285156,86.38473510742188,723.5650634765625,723.995849609375,723.995849609375,516.776123046875,0,0,6.114187240600586,0.0010999999940395355,0.02200000174343586,0.03299999609589577,0.04399999603629112,5655.8173828125,114276.53125,0.0429663360118866,0,3.1392715754918754e-05,159.32089233398438,0,0.0002616529818624258,2.8350639695418067e-05,0,0,23.700000762939453,0,0,1600,0,50,0,0,0,50,50,800,0.0,0.0,0.0,0.0
88,157.65126037597656,309.5439758300781,324.2933349609375,324.2436218261719,294.8691101074219,294.9187927246094,16515.818359375,33031.63671875,72.23748016357422,72.23738098144531,1585.308837890625,3160.7001953125,1532.622314453125,3054.438232421875,284.1994323730469,61.109745025634766,4.132347839913564e-06,0,0,2576.266845703125,1307.6029052734375,0,6.080949306488037,2331.906494140625,12.092044830322266,12.102176666259766,786.42431640625,1567.428466796875,53.26315689086914,53.3330192565918,85.40693664550781,0,0,346.1003723144531,0,7.924896240234375,21.807048797607422,21.85675811767578,0,1.034000039100647,0.9067617654800415,50,2.799999952316284,2.6679887771606445,0,0,0,0,153.75652918809587,0,0,0,-0.025055043399333954,0.08121839910745621,-0.059918057173490524,-0.0037546975072473288,85.66434478759766,86.20726776123047,722.708740234375,723.1361694335938,723.1361694335938,516.3421020507812,0,0,6.080949306488037,0.0010999999940395355,0.02200000174343586,0.03299999609589577,0.04399999603629112,5655.8173828125,114276.53125,0.0429663360118866,0,3.1392715754918754e-05,161.14169311523438,0,0.0002616529818624258,2.8350639695418067e-05,0,0,23.700000762939453,0,0,1600,0,50,0,0,0,50,50,800,0.0,0.0,0.0,0.0
89,157.6276397705078,309.53570556640625,324.25823974609375,324.2084655761719,294.88909912109375,294.9388732910156,16515.818359375,33031.63671875,72.26583099365234,72.26573944091797,1582.0218505859375,3154.058837890625,1529.638671875,3048.464599609375,284.1827087402344,61.06747817993164,1.1859544883918716e-06,0,0,2576.33740234375,1307.727783203125,0,6.04017972946167,2327.141357421875,12.095232009887695,12.105387687683105,784.8496704101562,1564.2666015625,53.30965805053711,53.37995147705078,85.24015808105469,0,0,346.0882263183594,0,7.924896240234375,21.83000373840332,21.87978172302246,0,1.034000039100647,0.9067617654800415,50,2.799999952316284,2.6734519004821777,0,0,0,0,160.52416213232496,0,0,0,-0.024539722129702568,0.08227236568927765,-0.06147805228829384,-0.0037454136181622744,85.49134063720703,86.0311050415039,721.8578491210938,722.28271484375,722.28271484375,515.9112548828125,0,0,6.04017972946167,0.0010999999940395355,0.02200000174343586,0.03299999609589577,0.04399999603629112,5655.8173828125,114276.53125,0.0429663360118866,0,3.1392715754918754e-05,162.96249389648438,0,0.0002616529818624258,2.8350639695418067e-05,0,0,23.700000762939453,0,0,1600,0,50,0,0,0,50,50,800,0.0,0.0,0.0,0.0
90,157.6040496826172,309.52734375,324.22320556640625,324.1733093261719,294.9087219238281,294.9586181640625,16515.818359375,33031.63671875,72.2940673828125,72.29397583007812,1578.7279052734375,3147.404541015625,1526.6580810546875,3042.48779296875,284.1659240722656,61.02509307861328,1.499790528214362e-06,0,0,2576.40771484375,1307.8521728515625,0,5.994829177856445,2322.402099609375,12.098403930664062,12.108580589294434,783.2759399414062,1561.111572265625,53.35582733154297,53.42652130126953,85.07337951660156,0,0,346.076171875,0,7.924896240234375,21.85296058654785,21.90283966064453,0,1.034000039100647,0.9067617654800415,50,2.799999952316284,2.6789073944091797,0,0,0,0,167.28217037055828,0,0,0,-0.024020273238420486,0.08332070708274841,-0.06303805112838745,-0.003737614257261157,85.31857299804688,85.85590362548828,721.0109252929688,721.4338989257812,721.4338989257812,515.4827270507812,0,0,5.994829177856445,0.0010999999940395355,0.02200000174343586,0.03299999609589577,0.04399999603629112,5655.8173828125,114276.53125,0.0429663360118866,0,3.1392715754918754e-05,164.78329467773438,0,0.0002616529818624258,2.8350639695418067e-05,0,0,23.700000762939453,0,0,1600,0,50,0,0,0,50,50,800,0.0,0.0,0.0,0.0
91,157.58053588867188,309.5190734863281,324.1882019042969,324.1382141113281,294.92816162109375,294.97808837890625,16515.818359375,33031.63671875,72.32090759277344,72.3208236694336,1575.4615478515625,3140.80419921875,1525.34912109375,3039.85546875,284.14910888671875,60.98263168334961,8.292061011161422e-07,0,0,2576.47802734375,1307.974609375,0,6.754363536834717,2317.6845703125,12.10154914855957,12.111745834350586,781.720458984375,1557.98974609375,53.40364456176758,53.474605560302734,85.0,0,0,346.0640869140625,0,7.924896240234375,21.875883102416992,21.92586326599121,0,1.034000039100647,0.9067617654800415,50,2.799999952316284,2.6843605041503906,0,0,0,0,174.02570936014567,0,0,0,-0.023505138233304024,0.08436436206102371,-0.06459804624319077,-0.0037388273049145937,85.14595794677734,85.6814956665039,720.167236328125,720.5888061523438,720.5888061523438,515.0560302734375,0,0,6.754363536834717,0.0010999999940395355,0.02200000174343586,0.03299999609589577,0.04399999603629112,5655.8173828125,114276.53125,0.0429663360118866,0,3.1392715754918754e-05,166.60409545898438,0,0.0002616529818624258,2.8350639695418067e-05,0,0,23.700000762939453,0,0,1600,0,50,0,0,0,50,50,800,0.0,0.0,0.0,0.0
92,157.55764770507812,309.5093078613281,324.1538391113281,324.1037292480469,294.9465026855469,294.9965515136719,16515.818359375,33031.63671875,72.34400939941406,72.34393310546875,1572.583984375,3134.979736328125,1525.351318359375,3039.853759765625,284.13232421875,60.94023132324219,-1.1809889883807045e-06,0,0,2576.5478515625,1308.060302734375,0,12.687118530273438,2312.980224609375,12.104514122009277,12.114730834960938,780.428955078125,1555.403076171875,53.48045349121094,53.55170440673828,85.0,0,0,346.0521240234375,0,7.924896240234375,21.898296356201172,21.94837760925293,0,1.034000039100647,0.9067617654800415,50,2.799999952316284,2.689819812774658,0,0,0,0,180.73068514644552,0,0,0,-0.022897228598594666,0.08540517091751099,-0.06615804880857468,-0.003650103462859988,84.97409057617188,85.5075912475586,719.3260498046875,719.7460327148438,719.7460327148438,514.6304321289062,0,0,12.687118530273438,0.0010999999940395355,0.02200000174343586,0.03299999609589577,0.04399999603629112,5655.8173828125,114276.53125,0.0429663360118866,0,3.1392715754918754e-05,168.42489624023438,0,0.0002616529818624258,2.8350639695418067e-05,0,0,23.700000762939453,0,0,1600,0,50,0,0,0,50,50,800,0.0,0.0,0.0,0.0
93,157.53558349609375,309.4977111816406,324.1199645996094,324.06976318359375,294.96319580078125,295.0133056640625,16515.818359375,33031.63671875,72.36365509033203,72.36359405517578,1569.74462890625,3129.236328125,1525.3480224609375,3039.856689453125,284.1162109375,60.899513244628906,-2.2243984858505428e-06,0,0,2576.6142578125,1308.1324462890625,0,12.67160701751709,2308.377197265625,12.107269287109375,12.117502212524414,779.1611938476562,1552.8623046875,53.55375671386719,53.625328063964844,85.0,0,0,346.0406799316406,0,7.924896240234375,21.920743942260742,21.970928192138672,0,1.034000039100647,0.9067617654800415,50,2.799999952316284,2.695183753967285,0,0,0,0,187.10787370480105,0,0,0,-0.02217550203204155,0.0864272192120552,-0.06771804392337799,-0.003466323483735323,84.83250427246094,85.33741760253906,718.52099609375,718.91845703125,718.91845703125,514.2110595703125,0,0,12.67160701751709,0.0010999999940395355,0.02200000174343586,0.03299999609589577,0.04399999603629112,5655.8173828125,114276.53125,0.0429663360118866,0,3.1392715754918754e-05,170.24569702148438,0,0.0002616529818624258,2.8350639695418067e-05,0,0,23.700000762939453,0,0,1600,0,50,0,0,0,50,50,800,0.0,0.0,0.0,0.0
94,157.5132598876953,309.4853820800781,324.0865783691406,324.0363464355469,294.9780578613281,295.0282897949219,16515.818359375,33031.63671875,72.38006591796875,72.38001251220703,1566.978759765625,3123.643310546875,1525.3436279296875,3039.861083984375,284.1001281738281,60.85890579223633,2.9456823540385813e-06,0,0,2576.680419921875,1308.1907958984375,0,12.76566219329834,2304.016357421875,12.109823226928711,12.120071411132812,777.9808349609375,1550.497314453125,53.62245559692383,53.69443893432617,85.0,0,0,346.02935791015625,0,7.924896240234375,21.94278335571289,21.9930362701416,0,1.034000039100647,0.9067617654800415,50,2.799999952316284,2.700284719467163,0,0,0,0,193.4417028016972,0,0,0,-0.02140754461288452,0.08739717304706573,-0.0692780390381813,-0.0032884131651371717,84.69523620605469,85.17620849609375,717.7544555664062,718.1331176757812,718.1331176757812,513.8123779296875,0,0,12.76566219329834,0.0010999999940395355,0.02200000174343586,0.03299999609589577,0.04399999603629112,5655.8173828125,114276.53125,0.0429663360118866,0,3.1392715754918754e-05,172.06649780273438,0,0.0002616529818624258,2.8350639695418067e-05,0,0,23.700000762939453,0,0,1600,0,50,0,0,0,50,50,800,0.0,0.0,0.0,0.0
95,157.49032592773438,309.47222900390625,324.0538635253906,324.0035400390625,294.99102783203125,295.04132080078125,16515.818359375,33031.63671875,72.39347076416016,72.39342498779297,1564.2896728515625,3118.200439453125,1525.3447265625,3039.85986328125,284.0836486816406,60.81735610961914,2.8713993742712773e-06,0,0,2576.747314453125,1308.2359619140625,0,13.010660171508789,2299.87158203125,12.112180709838867,12.122444152832031,776.88037109375,1548.29296875,53.68699645996094,53.7592658996582,85.0,0,0,346.01776123046875,0,7.924896240234375,21.963909149169922,22.01422882080078,0,1.034000039100647,0.9067617654800415,50,2.799999952316284,2.705151081085205,0,0,0,0,199.91529936827163,0,0,0,-0.020589178428053856,0.08832080662250519,-0.07083803415298462,-0.0031064103823155165,84.56604766845703,85.02297973632812,717.0255126953125,717.3851928710938,717.3851928710938,513.4320678710938,0,0,13.010660171508789,0.0010999999940395355,0.02200000174343586,0.03299999609589577,0.04399999603629112,5655.8173828125,114276.53125,0.0429663360118866,0,3.1392715754918754e-05,173.88729858398438,0,0.0002616529818624258,2.8350639695418067e-05,0,0,23.700000762939453,0,0,1600,0,50,0,0,0,50,50,800,0.0,0.0,0.0,0.0
96,157.4667205810547,309.458251953125,324.02178955078125,323.9714050292969,295.0019836425781,295.0523376464844,16515.818359375,33031.63671875,72.40409088134766,72.40406799316406,1561.67626953125,3112.91357421875,1525.3392333984375,3039.865478515625,284.0667419433594,60.77457046508789,-4.6419054342550226e-06,0,0,2576.81689453125,1308.2686767578125,0,13.304183006286621,2295.946533203125,12.11435317993164,12.124627113342285,775.8505249023438,1546.2296142578125,53.74736785888672,53.81987380981445,85.0,0,0,346.005859375,0,7.924896240234375,21.98408317565918,22.03447151184082,0,1.034000039100647,0.9067617654800415,50,2.799999952316284,2.709775686264038,0,0,0,0,206.57689959828602,0,0,0,-0.019720444455742836,0.08919729292392731,-0.07239803671836853,-0.002921191044151783,84.44562530517578,84.87787628173828,716.3352661132812,716.6754760742188,716.6754760742188,513.0704345703125,0,0,13.304183006286621,0.0010999999940395355,0.02200000174343586,0.03299999609589577,0.04399999603629112,5655.8173828125,114276.53125,0.0429663360118866,0,3.1392715754918754e-05,175.70809936523438,0,0.0002616529818624258,2.8350639695418067e-05,0,0,23.700000762939453,0,0,1600,0,50,0,0,0,50,50,800,0.0,0.0,0.0,0.0
97,157.44236755371094,309.44342041015625,323.9903564453125,323.9399108886719,295.0108947753906,295.0613098144531,16515.818359375,33031.63671875,72.41212463378906,72.41210174560547,1559.138916015625,3107.780517578125,1525.3389892578125,3039.86572265625,284.04925537109375,60.7304573059082,-1.6312130810547387e-06,0,0,2576.88818359375,1308.28955078125,0,13.614603996276855,2292.246337890625,12.116345405578613,12.126629829406738,774.8833618164062,1544.293212890625,53.80353546142578,53.87639617919922,85.0,0,0,345.99359130859375,0,7.924896240234375,22.00324249267578,22.05369758605957,0,1.034000039100647,0.9067617654800415,50,2.799999952316284,2.7141499519348145,0,0,0,0,213.44575290373194,0,0,0,-0.018799282610416412,0.09002553671598434,-0.07395803183317184,-0.0027317774947732687,84.33396911621094,84.7410888671875,715.6843872070312,716.0048828125,716.0048828125,512.7279052734375,0,0,13.614603996276855,0.0010999999940395355,0.02200000174343586,0.03299999609589577,0.04399999603629112,5655.8173828125,114276.53125,0.0429663360118866,0,3.1392715754918754e-05,177.52890014648438,0,0.0002616529818624258,2.8350639695418067e-05,0,0,23.700000762939453,0,0,1600,0,50,0,0,0,50,50,800,0.0,0.0,0.0,0.0
98,157.4173126220703,309.42779541015625,323.95953369140625,323.90899658203125,295.0177307128906,295.0682373046875,16515.818359375,33031.63671875,72.41771697998047,72.41771697998047,1556.67919921875,3102.8037109375,1525.3472900390625,3039.857421875,284.03125,60.68501281738281,6.867330739623867e-07,0,0,2576.962158203125,1308.2998046875,0,13.934100151062012,2288.775634765625,12.118165016174316,12.128458023071289,773.9738159179688,1542.4678955078125,53.855690002441406,53.92875289916992,85.0,0,0,345.9809265136719,0,7.924896240234375,22.02138328552246,22.07190704345703,0,1.034000039100647,0.9067617654800415,50,2.799999952316284,2.7182657718658447,0,0,0,0,220.5218914742616,0,0,0,-0.017827847972512245,0.09080461412668228,-0.07551802694797516,-0.0025412673130631447,84.2381820678711,84.61277770996094,715.0791625976562,715.3740234375,715.3740234375,512.4048461914062,0,0,13.934100151062012,0.0010999999940395355,0.02200000174343586,0.03299999609589577,0.04399999603629112,5655.8173828125,114276.53125,0.0429663360118866,0,3.1392715754918754e-05,179.34970092773438,0,0.0002616529818624258,2.8350639695418067e-05,0,0,23.700000762939453,0,0,1600,0,50,0,0,0,50,50,800,0.0,0.0,0.0,0.0
99,157.39163208007812,309.41143798828125,323.9293518066406,323.8787536621094,295.0224914550781,295.0730895996094,16515.818359375,33031.63671875,72.42105102539062,72.42105865478516,1554.30712890625,3098.007080078125,1525.3408203125,3039.864013671875,284.01275634765625,60.63831329345703,3.296353497717064e-06,0,0,2577.037841796875,1308.2998046875,0,14.24903678894043,2285.60498046875,12.119821548461914,12.130120277404785,773.1189575195312,1540.7550048828125,53.90323257446289,53.976539611816406,85.0,0,0,345.9679260253906,0,7.924896240234375,22.03857421875,22.08916664123535,0,1.034000039100647,0.9067617654800415,50,2.799999952316284,2.722036361694336,0,0,0,0,227.7908460612291,0,0,0,-0.016810404136776924,0.09151887148618698,-0.07707802951335907,-0.0023695642594248056,84.14786529541016,84.49556732177734,714.52197265625,714.7957153320312,714.7957153320312,512.107666015625,0,0,14.24903678894043,0.0010999999940395355,0.02200000174343586,0.03299999609589577,0.04399999603629112,5655.8173828125,114276.53125,0.0429663360118866,0,3.1392715754918754e-05,181.17050170898438,0,0.0002616529818624258,2.8350639695418067e-05,0,0,23.700000762939453,0,0,1600,0,50,0,0,0,50,50,800,0.0,0.0,0.0,0.0
100,157.36541748046875,309.3944396972656,323.8997497558594,323.8490905761719,295.02520751953125,295.07586669921875,16515.818359375,33031.63671875,72.4222640991211,72.42227935791016,1552.0103759765625,3093.3583984375,1525.3360595703125,3039.86865234375,283.99383544921875,60.59050750732422,-3.050253781111678e-06,0,0,2577.114990234375,1308.290283203125,0,14.557779312133789,2282.664306640625,12.121316909790039,12.131621360778809,772.3165283203125,1539.1439208984375,53.946861267089844,54.02034378051758,85.0,0,0,345.9546203613281,0,7.924896240234375,22.05488395690918,22.10554313659668,0,1.034000039100647,0.9067617654800415,50,2.799999952316284,2.725543260574341,0,0,0,0,235.22367816734268,0,0,0,-0.0157554242759943,0.09218361973762512,-0.07863802462816238,-0.0022098280023783445,84.0617446899414,84.38684844970703,714.00146484375,714.2574462890625,714.2574462890625,511.8302307128906,0,0,14.557779312133789,0.0010999999940395355,0.02200000174343586,0.03299999609589577,0.04399999603629112,5655.8173828125,114276.53125,0.0429663360118866,0,3.1392715754918754e-05,182.99130249023438,0,0.0002616529818624258,2.8350639695418067e-05,0,0,23.700000762939453,0,0,1600,0,50,0,0,0,50,50,800,0.0,0.0,0.0,0.0
101,157.3387908935547,309.3768615722656,323.8707275390625,323.82000732421875,295.0260009765625,295.0767517089844,16515.818359375,33031.63671875,72.4216079711914,72.42162322998047,1549.7822265625,3088.847900390625,1525.34033203125,3039.864501953125,283.97454833984375,60.54175567626953,-4.586497198033612e-06,0,0,2577.19384765625,1308.272705078125,0,14.848867416381836,2279.923583984375,12.122662544250488,12.132970809936523,771.5596313476562,1537.6290283203125,53.986934661865234,54.06053924560547,85.0,0,0,345.94110107421875,0,7.924896240234375,22.07038116455078,22.12110710144043,0,1.034000039100647,0.9067617654800415,50,2.799999952316284,2.7288196086883545,0,0,0,0,242.79148148496273,0,0,0,-0.014665050432085991,0.09280531853437424,-0.0801980197429657,-0.0020577518735080957,83.98161315917969,84.28553009033203,713.5147705078125,713.7540283203125,713.7540283203125,511.56988525390625,0,0,14.848867416381836,0.0010999999940395355,0.02200000174343586,0.03299999609589577,0.04399999603629112,5655.8173828125,114276.53125,0.0429663360118866,0,3.1392715754918754e-05,184.81210327148438,0,0.0002616529818624258,2.8350639695418067e-05,0,0,23.700000762939453,0,0,1600,0,50,0,0,0,50,50,800,0.0,0.0,0.0,0.0
102,157.3118133544922,309.35882568359375,323.8421936035156,323.7914123535156,295.02496337890625,295.07574462890625,16515.818359375,33031.63671875,72.41899871826172,72.41902160644531,1547.622802734375,3084.473876953125,1525.3408203125,3039.864013671875,283.95489501953125,60.49220657348633,7.545555291699202e-08,0,0,2577.2734375,1308.2467041015625,0,15.125761985778809,2277.370849609375,12.123860359191895,12.134170532226562,770.8560180664062,1536.2166748046875,54.02362060546875,54.097225189208984,85.0,0,0,345.9273376464844,0,7.924896240234375,22.08513069152832,22.13592529296875,0,1.034000039100647,0.9067617654800415,50,2.799999952316284,2.7318782806396484,0,0,0,0,250.4701459646215,0,0,0,-0.013545636087656021,0.09338640421628952,-0.08175802230834961,-0.0019172480097040534,83.90711212158203,84.191162109375,713.0599365234375,713.2835083007812,713.2835083007812,511.32568359375,0,0,15.125761985778809,0.0010999999940395355,0.02200000174343586,0.03299999609589577,0.04399999603629112,5655.8173828125,114276.53125,0.0429663360118866,0,3.1392715754918754e-05,186.63290405273438,0,0.0002616529818624258,2.8350639695418067e-05,0,0,23.700000762939453,0,0,1600,0,50,0,0,0,50,50,800,0.0,0.0,0.0,0.0
103,157.2845001220703,309.34027099609375,323.81427001953125,323.7633972167969,295.02203369140625,295.0729064941406,16515.818359375,33031.63671875,72.41468048095703,72.41471862792969,1545.5279541015625,3080.230224609375,1525.3419189453125,3039.86279296875,283.93499755859375,60.44194793701172,3.0273135962488595e-06,0,0,2577.3544921875,1308.2130126953125,0,15.396105766296387,2274.99462890625,12.124916076660156,12.135228157043457,770.1961669921875,1534.890380859375,54.05696487426758,54.13064956665039,85.0,0,0,345.9134216308594,0,7.924896240234375,22.09916877746582,22.15003204345703,0,1.034000039100647,0.9067617654800415,50,2.799999952316284,2.734731912612915,0,0,0,0,258.2452184524992,0,0,0,-0.012395113706588745,0.09392954409122467,-0.08331463485956192,-0.0017802042420953512,83.837890625,84.10330963134766,712.634765625,712.8436889648438,712.8436889648438,511.0966796875,0,0,15.396105766296387,0.0010999999940395355,0.02200000174343586,0.03299999609589577,0.04399999603629112,5655.8173828125,114276.53125,0.0429663360118866,0,3.1392715754918754e-05,188.45370483398438,0,0.0002616529818624258,2.8350639695418067e-05,0,0,23.700000762939453,0,0,1600,0,50,0,0,0,50,50,800,0.0,0.0,0.0,0.0
104,157.25694274902344,309.3213195800781,323.786865234375,323.7359313964844,295.0174255371094,295.068359375,16515.818359375,33031.63671875,72.40878295898438,72.40882873535156,1543.4940185546875,3076.11376953125,1525.3359375,3039.868896484375,283.9148254394531,60.39105224609375,4.672489467338892e-06,0,0,2577.43603515625,1308.1722412109375,0,15.660929679870605,2272.78466796875,12.125837326049805,12.136150360107422,769.5785522460938,1533.649658203125,54.08710861206055,54.16098403930664,85.0,0,0,345.8993835449219,0,7.924896240234375,22.112529754638672,22.16345977783203,0,1.034000039100647,0.9067617654800415,50,2.799999952316284,2.7373909950256348,0,0,0,0,266.10222969994993,0,0,0,-0.011219825595617294,0.09443675726652145,-0.0848458856344223,-0.0016289526829496026,83.78158569335938,84.02161407470703,712.2440795898438,712.4330444335938,712.4330444335938,510.8819274902344,0,0,15.660929679870605,0.0010999999940395355,0.02200000174343586,0.03299999609589577,0.04399999603629112,5655.8173828125,114276.53125,0.0429663360118866,0,3.1392715754918754e-05,190.27450561523438,0,0.0002616529818624258,2.8350639695418067e-05,0,0,23.700000762939453,0,0,1600,0,50,0,0,0,50,50,800,0.0,0.0,0.0,0.0
105,157.2292022705078,309.302001953125,323.760009765625,323.7090148925781,295.0111389160156,295.0621337890625,16515.818359375,33031.63671875,72.40140533447266,72.40145874023438,1541.52978515625,3072.137451171875,1525.3397216796875,3039.864990234375,283.8945007324219,60.339599609375,-4.0593240555608645e-06,0,0,2577.518310546875,1308.1251220703125,0,15.915872573852539,2270.785400390625,12.126629829406738,12.13693904876709,768.9994506835938,1532.489990234375,54.11393737792969,54.187808990478516,85.0,0,0,345.8852233886719,0,7.924896240234375,22.125211715698242,22.17620849609375,0,1.034000039100647,0.9067617654800415,50,2.799999952316284,2.7398009300231934,0,0,0,0,274.021914200156,0,0,0,-0.010021905414760113,0.09489832818508148,-0.08634471893310547,-0.0014682987239211798,83.72782135009766,83.94770812988281,711.88623046875,712.0592651367188,712.0592651367188,510.6855163574219,0,0,15.915872573852539,0.0010999999940395355,0.02200000174343586,0.03299999609589577,0.04399999603629112,5655.8173828125,114276.53125,0.0429663360118866,0,3.1392715754918754e-05,192.09530639648438,0,0.0002616529818624258,2.8350639695418067e-05,0,0,23.700000762939453,0,0,1600,0,50,0,0,0,50,50,800,0.0,0.0,0.0,0.0
106,157.20135498046875,309.2823486328125,323.7336730957031,323.6825866699219,295.0032958984375,295.0543518066406,16515.818359375,33031.63671875,72.39266204833984,72.39273071289062,1539.63818359375,3068.30322265625,1525.341064453125,3039.863525390625,283.8739318847656,60.2877082824707,-5.156885890755802e-06,0,0,2577.60107421875,1308.07177734375,0,16.1619873046875,2268.99755859375,12.127297401428223,12.137603759765625,768.4608764648438,1531.4052734375,54.137454986572266,54.21125030517578,85.0,0,0,345.8709716796875,0,7.924896240234375,22.13731575012207,22.188383102416992,0,1.034000039100647,0.9067617654800415,50,2.799999952316284,2.741960048675537,0,0,0,0,281.98499035147364,0,0,0,-0.008803480304777622,0.09531408548355103,-0.0878124013543129,-0.0013017951278015971,83.68486022949219,83.88160705566406,711.5677490234375,711.72265625,711.72265625,510.5074157714844,0,0,16.1619873046875,0.0010999999940395355,0.02200000174343586,0.03299999609589577,0.04399999603629112,5655.8173828125,114276.53125,0.0429663360118866,0,3.1392715754918754e-05,193.91610717773438,0,0.0002616529818624258,2.8350639695418067e-05,0,0,23.700000762939453,0,0,1600,0,50,0,0,0,50,50,800,0.0,0.0,0.0,0.0
107,157.1734619140625,309.262451171875,323.70782470703125,323.6567077636719,294.99395751953125,295.04510498046875,16515.818359375,33031.63671875,72.3826675415039,72.38272857666016,1537.809326171875,3064.602294921875,1525.3392333984375,3039.86572265625,283.8532409667969,60.23550796508789,-1.3740135784701124e-07,0,0,2577.68408203125,1308.0135498046875,0,16.397485733032227,2267.4091796875,12.12784481048584,12.138147354125977,767.957275390625,1530.39501953125,54.157623291015625,54.231529235839844,85.0,0,0,345.8567199707031,0,7.924896240234375,22.14887809753418,22.20001220703125,0,1.034000039100647,0.9067617654800415,50,2.799999952316284,2.7438807487487793,0,0,0,0,289.9721443626069,0,0,0,-0.007572975941002369,0.09568636864423752,-0.08924944698810577,-0.0011360555654391646,83.64703369140625,83.82289123535156,711.2827758789062,711.4212036132812,711.4212036132812,510.3468322753906,0,0,16.397485733032227,0.0010999999940395355,0.02200000174343586,0.03299999609589577,0.04399999603629112,5655.8173828125,114276.53125,0.0429663360118866,0,3.1392715754918754e-05,195.73690795898438,0,0.0002616529818624258,2.8350639695418067e-05,0,0,23.700000762939453,0,0,1600,0,50,0,0,0,50,50,800,0.0,0.0,0.0,0.0
108,157.14564514160156,309.24249267578125,323.6825256347656,323.6313171386719,294.9832458496094,295.0344543457031,16515.818359375,33031.63671875,72.37149810791016,72.37158203125,1536.0528564453125,3061.040771484375,1525.338623046875,3039.865966796875,283.83251953125,60.18316650390625,4.656265446101315e-06,0,0,2577.766845703125,1307.9501953125,0,16.613693237304688,2266.0361328125,12.128278732299805,12.13857650756836,767.4921264648438,1529.4595947265625,54.17466735839844,54.24847412109375,85.0,0,0,345.8424377441406,0,7.924896240234375,22.15989875793457,22.211101531982422,0,1.034000039100647,0.9067617654800415,50,2.799999952316284,2.7455432415008545,0,0,0,0,297.9496736677443,0,0,0,-0.006336702965199947,0.09601175040006638,-0.09065727889537811,-0.0009822336724027991,83.61935424804688,83.77213287353516,711.0374755859375,711.15771484375,711.15771484375,510.205078125,0,0,16.613693237304688,0.0010999999940395355,0.02200000174343586,0.03299999609589577,0.04399999603629112,5655.8173828125,114276.53125,0.0429663360118866,0,3.1392715754918754e-05,197.55770874023438,0,0.0002616529818624258,2.8350639695418067e-05,0,0,23.700000762939453,0,0,1600,0,50,0,0,0,50,50,800,0.0,0.0,0.0,0.0
109,157.11801147460938,309.22247314453125,323.6578063964844,323.6065673828125,294.9712829589844,295.0225524902344,16515.818359375,33031.63671875,72.35928344726562,72.35936737060547,1534.3553466796875,3057.6044921875,1525.3441162109375,3039.860595703125,283.8117980957031,60.13084030151367,1.1382282991689863e-06,0,0,2577.849365234375,1307.8826904296875,0,16.81269073486328,2264.855224609375,12.128605842590332,12.138895988464355,767.0654907226562,1528.60107421875,54.188594818115234,54.26247024536133,85.0,0,0,345.8282165527344,0,7.924896240234375,22.17041015625,22.221647262573242,0,1.034000039100647,0.9067617654800415,50,2.799999952316284,2.7469747066497803,0,0,0,0,305.89343602776603,0,0,0,-0.005098865367472172,0.09629508852958679,-0.09203732013702393,-0.0008410945883952081,83.60122680664062,83.72847747802734,710.828125,710.9282836914062,710.9282836914062,510.08038330078125,0,0,16.81269073486328,0.0010999999940395355,0.02200000174343586,0.03299999609589577,0.04399999603629112,5655.8173828125,114276.53125,0.0429663360118866,0,3.1392715754918754e-05,199.37850952148438,0,0.0002616529818624258,2.8350639695418067e-05,0,0,23.700000762939453,0,0,1600,0,50,0,0,0,50,50,800,0.0,0.0,0.0,0.0
110,157.0906524658203,309.2025146484375,323.6336669921875,323.5823669433594,294.95819091796875,295.009521484375,16515.818359375,33031.63671875,72.34611511230469,72.34620666503906,1532.72412109375,3054.298095703125,1525.3416748046875,3039.863037109375,283.7911376953125,60.078697204589844,4.237093889969401e-06,0,0,2577.930908203125,1307.8111572265625,0,16.992555618286133,2263.88134765625,12.128828048706055,12.13910961151123,766.6751098632812,1527.8175048828125,54.1995964050293,54.27330780029297,85.0,0,0,345.8141174316406,0,7.924896240234375,22.180448532104492,22.23175048828125,0,1.034000039100647,0.9067617654800415,50,2.799999952316284,2.7481565475463867,0,0,0,0,313.76976106651273,0,0,0,-0.003863658057525754,0.09653311222791672,-0.0933896005153656,-0.0007201461703516543,83.58325958251953,83.69247436523438,710.6495971679688,710.7355346679688,710.7355346679688,509.9740295410156,0,0,16.992555618286133,0.0010999999940395355,0.02200000174343586,0.03299999609589577,0.04399999603629112,5655.8173828125,114276.53125,0.0429663360118866,0,3.1392715754918754e-05,201.19931030273438,0,0.0002616529818624258,2.8350639695418067e-05,0,0,23.700000762939453,0,0,1600,0,50,0,0,0,50,50,800,0.0,0.0,0.0,0.0
111,157.0635986328125,309.18267822265625,323.6101989746094,323.558837890625,294.9440002441406,294.9953918457031,16515.818359375,33031.63671875,72.33209991455078,72.33219146728516,1531.14794921875,3051.102294921875,1525.34619140625,3039.8583984375,283.7706604003906,60.02689743041992,-4.187751073914114e-06,0,0,2578.011962890625,1307.73681640625,0,17.154001235961914,2263.0576171875,12.128951072692871,12.139225006103516,766.3206176757812,1527.104248046875,54.2080078125,54.28164291381836,85.0,0,0,345.8001708984375,0,7.924896240234375,22.18997573852539,22.24134635925293,0,1.034000039100647,0.9067617654800415,50,2.799999952316284,2.749156951904297,0,0,0,0,314.99998519276,0,0,0,-0.00263736629858613,0.09673815220594406,-0.09471457451581955,-0.0006137893069535494,83.56715393066406,83.66201782226562,710.494873046875,710.5695190429688,710.5695190429688,509.8810729980469,0,0,17.154001235961914,0.0010999999940395355,0.02200000174343586,0.03299999609589577,0.04399999603629112,5655.8173828125,114276.53125,0.0429663360118866,0,3.1392715754918754e-05,203.02011108398438,0,0.0002616529818624258,2.8350639695418067e-05,0,0,23.700000762939453,0,0,1600,0,50,0,0,0,50,50,800,0.0,0.0,0.0,0.0
112,157.03683471679688,309.16302490234375,323.58734130859375,323.5359191894531,294.9288635253906,294.9803466796875,16515.818359375,33031.63671875,72.31733703613281,72.31743621826172,1529.622314453125,3048.00634765625,1525.3404541015625,3039.864501953125,283.75030517578125,59.97555160522461,3.348652853674139e-06,0,0,2578.091796875,1307.6593017578125,0,17.299177169799805,2262.35498046875,12.128978729248047,12.13924503326416,766.0022583007812,1526.459716796875,54.214229583740234,54.287696838378906,85.0,0,0,345.7864074707031,0,7.924896240234375,22.199064254760742,22.25050163269043,0,1.034000039100647,0.9067617654800415,50,2.799999952316284,2.7500104904174805,0,0,0,0,314.99998519276,0,0,0,-0.0014220743905752897,0.09691645950078964,-0.09601279348134995,-0.0005184127949178219,83.55342102050781,83.63604736328125,710.360107421875,710.4251708984375,710.4251708984375,509.79901123046875,0,0,17.299177169799805,0.0010999999940395355,0.02200000174343586,0.03299999609589577,0.04399999603629112,5655.8173828125,114276.53125,0.0429663360118866,0,3.1392715754918754e-05,204.84091186523438,0,0.0002616529818624258,2.8350639695418067e-05,0,0,23.700000762939453,0,0,1600,0,50,0,0,0,50,50,800,0.0,0.0,0.0,0.0
113,157.01039123535156,309.1435241699219,323.5651550292969,323.5136413574219,294.91290283203125,294.9644470214844,16515.818359375,33031.63671875,72.30192565917969,72.3020248413086,1528.1416015625,3045.005615234375,1525.348876953125,3039.85595703125,283.73016357421875,59.92472839355469,5.39724123882479e-06,0,0,2578.171142578125,1307.5797119140625,0,17.4344482421875,2261.75634765625,12.12891960144043,12.139172554016113,765.7140502929688,1525.882080078125,54.21835708618164,54.29174041748047,85.0,0,0,345.7727355957031,0,7.924896240234375,22.207609176635742,22.25911521911621,0,1.034000039100647,0.9067617654800415,50,2.799999952316284,2.7507386207580566,0,0,0,0,314.99998519276,0,0,0,-0.00021776817447971553,0.09707173705101013,-0.09728486835956573,-0.0004308935021981597,83.54205322265625,83.6139144897461,710.2428588867188,710.2994384765625,710.2994384765625,509.7263488769531,0,0,17.4344482421875,0.0010999999940395355,0.02200000174343586,0.03299999609589577,0.04399999603629112,5655.8173828125,114276.53125,0.0429663360118866,0,3.1392715754918754e-05,206.66171264648438,0,0.0002616529818624258,2.8350639695418067e-05,0,0,23.700000762939453,0,0,1600,0,50,0,0,0,50,50,800,0.0,0.0,0.0,0.0
114,156.98431396484375,309.12420654296875,323.5436096191406,323.4920349121094,294.8961486816406,294.94775390625,16515.818359375,33031.63671875,72.28593444824219,72.28604125976562,1526.706298828125,3042.09326171875,1525.3492431640625,3039.855712890625,283.7102966308594,59.874488830566406,6.184032486089563e-07,0,0,2578.2490234375,1307.4974365234375,0,17.55959701538086,2261.250244140625,12.128771781921387,12.13901424407959,765.45703125,1525.360107421875,54.22068405151367,54.2938346862793,85.0,0,0,345.7593078613281,0,7.924896240234375,22.21571159362793,22.26728630065918,0,1.034000039100647,0.9067617654800415,50,2.799999952316284,2.751354217529297,0,0,0,0,314.99998519276,0,0,0,0.0009734720806591213,0.09720658510923386,-0.09853138029575348,-0.00035132610355503857,83.53302764892578,83.59519958496094,710.1412963867188,710.1902465820312,710.1902465820312,509.66204833984375,0,0,17.55959701538086,0.0010999999940395355,0.02200000174343586,0.03299999609589577,0.04399999603629112,5655.8173828125,114276.53125,0.0429663360118866,0,3.1392715754918754e-05,208.48251342773438,0,0.0002616529818624258,2.8350639695418067e-05,0,0,23.700000762939453,0,0,1600,0,50,0,0,0,50,50,800,0.0,0.0,0.0,0.0
115,156.95858764648438,309.1051330566406,323.5227355957031,323.4710693359375,294.8787841796875,294.9304504394531,16515.818359375,33031.63671875,72.26946258544922,72.26957702636719,1525.31201171875,3039.2666015625,1525.3468017578125,3039.85791015625,283.6906433105469,59.824825286865234,-1.514141899860988e-06,0,0,2578.325927734375,1307.413818359375,0,17.679826736450195,2260.82666015625,12.12854290008545,12.138772964477539,765.2263793945312,1524.8946533203125,54.22117233276367,54.29419708251953,85.0,0,0,345.74603271484375,0,7.924896240234375,22.223308563232422,22.27495002746582,0,1.034000039100647,0.9067617654800415,50,2.799999952316284,2.7518696784973145,0,0,0,0,314.99998519276,0,0,0,0.0021516624838113785,0.09732308238744736,-0.09975294023752213,-0.00027819318347610533,83.52618408203125,83.57954406738281,710.053955078125,710.0958862304688,710.0958862304688,509.60528564453125,0,0,17.679826736450195,0.0010999999940395355,0.02200000174343586,0.03299999609589577,0.04399999603629112,5655.8173828125,114276.53125,0.0429663360118866,0,3.1392715754918754e-05,210.30331420898438,0,0.0002616529818624258,2.8350639695418067e-05,0,0,23.700000762939453,0,0,1600,0,50,0,0,0,50,50,800,0.0,0.0,0.0,0.0
116,156.9332275390625,309.0862121582031,323.5024719238281,323.4507751464844,294.8608093261719,294.9125671386719,16515.818359375,33031.63671875,72.2525634765625,72.252685546875,1523.95849609375,3036.518310546875,1525.35107421875,3039.853759765625,283.67120361328125,59.7757568359375,1.9046445913772914e-06,0,0,2578.402099609375,1307.3284912109375,0,17.797887802124023,2260.478759765625,12.128236770629883,12.138455390930176,765.0189208984375,1524.4747314453125,54.220096588134766,54.29291915893555,85.0,0,0,345.73297119140625,0,7.924896240234375,22.230497360229492,22.282207489013672,0,1.034000039100647,0.9067617654800415,50,2.799999952316284,2.752293348312378,0,0,0,0,314.99998519276,0,0,0,0.0033189095556735992,0.09742274880409241,-0.10095009207725525,-0.0002084292791550979,83.5214614868164,83.56668090820312,709.9796142578125,710.0151977539062,710.0151977539062,509.555419921875,0,0,17.797887802124023,0.0010999999940395355,0.02200000174343586,0.03299999609589577,0.04399999603629112,5655.8173828125,114276.53125,0.0429663360118866,0,3.1392715754918754e-05,212.12411499023438,0,0.0002616529818624258,2.8350639695418067e-05,0,0,23.700000762939453,0,0,1600,0,50,0,0,0,50,50,800,0.0,0.0,0.0,0.0
117,156.90823364257812,309.0675048828125,323.48291015625,323.4311218261719,294.84228515625,294.89410400390625,16515.818359375,33031.63671875,72.23531341552734,72.23542785644531,1522.642822265625,3033.85107421875,1525.348876953125,3039.85595703125,283.6520080566406,59.72728729248047,8.200358365684224e-07,0,0,2578.4765625,1307.241943359375,0,17.91507911682129,2260.20068359375,12.127853393554688,12.138056755065918,764.8330078125,1524.0986328125,54.21736526489258,54.2900276184082,85.0,0,0,345.7200622558594,0,7.924896240234375,22.23714256286621,22.288921356201172,0,1.034000039100647,0.9067617654800415,50,2.799999952316284,2.752631902694702,0,0,0,0,314.99998519276,0,0,0,0.004473136272281408,0.09750691801309586,-0.10212339460849762,-0.0001433364668628201,83.51878356933594,83.55640411376953,709.9174194335938,709.9470825195312,709.9470825195312,509.5119323730469,0,0,17.91507911682129,0.0010999999940395355,0.02200000174343586,0.03299999609589577,0.04399999603629112,5655.8173828125,114276.53125,0.0429663360118866,0,3.1392715754918754e-05,213.94491577148438,0,0.0002616529818624258,2.8350639695418067e-05,0,0,23.700000762939453,0,0,1600,0,50,0,0,0,50,50,800,0.0,0.0,0.0,0.0
118,156.88360595703125,309.04901123046875,323.4639892578125,323.4121398925781,294.8233337402344,294.8752136230469,16515.818359375,33031.63671875,72.21775817871094,72.21788024902344,1521.3658447265625,3031.258544921875,1525.3531494140625,3039.8515625,283.633056640625,59.679420471191406,-4.186960723018274e-06,0,0,2578.550537109375,1307.1541748046875,0,18.028671264648438,2259.9873046875,12.127397537231445,12.137584686279297,764.6702880859375,1523.7679443359375,54.213233947753906,54.28560256958008,85.0,0,0,345.70733642578125,0,7.924896240234375,22.24334716796875,22.295194625854492,0,1.034000039100647,0.9067617654800415,50,2.799999952316284,2.752891778945923,0,0,0,0,314.99998519276,0,0,0,0.005612267646938562,0.09757661074399948,-0.1032734289765358,-8.4554216300603e-05,83.51791381835938,83.54851531982422,709.8665771484375,709.890625,709.890625,509.47442626953125,0,0,18.028671264648438,0.0010999999940395355,0.02200000174343586,0.03299999609589577,0.04399999603629112,5655.8173828125,114276.53125,0.0429663360118866,0,3.1392715754918754e-05,215.76571655273438,0,0.0002616529818624258,2.8350639695418067e-05,0,0,23.700000762939453,0,0,1600,0,50,0,0,0,50,50,800,0.0,0.0,0.0,0.0
119,156.85934448242188,309.0307312011719,323.44561767578125,323.3937072753906,294.8040466308594,294.85595703125,16515.818359375,33031.63671875,72.19995880126953,72.20008850097656,1520.123779296875,3028.739990234375,1525.351806640625,3039.852783203125,283.6143493652344,59.632164001464844,-1.3185942862037336e-06,0,0,2578.62255859375,1307.0657958984375,0,18.137277603149414,2259.833984375,12.126872062683105,12.137043952941895,764.5249633789062,1523.4708251953125,54.20759582519531,54.27983474731445,85.0,0,0,345.69482421875,0,7.924896240234375,22.24921417236328,22.301128387451172,0,1.034000039100647,0.9067617654800415,50,2.799999952316284,2.7530784606933594,0,0,0,0,314.99998519276,0,0,0,0.006738411262631416,0.09763289242982864,-0.10440073162317276,-2.942290302598849e-05,83.51869201660156,83.5428466796875,709.8260498046875,709.8450317382812,709.8450317382812,509.44244384765625,0,0,18.137277603149414,0.0010999999940395355,0.02200000174343586,0.03299999609589577,0.04399999603629112,5655.8173828125,114276.53125,0.0429663360118866,0,3.1392715754918754e-05,217.58651733398438,0,0.0002616529818624258,2.8350639695418067e-05,0,0,23.700000762939453,0,0,1600,0,50,0,0,0,50,50,800,0.0,0.0,0.0,0.0
120,156.83546447753906,309.0126647949219,323.4278259277344,323.3758239746094,294.7843933105469,294.83636474609375,16515.818359375,33031.63671875,72.18196868896484,72.18209075927734,1518.9188232421875,3026.292724609375,1525.3543701171875,3039.8505859375,283.5958557128906,59.58551025390625,-2.3726154267933453e-06,0,0,2578.6943359375,1306.9766845703125,0,18.246309280395508,2259.736083984375,12.126277923583984,12.136431694030762,764.3953857421875,1523.208984375,54.200706481933594,54.27263259887695,85.0,0,0,345.6825256347656,0,7.924896240234375,22.25470733642578,22.30668830871582,0,1.034000039100647,0.9067617654800415,50,2.799999952316284,2.7531979084014893,0,0,0,0,314.99998519276,0,0,0,0.007851580157876015,0.09767678380012512,-0.10550577938556671,2.258475979033392e-05,83.52110290527344,83.53922271728516,709.7952880859375,709.8095092773438,709.8095092773438,509.41558837890625,0,0,18.246309280395508,0.0010999999940395355,0.02200000174343586,0.03299999609589577,0.04399999603629112,5655.8173828125,114276.53125,0.0429663360118866,0,3.1392715754918754e-05,219.40731811523438,0,0.0002616529818624258,2.8350639695418067e-05,0,0,23.700000762939453,0,0,1600,0,50,0,0,0,50,50,800,0.0,0.0,0.0,0.0
121,156.8119659423828,308.99481201171875,323.41058349609375,323.3585510253906,294.76446533203125,294.8165283203125,16515.818359375,33031.63671875,72.16382598876953,72.16394805908203,1517.7469482421875,3023.9140625,1525.35986328125,3039.844970703125,283.57763671875,59.53947448730469,-5.024993242841447e-06,0,0,2578.7646484375,1306.8870849609375,0,18.350357055664062,2259.689453125,12.12562084197998,12.135756492614746,764.2822875976562,1522.975341796875,54.19253921508789,54.26418685913086,85.0,0,0,345.6703796386719,0,7.924896240234375,22.259794235229492,22.31184196472168,0,1.034000039100647,0.9067617654800415,50,2.799999952316284,2.7532546520233154,0,0,0,0,314.99998519276,0,0,0,0.0089497035369277,0.09770918637514114,-0.10658908635377884,6.980342004681006e-05,83.5250473022461,83.5374984741211,709.7734375,709.7832641601562,709.7832641601562,509.39349365234375,0,0,18.350357055664062,0.0010999999940395355,0.02200000174343586,0.03299999609589577,0.04399999603629112,5655.8173828125,114276.53125,0.0429663360118866,0,3.1392715754918754e-05,221.22811889648438,0,0.0002616529818624258,2.8350639695418067e-05,0,0,23.700000762939453,0,0,1600,0,50,0,0,0,50,50,800,0.0,0.0,0.0,0.0
122,156.78883361816406,308.9772033691406,323.3938903808594,323.341796875,294.74432373046875,294.79644775390625,16515.818359375,33031.63671875,72.14555358886719,72.14567565917969,1516.6080322265625,3021.602294921875,1525.3636474609375,3039.841064453125,283.55963134765625,59.49405288696289,7.789992650941713e-07,0,0,2578.833984375,1306.7972412109375,0,18.45210075378418,2259.690673828125,12.124900817871094,12.135018348693848,764.1831665039062,1522.772216796875,54.18317413330078,54.254512786865234,85.0,0,0,345.6584167480469,0,7.924896240234375,22.264507293701172,22.31662368774414,0,1.034000039100647,0.9067617654800415,50,2.799999952316284,2.7532529830932617,0,0,0,0,314.99998519276,0,0,0,0.010034884326159954,0.09773080050945282,-0.10765115916728973,0.00011452073522377759,83.53033447265625,83.53755187988281,709.7600708007812,709.7658081054688,709.7658081054688,509.3758850097656,0,0,18.45210075378418,0.0010999999940395355,0.02200000174343586,0.03299999609589577,0.04399999603629112,5655.8173828125,114276.53125,0.0429663360118866,0,3.1392715754918754e-05,223.04891967773438,0,0.0002616529818624258,2.8350639695418067e-05,0,0,23.700000762939453,0,0,1600,0,50,0,0,0,50,50,800,0.0,0.0,0.0,0.0
123,156.76611328125,308.9598388671875,323.3776550292969,323.3254699707031,294.72406005859375,294.7762451171875,16515.818359375,33031.63671875,72.12720489501953,72.12732696533203,1515.5018310546875,3019.3544921875,1525.36767578125,3039.837158203125,283.5419006347656,59.44927215576172,-2.1650530470651574e-06,0,0,2578.90185546875,1306.70751953125,0,18.550159454345703,2259.736083984375,12.124120712280273,12.1342191696167,764.0982666015625,1522.596923828125,54.17267608642578,54.24367904663086,85.0,0,0,345.64666748046875,0,7.924896240234375,22.26901626586914,22.32120132446289,0,1.034000039100647,0.9067617654800415,50,2.799999952316284,2.75319766998291,0,0,0,0,314.99998519276,0,0,0,0.011102965101599693,0.09774243831634521,-0.10869250446557999,0.0001528993307147175,83.53685760498047,83.53923034667969,709.7544555664062,709.75634765625,709.75634765625,509.3623962402344,0,0,18.550159454345703,0.0010999999940395355,0.02200000174343586,0.03299999609589577,0.04399999603629112,5655.8173828125,114276.53125,0.0429663360118866,0,3.1392715754918754e-05,224.86972045898438,0,0.0002616529818624258,2.8350639695418067e-05,0,0,23.700000762939453,0,0,1600,0,50,0,0,0,50,50,800,0.0,0.0,0.0,0.0
124,156.74375915527344,308.94268798828125,323.3619689941406,323.3097229003906,294.70361328125,294.755859375,16515.818359375,33031.63671875,72.10880279541016,72.10894012451172,1514.426025390625,3017.169921875,1525.3634033203125,3039.84130859375,283.5244445800781,59.40513610839844,-2.640407501530717e-06,0,0,2578.96875,1306.6175537109375,0,18.643096923828125,2259.822021484375,12.123283386230469,12.133362770080566,764.0245971679688,1522.4471435546875,54.16108322143555,54.23175811767578,85.0,0,0,345.6351013183594,0,7.924896240234375,22.27315330505371,22.325407028198242,0,1.034000039100647,0.9067617654800415,50,2.799999952316284,2.7530930042266846,0,0,0,0,314.99998519276,0,0,0,0.012158135883510113,0.09774494916200638,-0.10971354693174362,0.0001895356981549412,83.54438781738281,83.54240417480469,709.755859375,709.7543334960938,709.7543334960938,509.352783203125,0,0,18.643096923828125,0.0010999999940395355,0.02200000174343586,0.03299999609589577,0.04399999603629112,5655.8173828125,114276.53125,0.0429663360118866,0,3.1392715754918754e-05,226.69052124023438,0,0.0002616529818624258,2.8350639695418067e-05,0,0,23.700000762939453,0,0,1600,0,50,0,0,0,50,50,800,0.0,0.0,0.0,0.0
125,156.7218017578125,308.92578125,323.3467712402344,323.2944641113281,294.68304443359375,294.7353515625,16515.818359375,33031.63671875,72.09039306640625,72.09052276611328,1513.380126953125,3015.047607421875,1525.3662109375,3039.838623046875,283.5072021484375,59.36162567138672,-3.5521029531082604e-06,0,0,2579.034423828125,1306.52783203125,0,18.737712860107422,2259.94482421875,12.122390747070312,12.132448196411133,763.9619750976562,1522.3182373046875,54.148372650146484,54.21883010864258,85.0,0,0,345.623779296875,0,7.924896240234375,22.277019500732422,22.3293399810791,0,1.034000039100647,0.9067617654800415,50,2.799999952316284,2.752943515777588,0,0,0,0,314.99998519276,0,0,0,0.013196240179240704,0.0977390855550766,-0.11071475595235825,0.00022057369642425328,83.55291748046875,83.54694366455078,709.7637329101562,709.7590942382812,709.7590942382812,509.34661865234375,0,0,18.737712860107422,0.0010999999940395355,0.02200000174343586,0.03299999609589577,0.04399999603629112,5655.8173828125,114276.53125,0.0429663360118866,0,3.1392715754918754e-05,228.51132202148438,0,0.0002616529818624258,2.8350639695418067e-05,0,0,23.700000762939453,0,0,1600,0,50,0,0,0,50,50,800,0.0,0.0,0.0,0.0
126,156.70025634765625,308.90911865234375,323.33203125,323.2796325683594,294.6624450683594,294.71484375,16515.818359375,33031.63671875,72.07199096679688,72.07213592529297,1512.3634033203125,3012.983642578125,1525.37109375,3039.833740234375,283.490234375,59.318763732910156,-1.4140931625661324e-06,0,0,2579.09912109375,1306.438232421875,0,18.827253341674805,2260.1005859375,12.121444702148438,12.131481170654297,763.9109497070312,1522.209228515625,54.1347541809082,54.20490264892578,85.0,0,0,345.6126403808594,0,7.924896240234375,22.28061294555664,22.3330020904541,0,1.034000039100647,0.9067617654800415,50,2.799999952316284,2.752753734588623,0,0,0,0,314.99998519276,0,0,0,0.014221464283764362,0.09772569686174393,-0.11169654130935669,0.0002506152668502182,83.5622787475586,83.55270385742188,709.7774658203125,709.7698974609375,709.7698974609375,509.34368896484375,0,0,18.827253341674805,0.0010999999940395355,0.02200000174343586,0.03299999609589577,0.04399999603629112,5655.8173828125,114276.53125,0.0429663360118866,0,3.1392715754918754e-05,230.33212280273438,0,0.0002616529818624258,2.8350639695418067e-05,0,0,23.700000762939453,0,0,1600,0,50,0,0,0,50,50,800,0.0,0.0,0.0,0.0
127,156.6885223388672,308.8926696777344,323.3177795410156,323.26531982421875,294.6417236328125,294.6941833496094,16515.818359375,33031.63671875,72.05370330810547,72.05384826660156,1511.37353515625,3010.97705078125,1525.3680419921875,3039.836669921875,283.4735107421875,59.27655792236328,4.935638116876362e-06,0,0,2579.162109375,1306.3450927734375,0,18.912994384765625,2260.286376953125,12.120448112487793,12.130462646484375,763.90185546875,1522.1864013671875,54.12020492553711,54.1900749206543,85.0,0,0,345.6017150878906,0,7.924896240234375,22.283935546875,22.336393356323242,0,1.034000039100647,0.9067617654800415,50,2.799999952316284,2.7525274753570557,0,0,0,0,1176.9999527455907,0,0,0,0.015231740660965443,0.0977054238319397,-0.11265932768583298,0.000277835875749588,83.57245635986328,83.5595703125,709.7965087890625,709.7863159179688,709.7863159179688,509.3436279296875,0,0,18.912994384765625,0.0010999999940395355,0.02200000174343586,0.03299999609589577,0.04399999603629112,5655.8173828125,114276.53125,0.0429663360118866,0,3.1392715754918754e-05,232.15292358398438,0,0.0002616529818624258,2.8350639695418067e-05,0,0,23.700000762939453,0,0,1600,0,50,0,0,0,50,50,800,0.0,0.0,0.0,0.0
128,156.68214416503906,308.87677001953125,323.30352783203125,323.2510070800781,294.62152099609375,294.6740417480469,16515.818359375,33031.63671875,72.03559112548828,72.03573608398438,1510.41259765625,3009.023681640625,1525.3712158203125,3039.83349609375,283.4579162597656,59.2371940612793,-2.5647138954809634e-06,0,0,2579.174560546875,1306.2530517578125,0,18.619962692260742,2260.499267578125,12.119402885437012,12.129395484924316,763.9064331054688,1522.19091796875,54.10483169555664,54.17436599731445,85.0,0,0,345.59954833984375,0,7.924896240234375,22.29600715637207,22.34853172302246,0,1.034000039100647,0.9067617654800415,50,2.799999952316284,2.752268075942993,0,0,0,0,1176.9999527455907,0,0,0,0.0162083450704813,0.0976787880063057,-0.11360374838113785,0.00028338583069853485,83.58302307128906,83.56744384765625,709.8201904296875,709.8079223632812,709.8079223632812,509.3462829589844,0,0,18.619962692260742,0.0010999999940395355,0.02200000174343586,0.03299999609589577,0.04399999603629112,5655.8173828125,114276.53125,0.0429663360118866,0,3.1392715754918754e-05,233.97372436523438,0,0.0002616529818624258,2.8350639695418067e-05,0,0,23.700000762939453,0,0,1600,0,50,0,0,0,50,50,800,0.0,0.0,0.0,0.0
129,156.67555236816406,308.86114501953125,323.2888488769531,323.23626708984375,294.602294921875,294.6548767089844,16515.818359375,33031.63671875,72.0177001953125,72.0178451538086,1509.475830078125,3007.120849609375,1525.3743896484375,3039.830322265625,283.4418029785156,59.19651412963867,2.2019544303475413e-06,0,0,2579.194091796875,1306.1612548828125,0,19.014360427856445,2260.730224609375,12.11831283569336,12.128281593322754,763.9222412109375,1522.2176513671875,54.088748931884766,54.157901763916016,85.0,0,0,345.59619140625,0,7.924896240234375,22.30733299255371,22.35992431640625,0,1.034000039100647,0.9067617654800415,50,2.799999952316284,2.7519869804382324,0,0,0,0,1176.9999527455907,0,0,0,0.017165882512927055,0.09764763712882996,-0.11453016847372055,0.00028334950911812484,83.59297943115234,83.57598114013672,709.8464965820312,709.8331298828125,709.8331298828125,509.3510437011719,0,0,19.014360427856445,0.0010999999940395355,0.02200000174343586,0.03299999609589577,0.04399999603629112,5655.8173828125,114276.53125,0.0429663360118866,0,3.1392715754918754e-05,235.79452514648438,0,0.0002616529818624258,2.8350639695418067e-05,0,0,23.700000762939453,0,0,1600,0,50,0,0,0,50,50,800,0.0,0.0,0.0,0.0
130,156.66909790039062,308.8455810546875,323.2738342285156,323.2211608886719,294.58392333984375,294.6365051269531,16515.818359375,33031.63671875,72.0000228881836,72.00016784667969,1508.56201171875,3005.264892578125,1525.3773193359375,3039.827392578125,283.4256896972656,59.15581130981445,3.4825759485102026e-06,0,0,2579.21337890625,1306.0703125,0,19.19009017944336,2260.97119140625,12.117179870605469,12.12712287902832,763.9356689453125,1522.23974609375,54.07200622558594,54.14078140258789,85.0,0,0,345.59283447265625,0,7.924896240234375,22.318998336791992,22.37165641784668,0,1.034000039100647,0.9067617654800415,50,2.799999952316284,2.7516939640045166,0,0,0,0,1176.9999527455907,0,0,0,0.018121015280485153,0.09761413186788559,-0.11543869227170944,0.00029645554604940116,83.60289001464844,83.58488464355469,709.8744506835938,709.8602294921875,709.8602294921875,509.3568115234375,0,0,19.19009017944336,0.0010999999940395355,0.02200000174343586,0.03299999609589577,0.04399999603629112,5655.8173828125,114276.53125,0.0429663360118866,0,3.1392715754918754e-05,237.61532592773438,0,0.0002616529818624258,2.8350639695418067e-05,0,0,23.700000762939453,0,0,1600,0,50,0,0,0,50,50,800,0.0,0.0,0.0,0.0
131,156.66290283203125,308.8301696777344,323.25860595703125,323.20587158203125,294.566162109375,294.6188049316406,16515.818359375,33031.63671875,71.9825439453125,71.9826889038086,1507.67236328125,3003.456298828125,1525.376220703125,3039.82861328125,283.4096984863281,59.115455627441406,4.456229362403974e-06,0,0,2579.232421875,1305.9798583984375,0,19.30591583251953,2261.22119140625,12.11600112915039,12.125922203063965,763.947998046875,1522.2568359375,54.05462646484375,54.12301254272461,85.0,0,0,345.5895690917969,0,7.924896240234375,22.33096694946289,22.383695602416992,0,1.034000039100647,0.9067617654800415,50,2.799999952316284,2.751389503479004,0,0,0,0,1176.9999527455907,0,0,0,0.01906750537455082,0.09757845103740692,-0.11632959544658661,0.000316358549753204,83.61363220214844,83.59413146972656,709.9044799804688,709.88916015625,709.88916015625,509.3634948730469,0,0,19.30591583251953,0.0010999999940395355,0.02200000174343586,0.03299999609589577,0.04399999603629112,5655.8173828125,114276.53125,0.0429663360118866,0,3.1392715754918754e-05,239.43612670898438,0,0.0002616529818624258,2.8350639695418067e-05,0,0,23.700000762939453,0,0,1600,0,50,0,0,0,50,50,800,0.0,0.0,0.0,0.0
132,156.65699768066406,308.81494140625,323.2431945800781,323.1904296875,294.5489807128906,294.6017150878906,16515.818359375,33031.63671875,71.96524810791016,71.96540069580078,1506.80615234375,3001.6962890625,1525.383544921875,3039.8212890625,283.3939208984375,59.07555389404297,1.1966227475568303e-07,0,0,2579.250244140625,1305.89111328125,0,19.408153533935547,2261.485107421875,12.114782333374023,12.124677658081055,763.9588012695312,1522.2767333984375,54.03655242919922,54.104591369628906,85.0,0,0,345.58648681640625,0,7.924896240234375,22.34330940246582,22.39607048034668,0,1.034000039100647,0.9067617654800415,50,2.799999952316284,2.751068353652954,0,0,0,0,1176.9999527455907,0,0,0,0.020001204684376717,0.09753958880901337,-0.11720327287912369,0.00033752433955669403,83.6253433227539,83.60388946533203,709.9375,709.9205932617188,709.9205932617188,509.3715515136719,0,0,19.408153533935547,0.0010999999940395355,0.02200000174343586,0.03299999609589577,0.04399999603629112,5655.8173828125,114276.53125,0.0429663360118866,0,3.1392715754918754e-05,241.25692749023438,0,0.0002616529818624258,2.8350639695418067e-05,0,0,23.700000762939453,0,0,1600,0,50,0,0,0,50,50,800,0.0,0.0,0.0,0.0
133,156.65139770507812,308.7998962402344,323.2276611328125,323.1748352050781,294.5323791503906,294.58514404296875,16515.818359375,33031.63671875,71.94815063476562,71.94829559326172,1505.9627685546875,2999.98583984375,1525.385986328125,3039.81884765625,283.3782958984375,59.036128997802734,4.594655820255866e-06,0,0,2579.267333984375,1305.802734375,0,19.503259658813477,2261.76611328125,12.11352252960205,12.123393058776855,763.9719848632812,1522.2991943359375,54.01779556274414,54.085514068603516,85.0,0,0,345.5835266113281,0,7.924896240234375,22.35589027404785,22.408720016479492,0,1.034000039100647,0.9067617654800415,50,2.799999952316284,2.7507266998291016,0,0,0,0,1176.9999527455907,0,0,0,0.02092420496046543,0.09749679267406464,-0.11806006729602814,0.0003609299601521343,83.63797760009766,83.61427307128906,709.9739379882812,709.9552612304688,709.9552612304688,509.3813171386719,0,0,19.503259658813477,0.0010999999940395355,0.02200000174343586,0.03299999609589577,0.04399999603629112,5655.8173828125,114276.53125,0.0429663360118866,0,3.1392715754918754e-05,243.07772827148438,0,0.0002616529818624258,2.8350639695418067e-05,0,0,23.700000762939453,0,0,1600,0,50,0,0,0,50,50,800,0.0,0.0,0.0,0.0
134,156.6461181640625,308.7850341796875,323.2120666503906,323.1592102050781,294.5162048339844,294.56903076171875,16515.818359375,33031.63671875,71.93123626708984,71.93138885498047,1505.1451416015625,2998.32373046875,1525.3831787109375,3039.821533203125,283.3628845214844,58.997215270996094,1.8388109310762957e-06,0,0,2579.283447265625,1305.7154541015625,0,19.593830108642578,2262.06591796875,12.112222671508789,12.122066497802734,763.9869384765625,1522.3238525390625,53.99845504760742,54.06568908691406,85.0,0,0,345.58074951171875,0,7.924896240234375,22.36870765686035,22.421537399291992,0,1.034000039100647,0.9067617654800415,50,2.799999952316284,2.7503621578216553,0,0,0,0,1176.9999527455907,0,0,0,0.02183443494141102,0.09744955599308014,-0.1189003512263298,0.00038363580824807286,83.65145874023438,83.62535858154297,710.0140380859375,709.9935302734375,709.9935302734375,509.3929748535156,0,0,19.593830108642578,0.0010999999940395355,0.02200000174343586,0.03299999609589577,0.04399999603629112,5655.8173828125,114276.53125,0.0429663360118866,0,3.1392715754918754e-05,244.89852905273438,0,0.0002616529818624258,2.8350639695418067e-05,0,0,23.700000762939453,0,0,1600,0,50,0,0,0,50,50,800,0.0,0.0,0.0,0.0
135,156.6411895751953,308.7703857421875,323.1964416503906,323.1435852050781,294.5004577636719,294.5533447265625,16515.818359375,33031.63671875,71.91452026367188,71.9146728515625,1504.3511962890625,2996.710693359375,1525.386962890625,3039.81787109375,283.34771728515625,58.95883560180664,-4.661827006202657e-06,0,0,2579.29833984375,1305.629150390625,0,19.678407669067383,2262.38623046875,12.110884666442871,12.120702743530273,764.0037231445312,1522.351806640625,53.97833251953125,54.045265197753906,85.0,0,0,345.5781555175781,0,7.924896240234375,22.381694793701172,22.43455696105957,0,1.034000039100647,0.9067617654800415,50,2.799999952316284,2.7499725818634033,0,0,0,0,1176.9999527455907,0,0,0,0.022731909528374672,0.09739762544631958,-0.11972451955080032,0.0004050146962981671,83.66567993164062,83.63719940185547,710.0579833984375,710.0355834960938,710.0355834960938,509.4066162109375,0,0,19.678407669067383,0.0010999999940395355,0.02200000174343586,0.03299999609589577,0.04399999603629112,5655.8173828125,114276.53125,0.0429663360118866,0,3.1392715754918754e-05,246.71932983398438,0,0.0002616529818624258,2.8350639695418067e-05,0,0,23.700000762939453,0,0,1600,0,50,0,0,0,50,50,800,0.0,0.0,0.0,0.0
136,156.63661193847656,308.7559509277344,323.1809387207031,323.1280212402344,294.4850769042969,294.5379943847656,16515.818359375,33031.63671875,71.89799499511719,71.89814758300781,1503.58056640625,2995.146728515625,1525.3896484375,3039.815185546875,283.33270263671875,58.920997619628906,-3.109506678811158e-06,0,0,2579.3125,1305.543701171875,0,19.760974884033203,2262.726318359375,12.109508514404297,12.11929988861084,764.0221557617188,1522.384521484375,53.95760726928711,54.02416229248047,85.0,0,0,345.5757141113281,0,7.924896240234375,22.39478302001953,22.44767951965332,0,1.034000039100647,0.9067617654800415,50,2.799999952316284,2.7495594024658203,0,0,0,0,1176.9999527455907,0,0,0,0.023616638034582138,0.09734109044075012,-0.12053292244672775,0.00042480509728193283,83.6805648803711,83.64977264404297,710.1055297851562,710.0813598632812,710.0813598632812,509.4222106933594,0,0,19.760974884033203,0.0010999999940395355,0.02200000174343586,0.03299999609589577,0.04399999603629112,5655.8173828125,114276.53125,0.0429663360118866,0,3.1392715754918754e-05,248.54013061523438,0,0.0002616529818624258,2.8350639695418067e-05,0,0,23.700000762939453,0,0,1600,0,50,0,0,0,50,50,800,0.0,0.0,0.0,0.0
137,156.6324005126953,308.74176025390625,323.16546630859375,323.1125183105469,294.47003173828125,294.52301025390625,16515.818359375,33031.63671875,71.88166809082031,71.88182067871094,1502.8338623046875,2993.6298828125,1525.390625,3039.814208984375,283.3179626464844,58.883750915527344,3.413137847019243e-06,0,0,2579.325927734375,1305.4595947265625,0,19.836055755615234,2263.08544921875,12.108097076416016,12.117860794067383,764.0430297851562,1522.4246826171875,53.936279296875,54.00241470336914,85.0,0,0,345.57342529296875,0,7.924896240234375,22.40797233581543,22.460905075073242,0,1.034000039100647,0.9067617654800415,50,2.799999952316284,2.7491230964660645,0,0,0,0,1176.9999527455907,0,0,0,0.024484483525156975,0.0972801223397255,-0.12132595479488373,0.0004386484797578305,83.69595336914062,83.66304779052734,710.1566162109375,710.1306762695312,710.1306762695312,509.4397888183594,0,0,19.836055755615234,0.0010999999940395355,0.02200000174343586,0.03299999609589577,0.04399999603629112,5655.8173828125,114276.53125,0.0429663360118866,0,3.1392715754918754e-05,250.36093139648438,0,0.0002616529818624258,2.8350639695418067e-05,0,0,23.700000762939453,0,0,1600,0,50,0,0,0,50,50,800,0.0,0.0,0.0,0.0
138,156.62857055664062,308.727783203125,323.150146484375,323.09716796875,294.45526123046875,294.50830078125,16515.818359375,33031.63671875,71.86553955078125,71.86569213867188,1502.1094970703125,2992.158447265625,1525.394775390625,3039.81005859375,283.3034362792969,58.84709167480469,3.68936343875248e-06,0,0,2579.337890625,1305.3763427734375,0,19.90755844116211,2263.460693359375,12.10665225982666,12.116386413574219,764.0675659179688,1522.46728515625,53.91437530517578,53.980079650878906,85.0,0,0,345.5714111328125,0,7.924896240234375,22.4212646484375,22.47422981262207,0,1.034000039100647,0.9067617654800415,50,2.799999952316284,2.7486674785614014,0,0,0,0,1176.9999527455907,0,0,0,0.025339612737298012,0.09721529483795166,-0.12210392206907272,0.00045098084956407547,83.7115707397461,83.67691802978516,710.21044921875,710.1831665039062,710.1831665039062,509.458984375,0,0,19.90755844116211,0.0010999999940395355,0.02200000174343586,0.03299999609589577,0.04399999603629112,5655.8173828125,114276.53125,0.0429663360118866,0,3.1392715754918754e-05,252.18173217773438,0,0.0002616529818624258,2.8350639695418067e-05,0,0,23.700000762939453,0,0,1600,0,50,0,0,0,50,50,800,0.0,0.0,0.0,0.0
139,156.62513732910156,308.714111328125,323.135009765625,323.08197021484375,294.4407958984375,294.49383544921875,16515.818359375,33031.63671875,71.84961700439453,71.84976959228516,1501.4078369140625,2990.730712890625,1525.395751953125,3039.80908203125,283.2891540527344,58.811058044433594,3.529247578626382e-06,0,0,2579.348388671875,1305.29443359375,0,19.975486755371094,2263.849609375,12.105172157287598,12.114879608154297,764.0933227539062,1522.5172119140625,53.89192581176758,53.95720291137695,85.0,0,0,345.5695495605469,0,7.924896240234375,22.43452262878418,22.48755645751953,0,1.034000039100647,0.9067617654800415,50,2.799999952316284,2.748194932937622,0,0,0,0,1176.9999527455907,0,0,0,0.02617788314819336,0.09714720398187637,-0.12286718189716339,0.00045790374861098826,83.72740173339844,83.69129943847656,710.2667236328125,710.2383422851562,710.2383422851562,509.4796142578125,0,0,19.975486755371094,0.0010999999940395355,0.02200000174343586,0.03299999609589577,0.04399999603629112,5655.8173828125,114276.53125,0.0429663360118866,0,3.1392715754918754e-05,254.00253295898438,0,0.0002616529818624258,2.8350639695418067e-05,0,0,23.700000762939453,0,0,1600,0,50,0,0,0,50,50,800,0.0,0.0,0.0,0.0
140,156.62208557128906,308.70068359375,323.12005615234375,323.06695556640625,294.42657470703125,294.4796447753906,16515.818359375,33031.63671875,71.83390045166016,71.83405303955078,1500.72705078125,2989.3466796875,1525.3980712890625,3039.806640625,283.275146484375,58.7756462097168,2.3517834506492363e-06,0,0,2579.358154296875,1305.2135009765625,0,20.039724349975586,2264.249267578125,12.103660583496094,12.113338470458984,764.123779296875,1522.574462890625,53.86896514892578,53.93381118774414,85.0,0,0,345.56787109375,0,7.924896240234375,22.44781494140625,22.50091552734375,0,1.034000039100647,0.9067617654800415,50,2.799999952316284,2.7477099895477295,0,0,0,0,1176.9999527455907,0,0,0,0.02699931338429451,0.0970764309167862,-0.1236160472035408,0.00045969561324454844,83.7431640625,83.70606994628906,710.3248901367188,710.295654296875,710.295654296875,509.5014953613281,0,0,20.039724349975586,0.0010999999940395355,0.02200000174343586,0.03299999609589577,0.04399999603629112,5655.8173828125,114276.53125,0.0429663360118866,0,3.1392715754918754e-05,255.82333374023438,0,0.0002616529818624258,2.8350639695418067e-05,0,0,23.700000762939453,0,0,1600,0,50,0,0,0,50,50,800,0.0,0.0,0.0,0.0
141,156.6194305419922,308.6875,323.1053466796875,323.0522155761719,294.41259765625,294.4656982421875,16515.818359375,33031.63671875,71.81840515136719,71.81855773925781,1500.0657958984375,2988.003173828125,1525.4002685546875,3039.804443359375,283.2613830566406,58.74085235595703,-4.2403746647323715e-07,0,0,2579.366455078125,1305.1337890625,0,20.10297966003418,2264.655029296875,12.102118492126465,12.111767768859863,764.1578369140625,1522.638916015625,53.845542907714844,53.90998458862305,85.0,0,0,345.56640625,0,7.924896240234375,22.46107292175293,22.51420783996582,0,1.034000039100647,0.9067617654800415,50,2.799999952316284,2.7472176551818848,0,0,0,0,1176.9999527455907,0,0,0,0.027803916484117508,0.09700389951467514,-0.12435083836317062,0.00045698118628934026,83.75870513916016,83.72107696533203,710.3839721679688,710.3543701171875,710.3543701171875,509.5242004394531,0,0,20.10297966003418,0.0010999999940395355,0.02200000174343586,0.03299999609589577,0.04399999603629112,5655.8173828125,114276.53125,0.0429663360118866,0,3.1392715754918754e-05,257.6441345214844,0,0.0002616529818624258,2.8350639695418067e-05,0,0,23.700000762939453,0,0,1600,0,50,0,0,0,50,50,800,0.0,0.0,0.0,0.0
142,156.61717224121094,308.6745910644531,323.0908203125,323.0376892089844,294.39886474609375,294.4520263671875,16515.818359375,33031.63671875,71.80313110351562,71.80329132080078,1499.423828125,2986.698486328125,1525.3963623046875,3039.808349609375,283.24786376953125,58.70669937133789,-1.3121683650751947e-06,0,0,2579.373779296875,1305.0550537109375,0,20.158456802368164,2265.063232421875,12.100546836853027,12.110166549682617,764.194091796875,1522.707763671875,53.82173156738281,53.8857421875,85.0,0,0,345.56512451171875,0,7.924896240234375,22.47429847717285,22.527433395385742,0,1.034000039100647,0.9067617654800415,50,2.799999952316284,2.74672269821167,0,0,0,0,1176.9999527455907,0,0,0,0.02859378047287464,0.0969306156039238,-0.12507180869579315,0.000452593551017344,83.77387237548828,83.73616027832031,710.4434204101562,710.4136962890625,710.4136962890625,509.54736328125,0,0,20.158456802368164,0.0010999999940395355,0.02200000174343586,0.03299999609589577,0.04399999603629112,5655.8173828125,114276.53125,0.0429663360118866,0,3.1392715754918754e-05,259.4649353027344,0,0.0002616529818624258,2.8350639695418067e-05,0,0,23.700000762939453,0,0,1600,0,50,0,0,0,50,50,800,0.0,0.0,0.0,0.0
143,156.61529541015625,308.66192626953125,323.0765686035156,323.02337646484375,294.3854064941406,294.43853759765625,16515.818359375,33031.63671875,71.78809356689453,71.78825378417969,1498.7994384765625,2985.432373046875,1525.3978271484375,3039.80712890625,283.2345886230469,58.673160552978516,-4.37966355093522e-06,0,0,2579.380126953125,1304.977783203125,0,20.215633392333984,2265.47021484375,12.098946571350098,12.108535766601562,764.2310180664062,1522.7791748046875,53.797489166259766,53.86115646362305,85.0,0,0,345.5640869140625,0,7.924896240234375,22.48752212524414,22.540691375732422,0,1.034000039100647,0.9067617654800415,50,2.799999952316284,2.7462289333343506,0,0,0,0,1176.9999527455907,0,0,0,0.029368916526436806,0.09685724973678589,-0.1257791966199875,0.00044697095290757716,83.78883361816406,83.75121307373047,710.5027465820312,710.4730834960938,710.4730834960938,509.5706787109375,0,0,20.215633392333984,0.0010999999940395355,0.02200000174343586,0.03299999609589577,0.04399999603629112,5655.8173828125,114276.53125,0.0429663360118866,0,3.1392715754918754e-05,261.2857360839844,0,0.0002616529818624258,2.8350639695418067e-05,0,0,23.700000762939453,0,0,1600,0,50,0,0,0,50,50,800,0.0,0.0,0.0,0.0
144,156.61378479003906,308.6495056152344,323.0625915527344,323.00933837890625,294.37213134765625,294.42529296875,16515.818359375,33031.63671875,71.77327728271484,71.77342987060547,1498.1942138671875,2984.20263671875,1525.4063720703125,3039.79833984375,283.2215270996094,58.640228271484375,-1.5280389220606594e-07,0,0,2579.384765625,1304.9017333984375,0,20.27323341369629,2265.87451171875,12.097317695617676,12.106876373291016,764.2705688476562,1522.8544921875,53.772987365722656,53.83618927001953,85.0,0,0,345.563232421875,0,7.924896240234375,22.50064468383789,22.55388069152832,0,1.034000039100647,0.9067617654800415,50,2.799999952316284,2.745738983154297,0,0,0,0,1176.9999527455907,0,0,0,0.03012726455926895,0.09678421169519424,-0.1264733076095581,0.00043816902325488627,83.80347442626953,83.76615905761719,710.5615844726562,710.5322265625,710.5322265625,509.5939636230469,0,0,20.27323341369629,0.0010999999940395355,0.02200000174343586,0.03299999609589577,0.04399999603629112,5655.8173828125,114276.53125,0.0429663360118866,0,3.1392715754918754e-05,263.1065368652344,0,0.0002616529818624258,2.8350639695418067e-05,0,0,23.700000762939453,0,0,1600,0,50,0,0,0,50,50,800,0.0,0.0,0.0,0.0
145,156.61265563964844,308.6372985839844,323.0488586425781,322.99560546875,294.3590393066406,294.4122619628906,16515.818359375,33031.63671875,71.75869750976562,71.75884246826172,1497.6070556640625,2983.005859375,1525.4091796875,3039.79541015625,283.2087097167969,58.60789489746094,-4.29339536367479e-07,0,0,2579.388671875,1304.826416015625,0,20.328554153442383,2266.27392578125,12.095662117004395,12.105191230773926,764.3126220703125,1522.933837890625,53.74823760986328,53.8109016418457,85.0,0,0,345.56256103515625,0,7.924896240234375,22.513700485229492,22.566936492919922,0,1.034000039100647,0.9067617654800415,50,2.799999952316284,2.7452552318573,0,0,0,0,1176.9999527455907,0,0,0,0.030872980132699013,0.09671193361282349,-0.12715433537960052,0.0004305753973312676,83.81771850585938,83.78092193603516,710.6197509765625,710.5907592773438,710.5907592773438,509.6170654296875,0,0,20.328554153442383,0.0010999999940395355,0.02200000174343586,0.03299999609589577,0.04399999603629112,5655.8173828125,114276.53125,0.0429663360118866,0,3.1392715754918754e-05,264.9273376464844,0,0.0002616529818624258,2.8350639695418067e-05,0,0,23.700000762939453,0,0,1600,0,50,0,0,0,50,50,800,0.0,0.0,0.0,0.0
146,156.61190795898438,308.6253662109375,323.035400390625,322.9821472167969,294.34619140625,294.3994140625,16515.818359375,33031.63671875,71.74433898925781,71.74449920654297,1497.03662109375,2981.845947265625,1525.4049072265625,3039.7998046875,283.1961364746094,58.576141357421875,2.521425585655379e-06,0,0,2579.3916015625,1304.7529296875,0,20.38300323486328,2266.66748046875,12.093979835510254,12.103479385375977,764.3550415039062,1523.015625,53.72309875488281,53.78534698486328,85.0,0,0,345.56207275390625,0,7.924896240234375,22.52668571472168,22.579923629760742,0,1.034000039100647,0.9067617654800415,50,2.799999952316284,2.744778633117676,0,0,0,0,1176.9999527455907,0,0,0,0.031601935625076294,0.09664065390825272,-0.12782256305217743,0.00042002275586128235,83.83167266845703,83.79547119140625,710.6769409179688,710.6484985351562,710.6484985351562,509.639892578125,0,0,20.38300323486328,0.0010999999940395355,0.02200000174343586,0.03299999609589577,0.04399999603629112,5655.8173828125,114276.53125,0.0429663360118866,0,3.1392715754918754e-05,266.7481384277344,0,0.0002616529818624258,2.8350639695418067e-05,0,0,23.700000762939453,0,0,1600,0,50,0,0,0,50,50,800,0.0,0.0,0.0,0.0
147,156.61148071289062,308.6136169433594,323.0222473144531,322.9689636230469,294.3335266113281,294.38677978515625,16515.818359375,33031.63671875,71.730224609375,71.73038482666016,1496.48193359375,2980.72021484375,1525.4078369140625,3039.796875,283.1838073730469,58.544944763183594,-5.4222900871536694e-06,0,0,2579.393310546875,1304.68017578125,0,20.43662452697754,2267.0537109375,12.092273712158203,12.101740837097168,764.3992919921875,1523.0994873046875,53.69767761230469,53.759544372558594,85.0,0,0,345.561767578125,0,7.924896240234375,22.53953742980957,22.59280776977539,0,1.034000039100647,0.9067617654800415,50,2.799999952316284,2.7443108558654785,0,0,0,0,1176.9999527455907,0,0,0,0.03231827914714813,0.09657064080238342,-0.12847821414470673,0.0004107099084649235,83.8451919555664,83.80975341796875,710.7330322265625,710.7052001953125,710.7052001953125,509.6623229980469,0,0,20.43662452697754,0.0010999999940395355,0.02200000174343586,0.03299999609589577,0.04399999603629112,5655.8173828125,114276.53125,0.0429663360118866,0,3.1392715754918754e-05,268.5689392089844,0,0.0002616529818624258,2.8350639695418067e-05,0,0,23.700000762939453,0,0,1600,0,50,0,0,0,50,50,800,0.0,0.0,0.0,0.0
148,156.6114044189453,308.60211181640625,323.0093078613281,322.9560241699219,294.32110595703125,294.3743591308594,16515.818359375,33031.63671875,71.7163314819336,71.71649169921875,1495.943603515625,2979.62646484375,1525.414306640625,3039.79052734375,283.1716613769531,58.51428985595703,-5.313047950039618e-06,0,0,2579.394287109375,1304.608642578125,0,20.489530563354492,2267.43212890625,12.090543746948242,12.099979400634766,764.4423217773438,1523.1846923828125,53.67206573486328,53.73347854614258,85.0,0,0,345.5616455078125,0,7.924896240234375,22.55232048034668,22.60562515258789,0,1.034000039100647,0.9067617654800415,50,2.799999952316284,2.7438530921936035,0,0,0,0,1176.9999527455907,0,0,0,0.03302202373743057,0.09650213271379471,-0.12912145256996155,0.0004026973620057106,83.85843658447266,83.82373809814453,710.7879638671875,710.7606811523438,710.7606811523438,509.68426513671875,0,0,20.489530563354492,0.0010999999940395355,0.02200000174343586,0.03299999609589577,0.04399999603629112,5655.8173828125,114276.53125,0.0429663360118866,0,3.1392715754918754e-05,270.3897399902344,0,0.0002616529818624258,2.8350639695418067e-05,0,0,23.700000762939453,0,0,1600,0,50,0,0,0,50,50,800,0.0,0.0,0.0,0.0
149,156.61163330078125,308.59075927734375,322.9966735839844,322.9433288574219,294.3088073730469,294.3621520996094,16515.818359375,33031.63671875,71.70267486572266,71.70283508300781,1495.421630859375,2978.56591796875,1525.41015625,3039.794677734375,283.15972900390625,58.484161376953125,5.251211518952914e-07,0,0,2579.3935546875,1304.5382080078125,0,20.545856475830078,2267.80322265625,12.088788986206055,12.098193168640137,764.486328125,1523.2694091796875,53.646202087402344,53.707157135009766,85.0,0,0,345.5616760253906,0,7.924896240234375,22.56500244140625,22.61834144592285,0,1.034000039100647,0.9067617654800415,50,2.799999952316284,2.7434041500091553,0,0,0,0,1176.9999527455907,0,0,0,0.03371317684650421,0.09643495827913284,-0.12975254654884338,0.00039559529977850616,83.8714828491211,83.83745574951172,710.8418579101562,710.8150634765625,710.8150634765625,509.7057189941406,0,0,20.545856475830078,0.0010999999940395355,0.02200000174343586,0.03299999609589577,0.04399999603629112,5655.8173828125,114276.53125,0.0429663360118866,0,3.1392715754918754e-05,272.2105407714844,0,0.0002616529818624258,2.8350639695418067e-05,0,0,23.700000762939453,0,0,1600,0,50,0,0,0,50,50,800,0.0,0.0,0.0,0.0
150,156.61219787597656,308.57965087890625,322.9842529296875,322.93084716796875,294.2967834472656,294.35015869140625,16515.818359375,33031.63671875,71.68923950195312,71.68939971923828,1494.9156494140625,2977.537841796875,1525.4072265625,3039.79736328125,283.14801025390625,58.454532623291016,-2.610571982586407e-06,0,0,2579.392822265625,1304.46875,0,20.600215911865234,2268.1669921875,12.087013244628906,12.096384048461914,764.531005859375,1523.353515625,53.6201171875,53.680599212646484,85.0,0,0,345.5618591308594,0,7.924896240234375,22.577617645263672,22.631023406982422,0,1.034000039100647,0.9067617654800415,50,2.799999952316284,2.742964029312134,0,0,0,0,1176.9999527455907,0,0,0,0.034391749650239944,0.09636912494897842,-0.13037168979644775,0.0003891809028573334,83.88433074951172,83.85090637207031,710.8946533203125,710.8683471679688,710.8683471679688,509.7267761230469,0,0,20.600215911865234,0.0010999999940395355,0.02200000174343586,0.03299999609589577,0.04399999603629112,5655.8173828125,114276.53125,0.0429663360118866,0,3.1392715754918754e-05,274.0313415527344,0,0.0002616529818624258,2.8350639695418067e-05,0,0,23.700000762939453,0,0,1600,0,50,0,0,0,50,50,800,0.0,0.0,0.0,0.0
151,156.61305236816406,308.5686950683594,322.9720764160156,322.91864013671875,294.2849426269531,294.33831787109375,16515.818359375,33031.63671875,71.67604064941406,71.67620086669922,1494.426025390625,2976.5419921875,1525.4150390625,3039.789794921875,283.1364440917969,58.425392150878906,4.8083188630698714e-06,0,0,2579.390869140625,1304.4005126953125,0,20.654062271118164,2268.524658203125,12.085214614868164,12.09455394744873,764.5752563476562,1523.4393310546875,53.5937614440918,53.65383529663086,85.0,0,0,345.562255859375,0,7.924896240234375,22.59016227722168,22.64360237121582,0,1.034000039100647,0.9067617654800415,50,2.799999952316284,2.7425315380096436,0,0,0,0,1176.9999527455907,0,0,0,0.035059817135334015,0.09630438685417175,-0.13097912073135376,0.0003850862558465451,83.89703369140625,83.86412811279297,710.9466552734375,710.9207763671875,710.9207763671875,509.7474670410156,0,0,20.654062271118164,0.0010999999940395355,0.02200000174343586,0.03299999609589577,0.04399999603629112,5655.8173828125,114276.53125,0.0429663360118866,0,3.1392715754918754e-05,275.8521423339844,0,0.0002616529818624258,2.8350639695418067e-05,0,0,23.700000762939453,0,0,1600,0,50,0,0,0,50,50,800,0.0,0.0,0.0,0.0
152,156.6142120361328,308.5579528808594,322.9601135253906,322.90667724609375,294.2732849121094,294.32672119140625,16515.818359375,33031.63671875,71.66304779052734,71.6632080078125,1493.951904296875,2975.57861328125,1525.4154052734375,3039.78955078125,283.1250915527344,58.3967399597168,1.5103245232239715e-06,0,0,2579.3876953125,1304.3336181640625,0,20.70743751525879,2268.87744140625,12.083395004272461,12.09270191192627,764.6181640625,1523.5242919921875,53.567230224609375,53.626800537109375,85.0,0,0,345.562744140625,0,7.924896240234375,22.602642059326172,22.65608024597168,0,1.034000039100647,0.9067617654800415,50,2.799999952316284,2.74210524559021,0,0,0,0,1176.9999527455907,0,0,0,0.03571531921625137,0.0962405651807785,-0.13157503306865692,0.0003808535693679005,83.90966796875,83.87716674804688,710.9979858398438,710.9724731445312,710.9724731445312,509.76788330078125,0,0,20.70743751525879,0.0010999999940395355,0.02200000174343586,0.03299999609589577,0.04399999603629112,5655.8173828125,114276.53125,0.0429663360118866,0,3.1392715754918754e-05,277.6729431152344,0,0.0002616529818624258,2.8350639695418067e-05,0,0,23.700000762939453,0,0,1600,0,50,0,0,0,50,50,800,0.0,0.0,0.0,0.0
153,156.61566162109375,308.5473937988281,322.94842529296875,322.8949279785156,294.26177978515625,294.31524658203125,16515.818359375,33031.63671875,71.65028381347656,71.65044403076172,1493.492919921875,2974.646728515625,1525.41845703125,3039.786376953125,283.1139221191406,58.36854553222656,4.118852302781306e-06,0,0,2579.3837890625,1304.267333984375,0,20.763071060180664,2269.224853515625,12.08155632019043,12.090827941894531,764.662841796875,1523.6087646484375,53.54045486450195,53.59956359863281,85.0,0,0,345.5634460449219,0,7.924896240234375,22.615018844604492,22.66849136352539,0,1.034000039100647,0.9067617654800415,50,2.799999952316284,2.741685152053833,0,0,0,0,1176.9999527455907,0,0,0,0.036358267068862915,0.09617757797241211,-0.13215968012809753,0.00037616080953739583,83.92218780517578,83.8900146484375,711.0487670898438,711.0234375,711.0234375,509.7880554199219,0,0,20.763071060180664,0.0010999999940395355,0.02200000174343586,0.03299999609589577,0.04399999603629112,5655.8173828125,114276.53125,0.0429663360118866,0,3.1392715754918754e-05,279.4937438964844,0,0.0002616529818624258,2.8350639695418067e-05,0,0,23.700000762939453,0,0,1600,0,50,0,0,0,50,50,800,0.0,0.0,0.0,0.0
154,156.6173858642578,308.5370178222656,322.9368896484375,322.8834228515625,294.2505187988281,294.3040466308594,16515.818359375,33031.63671875,71.63772583007812,71.63789367675781,1493.0501708984375,2973.748046875,1525.4200439453125,3039.784912109375,283.1029357910156,58.34080123901367,8.361510595022992e-07,0,0,2579.379150390625,1304.2025146484375,0,20.81698226928711,2269.568603515625,12.079697608947754,12.088933944702148,764.7060546875,1523.6925048828125,53.51346206665039,53.57207489013672,85.0,0,0,345.5642395019531,0,7.924896240234375,22.627361297607422,22.68083381652832,0,1.034000039100647,0.9067617654800415,50,2.799999952316284,2.741269826889038,0,0,0,0,1176.9999527455907,0,0,0,0.036990731954574585,0.09611518681049347,-0.13273325562477112,0.0003726594150066376,83.9345932006836,83.90272521972656,711.0990600585938,711.073974609375,711.073974609375,509.80810546875,0,0,20.81698226928711,0.0010999999940395355,0.02200000174343586,0.03299999609589577,0.04399999603629112,5655.8173828125,114276.53125,0.0429663360118866,0,3.1392715754918754e-05,281.3145446777344,0,0.0002616529818624258,2.8350639695418067e-05,0,0,23.700000762939453,0,0,1600,0,50,0,0,0,50,50,800,0.0,0.0,0.0,0.0
155,156.61941528320312,308.5268249511719,322.9256286621094,322.87213134765625,294.2394104003906,294.2929382324219,16515.818359375,33031.63671875,71.62539672851562,71.62555694580078,1492.62158203125,2972.881103515625,1525.41455078125,3039.7900390625,283.0921325683594,58.31351852416992,4.0409800021734554e-06,0,0,2579.37353515625,1304.138427734375,0,20.866493225097656,2269.908935546875,12.07781982421875,12.08702278137207,764.749755859375,1523.7783203125,53.486183166503906,53.544429779052734,85.0,0,0,345.565185546875,0,7.924896240234375,22.639568328857422,22.69307518005371,0,1.034000039100647,0.9067617654800415,50,2.799999952316284,2.740858793258667,0,0,0,0,1176.9999527455907,0,0,0,0.03761272504925728,0.09605337679386139,-0.1332959681749344,0.0003701338719110936,83.9468994140625,83.9153060913086,711.14892578125,711.1240234375,711.1240234375,509.8279724121094,0,0,20.866493225097656,0.0010999999940395355,0.02200000174343586,0.03299999609589577,0.04399999603629112,5655.8173828125,114276.53125,0.0429663360118866,0,3.1392715754918754e-05,283.1353454589844,0,0.0002616529818624258,2.8350639695418067e-05,0,0,23.700000762939453,0,0,1600,0,50,0,0,0,50,50,800,0.0,0.0,0.0,0.0
156,156.6217041015625,308.51678466796875,322.91455078125,322.8609924316406,294.2284851074219,294.2820739746094,16515.818359375,33031.63671875,71.6132583618164,71.61341857910156,1492.2117919921875,2972.04345703125,1525.4215087890625,3039.783203125,283.0815124511719,58.28666687011719,-1.550458023302781e-06,0,0,2579.366943359375,1304.0758056640625,0,20.91971206665039,2270.246337890625,12.075922966003418,12.085092544555664,764.791259765625,1523.860107421875,53.458839416503906,53.51649856567383,85.0,0,0,345.5663146972656,0,7.924896240234375,22.651775360107422,22.7053165435791,0,1.034000039100647,0.9067617654800415,50,2.799999952316284,2.7404515743255615,0,0,0,0,1176.9999527455907,0,0,0,0.038224250078201294,0.09599198400974274,-0.13384801149368286,0.0003682233509607613,83.95922088623047,83.92778015136719,711.198486328125,711.1737060546875,711.1737060546875,509.8477783203125,0,0,20.91971206665039,0.0010999999940395355,0.02200000174343586,0.03299999609589577,0.04399999603629112,5655.8173828125,114276.53125,0.0429663360118866,0,3.1392715754918754e-05,284.9561462402344,0,0.0002616529818624258,2.8350639695418067e-05,0,0,23.700000762939453,0,0,1600,0,50,0,0,0,50,50,800,0.0,0.0,0.0,0.0
157,156.624267578125,308.5069274902344,322.90362548828125,322.8500671386719,294.2177734375,294.2713928222656,16515.818359375,33031.63671875,71.60132598876953,71.60148620605469,1491.8153076171875,2971.237548828125,1525.4228515625,3039.781982421875,283.0710754394531,58.260250091552734,-4.721420737041626e-06,0,0,2579.35986328125,1304.0135498046875,0,20.971323013305664,2270.581298828125,12.074010848999023,12.083145141601562,764.8345336914062,1523.944091796875,53.43124008178711,53.48839569091797,85.0,0,0,345.5675354003906,0,7.924896240234375,22.66391372680664,22.71745491027832,0,1.034000039100647,0.9067617654800415,50,2.799999952316284,2.7400474548339844,0,0,0,0,1176.9999527455907,0,0,0,0.03882531449198723,0.09593093395233154,-0.13438960909843445,0.00036663972423411906,83.97146606445312,83.94015502929688,711.247802734375,711.22314453125,711.22314453125,509.86749267578125,0,0,20.971323013305664,0.0010999999940395355,0.02200000174343586,0.03299999609589577,0.04399999603629112,5655.8173828125,114276.53125,0.0429663360118866,0,3.1392715754918754e-05,286.7769470214844,0,0.0002616529818624258,2.8350639695418067e-05,0,0,23.700000762939453,0,0,1600,0,50,0,0,0,50,50,800,0.0,0.0,0.0,0.0
158,156.62709045410156,308.4972229003906,322.8929443359375,322.83935546875,294.2071838378906,294.2608337402344,16515.818359375,33031.63671875,71.58959197998047,71.58975219726562,1491.43359375,2970.46240234375,1525.4256591796875,3039.779052734375,283.0607604980469,58.234256744384766,3.420803977860487e-06,0,0,2579.35205078125,1303.95263671875,0,21.02130126953125,2270.9140625,12.072080612182617,12.081181526184082,764.8772583007812,1524.0250244140625,53.403404235839844,53.46011734008789,85.0,0,0,345.5689392089844,0,7.924896240234375,22.67598533630371,22.72956085205078,0,1.034000039100647,0.9067617654800415,50,2.799999952316284,2.7396459579467773,0,0,0,0,1176.9999527455907,0,0,0,0.03941592946648598,0.09587012231349945,-0.13492095470428467,0.0003650948347058147,83.98372650146484,83.95246124267578,711.2969970703125,711.2723999023438,711.2723999023438,509.8872375488281,0,0,21.02130126953125,0.0010999999940395355,0.02200000174343586,0.03299999609589577,0.04399999603629112,5655.8173828125,114276.53125,0.0429663360118866,0,3.1392715754918754e-05,288.5977478027344,0,0.0002616529818624258,2.8350639695418067e-05,0,0,23.700000762939453,0,0,1600,0,50,0,0,0,50,50,800,0.0,0.0,0.0,0.0
159,156.63018798828125,308.4877014160156,322.8824768066406,322.8288879394531,294.19677734375,294.2504577636719,16515.818359375,33031.63671875,71.57806396484375,71.5782241821289,1491.0672607421875,2969.718505859375,1525.4273681640625,3039.777587890625,283.0506286621094,58.20869827270508,3.347769052197691e-06,0,0,2579.34326171875,1303.8924560546875,0,21.071056365966797,2271.24560546875,12.070135116577148,12.07919979095459,764.9197998046875,1524.1072998046875,53.375423431396484,53.431602478027344,85.0,0,0,345.5704650878906,0,7.924896240234375,22.68798828125,22.74156379699707,0,1.034000039100647,0.9067617654800415,50,2.799999952316284,2.739245891571045,0,0,0,0,1176.9999527455907,0,0,0,0.03999609127640724,0.09580931812524796,-0.13544227182865143,0.0003631455765571445,83.99589538574219,83.9647216796875,711.34619140625,711.3216552734375,711.3216552734375,509.90704345703125,0,0,21.071056365966797,0.0010999999940395355,0.02200000174343586,0.03299999609589577,0.04399999603629112,5655.8173828125,114276.53125,0.0429663360118866,0,3.1392715754918754e-05,290.4185485839844,0,0.0002616529818624258,2.8350639695418067e-05,0,0,23.700000762939453,0,0,1600,0,50,0,0,0,50,50,800,0.0,0.0,0.0,0.0
160,156.633544921875,308.47833251953125,322.8722229003906,322.8185729980469,294.1865539550781,294.240234375,16515.818359375,33031.63671875,71.56671905517578,71.56688690185547,1490.715576171875,2969.0029296875,1525.4222412109375,3039.782470703125,283.0406799316406,58.18355178833008,2.2091630853537936e-06,0,0,2579.33349609375,1303.8336181640625,0,21.117816925048828,2271.575439453125,12.0681734085083,12.077205657958984,764.9616088867188,1524.1890869140625,53.34720993041992,53.40296173095703,85.0,0,0,345.5721130371094,0,7.924896240234375,22.69989013671875,22.7535343170166,0,1.034000039100647,0.9067617654800415,50,2.799999952316284,2.7388482093811035,0,0,0,0,1176.9999527455907,0,0,0,0.040565814822912216,0.09574875980615616,-0.13595372438430786,0.0003608573169913143,84.0080337524414,83.97691345214844,711.3951416015625,711.3706665039062,711.3706665039062,509.9268493652344,0,0,21.117816925048828,0.0010999999940395355,0.02200000174343586,0.03299999609589577,0.04399999603629112,5655.8173828125,114276.53125,0.0429663360118866,0,3.1392715754918754e-05,292.2393493652344,0,0.0002616529818624258,2.8350639695418067e-05,0,0,23.700000762939453,0,0,1600,0,50,0,0,0,50,50,800,0.0,0.0,0.0,0.0
161,156.63719177246094,308.4691467285156,322.86212158203125,322.8084411621094,294.176513671875,294.2301940917969,16515.818359375,33031.63671875,71.55557250976562,71.55573272705078,1490.377685546875,2968.31884765625,1525.422607421875,3039.7822265625,283.0308837890625,58.15883255004883,2.329017206648132e-06,0,0,2579.322998046875,1303.775390625,0,21.163034439086914,2271.9033203125,12.066198348999023,12.0751953125,765.00390625,1524.272705078125,53.31877517700195,53.3741569519043,85.0,0,0,345.57391357421875,0,7.924896240234375,22.7117919921875,22.765470504760742,0,1.034000039100647,0.9067617654800415,50,2.799999952316284,2.738452911376953,0,0,0,0,1176.9999527455907,0,0,0,0.0411251038312912,0.09568838030099869,-0.13645553588867188,0.0003579467593226582,84.02000427246094,83.9890365600586,711.4439086914062,711.4195556640625,711.4195556640625,509.9466552734375,0,0,21.163034439086914,0.0010999999940395355,0.02200000174343586,0.03299999609589577,0.04399999603629112,5655.8173828125,114276.53125,0.0429663360118866,0,3.1392715754918754e-05,294.0601501464844,0,0.0002616529818624258,2.8350639695418067e-05,0,0,23.700000762939453,0,0,1600,0,50,0,0,0,50,50,800,0.0,0.0,0.0,0.0
162,156.64109802246094,308.4601135253906,322.8522033691406,322.7985534667969,294.1665954589844,294.2203063964844,16515.818359375,33031.63671875,71.54460906982422,71.5447769165039,1490.0562744140625,2967.662353515625,1525.4307861328125,3039.77392578125,283.0212707519531,58.134521484375,8.022923907446966e-07,0,0,2579.31201171875,1303.718505859375,0,21.210731506347656,2272.229248046875,12.064208984375,12.073169708251953,765.046630859375,1524.3548583984375,53.290340423583984,53.345096588134766,85.0,0,0,345.5758056640625,0,7.924896240234375,22.72359275817871,22.77726936340332,0,1.034000039100647,0.9067617654800415,50,2.799999952316284,2.7380599975585938,0,0,0,0,1176.9999527455907,0,0,0,0.041673969477415085,0.09562824666500092,-0.136947900056839,0.0003543146012816578,84.03190612792969,84.00108337402344,711.4925537109375,711.46826171875,711.46826171875,509.9664306640625,0,0,21.210731506347656,0.0010999999940395355,0.02200000174343586,0.03299999609589577,0.04399999603629112,5655.8173828125,114276.53125,0.0429663360118866,0,3.1392715754918754e-05,295.8809509277344,0,0.0002616529818624258,2.8350639695418067e-05,0,0,23.700000762939453,0,0,1600,0,50,0,0,0,50,50,800,0.0,0.0,0.0,0.0
163,156.64523315429688,308.4512634277344,322.8424987792969,322.788818359375,294.1568603515625,294.2105712890625,16515.818359375,33031.63671875,71.5338363647461,71.53400421142578,1489.7462158203125,2967.03662109375,1525.4251708984375,3039.779541015625,283.0118103027344,58.110618591308594,-2.3710113055130932e-06,0,0,2579.300048828125,1303.662109375,0,21.25282096862793,2272.552734375,12.062206268310547,12.071131706237793,765.090576171875,1524.4415283203125,53.26161575317383,53.31596374511719,85.0,0,0,345.577880859375,0,7.924896240234375,22.735393524169922,22.78907012939453,0,1.034000039100647,0.9067617654800415,50,2.799999952316284,2.737670421600342,0,0,0,0,1176.9999527455907,0,0,0,0.042212408035993576,0.09556844085454941,-0.13743098080158234,0.00034986884566023946,84.04358673095703,84.0130386352539,711.540771484375,711.5166625976562,711.5166625976562,509.9861755371094,0,0,21.25282096862793,0.0010999999940395355,0.02200000174343586,0.03299999609589577,0.04399999603629112,5655.8173828125,114276.53125,0.0429663360118866,0,3.1392715754918754e-05,297.7017517089844,0,0.0002616529818624258,2.8350639695418067e-05,0,0,23.700000762939453,0,0,1600,0,50,0,0,0,50,50,800,0.0,0.0,0.0,0.0
164,156.64964294433594,308.44256591796875,322.8329772949219,322.7792663574219,294.14727783203125,294.20098876953125,16515.818359375,33031.63671875,71.52324676513672,71.5234146118164,1489.451171875,2966.4375,1525.432373046875,3039.7724609375,283.0024719238281,58.08711624145508,2.2828257897344884e-06,0,0,2579.287353515625,1303.606689453125,0,21.297456741333008,2272.872802734375,12.06019115447998,12.069080352783203,765.1331176757812,1524.52490234375,53.23280334472656,53.28667449951172,85.0,0,0,345.580078125,0,7.924896240234375,22.74709129333496,22.80080223083496,0,1.034000039100647,0.9067617654800415,50,2.799999952316284,2.7372848987579346,0,0,0,0,1176.9999527455907,0,0,0,0.04274250194430351,0.09550914913415909,-0.13790495693683624,0.00034669190063141286,84.05513763427734,84.02487182617188,711.5885009765625,711.564697265625,711.564697265625,510.0057678222656,0,0,21.297456741333008,0.0010999999940395355,0.02200000174343586,0.03299999609589577,0.04399999603629112,5655.8173828125,114276.53125,0.0429663360118866,0,3.1392715754918754e-05,299.5225524902344,0,0.0002616529818624258,2.8350639695418067e-05,0,0,23.700000762939453,0,0,1600,0,50,0,0,0,50,50,800,0.0,0.0,0.0,0.0
165,156.654296875,308.43402099609375,322.8236389160156,322.7699279785156,294.1378173828125,294.1915588378906,16515.818359375,33031.63671875,71.5128402709961,71.51300811767578,1489.1693115234375,2965.864990234375,1525.4271240234375,3039.777587890625,282.99334716796875,58.06401443481445,4.128068667341722e-06,0,0,2579.274169921875,1303.5521240234375,0,21.339231491088867,2273.189453125,12.058164596557617,12.067020416259766,765.1751098632812,1524.60693359375,53.2038688659668,53.257293701171875,85.0,0,0,345.5823974609375,0,7.924896240234375,22.758756637573242,22.812467575073242,0,1.034000039100647,0.9067617654800415,50,2.799999952316284,2.736903429031372,0,0,0,0,1176.9999527455907,0,0,0,0.04326217621564865,0.09545043110847473,-0.13836999237537384,0.00034261905238963664,84.06661987304688,84.03658294677734,711.6359252929688,711.6122436523438,711.6122436523438,510.0252380371094,0,0,21.339231491088867,0.0010999999940395355,0.02200000174343586,0.03299999609589577,0.04399999603629112,5655.8173828125,114276.53125,0.0429663360118866,0,3.1392715754918754e-05,301.3433532714844,0,0.0002616529818624258,2.8350639695418067e-05,0,0,23.700000762939453,0,0,1600,0,50,0,0,0,50,50,800,0.0,0.0,0.0,0.0
166,156.65919494628906,308.4256286621094,322.8144836425781,322.7607421875,294.1285705566406,294.18231201171875,16515.818359375,33031.63671875,71.50260925292969,71.50276947021484,1488.901611328125,2965.3193359375,1525.4326171875,3039.772216796875,282.9843444824219,58.041297912597656,8.406856295550824e-07,0,0,2579.260009765625,1303.498779296875,0,21.38087272644043,2273.50341796875,12.056127548217773,12.064946174621582,765.2178344726562,1524.693115234375,53.17484664916992,53.22774887084961,85.0,0,0,345.5848388671875,0,7.924896240234375,22.770353317260742,22.8240966796875,0,1.034000039100647,0.9067617654800415,50,2.799999952316284,2.736525535583496,0,0,0,0,1176.9999527455907,0,0,0,0.043771445751190186,0.095392145216465,-0.13882629573345184,0.0003372967184986919,84.077880859375,84.04818725585938,711.6828002929688,711.659423828125,711.659423828125,510.0446472167969,0,0,21.38087272644043,0.0010999999940395355,0.02200000174343586,0.03299999609589577,0.04399999603629112,5655.8173828125,114276.53125,0.0429663360118866,0,3.1392715754918754e-05,303.1641540527344,0,0.0002616529818624258,2.8350639695418067e-05,0,0,23.700000762939453,0,0,1600,0,50,0,0,0,50,50,800,0.0,0.0,0.0,0.0
167,156.66432189941406,308.4173889160156,322.80548095703125,322.751708984375,294.11944580078125,294.1731872558594,16515.818359375,33031.63671875,71.4925537109375,71.49271392822266,1488.646728515625,2964.79931640625,1525.43603515625,3039.768798828125,282.9754943847656,58.018959045410156,1.8943968598250649e-06,0,0,2579.244873046875,1303.44580078125,0,21.423789978027344,2273.812744140625,12.05408000946045,12.062862396240234,765.26171875,1524.7755126953125,53.14579391479492,53.19808578491211,85.0,0,0,345.58740234375,0,7.924896240234375,22.78191566467285,22.835693359375,0,1.034000039100647,0.9067617654800415,50,2.799999952316284,2.7361533641815186,0,0,0,0,1176.9999527455907,0,0,0,0.04427238181233406,0.09533459693193436,-0.139274001121521,0.00033298172638751566,84.08893585205078,84.05962371826172,711.7290649414062,711.7059936523438,711.7059936523438,510.0637512207031,0,0,21.423789978027344,0.0010999999940395355,0.02200000174343586,0.03299999609589577,0.04399999603629112,5655.8173828125,114276.53125,0.0429663360118866,0,3.1392715754918754e-05,304.9849548339844,0,0.0002616529818624258,2.8350639695418067e-05,0,0,23.700000762939453,0,0,1600,0,50,0,0,0,50,50,800,0.0,0.0,0.0,0.0
168,156.66969299316406,308.4093017578125,322.7967224121094,322.7428894042969,294.1104431152344,294.16424560546875,16515.818359375,33031.63671875,71.482666015625,71.48283386230469,1488.404541015625,2964.305908203125,1525.43701171875,3039.767822265625,282.9668273925781,57.99700164794922,-2.7655250960378908e-06,0,0,2579.229248046875,1303.3939208984375,0,21.463932037353516,2274.1181640625,12.052021026611328,12.060768127441406,765.3046264648438,1524.859619140625,53.116554260253906,53.168365478515625,85.0,0,0,345.5901184082031,0,7.924896240234375,22.79340934753418,22.84722328186035,0,1.034000039100647,0.9067617654800415,50,2.799999952316284,2.735785722732544,0,0,0,0,1176.9999527455907,0,0,0,0.044764984399080276,0.0952778235077858,-0.13971325755119324,0.00032954811467789114,84.09989929199219,84.07091522216797,711.7747802734375,711.7520141601562,711.7520141601562,510.0826721191406,0,0,21.463932037353516,0.0010999999940395355,0.02200000174343586,0.03299999609589577,0.04399999603629112,5655.8173828125,114276.53125,0.0429663360118866,0,3.1392715754918754e-05,306.8057556152344,0,0.0002616529818624258,2.8350639695418067e-05,0,0,23.700000762939453,0,0,1600,0,50,0,0,0,50,50,800,0.0,0.0,0.0,0.0
169,156.67529296875,308.4013366699219,322.7880554199219,322.7342529296875,294.1015930175781,294.15545654296875,16515.818359375,33031.63671875,71.47295379638672,71.4731216430664,1488.173583984375,2963.840576171875,1525.435302734375,3039.76953125,282.958251953125,57.975406646728516,5.2273508117650636e-06,0,0,2579.213134765625,1303.3428955078125,0,21.504009246826172,2274.420166015625,12.04995346069336,12.05866527557373,765.3453369140625,1524.9432373046875,53.0871467590332,53.13859558105469,85.0,0,0,345.5928955078125,0,7.924896240234375,22.804838180541992,22.85865020751953,0,1.034000039100647,0.9067617654800415,50,2.799999952316284,2.7354226112365723,0,0,0,0,1176.9999527455907,0,0,0,0.045249249786138535,0.0952216163277626,-0.1401442289352417,0.00032664238824509084,84.11078643798828,84.08207702636719,711.820068359375,711.7974853515625,711.7974853515625,510.1014099121094,0,0,21.504009246826172,0.0010999999940395355,0.02200000174343586,0.03299999609589577,0.04399999603629112,5655.8173828125,114276.53125,0.0429663360118866,0,3.1392715754918754e-05,308.6265563964844,0,0.0002616529818624258,2.8350639695418067e-05,0,0,23.700000762939453,0,0,1600,0,50,0,0,0,50,50,800,0.0,0.0,0.0,0.0
170,156.68113708496094,308.3935546875,322.7795715332031,322.72576904296875,294.0929260253906,294.1467590332031,16515.818359375,33031.63671875,71.46340942382812,71.46357727050781,1487.9564208984375,2963.399169921875,1525.436279296875,3039.7685546875,282.9498291015625,57.95417404174805,4.601554792316165e-06,0,0,2579.19580078125,1303.29296875,0,21.544086456298828,2274.71875,12.047877311706543,12.056551933288574,765.388427734375,1525.0277099609375,53.0577507019043,53.10868835449219,85.0,0,0,345.5958557128906,0,7.924896240234375,22.816265106201172,22.87007713317871,0,1.034000039100647,0.9067617654800415,50,2.799999952316284,2.7350635528564453,0,0,0,0,1176.9999527455907,0,0,0,0.04572108015418053,0.0951659232378006,-0.1405671089887619,0.00031988657428883016,84.12153625488281,84.0931167602539,711.864990234375,711.8425903320312,711.8425903320312,510.1200256347656,0,0,21.544086456298828,0.0010999999940395355,0.02200000174343586,0.03299999609589577,0.04399999603629112,5655.8173828125,114276.53125,0.0429663360118866,0,3.1392715754918754e-05,310.4473571777344,0,0.0002616529818624258,2.8350639695418067e-05,0,0,23.700000762939453,0,0,1600,0,50,0,0,0,50,50,800,0.0,0.0,0.0,0.0
171,156.6871795654297,308.38592529296875,322.7712707519531,322.7174377441406,294.0843811035156,294.1382141113281,16515.818359375,33031.63671875,71.45403289794922,71.4542007446289,1487.7510986328125,2962.982421875,1525.43701171875,3039.767822265625,282.9415588378906,57.93329620361328,4.830806119571207e-06,0,0,2579.1787109375,1303.24365234375,0,21.58279800415039,2275.01318359375,12.045793533325195,12.054430961608887,765.4321899414062,1525.1136474609375,53.02828598022461,53.07871627807617,85.0,0,0,345.5989074707031,0,7.924896240234375,22.82762336730957,22.8814697265625,0,1.034000039100647,0.9067617654800415,50,2.799999952316284,2.7347095012664795,0,0,0,0,1176.9999527455907,0,0,0,0.04618458449840546,0.09511090070009232,-0.14098207652568817,0.0003134116705041379,84.13195037841797,84.10400390625,711.9091186523438,711.8871459960938,711.8871459960938,510.138427734375,0,0,21.58279800415039,0.0010999999940395355,0.02200000174343586,0.03299999609589577,0.04399999603629112,5655.8173828125,114276.53125,0.0429663360118866,0,3.1392715754918754e-05,312.2681579589844,0,0.0002616529818624258,2.8350639695418067e-05,0,0,23.700000762939453,0,0,1600,0,50,0,0,0,50,50,800,0.0,0.0,0.0,0.0
172,156.69346618652344,308.3784484863281,322.7631530761719,322.70928955078125,294.0759582519531,294.1298522949219,16515.818359375,33031.63671875,71.44482421875,71.44498443603516,1487.5572509765625,2962.589111328125,1525.4393310546875,3039.765625,282.9334411621094,57.91276168823242,4.1720818444446195e-06,0,0,2579.16015625,1303.195068359375,0,21.621557235717773,2275.302734375,12.043703079223633,12.052303314208984,765.4765014648438,1525.1986083984375,52.99877166748047,53.048702239990234,85.0,0,0,345.60205078125,0,7.924896240234375,22.83891487121582,22.89276123046875,0,1.034000039100647,0.9067617654800415,50,2.799999952316284,2.7343616485595703,0,0,0,0,1176.9999527455907,0,0,0,0.04663977771997452,0.09505686908960342,-0.14138922095298767,0.000307425856590271,84.14214324951172,84.11470031738281,711.9525146484375,711.930908203125,711.930908203125,510.1565246582031,0,0,21.621557235717773,0.0010999999940395355,0.02200000174343586,0.03299999609589577,0.04399999603629112,5655.8173828125,114276.53125,0.0429663360118866,0,3.1392715754918754e-05,314.0889587402344,0,0.0002616529818624258,2.8350639695418067e-05,0,0,23.700000762939453,0,0,1600,0,50,0,0,0,50,50,800,0.0,0.0,0.0,0.0
173,156.69993591308594,308.37103271484375,322.7551574707031,322.7013244628906,294.06768798828125,294.1216125488281,16515.818359375,33031.63671875,71.43577575683594,71.4359359741211,1487.3760986328125,2962.2197265625,1525.43896484375,3039.765869140625,282.9254455566406,57.892555236816406,3.013500418092008e-07,0,0,2579.141357421875,1303.147216796875,0,21.660381317138672,2275.587158203125,12.041604042053223,12.05016803741455,765.5193481445312,1525.2845458984375,52.9692497253418,53.01859664916992,85.0,0,0,345.6053161621094,0,7.924896240234375,22.850139617919922,22.90398597717285,0,1.034000039100647,0.9067617654800415,50,2.799999952316284,2.7340197563171387,0,0,0,0,1176.9999527455907,0,0,0,0.04708871617913246,0.09500369429588318,-0.14178867638111115,0.0003037307469639927,84.15213012695312,84.1252212524414,711.9951171875,711.9739379882812,711.9739379882812,510.17437744140625,0,0,21.660381317138672,0.0010999999940395355,0.02200000174343586,0.03299999609589577,0.04399999603629112,5655.8173828125,114276.53125,0.0429663360118866,0,3.1392715754918754e-05,315.9097595214844,0,0.0002616529818624258,2.8350639695418067e-05,0,0,23.700000762939453,0,0,1600,0,50,0,0,0,50,50,800,0.0,0.0,0.0,0.0
174,156.69895935058594,308.36376953125,322.7473449707031,322.6934814453125,294.0596008300781,294.1134948730469,16515.818359375,33031.63671875,71.4268798828125,71.42704010009766,1487.206787109375,2961.87255859375,1525.4395751953125,3039.76513671875,282.9175720214844,57.872676849365234,3.854346687148791e-06,0,0,2579.121826171875,1303.099853515625,0,21.69797706604004,2275.86669921875,12.039498329162598,12.048027038574219,765.5599975585938,1525.3646240234375,52.939640045166016,52.988494873046875,85.0,0,0,345.60870361328125,0,7.924896240234375,22.86136245727539,22.91520881652832,0,1.034000039100647,0.9067617654800415,50,2.799999952316284,2.7336840629577637,0,0,0,0,314.99998519276,0,0,0,0.047531403601169586,0.09495159983634949,-0.14218056201934814,0.0003024328616447747,84.16218566894531,84.13555145263672,712.037109375,712.0161743164062,712.0161743164062,510.1917724609375,0,0,21.69797706604004,0.0010999999940395355,0.02200000174343586,0.03299999609589577,0.04399999603629112,5655.8173828125,114276.53125,0.0429663360118866,0,3.1392715754918754e-05,317.7305603027344,0,0.0002616529818624258,2.8350639695418067e-05,0,0,23.700000762939453,0,0,1600,0,50,0,0,0,50,50,800,0.0,0.0,0.0,0.0
175,156.6967315673828,308.3564453125,322.7395935058594,322.68572998046875,294.05157470703125,294.1054992675781,16515.818359375,33031.63671875,71.41812133789062,71.41828918457031,1487.0487060546875,2961.55224609375,1525.441650390625,3039.76318359375,282.90936279296875,57.8519172668457,8.233687367464881e-07,0,0,2579.12939453125,1303.0537109375,0,21.963403701782227,2276.144287109375,12.037386894226074,12.045878410339355,765.5951538085938,1525.4315185546875,52.909942626953125,52.958316802978516,85.0,0,0,345.6073913574219,0,7.924896240234375,22.86777114868164,22.92165184020996,0,1.034000039100647,0.9067617654800415,50,2.799999952316284,2.7333507537841797,0,0,0,0,314.99998519276,0,0,0,0.04797608032822609,0.09489992260932922,-0.14256492257118225,0.00031108708935789764,84.17267608642578,84.14581298828125,712.0791625976562,712.0579833984375,712.0579833984375,510.208984375,0,0,21.963403701782227,0.0010999999940395355,0.02200000174343586,0.03299999609589577,0.04399999603629112,5655.8173828125,114276.53125,0.0429663360118866,0,3.1392715754918754e-05,319.5513610839844,0,0.0002616529818624258,2.8350639695418067e-05,0,0,23.700000762939453,0,0,1600,0,50,0,0,0,50,50,800,0.0,0.0,0.0,0.0
176,156.69891357421875,308.3492126464844,322.7319641113281,322.6781005859375,294.043701171875,294.09759521484375,16515.818359375,33031.63671875,71.40949249267578,71.40966033935547,1486.9017333984375,2961.25634765625,1525.4354248046875,3039.769287109375,282.9017639160156,57.83274841308594,-4.549275217868853e-06,0,0,2579.12939453125,1303.0081787109375,0,21.92263412475586,2276.4248046875,12.035270690917969,12.043725967407227,765.6295166015625,1525.5,52.8801155090332,52.928104400634766,85.0,0,0,345.6073913574219,0,7.924896240234375,22.87540054321289,22.92928123474121,0,1.034000039100647,0.9067617654800415,50,2.799999952316284,2.733013868331909,0,0,0,0,314.99998519276,0,0,0,0.04841451719403267,0.09484749287366867,-0.1429419368505478,0.00032007545814849436,84.18374633789062,84.15618133544922,712.1221313476562,712.1004638671875,712.1004638671875,510.2265930175781,0,0,21.92263412475586,0.0010999999940395355,0.02200000174343586,0.03299999609589577,0.04399999603629112,5655.8173828125,114276.53125,0.0429663360118866,0,3.1392715754918754e-05,321.3721618652344,0,0.0002616529818624258,2.8350639695418067e-05,0,0,23.700000762939453,0,0,1600,0,50,0,0,0,50,50,800,0.0,0.0,0.0,0.0
177,156.701416015625,308.3421630859375,322.7244873046875,322.67059326171875,294.035888671875,294.08984375,16515.818359375,33031.63671875,71.4010009765625,71.40116119384766,1486.7685546875,2960.986572265625,1525.4417724609375,3039.762939453125,282.8946838378906,57.81489562988281,-9.174686965707224e-07,0,0,2579.122314453125,1302.963134765625,0,21.75864028930664,2276.7109375,12.033149719238281,12.041566848754883,765.6647338867188,1525.5697021484375,52.85023880004883,52.89773178100586,85.0,0,0,345.6086120605469,0,7.924896240234375,22.88411521911621,22.93799591064453,0,1.034000039100647,0.9067617654800415,50,2.799999952316284,2.732670307159424,0,0,0,0,314.99998519276,0,0,0,0.04884259030222893,0.0947936400771141,-0.14331187307834625,0.000324356573401019,84.19515228271484,84.16676330566406,712.1664428710938,712.14404296875,712.14404296875,510.24481201171875,0,0,21.75864028930664,0.0010999999940395355,0.02200000174343586,0.03299999609589577,0.04399999603629112,5655.8173828125,114276.53125,0.0429663360118866,0,3.1392715754918754e-05,323.1929626464844,0,0.0002616529818624258,2.8350639695418067e-05,0,0,23.700000762939453,0,0,1600,0,50,0,0,0,50,50,800,0.0,0.0,0.0,0.0
178,156.70240783691406,308.3351135253906,322.71710205078125,322.66314697265625,294.0282287597656,294.08221435546875,16515.818359375,33031.63671875,71.39263153076172,71.39280700683594,1486.6484375,2960.739990234375,1525.4354248046875,3039.769287109375,282.88739013671875,57.79645919799805,-1.093970922738663e-06,0,0,2579.13720703125,1302.9183349609375,0,21.775135040283203,2277.002685546875,12.031023979187012,12.039403915405273,765.7036743164062,1525.647705078125,52.82036590576172,52.867218017578125,85.0,0,0,345.60601806640625,0,7.924896240234375,22.88892936706543,22.94287872314453,0,1.034000039100647,0.9067617654800415,50,2.799999952316284,2.7323200702667236,0,0,0,0,1176.9999527455907,0,0,0,0.049270596355199814,0.09473827481269836,-0.1436748206615448,0.00033405685098841786,84.20640563964844,84.17755126953125,712.2116088867188,712.1889038085938,712.1889038085938,510.2637634277344,0,0,21.775135040283203,0.0010999999940395355,0.02200000174343586,0.03299999609589577,0.04399999603629112,5655.8173828125,114276.53125,0.0429663360118866,0,3.1392715754918754e-05,325.0137634277344,0,0.0002616529818624258,2.8350639695418067e-05,0,0,23.700000762939453,0,0,1600,0,50,0,0,0,50,50,800,0.0,0.0,0.0,0.0
179,156.69764709472656,308.328369140625,322.7098083496094,322.6558532714844,294.02069091796875,294.0746765136719,16515.818359375,33031.63671875,71.38440704345703,71.38456726074219,1486.539794921875,2960.520263671875,1525.44287109375,3039.761962890625,282.8806457519531,57.77939987182617,-4.241368969815085e-06,0,0,2579.12890625,1302.8746337890625,0,21.656112670898438,2277.298583984375,12.028894424438477,12.037237167358398,765.7447509765625,1525.727783203125,52.79023361206055,52.83669662475586,85.0,0,0,345.60748291015625,0,7.924896240234375,22.89767837524414,22.951627731323242,0,1.034000039100647,0.9067617654800415,50,2.799999952316284,2.7319650650024414,0,0,0,0,314.99998519276,0,0,0,0.04968002438545227,0.09468182921409607,-0.1440310776233673,0.0003307733859401196,84.2176513671875,84.18849182128906,712.2575073242188,712.2345581054688,712.2345581054688,510.283203125,0,0,21.656112670898438,0.0010999999940395355,0.02200000174343586,0.03299999609589577,0.04399999603629112,5655.8173828125,114276.53125,0.0429663360118866,0,3.1392715754918754e-05,326.8345642089844,0,0.0002616529818624258,2.8350639695418067e-05,0,0,23.700000762939453,0,0,1600,0,50,0,0,0,50,50,800,0.0,0.0,0.0,0.0
180,156.70082092285156,308.32177734375,322.70263671875,322.6487121582031,294.0132751464844,294.0672607421875,16515.818359375,33031.63671875,71.37629699707031,71.37645721435547,1486.44287109375,2960.322265625,1525.4378662109375,3039.766845703125,282.87384033203125,57.76227569580078,4.005571099696681e-06,0,0,2579.124755859375,1302.8323974609375,0,21.934146881103516,2277.5966796875,12.026762008666992,12.035067558288574,765.780029296875,1525.7962646484375,52.76020812988281,52.806060791015625,85.0,0,0,345.608154296875,0,7.924896240234375,22.9055118560791,22.95945930480957,0,1.034000039100647,0.9067617654800415,50,2.799999952316284,2.731607675552368,0,0,0,0,314.99998519276,0,0,0,0.0500791072845459,0.09462504088878632,-0.14438071846961975,0.0003234218747820705,84.2289810180664,84.19950866699219,712.3037719726562,712.2805786132812,712.2805786132812,510.302734375,0,0,21.934146881103516,0.0010999999940395355,0.02200000174343586,0.03299999609589577,0.04399999603629112,5655.8173828125,114276.53125,0.0429663360118866,0,3.1392715754918754e-05,328.6553649902344,0,0.0002616529818624258,2.8350639695418067e-05,0,0,23.700000762939453,0,0,1600,0,50,0,0,0,50,50,800,0.0,0.0,0.0,0.0
181,156.70245361328125,308.31512451171875,322.69561767578125,322.6416931152344,294.0059509277344,294.0599365234375,16515.818359375,33031.63671875,71.36833190917969,71.36849212646484,1486.357177734375,2960.1455078125,1525.4442138671875,3039.760498046875,282.866943359375,57.744789123535156,-4.0028695025284833e-07,0,0,2579.13818359375,1302.7896728515625,0,21.870197296142578,2277.894287109375,12.024625778198242,12.0328950881958,765.8214721679688,1525.8785400390625,52.73006057739258,52.77544403076172,85.0,0,0,345.6058654785156,0,7.924896240234375,22.91022491455078,22.96417236328125,0,1.034000039100647,0.9067617654800415,50,2.799999952316284,2.731250762939453,0,0,0,0,1176.9999527455907,0,0,0,0.05048224702477455,0.0945679247379303,-0.1447238177061081,0.0003263566759414971,84.23973083496094,84.21051025390625,712.3497924804688,712.3268432617188,712.3268432617188,510.3226318359375,0,0,21.870197296142578,0.0010999999940395355,0.02200000174343586,0.03299999609589577,0.04399999603629112,5655.8173828125,114276.53125,0.0429663360118866,0,3.1392715754918754e-05,330.4761657714844,0,0.0002616529818624258,2.8350639695418067e-05,0,0,23.700000762939453,0,0,1600,0,50,0,0,0,50,50,800,0.0,0.0,0.0,0.0
182,156.6982879638672,308.308837890625,322.6888122558594,322.6348571777344,293.99871826171875,294.0527038574219,16515.818359375,33031.63671875,71.3604965209961,71.36065673828125,1486.2802734375,2959.991455078125,1525.44287109375,3039.761962890625,282.8605651855469,57.728736877441406,9.380757433063991e-07,0,0,2579.127685546875,1302.748046875,0,21.735349655151367,2278.189453125,12.022488594055176,12.030720710754395,765.8648681640625,1525.967041015625,52.699920654296875,52.74481964111328,85.0,0,0,345.6076354980469,0,7.924896240234375,22.91883659362793,22.97278594970703,0,1.034000039100647,0.9067617654800415,50,2.799999952316284,2.7308969497680664,0,0,0,0,314.99998519276,0,0,0,0.05086475983262062,0.09451113641262054,-0.14506064355373383,0.00031525196391157806,84.25031280517578,84.22142028808594,712.3955078125,712.372802734375,712.372802734375,510.3424072265625,0,0,21.735349655151367,0.0010999999940395355,0.02200000174343586,0.03299999609589577,0.04399999603629112,5655.8173828125,114276.53125,0.0429663360118866,0,3.1392715754918754e-05,332.2969665527344,0,0.0002616529818624258,2.8350639695418067e-05,0,0,23.700000762939453,0,0,1600,0,50,0,0,0,50,50,800,0.0,0.0,0.0,0.0
183,156.70205688476562,308.302734375,322.6821594238281,322.6282043457031,293.99163818359375,294.0456237792969,16515.818359375,33031.63671875,71.35279083251953,71.35295104980469,1486.2137451171875,2959.858154296875,1525.4385986328125,3039.76611328125,282.8542175292969,57.712650299072266,-2.9526315756811528e-06,0,0,2579.1220703125,1302.7083740234375,0,22.005516052246094,2278.480712890625,12.020350456237793,12.028544425964355,765.9050903320312,1526.0443115234375,52.669803619384766,52.714195251464844,85.0,0,0,345.608642578125,0,7.924896240234375,22.92646598815918,22.98041534423828,0,1.034000039100647,0.9067617654800415,50,2.799999952316284,2.7305476665496826,0,0,0,0,314.99998519276,0,0,0,0.0512348897755146,0.09445519000291824,-0.1453913003206253,0.0002987813204526901,84.26060485839844,84.23219299316406,712.4404907226562,712.4180908203125,712.4180908203125,510.36187744140625,0,0,22.005516052246094,0.0010999999940395355,0.02200000174343586,0.03299999609589577,0.04399999603629112,5655.8173828125,114276.53125,0.0429663360118866,0,3.1392715754918754e-05,334.1177673339844,0,0.0002616529818624258,2.8350639695418067e-05,0,0,23.700000762939453,0,0,1600,0,50,0,0,0,50,50,800,0.0,0.0,0.0,0.0
184,156.70433044433594,308.2965393066406,322.6756286621094,322.62164306640625,293.9846496582031,294.03863525390625,16515.818359375,33031.63671875,71.34524536132812,71.34540557861328,1486.1573486328125,2959.74072265625,1525.4388427734375,3039.765869140625,282.8476867675781,57.696163177490234,-4.0347445064981e-06,0,0,2579.133544921875,1302.6676025390625,0,21.9417667388916,2278.764404296875,12.018209457397461,12.026369094848633,765.95068359375,1526.1348876953125,52.639732360839844,52.68364715576172,85.0,0,0,345.6066589355469,0,7.924896240234375,22.93104362487793,22.985027313232422,0,1.034000039100647,0.9067617654800415,50,2.799999952316284,2.730207920074463,0,0,0,0,1176.9999527455907,0,0,0,0.05160907655954361,0.09440058469772339,-0.14571578800678253,0.00029388032271526754,84.27000427246094,84.24267578125,712.4838256835938,712.4623413085938,712.4623413085938,510.3809509277344,0,0,21.9417667388916,0.0010999999940395355,0.02200000174343586,0.03299999609589577,0.04399999603629112,5655.8173828125,114276.53125,0.0429663360118866,0,3.1392715754918754e-05,335.9385681152344,0,0.0002616529818624258,2.8350639695418067e-05,0,0,23.700000762939453,0,0,1600,0,50,0,0,0,50,50,800,0.0,0.0,0.0,0.0
185,156.70071411132812,308.2906494140625,322.66925048828125,322.6152648925781,293.97784423828125,294.0318298339844,16515.818359375,33031.63671875,71.33782958984375,71.3379898071289,1486.1090087890625,2959.641845703125,1525.443359375,3039.761474609375,282.8417053222656,57.68108367919922,-3.439690772211179e-06,0,0,2579.121826171875,1302.628173828125,0,21.801801681518555,2279.03857421875,12.016070365905762,12.024191856384277,765.9967041015625,1526.2288818359375,52.60974884033203,52.65316390991211,85.0,0,0,345.6087341308594,0,7.924896240234375,22.93948745727539,22.99346923828125,0,1.034000039100647,0.9067617654800415,50,2.799999952316284,2.729879379272461,0,0,0,0,314.99998519276,0,0,0,0.05196676775813103,0.09434781223535538,-0.14603430032730103,0.00028028638917021453,84.27910614013672,84.25281524658203,712.5256958007812,712.5050659179688,712.5050659179688,510.39935302734375,0,0,21.801801681518555,0.0010999999940395355,0.02200000174343586,0.03299999609589577,0.04399999603629112,5655.8173828125,114276.53125,0.0429663360118866,0,3.1392715754918754e-05,337.7593688964844,0,0.0002616529818624258,2.8350639695418067e-05,0,0,23.700000762939453,0,0,1600,0,50,0,0,0,50,50,800,0.0,0.0,0.0,0.0
186,156.70350646972656,308.28466796875,322.6629638671875,322.6089782714844,293.97113037109375,294.0251159667969,16515.818359375,33031.63671875,71.33055114746094,71.3307113647461,1486.06884765625,2959.561279296875,1525.4373779296875,3039.767333984375,282.8353271484375,57.66495895385742,-2.5047406779776793e-06,0,0,2579.13671875,1302.5897216796875,0,22.07513999938965,2279.303955078125,12.01392936706543,12.022015571594238,766.0359497070312,1526.3067626953125,52.57980728149414,52.622764587402344,85.0,0,0,345.6061096191406,0,7.924896240234375,22.94314956665039,22.99713134765625,0,1.034000039100647,0.9067617654800415,50,2.799999952316284,2.7295615673065186,0,0,0,0,1176.9999527455907,0,0,0,0.052328530699014664,0.0942971408367157,-0.14634674787521362,0.0002789206919260323,84.28809356689453,84.26261901855469,712.566162109375,712.5460815429688,712.5460815429688,510.4168701171875,0,0,22.07513999938965,0.0010999999940395355,0.02200000174343586,0.03299999609589577,0.04399999603629112,5655.8173828125,114276.53125,0.0429663360118866,0,3.1392715754918754e-05,339.5801696777344,0,0.0002616529818624258,2.8350639695418067e-05,0,0,23.700000762939453,0,0,1600,0,50,0,0,0,50,50,800,0.0,0.0,0.0,0.0
187,156.70016479492188,308.27899169921875,322.6568908691406,322.6029357910156,293.9644775390625,294.0184631347656,16515.818359375,33031.63671875,71.32339477539062,71.32355499267578,1486.038330078125,2959.49853515625,1525.4454345703125,3039.75927734375,282.8296203613281,57.65058898925781,-1.995922502828762e-07,0,0,2579.123779296875,1302.551513671875,0,21.832914352416992,2279.5615234375,12.01179027557373,12.019837379455566,766.0805053710938,1526.392822265625,52.54996871948242,52.592403411865234,85.0,0,0,345.6083984375,0,7.924896240234375,22.95149040222168,23.005474090576172,0,1.034000039100647,0.9067617654800415,50,2.799999952316284,2.729253053665161,0,0,0,0,314.99998519276,0,0,0,0.05267379805445671,0.09424781054258347,-0.1466534286737442,0.0002681791957002133,84.29695892333984,84.27214813232422,712.6055297851562,712.5859985351562,712.5859985351562,510.4339599609375,0,0,21.832914352416992,0.0010999999940395355,0.02200000174343586,0.03299999609589577,0.04399999603629112,5655.8173828125,114276.53125,0.0429663360118866,0,3.1392715754918754e-05,341.4009704589844,0,0.0002616529818624258,2.8350639695418067e-05,0,0,23.700000762939453,0,0,1600,0,50,0,0,0,50,50,800,0.0,0.0,0.0,0.0
188,156.7032012939453,308.2732849121094,322.65093994140625,322.5969543457031,293.95794677734375,294.01190185546875,16515.818359375,33031.63671875,71.31636810302734,71.3165283203125,1486.014404296875,2959.45361328125,1525.445556640625,3039.75927734375,282.8233642578125,57.634822845458984,2.1714131435146555e-06,0,0,2579.137939453125,1302.5142822265625,0,22.151315689086914,2279.812744140625,12.009653091430664,12.017662048339844,766.1206665039062,1526.4727783203125,52.52019500732422,52.5621337890625,85.0,0,0,345.60589599609375,0,7.924896240234375,22.9549503326416,23.00893211364746,0,1.034000039100647,0.9067617654800415,50,2.799999952316284,2.728952407836914,0,0,0,0,1176.9999527455907,0,0,0,0.05301902815699577,0.09419990330934525,-0.14695431292057037,0.0002646148204803467,84.30563354492188,84.28143310546875,712.6438598632812,712.6248168945312,712.6248168945312,510.450439453125,0,0,22.151315689086914,0.0010999999940395355,0.02200000174343586,0.03299999609589577,0.04399999603629112,5655.8173828125,114276.53125,0.0429663360118866,0,3.1392715754918754e-05,343.2217712402344,0,0.0002616529818624258,2.8350639695418067e-05,0,0,23.700000762939453,0,0,1600,0,50,0,0,0,50,50,800,0.0,0.0,0.0,0.0
189,156.70008850097656,308.2677917480469,322.6451110839844,322.59112548828125,293.95147705078125,294.0054626464844,16515.818359375,33031.63671875,71.30946350097656,71.30962371826172,1486.000244140625,2959.425048828125,1525.445556640625,3039.75927734375,282.81787109375,57.620906829833984,-8.336592145496979e-07,0,0,2579.124267578125,1302.4771728515625,0,21.892751693725586,2280.0576171875,12.007514953613281,12.015487670898438,766.1649780273438,1526.5609130859375,52.49046325683594,52.53193283081055,85.0,0,0,345.6082458496094,0,7.924896240234375,22.96315574645996,23.01713752746582,0,1.034000039100647,0.9067617654800415,50,2.799999952316284,2.728659152984619,0,0,0,0,314.99998519276,0,0,0,0.053351882845163345,0.09415308386087418,-0.14724963903427124,0.00025533101870678365,84.31401824951172,84.29048919677734,712.6812133789062,712.6627197265625,712.6627197265625,510.4666748046875,0,0,21.892751693725586,0.0010999999940395355,0.02200000174343586,0.03299999609589577,0.04399999603629112,5655.8173828125,114276.53125,0.0429663360118866,0,3.1392715754918754e-05,345.0425720214844,0,0.0002616529818624258,2.8350639695418067e-05,0,0,23.700000762939453,0,0,1600,0,50,0,0,0,50,50,800,0.0,0.0,0.0,0.0
190,156.70347595214844,308.2622985839844,322.6393737792969,322.58538818359375,293.9451599121094,293.9991455078125,16515.818359375,33031.63671875,71.30268859863281,71.30284881591797,1485.99462890625,2959.41357421875,1525.4456787109375,3039.759033203125,282.81182861328125,57.60564041137695,3.1992185540730134e-06,0,0,2579.137939453125,1302.4412841796875,0,22.20536231994629,2280.296630859375,12.005378723144531,12.013315200805664,766.2048950195312,1526.6402587890625,52.46083450317383,52.50178527832031,85.0,0,0,345.6059265136719,0,7.924896240234375,22.9665470123291,23.02052879333496,0,1.034000039100647,0.9067617654800415,50,2.799999952316284,2.7283732891082764,0,0,0,0,1176.9999527455907,0,0,0,0.05368470028042793,0.09410760551691055,-0.14753936231136322,0.0002529531775508076,84.32232666015625,84.29932403564453,712.7176513671875,712.6995239257812,712.6995239257812,510.4822998046875,0,0,22.20536231994629,0.0010999999940395355,0.02200000174343586,0.03299999609589577,0.04399999603629112,5655.8173828125,114276.53125,0.0429663360118866,0,3.1392715754918754e-05,346.8633728027344,0,0.0002616529818624258,2.8350639695418067e-05,0,0,23.700000762939453,0,0,1600,0,50,0,0,0,50,50,800,0.0,0.0,0.0,0.0
191,156.7006072998047,308.25701904296875,322.6337890625,322.5798034667969,293.9389343261719,293.992919921875,16515.818359375,33031.63671875,71.29603576660156,71.29619598388672,1485.9969482421875,2959.420166015625,1525.4517822265625,3039.7529296875,282.8065185546875,57.59218978881836,-3.373050731170224e-06,0,0,2579.123046875,1302.405517578125,0,21.94491958618164,2280.530029296875,12.003246307373047,12.01114273071289,766.2487182617188,1526.727783203125,52.431278228759766,52.471710205078125,85.0,0,0,345.60845947265625,0,7.924896240234375,22.97468376159668,23.028667449951172,0,1.034000039100647,0.9067617654800415,50,2.799999952316284,2.7280938625335693,0,0,0,0,314.99998519276,0,0,0,0.054005153477191925,0.09406305104494095,-0.14782370626926422,0.0002444975252728909,84.33039855957031,84.30795288085938,712.7532958984375,712.735595703125,712.735595703125,510.4976501464844,0,0,21.94491958618164,0.0010999999940395355,0.02200000174343586,0.03299999609589577,0.04399999603629112,5655.8173828125,114276.53125,0.0429663360118866,0,3.1392715754918754e-05,348.6841735839844,0,0.0002616529818624258,2.8350639695418067e-05,0,0,23.700000762939453,0,0,1600,0,50,0,0,0,50,50,800,0.0,0.0,0.0,0.0
192,156.7042694091797,308.25164794921875,322.6282958984375,322.5743103027344,293.9328308105469,293.98681640625,16515.818359375,33031.63671875,71.28948974609375,71.2896499633789,1486.007568359375,2959.443115234375,1525.4443359375,3039.760498046875,282.8006591796875,57.577396392822266,-1.745354779814079e-06,0,0,2579.135986328125,1302.3707275390625,0,22.257150650024414,2280.759033203125,12.001113891601562,12.008974075317383,766.2860107421875,1526.803955078125,52.401763916015625,52.44171142578125,85.0,0,0,345.60626220703125,0,7.924896240234375,22.97797393798828,23.03195571899414,0,1.034000039100647,0.9067617654800415,50,2.799999952316284,2.7278201580047607,0,0,0,0,1176.9999527455907,0,0,0,0.054329682141542435,0.0940195843577385,-0.14810261130332947,0.00024665260571055114,84.33847045898438,84.31641387939453,712.7881469726562,712.7708129882812,712.7708129882812,510.5125732421875,0,0,22.257150650024414,0.0010999999940395355,0.02200000174343586,0.03299999609589577,0.04399999603629112,5655.8173828125,114276.53125,0.0429663360118866,0,3.1392715754918754e-05,350.5049743652344,0,0.0002616529818624258,2.8350639695418067e-05,0,0,23.700000762939453,0,0,1600,0,50,0,0,0,50,50,800,0.0,0.0,0.0,0.0
193,156.70162963867188,308.24652099609375,322.6228942871094,322.56890869140625,293.9268798828125,293.9808654785156,16515.818359375,33031.63671875,71.28307342529297,71.2832260131836,1486.027099609375,2959.482177734375,1525.445556640625,3039.75927734375,282.79547119140625,57.56437683105469,4.1575785871827975e-06,0,0,2579.12060546875,1302.3360595703125,0,21.999032974243164,2280.983642578125,11.998985290527344,12.006808280944824,766.3294677734375,1526.8887939453125,52.372318267822266,52.41179275512695,85.0,0,0,345.6089172363281,0,7.924896240234375,22.98600959777832,23.03999137878418,0,1.034000039100647,0.9067617654800415,50,2.799999952316284,2.7275514602661133,0,0,0,0,314.99998519276,0,0,0,0.0546397902071476,0.0939767062664032,-0.14837634563446045,0.0002401437668595463,84.34645080566406,84.32472229003906,712.8226318359375,712.8055419921875,712.8055419921875,510.52734375,0,0,21.999032974243164,0.0010999999940395355,0.02200000174343586,0.03299999609589577,0.04399999603629112,5655.8173828125,114276.53125,0.0429663360118866,0,3.1392715754918754e-05,352.3257751464844,0,0.0002616529818624258,2.8350639695418067e-05,0,0,23.700000762939453,0,0,1600,0,50,0,0,0,50,50,800,0.0,0.0,0.0,0.0
194,156.70558166503906,308.24139404296875,322.61761474609375,322.5636291503906,293.9209289550781,293.97491455078125,16515.818359375,33031.63671875,71.27674865722656,71.27690887451172,1486.055908203125,2959.537109375,1525.4508056640625,3039.75390625,282.789794921875,57.550018310546875,-2.429984988339129e-06,0,0,2579.132080078125,1302.302001953125,0,22.313722610473633,2281.20556640625,11.996858596801758,12.004645347595215,766.3665771484375,1526.9639892578125,52.3430061340332,52.38190460205078,85.0,0,0,345.60687255859375,0,7.924896240234375,22.98926544189453,23.04324722290039,0,1.034000039100647,0.9067617654800415,50,2.799999952316284,2.7272861003875732,0,0,0,0,1176.9999527455907,0,0,0,0.05495191738009453,0.0939345732331276,-0.14864487946033478,0.00024161115288734436,84.35447692871094,84.33292388916016,712.8566284179688,712.8396606445312,712.8396606445312,510.54180908203125,0,0,22.313722610473633,0.0010999999940395355,0.02200000174343586,0.03299999609589577,0.04399999603629112,5655.8173828125,114276.53125,0.0429663360118866,0,3.1392715754918754e-05,354.1465759277344,0,0.0002616529818624258,2.8350639695418067e-05,0,0,23.700000762939453,0,0,1600,0,50,0,0,0,50,50,800,0.0,0.0,0.0,0.0
195,156.70314025878906,308.2364196777344,322.6124267578125,322.5584411621094,293.9151306152344,293.9691162109375,16515.818359375,33031.63671875,71.27054595947266,71.27070617675781,1486.0897216796875,2959.611572265625,1525.4498291015625,3039.7548828125,282.7847900390625,57.53740692138672,1.826369498303393e-06,0,0,2579.11669921875,1302.2686767578125,0,22.052610397338867,2281.425048828125,11.994736671447754,12.002486228942871,766.408203125,1527.0484619140625,52.313629150390625,52.35215759277344,85.0,0,0,345.609619140625,0,7.924896240234375,22.99720001220703,23.05118179321289,0,1.034000039100647,0.9067617654800415,50,2.799999952316284,2.7270238399505615,0,0,0,0,314.99998519276,0,0,0,0.05525169521570206,0.09389270097017288,-0.14890843629837036,0.0002359692007303238,84.36235046386719,84.34103393554688,712.8903198242188,712.87353515625,712.87353515625,510.5562438964844,0,0,22.052610397338867,0.0010999999940395355,0.02200000174343586,0.03299999609589577,0.04399999603629112,5655.8173828125,114276.53125,0.0429663360118866,0,3.1392715754918754e-05,355.9673767089844,0,0.0002616529818624258,2.8350639695418067e-05,0,0,23.700000762939453,0,0,1600,0,50,0,0,0,50,50,800,0.0,0.0,0.0,0.0
196,156.69967651367188,308.2314147949219,322.6073303222656,322.5533142089844,293.909423828125,293.96337890625,16515.818359375,33031.63671875,71.26444244384766,71.26460266113281,1486.1334228515625,2959.699951171875,1525.4453125,3039.75927734375,282.779296875,57.523475646972656,-3.502734216453973e-06,0,0,2579.12744140625,1302.2357177734375,0,22.365779876708984,2281.641845703125,11.992616653442383,12.000330924987793,766.4447631835938,1527.11865234375,52.284393310546875,52.32242965698242,85.0,0,0,345.60772705078125,0,7.924896240234375,23.00038719177246,23.05440330505371,0,1.034000039100647,0.9067617654800415,50,2.799999952316284,2.726764678955078,0,0,0,0,314.99998519276,0,0,0,0.055555544793605804,0.09385140985250473,-0.14916694164276123,0.0002400130033493042,84.37029266357422,84.34905242919922,712.9237670898438,712.906982421875,712.906982421875,510.5704650878906,0,0,22.365779876708984,0.0010999999940395355,0.02200000174343586,0.03299999609589577,0.04399999603629112,5655.8173828125,114276.53125,0.0429663360118866,0,3.1392715754918754e-05,357.7881774902344,0,0.0002616529818624258,2.8350639695418067e-05,0,0,23.700000762939453,0,0,1600,0,50,0,0,0,50,50,800,0.0,0.0,0.0,0.0
197,156.70535278320312,308.2265930175781,322.6022644042969,322.5482482910156,293.90380859375,293.9577941894531,16515.818359375,33031.63671875,71.2584457397461,71.25859832763672,1486.1851806640625,2959.805908203125,1525.44482421875,3039.760009765625,282.7744445800781,57.51122283935547,2.1896755697525805e-06,0,0,2579.1142578125,1302.2037353515625,0,22.329391479492188,2281.859375,11.990503311157227,11.99817943572998,766.4788818359375,1527.1875,52.25519561767578,52.292781829833984,85.0,0,0,345.6099548339844,0,7.924896240234375,23.00767707824707,23.06169319152832,0,1.034000039100647,0.9067617654800415,50,2.799999952316284,2.7265048027038574,0,0,0,0,314.99998519276,0,0,0,0.05584704503417015,0.09380994737148285,-0.1494206190109253,0.00023638084530830383,84.37864685058594,84.35709381103516,712.95751953125,712.9405517578125,712.9405517578125,510.584716796875,0,0,22.329391479492188,0.0010999999940395355,0.02200000174343586,0.03299999609589577,0.04399999603629112,5655.8173828125,114276.53125,0.0429663360118866,0,3.1392715754918754e-05,359.6089782714844,0,0.0002616529818624258,2.8350639695418067e-05,0,0,23.700000762939453,0,0,1600,0,50,0,0,0,50,50,800,0.0,0.0,0.0,0.0
198,156.70199584960938,308.2217712402344,322.59735107421875,322.5433349609375,293.89825439453125,293.9522399902344,16515.818359375,33031.63671875,71.25254821777344,71.25270080566406,1486.246337890625,2959.927490234375,1525.449951171875,3039.7548828125,282.7691955566406,57.49801254272461,3.1369040698336903e-07,0,0,2579.12060546875,1302.1715087890625,0,22.31399154663086,2282.076904296875,11.98839282989502,11.996031761169434,766.520263671875,1527.271484375,52.226158142089844,52.263126373291016,85.0,0,0,345.6088562011719,0,7.924896240234375,23.01150894165039,23.06552505493164,0,1.034000039100647,0.9067617654800415,50,2.799999952316284,2.7262449264526367,0,0,0,0,314.99998519276,0,0,0,0.05613851547241211,0.0937681496143341,-0.1496695578098297,0.00023711212270427495,84.38654327392578,84.3651351928711,712.9912109375,712.9744262695312,712.9744262695312,510.5992736816406,0,0,22.31399154663086,0.0010999999940395355,0.02200000174343586,0.03299999609589577,0.04399999603629112,5655.8173828125,114276.53125,0.0429663360118866,0,3.1392715754918754e-05,361.4297790527344,0,0.0002616529818624258,2.8350639695418067e-05,0,0,23.700000762939453,0,0,1600,0,50,0,0,0,50,50,800,0.0,0.0,0.0,0.0
199,156.69906616210938,308.21697998046875,322.5925598144531,322.5385437011719,293.8927917480469,293.94677734375,16515.818359375,33031.63671875,71.24673461914062,71.24689483642578,1486.313720703125,2960.06591796875,1525.4495849609375,3039.755126953125,282.7640686035156,57.485008239746094,-2.095080390063231e-06,0,0,2579.1298828125,1302.1396484375,0,22.401700973510742,2282.293701171875,11.986287117004395,11.993889808654785,766.5567016601562,1527.3446044921875,52.197086334228516,52.23360061645508,85.0,0,0,345.6072692871094,0,7.924896240234375,23.01473045349121,23.06874656677246,0,1.034000039100647,0.9067617654800415,50,2.799999952316284,2.7259860038757324,0,0,0,0,314.99998519276,0,0,0,0.05642994865775108,0.09372661262750626,-0.1499137580394745,0.00024279765784740448,84.39459991455078,84.3731460571289,713.02490234375,713.008056640625,713.008056640625,510.6136779785156,0,0,22.401700973510742,0.0010999999940395355,0.02200000174343586,0.03299999609589577,0.04399999603629112,5655.8173828125,114276.53125,0.0429663360118866,0,3.1392715754918754e-05,363.2505798339844,0,0.0002616529818624258,2.8350639695418067e-05,0,0,23.700000762939453,0,0,1600,0,50,0,0,0,50,50,800,0.0,0.0,0.0,0.0
200,156.705078125,308.2124328613281,322.5877685546875,322.53375244140625,293.88739013671875,293.9413757324219,16515.818359375,33031.63671875,71.24102020263672,71.24117279052734,1486.387939453125,2960.2216796875,1525.444091796875,3039.760498046875,282.7594909667969,57.473533630371094,5.129828878125409e-06,0,0,2579.115478515625,1302.1092529296875,0,22.37957191467285,2282.51171875,11.984187126159668,11.991752624511719,766.5907592773438,1527.411376953125,52.168025970458984,52.20416259765625,85.0,0,0,345.6097717285156,0,7.924896240234375,23.02202033996582,23.07603645324707,0,1.034000039100647,0.9067617654800415,50,2.799999952316284,2.7257254123687744,0,0,0,0,314.99998519276,0,0,0,0.056704942137002945,0.09368474036455154,-0.15015345811843872,0.00023621619038749486,84.40306091308594,84.38121032714844,713.0591430664062,713.0419311523438,713.0419311523438,510.6282653808594,0,0,22.37957191467285,0.0010999999940395355,0.02200000174343586,0.03299999609589577,0.04399999603629112,5655.8173828125,114276.53125,0.0429663360118866,0,3.1392715754918754e-05,365.0713806152344,0,0.0002616529818624258,2.8350639695418067e-05,0,0,23.700000762939453,0,0,1600,0,50,0,0,0,50,50,800,0.0,0.0,0.0,0.0
201,156.70213317871094,308.2078857421875,322.5831298828125,322.52911376953125,293.8821105957031,293.9361267089844,16515.818359375,33031.63671875,71.23541259765625,71.23556518554688,1486.472412109375,2960.388671875,1525.44921875,3039.755615234375,282.7545166015625,57.46094512939453,2.236494992757798e-06,0,0,2579.120849609375,1302.0782470703125,0,22.389875411987305,2282.72998046875,11.98209285736084,11.989623069763184,766.6333618164062,1527.498046875,52.139190673828125,52.174739837646484,85.0,0,0,345.60882568359375,0,7.924896240234375,23.02571678161621,23.07973289489746,0,1.034000039100647,0.9067617654800415,50,2.799999952316284,2.7254648208618164,0,0,0,0,314.99998519276,0,0,0,0.05697990581393242,0.09364244341850281,-0.15038876235485077,0.0002335865137865767,84.41082000732422,84.3892822265625,713.0931396484375,713.076171875,713.076171875,510.6431579589844,0,0,22.389875411987305,0.0010999999940395355,0.02200000174343586,0.03299999609589577,0.04399999603629112,5655.8173828125,114276.53125,0.0429663360118866,0,3.1392715754918754e-05,366.8921813964844,0,0.0002616529818624258,2.8350639695418067e-05,0,0,23.700000762939453,0,0,1600,0,50,0,0,0,50,50,800,0.0,0.0,0.0,0.0
202,156.6995849609375,308.2033386230469,322.5785827636719,322.5245666503906,293.87689208984375,293.930908203125,16515.818359375,33031.63671875,71.22988891601562,71.23004150390625,1486.5625,2960.5732421875,1525.444091796875,3039.760498046875,282.7496337890625,57.44858932495117,2.8774297788913827e-06,0,0,2579.129150390625,1302.0479736328125,0,22.465715408325195,2282.946044921875,11.980003356933594,11.987497329711914,766.6709594726562,1527.5712890625,52.110347747802734,52.145442962646484,85.0,0,0,345.6074523925781,0,7.924896240234375,23.02886962890625,23.0828857421875,0,1.034000039100647,0.9067617654800415,50,2.799999952316284,2.7252070903778076,0,0,0,0,314.99998519276,0,0,0,0.0572548434138298,0.09360073506832123,-0.15061961114406586,0.00023596436949446797,84.41856384277344,84.39726257324219,713.126708984375,713.1099853515625,713.1099853515625,510.65777587890625,0,0,22.465715408325195,0.0010999999940395355,0.02200000174343586,0.03299999609589577,0.04399999603629112,5655.8173828125,114276.53125,0.0429663360118866,0,3.1392715754918754e-05,368.7129821777344,0,0.0002616529818624258,2.8350639695418067e-05,0,0,23.700000762939453,0,0,1600,0,50,0,0,0,50,50,800,0.0,0.0,0.0,0.0
203,156.7058868408203,308.1990661621094,322.5740966796875,322.52008056640625,293.87176513671875,293.9257507324219,16515.818359375,33031.63671875,71.22444915771484,71.22460174560547,1486.65966796875,2960.77099609375,1525.4482421875,3039.75634765625,282.7453308105469,57.43772888183594,-2.712760533540859e-06,0,0,2579.113525390625,1302.019287109375,0,22.445240020751953,2283.16064453125,11.977922439575195,11.985379219055176,766.705322265625,1527.642822265625,52.081626892089844,52.116249084472656,85.0,0,0,345.61016845703125,0,7.924896240234375,23.03605842590332,23.09007453918457,0,1.034000039100647,0.9067617654800415,50,2.799999952316284,2.7249507904052734,0,0,0,0,314.99998519276,0,0,0,0.057513341307640076,0.09355927258729935,-0.15084624290466309,0.00022637062647845596,84.42660522460938,84.40519714355469,713.1603393554688,713.1435546875,713.1435546875,510.67230224609375,0,0,22.445240020751953,0.0010999999940395355,0.02200000174343586,0.03299999609589577,0.04399999603629112,5655.8173828125,114276.53125,0.0429663360118866,0,3.1392715754918754e-05,370.5337829589844,0,0.0002616529818624258,2.8350639695418067e-05,0,0,23.700000762939453,0,0,1600,0,50,0,0,0,50,50,800,0.0,0.0,0.0,0.0
204,156.7033233642578,308.19476318359375,322.5697326660156,322.5157165527344,293.86676025390625,293.9207458496094,16515.818359375,33031.63671875,71.2191162109375,71.21926879882812,1486.7633056640625,2960.983154296875,1525.447998046875,3039.7568359375,282.7406005859375,57.425724029541016,-1.7977861261897488e-06,0,0,2579.117919921875,1301.989501953125,0,22.460060119628906,2283.373046875,11.975845336914062,11.983267784118652,766.7487182617188,1527.729736328125,52.05299758911133,52.087158203125,85.0,0,0,345.6093444824219,0,7.924896240234375,23.03961944580078,23.09363555908203,0,1.034000039100647,0.9067617654800415,50,2.799999952316284,2.7246973514556885,0,0,0,0,314.99998519276,0,0,0,0.05777386203408241,0.0935179814696312,-0.15106868743896484,0.0002231597900390625,84.43385314941406,84.41304779052734,713.193359375,713.1769409179688,713.1769409179688,510.6869201660156,0,0,22.460060119628906,0.0010999999940395355,0.02200000174343586,0.03299999609589577,0.04399999603629112,5655.8173828125,114276.53125,0.0429663360118866,0,3.1392715754918754e-05,372.3545837402344,0,0.0002616529818624258,2.8350639695418067e-05,0,0,23.700000762939453,0,0,1600,0,50,0,0,0,50,50,800,0.0,0.0,0.0,0.0
205,156.70118713378906,308.1904602050781,322.5654602050781,322.5114440917969,293.86175537109375,293.9157409667969,16515.818359375,33031.63671875,71.2138671875,71.2140121459961,1486.87353515625,2961.207763671875,1525.4493408203125,3039.75537109375,282.7359313964844,57.413978576660156,-3.9172236938611604e-06,0,0,2579.124755859375,1301.9608154296875,0,22.528255462646484,2283.5810546875,11.973776817321777,11.981163024902344,766.786376953125,1527.8026123046875,52.02452087402344,52.058189392089844,85.0,0,0,345.608154296875,0,7.924896240234375,23.042705535888672,23.096721649169922,0,1.034000039100647,0.9067617654800415,50,2.799999952316284,2.7244491577148438,0,0,0,0,314.99998519276,0,0,0,0.05803436413407326,0.09347769618034363,-0.15128690004348755,0.00022515990713145584,84.44123840332031,84.42073822021484,713.2257080078125,713.2095947265625,713.2095947265625,510.70111083984375,0,0,22.528255462646484,0.0010999999940395355,0.02200000174343586,0.03299999609589577,0.04399999603629112,5655.8173828125,114276.53125,0.0429663360118866,0,3.1392715754918754e-05,374.1753845214844,0,0.0002616529818624258,2.8350639695418067e-05,0,0,23.700000762939453,0,0,1600,0,50,0,0,0,50,50,800,0.0,0.0,0.0,0.0
206,156.69927978515625,308.18621826171875,322.56121826171875,322.5072021484375,293.8568420410156,293.9107971191406,16515.818359375,33031.63671875,71.20869445800781,71.20884704589844,1486.9898681640625,2961.4443359375,1525.447265625,3039.757568359375,282.7314758300781,57.40273666381836,-3.7937804790999508e-06,0,0,2579.130859375,1301.9326171875,0,22.50550079345703,2283.787109375,11.97171688079834,11.979066848754883,766.820556640625,1527.8739013671875,51.99615478515625,52.029354095458984,85.0,0,0,345.6071472167969,0,7.924896240234375,23.045927047729492,23.099943161010742,0,1.034000039100647,0.9067617654800415,50,2.799999952316284,2.72420334815979,0,0,0,0,314.99998519276,0,0,0,0.058290738612413406,0.09343782812356949,-0.15150101482868195,0.00022755228565074503,84.44890594482422,84.42835998535156,713.2579956054688,713.2418823242188,713.2418823242188,510.715087890625,0,0,22.50550079345703,0.0010999999940395355,0.02200000174343586,0.03299999609589577,0.04399999603629112,5655.8173828125,114276.53125,0.0429663360118866,0,3.1392715754918754e-05,375.9961853027344,0,0.0002616529818624258,2.8350639695418067e-05,0,0,23.700000762939453,0,0,1600,0,50,0,0,0,50,50,800,0.0,0.0,0.0,0.0
207,156.70591735839844,308.1822814941406,322.55706787109375,322.5030517578125,293.85198974609375,293.9059753417969,16515.818359375,33031.63671875,71.20360565185547,71.2037582397461,1487.11328125,2961.69580078125,1525.4466552734375,3039.758056640625,282.7275390625,57.39276885986328,-1.0569729056442156e-06,0,0,2579.113525390625,1301.9051513671875,0,22.51084327697754,2283.993408203125,11.9696626663208,11.976977348327637,766.8575439453125,1527.948486328125,51.967838287353516,52.00061798095703,85.0,0,0,345.6101379394531,0,7.924896240234375,23.05304718017578,23.10706329345703,0,1.034000039100647,0.9067617654800415,50,2.799999952316284,2.723957061767578,0,0,0,0,314.99998519276,0,0,0,0.05852862820029259,0.09339779615402222,-0.15171128511428833,0.0002151448279619217,84.45664978027344,84.43598937988281,713.2905883789062,713.2742919921875,713.2742919921875,510.7292175292969,0,0,22.51084327697754,0.0010999999940395355,0.02200000174343586,0.03299999609589577,0.04399999603629112,5655.8173828125,114276.53125,0.0429663360118866,0,3.1392715754918754e-05,377.8169860839844,0,0.0002616529818624258,2.8350639695418067e-05,0,0,23.700000762939453,0,0,1600,0,50,0,0,0,50,50,800,0.0,0.0,0.0,0.0
208,156.70384216308594,308.17828369140625,322.55303955078125,322.4990234375,293.8472595214844,293.9012451171875,16515.818359375,33031.63671875,71.19862365722656,71.19877624511719,1487.242431640625,2961.95947265625,1525.447998046875,3039.7568359375,282.72308349609375,57.381500244140625,-5.000584678782616e-06,0,0,2579.1171875,1301.8773193359375,0,22.550941467285156,2284.197021484375,11.96761703491211,11.974894523620605,766.901123046875,1528.0333251953125,51.9397087097168,51.971981048583984,85.0,0,0,345.6094665527344,0,7.924896240234375,23.056438446044922,23.110454559326172,0,1.034000039100647,0.9067617654800415,50,2.799999952316284,2.7237143516540527,0,0,0,0,314.99998519276,0,0,0,0.05877060443162918,0.09335801005363464,-0.15191768109798431,0.0002109363704221323,84.46346282958984,84.44351196289062,713.3222045898438,713.3065185546875,713.3065185546875,510.74334716796875,0,0,22.550941467285156,0.0010999999940395355,0.02200000174343586,0.03299999609589577,0.04399999603629112,5655.8173828125,114276.53125,0.0429663360118866,0,3.1392715754918754e-05,379.6377868652344,0,0.0002616529818624258,2.8350639695418067e-05,0,0,23.700000762939453,0,0,1600,0,50,0,0,0,50,50,800,0.0,0.0,0.0,0.0
209,156.70217895507812,308.1742858886719,322.549072265625,322.49505615234375,293.84259033203125,293.89654541015625,16515.818359375,33031.63671875,71.1937255859375,71.19387817382812,1487.3768310546875,2962.233642578125,1525.4473876953125,3039.75732421875,282.7187194824219,57.370506286621094,9.811586778596393e-07,0,0,2579.12255859375,1301.8499755859375,0,22.60820770263672,2284.395263671875,11.96557903289795,11.972822189331055,766.938720703125,1528.109130859375,51.91167449951172,51.943538665771484,85.0,0,0,345.6085205078125,0,7.924896240234375,23.05945587158203,23.11347198486328,0,1.034000039100647,0.9067617654800415,50,2.799999952316284,2.723478078842163,0,0,0,0,314.99998519276,0,0,0,0.059012558311223984,0.09331949055194855,-0.1521201729774475,0.0002118807315127924,84.47030639648438,84.45084381103516,713.35302734375,713.3377075195312,713.3377075195312,510.7569885253906,0,0,22.60820770263672,0.0010999999940395355,0.02200000174343586,0.03299999609589577,0.04399999603629112,5655.8173828125,114276.53125,0.0429663360118866,0,3.1392715754918754e-05,381.4585876464844,0,0.0002616529818624258,2.8350639695418067e-05,0,0,23.700000762939453,0,0,1600,0,50,0,0,0,50,50,800,0.0,0.0,0.0,0.0
210,156.7007293701172,308.17034912109375,322.5451965332031,322.4911804199219,293.8379211425781,293.89190673828125,16515.818359375,33031.63671875,71.18890380859375,71.18904113769531,1487.51708984375,2962.520263671875,1525.44677734375,3039.758056640625,282.7145690917969,57.36000442504883,-3.172976448695408e-06,0,0,2579.127197265625,1301.8233642578125,0,22.58397674560547,2284.590087890625,11.963549613952637,11.970757484436035,766.9743041992188,1528.180908203125,51.88380432128906,51.91521072387695,85.0,0,0,345.6077575683594,0,7.924896240234375,23.062541961669922,23.116558074951172,0,1.034000039100647,0.9067617654800415,50,2.799999952316284,2.723245859146118,0,0,0,0,314.99998519276,0,0,0,0.05925038829445839,0.09328171610832214,-0.1523188352584839,0.00021326095156837255,84.47743225097656,84.45804595947266,713.383544921875,713.3682861328125,713.3682861328125,510.770263671875,0,0,22.58397674560547,0.0010999999940395355,0.02200000174343586,0.03299999609589577,0.04399999603629112,5655.8173828125,114276.53125,0.0429663360118866,0,3.1392715754918754e-05,383.2793884277344,0,0.0002616529818624258,2.8350639695418067e-05,0,0,23.700000762939453,0,0,1600,0,50,0,0,0,50,50,800,0.0,0.0,0.0,0.0
211,156.69943237304688,308.1664733886719,322.5413818359375,322.48736572265625,293.8333740234375,293.8873596191406,16515.818359375,33031.63671875,71.18414306640625,71.18429565429688,1487.664306640625,2962.81640625,1525.445556640625,3039.75927734375,282.71051025390625,57.34976577758789,8.552196391065081e-07,0,0,2579.13134765625,1301.7972412109375,0,22.590639114379883,2284.78466796875,11.961529731750488,11.968703269958496,767.0093383789062,1528.2525634765625,51.85615539550781,51.88697814941406,85.0,0,0,345.6070861816406,0,7.924896240234375,23.06569480895996,23.11971092224121,0,1.034000039100647,0.9067617654800415,50,2.799999952316284,2.7230141162872314,0,0,0,0,314.99998519276,0,0,0,0.059484101831912994,0.09324394166469574,-0.1525138020515442,0.0002142343728337437,84.48469543457031,84.4652328491211,713.4141845703125,713.3988647460938,713.3988647460938,510.78363037109375,0,0,22.590639114379883,0.0010999999940395355,0.02200000174343586,0.03299999609589577,0.04399999603629112,5655.8173828125,114276.53125,0.0429663360118866,0,3.1392715754918754e-05,385.1001892089844,0,0.0002616529818624258,2.8350639695418067e-05,0,0,23.700000762939453,0,0,1600,0,50,0,0,0,50,50,800,0.0,0.0,0.0,0.0
212,156.70643615722656,308.1628723144531,322.53765869140625,322.4836730957031,293.8288879394531,293.88287353515625,16515.818359375,33031.63671875,71.1794662475586,71.17961883544922,1487.8154296875,2963.12841796875,1525.44580078125,3039.759033203125,282.7069091796875,57.34070587158203,3.607321104937e-06,0,0,2579.112060546875,1301.7720947265625,0,22.603134155273438,2284.97900390625,11.959518432617188,11.966655731201172,767.0451049804688,1528.323486328125,51.828433990478516,51.858924865722656,85.0,0,0,345.6103515625,0,7.924896240234375,23.07271385192871,23.12669563293457,0,1.034000039100647,0.9067617654800415,50,2.799999952316284,2.7227823734283447,0,0,0,0,314.99998519276,0,0,0,0.05970139056444168,0.09320608526468277,-0.15270526707172394,0.00020220466831233352,84.4919662475586,84.47241973876953,713.4448852539062,713.4295043945312,713.4295043945312,510.79705810546875,0,0,22.603134155273438,0.0010999999940395355,0.02200000174343586,0.03299999609589577,0.04399999603629112,5655.8173828125,114276.53125,0.0429663360118866,0,3.1392715754918754e-05,386.9209899902344,0,0.0002616529818624258,2.8350639695418067e-05,0,0,23.700000762939453,0,0,1600,0,50,0,0,0,50,50,800,0.0,0.0,0.0,0.0
213,156.70492553710938,308.1592102050781,322.5340270996094,322.48004150390625,293.824462890625,293.8784484863281,16515.818359375,33031.63671875,71.17488861083984,71.17504119873047,1487.9727783203125,2963.450439453125,1525.4434814453125,3039.76123046875,282.7027893066406,57.33024597167969,-4.791463652509265e-06,0,0,2579.11474609375,1301.746337890625,0,22.660287857055664,2285.170654296875,11.95751667022705,11.964616775512695,767.0877075195312,1528.4117431640625,51.80094528198242,51.83097457885742,85.0,0,0,345.6098937988281,0,7.924896240234375,23.07586669921875,23.129850387573242,0,1.034000039100647,0.9067617654800415,50,2.799999952316284,2.7225539684295654,0,0,0,0,314.99998519276,0,0,0,0.05992276966571808,0.0931684747338295,-0.15289323031902313,0.00019802041060756892,84.49837493896484,84.47950744628906,713.4747924804688,713.4599609375,713.4599609375,510.81048583984375,0,0,22.660287857055664,0.0010999999940395355,0.02200000174343586,0.03299999609589577,0.04399999603629112,5655.8173828125,114276.53125,0.0429663360118866,0,3.1392715754918754e-05,388.7417907714844,0,0.0002616529818624258,2.8350639695418067e-05,0,0,23.700000762939453,0,0,1600,0,50,0,0,0,50,50,800,0.0,0.0,0.0,0.0
214,156.7037811279297,308.1555480957031,322.53045654296875,322.4764709472656,293.82012939453125,293.8741149902344,16515.818359375,33031.63671875,71.1703872680664,71.17053985595703,1488.135498046875,2963.780517578125,1525.4493408203125,3039.75537109375,282.6987609863281,57.32009506225586,1.964176135516027e-06,0,0,2579.11865234375,1301.7208251953125,0,22.70360565185547,2285.357421875,11.955523490905762,11.962590217590332,767.1245727539062,1528.48583984375,51.77363204956055,51.80320739746094,85.0,0,0,345.6092529296875,0,7.924896240234375,23.07878303527832,23.13276481628418,0,1.034000039100647,0.9067617654800415,50,2.799999952316284,2.7223315238952637,0,0,0,0,314.99998519276,0,0,0,0.06014412268996239,0.09313204884529114,-0.1530776172876358,0.00019854829588439316,84.5047836303711,84.48641204833984,713.50390625,713.4894409179688,713.4894409179688,510.8234558105469,0,0,22.70360565185547,0.0010999999940395355,0.02200000174343586,0.03299999609589577,0.04399999603629112,5655.8173828125,114276.53125,0.0429663360118866,0,3.1392715754918754e-05,390.5625915527344,0,0.0002616529818624258,2.8350639695418067e-05,0,0,23.700000762939453,0,0,1600,0,50,0,0,0,50,50,800,0.0,0.0,0.0,0.0
215,156.70286560058594,308.15191650390625,322.5269470214844,322.47296142578125,293.8158264160156,293.86981201171875,16515.818359375,33031.63671875,71.16595458984375,71.16609954833984,1488.3023681640625,2964.122802734375,1525.4425048828125,3039.76220703125,282.6949157714844,57.310420989990234,-3.7400934616016457e-06,0,0,2579.121826171875,1301.6964111328125,0,22.678951263427734,2285.540771484375,11.953539848327637,11.960572242736816,767.1591186523438,1528.5555419921875,51.7464485168457,51.77558898925781,85.0,0,0,345.60870361328125,0,7.924896240234375,23.081768035888672,23.13574981689453,0,1.034000039100647,0.9067617654800415,50,2.799999952316284,2.7221131324768066,0,0,0,0,314.99998519276,0,0,0,0.06036341190338135,0.09309645742177963,-0.1532585322856903,0.00020133295038249344,84.51152038574219,84.4931869506836,713.53271484375,713.518310546875,713.518310546875,510.83599853515625,0,0,22.678951263427734,0.0010999999940395355,0.02200000174343586,0.03299999609589577,0.04399999603629112,5655.8173828125,114276.53125,0.0429663360118866,0,3.1392715754918754e-05,392.3833923339844,0,0.0002616529818624258,2.8350639695418067e-05,0,0,23.700000762939453,0,0,1600,0,50,0,0,0,50,50,800,0.0,0.0,0.0,0.0
216,156.7020721435547,308.14837646484375,322.5234375,322.4694519042969,293.8116149902344,293.8656005859375,16515.818359375,33031.63671875,71.16159057617188,71.16173553466797,1488.4761962890625,2964.473876953125,1525.4422607421875,3039.7626953125,282.6911926269531,57.30099105834961,-4.167070528637851e-06,0,0,2579.124267578125,1301.6719970703125,0,22.682504653930664,2285.723876953125,11.951566696166992,11.958563804626465,767.1929321289062,1528.6234130859375,51.71946716308594,51.74807357788086,85.0,0,0,345.6083068847656,0,7.924896240234375,23.08485221862793,23.138835906982422,0,1.034000039100647,0.9067617654800415,50,2.799999952316284,2.721895217895508,0,0,0,0,314.99998519276,0,0,0,0.06057858467102051,0.09306076914072037,-0.1534360647201538,0.00020329431572463363,84.51844787597656,84.49995422363281,713.561767578125,713.5471801757812,713.5471801757812,510.8486633300781,0,0,22.682504653930664,0.0010999999940395355,0.02200000174343586,0.03299999609589577,0.04399999603629112,5655.8173828125,114276.53125,0.0429663360118866,0,3.1392715754918754e-05,394.2041931152344,0,0.0002616529818624258,2.8350639695418067e-05,0,0,23.700000762939453,0,0,1600,0,50,0,0,0,50,50,800,0.0,0.0,0.0,0.0
217,156.70140075683594,308.1448669433594,322.52001953125,322.4660339355469,293.8074951171875,293.8614501953125,16515.818359375,33031.63671875,71.15727996826172,71.15742492675781,1488.6546630859375,2964.8369140625,1525.44775390625,3039.757080078125,282.6875305175781,57.291751861572266,3.184870593031519e-06,0,0,2579.126220703125,1301.64794921875,0,22.6960506439209,2285.907958984375,11.949604034423828,11.95656681060791,767.22802734375,1528.6943359375,51.69255828857422,51.7207145690918,85.0,0,0,345.6078796386719,0,7.924896240234375,23.087871551513672,23.14185333251953,0,1.034000039100647,0.9067617654800415,50,2.799999952316284,2.7216756343841553,0,0,0,0,314.99998519276,0,0,0,0.060789648443460464,0.09302476048469543,-0.15361028909683228,0.00020411760488059372,84.52543640136719,84.50676727294922,713.591064453125,713.5763549804688,713.5763549804688,510.8614807128906,0,0,22.6960506439209,0.0010999999940395355,0.02200000174343586,0.03299999609589577,0.04399999603629112,5655.8173828125,114276.53125,0.0429663360118866,0,3.1392715754918754e-05,396.0249938964844,0,0.0002616529818624258,2.8350639695418067e-05,0,0,23.700000762939453,0,0,1600,0,50,0,0,0,50,50,800,0.0,0.0,0.0,0.0
218,156.70083618164062,308.1414489746094,322.51666259765625,322.4626770019531,293.80340576171875,293.8573913574219,16515.818359375,33031.63671875,71.15303802490234,71.15318298339844,1488.8380126953125,2965.21142578125,1525.4473876953125,3039.75732421875,282.6839294433594,57.28266906738281,2.450925194352749e-06,0,0,2579.128173828125,1301.624267578125,0,22.712970733642578,2286.093505859375,11.947650909423828,11.95457935333252,767.2636108398438,1528.7657470703125,51.665767669677734,51.693485260009766,85.0,0,0,345.6075744628906,0,7.924896240234375,23.090923309326172,23.14490509033203,0,1.034000039100647,0.9067617654800415,50,2.799999952316284,2.7214548587799072,0,0,0,0,314.99998519276,0,0,0,0.06099659577012062,0.09298840910196304,-0.1537836343050003,0.0002013765333686024,84.53236389160156,84.51362609863281,713.6205444335938,713.6057739257812,713.6057739257812,510.87445068359375,0,0,22.712970733642578,0.0010999999940395355,0.02200000174343586,0.03299999609589577,0.04399999603629112,5655.8173828125,114276.53125,0.0429663360118866,0,3.1392715754918754e-05,397.8457946777344,0,0.0002616529818624258,2.8350639695418067e-05,0,0,23.700000762939453,0,0,1600,0,50,0,0,0,50,50,800,0.0,0.0,0.0,0.0
219,156.7003631591797,308.1380920410156,322.51336669921875,322.45941162109375,293.79937744140625,293.8533630371094,16515.818359375,33031.63671875,71.14886474609375,71.14900970458984,1489.026123046875,2965.594482421875,1525.4466552734375,3039.75830078125,282.6803894042969,57.273746490478516,4.847836407861905e-06,0,0,2579.1298828125,1301.600830078125,0,22.72794532775879,2286.279052734375,11.945709228515625,11.952603340148926,767.2992553710938,1528.8380126953125,51.63912582397461,51.666412353515625,85.0,0,0,345.6072998046875,0,7.924896240234375,23.09394073486328,23.14788818359375,0,1.034000039100647,0.9067617654800415,50,2.799999952316284,2.721234083175659,0,0,0,0,314.99998519276,0,0,0,0.06119942292571068,0.09295197576284409,-0.15395696461200714,0.00019443185010459274,84.53900146484375,84.5204849243164,713.6498413085938,713.63525390625,713.63525390625,510.8875427246094,0,0,22.72794532775879,0.0010999999940395355,0.02200000174343586,0.03299999609589577,0.04399999603629112,5655.8173828125,114276.53125,0.0429663360118866,0,3.1392715754918754e-05,399.6665954589844,0,0.0002616529818624258,2.8350639695418067e-05,0,0,23.700000762939453,0,0,1600,0,50,0,0,0,50,50,800,0.0,0.0,0.0,0.0
220,156.69996643066406,308.1347961425781,322.5101623535156,322.45623779296875,293.7953796386719,293.8493347167969,16515.818359375,33031.63671875,71.14476013183594,71.1448974609375,1489.2183837890625,2965.986572265625,1525.446044921875,3039.7587890625,282.67694091796875,57.264976501464844,-1.4221473065845203e-06,0,0,2579.130859375,1301.5780029296875,0,22.743680953979492,2286.461181640625,11.943777084350586,11.950638771057129,767.3352661132812,1528.91064453125,51.612648010253906,51.63949966430664,85.0,0,0,345.60711669921875,0,7.924896240234375,23.09695816040039,23.1508731842041,0,1.034000039100647,0.9067617654800415,50,2.799999952316284,2.721017360687256,0,0,0,0,314.99998519276,0,0,0,0.06139814481139183,0.09291621297597885,-0.15413029491901398,0.0001840584009187296,84.54517364501953,84.52721405029297,713.6783447265625,713.6642456054688,713.6642456054688,510.9003601074219,0,0,22.743680953979492,0.0010999999940395355,0.02200000174343586,0.03299999609589577,0.04399999603629112,5655.8173828125,114276.53125,0.0429663360118866,0,3.1392715754918754e-05,401.4873962402344,0,0.0002616529818624258,2.8350639695418067e-05,0,0,23.700000762939453,0,0,1600,0,50,0,0,0,50,50,800,0.0,0.0,0.0,0.0
221,156.70750427246094,308.1317443847656,322.5069885253906,322.4530944824219,293.7914733886719,293.8454284667969,16515.818359375,33031.63671875,71.14071655273438,71.14086151123047,1489.4149169921875,2966.386962890625,1525.445068359375,3039.759521484375,282.67388916015625,57.25732421875,3.0071203127590707e-06,0,0,2579.109130859375,1301.555908203125,0,22.758834838867188,2286.636962890625,11.941856384277344,11.948683738708496,767.3712768554688,1528.98388671875,51.58634948730469,51.61277770996094,85.0,0,0,345.6108703613281,0,7.924896240234375,23.1038761138916,23.15778923034668,0,1.034000039100647,0.9067617654800415,50,2.799999952316284,2.7208080291748047,0,0,0,0,314.99998519276,0,0,0,0.06158250942826271,0.0928817018866539,-0.154303640127182,0.00016057529137469828,84.55078887939453,84.5337142944336,713.7056274414062,713.6921997070312,713.6921997070312,510.9126892089844,0,0,22.758834838867188,0.0010999999940395355,0.02200000174343586,0.03299999609589577,0.04399999603629112,5655.8173828125,114276.53125,0.0429663360118866,0,3.1392715754918754e-05,403.3081970214844,0,0.0002616529818624258,2.8350639695418067e-05,0,0,23.700000762939453,0,0,1600,0,50,0,0,0,50,50,800,0.0,0.0,0.0,0.0
222,156.7068634033203,308.12860107421875,322.50396728515625,322.4500732421875,293.78759765625,293.841552734375,16515.818359375,33031.63671875,71.13677978515625,71.13691711425781,1489.6136474609375,2966.7919921875,1525.4444580078125,3039.760498046875,282.67022705078125,57.24812316894531,5.53340396436397e-06,0,0,2579.1103515625,1301.532958984375,0,22.84343719482422,2286.80126953125,11.939949035644531,11.946742057800293,767.413818359375,1529.069580078125,51.5603141784668,51.58631134033203,85.0,0,0,345.61065673828125,0,7.924896240234375,23.106689453125,23.16060447692871,0,1.034000039100647,0.9067617654800415,50,2.799999952316284,2.7206125259399414,0,0,0,0,314.99998519276,0,0,0,0.06177300959825516,0.09284945577383041,-0.15447697043418884,0.0001454945740988478,84.55506134033203,84.53978729248047,713.7302856445312,713.71826171875,713.71826171875,510.9242248535156,0,0,22.84343719482422,0.0010999999940395355,0.02200000174343586,0.03299999609589577,0.04399999603629112,5655.8173828125,114276.53125,0.0429663360118866,0,3.1392715754918754e-05,405.1289978027344,0,0.0002616529818624258,2.8350639695418067e-05,0,0,23.700000762939453,0,0,1600,0,50,0,0,0,50,50,800,0.0,0.0,0.0,0.0
223,156.70657348632812,308.12542724609375,322.5009460449219,322.44708251953125,293.7838134765625,293.8377685546875,16515.818359375,33031.63671875,71.13288879394531,71.1330337524414,1489.8150634765625,2967.2001953125,1525.4456787109375,3039.759033203125,282.6667785644531,57.239322662353516,-5.384641553973779e-06,0,0,2579.111572265625,1301.5103759765625,0,22.85613441467285,2286.950927734375,11.938051223754883,11.944811820983887,767.4492797851562,1529.13818359375,51.534576416015625,51.56008529663086,85.0,0,0,345.6104431152344,0,7.924896240234375,23.10947036743164,23.16335105895996,0,1.034000039100647,0.9067617654800415,50,2.799999952316284,2.7204346656799316,0,0,0,0,314.99998519276,0,0,0,0.06196554750204086,0.09282056242227554,-0.15465031564235687,0.00013580397353507578,84.5590591430664,84.54531860351562,713.75244140625,713.74169921875,713.74169921875,510.934326171875,0,0,22.85613441467285,0.0010999999940395355,0.02200000174343586,0.03299999609589577,0.04399999603629112,5655.8173828125,114276.53125,0.0429663360118866,0,3.1392715754918754e-05,406.9497985839844,0,0.0002616529818624258,2.8350639695418067e-05,0,0,23.700000762939453,0,0,1600,0,50,0,0,0,50,50,800,0.0,0.0,0.0,0.0
224,156.70648193359375,308.1222839355469,322.4980163574219,322.4441223144531,293.7800598144531,293.833984375,16515.818359375,33031.63671875,71.12905883789062,71.12920379638672,1490.0177001953125,2967.61572265625,1525.44287109375,3039.76171875,282.6634521484375,57.23094940185547,-4.408492259244667e-06,0,0,2579.112060546875,1301.489013671875,0,22.831859588623047,2287.08740234375,11.936164855957031,11.942893028259277,767.480712890625,1529.205078125,51.508995056152344,51.534149169921875,85.0,0,0,345.6103515625,0,7.924896240234375,23.11235237121582,23.16623306274414,0,1.034000039100647,0.9067617654800415,50,2.799999952316284,2.7202720642089844,0,0,0,0,314.99998519276,0,0,0,0.06215396896004677,0.0927945226430893,-0.1548236459493637,0.00012484453327488154,84.56292724609375,84.55036926269531,713.7726440429688,713.7627563476562,713.7627563476562,510.94329833984375,0,0,22.831859588623047,0.0010999999940395355,0.02200000174343586,0.03299999609589577,0.04399999603629112,5655.8173828125,114276.53125,0.0429663360118866,0,3.1392715754918754e-05,408.7705993652344,0,0.0002616529818624258,2.8350639695418067e-05,0,0,23.700000762939453,0,0,1600,0,50,0,0,0,50,50,800,0.0,0.0,0.0,0.0
225,156.7064666748047,308.1191711425781,322.4950866699219,322.44122314453125,293.77630615234375,293.83026123046875,16515.818359375,33031.63671875,71.12528991699219,71.12542724609375,1490.22412109375,2968.0361328125,1525.4422607421875,3039.7626953125,282.6601867675781,57.22275924682617,3.1845604553382145e-06,0,0,2579.1123046875,1301.467041015625,0,22.83599281311035,2287.214111328125,11.934289932250977,11.940985679626465,767.5137939453125,1529.2720947265625,51.483673095703125,51.50843048095703,85.0,0,0,345.6103210449219,0,7.924896240234375,23.115234375,23.16911506652832,0,1.034000039100647,0.9067617654800415,50,2.799999952316284,2.720121383666992,0,0,0,0,314.99998519276,0,0,0,0.062342382967472076,0.09277064353227615,-0.15499697625637054,0.00011604503379203379,84.56651306152344,84.5550537109375,713.7911376953125,713.7821044921875,713.7821044921875,510.951416015625,0,0,22.83599281311035,0.0010999999940395355,0.02200000174343586,0.03299999609589577,0.04399999603629112,5655.8173828125,114276.53125,0.0429663360118866,0,3.1392715754918754e-05,410.5914001464844,0,0.0002616529818624258,2.8350639695418067e-05,0,0,23.700000762939453,0,0,1600,0,50,0,0,0,50,50,800,0.0,0.0,0.0,0.0
226,156.70648193359375,308.1161193847656,322.4922180175781,322.4383239746094,293.77264404296875,293.8265686035156,16515.818359375,33031.63671875,71.1215591430664,71.1217041015625,1490.43359375,2968.460693359375,1525.446533203125,3039.75830078125,282.656982421875,57.21467208862305,5.193352535570739e-06,0,0,2579.1123046875,1301.4461669921875,0,22.854434967041016,2287.3310546875,11.932426452636719,11.93908977508545,767.5447998046875,1529.336669921875,51.45866394042969,51.48289489746094,85.0,0,0,345.6103210449219,0,7.924896240234375,23.11811637878418,23.1719970703125,0,1.034000039100647,0.9067617654800415,50,2.799999952316284,2.719982624053955,0,0,0,0,314.99998519276,0,0,0,0.06252668797969818,0.09274887293577194,-0.15517032146453857,0.00010524057142902166,84.56983184814453,84.55937194824219,713.8079223632812,713.7997436523438,713.7997436523438,510.95867919921875,0,0,22.854434967041016,0.0010999999940395355,0.02200000174343586,0.03299999609589577,0.04399999603629112,5655.8173828125,114276.53125,0.0429663360118866,0,3.1392715754918754e-05,412.4122009277344,0,0.0002616529818624258,2.8350639695418067e-05,0,0,23.700000762939453,0,0,1600,0,50,0,0,0,50,50,800,0.0,0.0,0.0,0.0
227,156.70655822753906,308.1130676269531,322.48931884765625,322.4354553222656,293.7690734863281,293.8229675292969,16515.818359375,33031.63671875,71.11788940429688,71.11802673339844,1490.643798828125,2968.892822265625,1525.440673828125,3039.763916015625,282.6538391113281,57.2066535949707,-3.6111855479248334e-06,0,0,2579.112060546875,1301.4248046875,0,22.877948760986328,2287.438232421875,11.930574417114258,11.93720531463623,767.57666015625,1529.3995361328125,51.43373489379883,51.45766067504883,85.0,0,0,345.6103515625,0,7.924896240234375,23.12103271484375,23.17491340637207,0,1.034000039100647,0.9067617654800415,50,2.799999952316284,2.7198548316955566,0,0,0,0,314.99998519276,0,0,0,0.06271097809076309,0.0927291065454483,-0.1553436517715454,9.642653458286077e-05,84.57278442382812,84.56333923339844,713.8231811523438,713.8157348632812,713.8157348632812,510.9651794433594,0,0,22.877948760986328,0.0010999999940395355,0.02200000174343586,0.03299999609589577,0.04399999603629112,5655.8173828125,114276.53125,0.0429663360118866,0,3.1392715754918754e-05,414.2330017089844,0,0.0002616529818624258,2.8350639695418067e-05,0,0,23.700000762939453,0,0,1600,0,50,0,0,0,50,50,800,0.0,0.0,0.0,0.0
228,156.70664978027344,308.1100158691406,322.4864807128906,322.4326477050781,293.7654724121094,293.81939697265625,16515.818359375,33031.63671875,71.11426544189453,71.1144027709961,1490.8583984375,2969.328369140625,1525.446533203125,3039.75830078125,282.65069580078125,57.19868469238281,-4.8626225179759786e-06,0,0,2579.11181640625,1301.4039306640625,0,22.901193618774414,2287.537353515625,11.92873477935791,11.935333251953125,767.6066284179688,1529.4599609375,51.409141540527344,51.43259048461914,85.0,0,0,345.6103820800781,0,7.924896240234375,23.12391471862793,23.177762985229492,0,1.034000039100647,0.9067617654800415,50,2.799999952316284,2.7197370529174805,0,0,0,0,314.99998519276,0,0,0,0.0628952607512474,0.0927111878991127,-0.15551699697971344,8.945279114414006e-05,84.57553100585938,84.56700134277344,713.8369750976562,713.8302612304688,713.8302612304688,510.97088623046875,0,0,22.901193618774414,0.0010999999940395355,0.02200000174343586,0.03299999609589577,0.04399999603629112,5655.8173828125,114276.53125,0.0429663360118866,0,3.1392715754918754e-05,416.0538024902344,0,0.0002616529818624258,2.8350639695418067e-05,0,0,23.700000762939453,0,0,1600,0,50,0,0,0,50,50,800,0.0,0.0,0.0,0.0
229,156.70677185058594,308.1069641113281,322.48370361328125,322.4298400878906,293.7618713378906,293.8157958984375,16515.818359375,33031.63671875,71.11067199707031,71.11080932617188,1491.075439453125,2969.770263671875,1525.44580078125,3039.759033203125,282.64752197265625,57.190757751464844,2.7702563443199324e-07,0,0,2579.111572265625,1301.3831787109375,0,22.92426109313965,2287.62841796875,11.926907539367676,11.933473587036133,767.6353759765625,1529.5181884765625,51.384742736816406,51.40774154663086,85.0,0,0,345.6104736328125,0,7.924896240234375,23.12676429748535,23.18061065673828,0,1.034000039100647,0.9067617654800415,50,2.799999952316284,2.7196290493011475,0,0,0,0,314.99998519276,0,0,0,0.06307952851057053,0.09269502013921738,-0.15569032728672028,8.421763777732849e-05,84.57813262939453,84.57036590576172,713.8494262695312,713.8433227539062,713.8433227539062,510.97589111328125,0,0,22.92426109313965,0.0010999999940395355,0.02200000174343586,0.03299999609589577,0.04399999603629112,5655.8173828125,114276.53125,0.0429663360118866,0,3.1392715754918754e-05,417.8746032714844,0,0.0002616529818624258,2.8350639695418067e-05,0,0,23.700000762939453,0,0,1600,0,50,0,0,0,50,50,800,0.0,0.0,0.0,0.0
230,156.7069091796875,308.1039123535156,322.48089599609375,322.4270324707031,293.7584228515625,293.8122863769531,16515.818359375,33031.63671875,71.10710906982422,71.10725402832031,1491.2945556640625,2970.217529296875,1525.443359375,3039.761474609375,282.6444091796875,57.182865142822266,1.000888616431439e-08,0,0,2579.111328125,1301.362548828125,0,22.951263427734375,2287.713134765625,11.925090789794922,11.931625366210938,767.6618041992188,1529.574462890625,51.36051940917969,51.38312530517578,85.0,0,0,345.61053466796875,0,7.924896240234375,23.12964630126953,23.18349266052246,0,1.034000039100647,0.9067617654800415,50,2.799999952316284,2.7195281982421875,0,0,0,0,314.99998519276,0,0,0,0.06326377391815186,0.0926801934838295,-0.1558636575937271,8.030459139263257e-05,84.5806655883789,84.57350158691406,713.8609619140625,713.8553466796875,713.8553466796875,510.9803771972656,0,0,22.951263427734375,0.0010999999940395355,0.02200000174343586,0.03299999609589577,0.04399999603629112,5655.8173828125,114276.53125,0.0429663360118866,0,3.1392715754918754e-05,419.6954040527344,0,0.0002616529818624258,2.8350639695418067e-05,0,0,23.700000762939453,0,0,1600,0,50,0,0,0,50,50,800,0.0,0.0,0.0,0.0
231,156.70706176757812,308.1008605957031,322.47802734375,322.4242248535156,293.75494384765625,293.808837890625,16515.818359375,33031.63671875,71.10359191894531,71.10372924804688,1491.5155029296875,2970.671142578125,1525.443359375,3039.761474609375,282.64129638671875,57.174991607666016,2.648030886120978e-06,0,0,2579.110595703125,1301.342041015625,0,22.97812843322754,2287.79296875,11.923287391662598,11.929789543151855,767.6880493164062,1529.626708984375,51.336429595947266,51.35873031616211,85.0,0,0,345.610595703125,0,7.924896240234375,23.1325626373291,23.18637466430664,0,1.034000039100647,0.9067617654800415,50,2.799999952316284,2.719433307647705,0,0,0,0,314.99998519276,0,0,0,0.06344801932573318,0.09266654402017593,-0.15603700280189514,7.756352715659887e-05,84.5831527709961,84.57644653320312,713.8717041015625,713.8663940429688,713.8663940429688,510.984375,0,0,22.97812843322754,0.0010999999940395355,0.02200000174343586,0.03299999609589577,0.04399999603629112,5655.8173828125,114276.53125,0.0429663360118866,0,3.1392715754918754e-05,421.5162048339844,0,0.0002616529818624258,2.8350639695418067e-05,0,0,23.700000762939453,0,0,1600,0,50,0,0,0,50,50,800,0.0,0.0,0.0,0.0
232,156.7072296142578,308.0977478027344,322.4752197265625,322.4214172363281,293.75152587890625,293.805419921875,16515.818359375,33031.63671875,71.10009765625,71.10023498535156,1491.74169921875,2971.130615234375,1525.443359375,3039.761474609375,282.63818359375,57.16715621948242,4.6039571088840603e-07,0,0,2579.1103515625,1301.3212890625,0,23.003564834594727,2287.869140625,11.921494483947754,11.92796516418457,767.7127075195312,1529.6759033203125,51.312644958496094,51.33444595336914,85.0,0,0,345.61065673828125,0,7.924896240234375,23.13544464111328,23.18925666809082,0,1.034000039100647,0.9067617654800415,50,2.799999952316284,2.7193429470062256,0,0,0,0,314.99998519276,0,0,0,0.06363634765148163,0.09265363961458206,-0.15621033310890198,7.965080294525251e-05,84.58568572998047,84.57926177978516,713.8818969726562,713.8768310546875,713.8768310546875,510.9880676269531,0,0,23.003564834594727,0.0010999999940395355,0.02200000174343586,0.03299999609589577,0.04399999603629112,5655.8173828125,114276.53125,0.0429663360118866,0,3.1392715754918754e-05,423.3370056152344,0,0.0002616529818624258,2.8350639695418067e-05,0,0,23.700000762939453,0,0,1600,0,50,0,0,0,50,50,800,0.0,0.0,0.0,0.0
233,156.7073974609375,308.0946350097656,322.4723815917969,322.4185485839844,293.7481384277344,293.802001953125,16515.818359375,33031.63671875,71.09662628173828,71.09674835205078,1491.9705810546875,2971.59619140625,1525.4425048828125,3039.76220703125,282.6351013183594,57.15932083129883,-1.7272394643441658e-06,0,0,2579.10986328125,1301.300537109375,0,23.031593322753906,2287.94384765625,11.919713973999023,11.926154136657715,767.7346801757812,1529.720947265625,51.2889518737793,51.31037521362305,85.0,0,0,345.61077880859375,0,7.924896240234375,23.138395309448242,23.19220733642578,0,1.034000039100647,0.9067617654800415,50,2.799999952316284,2.7192540168762207,0,0,0,0,314.99998519276,0,0,0,0.06382465362548828,0.09264116734266281,-0.15638367831707,8.21497305878438e-05,84.58847045898438,84.58202362060547,713.8920288085938,713.886962890625,713.886962890625,510.9915771484375,0,0,23.031593322753906,0.0010999999940395355,0.02200000174343586,0.03299999609589577,0.04399999603629112,5655.8173828125,114276.53125,0.0429663360118866,0,3.1392715754918754e-05,425.1578063964844,0,0.0002616529818624258,2.8350639695418067e-05,0,0,23.700000762939453,0,0,1600,0,50,0,0,0,50,50,800,0.0,0.0,0.0,0.0
234,156.7075958251953,308.09149169921875,322.4695129394531,322.41571044921875,293.7447509765625,293.7985534667969,16515.818359375,33031.63671875,71.09314727783203,71.0932846069336,1492.2034912109375,2972.067626953125,1525.4422607421875,3039.762451171875,282.6319885253906,57.151519775390625,1.3141951740180957e-06,0,0,2579.109130859375,1301.280029296875,0,23.059600830078125,2288.01904296875,11.917945861816406,11.924355506896973,767.7572021484375,1529.7662353515625,51.265506744384766,51.28643035888672,85.0,0,0,345.6108703613281,0,7.924896240234375,23.14134407043457,23.195158004760742,0,1.034000039100647,0.9067617654800415,50,2.799999952316284,2.7191646099090576,0,0,0,0,314.99998519276,0,0,0,0.06401295959949493,0.09262851625680923,-0.15655700862407684,8.446462743449956e-05,84.59136962890625,84.58480834960938,713.90234375,713.8971557617188,713.8971557617188,510.9951171875,0,0,23.059600830078125,0.0010999999940395355,0.02200000174343586,0.03299999609589577,0.04399999603629112,5655.8173828125,114276.53125,0.0429663360118866,0,3.1392715754918754e-05,426.9786071777344,0,0.0002616529818624258,2.8350639695418067e-05,0,0,23.700000762939453,0,0,1600,0,50,0,0,0,50,50,800,0.0,0.0,0.0,0.0
235,156.70782470703125,308.08837890625,322.46661376953125,322.4128112792969,293.74139404296875,293.7951965332031,16515.818359375,33031.63671875,71.0896987915039,71.08983612060547,1492.437744140625,2972.548583984375,1525.440673828125,3039.76416015625,282.6289367675781,57.14374923706055,-1.6320431086569442e-06,0,0,2579.1083984375,1301.259521484375,0,23.08477020263672,2288.094970703125,11.916190147399902,11.922568321228027,767.7791748046875,1529.8125,51.242069244384766,51.262699127197266,85.0,0,0,345.6109619140625,0,7.924896240234375,23.14436149597168,23.19817543029785,0,1.034000039100647,0.9067617654800415,50,2.799999952316284,2.719074249267578,0,0,0,0,314.99998519276,0,0,0,0.0642012357711792,0.09261570125818253,-0.15673033893108368,8.659549348521978e-05,84.5943832397461,84.58761596679688,713.9129028320312,713.9075317382812,713.9075317382812,510.9987487792969,0,0,23.08477020263672,0.0010999999940395355,0.02200000174343586,0.03299999609589577,0.04399999603629112,5655.8173828125,114276.53125,0.0429663360118866,0,3.1392715754918754e-05,428.7994079589844,0,0.0002616529818624258,2.8350639695418067e-05,0,0,23.700000762939453,0,0,1600,0,50,0,0,0,50,50,800,0.0,0.0,0.0,0.0
236,156.7080535888672,308.08526611328125,322.46368408203125,322.409912109375,293.738037109375,293.7918395996094,16515.818359375,33031.63671875,71.08626556396484,71.08638763427734,1492.6768798828125,2973.0361328125,1525.446044921875,3039.7587890625,282.6258544921875,57.136009216308594,6.978088862297227e-08,0,0,2579.10791015625,1301.23876953125,0,23.109825134277344,2288.17333984375,11.914444923400879,11.920792579650879,767.800537109375,1529.8563232421875,51.21881866455078,51.239070892333984,85.0,0,0,345.611083984375,0,7.924896240234375,23.147380828857422,23.20115852355957,0,1.034000039100647,0.9067617654800415,50,2.799999952316284,2.7189810276031494,0,0,0,0,314.99998519276,0,0,0,0.06438951194286346,0.09260238707065582,-0.1569036841392517,8.821785741019994e-05,84.59744262695312,84.59051513671875,713.9237670898438,713.9183349609375,713.9183349609375,511.0025939941406,0,0,23.109825134277344,0.0010999999940395355,0.02200000174343586,0.03299999609589577,0.04399999603629112,5655.8173828125,114276.53125,0.0429663360118866,0,3.1392715754918754e-05,430.6202087402344,0,0.0002616529818624258,2.8350639695418067e-05,0,0,23.700000762939453,0,0,1600,0,50,0,0,0,50,50,800,0.0,0.0,0.0,0.0
237,156.7083282470703,308.0821533203125,322.4608154296875,322.40704345703125,293.73468017578125,293.7884521484375,16515.818359375,33031.63671875,71.08283233642578,71.08296203613281,1492.9193115234375,2973.529296875,1525.4442138671875,3039.760498046875,282.622802734375,57.12831115722656,-2.4730447876208927e-06,0,0,2579.107177734375,1301.2183837890625,0,23.136110305786133,2288.253173828125,11.912714958190918,11.919031143188477,767.8211669921875,1529.9000244140625,51.19582748413086,51.215576171875,85.0,0,0,345.6112060546875,0,7.924896240234375,23.15039825439453,23.20417594909668,0,1.034000039100647,0.9067617654800415,50,2.799999952316284,2.718886375427246,0,0,0,0,314.99998519276,0,0,0,0.06457777321338654,0.09258881211280823,-0.15707701444625854,8.956901729106903e-05,84.60054779052734,84.59346008300781,713.9348754882812,713.9293212890625,713.9293212890625,511.00653076171875,0,0,23.136110305786133,0.0010999999940395355,0.02200000174343586,0.03299999609589577,0.04399999603629112,5655.8173828125,114276.53125,0.0429663360118866,0,3.1392715754918754e-05,432.4410095214844,0,0.0002616529818624258,2.8350639695418067e-05,0,0,23.700000762939453,0,0,1600,0,50,0,0,0,50,50,800,0.0,0.0,0.0,0.0
238,156.70860290527344,308.07904052734375,322.4578857421875,322.40411376953125,293.7313537597656,293.7851257324219,16515.818359375,33031.63671875,71.07941436767578,71.07955169677734,1493.1636962890625,2974.030029296875,1525.4381103515625,3039.7666015625,282.6197814941406,57.120643615722656,-3.678081839098013e-07,0,0,2579.1064453125,1301.197998046875,0,23.159536361694336,2288.333740234375,11.910995483398438,11.917282104492188,767.842529296875,1529.9425048828125,51.17282485961914,51.19231414794922,85.0,0,0,345.6113586425781,0,7.924896240234375,23.15345001220703,23.20722770690918,0,1.034000039100647,0.9067617654800415,50,2.799999952316284,2.7187905311584473,0,0,0,0,314.99998519276,0,0,0,0.06476601958274841,0.09257500618696213,-0.15725035965442657,9.066834900295362e-05,84.60367584228516,84.59644317626953,713.9462280273438,713.9404907226562,713.9404907226562,511.01055908203125,0,0,23.159536361694336,0.0010999999940395355,0.02200000174343586,0.03299999609589577,0.04399999603629112,5655.8173828125,114276.53125,0.0429663360118866,0,3.1392715754918754e-05,434.2618103027344,0,0.0002616529818624258,2.8350639695418067e-05,0,0,23.700000762939453,0,0,1600,0,50,0,0,0,50,50,800,0.0,0.0,0.0,0.0
239,156.70892333984375,308.075927734375,322.4549865722656,322.4012145996094,293.72802734375,293.78179931640625,16515.818359375,33031.63671875,71.07600402832031,71.07614135742188,1493.4117431640625,2974.5361328125,1525.4432373046875,3039.761474609375,282.61676025390625,57.11302185058594,-1.9262135992903495e-06,0,0,2579.105224609375,1301.177734375,0,23.182825088500977,2288.416015625,11.909290313720703,11.915546417236328,767.863037109375,1529.9849853515625,51.15006637573242,51.16917419433594,85.0,0,0,345.61151123046875,0,7.924896240234375,23.156536102294922,23.21031379699707,0,1.034000039100647,0.9067617654800415,50,2.799999952316284,2.7186930179595947,0,0,0,0,314.99998519276,0,0,0,0.06495220959186554,0.09256084263324738,-0.1574236899614334,8.936077210819349e-05,84.60682678222656,84.59947967529297,713.957763671875,713.9519653320312,713.9519653320312,511.01470947265625,0,0,23.182825088500977,0.0010999999940395355,0.02200000174343586,0.03299999609589577,0.04399999603629112,5655.8173828125,114276.53125,0.0429663360118866,0,3.1392715754918754e-05,436.0826110839844,0,0.0002616529818624258,2.8350639695418067e-05,0,0,23.700000762939453,0,0,1600,0,50,0,0,0,50,50,800,0.0,0.0,0.0,0.0
240,156.7092742919922,308.0728759765625,322.4520568847656,322.3982849121094,293.7247314453125,293.77850341796875,16515.818359375,33031.63671875,71.07261657714844,71.07273864746094,1493.662109375,2975.047119140625,1525.436279296875,3039.768310546875,282.6137390136719,57.105445861816406,3.4874744869739516e-06,0,0,2579.1044921875,1301.1573486328125,0,23.20595932006836,2288.498046875,11.907597541809082,11.913824081420898,767.8862915039062,1530.032470703125,51.12747573852539,51.146209716796875,85.0,0,0,345.6116943359375,0,7.924896240234375,23.15962028503418,23.21339988708496,0,1.034000039100647,0.9067617654800415,50,2.799999952316284,2.718595504760742,0,0,0,0,314.99998519276,0,0,0,0.06513633579015732,0.09254660457372665,-0.15759702026844025,8.591264486312866e-05,84.60974884033203,84.6025161743164,713.9691772460938,713.9635009765625,713.9635009765625,511.0189514160156,0,0,23.20595932006836,0.0010999999940395355,0.02200000174343586,0.03299999609589577,0.04399999603629112,5655.8173828125,114276.53125,0.0429663360118866,0,3.1392715754918754e-05,437.9034118652344,0,0.0002616529818624258,2.8350639695418067e-05,0,0,23.700000762939453,0,0,1600,0,50,0,0,0,50,50,800,0.0,0.0,0.0,0.0
241,156.70965576171875,308.06982421875,322.44915771484375,322.3954162597656,293.7214660644531,293.7751770019531,16515.818359375,33031.63671875,71.06922912597656,71.0693588256836,1493.91650390625,2975.56298828125,1525.4417724609375,3039.762939453125,282.61077880859375,57.097923278808594,-4.2361989471828565e-06,0,0,2579.103271484375,1301.137451171875,0,23.227550506591797,2288.5791015625,11.90591812133789,11.912114143371582,767.9085693359375,1530.077880859375,51.105098724365234,51.12338638305664,85.0,0,0,345.6118469238281,0,7.924896240234375,23.16270637512207,23.21645164489746,0,1.034000039100647,0.9067617654800415,50,2.799999952316284,2.718499183654785,0,0,0,0,314.99998519276,0,0,0,0.0653204470872879,0.09253261983394623,-0.15777036547660828,8.270666148746386e-05,84.61249542236328,84.60551452636719,713.9803466796875,713.974853515625,713.974853515625,511.0231018066406,0,0,23.227550506591797,0.0010999999940395355,0.02200000174343586,0.03299999609589577,0.04399999603629112,5655.8173828125,114276.53125,0.0429663360118866,0,3.1392715754918754e-05,439.7242126464844,0,0.0002616529818624258,2.8350639695418067e-05,0,0,23.700000762939453,0,0,1600,0,50,0,0,0,50,50,800,0.0,0.0,0.0,0.0
242,156.71005249023438,308.0667724609375,322.44622802734375,322.3924865722656,293.71820068359375,293.77191162109375,16515.818359375,33031.63671875,71.06585693359375,71.06598663330078,1494.1717529296875,2976.0830078125,1525.43359375,3039.771240234375,282.6077880859375,57.090423583984375,2.1619096060021548e-06,0,0,2579.1025390625,1301.1171875,0,23.253032684326172,2288.657470703125,11.904251098632812,11.910418510437012,767.9309692382812,1530.125732421875,51.08290100097656,51.10078811645508,85.0,0,0,345.612060546875,0,7.924896240234375,23.16582679748535,23.219572067260742,0,1.034000039100647,0.9067617654800415,50,2.799999952316284,2.7184059619903564,0,0,0,0,314.99998519276,0,0,0,0.06550455838441849,0.09251922369003296,-0.1579436957836151,8.008182339835912e-05,84.61511993408203,84.60841369628906,713.990966796875,713.9856567382812,713.9856567382812,511.0270080566406,0,0,23.253032684326172,0.0010999999940395355,0.02200000174343586,0.03299999609589577,0.04399999603629112,5655.8173828125,114276.53125,0.0429663360118866,0,3.1392715754918754e-05,441.5450134277344,0,0.0002616529818624258,2.8350639695418067e-05,0,0,23.700000762939453,0,0,1600,0,50,0,0,0,50,50,800,0.0,0.0,0.0,0.0
243,156.71047973632812,308.063720703125,322.4433288574219,322.3895568847656,293.7149353027344,293.7686462402344,16515.818359375,33031.63671875,71.0625,71.0626220703125,1494.42822265625,2976.6083984375,1525.4393310546875,3039.765380859375,282.6048583984375,57.08298110961914,-3.996335635747528e-06,0,0,2579.10107421875,1301.096923828125,0,23.274333953857422,2288.733642578125,11.902599334716797,11.908736228942871,767.9528198242188,1530.1697998046875,51.0608024597168,51.078426361083984,85.0,0,0,345.6122741699219,0,7.924896240234375,23.1689453125,23.22269058227539,0,1.034000039100647,0.9067617654800415,50,2.799999952316284,2.718315601348877,0,0,0,0,314.99998519276,0,0,0,0.06568864732980728,0.09250631928443909,-0.15811704099178314,7.793642726028338e-05,84.61768341064453,84.6112289428711,714.001220703125,713.9961547851562,713.9961547851562,511.03070068359375,0,0,23.274333953857422,0.0010999999940395355,0.02200000174343586,0.03299999609589577,0.04399999603629112,5655.8173828125,114276.53125,0.0429663360118866,0,3.1392715754918754e-05,443.3658142089844,0,0.0002616529818624258,2.8350639695418067e-05,0,0,23.700000762939453,0,0,1600,0,50,0,0,0,50,50,800,0.0,0.0,0.0,0.0
244,156.71090698242188,308.0606689453125,322.4404296875,322.3866882324219,293.7117004394531,293.7654113769531,16515.818359375,33031.63671875,71.05914306640625,71.05927276611328,1494.6876220703125,2977.13671875,1525.439208984375,3039.765625,282.6018981933594,57.075565338134766,4.548208380583674e-06,0,0,2579.099609375,1301.0767822265625,0,23.300888061523438,2288.807861328125,11.900959968566895,11.90706729888916,767.9757080078125,1530.215576171875,51.03902053833008,51.05619430541992,85.0,0,0,345.61248779296875,0,7.924896240234375,23.17206573486328,23.225811004638672,0,1.034000039100647,0.9067617654800415,50,2.799999952316284,2.7182273864746094,0,0,0,0,314.99998519276,0,0,0,0.06587272882461548,0.09249384701251984,-0.15829037129878998,7.620752148795873e-05,84.62020111083984,84.61396789550781,714.0111083984375,714.0062255859375,714.0062255859375,511.0342102050781,0,0,23.300888061523438,0.0010999999940395355,0.02200000174343586,0.03299999609589577,0.04399999603629112,5655.8173828125,114276.53125,0.0429663360118866,0,3.1392715754918754e-05,445.1866149902344,0,0.0002616529818624258,2.8350639695418067e-05,0,0,23.700000762939453,0,0,1600,0,50,0,0,0,50,50,800,0.0,0.0,0.0,0.0
245,156.7113800048828,308.0576171875,322.4375305175781,322.3838195800781,293.70843505859375,293.76214599609375,16515.818359375,33031.63671875,71.05579376220703,71.05592346191406,1494.9486083984375,2977.66845703125,1525.438232421875,3039.7666015625,282.5989990234375,57.06817626953125,-4.111662747163791e-06,0,0,2579.09814453125,1301.0567626953125,0,23.32596778869629,2288.879638671875,11.899333953857422,11.905412673950195,767.9970703125,1530.2596435546875,51.017398834228516,51.0341796875,85.0,0,0,345.61273193359375,0,7.924896240234375,23.17521858215332,23.22892951965332,0,1.034000039100647,0.9067617654800415,50,2.799999952316284,2.71814227104187,0,0,0,0,314.99998519276,0,0,0,0.06605680286884308,0.09248186647891998,-0.15846370160579681,7.495805766666308e-05,84.62268829345703,84.61662292480469,714.0206909179688,714.0159301757812,714.0159301757812,511.03753662109375,0,0,23.32596778869629,0.0010999999940395355,0.02200000174343586,0.03299999609589577,0.04399999603629112,5655.8173828125,114276.53125,0.0429663360118866,0,3.1392715754918754e-05,447.0074157714844,0,0.0002616529818624258,2.8350639695418067e-05,0,0,23.700000762939453,0,0,1600,0,50,0,0,0,50,50,800,0.0,0.0,0.0,0.0
246,156.71185302734375,308.0545654296875,322.43463134765625,322.38092041015625,293.7051696777344,293.7588806152344,16515.818359375,33031.63671875,71.0524673461914,71.0525894165039,1495.2125244140625,2978.205322265625,1525.4371337890625,3039.767578125,282.5960693359375,57.060821533203125,3.093270606768783e-06,0,0,2579.09716796875,1301.03662109375,0,23.348228454589844,2288.950439453125,11.897720336914062,11.90377140045166,768.0184326171875,1530.3038330078125,50.995914459228516,51.012351989746094,85.0,0,0,345.61297607421875,0,7.924896240234375,23.1783390045166,23.2320499420166,0,1.034000039100647,0.9067617654800415,50,2.799999952316284,2.7180581092834473,0,0,0,0,314.99998519276,0,0,0,0.06624085456132889,0.09247013181447983,-0.15863704681396484,7.394589920295402e-05,84.62516021728516,84.6192398071289,714.0300903320312,714.0254516601562,714.0254516601562,511.040771484375,0,0,23.348228454589844,0.0010999999940395355,0.02200000174343586,0.03299999609589577,0.04399999603629112,5655.8173828125,114276.53125,0.0429663360118866,0,3.1392715754918754e-05,448.8282165527344,0,0.0002616529818624258,2.8350639695418067e-05,0,0,23.700000762939453,0,0,1600,0,50,0,0,0,50,50,800,0.0,0.0,0.0,0.0
247,156.7123565673828,308.051513671875,322.4317321777344,322.3780517578125,293.70196533203125,293.7556457519531,16515.818359375,33031.63671875,71.04913330078125,71.04925537109375,1495.477294921875,2978.745849609375,1525.436279296875,3039.7685546875,282.5931701660156,57.053489685058594,3.1485158160649007e-06,0,0,2579.095458984375,1301.0164794921875,0,23.374448776245117,2289.02001953125,11.896121978759766,11.902143478393555,768.0399780273438,1530.3480224609375,50.974639892578125,50.99071502685547,85.0,0,0,345.61322021484375,0,7.924896240234375,23.18149185180664,23.23516845703125,0,1.034000039100647,0.9067617654800415,50,2.799999952316284,2.717975616455078,0,0,0,0,314.99998519276,0,0,0,0.0664248988032341,0.09245866537094116,-0.15881037712097168,7.318556163227186e-05,84.62761688232422,84.62181091308594,714.0392456054688,714.0347290039062,714.0347290039062,511.04388427734375,0,0,23.374448776245117,0.0010999999940395355,0.02200000174343586,0.03299999609589577,0.04399999603629112,5655.8173828125,114276.53125,0.0429663360118866,0,3.1392715754918754e-05,450.6490173339844,0,0.0002616529818624258,2.8350639695418067e-05,0,0,23.700000762939453,0,0,1600,0,50,0,0,0,50,50,800,0.0,0.0,0.0,0.0
248,156.71286010742188,308.04840087890625,322.4288024902344,322.3751220703125,293.69873046875,293.7524108886719,16515.818359375,33031.63671875,71.0457992553711,71.0459213256836,1495.743896484375,2979.29052734375,1525.4351806640625,3039.76953125,282.5903015136719,57.046180725097656,-3.945927346649114e-06,0,0,2579.09423828125,1300.996337890625,0,23.397850036621094,2289.088623046875,11.894536972045898,11.900529861450195,768.0603637695312,1530.3902587890625,50.95355224609375,50.96926498413086,85.0,0,0,345.6134948730469,0,7.924896240234375,23.18467903137207,23.23835563659668,0,1.034000039100647,0.9067617654800415,50,2.799999952316284,2.7178940773010254,0,0,0,0,314.99998519276,0,0,0,0.06661301851272583,0.0924474447965622,-0.1589837223291397,7.674507651245221e-05,84.63014221191406,84.62435150146484,714.04833984375,714.0438232421875,714.0438232421875,511.0469055175781,0,0,23.397850036621094,0.0010999999940395355,0.02200000174343586,0.03299999609589577,0.04399999603629112,5655.8173828125,114276.53125,0.0429663360118866,0,3.1392715754918754e-05,452.4698181152344,0,0.0002616529818624258,2.8350639695418067e-05,0,0,23.700000762939453,0,0,1600,0,50,0,0,0,50,50,800,0.0,0.0,0.0,0.0
249,156.71340942382812,308.0452880859375,322.4258728027344,322.3722229003906,293.6955261230469,293.7491455078125,16515.818359375,33031.63671875,71.04246520996094,71.04259490966797,1496.012939453125,2979.838134765625,1525.4324951171875,3039.772216796875,282.58740234375,57.038902282714844,4.243426701577846e-06,0,0,2579.092529296875,1300.9759521484375,0,23.42252540588379,2289.157958984375,11.892964363098145,11.898930549621582,768.0784301757812,1530.43017578125,50.93262481689453,50.9480094909668,85.0,0,0,345.6137390136719,0,7.924896240234375,23.1878662109375,23.241544723510742,0,1.034000039100647,0.9067617654800415,50,2.799999952316284,2.7178118228912354,0,0,0,0,314.99998519276,0,0,0,0.06680112332105637,0.09243613481521606,-0.15915705263614655,8.021257963264361e-05,84.63291931152344,84.62690734863281,714.0576782226562,714.052978515625,714.052978515625,511.0498962402344,0,0,23.42252540588379,0.0010999999940395355,0.02200000174343586,0.03299999609589577,0.04399999603629112,5655.8173828125,114276.53125,0.0429663360118866,0,3.1392715754918754e-05,454.2906188964844,0,0.0002616529818624258,2.8350639695418067e-05,0,0,23.700000762939453,0,0,1600,0,50,0,0,0,50,50,800,0.0,0.0,0.0,0.0
250,156.71395874023438,308.04217529296875,322.42291259765625,322.3692626953125,293.69232177734375,293.7459411621094,16515.818359375,33031.63671875,71.03913116455078,71.03926086425781,1496.283203125,2980.390869140625,1525.4312744140625,3039.7734375,282.58453369140625,57.03165054321289,-4.771635758515913e-06,0,0,2579.091064453125,1300.9560546875,0,23.44709014892578,2289.2294921875,11.89140796661377,11.897344589233398,768.09765625,1530.4705810546875,50.91185760498047,50.926910400390625,85.0,0,0,345.614013671875,0,7.924896240234375,23.19112205505371,23.24476432800293,0,1.034000039100647,0.9067617654800415,50,2.799999952316284,2.717726945877075,0,0,0,0,314.99998519276,0,0,0,0.0669892206788063,0.09242431819438934,-0.15933038294315338,8.315220475196838e-05,84.63582611083984,84.62955474853516,714.0674438476562,714.0625,714.0625,511.0531311035156,0,0,23.44709014892578,0.0010999999940395355,0.02200000174343586,0.03299999609589577,0.04399999603629112,5655.8173828125,114276.53125,0.0429663360118866,0,3.1392715754918754e-05,456.1114196777344,0,0.0002616529818624258,2.8350639695418067e-05,0,0,23.700000762939453,0,0,1600,0,50,0,0,0,50,50,800,0.0,0.0,0.0,0.0
251,156.71453857421875,308.0390930175781,322.419921875,322.3663024902344,293.6891174316406,293.7427062988281,16515.818359375,33031.63671875,71.03579711914062,71.03592681884766,1496.55615234375,2980.947265625,1525.4302978515625,3039.7744140625,282.5816650390625,57.024436950683594,2.659115580172511e-06,0,0,2579.089111328125,1300.9359130859375,0,23.468839645385742,2289.30322265625,11.889863967895508,11.895773887634277,768.1171875,1530.5108642578125,50.89126205444336,50.905982971191406,85.0,0,0,345.61431884765625,0,7.924896240234375,23.19441032409668,23.24802017211914,0,1.034000039100647,0.9067617654800415,50,2.799999952316284,2.717639446258545,0,0,0,0,314.99998519276,0,0,0,0.06717526167631149,0.09241200983524323,-0.1595037281513214,8.354448073077947e-05,84.63883972167969,84.63227844238281,714.07763671875,714.072509765625,714.072509765625,511.0565185546875,0,0,23.468839645385742,0.0010999999940395355,0.02200000174343586,0.03299999609589577,0.04399999603629112,5655.8173828125,114276.53125,0.0429663360118866,0,3.1392715754918754e-05,457.9322204589844,0,0.0002616529818624258,2.8350639695418067e-05,0,0,23.700000762939453,0,0,1600,0,50,0,0,0,50,50,800,0.0,0.0,0.0,0.0
252,156.7151336669922,308.0360412597656,322.4169616699219,322.3634033203125,293.6858825683594,293.739501953125,16515.818359375,33031.63671875,71.032470703125,71.0325927734375,1496.8314208984375,2981.508056640625,1525.43115234375,3039.773681640625,282.578857421875,57.01726531982422,-4.790518232766772e-06,0,0,2579.08740234375,1300.91552734375,0,23.49179458618164,2289.37890625,11.888333320617676,11.89421558380127,768.1393432617188,1530.5537109375,50.870849609375,50.885196685791016,85.0,0,0,345.6146240234375,0,7.924896240234375,23.19766616821289,23.25124168395996,0,1.034000039100647,0.9067617654800415,50,2.799999952316284,2.7175495624542236,0,0,0,0,314.99998519276,0,0,0,0.06735923886299133,0.09239919483661652,-0.15967705845832825,8.137487020576373e-05,84.64167785644531,84.63507843017578,714.0880737304688,714.0828857421875,714.0828857421875,511.0601806640625,0,0,23.49179458618164,0.0010999999940395355,0.02200000174343586,0.03299999609589577,0.04399999603629112,5655.8173828125,114276.53125,0.0429663360118866,0,3.1392715754918754e-05,459.7530212402344,0,0.0002616529818624258,2.8350639695418067e-05,0,0,23.700000762939453,0,0,1600,0,50,0,0,0,50,50,800,0.0,0.0,0.0,0.0
253,156.71575927734375,308.0329895019531,322.4140319824219,322.3604736328125,293.6827087402344,293.7362976074219,16515.818359375,33031.63671875,71.02914428710938,71.02926635742188,1497.1072998046875,2982.0712890625,1525.4361572265625,3039.7685546875,282.57598876953125,57.01012420654297,3.0436456199822715e-06,0,0,2579.085693359375,1300.895263671875,0,23.51595687866211,2289.45458984375,11.886818885803223,11.892672538757324,768.161376953125,1530.5994873046875,50.850616455078125,50.86461639404297,85.0,0,0,345.61492919921875,0,7.924896240234375,23.2009220123291,23.25446319580078,0,1.034000039100647,0.9067617654800415,50,2.799999952316284,2.7174596786499023,0,0,0,0,314.99998519276,0,0,0,0.06754320859909058,0.09238637983798981,-0.15985040366649628,7.919557538116351e-05,84.64434814453125,84.63787841796875,714.0983276367188,714.09326171875,714.09326171875,511.0638427734375,0,0,23.51595687866211,0.0010999999940395355,0.02200000174343586,0.03299999609589577,0.04399999603629112,5655.8173828125,114276.53125,0.0429663360118866,0,3.1392715754918754e-05,461.5738220214844,0,0.0002616529818624258,2.8350639695418067e-05,0,0,23.700000762939453,0,0,1600,0,50,0,0,0,50,50,800,0.0,0.0,0.0,0.0
254,156.71640014648438,308.0299377441406,322.4111022949219,322.3575744628906,293.6794738769531,293.7330627441406,16515.818359375,33031.63671875,71.02582550048828,71.02594757080078,1497.3837890625,2982.636962890625,1525.43359375,3039.771240234375,282.5732116699219,57.003021240234375,-4.583583177009132e-06,0,0,2579.083740234375,1300.8751220703125,0,23.53864288330078,2289.52880859375,11.8853178024292,11.891144752502441,768.182373046875,1530.645263671875,50.83056640625,50.84425354003906,85.0,0,0,345.615234375,0,7.924896240234375,23.204143524169922,23.2576847076416,0,1.034000039100647,0.9067617654800415,50,2.799999952316284,2.717371702194214,0,0,0,0,314.99998519276,0,0,0,0.06772716343402863,0.09237390756607056,-0.1600237339735031,7.733591337455437e-05,84.64691925048828,84.64061737060547,714.1082763671875,714.1033325195312,714.1033325195312,511.0673828125,0,0,23.53864288330078,0.0010999999940395355,0.02200000174343586,0.03299999609589577,0.04399999603629112,5655.8173828125,114276.53125,0.0429663360118866,0,3.1392715754918754e-05,463.3946228027344,0,0.0002616529818624258,2.8350639695418067e-05,0,0,23.700000762939453,0,0,1600,0,50,0,0,0,50,50,800,0.0,0.0,0.0,0.0
255,156.71707153320312,308.0268859863281,322.4082336425781,322.35467529296875,293.67620849609375,293.72979736328125,16515.818359375,33031.63671875,71.02251434326172,71.02262878417969,1497.6634521484375,2983.2041015625,1525.434814453125,3039.77001953125,282.57037353515625,56.995941162109375,1.9109695585939335e-06,0,0,2579.08203125,1300.8551025390625,0,23.56119728088379,2289.601318359375,11.883830070495605,11.889631271362305,768.2050170898438,1530.6883544921875,50.8108024597168,50.824031829833984,85.0,0,0,345.6155700683594,0,7.924896240234375,23.207365036010742,23.260906219482422,0,1.034000039100647,0.9067617654800415,50,2.799999952316284,2.717285394668579,0,0,0,0,314.99998519276,0,0,0,0.06791111081838608,0.09236176311969757,-0.16019706428050995,7.580071542179212e-05,84.64944458007812,84.64330291748047,714.1179809570312,714.1131591796875,714.1131591796875,511.0707702636719,0,0,23.56119728088379,0.0010999999940395355,0.02200000174343586,0.03299999609589577,0.04399999603629112,5655.8173828125,114276.53125,0.0429663360118866,0,3.1392715754918754e-05,465.2154235839844,0,0.0002616529818624258,2.8350639695418067e-05,0,0,23.700000762939453,0,0,1600,0,50,0,0,0,50,50,800,0.0,0.0,0.0,0.0
256,156.71774291992188,308.0238037109375,322.4052734375,322.3517761230469,293.6730041503906,293.7265625,16515.818359375,33031.63671875,71.01919555664062,71.0193099975586,1497.942626953125,2983.7734375,1525.4337158203125,3039.77099609375,282.5675964355469,56.98889923095703,3.579864824132528e-06,0,0,2579.079833984375,1300.8349609375,0,23.58229637145996,2289.672607421875,11.882357597351074,11.888132095336914,768.22607421875,1530.7320556640625,50.791133880615234,50.80406951904297,85.0,0,0,345.6159362792969,0,7.924896240234375,23.21065330505371,23.26416015625,0,1.034000039100647,0.9067617654800415,50,2.799999952316284,2.717200994491577,0,0,0,0,314.99998519276,0,0,0,0.0680970847606659,0.09234995394945145,-0.16037040948867798,7.66336961532943e-05,84.65192413330078,84.64593505859375,714.1275024414062,714.1227416992188,714.1227416992188,511.07403564453125,0,0,23.58229637145996,0.0010999999940395355,0.02200000174343586,0.03299999609589577,0.04399999603629112,5655.8173828125,114276.53125,0.0429663360118866,0,3.1392715754918754e-05,467.0362243652344,0,0.0002616529818624258,2.8350639695418067e-05,0,0,23.700000762939453,0,0,1600,0,50,0,0,0,50,50,800,0.0,0.0,0.0,0.0
257,156.7184600830078,308.020751953125,322.40234375,322.3488464355469,293.6697998046875,293.7233581542969,16515.818359375,33031.63671875,71.01587677001953,71.01599884033203,1498.2232666015625,2984.344970703125,1525.4312744140625,3039.7734375,282.5648193359375,56.98188400268555,-1.3199202157920809e-06,0,0,2579.077880859375,1300.8148193359375,0,23.607330322265625,2289.74365234375,11.880899429321289,11.886649131774902,768.2460327148438,1530.7755126953125,50.771697998046875,50.78428649902344,85.0,0,0,345.6163024902344,0,7.924896240234375,23.21394157409668,23.2674503326416,0,1.034000039100647,0.9067617654800415,50,2.799999952316284,2.717116594314575,0,0,0,0,314.99998519276,0,0,0,0.06828100234270096,0.09233822673559189,-0.16054373979568481,7.548592839157209e-05,84.65452575683594,84.6485595703125,714.1369018554688,714.1322631835938,714.1322631835938,511.0772399902344,0,0,23.607330322265625,0.0010999999940395355,0.02200000174343586,0.03299999609589577,0.04399999603629112,5655.8173828125,114276.53125,0.0429663360118866,0,3.1392715754918754e-05,468.8570251464844,0,0.0002616529818624258,2.8350639695418067e-05,0,0,23.700000762939453,0,0,1600,0,50,0,0,0,50,50,800,0.0,0.0,0.0,0.0
258,156.7191619873047,308.0176086425781,322.3994445800781,322.3459167480469,293.66656494140625,293.7200927734375,16515.818359375,33031.63671875,71.01256561279297,71.01268005371094,1498.5052490234375,2984.9189453125,1525.4315185546875,3039.773193359375,282.56207275390625,56.97489547729492,-2.1526509499381064e-06,0,0,2579.075927734375,1300.7943115234375,0,23.630910873413086,2289.813720703125,11.879453659057617,11.88517951965332,768.2671508789062,1530.8170166015625,50.75239181518555,50.764713287353516,85.0,0,0,345.6166687011719,0,7.924896240234375,23.21723175048828,23.27073860168457,0,1.034000039100647,0.9067617654800415,50,2.799999952316284,2.7170333862304688,0,0,0,0,314.99998519276,0,0,0,0.06846899539232254,0.09232667088508606,-0.16071708500385284,7.859021570766345e-05,84.65711975097656,84.65115356445312,714.1463012695312,714.1416015625,714.1416015625,511.0804138183594,0,0,23.630910873413086,0.0010999999940395355,0.02200000174343586,0.03299999609589577,0.04399999603629112,5655.8173828125,114276.53125,0.0429663360118866,0,3.1392715754918754e-05,470.6778259277344,0,0.0002616529818624258,2.8350639695418067e-05,0,0,23.700000762939453,0,0,1600,0,50,0,0,0,50,50,800,0.0,0.0,0.0,0.0
259,156.71990966796875,308.0144958496094,322.396484375,322.3429870605469,293.6633605957031,293.7168884277344,16515.818359375,33031.63671875,71.00924682617188,71.00936126708984,1498.7874755859375,2985.495361328125,1525.4288330078125,3039.77587890625,282.5592956542969,56.967933654785156,1.0816726216944517e-06,0,0,2579.073486328125,1300.774169921875,0,23.653039932250977,2289.88427734375,11.87802505493164,11.883723258972168,768.2859497070312,1530.858642578125,50.73331832885742,50.74530792236328,85.0,0,0,345.61700439453125,0,7.924896240234375,23.22052001953125,23.274028778076172,0,1.034000039100647,0.9067617654800415,50,2.799999952316284,2.716949701309204,0,0,0,0,314.99998519276,0,0,0,0.06865698099136353,0.09231502562761307,-0.16089041531085968,8.159279968822375e-05,84.65994262695312,84.65376281738281,714.1558837890625,714.1510009765625,714.1510009765625,511.0835266113281,0,0,23.653039932250977,0.0010999999940395355,0.02200000174343586,0.03299999609589577,0.04399999603629112,5655.8173828125,114276.53125,0.0429663360118866,0,3.1392715754918754e-05,472.4986267089844,0,0.0002616529818624258,2.8350639695418067e-05,0,0,23.700000762939453,0,0,1600,0,50,0,0,0,50,50,800,0.0,0.0,0.0,0.0
260,156.7206573486328,308.01141357421875,322.3935241699219,322.34002685546875,293.66015625,293.713623046875,16515.818359375,33031.63671875,71.00592803955078,71.00605010986328,1499.0716552734375,2986.0732421875,1525.4278564453125,3039.77685546875,282.5565490722656,56.96100616455078,-1.0906688885370386e-06,0,0,2579.0712890625,1300.7540283203125,0,23.676420211791992,2289.957275390625,11.876609802246094,11.882284164428711,768.3048706054688,1530.897705078125,50.714420318603516,50.7260856628418,85.0,0,0,345.6174011230469,0,7.924896240234375,23.223876953125,23.277385711669922,0,1.034000039100647,0.9067617654800415,50,2.799999952316284,2.716862916946411,0,0,0,0,314.99998519276,0,0,0,0.06884290277957916,0.09230288118124008,-0.16106374561786652,8.203350444091484e-05,84.66287994384766,84.65646362304688,714.1658935546875,714.1608276367188,714.1608276367188,511.0869140625,0,0,23.676420211791992,0.0010999999940395355,0.02200000174343586,0.03299999609589577,0.04399999603629112,5655.8173828125,114276.53125,0.0429663360118866,0,3.1392715754918754e-05,474.3194274902344,0,0.0002616529818624258,2.8350639695418067e-05,0,0,23.700000762939453,0,0,1600,0,50,0,0,0,50,50,800,0.0,0.0,0.0,0.0
261,156.721435546875,308.00836181640625,322.3905944824219,322.3370666503906,293.6569519042969,293.71038818359375,16515.818359375,33031.63671875,71.00261688232422,71.00273132324219,1499.3560791015625,2986.6552734375,1525.4283447265625,3039.7763671875,282.5538330078125,56.95410919189453,1.3850518598701456e-06,0,0,2579.069091796875,1300.73388671875,0,23.698301315307617,2290.03173828125,11.87520980834961,11.880857467651367,768.327392578125,1530.94189453125,50.6956787109375,50.70703887939453,85.0,0,0,345.6177978515625,0,7.924896240234375,23.227201461791992,23.28070831298828,0,1.034000039100647,0.9067617654800415,50,2.799999952316284,2.7167749404907227,0,0,0,0,314.99998519276,0,0,0,0.06902677565813065,0.09229040890932083,-0.16123709082603455,8.00915076979436e-05,84.66566467285156,84.65921020507812,714.176025390625,714.1709594726562,714.1709594726562,511.0904541015625,0,0,23.698301315307617,0.0010999999940395355,0.02200000174343586,0.03299999609589577,0.04399999603629112,5655.8173828125,114276.53125,0.0429663360118866,0,3.1392715754918754e-05,476.1402282714844,0,0.0002616529818624258,2.8350639695418067e-05,0,0,23.700000762939453,0,0,1600,0,50,0,0,0,50,50,800,0.0,0.0,0.0,0.0
262,156.7222442626953,308.00531005859375,322.38763427734375,322.33416748046875,293.6537780761719,293.70721435546875,16515.818359375,33031.63671875,70.99929809570312,70.9994125366211,1499.6414794921875,2987.237548828125,1525.42578125,3039.77880859375,282.5511169433594,56.9472541809082,-3.8387710787901597e-07,0,0,2579.066650390625,1300.7137451171875,0,23.72007179260254,2290.105712890625,11.873824119567871,11.879446983337402,768.3488159179688,1530.9886474609375,50.67713928222656,50.68819808959961,85.0,0,0,345.6181945800781,0,7.924896240234375,23.230558395385742,23.28403091430664,0,1.034000039100647,0.9067617654800415,50,2.799999952316284,2.716686964035034,0,0,0,0,314.99998519276,0,0,0,0.06921062618494034,0.09227792173624039,-0.16141042113304138,7.812529656803235e-05,84.66830444335938,84.66194915771484,714.1860961914062,714.1810913085938,714.1810913085938,511.0939636230469,0,0,23.72007179260254,0.0010999999940395355,0.02200000174343586,0.03299999609589577,0.04399999603629112,5655.8173828125,114276.53125,0.0429663360118866,0,3.1392715754918754e-05,477.9610290527344,0,0.0002616529818624258,2.8350639695418067e-05,0,0,23.700000762939453,0,0,1600,0,50,0,0,0,50,50,800,0.0,0.0,0.0,0.0
263,156.7230682373047,308.00225830078125,322.3846740722656,322.33123779296875,293.6505432128906,293.7039794921875,16515.818359375,33031.63671875,70.99597930908203,70.99610137939453,1499.927490234375,2987.8212890625,1525.4248046875,3039.780029296875,282.54840087890625,56.9404296875,2.4952560124802403e-06,0,0,2579.064208984375,1300.693603515625,0,23.74304962158203,2290.17919921875,11.872454643249512,11.878050804138184,768.3703002929688,1531.032958984375,50.6588249206543,50.669532775878906,85.0,0,0,345.6186218261719,0,7.924896240234375,23.23394775390625,23.28738784790039,0,1.034000039100647,0.9067617654800415,50,2.799999952316284,2.716599702835083,0,0,0,0,314.99998519276,0,0,0,0.06939446926116943,0.09226561337709427,-0.1615837663412094,7.63237476348877e-05,84.67085266113281,84.66466522216797,714.1959228515625,714.1910400390625,714.1910400390625,511.097412109375,0,0,23.74304962158203,0.0010999999940395355,0.02200000174343586,0.03299999609589577,0.04399999603629112,5655.8173828125,114276.53125,0.0429663360118866,0,3.1392715754918754e-05,479.7818298339844,0,0.0002616529818624258,2.8350639695418067e-05,0,0,23.700000762939453,0,0,1600,0,50,0,0,0,50,50,800,0.0,0.0,0.0,0.0
264,156.72390747070312,307.9991760253906,322.38177490234375,322.3283386230469,293.6473693847656,293.7007751464844,16515.818359375,33031.63671875,70.99267578125,70.99278259277344,1500.213623046875,2988.4052734375,1525.4296875,3039.775146484375,282.54571533203125,56.93362808227539,-1.7752989833752508e-06,0,0,2579.061767578125,1300.6732177734375,0,23.765914916992188,2290.2509765625,11.871098518371582,11.876669883728027,768.3916625976562,1531.0775146484375,50.64067840576172,50.65110778808594,85.0,0,0,345.6190490722656,0,7.924896240234375,23.237272262573242,23.29071044921875,0,1.034000039100647,0.9067617654800415,50,2.799999952316284,2.7165145874023438,0,0,0,0,314.99998519276,0,0,0,0.06958034634590149,0.09225364029407501,-0.16175709664821625,7.689036283409223e-05,84.67334747314453,84.66732025146484,714.2055053710938,714.2007446289062,714.2007446289062,511.1007385253906,0,0,23.765914916992188,0.0010999999940395355,0.02200000174343586,0.03299999609589577,0.04399999603629112,5655.8173828125,114276.53125,0.0429663360118866,0,3.1392715754918754e-05,481.6026306152344,0,0.0002616529818624258,2.8350639695418067e-05,0,0,23.700000762939453,0,0,1600,0,50,0,0,0,50,50,800,0.0,0.0,0.0,0.0
265,156.72476196289062,307.9960632324219,322.37884521484375,322.3254089355469,293.6441345214844,293.697509765625,16515.818359375,33031.63671875,70.9893569946289,70.98947143554688,1500.501220703125,2988.989990234375,1525.4293212890625,3039.775390625,282.54302978515625,56.92685317993164,-1.978799900825834e-06,0,0,2579.059326171875,1300.6529541015625,0,23.787328720092773,2290.322265625,11.869756698608398,11.875304222106934,768.412353515625,1531.119140625,50.622806549072266,50.6328239440918,85.0,0,0,345.6194763183594,0,7.924896240234375,23.240629196166992,23.2940673828125,0,1.034000039100647,0.9067617654800415,50,2.799999952316284,2.716430187225342,0,0,0,0,314.99998519276,0,0,0,0.0697682574391365,0.09224191308021545,-0.16193042695522308,7.973313768161461e-05,84.676025390625,84.66995239257812,714.2149658203125,714.210205078125,714.210205078125,511.10394287109375,0,0,23.787328720092773,0.0010999999940395355,0.02200000174343586,0.03299999609589577,0.04399999603629112,5655.8173828125,114276.53125,0.0429663360118866,0,3.1392715754918754e-05,483.4234313964844,0,0.0002616529818624258,2.8350639695418067e-05,0,0,23.700000762939453,0,0,1600,0,50,0,0,0,50,50,800,0.0,0.0,0.0,0.0
266,156.72564697265625,307.99298095703125,322.37591552734375,322.322509765625,293.6408996582031,293.69427490234375,16515.818359375,33031.63671875,70.98604583740234,70.98615264892578,1500.789306640625,2989.575927734375,1525.42822265625,3039.776611328125,282.54034423828125,56.92011260986328,3.0467692795355106e-06,0,0,2579.056640625,1300.6328125,0,23.807289123535156,2290.39404296875,11.868429183959961,11.873953819274902,768.4313354492188,1531.1585693359375,50.605037689208984,50.61478805541992,85.0,0,0,345.61993408203125,0,7.924896240234375,23.2440185546875,23.29742431640625,0,1.034000039100647,0.9067617654800415,50,2.799999952316284,2.7163450717926025,0,0,0,0,314.99998519276,0,0,0,0.06995410472154617,0.09223001450300217,-0.1621037721633911,8.035302016651258e-05,84.67888641357422,84.672607421875,714.2247924804688,714.2198486328125,714.2198486328125,511.107177734375,0,0,23.807289123535156,0.0010999999940395355,0.02200000174343586,0.03299999609589577,0.04399999603629112,5655.8173828125,114276.53125,0.0429663360118866,0,3.1392715754918754e-05,485.2442321777344,0,0.0002616529818624258,2.8350639695418067e-05,0,0,23.700000762939453,0,0,1600,0,50,0,0,0,50,50,800,0.0,0.0,0.0,0.0
267,156.72654724121094,307.98992919921875,322.3729248046875,322.31951904296875,293.6376953125,293.6910705566406,16515.818359375,33031.63671875,70.98272705078125,70.98283386230469,1501.0771484375,2990.163330078125,1525.4288330078125,3039.77587890625,282.5376892089844,56.91340637207031,2.665673264345969e-06,0,0,2579.053955078125,1300.6124267578125,0,23.831205368041992,2290.467041015625,11.867116928100586,11.872617721557617,768.4541625976562,1531.203125,50.58747482299805,50.596920013427734,85.0,0,0,345.6203918457031,0,7.924896240234375,23.247478485107422,23.300884246826172,0,1.034000039100647,0.9067617654800415,50,2.799999952316284,2.7162582874298096,0,0,0,0,314.99998519276,0,0,0,0.07013789564371109,0.09221779555082321,-0.16227710247039795,7.85853699198924e-05,84.68160247802734,84.67530822753906,714.2346801757812,714.229736328125,714.229736328125,511.110595703125,0,0,23.831205368041992,0.0010999999940395355,0.02200000174343586,0.03299999609589577,0.04399999603629112,5655.8173828125,114276.53125,0.0429663360118866,0,3.1392715754918754e-05,487.0650329589844,0,0.0002616529818624258,2.8350639695418067e-05,0,0,23.700000762939453,0,0,1600,0,50,0,0,0,50,50,800,0.0,0.0,0.0,0.0
268,156.7274627685547,307.98687744140625,322.3699951171875,322.31658935546875,293.6344909667969,293.6878662109375,16515.818359375,33031.63671875,70.97940826416016,70.97952270507812,1501.365234375,2990.75146484375,1525.4261474609375,3039.778564453125,282.5350646972656,56.90672302246094,-4.865110895480029e-06,0,0,2579.051513671875,1300.592529296875,0,23.85226058959961,2290.5400390625,11.865819931030273,11.871296882629395,768.4757080078125,1531.250244140625,50.570091247558594,50.57925033569336,85.0,0,0,345.620849609375,0,7.924896240234375,23.250835418701172,23.304241180419922,0,1.034000039100647,0.9067617654800415,50,2.799999952316284,2.7161717414855957,0,0,0,0,314.99998519276,0,0,0,0.07032167911529541,0.09220556169748306,-0.16245044767856598,7.679835107410327e-05,84.68421173095703,84.67800903320312,714.2445678710938,714.2396850585938,714.2396850585938,511.1140441894531,0,0,23.85226058959961,0.0010999999940395355,0.02200000174343586,0.03299999609589577,0.04399999603629112,5655.8173828125,114276.53125,0.0429663360118866,0,3.1392715754918754e-05,488.8858337402344,0,0.0002616529818624258,2.8350639695418067e-05,0,0,23.700000762939453,0,0,1600,0,50,0,0,0,50,50,800,0.0,0.0,0.0,0.0
269,156.72840881347656,307.9837341308594,322.3670959472656,322.3136901855469,293.6312255859375,293.6846008300781,16515.818359375,33031.63671875,70.9760971069336,70.97620391845703,1501.6541748046875,2991.338134765625,1525.42529296875,3039.779541015625,282.53240966796875,56.90006637573242,2.306893975401181e-06,0,0,2579.048583984375,1300.5721435546875,0,23.874589920043945,2290.612060546875,11.864537239074707,11.86999225616455,768.4961547851562,1531.292236328125,50.55292510986328,50.561790466308594,85.0,0,0,345.6213073730469,0,7.924896240234375,23.25422477722168,23.30763053894043,0,1.034000039100647,0.9067617654800415,50,2.799999952316284,2.7160863876342773,0,0,0,0,314.99998519276,0,0,0,0.07050953805446625,0.0921935886144638,-0.16262376308441162,7.935539179015905e-05,84.68679809570312,84.68067169189453,714.254150390625,714.2493286132812,714.2493286132812,511.1173400878906,0,0,23.874589920043945,0.0010999999940395355,0.02200000174343586,0.03299999609589577,0.04399999603629112,5655.8173828125,114276.53125,0.0429663360118866,0,3.1392715754918754e-05,490.7066345214844,0,0.0002616529818624258,2.8350639695418067e-05,0,0,23.700000762939453,0,0,1600,0,50,0,0,0,50,50,800,0.0,0.0,0.0,0.0
270,156.72933959960938,307.9806213378906,322.3641662597656,322.3107604980469,293.6279602050781,293.68133544921875,16515.818359375,33031.63671875,70.9727783203125,70.97288513183594,1501.94287109375,2991.92822265625,1525.425537109375,3039.779052734375,282.52978515625,56.8934440612793,4.072234332852531e-06,0,0,2579.0458984375,1300.5518798828125,0,23.89546775817871,2290.684326171875,11.863268852233887,11.868700981140137,768.5164184570312,1531.33203125,50.53590393066406,50.54451370239258,85.0,0,0,345.621826171875,0,7.924896240234375,23.25765037536621,23.31105613708496,0,1.034000039100647,0.9067617654800415,50,2.799999952316284,2.71600079536438,0,0,0,0,314.99998519276,0,0,0,0.0706973746418953,0.09218160808086395,-0.16279710829257965,8.187852654373273e-05,84.68960571289062,84.68334197998047,714.2639770507812,714.259033203125,714.259033203125,511.12060546875,0,0,23.89546775817871,0.0010999999940395355,0.02200000174343586,0.03299999609589577,0.04399999603629112,5655.8173828125,114276.53125,0.0429663360118866,0,3.1392715754918754e-05,492.5274353027344,0,0.0002616529818624258,2.8350639695418067e-05,0,0,23.700000762939453,0,0,1600,0,50,0,0,0,50,50,800,0.0,0.0,0.0,0.0
271,156.73031616210938,307.9775695800781,322.3611755371094,322.3078308105469,293.6247863769531,293.67816162109375,16515.818359375,33031.63671875,70.9694595336914,70.96957397460938,1502.23193359375,2992.517578125,1525.4228515625,3039.781982421875,282.5271911621094,56.886844635009766,-1.312114363827277e-06,0,0,2579.04296875,1300.53173828125,0,23.918935775756836,2290.758056640625,11.862014770507812,11.867424964904785,768.5368041992188,1531.376708984375,50.51909255981445,50.527427673339844,85.0,0,0,345.6222839355469,0,7.924896240234375,23.2611083984375,23.314481735229492,0,1.034000039100647,0.9067617654800415,50,2.799999952316284,2.7159132957458496,0,0,0,0,314.99998519276,0,0,0,0.07088112831115723,0.09216929227113724,-0.1629704385995865,7.998012006282806e-05,84.69244384765625,84.68606567382812,714.2740478515625,714.26904296875,714.26904296875,511.12408447265625,0,0,23.918935775756836,0.0010999999940395355,0.02200000174343586,0.03299999609589577,0.04399999603629112,5655.8173828125,114276.53125,0.0429663360118866,0,3.1392715754918754e-05,494.3482360839844,0,0.0002616529818624258,2.8350639695418067e-05,0,0,23.700000762939453,0,0,1600,0,50,0,0,0,50,50,800,0.0,0.0,0.0,0.0
272,156.7313232421875,307.9745178222656,322.3582458496094,322.30487060546875,293.62158203125,293.6749267578125,16515.818359375,33031.63671875,70.96614837646484,70.96625518798828,1502.52099609375,2993.107177734375,1525.421875,3039.782958984375,282.52459716796875,56.88028335571289,-8.863851803653233e-07,0,0,2579.0400390625,1300.511474609375,0,23.9382266998291,2290.83203125,11.860777854919434,11.866165161132812,768.5584716796875,1531.4215087890625,50.50250244140625,50.510528564453125,85.0,0,0,345.622802734375,0,7.924896240234375,23.264568328857422,23.31793975830078,0,1.034000039100647,0.9067617654800415,50,2.799999952316284,2.7158257961273193,0,0,0,0,314.99998519276,0,0,0,0.07106485217809677,0.09215689450502396,-0.16314378380775452,7.797517173457891e-05,84.69509887695312,84.68879699707031,714.2839965820312,714.279052734375,714.279052734375,511.1275329589844,0,0,23.9382266998291,0.0010999999940395355,0.02200000174343586,0.03299999609589577,0.04399999603629112,5655.8173828125,114276.53125,0.0429663360118866,0,3.1392715754918754e-05,496.1690368652344,0,0.0002616529818624258,2.8350639695418067e-05,0,0,23.700000762939453,0,0,1600,0,50,0,0,0,50,50,800,0.0,0.0,0.0,0.0
273,156.73233032226562,307.971435546875,322.3553161621094,322.3019714355469,293.6183776855469,293.67169189453125,16515.818359375,33031.63671875,70.96283721923828,70.96293640136719,1502.809326171875,2993.696044921875,1525.4222412109375,3039.782470703125,282.5220031738281,56.873748779296875,3.6063984225620516e-06,0,0,2579.037109375,1300.4910888671875,0,23.958744049072266,2290.904541015625,11.8595552444458,11.864919662475586,768.5811157226562,1531.4661865234375,50.48606872558594,50.49385452270508,85.0,0,0,345.6233215332031,0,7.924896240234375,23.26799201965332,23.321331024169922,0,1.034000039100647,0.9067617654800415,50,2.799999952316284,2.7157397270202637,0,0,0,0,314.99998519276,0,0,0,0.07125061750411987,0.09214475005865097,-0.16331711411476135,7.825606007827446e-05,84.6976547241211,84.69148254394531,714.2937622070312,714.2888793945312,714.2888793945312,511.13092041015625,0,0,23.958744049072266,0.0010999999940395355,0.02200000174343586,0.03299999609589577,0.04399999603629112,5655.8173828125,114276.53125,0.0429663360118866,0,3.1392715754918754e-05,497.9898376464844,0,0.0002616529818624258,2.8350639695418067e-05,0,0,23.700000762939453,0,0,1600,0,50,0,0,0,50,50,800,0.0,0.0,0.0,0.0
274,156.7333526611328,307.9683532714844,322.3524169921875,322.299072265625,293.6151428222656,293.6684265136719,16515.818359375,33031.63671875,70.95952606201172,70.95962524414062,1503.09912109375,2994.283447265625,1525.426513671875,3039.7783203125,282.5194091796875,56.86724853515625,2.692517000468797e-06,0,0,2579.0341796875,1300.470947265625,0,23.980514526367188,2290.977294921875,11.858346939086914,11.863690376281738,768.6006469726562,1531.5079345703125,50.46992111206055,50.47734451293945,85.0,0,0,345.6238098144531,0,7.924896240234375,23.27141761779785,23.32475471496582,0,1.034000039100647,0.9067617654800415,50,2.799999952316284,2.715653419494629,0,0,0,0,314.99998519276,0,0,0,0.07143636792898178,0.09213269501924515,-0.1634904444217682,7.86095843068324e-05,84.70037078857422,84.69416809082031,714.3035278320312,714.2986450195312,714.2986450195312,511.1342468261719,0,0,23.980514526367188,0.0010999999940395355,0.02200000174343586,0.03299999609589577,0.04399999603629112,5655.8173828125,114276.53125,0.0429663360118866,0,3.1392715754918754e-05,499.8106384277344,0,0.0002616529818624258,2.8350639695418067e-05,0,0,23.700000762939453,0,0,1600,0,50,0,0,0,50,50,800,0.0,0.0,0.0,0.0
275,156.73439025878906,307.9653015136719,322.3494873046875,322.296142578125,293.6119079589844,293.6651611328125,16515.818359375,33031.63671875,70.95620727539062,70.95630645751953,1503.3875732421875,2994.872802734375,1525.4254150390625,3039.779541015625,282.5168762207031,56.860774993896484,-4.79004529552185e-06,0,0,2579.031005859375,1300.450927734375,0,24.000810623168945,2291.049560546875,11.857152938842773,11.86247444152832,768.6221923828125,1531.5526123046875,50.45387649536133,50.4610481262207,85.0,0,0,345.6243591308594,0,7.924896240234375,23.27487564086914,23.328214645385742,0,1.034000039100647,0.9067617654800415,50,2.799999952316284,2.7155678272247314,0,0,0,0,314.99998519276,0,0,0,0.07162006199359894,0.09212063252925873,-0.16366378962993622,7.691457722103223e-05,84.70301055908203,84.69683837890625,714.3132934570312,714.3084106445312,714.3084106445312,511.13763427734375,0,0,24.000810623168945,0.0010999999940395355,0.02200000174343586,0.03299999609589577,0.04399999603629112,5655.8173828125,114276.53125,0.0429663360118866,0,3.1392715754918754e-05,501.6314392089844,0,0.0002616529818624258,2.8350639695418067e-05,0,0,23.700000762939453,0,0,1600,0,50,0,0,0,50,50,800,0.0,0.0,0.0,0.0
276,156.7354736328125,307.96221923828125,322.3465270996094,322.2932434082031,293.6086730957031,293.6619567871094,16515.818359375,33031.63671875,70.95289611816406,70.9530029296875,1503.6759033203125,2995.45947265625,1525.418212890625,3039.786376953125,282.5143127441406,56.854331970214844,3.0111898468021536e-06,0,0,2579.028076171875,1300.4302978515625,0,24.023719787597656,2291.121337890625,11.855973243713379,11.861275672912598,768.6439208984375,1531.59716796875,50.43806076049805,50.44496536254883,85.0,0,0,345.6249084472656,0,7.924896240234375,23.27836799621582,23.33167266845703,0,1.034000039100647,0.9067617654800415,50,2.799999952316284,2.715482711791992,0,0,0,0,314.99998519276,0,0,0,0.07180579006671906,0.09210865199565887,-0.16383711993694305,7.732138328719884e-05,84.70555114746094,84.69949340820312,714.3228759765625,714.318115234375,714.318115234375,511.1409606933594,0,0,24.023719787597656,0.0010999999940395355,0.02200000174343586,0.03299999609589577,0.04399999603629112,5655.8173828125,114276.53125,0.0429663360118866,0,3.1392715754918754e-05,503.4522399902344,0,0.0002616529818624258,2.8350639695418067e-05,0,0,23.700000762939453,0,0,1600,0,50,0,0,0,50,50,800,0.0,0.0,0.0,0.0
277,156.73655700683594,307.9591064453125,322.3436279296875,322.2903137207031,293.60546875,293.65869140625,16515.818359375,33031.63671875,70.9495849609375,70.9496841430664,1503.9642333984375,2996.047119140625,1525.4232177734375,3039.78173828125,282.5117492675781,56.84790802001953,3.081728664255934e-06,0,0,2579.02490234375,1300.409912109375,0,24.045156478881836,2291.1923828125,11.85481071472168,11.860089302062988,768.6640625,1531.639404296875,50.42243576049805,50.4290657043457,85.0,0,0,345.6254577636719,0,7.924896240234375,23.281827926635742,23.33513069152832,0,1.034000039100647,0.9067617654800415,50,2.799999952316284,2.7153983116149902,0,0,0,0,314.99998519276,0,0,0,0.07199353724718094,0.09209693223237991,-0.16401046514511108,8.001401874935254e-05,84.70824432373047,84.7021255493164,714.3324584960938,714.32763671875,714.32763671875,511.1441650390625,0,0,24.045156478881836,0.0010999999940395355,0.02200000174343586,0.03299999609589577,0.04399999603629112,5655.8173828125,114276.53125,0.0429663360118866,0,3.1392715754918754e-05,505.2730407714844,0,0.0002616529818624258,2.8350639695418067e-05,0,0,23.700000762939453,0,0,1600,0,50,0,0,0,50,50,800,0.0,0.0,0.0,0.0
278,156.73765563964844,307.95599365234375,322.3406677246094,322.2873840332031,293.60223388671875,293.65545654296875,16515.818359375,33031.63671875,70.9462661743164,70.94636535644531,1504.25146484375,2996.634033203125,1525.4222412109375,3039.782470703125,282.5092468261719,56.841514587402344,-2.8354054393275874e-06,0,0,2579.021484375,1300.3900146484375,0,24.063798904418945,2291.2646484375,11.853662490844727,11.858920097351074,768.6832885742188,1531.678955078125,50.40699768066406,50.41336441040039,85.0,0,0,345.62603759765625,0,7.924896240234375,23.28535270690918,23.33865737915039,0,1.034000039100647,0.9067617654800415,50,2.799999952316284,2.7153127193450928,0,0,0,0,314.99998519276,0,0,0,0.07217923551797867,0.09208495169878006,-0.16418379545211792,8.039661042857915e-05,84.71111297607422,84.70479583740234,714.34228515625,714.3373413085938,714.3373413085938,511.14739990234375,0,0,24.063798904418945,0.0010999999940395355,0.02200000174343586,0.03299999609589577,0.04399999603629112,5655.8173828125,114276.53125,0.0429663360118866,0,3.1392715754918754e-05,507.0938415527344,0,0.0002616529818624258,2.8350639695418067e-05,0,0,23.700000762939453,0,0,1600,0,50,0,0,0,50,50,800,0.0,0.0,0.0,0.0
279,156.73878479003906,307.95294189453125,322.3377380371094,322.2844543457031,293.5989990234375,293.6522216796875,16515.818359375,33031.63671875,70.94294738769531,70.94305419921875,1504.5394287109375,2997.22119140625,1525.42138671875,3039.783447265625,282.5067138671875,56.83515548706055,-3.5234695587860188e-06,0,0,2579.01806640625,1300.3697509765625,0,24.085031509399414,2291.338134765625,11.85252571105957,11.85776424407959,768.704833984375,1531.723388671875,50.3917121887207,50.3978385925293,85.0,0,0,345.6266174316406,0,7.924896240234375,23.28887939453125,23.34214973449707,0,1.034000039100647,0.9067617654800415,50,2.799999952316284,2.7152256965637207,0,0,0,0,314.99998519276,0,0,0,0.07236288487911224,0.09207264333963394,-0.16435712575912476,7.839650061214343e-05,84.71382141113281,84.70751190185547,714.3522338867188,714.3472900390625,714.3472900390625,511.15087890625,0,0,24.085031509399414,0.0010999999940395355,0.02200000174343586,0.03299999609589577,0.04399999603629112,5655.8173828125,114276.53125,0.0429663360118866,0,3.1392715754918754e-05,508.9146423339844,0,0.0002616529818624258,2.8350639695418067e-05,0,0,23.700000762939453,0,0,1600,0,50,0,0,0,50,50,800,0.0,0.0,0.0,0.0
280,156.73992919921875,307.94989013671875,322.33477783203125,322.2815246582031,293.5957946777344,293.64898681640625,16515.818359375,33031.63671875,70.93963623046875,70.93973541259766,1504.8265380859375,2997.80615234375,1525.4202880859375,3039.784423828125,282.50421142578125,56.828834533691406,1.5985442587407306e-06,0,0,2579.0146484375,1300.3494873046875,0,24.10479164123535,2291.4111328125,11.85140609741211,11.856624603271484,768.7275390625,1531.7703857421875,50.37664031982422,50.38252639770508,85.0,0,0,345.6271667480469,0,7.924896240234375,23.29240608215332,23.34564208984375,0,1.034000039100647,0.9067617654800415,50,2.799999952316284,2.715139150619507,0,0,0,0,314.99998519276,0,0,0,0.07254651933908463,0.09206041693687439,-0.16453047096729279,7.647387974429876e-05,84.7164077758789,84.71021270751953,714.362060546875,714.357177734375,714.357177734375,511.1543273925781,0,0,24.10479164123535,0.0010999999940395355,0.02200000174343586,0.03299999609589577,0.04399999603629112,5655.8173828125,114276.53125,0.0429663360118866,0,3.1392715754918754e-05,510.7354431152344,0,0.0002616529818624258,2.8350639695418067e-05,0,0,23.700000762939453,0,0,1600,0,50,0,0,0,50,50,800,0.0,0.0,0.0,0.0
281,156.7410888671875,307.9468078613281,322.331787109375,322.2785949707031,293.59259033203125,293.64581298828125,16515.818359375,33031.63671875,70.93631744384766,70.93641662597656,1505.1129150390625,2998.391357421875,1525.419189453125,3039.78564453125,282.501708984375,56.8225212097168,-2.753161652435665e-06,0,0,2579.011474609375,1300.3292236328125,0,24.125778198242188,2291.4833984375,11.850301742553711,11.855499267578125,768.747802734375,1531.812255859375,50.36177062988281,50.367401123046875,85.0,0,0,345.62774658203125,0,7.924896240234375,23.29596710205078,23.34916877746582,0,1.034000039100647,0.9067617654800415,50,2.799999952316284,2.7150537967681885,0,0,0,0,314.99998519276,0,0,0,0.07273218780755997,0.09204843640327454,-0.16470380127429962,7.681771967327222e-05,84.718994140625,84.71287536621094,714.3717041015625,714.3668823242188,714.3668823242188,511.1576232910156,0,0,24.125778198242188,0.0010999999940395355,0.02200000174343586,0.03299999609589577,0.04399999603629112,5655.8173828125,114276.53125,0.0429663360118866,0,3.1392715754918754e-05,512.5562744140625,0,0.0002616529818624258,2.8350639695418067e-05,0,0,23.700000762939453,0,0,1600,0,50,0,0,0,50,50,800,0.0,0.0,0.0,0.0
282,156.74227905273438,307.9437255859375,322.3288879394531,322.2756652832031,293.5893859863281,293.6425476074219,16515.818359375,33031.63671875,70.9330062866211,70.93310546875,1505.39892578125,2998.974609375,1525.4180908203125,3039.786865234375,282.4992370605469,56.81625747680664,4.4823349298894755e-07,0,0,2579.0078125,1300.3089599609375,0,24.14535903930664,2291.5546875,11.849210739135742,11.854389190673828,768.7692260742188,1531.856689453125,50.347084045410156,50.35247802734375,85.0,0,0,345.62835693359375,0,7.924896240234375,23.29949378967285,23.35269546508789,0,1.034000039100647,0.9067617654800415,50,2.799999952316284,2.7149691581726074,0,0,0,0,314.99998519276,0,0,0,0.07291783392429352,0.09203654527664185,-0.16487714648246765,7.723421003902331e-05,84.72154235839844,84.71551513671875,714.3812866210938,714.3765258789062,714.3765258789062,511.160888671875,0,0,24.14535903930664,0.0010999999940395355,0.02200000174343586,0.03299999609589577,0.04399999603629112,5655.8173828125,114276.53125,0.0429663360118866,0,3.1392715754918754e-05,514.3770751953125,0,0.0002616529818624258,2.8350639695418067e-05,0,0,23.700000762939453,0,0,1600,0,50,0,0,0,50,50,800,0.0,0.0,0.0,0.0
283,156.74346923828125,307.94061279296875,322.325927734375,322.27276611328125,293.5861511230469,293.6392822265625,16515.818359375,33031.63671875,70.9296875,70.9297866821289,1505.684326171875,2999.5556640625,1525.4171142578125,3039.78759765625,282.4967346191406,56.81000518798828,5.392651928559644e-06,0,0,2579.00439453125,1300.2884521484375,0,24.16748809814453,2291.6259765625,11.848135948181152,11.853294372558594,768.7894287109375,1531.8983154296875,50.33259963989258,50.3377685546875,85.0,0,0,345.62896728515625,0,7.924896240234375,23.30305290222168,23.35622215270996,0,1.034000039100647,0.9067617654800415,50,2.799999952316284,2.7148847579956055,0,0,0,0,314.99998519276,0,0,0,0.07310550659894943,0.09202482551336288,-0.1650504767894745,7.985420961631462e-05,84.7242431640625,84.71814727783203,714.3908081054688,714.385986328125,714.385986328125,511.1640930175781,0,0,24.16748809814453,0.0010999999940395355,0.02200000174343586,0.03299999609589577,0.04399999603629112,5655.8173828125,114276.53125,0.0429663360118866,0,3.1392715754918754e-05,516.1978759765625,0,0.0002616529818624258,2.8350639695418067e-05,0,0,23.700000762939453,0,0,1600,0,50,0,0,0,50,50,800,0.0,0.0,0.0,0.0
284,156.7446746826172,307.93756103515625,322.322998046875,322.26983642578125,293.58294677734375,293.63604736328125,16515.818359375,33031.63671875,70.9263687133789,70.92647552490234,1505.96923828125,3000.136962890625,1525.4158935546875,3039.788818359375,282.4942932128906,56.80377960205078,3.768389660763205e-06,0,0,2579.000732421875,1300.2686767578125,0,24.186843872070312,2291.697998046875,11.847074508666992,11.852212905883789,768.8095092773438,1531.940185546875,50.318294525146484,50.323219299316406,85.0,0,0,345.62957763671875,0,7.924896240234375,23.30657958984375,23.35974884033203,0,1.034000039100647,0.9067617654800415,50,2.799999952316284,2.714799404144287,0,0,0,0,314.99998519276,0,0,0,0.07328908890485764,0.09201284497976303,-0.16522380709648132,7.812045805621892e-05,84.72702026367188,84.72080993652344,714.4005737304688,714.3956909179688,714.3956909179688,511.16741943359375,0,0,24.186843872070312,0.0010999999940395355,0.02200000174343586,0.03299999609589577,0.04399999603629112,5655.8173828125,114276.53125,0.0429663360118866,0,3.1392715754918754e-05,518.0186767578125,0,0.0002616529818624258,2.8350639695418067e-05,0,0,23.700000762939453,0,0,1600,0,50,0,0,0,50,50,800,0.0,0.0,0.0,0.0
285,156.74591064453125,307.9344787597656,322.320068359375,322.2668762207031,293.5797119140625,293.6328125,16515.818359375,33031.63671875,70.92306518554688,70.92316436767578,1506.2530517578125,3000.716796875,1525.4210205078125,3039.783935546875,282.4918518066406,56.79758834838867,-3.2625375752104446e-06,0,0,2578.997314453125,1300.2479248046875,0,24.20745086669922,2291.77001953125,11.846028327941895,11.851146697998047,768.830810546875,1531.984375,50.30419158935547,50.308868408203125,85.0,0,0,345.6302185058594,0,7.924896240234375,23.3101749420166,23.36334228515625,0,1.034000039100647,0.9067617654800415,50,2.799999952316284,2.7147140502929688,0,0,0,0,314.99998519276,0,0,0,0.0734747052192688,0.09200078248977661,-0.16539715230464935,7.833838753867894e-05,84.7296142578125,84.72348022460938,714.4102783203125,714.4054565429688,714.4054565429688,511.1707458496094,0,0,24.20745086669922,0.0010999999940395355,0.02200000174343586,0.03299999609589577,0.04399999603629112,5655.8173828125,114276.53125,0.0429663360118866,0,3.1392715754918754e-05,519.8394775390625,0,0.0002616529818624258,2.8350639695418067e-05,0,0,23.700000762939453,0,0,1600,0,50,0,0,0,50,50,800,0.0,0.0,0.0,0.0
286,156.74716186523438,307.9314270019531,322.3171081542969,322.26397705078125,293.5765380859375,293.6296081542969,16515.818359375,33031.63671875,70.91975402832031,70.91984558105469,1506.5360107421875,3001.295654296875,1525.412353515625,3039.79248046875,282.4894104003906,56.79143142700195,-5.064395281806355e-06,0,0,2578.993408203125,1300.2281494140625,0,24.225221633911133,2291.842041015625,11.844996452331543,11.850095748901367,768.8509521484375,1532.0281982421875,50.29026794433594,50.294708251953125,85.0,0,0,345.6308288574219,0,7.924896240234375,23.31373405456543,23.36686897277832,0,1.034000039100647,0.9067617654800415,50,2.799999952316284,2.7146289348602295,0,0,0,0,314.99998519276,0,0,0,0.07365826517343521,0.09198889136314392,-0.1655704826116562,7.666759483981878e-05,84.73226928710938,84.72613525390625,714.419921875,714.4151000976562,714.4151000976562,511.17401123046875,0,0,24.225221633911133,0.0010999999940395355,0.02200000174343586,0.03299999609589577,0.04399999603629112,5655.8173828125,114276.53125,0.0429663360118866,0,3.1392715754918754e-05,521.6602783203125,0,0.0002616529818624258,2.8350639695418067e-05,0,0,23.700000762939453,0,0,1600,0,50,0,0,0,50,50,800,0.0,0.0,0.0,0.0
287,156.74842834472656,307.9283752441406,322.31414794921875,322.2610168457031,293.57330322265625,293.6263732910156,16515.818359375,33031.63671875,70.91645050048828,70.91654968261719,1506.8199462890625,3001.869384765625,1525.4132080078125,3039.791748046875,282.4869689941406,56.78529739379883,-3.3802057259890717e-06,0,0,2578.98974609375,1300.207763671875,0,24.246946334838867,2291.913330078125,11.843979835510254,11.849061012268066,768.8736572265625,1532.072021484375,50.276611328125,50.280738830566406,85.0,0,0,345.6315002441406,0,7.924896240234375,23.31732940673828,23.370464324951172,0,1.034000039100647,0.9067617654800415,50,2.799999952316284,2.7145442962646484,0,0,0,0,314.99998519276,0,0,0,0.07384181022644043,0.09197699278593063,-0.16574382781982422,7.498711784137413e-05,84.73479461669922,84.72877502441406,714.4295043945312,714.4247436523438,714.4247436523438,511.17730712890625,0,0,24.246946334838867,0.0010999999940395355,0.02200000174343586,0.03299999609589577,0.04399999603629112,5655.8173828125,114276.53125,0.0429663360118866,0,3.1392715754918754e-05,523.4810791015625,0,0.0002616529818624258,2.8350639695418067e-05,0,0,23.700000762939453,0,0,1600,0,50,0,0,0,50,50,800,0.0,0.0,0.0,0.0
288,156.7497100830078,307.92529296875,322.3112487792969,322.25811767578125,293.5700988769531,293.62310791015625,16515.818359375,33031.63671875,70.91313934326172,70.91323852539062,1507.100830078125,3002.44482421875,1525.416259765625,3039.78857421875,282.48455810546875,56.77919387817383,2.9520456337195355e-06,0,0,2578.986083984375,1300.187744140625,0,24.265857696533203,2291.98388671875,11.842976570129395,11.848038673400879,768.89208984375,1532.1136474609375,50.263004302978516,50.267005920410156,85.0,0,0,345.6321716308594,0,7.924896240234375,23.3209228515625,23.37405776977539,0,1.034000039100647,0.9067617654800415,50,2.799999952316284,2.714460611343384,0,0,0,0,314.99998519276,0,0,0,0.07402738928794861,0.09196535497903824,-0.16591715812683105,7.55827859393321e-05,84.73733520507812,84.73138427734375,714.4388427734375,714.4341430664062,714.4341430664062,511.1805114746094,0,0,24.265857696533203,0.0010999999940395355,0.02200000174343586,0.03299999609589577,0.04399999603629112,5655.8173828125,114276.53125,0.0429663360118866,0,3.1392715754918754e-05,525.3018798828125,0,0.0002616529818624258,2.8350639695418067e-05,0,0,23.700000762939453,0,0,1600,0,50,0,0,0,50,50,800,0.0,0.0,0.0,0.0
289,156.7510223388672,307.9222412109375,322.3083190917969,322.25518798828125,293.56689453125,293.61993408203125,16515.818359375,33031.63671875,70.90984344482422,70.9099349975586,1507.3804931640625,3003.01708984375,1525.4168701171875,3039.787841796875,282.4821472167969,56.77311325073242,2.134608848791686e-06,0,0,2578.982177734375,1300.1676025390625,0,24.287382125854492,2292.053955078125,11.841989517211914,11.847033500671387,768.91455078125,1532.1573486328125,50.24967956542969,50.25345230102539,85.0,0,0,345.6328125,0,7.924896240234375,23.32448387145996,23.37761878967285,0,1.034000039100647,0.9067617654800415,50,2.799999952316284,2.7143778800964355,0,0,0,0,314.99998519276,0,0,0,0.07421091198921204,0.09195379912853241,-0.1660904884338379,7.421225745929405e-05,84.73986053466797,84.73397064208984,714.4481201171875,714.4435424804688,714.4435424804688,511.1836242675781,0,0,24.287382125854492,0.0010999999940395355,0.02200000174343586,0.03299999609589577,0.04399999603629112,5655.8173828125,114276.53125,0.0429663360118866,0,3.1392715754918754e-05,527.1226806640625,0,0.0002616529818624258,2.8350639695418067e-05,0,0,23.700000762939453,0,0,1600,0,50,0,0,0,50,50,800,0.0,0.0,0.0,0.0
290,156.75233459472656,307.91912841796875,322.305419921875,322.2522888183594,293.5636901855469,293.61669921875,16515.818359375,33031.63671875,70.90653228759766,70.90662384033203,1507.660888671875,3003.587158203125,1525.4102783203125,3039.79443359375,282.479736328125,56.767059326171875,5.384225914895069e-06,0,0,2578.97802734375,1300.147216796875,0,24.30609130859375,2292.123291015625,11.841014862060547,11.846040725708008,768.9347534179688,1532.1982421875,50.236595153808594,50.24003219604492,85.0,0,0,345.63348388671875,0,7.924896240234375,23.32807731628418,23.38121223449707,0,1.034000039100647,0.9067617654800415,50,2.799999952316284,2.7142958641052246,0,0,0,0,314.99998519276,0,0,0,0.07439849525690079,0.09194240719079971,-0.16626383364200592,7.707439363002777e-05,84.7424087524414,84.73653411865234,714.4573364257812,714.4527587890625,714.4527587890625,511.18670654296875,0,0,24.30609130859375,0.0010999999940395355,0.02200000174343586,0.03299999609589577,0.04399999603629112,5655.8173828125,114276.53125,0.0429663360118866,0,3.1392715754918754e-05,528.9434814453125,0,0.0002616529818624258,2.8350639695418067e-05,0,0,23.700000762939453,0,0,1600,0,50,0,0,0,50,50,800,0.0,0.0,0.0,0.0
291,156.75369262695312,307.916015625,322.30242919921875,322.24932861328125,293.5604553222656,293.6134948730469,16515.818359375,33031.63671875,70.9032211303711,70.90331268310547,1507.9403076171875,3004.155029296875,1525.4151611328125,3039.789794921875,282.47735595703125,56.76103210449219,2.065162789222086e-06,0,0,2578.97412109375,1300.127197265625,0,24.326072692871094,2292.193115234375,11.840055465698242,11.845063209533691,768.9531860351562,1532.23681640625,50.22362518310547,50.226863861083984,85.0,0,0,345.6341552734375,0,7.924896240234375,23.33173942565918,23.38484001159668,0,1.034000039100647,0.9067617654800415,50,2.799999952316284,2.7142128944396973,0,0,0,0,314.99998519276,0,0,0,0.07458402961492538,0.09193092584609985,-0.16643716394901276,7.779598672641441e-05,84.74515533447266,84.73912048339844,714.466796875,714.4620361328125,714.4620361328125,511.1897888183594,0,0,24.326072692871094,0.0010999999940395355,0.02200000174343586,0.03299999609589577,0.04399999603629112,5655.8173828125,114276.53125,0.0429663360118866,0,3.1392715754918754e-05,530.7642822265625,0,0.0002616529818624258,2.8350639695418067e-05,0,0,23.700000762939453,0,0,1600,0,50,0,0,0,50,50,800,0.0,0.0,0.0,0.0
292,156.75503540039062,307.9129638671875,322.2994384765625,322.2463684082031,293.5572814941406,293.61029052734375,16515.818359375,33031.63671875,70.89990997314453,70.9000015258789,1508.217529296875,3004.721923828125,1525.4124755859375,3039.792236328125,282.4749755859375,56.755035400390625,3.394161694814102e-06,0,0,2578.97021484375,1300.10693359375,0,24.344579696655273,2292.263916015625,11.839110374450684,11.844100952148438,768.9741821289062,1532.28271484375,50.21082305908203,50.2138671875,85.0,0,0,345.6348876953125,0,7.924896240234375,23.33543586730957,23.38850212097168,0,1.034000039100647,0.9067617654800415,50,2.799999952316284,2.7141289710998535,0,0,0,0,314.99998519276,0,0,0,0.07476752251386642,0.09191920608282089,-0.1666105091571808,7.622689008712769e-05,84.74781036376953,84.74173736572266,714.4762573242188,714.4714965820312,714.4714965820312,511.1930236816406,0,0,24.344579696655273,0.0010999999940395355,0.02200000174343586,0.03299999609589577,0.04399999603629112,5655.8173828125,114276.53125,0.0429663360118866,0,3.1392715754918754e-05,532.5850830078125,0,0.0002616529818624258,2.8350639695418067e-05,0,0,23.700000762939453,0,0,1600,0,50,0,0,0,50,50,800,0.0,0.0,0.0,0.0
293,156.75640869140625,307.909912109375,322.2964782714844,322.24346923828125,293.5540771484375,293.60711669921875,16515.818359375,33031.63671875,70.89661407470703,70.8967056274414,1508.49462890625,3005.2861328125,1525.413330078125,3039.79150390625,282.4726257324219,56.74905776977539,-3.00753549709043e-06,0,0,2578.96630859375,1300.0867919921875,0,24.36570167541504,2292.334716796875,11.838179588317871,11.84315299987793,768.9952392578125,1532.323486328125,50.1982307434082,50.20105743408203,85.0,0,0,345.63555908203125,0,7.924896240234375,23.33906364440918,23.39209747314453,0,1.034000039100647,0.9067617654800415,50,2.799999952316284,2.714045286178589,0,0,0,0,314.99998519276,0,0,0,0.07495099306106567,0.09190747886896133,-0.16678383946418762,7.463358633685857e-05,84.75033569335938,84.74435424804688,714.4857177734375,714.4810180664062,714.4810180664062,511.19622802734375,0,0,24.36570167541504,0.0010999999940395355,0.02200000174343586,0.03299999609589577,0.04399999603629112,5655.8173828125,114276.53125,0.0429663360118866,0,3.1392715754918754e-05,534.4058837890625,0,0.0002616529818624258,2.8350639695418067e-05,0,0,23.700000762939453,0,0,1600,0,50,0,0,0,50,50,800,0.0,0.0,0.0,0.0
294,156.75779724121094,307.9068603515625,322.2935485839844,322.24053955078125,293.5509033203125,293.6038818359375,16515.818359375,33031.63671875,70.893310546875,70.89340209960938,1508.7698974609375,3005.848388671875,1525.412109375,3039.792724609375,282.47027587890625,56.74312210083008,-3.0181474812707165e-06,0,0,2578.9619140625,1300.0667724609375,0,24.384029388427734,2292.40478515625,11.837262153625488,11.842219352722168,769.0159912109375,1532.36669921875,50.185794830322266,50.18844985961914,85.0,0,0,345.6362609863281,0,7.924896240234375,23.34272575378418,23.39572525024414,0,1.034000039100647,0.9067617654800415,50,2.799999952316284,2.7139625549316406,0,0,0,0,314.99998519276,0,0,0,0.07513444870710373,0.0918959230184555,-0.16695716977119446,7.320009171962738e-05,84.75279235839844,84.74694061279297,714.4949951171875,714.4903564453125,714.4903564453125,511.19940185546875,0,0,24.384029388427734,0.0010999999940395355,0.02200000174343586,0.03299999609589577,0.04399999603629112,5655.8173828125,114276.53125,0.0429663360118866,0,3.1392715754918754e-05,536.2266845703125,0,0.0002616529818624258,2.8350639695418067e-05,0,0,23.700000762939453,0,0,1600,0,50,0,0,0,50,50,800,0.0,0.0,0.0,0.0
295,156.7592010498047,307.9037780761719,322.2906188964844,322.2376403808594,293.5476379394531,293.60064697265625,16515.818359375,33031.63671875,70.8900146484375,70.89010620117188,1509.0438232421875,3006.40771484375,1525.4111328125,3039.793701171875,282.4679260253906,56.73719787597656,-1.2857360616180813e-06,0,0,2578.9580078125,1300.046630859375,0,24.404930114746094,2292.4736328125,11.836360931396484,11.841300010681152,769.0368041992188,1532.40966796875,50.17359161376953,50.176025390625,85.0,0,0,345.6369934082031,0,7.924896240234375,23.346355438232422,23.39935302734375,0,1.034000039100647,0.9067617654800415,50,2.799999952316284,2.713880777359009,0,0,0,0,314.99998519276,0,0,0,0.07531993836164474,0.09188461303710938,-0.1671305149793625,7.403791096294299e-05,84.75519561767578,84.7494888305664,714.5040283203125,714.49951171875,714.49951171875,511.20245361328125,0,0,24.404930114746094,0.0010999999940395355,0.02200000174343586,0.03299999609589577,0.04399999603629112,5655.8173828125,114276.53125,0.0429663360118866,0,3.1392715754918754e-05,538.0474853515625,0,0.0002616529818624258,2.8350639695418067e-05,0,0,23.700000762939453,0,0,1600,0,50,0,0,0,50,50,800,0.0,0.0,0.0,0.0
296,156.7606201171875,307.90069580078125,322.2877197265625,322.2347106933594,293.5444641113281,293.597412109375,16515.818359375,33031.63671875,70.88671112060547,70.88680267333984,1509.31640625,3006.964599609375,1525.4100341796875,3039.794921875,282.465576171875,56.731300354003906,4.513729891186813e-06,0,0,2578.953857421875,1300.026611328125,0,24.421693801879883,2292.5419921875,11.835472106933594,11.840394973754883,769.0550537109375,1532.4476318359375,50.161563873291016,50.16379928588867,85.0,0,0,345.6377258300781,0,7.924896240234375,23.350017547607422,23.40301513671875,0,1.034000039100647,0.9067617654800415,50,2.799999952316284,2.7137999534606934,0,0,0,0,314.99998519276,0,0,0,0.07550541311502457,0.09187347441911697,-0.16730384528636932,7.504038512706757e-05,84.7578125,84.75201416015625,714.5131225585938,714.508544921875,714.508544921875,511.20538330078125,0,0,24.421693801879883,0.0010999999940395355,0.02200000174343586,0.03299999609589577,0.04399999603629112,5655.8173828125,114276.53125,0.0429663360118866,0,3.1392715754918754e-05,539.8682861328125,0,0.0002616529818624258,2.8350639695418067e-05,0,0,23.700000762939453,0,0,1600,0,50,0,0,0,50,50,800,0.0,0.0,0.0,0.0
297,156.76206970214844,307.89764404296875,322.2847595214844,322.2317810058594,293.541259765625,293.59423828125,16515.818359375,33031.63671875,70.88341522216797,70.88350677490234,1509.58837890625,3007.518798828125,1525.4091796875,3039.795654296875,282.4632568359375,56.72543716430664,4.906530648440821e-06,0,0,2578.949462890625,1300.0064697265625,0,24.44243621826172,2292.610595703125,11.83459758758545,11.83950424194336,769.0758666992188,1532.490234375,50.14972686767578,50.1517448425293,85.0,0,0,345.638427734375,0,7.924896240234375,23.353679656982422,23.406644821166992,0,1.034000039100647,0.9067617654800415,50,2.799999952316284,2.713718891143799,0,0,0,0,314.99998519276,0,0,0,0.07568883150815964,0.091862253844738,-0.16747719049453735,7.39071547286585e-05,84.76036071777344,84.75454711914062,714.5221557617188,714.5176391601562,714.5176391601562,511.2084045410156,0,0,24.44243621826172,0.0010999999940395355,0.02200000174343586,0.03299999609589577,0.04399999603629112,5655.8173828125,114276.53125,0.0429663360118866,0,3.1392715754918754e-05,541.6890869140625,0,0.0002616529818624258,2.8350639695418067e-05,0,0,23.700000762939453,0,0,1600,0,50,0,0,0,50,50,800,0.0,0.0,0.0,0.0
298,156.76351928710938,307.89459228515625,322.2818298339844,322.2288818359375,293.5380554199219,293.5909729003906,16515.818359375,33031.63671875,70.88011169433594,70.88021087646484,1509.85888671875,3008.0703125,1525.406494140625,3039.79833984375,282.4609680175781,56.71959686279297,-1.850356966315303e-06,0,0,2578.9453125,1299.9862060546875,0,24.46034049987793,2292.6787109375,11.83373737335205,11.838627815246582,769.09521484375,1532.532958984375,50.1380615234375,50.1398811340332,85.0,0,0,345.6391906738281,0,7.924896240234375,23.357341766357422,23.410306930541992,0,1.034000039100647,0.9067617654800415,50,2.799999952316284,2.7136380672454834,0,0,0,0,314.99998519276,0,0,0,0.07587224990129471,0.09185103327035904,-0.1676505208015442,7.27593942428939e-05,84.76283264160156,84.75707244873047,714.53125,714.5267333984375,714.5267333984375,511.21142578125,0,0,24.46034049987793,0.0010999999940395355,0.02200000174343586,0.03299999609589577,0.04399999603629112,5655.8173828125,114276.53125,0.0429663360118866,0,3.1392715754918754e-05,543.5098876953125,0,0.0002616529818624258,2.8350639695418067e-05,0,0,23.700000762939453,0,0,1600,0,50,0,0,0,50,50,800,0.0,0.0,0.0,0.0
299,156.76499938964844,307.8915100097656,322.2789001464844,322.2259521484375,293.53485107421875,293.5877990722656,16515.818359375,33031.63671875,70.87681579589844,70.87690734863281,1510.128173828125,3008.6201171875,1525.4053955078125,3039.799560546875,282.4586486816406,56.71377944946289,5.514536951523041e-06,0,0,2578.94091796875,1299.9661865234375,0,24.480880737304688,2292.746826171875,11.832891464233398,11.837764739990234,769.11572265625,1532.575439453125,50.12657165527344,50.12820053100586,85.0,0,0,345.6399230957031,0,7.924896240234375,23.36103630065918,23.413969039916992,0,1.034000039100647,0.9067617654800415,50,2.799999952316284,2.713557481765747,0,0,0,0,314.99998519276,0,0,0,0.07605767995119095,0.09183989465236664,-0.16782385110855103,7.371827814495191e-05,84.76525115966797,84.75959014892578,714.5402221679688,714.5357666015625,714.5357666015625,511.21441650390625,0,0,24.480880737304688,0.0010999999940395355,0.02200000174343586,0.03299999609589577,0.04399999603629112,5655.8173828125,114276.53125,0.0429663360118866,0,3.1392715754918754e-05,545.3306884765625,0,0.0002616529818624258,2.8350639695418067e-05,0,0,23.700000762939453,0,0,1600,0,50,0,0,0,50,50,800,0.0,0.0,0.0,0.0
