TIME,P,TAVG,THA,THB,TCA,TCB,WRCA,WRCB,PSGA,PSGB,WFWA,WFWB,WSTA,WSTB,VOL,LVPZ,VOID,WLR,WUP,HUP,HLW,WHPI,WECS,QMWT,LSGA,LSGB,QMGA,QMGB,NSGA,NSGB,TBLD,WTRA,WTRB,TSAT,QRHR,LVCR,SCMA,SCMB,FRCL,PRB,PRBA,TRB,LWRB,DNBR,QFCL,WBK,WSPY,WCSP,HTR,MH2,CNH2,RHBR,RHMT,RHFL,RHRD,RH,PWNT,PWR,TFSB,TFPK,TF,TPCT,WCFT,WLPI,WCHG,RM1,RM2,RM3,RM4,RC87,RC131,STRB,STSG,STTB,RBLK,SGLK,DTHY,DWB,WRLA,WRLB,WLD,MBK,EBK,TKLV,FRZR,TDBR,MDBR,MCRT,MGAS,TCRT,TSLP,PPM,Pad_Col_0,Pad_Col_1,Pad_Col_2,Pad_Col_3
0,158.1999969482422,309.1399841308594,326.1538391113281,326.11614990234375,292.1261291503906,292.1638488769531,16515.818359375,33031.63671875,69.00464630126953,69.0042495727539,1790.2763671875,3580.552734375,1792.9256591796875,3577.9033203125,284.552001953125,62.0,1.8346643173572375e-06,0,0,2574.662353515625,1291.7806396484375,0,23.700000762939453,2705.0,11.830000877380371,11.830000877380371,910.2337036132812,1816.4324951171875,50.0,50.0,100.0,0,0,346.3753967285156,0,7.924896240234375,20.2215576171875,20.25926399230957,0,1.034000039100647,0.9067617654800415,50,2.799999952316284,2.3000001907348633,0,0,0,0,0.0,0,0,0,0.0,0.0,0.0,0.0,100.0,100.0,788.9000244140625,788.9000244140625,788.9000244140625,549.02001953125,0,0,23.700000762939453,0.0010999999940395355,0.02200000174343586,0.03299999609589577,0.04399999603629112,5655.8173828125,114276.53125,0.0429663360118866,0,3.1392715754918754e-05,0.9104048013687134,0,0.0002616529818624258,2.8350639695418067e-05,0,0,23.700000762939453,0,0,1600,0,50,0,0,0,50,50,200,0.0,0.0,0.0,0.0
1,158.19033813476562,309.12530517578125,326.1518249511719,326.1134338378906,292.1242370605469,292.1626281738281,16515.818359375,33031.63671875,69.01334381103516,69.01285552978516,1790.602783203125,3580.143310546875,1792.079833984375,3574.262451171875,284.549560546875,61.99385070800781,1.1948225164815085e-06,0,0,2574.67333984375,1291.741943359375,0,23.700000762939453,2705.042236328125,11.830011367797852,11.830208778381348,909.8095703125,1815.0777587890625,50.035274505615234,49.98440170288086,99.91645812988281,0,0,346.37347412109375,0,7.924896240234375,20.221660614013672,20.26004409790039,0,1.034000039100647,0.9067617654800415,50,2.799999952316284,2.299964189529419,0,0,0,0,1.0797373766589098,0,0,0,0.0011560514103621244,0.0,0.0,0.0011560514103621244,100.06562805175781,100.0015640258789,788.9505004882812,788.9000244140625,788.9000244140625,549.0162353515625,0,0,23.700000762939453,0.0010999999940395355,0.02200000174343586,0.03299999609589577,0.04399999603629112,5655.8173828125,114276.53125,0.0429663360118866,0,3.1392715754918754e-05,2.7312145233154297,0,0.0002616529818624258,2.8350639695418067e-05,0,0,23.700000762939453,0,0,1600,0,50,0,0,0,50,50,200,0.0,0.0,0.0,0.0
2,158.17613220214844,309.1142272949219,326.1456604003906,326.1065673828125,292.12286376953125,292.1620178222656,16515.818359375,33031.63671875,69.02317810058594,69.02268981933594,1790.4111328125,3579.490478515625,1789.1309814453125,3568.2373046875,284.54132080078125,61.9730224609375,-1.658560222494998e-06,0,0,2574.711669921875,1291.787109375,0,19.12627601623535,2706.005615234375,11.83012866973877,11.830544471740723,908.8116455078125,1813.0640869140625,49.997859954833984,49.94694137573242,99.74937438964844,0,0,346.3669738769531,0,7.924896240234375,20.22128677368164,20.26038360595703,0,1.034000039100647,0.9067617654800415,50,2.799999952316284,2.299145460128784,0,0,0,0,4.723851070035542,0,0,0,0.0020288540981709957,-0.00024769591982476413,0.0,0.001781158265657723,100.23191833496094,100.03717803955078,789.2105712890625,789.0573120117188,789.0573120117188,549.0880737304688,0,0,19.12627601623535,0.0010999999940395355,0.02200000174343586,0.03299999609589577,0.04399999603629112,5655.8173828125,114276.53125,0.0429663360118866,0,3.1392715754918754e-05,4.552023887634277,0,0.0002616529818624258,2.8350639695418067e-05,0,0,23.700000762939453,0,0,1600,0,50,0,0,0,50,50,200,0.0,0.0,0.0,0.0
3,158.1622772216797,309.10772705078125,326.1369934082031,326.0972595214844,292.1228332519531,292.16253662109375,16515.818359375,33031.63671875,69.03446960449219,69.03398132324219,1790.2979736328125,3579.1123046875,1786.14208984375,3562.25244140625,284.53173828125,61.94890213012695,4.5936335482110735e-06,0,0,2574.755615234375,1291.8427734375,0,19.55223274230957,2707.92724609375,11.830405235290527,11.83104133605957,907.963623046875,1811.3612060546875,49.9536247253418,49.90508270263672,99.58229064941406,0,0,346.35943603515625,0,7.924896240234375,20.222440719604492,20.26218032836914,0,1.034000039100647,0.9067617654800415,50,2.799999952316284,2.297513961791992,0,0,0,0,8.927113984588367,0,0,0,0.00253855949267745,-0.0007712860242463648,0.0,0.001767273643054068,100.34304809570312,100.10821533203125,789.5745849609375,789.3897094726562,789.3897094726562,549.2501220703125,0,0,19.55223274230957,0.0010999999940395355,0.02200000174343586,0.03299999609589577,0.04399999603629112,5655.8173828125,114276.53125,0.0429663360118866,0,3.1392715754918754e-05,6.372833251953125,0,0.0002616529818624258,2.8350639695418067e-05,0,0,23.700000762939453,0,0,1600,0,50,0,0,0,50,50,200,0.0,0.0,0.0,0.0
4,158.1522979736328,309.1057434082031,326.1268615722656,326.08660888671875,292.1246337890625,292.16485595703125,16515.818359375,33031.63671875,69.04754638671875,69.04706573486328,1790.15087890625,3578.692626953125,1783.1533203125,3556.267578125,284.5238342285156,61.92889404296875,-9.718992259877268e-07,0,0,2574.791748046875,1291.914794921875,0,19.124755859375,2710.025390625,11.830856323242188,11.831708908081055,907.201904296875,1809.830078125,49.910011291503906,49.86397933959961,99.41520690917969,0,0,346.3532409667969,0,7.924896240234375,20.22637367248535,20.26662254333496,0,1.034000039100647,0.9067617654800415,50,2.799999952316284,2.2957351207733154,0,0,0,0,12.392878269615634,0,0,0,0.002695993520319462,-0.001350311329588294,0.0,0.0013456821907311678,100.39910125732422,100.18578338623047,789.92529296875,789.7573852539062,789.7573852539062,549.4317016601562,0,0,19.124755859375,0.0010999999940395355,0.02200000174343586,0.03299999609589577,0.04399999603629112,5655.8173828125,114276.53125,0.0429663360118866,0,3.1392715754918754e-05,8.193642616271973,0,0.0002616529818624258,2.8350639695418067e-05,0,0,23.700000762939453,0,0,1600,0,50,0,0,0,50,50,200,0.0,0.0,0.0,0.0
5,158.14683532714844,309.10736083984375,326.1163635253906,326.0756530761719,292.1285400390625,292.169189453125,16515.818359375,33031.63671875,69.06275939941406,69.06228637695312,1789.899658203125,3578.071044921875,1780.162353515625,3550.284912109375,284.51873779296875,61.91596984863281,-1.8152418306272011e-06,0,0,2574.814697265625,1291.9971923828125,0,18.199438095092773,2711.786865234375,11.831483840942383,11.832550048828125,906.5346069335938,1808.4862060546875,49.87097930908203,49.82740020751953,99.24812316894531,0,0,346.34930419921875,0,7.924896240234375,20.23291778564453,20.27364158630371,0,1.034000039100647,0.9067617654800415,50,2.799999952316284,2.294243812561035,0,0,0,0,14.60055526667131,0,0,0,0.00256791221909225,-0.0018424988957121968,0.0,0.000725413381587714,100.40522003173828,100.25090026855469,790.1913452148438,790.0698852539062,790.0698852539062,549.5879516601562,0,0,18.199438095092773,0.0010999999940395355,0.02200000174343586,0.03299999609589577,0.04399999603629112,5655.8173828125,114276.53125,0.0429663360118866,0,3.1392715754918754e-05,10.014452934265137,0,0.0002616529818624258,2.8350639695418067e-05,0,0,23.700000762939453,0,0,1600,0,50,0,0,0,50,50,200,0.0,0.0,0.0,0.0
6,158.1457061767578,309.1125183105469,326.1061096191406,326.06500244140625,292.1348876953125,292.1759033203125,16515.818359375,33031.63671875,69.08029174804688,69.0798110961914,1789.5228271484375,3577.2021484375,1777.1708984375,3544.302001953125,284.5164489746094,61.91022491455078,-4.682670351030538e-06,0,0,2574.82470703125,1292.095458984375,0,17.192760467529297,2712.9990234375,11.832287788391113,11.833563804626465,905.906494140625,1807.220947265625,49.83799743652344,49.796932220458984,99.0810317993164,0,0,346.34759521484375,0,7.924896240234375,20.241497039794922,20.2825927734375,0,1.034000039100647,0.9067617654800415,50,2.799999952316284,2.2932188510894775,0,0,0,0,15.540505180860135,0,0,0,0.002162291668355465,-0.0021865388844162226,0.0,-2.424709964543581e-05,100.3758544921875,100.29571533203125,790.3513793945312,790.288330078125,790.288330078125,549.6989135742188,0,0,17.192760467529297,0.0010999999940395355,0.02200000174343586,0.03299999609589577,0.04399999603629112,5655.8173828125,114276.53125,0.0429663360118866,0,3.1392715754918754e-05,11.8352632522583,0,0.0002616529818624258,2.8350639695418067e-05,0,0,23.700000762939453,0,0,1600,0,50,0,0,0,50,50,200,0.0,0.0,0.0,0.0
7,158.14767456054688,309.12066650390625,326.09649658203125,326.0550842285156,292.143798828125,292.1851806640625,16515.818359375,33031.63671875,69.10027313232422,69.09980010986328,1788.9796142578125,3575.997314453125,1774.1832275390625,3538.31591796875,284.51666259765625,61.91080093383789,-2.0363772819109727e-06,0,0,2574.822509765625,1292.2073974609375,0,16.231435775756836,2713.433349609375,11.833260536193848,11.834746360778809,905.305908203125,1806.0096435546875,49.812828063964844,49.77416229248047,98.91394805908203,0,0,346.347900390625,0,7.924896240234375,20.25139808654785,20.29283332824707,0,1.034000039100647,0.9067617654800415,50,2.799999952316284,2.292851686477661,0,0,0,0,15.362156401214914,0,0,0,0.0015217465115711093,-0.0023184509482234716,0.0,-0.0007967044366523623,100.2865219116211,100.311767578125,790.3521728515625,790.3720703125,790.3720703125,549.744140625,0,0,16.231435775756836,0.0010999999940395355,0.02200000174343586,0.03299999609589577,0.04399999603629112,5655.8173828125,114276.53125,0.0429663360118866,0,3.1392715754918754e-05,13.656073570251465,0,0.0002616529818624258,2.8350639695418067e-05,0,0,23.700000762939453,0,0,1600,0,50,0,0,0,50,50,200,0.0,0.0,0.0,0.0
8,158.15203857421875,309.1310119628906,326.0876770019531,326.0459899902344,292.15545654296875,292.1971740722656,16515.818359375,33031.63671875,69.12277221679688,69.12230682373047,1788.249267578125,3574.419677734375,1771.1959228515625,3532.329345703125,284.5188903808594,61.916404724121094,6.052337084838655e-07,0,0,2574.81298828125,1292.3326416015625,0,15.407281875610352,2712.90283203125,11.834399223327637,11.836090087890625,904.7039794921875,1804.7947998046875,49.7967643737793,49.760414123535156,98.74686431884766,0,0,346.349609375,0,7.924896240234375,20.26190948486328,20.303617477416992,0,1.034000039100647,0.9067617654800415,50,2.799999952316284,2.293300151824951,0,0,0,0,14.427025881510405,0,0,0,0.0007075576577335596,-0.0021849367767572403,0.0,-0.0014773790026083589,100.15973663330078,100.29215240478516,790.1830444335938,790.2872924804688,790.2872924804688,549.7064208984375,0,0,15.407281875610352,0.0010999999940395355,0.02200000174343586,0.03299999609589577,0.04399999603629112,5655.8173828125,114276.53125,0.0429663360118866,0,3.1392715754918754e-05,15.476883888244629,0,0.0002616529818624258,2.8350639695418067e-05,0,0,23.700000762939453,0,0,1600,0,50,0,0,0,50,50,200,0.0,0.0,0.0,0.0
9,158.15798950195312,309.1427001953125,326.07965087890625,326.0376892089844,292.1698303222656,292.2118225097656,16515.818359375,33031.63671875,69.14775085449219,69.14728546142578,1787.345458984375,3572.49560546875,1768.2059326171875,3526.345703125,284.5225830078125,61.92573928833008,-2.857248318832717e-06,0,0,2574.79736328125,1292.4691162109375,0,14.696539878845215,2711.4638671875,11.83569049835205,11.837586402893066,904.0673217773438,1803.5107421875,49.78919219970703,49.75523376464844,98.57978057861328,0,0,346.3522644042969,0,7.924896240234375,20.272624969482422,20.314603805541992,0,1.034000039100647,0.9067617654800415,50,2.799999952316284,2.2945172786712646,0,0,0,0,12.923106219993612,0,0,0,-0.0002136293041985482,-0.0018005219753831625,0.0,-0.002014151308685541,100.02059173583984,100.23896026611328,789.8712768554688,790.043212890625,790.043212890625,549.5899658203125,0,0,14.696539878845215,0.0010999999940395355,0.02200000174343586,0.03299999609589577,0.04399999603629112,5655.8173828125,114276.53125,0.0429663360118866,0,3.1392715754918754e-05,17.297693252563477,0,0.0002616529818624258,2.8350639695418067e-05,0,0,23.700000762939453,0,0,1600,0,50,0,0,0,50,50,200,0.0,0.0,0.0,0.0
10,158.16468811035156,309.15496826171875,326.0721740722656,326.0299377441406,292.18682861328125,292.22900390625,16515.818359375,33031.63671875,69.17505645751953,69.17459106445312,1786.2940673828125,3570.278564453125,1765.2171630859375,3520.360595703125,284.52716064453125,61.937259674072266,-3.1100644264370203e-06,0,0,2574.77783203125,1292.6156005859375,0,14.14771556854248,2709.296875,11.837129592895508,11.83922290802002,903.3707885742188,1802.1048583984375,49.78873062133789,49.75712966918945,98.4126968383789,0,0,346.3555603027344,0,7.924896240234375,20.28340721130371,20.32562255859375,0,1.034000039100647,0.9067617654800415,50,2.799999952316284,2.2963523864746094,0,0,0,0,11.086588989387844,0,0,0,-0.0011804583482444286,-0.00121423345990479,0.0,-0.0023946918081492186,99.87339782714844,100.15885162353516,789.4462890625,789.6709594726562,789.6709594726562,549.4098510742188,0,0,14.14771556854248,0.0010999999940395355,0.02200000174343586,0.03299999609589577,0.04399999603629112,5655.8173828125,114276.53125,0.0429663360118866,0,3.1392715754918754e-05,19.118501663208008,0,0.0002616529818624258,2.8350639695418067e-05,0,0,23.700000762939453,0,0,1600,0,50,0,0,0,50,50,200,0.0,0.0,0.0,0.0
11,158.1714630126953,309.167236328125,326.0648498535156,326.0224609375,292.20623779296875,292.24859619140625,16515.818359375,33031.63671875,69.20448303222656,69.20401763916016,1785.12451171875,3567.8232421875,1762.2288818359375,3514.375,284.5320129394531,61.94955062866211,-2.992396048284718e-06,0,0,2574.7578125,1292.770263671875,0,13.758370399475098,2706.578857421875,11.838700294494629,11.840991973876953,902.5957641601562,1800.54638671875,49.79398727416992,49.76465606689453,98.24561309814453,0,0,346.35906982421875,0,7.924896240234375,20.29422378540039,20.33660888671875,0,1.034000039100647,0.9067617654800415,50,2.799999952316284,2.298658609390259,0,0,0,0,9.13920556711021,0,0,0,-0.0021475437097251415,-0.00047435000305995345,0.0,-0.002621893770992756,99.7262191772461,100.05836486816406,788.9397583007812,789.2012329101562,789.2012329101562,549.1812133789062,0,0,13.758370399475098,0.0010999999940395355,0.02200000174343586,0.03299999609589577,0.04399999603629112,5655.8173828125,114276.53125,0.0429663360118866,0,3.1392715754918754e-05,20.93931007385254,0,0.0002616529818624258,2.8350639695418067e-05,0,0,23.700000762939453,0,0,1600,0,50,0,0,0,50,50,200,0.0,0.0,0.0,0.0
12,158.17794799804688,309.1792297363281,326.05743408203125,326.0148620605469,292.227783203125,292.2703552246094,16515.818359375,33031.63671875,69.23577880859375,69.23530578613281,1783.863525390625,3565.18359375,1759.242431640625,3508.3876953125,284.5368347167969,61.961692810058594,-4.262560651113745e-06,0,0,2574.738037109375,1292.9324951171875,0,13.490461349487305,2703.49169921875,11.840397834777832,11.842883110046387,901.7359008789062,1798.815673828125,49.80352020263672,49.776390075683594,98.07852935791016,0,0,346.36248779296875,0,7.924896240234375,20.30504035949707,20.34762954711914,0,1.034000039100647,0.9067617654800415,50,2.799999952316284,2.301283121109009,0,0,0,0,7.225563941782568,0,0,0,-0.003090832382440567,0.00036882018321193755,0.0,-0.002722012111917138,99.58487701416016,99.94424438476562,788.3829956054688,788.6658325195312,788.6658325195312,548.9195556640625,0,0,13.490461349487305,0.0010999999940395355,0.02200000174343586,0.03299999609589577,0.04399999603629112,5655.8173828125,114276.53125,0.0429663360118866,0,3.1392715754918754e-05,22.76011848449707,0,0.0002616529818624258,2.8350639695418067e-05,0,0,23.700000762939453,0,0,1600,0,50,0,0,0,50,50,200,0.0,0.0,0.0,0.0
13,158.18389892578125,309.1907958984375,326.0496520996094,326.00689697265625,292.2513427734375,292.2940673828125,16515.818359375,33031.63671875,69.26868438720703,69.26821899414062,1782.535888671875,3562.411865234375,1756.2559814453125,3502.400390625,284.5413513183594,61.97307586669922,-4.160186563240131e-06,0,0,2574.718994140625,1293.1011962890625,0,13.303311347961426,2700.2021484375,11.84221076965332,11.844887733459473,900.794921875,1796.92333984375,49.815914154052734,49.791011810302734,97.91144561767578,0,0,346.36566162109375,0,7.924896240234375,20.31602668762207,20.35878562927246,0,1.034000039100647,0.9067617654800415,50,2.799999952316284,2.304086923599243,0,0,0,0,5.442069103843947,0,0,0,-0.004002286121249199,0.0012692413292825222,0.0,-0.002733044559136033,99.45142364501953,99.8226318359375,787.8019409179688,788.0941772460938,788.0941772460938,548.6395874023438,0,0,13.303311347961426,0.0010999999940395355,0.02200000174343586,0.03299999609589577,0.04399999603629112,5655.8173828125,114276.53125,0.0429663360118866,0,3.1392715754918754e-05,24.5809268951416,0,0.0002616529818624258,2.8350639695418067e-05,0,0,23.700000762939453,0,0,1600,0,50,0,0,0,50,50,200,0.0,0.0,0.0,0.0
14,158.1892852783203,309.2020263671875,326.04119873046875,325.9983215332031,292.2767639160156,292.31964111328125,16515.818359375,33031.63671875,69.302978515625,69.30252075195312,1781.159912109375,3559.5439453125,1753.266845703125,3496.415771484375,284.5454406738281,61.983455657958984,2.673170001799008e-06,0,0,2574.7021484375,1293.27587890625,0,13.154449462890625,2696.83544921875,11.844132423400879,11.846999168395996,899.7828979492188,1794.8890380859375,49.83020782470703,49.80750274658203,97.7443618774414,0,0,346.3685607910156,0,7.924896240234375,20.32735252380371,20.37024688720703,0,1.034000039100647,0.9067617654800415,50,2.799999952316284,2.3069634437561035,0,0,0,0,3.8176427013150502,0,0,0,-0.004889902658760548,0.002191772684454918,0.0,-0.0026981299743056297,99.32539367675781,99.69816589355469,787.2149658203125,787.5084228515625,787.5084228515625,548.3524169921875,0,0,13.154449462890625,0.0010999999940395355,0.02200000174343586,0.03299999609589577,0.04399999603629112,5655.8173828125,114276.53125,0.0429663360118866,0,3.1392715754918754e-05,26.401735305786133,0,0.0002616529818624258,2.8350639695418067e-05,0,0,23.700000762939453,0,0,1600,0,50,0,0,0,50,50,200,0.0,0.0,0.0,0.0
15,158.1942138671875,309.21307373046875,326.03204345703125,325.989013671875,292.30377197265625,292.3468017578125,16515.818359375,33031.63671875,69.33847045898438,69.33802032470703,1779.7467041015625,3556.601806640625,1750.2757568359375,3490.432861328125,284.5491638183594,61.992897033691406,4.84317070004181e-06,0,0,2574.686767578125,1293.4559326171875,0,13.007999420166016,2693.4697265625,11.846158027648926,11.849212646484375,898.7118530273438,1792.7347412109375,49.84572982788086,49.82523727416992,97.5772705078125,0,0,346.3711853027344,0,7.924896240234375,20.339153289794922,20.382183074951172,0,1.034000039100647,0.9067617654800415,50,2.799999952316284,2.3098459243774414,0,0,0,0,2.3474645852665903,0,0,0,-0.005759012885391712,0.003114410676062107,0.0,-0.0026446024421602488,99.20474243164062,99.57374572753906,786.6321411132812,786.922607421875,786.922607421875,548.0651245117188,0,0,13.007999420166016,0.0010999999940395355,0.02200000174343586,0.03299999609589577,0.04399999603629112,5655.8173828125,114276.53125,0.0429663360118866,0,3.1392715754918754e-05,28.222543716430664,0,0.0002616529818624258,2.8350639695418067e-05,0,0,23.700000762939453,0,0,1600,0,50,0,0,0,50,50,200,0.0,0.0,0.0,0.0
16,158.1988067626953,309.2239990234375,326.0221252441406,325.97894287109375,292.332275390625,292.37542724609375,16515.818359375,33031.63671875,69.375,69.37454986572266,1778.302490234375,3553.598388671875,1747.289306640625,3484.445556640625,284.5526123046875,62.00162124633789,4.1410607991565485e-06,0,0,2574.672607421875,1293.640380859375,0,12.843245506286621,2690.14501953125,11.848281860351562,11.851520538330078,897.5924682617188,1790.4864501953125,49.86215591430664,49.84382629394531,97.41018676757812,0,0,346.3736267089844,0,7.924896240234375,20.351530075073242,20.394695281982422,0,1.034000039100647,0.9067617654800415,50,2.799999952316284,2.3127007484436035,0,0,0,0,0.9929727469488716,0,0,0,-0.00662298034876585,0.00402594031766057,0.0,-0.00259704003110528,99.08760833740234,99.4508285522461,786.0579833984375,786.3438720703125,786.3438720703125,547.7811889648438,0,0,12.843245506286621,0.0010999999940395355,0.02200000174343586,0.03299999609589577,0.04399999603629112,5655.8173828125,114276.53125,0.0429663360118866,0,3.1392715754918754e-05,30.043352127075195,0,0.0002616529818624258,2.8350639695418067e-05,0,0,23.700000762939453,0,0,1600,0,50,0,0,0,50,50,200,0.0,0.0,0.0,0.0
17,158.20326232910156,309.235107421875,326.0114440917969,325.9681396484375,292.36212158203125,292.4053955078125,16515.818359375,33031.63671875,69.41246032714844,69.41201782226562,1776.828125,3550.536376953125,1744.300048828125,3478.4609375,284.5559387207031,62.00994110107422,-4.969197561877081e-06,0,0,2574.658935546875,1293.82958984375,0,12.647087097167969,2686.86962890625,11.850502014160156,11.853919982910156,896.4389038085938,1788.169921875,49.87937927246094,49.86317825317383,97.24310302734375,0,0,346.3759460449219,0,7.924896240234375,20.36451530456543,20.407817840576172,0,1.034000039100647,0.9067617654800415,50,2.799999952316284,2.3155198097229004,0,0,0,0,0.0,0,0,0,-0.0074978540651500225,0.004923477303236723,0.0,-0.002574376529082656,98.97081756591797,99.32975006103516,785.4915161132812,785.7739868164062,785.7739868164062,547.5017700195312,0,0,12.647087097167969,0.0010999999940395355,0.02200000174343586,0.03299999609589577,0.04399999603629112,5655.8173828125,114276.53125,0.0429663360118866,0,3.1392715754918754e-05,31.864160537719727,0,0.0002616529818624258,2.8350639695418067e-05,0,0,23.700000762939453,0,0,1600,0,50,0,0,0,50,50,200,0.0,0.0,0.0,0.0
18,158.20773315429688,309.2464599609375,326.00006103515625,325.9566650390625,292.39324951171875,292.4366455078125,16515.818359375,33031.63671875,69.45075225830078,69.45030975341797,1775.32177734375,3547.409423828125,1741.310791015625,3472.476318359375,284.5592041015625,62.01818084716797,-5.009148935641861e-06,0,0,2574.6455078125,1294.0233154296875,0,12.426565170288086,2683.625732421875,11.852813720703125,11.856410026550293,895.2586669921875,1785.7999267578125,49.897518157958984,49.88339614868164,97.07601928710938,0,0,346.3782043457031,0,7.924896240234375,20.37814712524414,20.421550750732422,0,1.034000039100647,0.9067617654800415,50,2.799999952316284,2.3183188438415527,0,0,0,0,0.0,0,0,0,-0.008394349366426468,0.0058120423927903175,0.0,-0.0025823067408055067,98.85234832763672,99.20982360839844,784.928466796875,785.2098388671875,785.2098388671875,547.2252807617188,0,0,12.426565170288086,0.0010999999940395355,0.02200000174343586,0.03299999609589577,0.04399999603629112,5655.8173828125,114276.53125,0.0429663360118866,0,3.1392715754918754e-05,33.68497085571289,0,0.0002616529818624258,2.8350639695418067e-05,0,0,23.700000762939453,0,0,1600,0,50,0,0,0,50,50,200,0.0,0.0,0.0,0.0
19,158.21237182617188,309.25823974609375,325.98809814453125,325.9446105957031,292.42559814453125,292.4691162109375,16515.818359375,33031.63671875,69.48982238769531,69.4893798828125,1773.779052734375,3544.2099609375,1738.3212890625,3466.491943359375,284.5625305175781,62.026607513427734,2.1488103811861947e-06,0,0,2574.632080078125,1294.2213134765625,0,12.149312973022461,2680.3837890625,11.855213165283203,11.85898494720459,894.0603637695312,1783.39404296875,49.916709899902344,49.90467071533203,96.908935546875,0,0,346.3805236816406,0,7.924896240234375,20.392423629760742,20.43592643737793,0,1.034000039100647,0.9067617654800415,50,2.799999952316284,2.321122884750366,0,0,0,0,0.0,0,0,0,-0.009323189035058022,0.006699433084577322,-9.999999747378752e-05,-0.0027237555477768183,98.72980499267578,99.08997344970703,784.3628540039062,784.6464233398438,784.6464233398438,546.9493408203125,0,0,12.149312973022461,0.0010999999940395355,0.02200000174343586,0.03299999609589577,0.04399999603629112,5655.8173828125,114276.53125,0.0429663360118866,0,3.1392715754918754e-05,35.50577926635742,0,0.0002616529818624258,2.8350639695418067e-05,0,0,23.700000762939453,0,0,1600,0,50,0,0,0,50,50,200,0.0,0.0,0.0,0.0
20,158.21725463867188,309.2703857421875,325.9756774902344,325.9320373535156,292.4590759277344,292.502685546875,16515.818359375,33031.63671875,69.52963256835938,69.5291976928711,1772.1846923828125,3540.905029296875,1735.335205078125,3460.504150390625,284.5660095214844,62.035423278808594,4.7551520765409805e-06,0,0,2574.617919921875,1294.4229736328125,0,11.858830451965332,2677.058349609375,11.857697486877441,11.861645698547363,892.848876953125,1780.96142578125,49.93759536743164,49.927616119384766,96.74185180664062,0,0,346.3829650878906,0,7.924896240234375,20.40727424621582,20.45091438293457,0,1.034000039100647,0.9067617654800415,50,2.799999952316284,2.3240063190460205,0,0,0,0,0.0,0,0,0,-0.01028439775109291,0.007609573658555746,-0.0003000000142492354,-0.00297482474707067,98.57703399658203,98.96703338623047,783.7615356445312,784.0685424804688,784.0685424804688,546.6663818359375,0,0,11.858830451965332,0.0010999999940395355,0.02200000174343586,0.03299999609589577,0.04399999603629112,5655.8173828125,114276.53125,0.0429663360118866,0,3.1392715754918754e-05,37.32658767700195,0,0.0002616529818624258,2.8350639695418067e-05,0,0,23.700000762939453,0,0,1600,0,50,0,0,0,50,50,200,0.0,0.0,0.0,0.0
21,158.22235107421875,309.282958984375,325.96282958984375,325.91912841796875,292.4936218261719,292.537353515625,16515.818359375,33031.63671875,69.57015991210938,69.5697250366211,1770.5113525390625,3537.446044921875,1732.3431396484375,3454.522705078125,284.5697021484375,62.04469299316406,2.0512729861366097e-06,0,0,2574.60302734375,1294.6282958984375,0,11.553258895874023,2673.456787109375,11.860267639160156,11.864383697509766,891.6224975585938,1778.4993896484375,49.96158981323242,49.953609466552734,96.57476806640625,0,0,346.3855285644531,0,7.924896240234375,20.42270278930664,20.466411590576172,0,1.034000039100647,0.9067617654800415,50,2.799999952316284,2.327136993408203,0,0,0,0,0.0,0,0,0,-0.01127532310783863,0.008596085011959076,-0.0004999999655410647,-0.003179238410666585,98.41377258300781,98.83389282226562,783.1114501953125,783.4421997070312,783.4421997070312,546.359375,0,0,11.553258895874023,0.0010999999940395355,0.02200000174343586,0.03299999609589577,0.04399999603629112,5655.8173828125,114276.53125,0.0429663360118866,0,3.1392715754918754e-05,39.147396087646484,0,0.0002616529818624258,2.8350639695418067e-05,0,0,23.700000762939453,0,0,1600,0,50,0,0,0,50,50,200,0.0,0.0,0.0,0.0
22,158.2275390625,309.2956237792969,325.9496154785156,325.9058532714844,292.5291748046875,292.5729675292969,16515.818359375,33031.63671875,69.6113510131836,69.61092376708984,1768.7667236328125,3533.84228515625,1729.3558349609375,3448.536376953125,284.573486328125,62.05426025390625,2.123059857694898e-06,0,0,2574.587646484375,1294.8367919921875,0,11.256897926330566,2669.59912109375,11.862914085388184,11.867198944091797,890.3775024414062,1775.9969482421875,49.98847961425781,49.982486724853516,96.40768432617188,0,0,346.38818359375,0,7.924896240234375,20.43857192993164,20.48234748840332,0,1.034000039100647,0.9067617654800415,50,2.799999952316284,2.3304998874664307,0,0,0,0,0.0,0,0,0,-0.012277234345674515,0.009653839282691479,-0.000699999975040555,-0.0033233952708542347,98.24730682373047,98.69127655029297,782.421142578125,782.7706298828125,782.7706298828125,546.0299682617188,0,0,11.256897926330566,0.0010999999940395355,0.02200000174343586,0.03299999609589577,0.04399999603629112,5655.8173828125,114276.53125,0.0429663360118866,0,3.1392715754918754e-05,40.968204498291016,0,0.0002616529818624258,2.8350639695418067e-05,0,0,23.700000762939453,0,0,1600,0,50,0,0,0,50,50,200,0.0,0.0,0.0,0.0
23,158.23260498046875,309.30828857421875,325.9360046386719,325.8921813964844,292.5655822753906,292.6095275878906,16515.818359375,33031.63671875,69.65315246582031,69.6527328491211,1766.959716796875,3530.1171875,1726.367919921875,3442.550537109375,284.5772705078125,62.06380081176758,-1.872207803899073e-06,0,0,2574.572021484375,1295.047607421875,0,10.993504524230957,2665.546630859375,11.86563491821289,11.870083808898926,889.1063232421875,1773.4478759765625,50.017738342285156,50.013736724853516,96.2406005859375,0,0,346.3908386230469,0,7.924896240234375,20.454814910888672,20.4986572265625,0,1.034000039100647,0.9067617654800415,50,2.799999952316284,2.334043025970459,0,0,0,0,0.0,0,0,0,-0.013276739045977592,0.010765854269266129,-0.0009000000427477062,-0.0034108841791749,98.08113861083984,98.54146575927734,781.7022094726562,782.0645751953125,782.0645751953125,545.6832885742188,0,0,10.993504524230957,0.0010999999940395355,0.02200000174343586,0.03299999609589577,0.04399999603629112,5655.8173828125,114276.53125,0.0429663360118866,0,3.1392715754918754e-05,42.78901290893555,0,0.0002616529818624258,2.8350639695418067e-05,0,0,23.700000762939453,0,0,1600,0,50,0,0,0,50,50,200,0.0,0.0,0.0,0.0
24,158.23739624023438,309.32073974609375,325.9220886230469,325.87811279296875,292.602783203125,292.6468200683594,16515.818359375,33031.63671875,69.69548797607422,69.695068359375,1765.1014404296875,3526.287841796875,1723.37744140625,3436.56689453125,284.5809020996094,62.07295608520508,-7.348498343162646e-07,0,0,2574.55712890625,1295.2603759765625,0,10.776558876037598,2661.365234375,11.868424415588379,11.87303638458252,887.8098754882812,1770.8431396484375,50.048866271972656,50.04682540893555,96.07351684570312,0,0,346.3933410644531,0,7.924896240234375,20.47126007080078,20.515239715576172,0,1.034000039100647,0.9067617654800415,50,2.799999952316284,2.33771014213562,0,0,0,0,0.0,0,0,0,-0.014263111166656017,0.011914079077541828,-0.0011000001104548573,-0.003449032548815012,97.91712951660156,98.38688659667969,780.9657592773438,781.3355102539062,781.3355102539062,545.3250732421875,0,0,10.776558876037598,0.0010999999940395355,0.02200000174343586,0.03299999609589577,0.04399999603629112,5655.8173828125,114276.53125,0.0429663360118866,0,3.1392715754918754e-05,44.60982131958008,0,0.0002616529818624258,2.8350639695418067e-05,0,0,23.700000762939453,0,0,1600,0,50,0,0,0,50,50,200,0.0,0.0,0.0,0.0
25,158.2418670654297,309.3330383300781,325.9076232910156,325.8635559082031,292.6407165527344,292.6848449707031,16515.818359375,33031.63671875,69.73707580566406,69.73666381835938,1763.2012939453125,3522.374755859375,1722.0682373046875,3433.927734375,284.58428955078125,62.081546783447266,-5.007615300200996e-07,0,0,2574.54345703125,1295.4752197265625,0,10.597878456115723,2657.115234375,11.871280670166016,11.876051902770996,886.4835815429688,1768.183349609375,50.08139419555664,50.08123016357422,96.0,0,0,346.3957214355469,0,7.924896240234375,20.488079071044922,20.53215980529785,0,1.034000039100647,0.9067617654800415,50,2.799999952316284,2.34144926071167,0,0,0,0,0.0,0,0,0,-0.015233661979436874,0.013081848621368408,-0.0013000001199543476,-0.0034518137108534575,97.75646209716797,98.22976684570312,780.2214965820312,780.5941162109375,780.5941162109375,544.9605102539062,0,0,10.597878456115723,0.0010999999940395355,0.02200000174343586,0.03299999609589577,0.04399999603629112,5655.8173828125,114276.53125,0.0429663360118866,0,3.1392715754918754e-05,46.43062973022461,0,0.0002616529818624258,2.8350639695418067e-05,0,0,23.700000762939453,0,0,1600,0,50,0,0,0,50,50,200,0.0,0.0,0.0,0.0
26,158.24639892578125,309.34368896484375,325.8933410644531,325.84918212890625,292.67840576171875,292.72259521484375,16515.818359375,33031.63671875,69.77525329589844,69.77485656738281,1761.7169189453125,3519.29248046875,1722.0638427734375,3433.931640625,284.58740234375,62.089473724365234,4.995325070922263e-06,0,0,2574.530517578125,1295.6512451171875,0,17.21837615966797,2652.8447265625,11.874027252197266,11.878958702087402,885.4270629882812,1766.0643310546875,50.14824676513672,50.14999771118164,96.0,0,0,346.3979187011719,0,7.924896240234375,20.50459098815918,20.54874038696289,0,1.034000039100647,0.9067617654800415,50,2.799999952316284,2.3452184200286865,0,0,0,0,0.0,0,0,0,-0.016075728461146355,0.014255600981414318,-0.0015000002458691597,-0.0033201277256011963,97.59909057617188,98.07189178466797,779.4766845703125,779.848876953125,779.848876953125,544.593994140625,0,0,17.21837615966797,0.0010999999940395355,0.02200000174343586,0.03299999609589577,0.04399999603629112,5655.8173828125,114276.53125,0.0429663360118866,0,3.1392715754918754e-05,48.25143814086914,0,0.0002616529818624258,2.8350639695418067e-05,0,0,23.700000762939453,0,0,1600,0,50,0,0,0,50,50,200,0.0,0.0,0.0,0.0
27,158.25132751464844,309.3523254394531,325.8791198730469,325.8348693847656,292.7149963378906,292.7592468261719,16515.818359375,33031.63671875,69.81036376953125,69.80998229980469,1760.2203369140625,3516.191650390625,1722.061767578125,3433.93408203125,284.5910339355469,62.09860610961914,2.6466364033694845e-06,0,0,2574.515869140625,1295.8172607421875,0,17.071392059326172,2648.655517578125,11.876646995544434,11.881731986999512,884.3560180664062,1763.91748046875,50.21092987060547,50.214683532714844,96.0,0,0,346.4004211425781,0,7.924896240234375,20.52130889892578,20.56555938720703,0,1.034000039100647,0.9067617654800415,50,2.799999952316284,2.3489277362823486,0,0,0,0,0.0,0,0,0,-0.016759714111685753,0.015411621890962124,-0.0017000001389533281,-0.003048092359676957,97.47374725341797,97.91702270507812,778.7659301757812,779.1148681640625,779.1148681640625,544.2315063476562,0,0,17.071392059326172,0.0010999999940395355,0.02200000174343586,0.03299999609589577,0.04399999603629112,5655.8173828125,114276.53125,0.0429663360118866,0,3.1392715754918754e-05,50.07224655151367,0,0.0002616529818624258,2.8350639695418067e-05,0,0,23.700000762939453,0,0,1600,0,50,0,0,0,50,50,200,0.0,0.0,0.0,0.0
28,158.2557373046875,309.3600769042969,325.864990234375,325.8206481933594,292.7503967285156,292.7947082519531,16515.818359375,33031.63671875,69.84259033203125,69.84221649169922,1758.7752685546875,3513.193115234375,1722.061279296875,3433.9345703125,284.5945129394531,62.10740280151367,2.3479392439185176e-06,0,0,2574.50146484375,1295.96923828125,0,17.0426025390625,2644.7509765625,11.87913990020752,11.88437557220459,883.3671264648438,1761.9366455078125,50.27006912231445,50.27571487426758,96.0,0,0,346.4028625488281,0,7.924896240234375,20.53788948059082,20.58220863342285,0,1.034000039100647,0.9067617654800415,50,2.799999952316284,2.352395534515381,0,0,0,0,0.0,0,0,0,-0.01737406849861145,0.01648935116827488,-0.0019000000320374966,-0.002784718293696642,97.37006378173828,97.7726821899414,778.1137084960938,778.4306030273438,778.4306030273438,543.8934326171875,0,0,17.0426025390625,0.0010999999940395355,0.02200000174343586,0.03299999609589577,0.04399999603629112,5655.8173828125,114276.53125,0.0429663360118866,0,3.1392715754918754e-05,51.8930549621582,0,0.0002616529818624258,2.8350639695418067e-05,0,0,23.700000762939453,0,0,1600,0,50,0,0,0,50,50,200,0.0,0.0,0.0,0.0
29,158.2593231201172,309.36700439453125,325.85107421875,325.80670166015625,292.7843322753906,292.8287048339844,16515.818359375,33031.63671875,69.87214660644531,69.87178039550781,1757.400146484375,3510.33544921875,1722.0579833984375,3433.937744140625,284.5974426269531,62.11482238769531,5.020137905376032e-06,0,0,2574.489501953125,1296.1085205078125,0,17.154136657714844,2641.216552734375,11.881514549255371,11.886896133422852,882.4515991210938,1760.10205078125,50.3250732421875,50.3325309753418,96.0,0,0,346.4049377441406,0,7.924896240234375,20.553861618041992,20.598247528076172,0,1.034000039100647,0.9067617654800415,50,2.799999952316284,2.355543613433838,0,0,0,0,0.0,0,0,0,-0.017921440303325653,0.017465179786086082,-0.002099999925121665,-0.0025562604423612356,97.27350616455078,97.64201354980469,777.5209350585938,777.81103515625,777.81103515625,543.5873413085938,0,0,17.154136657714844,0.0010999999940395355,0.02200000174343586,0.03299999609589577,0.04399999603629112,5655.8173828125,114276.53125,0.0429663360118866,0,3.1392715754918754e-05,53.713863372802734,0,0.0002616529818624258,2.8350639695418067e-05,0,0,23.700000762939453,0,0,1600,0,50,0,0,0,50,50,200,0.0,0.0,0.0,0.0
30,158.26205444335938,309.3731384277344,325.8375549316406,325.7930908203125,292.8166198730469,292.8610534667969,16515.818359375,33031.63671875,69.89923858642578,69.89888000488281,1756.0821533203125,3507.59130859375,1722.055908203125,3433.939697265625,284.5997619628906,62.120662689208984,1.141290454143018e-06,0,0,2574.480224609375,1296.2362060546875,0,17.306283950805664,2637.974609375,11.883774757385254,11.889303207397461,881.6009521484375,1758.3946533203125,50.376548767089844,50.385826110839844,96.0,0,0,346.4065246582031,0,7.924896240234375,20.56898307800293,20.61343765258789,0,1.034000039100647,0.9067617654800415,50,2.799999952316284,2.35843825340271,0,0,0,0,0.0,0,0,0,-0.018407167866826057,0.018360475078225136,-0.0022999998182058334,-0.002346692606806755,97.18292999267578,97.52217102050781,776.9755249023438,777.2426147460938,777.2426147460938,543.3063354492188,0,0,17.306283950805664,0.0010999999940395355,0.02200000174343586,0.03299999609589577,0.04399999603629112,5655.8173828125,114276.53125,0.0429663360118866,0,3.1392715754918754e-05,55.534671783447266,0,0.0002616529818624258,2.8350639695418067e-05,0,0,23.700000762939453,0,0,1600,0,50,0,0,0,50,50,200,0.0,0.0,0.0,0.0
31,158.26406860351562,309.37860107421875,325.82440185546875,325.7799072265625,292.84722900390625,292.8917236328125,16515.818359375,33031.63671875,69.9240493774414,69.9237060546875,1754.816650390625,3504.953369140625,1722.054931640625,3433.94091796875,284.60150146484375,62.12504577636719,-1.3320892549018026e-06,0,0,2574.47314453125,1296.353271484375,0,17.45890235900879,2634.99169921875,11.885930061340332,11.891602516174316,880.8135375976562,1756.81640625,50.424842834472656,50.4359130859375,96.0,0,0,346.4077453613281,0,7.924896240234375,20.58336067199707,20.627849578857422,0,1.034000039100647,0.9067617654800415,50,2.799999952316284,2.3611080646514893,0,0,0,0,0.0,0,0,0,-0.01883927546441555,0.01918463222682476,-0.002499999711290002,-0.0021546429488807917,97.0997085571289,97.41189575195312,776.4735717773438,776.7192993164062,776.7192993164062,543.047607421875,0,0,17.45890235900879,0.0010999999940395355,0.02200000174343586,0.03299999609589577,0.04399999603629112,5655.8173828125,114276.53125,0.0429663360118866,0,3.1392715754918754e-05,57.3554801940918,0,0.0002616529818624258,2.8350639695418067e-05,0,0,23.700000762939453,0,0,1600,0,50,0,0,0,50,50,200,0.0,0.0,0.0,0.0
32,158.26539611816406,309.3834228515625,325.8116455078125,325.7671203613281,292.8760986328125,292.920654296875,16515.818359375,33031.63671875,69.9467544555664,69.94642639160156,1753.6007080078125,3502.416259765625,1722.0511474609375,3433.9443359375,284.60272216796875,62.128108978271484,-2.755191644610022e-06,0,0,2574.468017578125,1296.460693359375,0,17.59518051147461,2632.24853515625,11.887985229492188,11.893796920776367,880.0817260742188,1755.3489990234375,50.47013473510742,50.48299789428711,96.0,0,0,346.4085998535156,0,7.924896240234375,20.59695816040039,20.6414794921875,0,1.034000039100647,0.9067617654800415,50,2.799999952316284,2.3635687828063965,0,0,0,0,0.0,0,0,0,-0.01922043226659298,0.019942887127399445,-0.0026999996043741703,-0.0019775452092289925,97.02347564697266,97.31047821044922,776.011962890625,776.2378540039062,776.2378540039062,542.8094482421875,0,0,17.59518051147461,0.0010999999940395355,0.02200000174343586,0.03299999609589577,0.04399999603629112,5655.8173828125,114276.53125,0.0429663360118866,0,3.1392715754918754e-05,59.17628860473633,0,0.0002616529818624258,2.8350639695418067e-05,0,0,23.700000762939453,0,0,1600,0,50,0,0,0,50,50,200,0.0,0.0,0.0,0.0
33,158.26612854003906,309.3876953125,325.79937744140625,325.75482177734375,292.9031982421875,292.94781494140625,16515.818359375,33031.63671875,69.967529296875,69.96720886230469,1752.431640625,3499.97412109375,1722.0467529296875,3433.94873046875,284.6034851074219,62.12999725341797,-2.321191686860402e-06,0,0,2574.465087890625,1296.558837890625,0,17.72003746032715,2629.727294921875,11.889945030212402,11.895894050598145,879.4039916992188,1753.9898681640625,50.51266098022461,50.52724075317383,96.0,0,0,346.40911865234375,0,7.924896240234375,20.6097412109375,20.654296875,0,1.034000039100647,0.9067617654800415,50,2.799999952316284,2.3658347129821777,0,0,0,0,0.0,0,0,0,-0.019558675587177277,0.020639939233660698,-0.0028999994974583387,-0.001818736782297492,96.95331573486328,97.21727752685547,775.5875244140625,775.7952880859375,775.7952880859375,542.5904541015625,0,0,17.72003746032715,0.0010999999940395355,0.02200000174343586,0.03299999609589577,0.04399999603629112,5655.8173828125,114276.53125,0.0429663360118866,0,3.1392715754918754e-05,60.99709701538086,0,0.0002616529818624258,2.8350639695418067e-05,0,0,23.700000762939453,0,0,1600,0,50,0,0,0,50,50,200,0.0,0.0,0.0,0.0
34,158.26634216308594,309.3914489746094,325.78759765625,325.7430114746094,292.9286193847656,292.9732666015625,16515.818359375,33031.63671875,69.98651123046875,69.9862060546875,1751.306396484375,3497.620361328125,1722.04736328125,3433.948486328125,284.60382080078125,62.130863189697266,1.9387516658753157e-06,0,0,2574.46337890625,1296.648681640625,0,17.835662841796875,2627.4091796875,11.891815185546875,11.897896766662598,878.7763671875,1752.728271484375,50.552589416503906,50.5688591003418,96.0,0,0,346.4093933105469,0,7.924896240234375,20.62177848815918,20.66636848449707,0,1.034000039100647,0.9067617654800415,50,2.799999952316284,2.367922067642212,0,0,0,0,0.0,0,0,0,-0.019856678321957588,0.021281234920024872,-0.003099999390542507,-0.001675441861152649,96.89495849609375,97.13157653808594,775.2018432617188,775.3881225585938,775.3881225585938,542.3888549804688,0,0,17.835662841796875,0.0010999999940395355,0.02200000174343586,0.03299999609589577,0.04399999603629112,5655.8173828125,114276.53125,0.0429663360118866,0,3.1392715754918754e-05,62.81790542602539,0,0.0002616529818624258,2.8350639695418067e-05,0,0,23.700000762939453,0,0,1600,0,50,0,0,0,50,50,200,0.0,0.0,0.0,0.0
35,158.26609802246094,309.394775390625,325.7763671875,325.7317199707031,292.9523010253906,292.9969787597656,16515.818359375,33031.63671875,70.00385284423828,70.00354766845703,1750.2259521484375,3495.357177734375,1722.0447998046875,3433.950927734375,284.6037902832031,62.13079071044922,1.5353391518146964e-06,0,0,2574.46337890625,1296.73095703125,0,17.94695281982422,2625.309814453125,11.893599510192871,11.899813652038574,878.1967163085938,1751.5618896484375,50.58988571166992,50.60778045654297,96.0,0,0,346.4093933105469,0,7.924896240234375,20.63300323486328,20.67765998840332,0,1.034000039100647,0.9067617654800415,50,2.799999952316284,2.3698155879974365,0,0,0,0,0.0,0,0,0,-0.02011979930102825,0.021862076595425606,-0.0032999992836266756,-0.0015577215235680342,96.83582305908203,97.05397033691406,774.84765625,775.0193481445312,775.0193481445312,542.2062377929688,0,0,17.94695281982422,0.0010999999940395355,0.02200000174343586,0.03299999609589577,0.04399999603629112,5655.8173828125,114276.53125,0.0429663360118866,0,3.1392715754918754e-05,64.63871765136719,0,0.0002616529818624258,2.8350639695418067e-05,0,0,23.700000762939453,0,0,1600,0,50,0,0,0,50,50,200,0.0,0.0,0.0,0.0
36,158.26536560058594,309.39776611328125,325.76568603515625,325.7209777832031,292.9743957519531,293.0190734863281,16515.818359375,33031.63671875,70.01968383789062,70.01939392089844,1749.1822509765625,3493.16650390625,1722.044921875,3433.950439453125,284.60345458984375,62.129940032958984,-4.005730431799748e-07,0,0,2574.465087890625,1296.8065185546875,0,18.037208557128906,2623.369873046875,11.895302772521973,11.90164566040039,877.6604614257812,1750.487548828125,50.62503433227539,50.64451217651367,96.0,0,0,346.40911865234375,0,7.924896240234375,20.643413543701172,20.688138961791992,0,1.034000039100647,0.9067617654800415,50,2.799999952316284,2.371567964553833,0,0,0,0,0.0,0,0,0,-0.020356085151433945,0.022399017587304115,-0.003499999176710844,-0.0014570667408406734,96.77935028076172,96.98225402832031,774.5187377929688,774.6784057617188,774.6784057617188,542.037353515625,0,0,18.037208557128906,0.0010999999940395355,0.02200000174343586,0.03299999609589577,0.04399999603629112,5655.8173828125,114276.53125,0.0429663360118866,0,3.1392715754918754e-05,66.45953369140625,0,0.0002616529818624258,2.8350639695418067e-05,0,0,23.700000762939453,0,0,1600,0,50,0,0,0,50,50,200,0.0,0.0,0.0,0.0
37,158.26425170898438,309.400390625,325.75555419921875,325.7107849121094,292.9948425292969,293.0395812988281,16515.818359375,33031.63671875,70.03413391113281,70.03385162353516,1748.1761474609375,3491.05419921875,1722.0423583984375,3433.953125,284.60284423828125,62.12841796875,1.7634976074987208e-06,0,0,2574.468017578125,1296.87548828125,0,18.11948585510254,2621.59130859375,11.896929740905762,11.903398513793945,877.1660766601562,1749.4920654296875,50.658023834228516,50.67908477783203,96.0,0,0,346.40863037109375,0,7.924896240234375,20.653076171875,20.69783592224121,0,1.034000039100647,0.9067617654800415,50,2.799999952316284,2.3731770515441895,0,0,0,0,0.0,0,0,0,-0.020565535873174667,0.022891419008374214,-0.0036999990697950125,-0.0013741145376116037,96.7291030883789,96.91650390625,774.2183227539062,774.3657836914062,774.3657836914062,541.8824462890625,0,0,18.11948585510254,0.0010999999940395355,0.02200000174343586,0.03299999609589577,0.04399999603629112,5655.8173828125,114276.53125,0.0429663360118866,0,3.1392715754918754e-05,68.28034973144531,0,0.0002616529818624258,2.8350639695418067e-05,0,0,23.700000762939453,0,0,1600,0,50,0,0,0,50,50,200,0.0,0.0,0.0,0.0
38,158.26280212402344,309.40277099609375,325.7459716796875,325.701171875,293.0137939453125,293.0586242675781,16515.818359375,33031.63671875,70.04731750488281,70.04704284667969,1747.199462890625,3489.000244140625,1722.040771484375,3433.954833984375,284.6020202636719,62.126319885253906,1.2812752174795605e-06,0,0,2574.471923828125,1296.938720703125,0,18.19199562072754,2619.93994140625,11.898483276367188,11.905075073242188,876.7100830078125,1748.5755615234375,50.68919372558594,50.7117919921875,96.0,0,0,346.407958984375,0,7.924896240234375,20.66199493408203,20.706787109375,0,1.034000039100647,0.9067617654800415,50,2.799999952316284,2.3746728897094727,0,0,0,0,0.0,0,0,0,-0.020753514021635056,0.023348785936832428,-0.003899998962879181,-0.0013047256506979465,96.67912292480469,96.85545349121094,773.9365844726562,774.0753784179688,774.0753784179688,541.738525390625,0,0,18.19199562072754,0.0010999999940395355,0.02200000174343586,0.03299999609589577,0.04399999603629112,5655.8173828125,114276.53125,0.0429663360118866,0,3.1392715754918754e-05,70.10116577148438,0,0.0002616529818624258,2.8350639695418067e-05,0,0,23.700000762939453,0,0,1600,0,50,0,0,0,50,50,200,0.0,0.0,0.0,0.0
39,158.26104736328125,309.4048767089844,325.73687744140625,325.6920471191406,293.0313415527344,293.07623291015625,16515.818359375,33031.63671875,70.05934143066406,70.05907440185547,1746.2479248046875,3486.997314453125,1722.0394287109375,3433.956298828125,284.6009826660156,62.12371063232422,-2.6058430648845388e-06,0,0,2574.476806640625,1296.996826171875,0,18.259855270385742,2618.38330078125,11.899965286254883,11.906679153442383,876.28955078125,1747.729736328125,50.71881103515625,50.74292755126953,96.0,0,0,346.4071350097656,0,7.924896240234375,20.670269012451172,20.71509552001953,0,1.034000039100647,0.9067617654800415,50,2.799999952316284,2.376084566116333,0,0,0,0,0.0,0,0,0,-0.02092001587152481,0.023780090734362602,-0.004099998623132706,-0.0012399244587868452,96.63096618652344,96.79790496826172,773.6701049804688,773.8015747070312,773.8015747070312,541.6027221679688,0,0,18.259855270385742,0.0010999999940395355,0.02200000174343586,0.03299999609589577,0.04399999603629112,5655.8173828125,114276.53125,0.0429663360118866,0,3.1392715754918754e-05,71.92198181152344,0,0.0002616529818624258,2.8350639695418067e-05,0,0,23.700000762939453,0,0,1600,0,50,0,0,0,50,50,200,0.0,0.0,0.0,0.0
40,158.25897216796875,309.4067077636719,325.7283020019531,325.6834411621094,293.0476379394531,293.0925598144531,16515.818359375,33031.63671875,70.0703125,70.07005310058594,1745.3192138671875,3485.042236328125,1722.0391845703125,3433.956298828125,284.5997314453125,62.12060546875,3.0619091830885736e-06,0,0,2574.482421875,1297.0498046875,0,18.3269100189209,2616.909912109375,11.901384353637695,11.90821361541748,875.9003295898438,1746.9443359375,50.747039794921875,50.77260971069336,96.0,0,0,346.4061584472656,0,7.924896240234375,20.67786407470703,20.72272491455078,0,1.034000039100647,0.9067617654800415,50,2.799999952316284,2.377422571182251,0,0,0,0,0.0,0,0,0,-0.021065039560198784,0.02418864704668522,-0.004299998749047518,-0.0011763917282223701,96.58518981933594,96.7434310913086,773.4176025390625,773.5421752929688,773.5421752929688,541.4739990234375,0,0,18.3269100189209,0.0010999999940395355,0.02200000174343586,0.03299999609589577,0.04399999603629112,5655.8173828125,114276.53125,0.0429663360118866,0,3.1392715754918754e-05,73.7427978515625,0,0.0002616529818624258,2.8350639695418067e-05,0,0,23.700000762939453,0,0,1600,0,50,0,0,0,50,50,200,0.0,0.0,0.0,0.0
41,158.25660705566406,309.40826416015625,325.7201843261719,325.67529296875,293.0626525878906,293.10760498046875,16515.818359375,33031.63671875,70.08031463623047,70.08006286621094,1744.41357421875,3483.134033203125,1722.041015625,3433.954345703125,284.5982971191406,62.116973876953125,3.000733840963221e-06,0,0,2574.4892578125,1297.09814453125,0,18.398548126220703,2615.51416015625,11.902737617492676,11.90968132019043,875.5389404296875,1746.21630859375,50.773921966552734,50.80088424682617,96.0,0,0,346.405029296875,0,7.924896240234375,20.68484878540039,20.72974395751953,0,1.034000039100647,0.9067617654800415,50,2.799999952316284,2.3786911964416504,0,0,0,0,0.0,0,0,0,-0.021188583225011826,0.024575836956501007,-0.0044999984093010426,-0.0011127444449812174,96.54197692871094,96.69183349609375,773.1784057617188,773.2963256835938,773.2963256835938,541.3519287109375,0,0,18.398548126220703,0.0010999999940395355,0.02200000174343586,0.03299999609589577,0.04399999603629112,5655.8173828125,114276.53125,0.0429663360118866,0,3.1392715754918754e-05,75.56361389160156,0,0.0002616529818624258,2.8350639695418067e-05,0,0,23.700000762939453,0,0,1600,0,50,0,0,0,50,50,200,0.0,0.0,0.0,0.0
42,158.25389099121094,309.40948486328125,325.7125244140625,325.6676025390625,293.07647705078125,293.1214904785156,16515.818359375,33031.63671875,70.08940887451172,70.08916473388672,1743.53076171875,3481.270263671875,1722.036376953125,3433.959228515625,284.5966796875,62.11281967163086,-2.208360456279479e-06,0,0,2574.49658203125,1297.14208984375,0,18.470788955688477,2614.19482421875,11.904027938842773,11.911086082458496,875.2012939453125,1745.535888671875,50.79948043823242,50.82783889770508,96.0,0,0,346.4037170410156,0,7.924896240234375,20.691190719604492,20.73611831665039,0,1.034000039100647,0.9067617654800415,50,2.799999952316284,2.3798916339874268,0,0,0,0,0.0,0,0,0,-0.021285273134708405,0.024942202493548393,-0.004699998535215855,-0.001043069176375866,96.50167083740234,96.64305877685547,772.9524536132812,773.063720703125,773.063720703125,541.236328125,0,0,18.470788955688477,0.0010999999940395355,0.02200000174343586,0.03299999609589577,0.04399999603629112,5655.8173828125,114276.53125,0.0429663360118866,0,3.1392715754918754e-05,77.38442993164062,0,0.0002616529818624258,2.8350639695418067e-05,0,0,23.700000762939453,0,0,1600,0,50,0,0,0,50,50,200,0.0,0.0,0.0,0.0
43,158.25086975097656,309.4104309082031,325.70526123046875,325.6602783203125,293.0892028808594,293.13421630859375,16515.818359375,33031.63671875,70.09767150878906,70.0974349975586,1742.6705322265625,3479.4521484375,1722.0345458984375,3433.961181640625,284.5948181152344,62.1081428527832,-1.9296387563372264e-06,0,0,2574.505126953125,1297.182373046875,0,18.54772186279297,2612.953125,11.905259132385254,11.91242790222168,874.8834838867188,1744.8956298828125,50.823734283447266,50.853458404541016,96.0,0,0,346.4022521972656,0,7.924896240234375,20.696989059448242,20.741985321044922,0,1.034000039100647,0.9067617654800415,50,2.799999952316284,2.3810224533081055,0,0,0,0,0.0,0,0,0,-0.021360477432608604,0.025287309661507607,-0.004899998195469379,-0.000973166199401021,96.4646224975586,96.59716033935547,772.7402954101562,772.8446044921875,772.8446044921875,541.1273193359375,0,0,18.54772186279297,0.0010999999940395355,0.02200000174343586,0.03299999609589577,0.04399999603629112,5655.8173828125,114276.53125,0.0429663360118866,0,3.1392715754918754e-05,79.20524597167969,0,0.0002616529818624258,2.8350639695418067e-05,0,0,23.700000762939453,0,0,1600,0,50,0,0,0,50,50,200,0.0,0.0,0.0,0.0
44,158.24752807617188,309.4111328125,325.6983947753906,325.6533508300781,293.100830078125,293.1459045410156,16515.818359375,33031.63671875,70.10515594482422,70.10492706298828,1741.8319091796875,3477.680419921875,1722.034423828125,3433.961181640625,284.5927429199219,62.102943420410156,3.836898940789979e-06,0,0,2574.5146484375,1297.2183837890625,0,18.625261306762695,2611.7919921875,11.906435012817383,11.913710594177246,874.5869750976562,1744.2952880859375,50.846702575683594,50.87776565551758,96.0,0,0,346.400634765625,0,7.924896240234375,20.70224380493164,20.74727439880371,0,1.034000039100647,0.9067617654800415,50,2.799999952316284,2.3820812702178955,0,0,0,0,0.0,0,0,0,-0.021414196118712425,0.025610413402318954,-0.0050999983213841915,-0.0009037815034389496,96.43049621582031,96.55422973632812,772.5420532226562,772.6394653320312,772.6394653320312,541.025146484375,0,0,18.625261306762695,0.0010999999940395355,0.02200000174343586,0.03299999609589577,0.04399999603629112,5655.8173828125,114276.53125,0.0429663360118866,0,3.1392715754918754e-05,81.02606201171875,0,0.0002616529818624258,2.8350639695418067e-05,0,0,23.700000762939453,0,0,1600,0,50,0,0,0,50,50,200,0.0,0.0,0.0,0.0
45,158.243896484375,309.4115295410156,325.6918640136719,325.6468200683594,293.1114501953125,293.1565856933594,16515.818359375,33031.63671875,70.1119155883789,70.1116943359375,1741.0211181640625,3475.966064453125,1722.0306396484375,3433.96484375,284.59051513671875,62.09726333618164,2.108671850464816e-07,0,0,2574.525146484375,1297.2515869140625,0,18.699291229248047,2610.73779296875,11.90755558013916,11.914936065673828,874.3079223632812,1743.735107421875,50.86819076538086,50.90058898925781,96.0,0,0,346.3988342285156,0,7.924896240234375,20.70695686340332,20.75202178955078,0,1.034000039100647,0.9067617654800415,50,2.799999952316284,2.383043050765991,0,0,0,0,0.0,0,0,0,-0.021446427330374718,0.025904038920998573,-0.005299997981637716,-0.000842386158183217,96.40251159667969,96.5152587890625,772.3642578125,772.4530029296875,772.4530029296875,540.9321899414062,0,0,18.699291229248047,0.0010999999940395355,0.02200000174343586,0.03299999609589577,0.04399999603629112,5655.8173828125,114276.53125,0.0429663360118866,0,3.1392715754918754e-05,82.84687805175781,0,0.0002616529818624258,2.8350639695418067e-05,0,0,23.700000762939453,0,0,1600,0,50,0,0,0,50,50,200,0.0,0.0,0.0,0.0
46,158.2400360107422,309.4117431640625,325.6856384277344,325.6405029296875,293.1211853027344,293.1663818359375,16515.818359375,33031.63671875,70.11800384521484,70.11779022216797,1740.2335205078125,3474.297119140625,1722.0335693359375,3433.9619140625,284.58807373046875,62.09114074707031,3.6380797610036097e-06,0,0,2574.53662109375,1297.2808837890625,0,18.773765563964844,2609.773681640625,11.908621788024902,11.916104316711426,874.0479736328125,1743.20751953125,50.88838195800781,50.92201614379883,96.0,0,0,346.39691162109375,0,7.924896240234375,20.71126365661621,20.75639533996582,0,1.034000039100647,0.9067617654800415,50,2.799999952316284,2.3839235305786133,0,0,0,0,0.0,0,0,0,-0.021462544798851013,0.026172883808612823,-0.005499998107552528,-0.0007896590977907181,96.3747787475586,96.4796142578125,772.1997680664062,772.2823486328125,772.2823486328125,540.8469848632812,0,0,18.773765563964844,0.0010999999940395355,0.02200000174343586,0.03299999609589577,0.04399999603629112,5655.8173828125,114276.53125,0.0429663360118866,0,3.1392715754918754e-05,84.66769409179688,0,0.0002616529818624258,2.8350639695418067e-05,0,0,23.700000762939453,0,0,1600,0,50,0,0,0,50,50,200,0.0,0.0,0.0,0.0
47,158.23599243164062,309.4117736816406,325.6796569824219,325.6344909667969,293.1300354003906,293.1752624511719,16515.818359375,33031.63671875,70.12347412109375,70.1232681274414,1739.464111328125,3472.66845703125,1722.034423828125,3433.961669921875,284.5855407714844,62.08468246459961,-1.5204512919808622e-06,0,0,2574.54833984375,1297.3079833984375,0,18.83762550354004,2608.876953125,11.909638404846191,11.917221069335938,873.8040771484375,1742.715087890625,50.90742111206055,50.94233322143555,96.0,0,0,346.3948974609375,0,7.924896240234375,20.71523094177246,20.76039695739746,0,1.034000039100647,0.9067617654800415,50,2.799999952316284,2.3847427368164062,0,0,0,0,0.0,0,0,0,-0.021465228870511055,0.026423251256346703,-0.005699997767806053,-0.0007419765461236238,96.34838104248047,96.44646453857422,772.046142578125,772.1233520507812,772.1233520507812,540.767578125,0,0,18.83762550354004,0.0010999999940395355,0.02200000174343586,0.03299999609589577,0.04399999603629112,5655.8173828125,114276.53125,0.0429663360118866,0,3.1392715754918754e-05,86.48851013183594,0,0.0002616529818624258,2.8350639695418067e-05,0,0,23.700000762939453,0,0,1600,0,50,0,0,0,50,50,200,0.0,0.0,0.0,0.0
48,158.23175048828125,309.41162109375,325.6739807128906,325.6287841796875,293.1380615234375,293.1833190917969,16515.818359375,33031.63671875,70.12837219238281,70.128173828125,1738.7137451171875,3471.074951171875,1722.0328369140625,3433.962890625,284.5828552246094,62.07789611816406,-3.4669753858906915e-06,0,0,2574.560546875,1297.332275390625,0,18.9000301361084,2608.037841796875,11.910605430603027,11.91828727722168,873.5777587890625,1742.2568359375,50.925498962402344,50.961578369140625,96.0,0,0,346.39276123046875,0,7.924896240234375,20.718791961669922,20.76399040222168,0,1.034000039100647,0.9067617654800415,50,2.799999952316284,2.385510206222534,0,0,0,0,0.0,0,0,0,-0.02145448513329029,0.026657700538635254,-0.005899997893720865,-0.0006967820227146149,96.32960510253906,96.41544342041016,771.906982421875,771.9744873046875,771.9744873046875,540.693115234375,0,0,18.9000301361084,0.0010999999940395355,0.02200000174343586,0.03299999609589577,0.04399999603629112,5655.8173828125,114276.53125,0.0429663360118866,0,3.1392715754918754e-05,88.309326171875,0,0.0002616529818624258,2.8350639695418067e-05,0,0,23.700000762939453,0,0,1600,0,50,0,0,0,50,50,200,0.0,0.0,0.0,0.0
49,158.2273406982422,309.4113464355469,325.6686096191406,325.62335205078125,293.1452941894531,293.19061279296875,16515.818359375,33031.63671875,70.13274383544922,70.1325454711914,1737.9798583984375,3469.517333984375,1722.0322265625,3433.963134765625,284.5800476074219,62.07085418701172,-1.7980798929784214e-06,0,0,2574.57373046875,1297.35400390625,0,18.955463409423828,2607.26513671875,11.911526679992676,11.919301986694336,873.3650512695312,1741.8240966796875,50.942466735839844,50.97972869873047,96.0,0,0,346.3905334472656,0,7.924896240234375,20.72191047668457,20.767179489135742,0,1.034000039100647,0.9067617654800415,50,2.799999952316284,2.3862171173095703,0,0,0,0,0.0,0,0,0,-0.021432997658848763,0.026873886585235596,-0.006099998485296965,-0.0006591095589101315,96.30428314208984,96.38687896728516,771.772216796875,771.8372192382812,771.8372192382812,540.6243896484375,0,0,18.955463409423828,0.0010999999940395355,0.02200000174343586,0.03299999609589577,0.04399999603629112,5655.8173828125,114276.53125,0.0429663360118866,0,3.1392715754918754e-05,90.13014221191406,0,0.0002616529818624258,2.8350639695418067e-05,0,0,23.700000762939453,0,0,1600,0,50,0,0,0,50,50,200,0.0,0.0,0.0,0.0
50,158.22279357910156,309.4109191894531,325.6634521484375,325.6181335449219,293.1518249511719,293.1972351074219,16515.818359375,33031.63671875,70.1366195678711,70.13643646240234,1737.2694091796875,3468.004638671875,1722.031982421875,3433.9638671875,284.5771789550781,62.063568115234375,-5.4064767027739435e-06,0,0,2574.587158203125,1297.3734130859375,0,19.011878967285156,2606.552734375,11.912400245666504,11.920269012451172,873.1668701171875,1741.4248046875,50.95845413208008,50.996826171875,96.0,0,0,346.38824462890625,0,7.924896240234375,20.72479248046875,20.77012825012207,0,1.034000039100647,0.9067617654800415,50,2.799999952316284,2.386869192123413,0,0,0,0,0.0,0,0,0,-0.02139808051288128,0.027073413133621216,-0.006299999076873064,-0.0006246669217944145,96.28550720214844,96.36054229736328,771.6514892578125,771.7105712890625,771.7105712890625,540.5608520507812,0,0,19.011878967285156,0.0010999999940395355,0.02200000174343586,0.03299999609589577,0.04399999603629112,5655.8173828125,114276.53125,0.0429663360118866,0,3.1392715754918754e-05,91.95095825195312,0,0.0002616529818624258,2.8350639695418067e-05,0,0,23.700000762939453,0,0,1600,0,50,0,0,0,50,50,200,0.0,0.0,0.0,0.0
51,158.2181396484375,309.41064453125,325.6585388183594,325.6131896972656,293.15777587890625,293.2032470703125,16515.818359375,33031.63671875,70.14005279541016,70.13987731933594,1736.5750732421875,3466.52783203125,1722.0294189453125,3433.966064453125,284.5741882324219,62.05607604980469,2.1536473013838986e-06,0,0,2574.600830078125,1297.391845703125,0,19.063735961914062,2605.900634765625,11.913230895996094,11.92119026184082,872.9820556640625,1741.0506591796875,50.973426818847656,51.0129280090332,96.0,0,0,346.3858947753906,0,7.924896240234375,20.727336883544922,20.772705078125,0,1.034000039100647,0.9067617654800415,50,2.799999952316284,2.3874664306640625,0,0,0,0,0.0,0,0,0,-0.02137659303843975,0.027256272733211517,-0.0064999996684491634,-0.0006203209049999714,96.26608276367188,96.33644104003906,771.5390625,771.594482421875,771.594482421875,540.5025634765625,0,0,19.063735961914062,0.0010999999940395355,0.02200000174343586,0.03299999609589577,0.04399999603629112,5655.8173828125,114276.53125,0.0429663360118866,0,3.1392715754918754e-05,93.77177429199219,0,0.0002616529818624258,2.8350639695418067e-05,0,0,23.700000762939453,0,0,1600,0,50,0,0,0,50,50,200,0.0,0.0,0.0,0.0
52,158.21339416503906,309.4100036621094,325.65386962890625,325.6084289550781,293.1631164550781,293.2086181640625,16515.818359375,33031.63671875,70.14310455322266,70.14292907714844,1735.8868408203125,3465.064453125,1722.0286865234375,3433.96728515625,284.5711669921875,62.04841232299805,4.839891516894568e-06,0,0,2574.614990234375,1297.40625,0,19.11228370666504,2605.251953125,11.914019584655762,11.922066688537598,872.8182373046875,1740.7158203125,50.987857818603516,51.02847671508789,96.0,0,0,346.38348388671875,0,7.924896240234375,20.7296085357666,20.77504539489746,0,1.034000039100647,0.9067617654800415,50,2.799999952316284,2.388061046600342,0,0,0,0,0.0,0,0,0,-0.02132556214928627,0.02743806503713131,-0.006700000260025263,-0.0005874973721802235,96.24038696289062,96.31245422363281,771.4223022460938,771.4790649414062,771.4790649414062,540.4447021484375,0,0,19.11228370666504,0.0010999999940395355,0.02200000174343586,0.03299999609589577,0.04399999603629112,5655.8173828125,114276.53125,0.0429663360118866,0,3.1392715754918754e-05,95.59259033203125,0,0.0002616529818624258,2.8350639695418067e-05,0,0,23.700000762939453,0,0,1600,0,50,0,0,0,50,50,200,0.0,0.0,0.0,0.0
53,158.20851135253906,309.4092102050781,325.6493835449219,325.6039123535156,293.16790771484375,293.21343994140625,16515.818359375,33031.63671875,70.14576721191406,70.14559936523438,1735.216552734375,3463.63671875,1722.0328369140625,3433.962890625,284.56805419921875,62.04055404663086,-8.33790295473591e-07,0,0,2574.62939453125,1297.4197998046875,0,19.16011619567871,2604.630615234375,11.914766311645508,11.92289924621582,872.6548461914062,1740.3836669921875,51.001609802246094,51.04326629638672,96.0,0,0,346.38104248046875,0,7.924896240234375,20.73164176940918,20.77711296081543,0,1.034000039100647,0.9067617654800415,50,2.799999952316284,2.3886306285858154,0,0,0,0,0.0,0,0,0,-0.021263787522912025,0.027612701058387756,-0.006900000851601362,-0.0005510863848030567,96.2234115600586,96.28948974609375,771.316162109375,771.3681640625,771.3681640625,540.3888549804688,0,0,19.16011619567871,0.0010999999940395355,0.02200000174343586,0.03299999609589577,0.04399999603629112,5655.8173828125,114276.53125,0.0429663360118866,0,3.1392715754918754e-05,97.41340637207031,0,0.0002616529818624258,2.8350639695418067e-05,0,0,23.700000762939453,0,0,1600,0,50,0,0,0,50,50,200,0.0,0.0,0.0,0.0
54,158.2034912109375,309.4082946777344,325.6451110839844,325.5995788574219,293.1721496582031,293.21771240234375,16515.818359375,33031.63671875,70.14807891845703,70.14791870117188,1734.5606689453125,3462.239990234375,1722.031982421875,3433.963623046875,284.5648498535156,62.03248596191406,4.080040980625199e-06,0,0,2574.644287109375,1297.431640625,0,19.21548080444336,2604.059326171875,11.915472984313965,11.923689842224121,872.5010375976562,1740.0687255859375,51.01447677612305,51.05718994140625,96.0,0,0,346.37847900390625,0,7.924896240234375,20.73337173461914,20.778911590576172,0,1.034000039100647,0.9067617654800415,50,2.799999952316284,2.3891546726226807,0,0,0,0,0.0,0,0,0,-0.021191269159317017,0.027773667126893997,-0.007100001443177462,-0.000517603475600481,96.20670318603516,96.26836395263672,771.2174072265625,771.2659301757812,771.2659301757812,540.3373413085938,0,0,19.21548080444336,0.0010999999940395355,0.02200000174343586,0.03299999609589577,0.04399999603629112,5655.8173828125,114276.53125,0.0429663360118866,0,3.1392715754918754e-05,99.23422241210938,0,0.0002616529818624258,2.8350639695418067e-05,0,0,23.700000762939453,0,0,1600,0,50,0,0,0,50,50,200,0.0,0.0,0.0,0.0
55,158.19837951660156,309.40728759765625,325.6410217285156,325.59539794921875,293.1759033203125,293.2214660644531,16515.818359375,33031.63671875,70.1500473022461,70.14989471435547,1733.920166015625,3460.87158203125,1722.0284423828125,3433.967529296875,284.56158447265625,62.02421188354492,-1.1090778571087867e-06,0,0,2574.6591796875,1297.4417724609375,0,19.271650314331055,2603.526123046875,11.91614055633545,11.924440383911133,872.3544921875,1739.7728271484375,51.0266227722168,51.070308685302734,96.0,0,0,346.3758850097656,0,7.924896240234375,20.73486328125,20.78046989440918,0,1.034000039100647,0.9067617654800415,50,2.799999952316284,2.389643907546997,0,0,0,0,0.0,0,0,0,-0.021110696718096733,0.02792416512966156,-0.007300002034753561,-0.00048653455451130867,96.19083404541016,96.2486572265625,771.1248779296875,771.17041015625,771.17041015625,540.2891235351562,0,0,19.271650314331055,0.0010999999940395355,0.02200000174343586,0.03299999609589577,0.04399999603629112,5655.8173828125,114276.53125,0.0429663360118866,0,3.1392715754918754e-05,101.05503845214844,0,0.0002616529818624258,2.8350639695418067e-05,0,0,23.700000762939453,0,0,1600,0,50,0,0,0,50,50,200,0.0,0.0,0.0,0.0
56,158.19317626953125,309.4061584472656,325.6370544433594,325.59136962890625,293.17919921875,293.2248229980469,16515.818359375,33031.63671875,70.1517105102539,70.15156555175781,1733.293212890625,3459.532470703125,1722.0306396484375,3433.96484375,284.5582275390625,62.015777587890625,1.2066823273926275e-06,0,0,2574.6748046875,1297.45068359375,0,19.32040023803711,2603.026611328125,11.916769027709961,11.925148010253906,872.218505859375,1739.4935302734375,51.03803634643555,51.08267593383789,96.0,0,0,346.37322998046875,0,7.924896240234375,20.736186981201172,20.7818603515625,0,1.034000039100647,0.9067617654800415,50,2.799999952316284,2.3901026248931885,0,0,0,0,1.2050640151186427,0,0,0,-0.021022070199251175,0.02806536853313446,-0.00750000262632966,-0.0004567033611238003,96.1757583618164,96.23018646240234,771.0379028320312,771.0807495117188,771.0807495117188,540.2437744140625,0,0,19.32040023803711,0.0010999999940395355,0.02200000174343586,0.03299999609589577,0.04399999603629112,5655.8173828125,114276.53125,0.0429663360118866,0,3.1392715754918754e-05,102.8758544921875,0,0.0002616529818624258,2.8350639695418067e-05,0,0,23.700000762939453,0,0,1600,0,50,0,0,0,50,50,200,0.0,0.0,0.0,0.0
57,158.1879119873047,309.40496826171875,325.6331481933594,325.5874328613281,293.18206787109375,293.227783203125,16515.818359375,33031.63671875,70.15309143066406,70.15294647216797,1732.6783447265625,3458.220703125,1722.0294189453125,3433.96630859375,284.5548400878906,62.0072135925293,5.039648385718465e-06,0,0,2574.6904296875,1297.4578857421875,0,19.368389129638672,2602.55712890625,11.917362213134766,11.925817489624023,872.0894775390625,1739.2333984375,51.04875564575195,51.09436798095703,96.0,0,0,346.37054443359375,0,7.924896240234375,20.737407684326172,20.78311538696289,0,1.034000039100647,0.9067617654800415,50,2.799999952316284,2.390533685684204,0,0,0,0,2.7041636534469773,0,0,0,-0.020928071811795235,0.028198350220918655,-0.00770000321790576,-0.0004297248087823391,96.16161346435547,96.21282958984375,770.9560546875,770.996337890625,770.996337890625,540.200927734375,0,0,19.368389129638672,0.0010999999940395355,0.02200000174343586,0.03299999609589577,0.04399999603629112,5655.8173828125,114276.53125,0.0429663360118866,0,3.1392715754918754e-05,104.69667053222656,0,0.0002616529818624258,2.8350639695418067e-05,0,0,23.700000762939453,0,0,1600,0,50,0,0,0,50,50,200,0.0,0.0,0.0,0.0
58,158.18260192871094,309.4036865234375,325.6294250488281,325.58367919921875,293.18450927734375,293.23028564453125,16515.818359375,33031.63671875,70.15420532226562,70.15406799316406,1732.0762939453125,3456.93505859375,1722.0284423828125,3433.967529296875,284.5514221191406,61.99851608276367,-8.269224167634093e-07,0,0,2574.706298828125,1297.4639892578125,0,19.414142608642578,2602.116455078125,11.917919158935547,11.926450729370117,871.9685668945312,1738.9844970703125,51.058815002441406,51.10539245605469,96.0,0,0,346.3678283691406,0,7.924896240234375,20.73842430114746,20.78416633605957,0,1.034000039100647,0.9067617654800415,50,2.799999952316284,2.3909385204315186,0,0,0,0,4.217724115785664,0,0,0,-0.02082602120935917,0.028323424980044365,-0.007900003343820572,-0.000402599573135376,96.14837646484375,96.19654083251953,770.8789672851562,770.9169311523438,770.9169311523438,540.1605834960938,0,0,19.414142608642578,0.0010999999940395355,0.02200000174343586,0.03299999609589577,0.04399999603629112,5655.8173828125,114276.53125,0.0429663360118866,0,3.1392715754918754e-05,106.51748657226562,0,0.0002616529818624258,2.8350639695418067e-05,0,0,23.700000762939453,0,0,1600,0,50,0,0,0,50,50,200,0.0,0.0,0.0,0.0
59,158.17726135253906,309.40234375,325.6258544921875,325.5800476074219,293.1866149902344,293.2323913574219,16515.818359375,33031.63671875,70.15507507324219,70.15494537353516,1731.4876708984375,3455.67431640625,1722.0291748046875,3433.96630859375,284.54791259765625,61.98969650268555,-4.014271780761192e-06,0,0,2574.722412109375,1297.4691162109375,0,19.46175193786621,2601.702880859375,11.918441772460938,11.927045822143555,871.8535766601562,1738.7491455078125,51.06831359863281,51.11573028564453,96.0,0,0,346.3651428222656,0,7.924896240234375,20.73927116394043,20.78508186340332,0,1.034000039100647,0.9067617654800415,50,2.799999952316284,2.3913185596466064,0,0,0,0,5.7457452763938734,0,0,0,-0.02071860246360302,0.02844102680683136,-0.008100003935396671,-0.00037757959216833115,96.13599395751953,96.1812515258789,770.806640625,770.8422241210938,770.8422241210938,540.1226196289062,0,0,19.46175193786621,0.0010999999940395355,0.02200000174343586,0.03299999609589577,0.04399999603629112,5655.8173828125,114276.53125,0.0429663360118866,0,3.1392715754918754e-05,108.33830261230469,0,0.0002616529818624258,2.8350639695418067e-05,0,0,23.700000762939453,0,0,1600,0,50,0,0,0,50,50,200,0.0,0.0,0.0,0.0
60,158.171875,309.4009094238281,325.62237548828125,325.57647705078125,293.1883850097656,293.2342224121094,16515.818359375,33031.63671875,70.15571594238281,70.15558624267578,1730.911376953125,3454.440185546875,1722.0296630859375,3433.966064453125,284.54437255859375,61.98078536987305,1.2566242446609976e-07,0,0,2574.73828125,1297.4730224609375,0,19.504377365112305,2601.31494140625,11.918929100036621,11.927603721618652,871.7453002929688,1738.5279541015625,51.0771484375,51.12544250488281,96.0,0,0,346.3623962402344,0,7.924896240234375,20.740018844604492,20.78589630126953,0,1.034000039100647,0.9067617654800415,50,2.799999952316284,2.3916752338409424,0,0,0,0,7.28340673486066,0,0,0,-0.020605815574526787,0.028551574796438217,-0.00830000452697277,-0.00035424577072262764,96.1243667602539,96.16690826416016,770.738525390625,770.7720336914062,770.7720336914062,540.0867919921875,0,0,19.504377365112305,0.0010999999940395355,0.02200000174343586,0.03299999609589577,0.04399999603629112,5655.8173828125,114276.53125,0.0429663360118866,0,3.1392715754918754e-05,110.15911865234375,0,0.0002616529818624258,2.8350639695418067e-05,0,0,23.700000762939453,0,0,1600,0,50,0,0,0,50,50,200,0.0,0.0,0.0,0.0
61,158.16644287109375,309.3994140625,325.6190185546875,325.57305908203125,293.1898193359375,293.2357177734375,16515.818359375,33031.63671875,70.15614318847656,70.1560287475586,1730.345703125,3453.23046875,1722.02685546875,3433.96923828125,284.54083251953125,61.971778869628906,3.7613742165376607e-07,0,0,2574.754638671875,1297.4755859375,0,19.5487003326416,2600.950927734375,11.919384002685547,11.92812728881836,871.6438598632812,1738.320556640625,51.085418701171875,51.134559631347656,96.0,0,0,346.3595886230469,0,7.924896240234375,20.7405948638916,20.786540985107422,0,1.034000039100647,0.9067617654800415,50,2.799999952316284,2.392009735107422,0,0,0,0,8.830708994149338,0,0,0,-0.02048766240477562,0.028655502945184708,-0.00850000511854887,-0.00033216504380106926,96.11347961425781,96.15345764160156,770.6746215820312,770.7060546875,770.7060546875,540.0531005859375,0,0,19.5487003326416,0.0010999999940395355,0.02200000174343586,0.03299999609589577,0.04399999603629112,5655.8173828125,114276.53125,0.0429663360118866,0,3.1392715754918754e-05,111.97993469238281,0,0.0002616529818624258,2.8350639695418067e-05,0,0,23.700000762939453,0,0,1600,0,50,0,0,0,50,50,200,0.0,0.0,0.0,0.0
62,158.16099548339844,309.3978576660156,325.6156921386719,325.5697021484375,293.19097900390625,293.2369384765625,16515.818359375,33031.63671875,70.15637969970703,70.15626525878906,1729.79248046875,3452.0439453125,1722.0286865234375,3433.96728515625,284.5372314453125,61.96268081665039,-2.6818388505489565e-06,0,0,2574.770751953125,1297.477294921875,0,19.592018127441406,2600.610107421875,11.919806480407715,11.928617477416992,871.548095703125,1738.1219482421875,51.09310531616211,51.143104553222656,96.0,0,0,346.3568115234375,0,7.924896240234375,20.74113655090332,20.78711700439453,0,1.034000039100647,0.9067617654800415,50,2.799999952316284,2.3923234939575195,0,0,0,0,10.387652054259908,0,0,0,-0.020364142954349518,0.02875312976539135,-0.00870000571012497,-0.0003110188990831375,96.103271484375,96.14085388183594,770.614501953125,770.6441040039062,770.6441040039062,540.0213623046875,0,0,19.592018127441406,0.0010999999940395355,0.02200000174343586,0.03299999609589577,0.04399999603629112,5655.8173828125,114276.53125,0.0429663360118866,0,3.1392715754918754e-05,113.80075073242188,0,0.0002616529818624258,2.8350639695418067e-05,0,0,23.700000762939453,0,0,1600,0,50,0,0,0,50,50,200,0.0,0.0,0.0,0.0
63,158.15554809570312,309.396240234375,325.61248779296875,325.5664367675781,293.19183349609375,293.23785400390625,16515.818359375,33031.63671875,70.15643310546875,70.15632629394531,1729.249755859375,3450.88134765625,1722.029052734375,3433.96630859375,284.5335998535156,61.95353317260742,-2.6571815396891907e-06,0,0,2574.786865234375,1297.478271484375,0,19.634307861328125,2600.29052734375,11.920198440551758,11.929073333740234,871.456787109375,1737.9344482421875,51.10028839111328,51.15105438232422,96.0,0,0,346.3540344238281,0,7.924896240234375,20.741544723510742,20.7875919342041,0,1.034000039100647,0.9067617654800415,50,2.799999952316284,2.3926172256469727,0,0,0,0,11.949414508854794,0,0,0,-0.020235255360603333,0.02884487994015217,-0.008900006301701069,-0.0002903812564909458,96.09376525878906,96.12904357910156,770.55810546875,770.5858154296875,770.5858154296875,539.991455078125,0,0,19.634307861328125,0.0010999999940395355,0.02200000174343586,0.03299999609589577,0.04399999603629112,5655.8173828125,114276.53125,0.0429663360118866,0,3.1392715754918754e-05,115.62156677246094,0,0.0002616529818624258,2.8350639695418067e-05,0,0,23.700000762939453,0,0,1600,0,50,0,0,0,50,50,200,0.0,0.0,0.0,0.0
64,158.15008544921875,309.3945617675781,325.6094055175781,325.56329345703125,293.19244384765625,293.2384948730469,16515.818359375,33031.63671875,70.15635681152344,70.15625,1728.7176513671875,3449.741943359375,1722.027587890625,3433.968017578125,284.5299377441406,61.944313049316406,-3.0359362881426932e-06,0,0,2574.8037109375,1297.4783935546875,0,19.67952537536621,2599.99169921875,11.920560836791992,11.929497718811035,871.3683471679688,1737.755615234375,51.10694122314453,51.158477783203125,96.0,0,0,346.3512268066406,0,7.924896240234375,20.7418155670166,20.787931442260742,0,1.034000039100647,0.9067617654800415,50,2.799999952316284,2.392892360687256,0,0,0,0,13.51117796937631,0,0,0,-0.020103689283132553,0.028930971398949623,-0.009100006893277168,-0.00027272477746009827,96.0848159790039,96.11799621582031,770.5050659179688,770.5311889648438,770.5311889648438,539.9633178710938,0,0,19.67952537536621,0.0010999999940395355,0.02200000174343586,0.03299999609589577,0.04399999603629112,5655.8173828125,114276.53125,0.0429663360118866,0,3.1392715754918754e-05,117.4423828125,0,0.0002616529818624258,2.8350639695418067e-05,0,0,23.700000762939453,0,0,1600,0,50,0,0,0,50,50,200,0.0,0.0,0.0,0.0
65,158.14463806152344,309.39288330078125,325.60638427734375,325.56024169921875,293.19281005859375,293.2388916015625,16515.818359375,33031.63671875,70.15608215332031,70.1559829711914,1728.197509765625,3448.62353515625,1722.026611328125,3433.96923828125,284.5262756347656,61.935054779052734,1.4109659787209239e-06,0,0,2574.81982421875,1297.4779052734375,0,19.71683120727539,2599.71142578125,11.920892715454102,11.929890632629395,871.2869262695312,1737.58544921875,51.11310577392578,51.165367126464844,96.0,0,0,346.34844970703125,0,7.924896240234375,20.74205207824707,20.7882022857666,0,1.034000039100647,0.9067617654800415,50,2.799999952316284,2.393150568008423,0,0,0,0,15.072940423971197,0,0,0,-0.01996944099664688,0.029011934995651245,-0.009300007484853268,-0.00025751441717147827,96.07643127441406,96.10762786865234,770.4552001953125,770.479736328125,770.479736328125,539.936767578125,0,0,19.71683120727539,0.0010999999940395355,0.02200000174343586,0.03299999609589577,0.04399999603629112,5655.8173828125,114276.53125,0.0429663360118866,0,3.1392715754918754e-05,119.26319885253906,0,0.0002616529818624258,2.8350639695418067e-05,0,0,23.700000762939453,0,0,1600,0,50,0,0,0,50,50,200,0.0,0.0,0.0,0.0
66,158.13917541503906,309.39111328125,325.6034240722656,325.5572204589844,293.1929931640625,293.2391357421875,16515.818359375,33031.63671875,70.15567016601562,70.15557098388672,1727.6875,3447.5283203125,1722.026611328125,3433.96875,284.5225830078125,61.92576217651367,6.287983751462889e-07,0,0,2574.8359375,1297.4764404296875,0,19.755632400512695,2599.4482421875,11.921195030212402,11.930251121520996,871.209716796875,1737.426513671875,51.11875534057617,51.17174530029297,96.0,0,0,346.34564208984375,0,7.924896240234375,20.74222183227539,20.78840446472168,0,1.034000039100647,0.9067617654800415,50,2.799999952316284,2.39339280128479,0,0,0,0,16.634703884492712,0,0,0,-0.019829830154776573,0.02908819541335106,-0.009500008076429367,-0.00024164188653230667,96.06845092773438,96.097900390625,770.4081420898438,770.4313354492188,770.4313354492188,539.91162109375,0,0,19.755632400512695,0.0010999999940395355,0.02200000174343586,0.03299999609589577,0.04399999603629112,5655.8173828125,114276.53125,0.0429663360118866,0,3.1392715754918754e-05,121.08401489257812,0,0.0002616529818624258,2.8350639695418067e-05,0,0,23.700000762939453,0,0,1600,0,50,0,0,0,50,50,200,0.0,0.0,0.0,0.0
67,158.13372802734375,309.38934326171875,325.6004943847656,325.5542907714844,293.1929626464844,293.2391662597656,16515.818359375,33031.63671875,70.15511322021484,70.155029296875,1727.1875,3446.453125,1722.02685546875,3433.96875,284.5188903808594,61.91642761230469,4.091280061402358e-06,0,0,2574.852294921875,1297.4744873046875,0,19.79593276977539,2599.200439453125,11.921469688415527,11.930583000183105,871.1367797851562,1737.2762451171875,51.123985290527344,51.177642822265625,96.0,0,0,346.3428649902344,0,7.924896240234375,20.74235725402832,20.78857421875,0,1.034000039100647,0.9067617654800415,50,2.799999952316284,2.3936209678649902,0,0,0,0,18.1964663390876,0,0,0,-0.019690223038196564,0.029160188511013985,-0.009700008668005466,-0.00023004412651062012,96.0609359741211,96.08873748779297,770.3637084960938,770.3856201171875,770.3856201171875,539.887939453125,0,0,19.79593276977539,0.0010999999940395355,0.02200000174343586,0.03299999609589577,0.04399999603629112,5655.8173828125,114276.53125,0.0429663360118866,0,3.1392715754918754e-05,122.90483093261719,0,0.0002616529818624258,2.8350639695418067e-05,0,0,23.700000762939453,0,0,1600,0,50,0,0,0,50,50,200,0.0,0.0,0.0,0.0
68,158.12828063964844,309.38751220703125,325.5976867675781,325.5513916015625,293.1927490234375,293.239013671875,16515.818359375,33031.63671875,70.15444946289062,70.15436553955078,1726.6964111328125,3445.399658203125,1722.0252685546875,3433.970458984375,284.51519775390625,61.90707778930664,5.229731414146954e-06,0,0,2574.868896484375,1297.4718017578125,0,19.832300186157227,2598.966552734375,11.921716690063477,11.93088436126709,871.0679931640625,1737.1319580078125,51.12873458862305,51.18309020996094,96.0,0,0,346.3400573730469,0,7.924896240234375,20.74239158630371,20.788677215576172,0,1.034000039100647,0.9067617654800415,50,2.799999952316284,2.393836259841919,0,0,0,0,19.758229799609115,0,0,0,-0.01954525336623192,0.0292283333837986,-0.009900009259581566,-0.00021692924201488495,96.0537109375,96.08009338378906,770.3215942382812,770.3423461914062,770.3423461914062,539.8654174804688,0,0,19.832300186157227,0.0010999999940395355,0.02200000174343586,0.03299999609589577,0.04399999603629112,5655.8173828125,114276.53125,0.0429663360118866,0,3.1392715754918754e-05,124.72564697265625,0,0.0002616529818624258,2.8350639695418067e-05,0,0,23.700000762939453,0,0,1600,0,50,0,0,0,50,50,200,0.0,0.0,0.0,0.0
69,158.1228485107422,309.38568115234375,325.59490966796875,325.548583984375,293.1923828125,293.2386779785156,16515.818359375,33031.63671875,70.1536636352539,70.1535873413086,1726.2159423828125,3444.364501953125,1722.0240478515625,3433.971923828125,284.511474609375,61.897705078125,2.882135504478356e-06,0,0,2574.885009765625,1297.468505859375,0,19.870098114013672,2598.745849609375,11.921936988830566,11.931157112121582,871.0011596679688,1736.99609375,51.13309097290039,51.18807601928711,96.0,0,0,346.3372497558594,0,7.924896240234375,20.74235725402832,20.788677215576172,0,1.034000039100647,0.9067617654800415,50,2.799999952316284,2.3940393924713135,0,0,0,0,21.315172859719684,0,0,0,-0.01940028928220272,0.029292847961187363,-0.010100009851157665,-0.00020745070651173592,96.046875,96.07193756103516,770.2816772460938,770.3013916015625,770.3013916015625,539.843994140625,0,0,19.870098114013672,0.0010999999940395355,0.02200000174343586,0.03299999609589577,0.04399999603629112,5655.8173828125,114276.53125,0.0429663360118866,0,3.1392715754918754e-05,126.54646301269531,0,0.0002616529818624258,2.8350639695418067e-05,0,0,23.700000762939453,0,0,1600,0,50,0,0,0,50,50,200,0.0,0.0,0.0,0.0
70,158.117431640625,309.3837890625,325.5921630859375,325.54583740234375,293.19183349609375,293.2381896972656,16515.818359375,33031.63671875,70.15277862548828,70.15270233154297,1725.744384765625,3443.348876953125,1722.0269775390625,3433.96875,284.5077819824219,61.88832473754883,-6.274757424762356e-07,0,0,2574.9013671875,1297.46484375,0,19.906597137451172,2598.53662109375,11.922130584716797,11.931402206420898,870.9384765625,1736.8663330078125,51.13703918457031,51.19264602661133,96.0,0,0,346.3345031738281,0,7.924896240234375,20.74235725402832,20.788677215576172,0,1.034000039100647,0.9067617654800415,50,2.799999952316284,2.3942322731018066,0,0,0,0,22.867295519419308,0,0,0,-0.019249960780143738,0.029354264959692955,-0.010300010442733765,-0.00019570626318454742,96.0403060913086,96.06420135498047,770.2435913085938,770.2623901367188,770.2623901367188,539.8235473632812,0,0,19.906597137451172,0.0010999999940395355,0.02200000174343586,0.03299999609589577,0.04399999603629112,5655.8173828125,114276.53125,0.0429663360118866,0,3.1392715754918754e-05,128.36727905273438,0,0.0002616529818624258,2.8350639695418067e-05,0,0,23.700000762939453,0,0,1600,0,50,0,0,0,50,50,200,0.0,0.0,0.0,0.0
71,158.11204528808594,309.38189697265625,325.58953857421875,325.54315185546875,293.1911315917969,293.2375183105469,16515.818359375,33031.63671875,70.15179443359375,70.15171813964844,1725.2816162109375,3442.352783203125,1722.0269775390625,3433.96826171875,284.5040283203125,61.87892532348633,3.593609335439396e-06,0,0,2574.91748046875,1297.460693359375,0,19.94450569152832,2598.338134765625,11.9222993850708,11.931619644165039,870.8788452148438,1736.7425537109375,51.140602111816406,51.19679641723633,96.0,0,0,346.33172607421875,0,7.924896240234375,20.7421875,20.78857421875,0,1.034000039100647,0.9067617654800415,50,2.799999952316284,2.3944151401519775,0,0,0,0,24.414597778707986,0,0,0,-0.019099639728665352,0.029412690550088882,-0.010500011034309864,-0.00018696114420890808,96.03413391113281,96.0568618774414,770.2073974609375,770.2252807617188,770.2252807617188,539.8040771484375,0,0,19.94450569152832,0.0010999999940395355,0.02200000174343586,0.03299999609589577,0.04399999603629112,5655.8173828125,114276.53125,0.0429663360118866,0,3.1392715754918754e-05,130.18807983398438,0,0.0002616529818624258,2.8350639695418067e-05,0,0,23.700000762939453,0,0,1600,0,50,0,0,0,50,50,200,0.0,0.0,0.0,0.0
72,158.10667419433594,309.37994384765625,325.5869445800781,325.54046630859375,293.1903076171875,293.2367248535156,16515.818359375,33031.63671875,70.15071868896484,70.1506576538086,1724.8280029296875,3441.37548828125,1722.025390625,3433.970458984375,284.5003356933594,61.86952590942383,-2.8210408800077857e-06,0,0,2574.933349609375,1297.4559326171875,0,19.978391647338867,2598.149169921875,11.922442436218262,11.93181037902832,870.8232421875,1736.624755859375,51.14377212524414,51.2005500793457,96.0,0,0,346.3289794921875,0,7.924896240234375,20.74205207824707,20.78850746154785,0,1.034000039100647,0.9067617654800415,50,2.799999952316284,2.3945891857147217,0,0,0,0,25.957079637585718,0,0,0,-0.018946640193462372,0.029468446969985962,-0.010700011625885963,-0.00017820624634623528,96.02810668945312,96.04988098144531,770.1727294921875,770.1898803710938,770.1898803710938,539.7854614257812,0,0,19.978391647338867,0.0010999999940395355,0.02200000174343586,0.03299999609589577,0.04399999603629112,5655.8173828125,114276.53125,0.0429663360118866,0,3.1392715754918754e-05,132.00888061523438,0,0.0002616529818624258,2.8350639695418067e-05,0,0,23.700000762939453,0,0,1600,0,50,0,0,0,50,50,200,0.0,0.0,0.0,0.0
73,158.101318359375,309.37799072265625,325.5843811035156,325.53790283203125,293.1893310546875,293.2358093261719,16515.818359375,33031.63671875,70.14956665039062,70.14950561523438,1724.382568359375,3440.416748046875,1722.0281982421875,3433.967529296875,284.4966125488281,61.8601188659668,2.3802850535048492e-07,0,0,2574.949462890625,1297.4508056640625,0,20.015003204345703,2597.968994140625,11.922560691833496,11.931974411010742,870.76806640625,1736.5106201171875,51.14654541015625,51.20393753051758,96.0,0,0,346.32623291015625,0,7.924896240234375,20.741849899291992,20.78833770751953,0,1.034000039100647,0.9067617654800415,50,2.799999952316284,2.3947553634643555,0,0,0,0,27.48992069564156,0,0,0,-0.018790964037179947,0.029521852731704712,-0.010900012217462063,-0.0001691230572760105,96.0224838256836,96.04322052001953,770.1396484375,770.156005859375,770.156005859375,539.7674560546875,0,0,20.015003204345703,0.0010999999940395355,0.02200000174343586,0.03299999609589577,0.04399999603629112,5655.8173828125,114276.53125,0.0429663360118866,0,3.1392715754918754e-05,133.82968139648438,0,0.0002616529818624258,2.8350639695418067e-05,0,0,23.700000762939453,0,0,1600,0,50,0,0,0,50,50,200,0.0,0.0,0.0,0.0
74,158.09600830078125,309.37603759765625,325.5818786621094,325.5353088378906,293.188232421875,293.2347717285156,16515.818359375,33031.63671875,70.14833068847656,70.14826965332031,1723.9466552734375,3439.47705078125,1722.0252685546875,3433.970458984375,284.49285888671875,61.8507194519043,4.459113824850647e-06,0,0,2574.965576171875,1297.4454345703125,0,20.051637649536133,2597.79833984375,11.92265510559082,11.932111740112305,870.7161254882812,1736.4019775390625,51.14902877807617,51.20689010620117,96.0,0,0,346.323486328125,0,7.924896240234375,20.74161148071289,20.78816795349121,0,1.034000039100647,0.9067617654800415,50,2.799999952316284,2.3949129581451416,0,0,0,0,29.017941353286453,0,0,0,-0.01863529160618782,0.02957269549369812,-0.011100012809038162,-0.00016261031851172447,96.01708221435547,96.03690338134766,770.1080932617188,770.1237182617188,770.1237182617188,539.7503662109375,0,0,20.051637649536133,0.0010999999940395355,0.02200000174343586,0.03299999609589577,0.04399999603629112,5655.8173828125,114276.53125,0.0429663360118866,0,3.1392715754918754e-05,135.65048217773438,0,0.0002616529818624258,2.8350639695418067e-05,0,0,23.700000762939453,0,0,1600,0,50,0,0,0,50,50,200,0.0,0.0,0.0,0.0
75,158.0906982421875,309.3740234375,325.5794677734375,325.5328369140625,293.1869812011719,293.23358154296875,16515.818359375,33031.63671875,70.14702606201172,70.14697265625,1723.518798828125,3438.552978515625,1722.0250244140625,3433.970703125,284.4891662597656,61.84131622314453,-2.5365445708303014e-06,0,0,2574.981201171875,1297.439453125,0,20.086885452270508,2597.635498046875,11.922727584838867,11.932225227355957,870.668212890625,1736.3018798828125,51.151161193847656,51.209510803222656,96.0,0,0,346.3207702636719,0,7.924896240234375,20.74130630493164,20.787931442260742,0,1.034000039100647,0.9067617654800415,50,2.799999952316284,2.3950629234313965,0,0,0,0,30.541141610520402,0,0,0,-0.018476946279406548,0.029621293768286705,-0.011300013400614262,-0.00015566591173410416,96.01178741455078,96.0308837890625,770.0778198242188,770.0928344726562,770.0928344726562,539.7339477539062,0,0,20.086885452270508,0.0010999999940395355,0.02200000174343586,0.03299999609589577,0.04399999603629112,5655.8173828125,114276.53125,0.0429663360118866,0,3.1392715754918754e-05,137.47128295898438,0,0.0002616529818624258,2.8350639695418067e-05,0,0,23.700000762939453,0,0,1600,0,50,0,0,0,50,50,200,0.0,0.0,0.0,0.0
76,158.08543395996094,309.3719787597656,325.57708740234375,325.5303955078125,293.1856689453125,293.2322998046875,16515.818359375,33031.63671875,70.1456527709961,70.14559936523438,1723.098876953125,3437.6474609375,1722.0260009765625,3433.969482421875,284.4854431152344,61.83190155029297,-6.394906222340069e-07,0,0,2574.997314453125,1297.4332275390625,0,20.12215805053711,2597.47900390625,11.922775268554688,11.932313919067383,870.6205444335938,1736.200439453125,51.152896881103516,51.21179962158203,96.0,0,0,346.31805419921875,0,7.924896240234375,20.740966796875,20.78765869140625,0,1.034000039100647,0.9067617654800415,50,2.799999952316284,2.395207166671753,0,0,0,0,32.05470307878572,0,0,0,-0.01831592060625553,0.029668183997273445,-0.011500013992190361,-0.0001477506011724472,96.0068359375,96.02510070800781,770.0487060546875,770.0631103515625,770.0631103515625,539.718017578125,0,0,20.12215805053711,0.0010999999940395355,0.02200000174343586,0.03299999609589577,0.04399999603629112,5655.8173828125,114276.53125,0.0429663360118866,0,3.1392715754918754e-05,139.29208374023438,0,0.0002616529818624258,2.8350639695418067e-05,0,0,23.700000762939453,0,0,1600,0,50,0,0,0,50,50,200,0.0,0.0,0.0,0.0
77,158.08018493652344,309.3699645996094,325.5747375488281,325.5279846191406,293.1842346191406,293.23089599609375,16515.818359375,33031.63671875,70.14421844482422,70.14417266845703,1722.6875,3436.758544921875,1722.0260009765625,3433.969482421875,284.481689453125,61.822509765625,4.743610134028131e-06,0,0,2575.012939453125,1297.4267578125,0,20.15336036682129,2597.330078125,11.92280101776123,11.932378768920898,870.5747680664062,1736.1046142578125,51.154361724853516,51.213722229003906,96.0,0,0,346.3153991699219,0,7.924896240234375,20.74066162109375,20.78738784790039,0,1.034000039100647,0.9067617654800415,50,2.799999952316284,2.3953444957733154,0,0,0,0,33.55862173437588,0,0,0,-0.018154902383685112,0.029712937772274017,-0.01170001458376646,-0.0001419796608388424,96.00212097167969,96.01959991455078,770.0209350585938,770.03466796875,770.03466796875,539.7028198242188,0,0,20.15336036682129,0.0010999999940395355,0.02200000174343586,0.03299999609589577,0.04399999603629112,5655.8173828125,114276.53125,0.0429663360118866,0,3.1392715754918754e-05,141.11288452148438,0,0.0002616529818624258,2.8350639695418067e-05,0,0,23.700000762939453,0,0,1600,0,50,0,0,0,50,50,200,0.0,0.0,0.0,0.0
78,158.07496643066406,309.367919921875,325.5723876953125,325.525634765625,293.1827392578125,293.22943115234375,16515.818359375,33031.63671875,70.1427230834961,70.14268493652344,1722.2845458984375,3435.88720703125,1722.02587890625,3433.969970703125,284.4779968261719,61.81311798095703,-5.090246872896387e-07,0,0,2575.028564453125,1297.419921875,0,20.18994903564453,2597.18798828125,11.92280387878418,11.932419776916504,870.5318603515625,1736.0146484375,51.15550994873047,51.21529769897461,96.0,0,0,346.31268310546875,0,7.924896240234375,20.74028968811035,20.78704833984375,0,1.034000039100647,0.9067617654800415,50,2.799999952316284,2.3954756259918213,0,0,0,0,35.057722001408365,0,0,0,-0.01799389161169529,0.02975587546825409,-0.01190001517534256,-0.00013803178444504738,95.99749755859375,96.01434326171875,769.994140625,770.0073852539062,770.0073852539062,539.6881713867188,0,0,20.18994903564453,0.0010999999940395355,0.02200000174343586,0.03299999609589577,0.04399999603629112,5655.8173828125,114276.53125,0.0429663360118866,0,3.1392715754918754e-05,142.93368530273438,0,0.0002616529818624258,2.8350639695418067e-05,0,0,23.700000762939453,0,0,1600,0,50,0,0,0,50,50,200,0.0,0.0,0.0,0.0
79,158.0697784423828,309.3658142089844,325.570068359375,325.52325439453125,293.18115234375,293.2279052734375,16515.818359375,33031.63671875,70.14118194580078,70.14114379882812,1721.8883056640625,3435.03173828125,1722.0250244140625,3433.970703125,284.4742736816406,61.803733825683594,-4.599643489200389e-06,0,0,2575.044189453125,1297.4127197265625,0,20.223814010620117,2597.051025390625,11.922786712646484,11.932438850402832,870.4904174804688,1735.9283447265625,51.15631103515625,51.21659851074219,96.0,0,0,346.3100280761719,0,7.924896240234375,20.73995018005371,20.78677749633789,0,1.034000039100647,0.9067617654800415,50,2.799999952316284,2.395601987838745,0,0,0,0,36.54718146761895,0,0,0,-0.01782752200961113,0.029797425493597984,-0.01210001576691866,-0.00013011367991566658,95.99302673339844,96.00927734375,769.9682006835938,769.9810180664062,769.9810180664062,539.6739501953125,0,0,20.223814010620117,0.0010999999940395355,0.02200000174343586,0.03299999609589577,0.04399999603629112,5655.8173828125,114276.53125,0.0429663360118866,0,3.1392715754918754e-05,144.75448608398438,0,0.0002616529818624258,2.8350639695418067e-05,0,0,23.700000762939453,0,0,1600,0,50,0,0,0,50,50,200,0.0,0.0,0.0,0.0
80,158.06460571289062,309.36370849609375,325.56781005859375,325.52093505859375,293.17950439453125,293.22625732421875,16515.818359375,33031.63671875,70.13958740234375,70.1395492553711,1721.5008544921875,3434.193115234375,1722.0281982421875,3433.967529296875,284.4705505371094,61.79435729980469,3.107488055320573e-06,0,0,2575.0595703125,1297.4052734375,0,20.257631301879883,2596.920166015625,11.922748565673828,11.93243408203125,870.4496459960938,1735.842529296875,51.15687942504883,51.217533111572266,96.0,0,0,346.307373046875,0,7.924896240234375,20.73957633972168,20.78643798828125,0,1.034000039100647,0.9067617654800415,50,2.799999952316284,2.3957226276397705,0,0,0,0,38.03182053341859,0,0,0,-0.017661159858107567,0.029837267473340034,-0.012300016358494759,-0.00012390967458486557,95.9889144897461,96.00444030761719,769.9435424804688,769.9557495117188,769.9557495117188,539.6602783203125,0,0,20.257631301879883,0.0010999999940395355,0.02200000174343586,0.03299999609589577,0.04399999603629112,5655.8173828125,114276.53125,0.0429663360118866,0,3.1392715754918754e-05,146.57528686523438,0,0.0002616529818624258,2.8350639695418067e-05,0,0,23.700000762939453,0,0,1600,0,50,0,0,0,50,50,200,0.0,0.0,0.0,0.0
81,158.05947875976562,309.3616027832031,325.5655822753906,325.5187072753906,293.177734375,293.2245178222656,16515.818359375,33031.63671875,70.137939453125,70.13790893554688,1721.1214599609375,3433.371337890625,1722.02783203125,3433.968017578125,284.46685791015625,61.784996032714844,2.502915322111221e-06,0,0,2575.074951171875,1297.3975830078125,0,20.29279136657715,2596.7958984375,11.922687530517578,11.93240737915039,870.4104614257812,1735.7601318359375,51.15709686279297,51.21816635131836,96.0,0,0,346.30474853515625,0,7.924896240234375,20.73917007446289,20.78603172302246,0,1.034000039100647,0.9067617654800415,50,2.799999952316284,2.3958373069763184,0,0,0,0,39.50681879839634,0,0,0,-0.0174948051571846,0.029875289648771286,-0.012500016950070858,-0.00011953292414546013,95.98493957519531,95.99984741210938,769.9198608398438,769.9315795898438,769.9315795898438,539.6471557617188,0,0,20.29279136657715,0.0010999999940395355,0.02200000174343586,0.03299999609589577,0.04399999603629112,5655.8173828125,114276.53125,0.0429663360118866,0,3.1392715754918754e-05,148.39608764648438,0,0.0002616529818624258,2.8350639695418067e-05,0,0,23.700000762939453,0,0,1600,0,50,0,0,0,50,50,200,0.0,0.0,0.0,0.0
82,158.05438232421875,309.3594970703125,325.5633544921875,325.5164794921875,293.1759033203125,293.2227783203125,16515.818359375,33031.63671875,70.1362533569336,70.13622283935547,1720.7493896484375,3432.566162109375,1722.0269775390625,3433.96875,284.463134765625,61.775634765625,1.89834304364922e-06,0,0,2575.090576171875,1297.3897705078125,0,20.326541900634766,2596.676513671875,11.922608375549316,11.932357788085938,870.3740844726562,1735.6837158203125,51.15705108642578,51.21849822998047,96.0,0,0,346.3020935058594,0,7.924896240234375,20.73872947692871,20.785625457763672,0,1.034000039100647,0.9067617654800415,50,2.799999952316284,2.3959474563598633,0,0,0,0,40.972176262552196,0,0,0,-0.017328457906842232,0.02991192787885666,-0.012700017541646957,-0.00011654756963253021,95.98103332519531,95.99543762207031,769.8970336914062,769.9083251953125,769.9083251953125,539.6344604492188,0,0,20.326541900634766,0.0010999999940395355,0.02200000174343586,0.03299999609589577,0.04399999603629112,5655.8173828125,114276.53125,0.0429663360118866,0,3.1392715754918754e-05,150.21688842773438,0,0.0002616529818624258,2.8350639695418067e-05,0,0,23.700000762939453,0,0,1600,0,50,0,0,0,50,50,200,0.0,0.0,0.0,0.0
83,158.04931640625,309.35736083984375,325.5611877441406,325.51422119140625,293.17401123046875,293.220947265625,16515.818359375,33031.63671875,70.13452911376953,70.13450622558594,1720.3846435546875,3431.775634765625,1722.023681640625,3433.972412109375,284.45947265625,61.76630401611328,-4.693902155850083e-06,0,0,2575.10546875,1297.3814697265625,0,20.357542037963867,2596.5615234375,11.922510147094727,11.932290077209473,870.33935546875,1735.6104736328125,51.156734466552734,51.21855926513672,96.0,0,0,346.2995300292969,0,7.924896240234375,20.738323211669922,20.78528594970703,0,1.034000039100647,0.9067617654800415,50,2.799999952316284,2.3960535526275635,0,0,0,0,42.427892925886155,0,0,0,-0.017159434035420418,0.029947388917207718,-0.012900018133223057,-0.0001120646484196186,95.97712707519531,95.99118041992188,769.874755859375,769.8858032226562,769.8858032226562,539.6221313476562,0,0,20.357542037963867,0.0010999999940395355,0.02200000174343586,0.03299999609589577,0.04399999603629112,5655.8173828125,114276.53125,0.0429663360118866,0,3.1392715754918754e-05,152.03768920898438,0,0.0002616529818624258,2.8350639695418067e-05,0,0,23.700000762939453,0,0,1600,0,50,0,0,0,50,50,200,0.0,0.0,0.0,0.0
84,158.04428100585938,309.3551940917969,325.55902099609375,325.5120544433594,293.1720275878906,293.2190246582031,16515.818359375,33031.63671875,70.13275909423828,70.13274383544922,1720.0272216796875,3431.000732421875,1722.0244140625,3433.97119140625,284.45574951171875,61.756980895996094,5.116030479257461e-07,0,0,2575.12060546875,1297.3729248046875,0,20.393909454345703,2596.4501953125,11.922392845153809,11.932198524475098,870.304931640625,1735.53564453125,51.156158447265625,51.21832275390625,96.0,0,0,346.2969055175781,0,7.924896240234375,20.737882614135742,20.78484535217285,0,1.034000039100647,0.9067617654800415,50,2.799999952316284,2.3961563110351562,0,0,0,0,43.87396878839823,0,0,0,-0.016987737268209457,0.029981888830661774,-0.013100018724799156,-0.00010586762800812721,95.9735336303711,95.98706817626953,769.853271484375,769.8638916015625,769.8638916015625,539.610107421875,0,0,20.393909454345703,0.0010999999940395355,0.02200000174343586,0.03299999609589577,0.04399999603629112,5655.8173828125,114276.53125,0.0429663360118866,0,3.1392715754918754e-05,153.85848999023438,0,0.0002616529818624258,2.8350639695418067e-05,0,0,23.700000762939453,0,0,1600,0,50,0,0,0,50,50,200,0.0,0.0,0.0,0.0
85,158.0392608642578,309.35302734375,325.5568542480469,325.5098876953125,293.1700134277344,293.2170715332031,16515.818359375,33031.63671875,70.13095092773438,70.13094329833984,1719.6767578125,3430.24267578125,1722.02685546875,3433.96875,284.45208740234375,61.74766540527344,-3.7566110222542193e-06,0,0,2575.135986328125,1297.3643798828125,0,20.42750358581543,2596.343505859375,11.922256469726562,11.932086944580078,870.2709350585938,1735.464111328125,51.15532684326172,51.217796325683594,96.0,0,0,346.29437255859375,0,7.924896240234375,20.73750877380371,20.78447151184082,0,1.034000039100647,0.9067617654800415,50,2.799999952316284,2.396254777908325,0,0,0,0,45.31040787379493,0,0,0,-0.016816047951579094,0.030015109106898308,-0.013300019316375256,-0.00010095862671732903,95.97018432617188,95.98312377929688,769.8326416015625,769.8428344726562,769.8428344726562,539.5984497070312,0,0,20.42750358581543,0.0010999999940395355,0.02200000174343586,0.03299999609589577,0.04399999603629112,5655.8173828125,114276.53125,0.0429663360118866,0,3.1392715754918754e-05,155.67929077148438,0,0.0002616529818624258,2.8350639695418067e-05,0,0,23.700000762939453,0,0,1600,0,50,0,0,0,50,50,200,0.0,0.0,0.0,0.0
86,158.03428649902344,309.3508605957031,325.5547180175781,325.5077209472656,293.1679382324219,293.21502685546875,16515.818359375,33031.63671875,70.12911987304688,70.12910461425781,1719.333740234375,3429.499755859375,1722.024658203125,3433.970703125,284.4483947753906,61.738372802734375,-4.538778739515692e-06,0,0,2575.150634765625,1297.3555908203125,0,20.459712982177734,2596.2421875,11.922101974487305,11.931957244873047,870.2385864257812,1735.3983154296875,51.15422821044922,51.217002868652344,96.0,0,0,346.2917785644531,0,7.924896240234375,20.73706817626953,20.78406524658203,0,1.034000039100647,0.9067617654800415,50,2.799999952316284,2.396348237991333,0,0,0,0,46.74202253507417,0,0,0,-0.016644366085529327,0.03004683181643486,-0.013500019907951355,-9.755557402968407e-05,95.96694946289062,95.97937774658203,769.8129272460938,769.8226928710938,769.8226928710938,539.5873413085938,0,0,20.459712982177734,0.0010999999940395355,0.02200000174343586,0.03299999609589577,0.04399999603629112,5655.8173828125,114276.53125,0.0429663360118866,0,3.1392715754918754e-05,157.50009155273438,0,0.0002616529818624258,2.8350639695418067e-05,0,0,23.700000762939453,0,0,1600,0,50,0,0,0,50,50,200,0.0,0.0,0.0,0.0
87,158.02932739257812,309.34869384765625,325.5526428222656,325.5055847167969,293.1658020019531,293.21295166015625,16515.818359375,33031.63671875,70.12725067138672,70.12724304199219,1718.99951171875,3428.771484375,1722.029052734375,3433.96630859375,284.4447326660156,61.72908401489258,-4.739938503917074e-06,0,0,2575.16552734375,1297.346435546875,0,20.493196487426758,2596.145263671875,11.921928405761719,11.931805610656738,870.209228515625,1735.3331298828125,51.152923583984375,51.215904235839844,96.0,0,0,346.28924560546875,0,7.924896240234375,20.73659324645996,20.783658981323242,0,1.034000039100647,0.9067617654800415,50,2.799999952316284,2.396437883377075,0,0,0,0,48.16399639553151,0,0,0,-0.016472693532705307,0.0300773773342371,-0.013700020499527454,-9.533576667308807e-05,95.96373748779297,95.97579193115234,769.7937622070312,769.8032836914062,769.8032836914062,539.5765380859375,0,0,20.493196487426758,0.0010999999940395355,0.02200000174343586,0.03299999609589577,0.04399999603629112,5655.8173828125,114276.53125,0.0429663360118866,0,3.1392715754918754e-05,159.32089233398438,0,0.0002616529818624258,2.8350639695418067e-05,0,0,23.700000762939453,0,0,1600,0,50,0,0,0,50,50,200,0.0,0.0,0.0,0.0
88,158.0244140625,309.3464660644531,325.5505676269531,325.5034484863281,293.16363525390625,293.2108154296875,16515.818359375,33031.63671875,70.12535095214844,70.12535095214844,1718.6708984375,3428.058837890625,1722.0252685546875,3433.970458984375,284.4410400390625,61.71982955932617,2.879715452763776e-07,0,0,2575.179931640625,1297.3372802734375,0,20.525293350219727,2596.05126953125,11.921737670898438,11.93163776397705,870.1788940429688,1735.268798828125,51.151336669921875,51.2145881652832,96.0,0,0,346.2867431640625,0,7.924896240234375,20.73615264892578,20.78328514099121,0,1.034000039100647,0.9067617654800415,50,2.799999952316284,2.396524429321289,0,0,0,0,49.57633347887348,0,0,0,-0.01629566214978695,0.03010707162320614,-0.013900021091103554,-8.861208334565163e-05,95.96066284179688,95.97232055664062,769.7752685546875,769.784423828125,769.784423828125,539.5659790039062,0,0,20.525293350219727,0.0010999999940395355,0.02200000174343586,0.03299999609589577,0.04399999603629112,5655.8173828125,114276.53125,0.0429663360118866,0,3.1392715754918754e-05,161.14169311523438,0,0.0002616529818624258,2.8350639695418067e-05,0,0,23.700000762939453,0,0,1600,0,50,0,0,0,50,50,200,0.0,0.0,0.0,0.0
89,158.01954650878906,309.3442077636719,325.5484924316406,325.5013427734375,293.16143798828125,293.2086486816406,16515.818359375,33031.63671875,70.12342071533203,70.12342071533203,1718.349609375,3427.3603515625,1722.0244140625,3433.971435546875,284.4374084472656,61.71059036254883,-2.995822342199972e-06,0,0,2575.19482421875,1297.3280029296875,0,20.558643341064453,2595.961669921875,11.921530723571777,11.931449890136719,870.1487426757812,1735.2054443359375,51.14950942993164,51.2130241394043,96.0,0,0,346.2842102050781,0,7.924896240234375,20.735746383666992,20.782878875732422,0,1.034000039100647,0.9067617654800415,50,2.799999952316284,2.3966071605682373,0,0,0,0,50.97902976139356,0,0,0,-0.016118641942739487,0.030135590583086014,-0.014100021682679653,-8.307304233312607e-05,95.95793151855469,95.96900939941406,769.757568359375,769.7662963867188,769.7662963867188,539.5557861328125,0,0,20.558643341064453,0.0010999999940395355,0.02200000174343586,0.03299999609589577,0.04399999603629112,5655.8173828125,114276.53125,0.0429663360118866,0,3.1392715754918754e-05,162.96249389648438,0,0.0002616529818624258,2.8350639695418067e-05,0,0,23.700000762939453,0,0,1600,0,50,0,0,0,50,50,200,0.0,0.0,0.0,0.0
90,158.0147247314453,309.34197998046875,325.54644775390625,325.4992370605469,293.1591796875,293.2064208984375,16515.818359375,33031.63671875,70.1214599609375,70.1214599609375,1718.0352783203125,3426.677978515625,1722.026611328125,3433.96923828125,284.4337463378906,61.70137023925781,-3.37457731802715e-06,0,0,2575.20947265625,1297.318359375,0,20.590559005737305,2595.877197265625,11.921306610107422,11.931242942810059,870.1203002929688,1735.145263671875,51.147438049316406,51.211177825927734,96.0,0,0,346.2817077636719,0,7.924896240234375,20.735271453857422,20.782470703125,0,1.034000039100647,0.9067617654800415,50,2.799999952316284,2.3966851234436035,0,0,0,0,52.36726081897428,0,0,0,-0.015941627323627472,0.030162721872329712,-0.014300022274255753,-7.892819121479988e-05,95.95537567138672,95.96588897705078,769.7408447265625,769.7490844726562,769.7490844726562,539.546142578125,0,0,20.590559005737305,0.0010999999940395355,0.02200000174343586,0.03299999609589577,0.04399999603629112,5655.8173828125,114276.53125,0.0429663360118866,0,3.1392715754918754e-05,164.78329467773438,0,0.0002616529818624258,2.8350639695418067e-05,0,0,23.700000762939453,0,0,1600,0,50,0,0,0,50,50,200,0.0,0.0,0.0,0.0
91,158.00991821289062,309.3397521972656,325.5444030761719,325.49713134765625,293.1568908691406,293.2041015625,16515.818359375,33031.63671875,70.11947631835938,70.11947631835938,1717.7274169921875,3426.010498046875,1722.0272216796875,3433.96826171875,284.4300842285156,61.69218444824219,1.475737690270762e-06,0,0,2575.223876953125,1297.3084716796875,0,20.621047973632812,2595.797607421875,11.921067237854004,11.93101978302002,870.0934448242188,1735.0859375,51.145145416259766,51.2090950012207,96.0,0,0,346.2792663574219,0,7.924896240234375,20.73486328125,20.782133102416992,0,1.034000039100647,0.9067617654800415,50,2.799999952316284,2.396758556365967,0,0,0,0,53.74585509943963,0,0,0,-0.015764623880386353,0.030188463628292084,-0.014500022865831852,-7.618311792612076e-05,95.952880859375,95.96294403076172,769.7247924804688,769.7327270507812,769.7327270507812,539.5368041992188,0,0,20.621047973632812,0.0010999999940395355,0.02200000174343586,0.03299999609589577,0.04399999603629112,5655.8173828125,114276.53125,0.0429663360118866,0,3.1392715754918754e-05,166.60409545898438,0,0.0002616529818624258,2.8350639695418067e-05,0,0,23.700000762939453,0,0,1600,0,50,0,0,0,50,50,200,0.0,0.0,0.0,0.0
92,158.00515747070312,309.3374938964844,325.54241943359375,325.4950866699219,293.154541015625,293.2018127441406,16515.818359375,33031.63671875,70.1174545288086,70.11746978759766,1717.4278564453125,3425.356201171875,1722.0250244140625,3433.970703125,284.4264831542969,61.68302917480469,3.383796922662441e-07,0,0,2575.238037109375,1297.298828125,0,20.65140151977539,2595.7216796875,11.920808792114258,11.930779457092285,870.067138671875,1735.031982421875,51.142635345458984,51.20676040649414,96.0,0,0,346.27679443359375,0,7.924896240234375,20.73438835144043,20.78172492980957,0,1.034000039100647,0.9067617654800415,50,2.799999952316284,2.3968286514282227,0,0,0,0,55.11480857908309,0,0,0,-0.01558762788772583,0.030213242396712303,-0.014700023457407951,-7.440894842147827e-05,95.95040130615234,95.96013641357422,769.7093505859375,769.717041015625,769.717041015625,539.52783203125,0,0,20.65140151977539,0.0010999999940395355,0.02200000174343586,0.03299999609589577,0.04399999603629112,5655.8173828125,114276.53125,0.0429663360118866,0,3.1392715754918754e-05,168.42489624023438,0,0.0002616529818624258,2.8350639695418067e-05,0,0,23.700000762939453,0,0,1600,0,50,0,0,0,50,50,200,0.0,0.0,0.0,0.0
93,158.0004425048828,309.33526611328125,325.5403747558594,325.4930419921875,293.15216064453125,293.1994934082031,16515.818359375,33031.63671875,70.11542510986328,70.11544036865234,1717.134033203125,3424.7177734375,1722.02685546875,3433.96875,284.4228515625,61.67390441894531,3.849083896056982e-06,0,0,2575.252197265625,1297.2890625,0,20.684370040893555,2595.648193359375,11.920536994934082,11.930521011352539,870.0420532226562,1734.979248046875,51.139862060546875,51.204227447509766,96.0,0,0,346.2743835449219,0,7.924896240234375,20.73401641845703,20.781352996826172,0,1.034000039100647,0.9067617654800415,50,2.799999952316284,2.3968966007232666,0,0,0,0,56.46930085749371,0,0,0,-0.01541064027696848,0.03023727610707283,-0.01490002404898405,-7.33877532184124e-05,95.94792175292969,95.9574203491211,769.6942749023438,769.7017822265625,769.7017822265625,539.51904296875,0,0,20.684370040893555,0.0010999999940395355,0.02200000174343586,0.03299999609589577,0.04399999603629112,5655.8173828125,114276.53125,0.0429663360118866,0,3.1392715754918754e-05,170.24569702148438,0,0.0002616529818624258,2.8350639695418067e-05,0,0,23.700000762939453,0,0,1600,0,50,0,0,0,50,50,200,0.0,0.0,0.0,0.0
94,157.9957733154297,309.3330383300781,325.5383605957031,325.4909973144531,293.1497497558594,293.1971435546875,16515.818359375,33031.63671875,70.11337280273438,70.11338806152344,1716.8472900390625,3424.091552734375,1722.0264892578125,3433.969482421875,284.41925048828125,61.66481399536133,1.9531230464053806e-06,0,0,2575.26611328125,1297.27880859375,0,20.713138580322266,2595.576904296875,11.920249938964844,11.930246353149414,870.0189819335938,1734.9293212890625,51.13698196411133,51.201438903808594,96.0,0,0,346.27197265625,0,7.924896240234375,20.733610153198242,20.78097915649414,0,1.034000039100647,0.9067617654800415,50,2.799999952316284,2.3969624042510986,0,0,0,0,57.81415233508243,0,0,0,-0.015233661979436874,0.030260667204856873,-0.01510002464056015,-7.301894947886467e-05,95.9454116821289,95.95478820800781,769.6795043945312,769.6868896484375,769.6868896484375,539.510498046875,0,0,20.713138580322266,0.0010999999940395355,0.02200000174343586,0.03299999609589577,0.04399999603629112,5655.8173828125,114276.53125,0.0429663360118866,0,3.1392715754918754e-05,172.06649780273438,0,0.0002616529818624258,2.8350639695418067e-05,0,0,23.700000762939453,0,0,1600,0,50,0,0,0,50,50,200,0.0,0.0,0.0,0.0
95,157.9911346435547,309.3307800292969,325.536376953125,325.4889831542969,293.1473083496094,293.19476318359375,16515.818359375,33031.63671875,70.11129760742188,70.11132049560547,1716.566650390625,3423.47998046875,1722.0252685546875,3433.970703125,284.4156494140625,61.65574264526367,2.962201051559532e-06,0,0,2575.280029296875,1297.2685546875,0,20.745861053466797,2595.506591796875,11.91994571685791,11.929954528808594,869.9959716796875,1734.88037109375,51.13384246826172,51.198455810546875,96.0,0,0,346.2695617675781,0,7.924896240234375,20.73320198059082,20.780607223510742,0,1.034000039100647,0.9067617654800415,50,2.799999952316284,2.3970272541046143,0,0,0,0,59.14936301184927,0,0,0,-0.015056692063808441,0.030283845961093903,-0.01530002523213625,-7.287086918950081e-05,95.94288635253906,95.95218658447266,769.6648559570312,769.6721801757812,769.6721801757812,539.5020141601562,0,0,20.745861053466797,0.0010999999940395355,0.02200000174343586,0.03299999609589577,0.04399999603629112,5655.8173828125,114276.53125,0.0429663360118866,0,3.1392715754918754e-05,173.88729858398438,0,0.0002616529818624258,2.8350639695418067e-05,0,0,23.700000762939453,0,0,1600,0,50,0,0,0,50,50,200,0.0,0.0,0.0,0.0
96,157.98654174804688,309.32855224609375,325.53436279296875,325.4869689941406,293.1448669433594,293.1923522949219,16515.818359375,33031.63671875,70.10921478271484,70.10923767089844,1716.2916259765625,3422.88134765625,1722.0238037109375,3433.971435546875,284.4120788574219,61.646705627441406,-1.4353861388372025e-06,0,0,2575.2939453125,1297.258544921875,0,20.775789260864258,2595.436767578125,11.919629096984863,11.929647445678711,869.9744262695312,1734.8345947265625,51.13051223754883,51.1953010559082,96.0,0,0,346.2672424316406,0,7.924896240234375,20.73286247253418,20.7802677154541,0,1.034000039100647,0.9067617654800415,50,2.799999952316284,2.397091865539551,0,0,0,0,60.47011248738327,0,0,0,-0.01487973053008318,0.030306916683912277,-0.015500025823712349,-7.28401355445385e-05,95.94035339355469,95.94960021972656,769.6502685546875,769.6575317382812,769.6575317382812,539.49365234375,0,0,20.775789260864258,0.0010999999940395355,0.02200000174343586,0.03299999609589577,0.04399999603629112,5655.8173828125,114276.53125,0.0429663360118866,0,3.1392715754918754e-05,175.70809936523438,0,0.0002616529818624258,2.8350639695418067e-05,0,0,23.700000762939453,0,0,1600,0,50,0,0,0,50,50,200,0.0,0.0,0.0,0.0
97,157.98196411132812,309.32623291015625,325.532470703125,325.4850158691406,293.1423645019531,293.1898498535156,16515.818359375,33031.63671875,70.10711669921875,70.10713958740234,1716.0233154296875,3422.294677734375,1722.0260009765625,3433.969482421875,284.4085388183594,61.63768768310547,-2.9279344744281843e-06,0,0,2575.3076171875,1297.24755859375,0,20.806947708129883,2595.36767578125,11.919297218322754,11.929327011108398,869.9520874023438,1734.7867431640625,51.12705612182617,51.19194412231445,96.0,0,0,346.264892578125,0,7.924896240234375,20.732421875,20.77989387512207,0,1.034000039100647,0.9067617654800415,50,2.799999952316284,2.397155523300171,0,0,0,0,61.78122116209537,0,0,0,-0.014697413891553879,0.03032977320253849,-0.015700027346611023,-6.766710430383682e-05,95.93792724609375,95.94705200195312,769.6358642578125,769.6430053710938,769.6430053710938,539.4852294921875,0,0,20.806947708129883,0.0010999999940395355,0.02200000174343586,0.03299999609589577,0.04399999603629112,5655.8173828125,114276.53125,0.0429663360118866,0,3.1392715754918754e-05,177.52890014648438,0,0.0002616529818624258,2.8350639695418067e-05,0,0,23.700000762939453,0,0,1600,0,50,0,0,0,50,50,200,0.0,0.0,0.0,0.0
98,157.97743225097656,309.3239440917969,325.530517578125,325.4830017089844,293.1398620605469,293.18731689453125,16515.818359375,33031.63671875,70.10498809814453,70.10501861572266,1715.7611083984375,3421.721435546875,1722.023681640625,3433.971923828125,284.40496826171875,61.62868118286133,-2.6774594061862445e-06,0,0,2575.3212890625,1297.237060546875,0,20.83940315246582,2595.300537109375,11.918951988220215,11.92898941040039,869.9301147460938,1734.7371826171875,51.123409271240234,51.18838119506836,96.0,0,0,346.2625427246094,0,7.924896240234375,20.7320499420166,20.77955436706543,0,1.034000039100647,0.9067617654800415,50,2.799999952316284,2.3972177505493164,0,0,0,0,63.08750943639653,0,0,0,-0.014515109360218048,0.03035220317542553,-0.015900027006864548,-6.293272599577904e-05,95.93585205078125,95.94456481933594,769.6219482421875,769.6287841796875,769.6287841796875,539.4769287109375,0,0,20.83940315246582,0.0010999999940395355,0.02200000174343586,0.03299999609589577,0.04399999603629112,5655.8173828125,114276.53125,0.0429663360118866,0,3.1392715754918754e-05,179.34970092773438,0,0.0002616529818624258,2.8350639695418067e-05,0,0,23.700000762939453,0,0,1600,0,50,0,0,0,50,50,200,0.0,0.0,0.0,0.0
99,157.9729461669922,309.3216247558594,325.5285339355469,325.4810485839844,293.13726806640625,293.184814453125,16515.818359375,33031.63671875,70.10284423828125,70.10287475585938,1715.5057373046875,3421.163818359375,1722.0238037109375,3433.971923828125,284.4013977050781,61.619712829589844,3.3830933716672007e-06,0,0,2575.3349609375,1297.226318359375,0,20.867721557617188,2595.23681640625,11.91859245300293,11.92863655090332,869.9082641601562,1734.6934814453125,51.11954116821289,51.18460464477539,96.0,0,0,346.26025390625,0,7.924896240234375,20.73171043395996,20.779216766357422,0,1.034000039100647,0.9067617654800415,50,2.799999952316284,2.3972764015197754,0,0,0,0,64.37934053317137,0,0,0,-0.01433281134814024,0.03037356585264206,-0.016100028529763222,-5.927262827754021e-05,95.9339370727539,95.94221496582031,769.6087036132812,769.615234375,769.615234375,539.468994140625,0,0,20.867721557617188,0.0010999999940395355,0.02200000174343586,0.03299999609589577,0.04399999603629112,5655.8173828125,114276.53125,0.0429663360118866,0,3.1392715754918754e-05,181.17050170898438,0,0.0002616529818624258,2.8350639695418067e-05,0,0,23.700000762939453,0,0,1600,0,50,0,0,0,50,50,200,0.0,0.0,0.0,0.0
100,157.96847534179688,309.3193359375,325.526611328125,325.47906494140625,293.13470458984375,293.1822814941406,16515.818359375,33031.63671875,70.1006851196289,70.10072326660156,1715.256103515625,3420.617431640625,1722.0244140625,3433.97119140625,284.3978576660156,61.61076354980469,1.7129498246504227e-06,0,0,2575.348388671875,1297.2154541015625,0,20.89999771118164,2595.17724609375,11.918221473693848,11.928271293640137,869.88818359375,1734.647705078125,51.115516662597656,51.18064880371094,96.0,0,0,346.2579345703125,0,7.924896240234375,20.73133659362793,20.77887725830078,0,1.034000039100647,0.9067617654800415,50,2.799999952316284,2.397331476211548,0,0,0,0,65.66152680541781,0,0,0,-0.014150522649288177,0.03039386123418808,-0.016300028190016747,-5.668960511684418e-05,95.9321060180664,95.94001007080078,769.5961303710938,769.6023559570312,769.6023559570312,539.46142578125,0,0,20.89999771118164,0.0010999999940395355,0.02200000174343586,0.03299999609589577,0.04399999603629112,5655.8173828125,114276.53125,0.0429663360118866,0,3.1392715754918754e-05,182.99130249023438,0,0.0002616529818624258,2.8350639695418067e-05,0,0,23.700000762939453,0,0,1600,0,50,0,0,0,50,50,200,0.0,0.0,0.0,0.0
101,157.96405029296875,309.3170166015625,325.5246887207031,325.4771423339844,293.132080078125,293.1796569824219,16515.818359375,33031.63671875,70.0985107421875,70.09854888916016,1715.012939453125,3420.0859375,1722.0262451171875,3433.969482421875,284.3943176269531,61.60184860229492,5.27187648913241e-06,0,0,2575.361572265625,1297.20458984375,0,20.930822372436523,2595.12060546875,11.917837142944336,11.927889823913574,869.8695678710938,1734.6077880859375,51.111305236816406,51.17647171020508,96.0,0,0,346.25567626953125,0,7.924896240234375,20.730998992919922,20.77853775024414,0,1.034000039100647,0.9067617654800415,50,2.799999952316284,2.397383689880371,0,0,0,0,66.93407630054885,0,0,0,-0.013968244194984436,0.030413301661610603,-0.01650002971291542,-5.497131496667862e-05,95.93029022216797,95.93791961669922,769.583984375,769.5900268554688,769.5900268554688,539.4541015625,0,0,20.930822372436523,0.0010999999940395355,0.02200000174343586,0.03299999609589577,0.04399999603629112,5655.8173828125,114276.53125,0.0429663360118866,0,3.1392715754918754e-05,184.81210327148438,0,0.0002616529818624258,2.8350639695418067e-05,0,0,23.700000762939453,0,0,1600,0,50,0,0,0,50,50,200,0.0,0.0,0.0,0.0
102,157.95965576171875,309.3147277832031,325.52276611328125,325.47515869140625,293.12945556640625,293.1770324707031,16515.818359375,33031.63671875,70.09632110595703,70.09636688232422,1714.7760009765625,3419.567138671875,1722.0250244140625,3433.970703125,284.39080810546875,61.592952728271484,1.1001064876836608e-06,0,0,2575.37451171875,1297.1934814453125,0,20.961532592773438,2595.06640625,11.917438507080078,11.927495956420898,869.8500366210938,1734.56591796875,51.10689163208008,51.1721305847168,96.0,0,0,346.2533874511719,0,7.924896240234375,20.73062515258789,20.77823257446289,0,1.034000039100647,0.9067617654800415,50,2.799999952316284,2.3974339962005615,0,0,0,0,68.1969809711515,0,0,0,-0.013785974122583866,0.030432099476456642,-0.016700029373168945,-5.390401929616928e-05,95.92849731445312,95.9359130859375,769.5722045898438,769.5780639648438,769.5780639648438,539.4469604492188,0,0,20.961532592773438,0.0010999999940395355,0.02200000174343586,0.03299999609589577,0.04399999603629112,5655.8173828125,114276.53125,0.0429663360118866,0,3.1392715754918754e-05,186.63290405273438,0,0.0002616529818624258,2.8350639695418067e-05,0,0,23.700000762939453,0,0,1600,0,50,0,0,0,50,50,200,0.0,0.0,0.0,0.0
103,157.955322265625,309.3124084472656,325.5208740234375,325.4732360839844,293.1268005371094,293.1744079589844,16515.818359375,33031.63671875,70.09412384033203,70.09416198730469,1714.5445556640625,3419.061279296875,1722.023681640625,3433.972412109375,284.3872985839844,61.58409881591797,3.319422148706508e-06,0,0,2575.3876953125,1297.182373046875,0,20.99215316772461,2595.013916015625,11.917028427124023,11.927087783813477,869.83203125,1734.52734375,51.10232925415039,51.16761016845703,96.0,0,0,346.25115966796875,0,7.924896240234375,20.73028564453125,20.77792739868164,0,1.034000039100647,0.9067617654800415,50,2.799999952316284,2.397482395172119,0,0,0,0,69.44543248793435,0,0,0,-0.013603712432086468,0.03045036457479,-0.01690003089606762,-5.337875336408615e-05,95.92668914794922,95.93397521972656,769.5607299804688,769.5664672851562,769.5664672851562,539.4400024414062,0,0,20.99215316772461,0.0010999999940395355,0.02200000174343586,0.03299999609589577,0.04399999603629112,5655.8173828125,114276.53125,0.0429663360118866,0,3.1392715754918754e-05,188.45370483398438,0,0.0002616529818624258,2.8350639695418067e-05,0,0,23.700000762939453,0,0,1600,0,50,0,0,0,50,50,200,0.0,0.0,0.0,0.0
104,157.9510040283203,309.31011962890625,325.5190124511719,325.4713134765625,293.1241149902344,293.1717529296875,16515.818359375,33031.63671875,70.09191131591797,70.09195709228516,1714.3201904296875,3418.5673828125,1722.022705078125,3433.97314453125,284.3838195800781,61.57526397705078,-2.191958174080355e-06,0,0,2575.400634765625,1297.171142578125,0,21.021278381347656,2594.96240234375,11.916605949401855,11.926666259765625,869.815673828125,1734.4915771484375,51.09762954711914,51.16291427612305,96.0,0,0,346.24896240234375,0,7.924896240234375,20.729948043823242,20.77765655517578,0,1.034000039100647,0.9067617654800415,50,2.799999952316284,2.3975300788879395,0,0,0,0,70.68423515648227,0,0,0,-0.013421461917459965,0.030468415468931198,-0.017100030556321144,-5.3077004849910736e-05,95.92487335205078,95.93206787109375,769.54931640625,769.5549926757812,769.5549926757812,539.43310546875,0,0,21.021278381347656,0.0010999999940395355,0.02200000174343586,0.03299999609589577,0.04399999603629112,5655.8173828125,114276.53125,0.0429663360118866,0,3.1392715754918754e-05,190.27450561523438,0,0.0002616529818624258,2.8350639695418067e-05,0,0,23.700000762939453,0,0,1600,0,50,0,0,0,50,50,200,0.0,0.0,0.0,0.0
105,157.9467315673828,309.30780029296875,325.5171203613281,325.4693908691406,293.12139892578125,293.16912841796875,16515.818359375,33031.63671875,70.08968353271484,70.08973693847656,1714.100341796875,3418.0859375,1722.02587890625,3433.969970703125,284.38031005859375,61.56645965576172,-3.055276465602219e-06,0,0,2575.413330078125,1297.1597900390625,0,21.05031394958496,2594.91162109375,11.916172981262207,11.926233291625977,869.7994384765625,1734.454345703125,51.092777252197266,51.1580696105957,96.0,0,0,346.24676513671875,0,7.924896240234375,20.729642868041992,20.77735137939453,0,1.034000039100647,0.9067617654800415,50,2.799999952316284,2.3975770473480225,0,0,0,0,71.9133970242083,0,0,0,-0.013239218853414059,0.030486252158880234,-0.017300032079219818,-5.299737676978111e-05,95.92304229736328,95.93019104003906,769.5380249023438,769.543701171875,769.543701171875,539.4263305664062,0,0,21.05031394958496,0.0010999999940395355,0.02200000174343586,0.03299999609589577,0.04399999603629112,5655.8173828125,114276.53125,0.0429663360118866,0,3.1392715754918754e-05,192.09530639648438,0,0.0002616529818624258,2.8350639695418067e-05,0,0,23.700000762939453,0,0,1600,0,50,0,0,0,50,50,200,0.0,0.0,0.0,0.0
106,157.94248962402344,309.305419921875,325.5152282714844,325.4674987792969,293.11871337890625,293.1664123535156,16515.818359375,33031.63671875,70.08744812011719,70.0875015258789,1713.886474609375,3417.615966796875,1722.0244140625,3433.971435546875,284.3768310546875,61.557682037353516,1.4845959128706454e-07,0,0,2575.42626953125,1297.1480712890625,0,21.08060073852539,2594.861328125,11.915727615356445,11.925787925720215,869.7823486328125,1734.41748046875,51.08778762817383,51.153072357177734,96.0,0,0,346.2445983886719,0,7.924896240234375,20.7293701171875,20.777080535888672,0,1.034000039100647,0.9067617654800415,50,2.799999952316284,2.3976235389709473,0,0,0,0,73.13292613852546,0,0,0,-0.013051624409854412,0.030503982678055763,-0.017500031739473343,-4.767347127199173e-05,95.92132568359375,95.92832946777344,769.5269165039062,769.5324096679688,769.5324096679688,539.4194946289062,0,0,21.08060073852539,0.0010999999940395355,0.02200000174343586,0.03299999609589577,0.04399999603629112,5655.8173828125,114276.53125,0.0429663360118866,0,3.1392715754918754e-05,193.91610717773438,0,0.0002616529818624258,2.8350639695418067e-05,0,0,23.700000762939453,0,0,1600,0,50,0,0,0,50,50,200,0.0,0.0,0.0,0.0
107,157.9382781982422,309.30303955078125,325.5133361816406,325.465576171875,293.115966796875,293.1636962890625,16515.818359375,33031.63671875,70.08519744873047,70.08525085449219,1713.678466796875,3417.159423828125,1722.024658203125,3433.97119140625,284.3733825683594,61.548919677734375,-4.959508260071743e-06,0,0,2575.43896484375,1297.13671875,0,21.110797882080078,2594.8134765625,11.915271759033203,11.925328254699707,869.7642822265625,1734.38134765625,51.082645416259766,51.14788818359375,96.0,0,0,346.2424011230469,0,7.924896240234375,20.72906494140625,20.77684211730957,0,1.034000039100647,0.9067617654800415,50,2.799999952316284,2.397667646408081,0,0,0,0,74.3428064046077,0,0,0,-0.012864042073488235,0.030521074309945107,-0.017700033262372017,-4.3000560253858566e-05,95.91993713378906,95.92655944824219,769.516357421875,769.5215454101562,769.5215454101562,539.4129028320312,0,0,21.110797882080078,0.0010999999940395355,0.02200000174343586,0.03299999609589577,0.04399999603629112,5655.8173828125,114276.53125,0.0429663360118866,0,3.1392715754918754e-05,195.73690795898438,0,0.0002616529818624258,2.8350639695418067e-05,0,0,23.700000762939453,0,0,1600,0,50,0,0,0,50,50,200,0.0,0.0,0.0,0.0
108,157.93411254882812,309.3006896972656,325.511474609375,325.46368408203125,293.1131591796875,293.16094970703125,16515.818359375,33031.63671875,70.08293151855469,70.08297729492188,1713.4769287109375,3416.71435546875,1722.026611328125,3433.96923828125,284.36993408203125,61.540199279785156,-3.6763908610737417e-06,0,0,2575.451416015625,1297.125,0,21.138200759887695,2594.76904296875,11.91480541229248,11.924859046936035,869.7479248046875,1734.3455810546875,51.07738494873047,51.14253234863281,96.0,0,0,346.2402648925781,0,7.924896240234375,20.72879409790039,20.7766056060791,0,1.034000039100647,0.9067617654800415,50,2.799999952316284,2.3977086544036865,0,0,0,0,75.54305391728109,0,0,0,-0.012676467187702656,0.030537202954292297,-0.01790003292262554,-3.9297156035900116e-05,95.91873168945312,95.92491912841797,769.5064697265625,769.5113525390625,769.5113525390625,539.4066162109375,0,0,21.138200759887695,0.0010999999940395355,0.02200000174343586,0.03299999609589577,0.04399999603629112,5655.8173828125,114276.53125,0.0429663360118866,0,3.1392715754918754e-05,197.55770874023438,0,0.0002616529818624258,2.8350639695418067e-05,0,0,23.700000762939453,0,0,1600,0,50,0,0,0,50,50,200,0.0,0.0,0.0,0.0
109,157.9299774169922,309.2983093261719,325.5096130371094,325.4617614746094,293.1103820800781,293.1581726074219,16515.818359375,33031.63671875,70.08064270019531,70.08070373535156,1713.281005859375,3416.2822265625,1722.026611328125,3433.96875,284.366455078125,61.53150177001953,1.0927735729637789e-06,0,0,2575.463623046875,1297.1131591796875,0,21.170902252197266,2594.728271484375,11.914327621459961,11.92437744140625,869.73291015625,1734.310791015625,51.07192611694336,51.137027740478516,96.0,0,0,346.2381286621094,0,7.924896240234375,20.72852325439453,20.7763671875,0,1.034000039100647,0.9067617654800415,50,2.799999952316284,2.3977465629577637,0,0,0,0,76.73365258171955,0,0,0,-0.012488902546465397,0.030552368611097336,-0.018100034445524216,-3.656744956970215e-05,95.9176025390625,95.92340850830078,769.4971313476562,769.501708984375,769.501708984375,539.4005737304688,0,0,21.170902252197266,0.0010999999940395355,0.02200000174343586,0.03299999609589577,0.04399999603629112,5655.8173828125,114276.53125,0.0429663360118866,0,3.1392715754918754e-05,199.37850952148438,0,0.0002616529818624258,2.8350639695418067e-05,0,0,23.700000762939453,0,0,1600,0,50,0,0,0,50,50,200,0.0,0.0,0.0,0.0
110,157.92588806152344,309.2959289550781,325.50775146484375,325.4598693847656,293.1075439453125,293.1553955078125,16515.818359375,33031.63671875,70.07835388183594,70.07840728759766,1713.09033203125,3415.86328125,1722.0250244140625,3433.970703125,284.363037109375,61.52284240722656,1.0362805369368289e-06,0,0,2575.47607421875,1297.1011962890625,0,21.199420928955078,2594.69091796875,11.913840293884277,11.923884391784668,869.7180786132812,1734.2791748046875,51.066287994384766,51.131370544433594,96.0,0,0,346.2360534667969,0,7.924896240234375,20.72828483581543,20.776165008544922,0,1.034000039100647,0.9067617654800415,50,2.799999952316284,2.3977808952331543,0,0,0,0,77.9097980923382,0,0,0,-0.012301348149776459,0.03056657686829567,-0.01830003410577774,-3.480585291981697e-05,95.91651153564453,95.92202758789062,769.4883422851562,769.49267578125,769.49267578125,539.3948974609375,0,0,21.199420928955078,0.0010999999940395355,0.02200000174343586,0.03299999609589577,0.04399999603629112,5655.8173828125,114276.53125,0.0429663360118866,0,3.1392715754918754e-05,201.19931030273438,0,0.0002616529818624258,2.8350639695418067e-05,0,0,23.700000762939453,0,0,1600,0,50,0,0,0,50,50,200,0.0,0.0,0.0,0.0
111,157.92184448242188,309.2935485839844,325.50592041015625,325.4579772949219,293.1047058105469,293.1526184082031,16515.818359375,33031.63671875,70.07604217529297,70.07611083984375,1712.9058837890625,3415.456298828125,1722.023681640625,3433.971923828125,284.3596496582031,61.514217376708984,-4.426877694641007e-06,0,0,2575.48828125,1297.0892333984375,0,21.226444244384766,2594.655517578125,11.913342475891113,11.923379898071289,869.7037963867188,1734.2479248046875,51.06056213378906,51.12553405761719,96.0,0,0,346.23394775390625,0,7.924896240234375,20.72801399230957,20.77596092224121,0,1.034000039100647,0.9067617654800415,50,2.799999952316284,2.397813558578491,0,0,0,0,79.07630280213498,0,0,0,-0.012113801203668118,0.03058014065027237,-0.018500035628676414,-3.369525074958801e-05,95.91541290283203,95.92072296142578,769.4798583984375,769.4840698242188,769.4840698242188,539.389404296875,0,0,21.226444244384766,0.0010999999940395355,0.02200000174343586,0.03299999609589577,0.04399999603629112,5655.8173828125,114276.53125,0.0429663360118866,0,3.1392715754918754e-05,203.02011108398438,0,0.0002616529818624258,2.8350639695418067e-05,0,0,23.700000762939453,0,0,1600,0,50,0,0,0,50,50,200,0.0,0.0,0.0,0.0
112,157.91783142089844,309.29119873046875,325.50408935546875,325.4561462402344,293.1018371582031,293.1497497558594,16515.818359375,33031.63671875,70.07373046875,70.07379150390625,1712.726806640625,3415.06005859375,1722.0234375,3433.972412109375,284.3562316894531,61.50563430786133,-3.4989504911209224e-06,0,0,2575.5,1297.077392578125,0,21.254697799682617,2594.621826171875,11.912836074829102,11.922865867614746,869.6895141601562,1734.219970703125,51.0546760559082,51.11959457397461,96.0,0,0,346.23187255859375,0,7.924896240234375,20.7277774810791,20.775724411010742,0,1.034000039100647,0.9067617654800415,50,2.799999952316284,2.3978447914123535,0,0,0,0,80.22833826328586,0,0,0,-0.011926266364753246,0.030593277886509895,-0.01870003528892994,-3.3023301512002945e-05,95.91431427001953,95.91947937011719,769.4716796875,769.4757080078125,769.4757080078125,539.384033203125,0,0,21.254697799682617,0.0010999999940395355,0.02200000174343586,0.03299999609589577,0.04399999603629112,5655.8173828125,114276.53125,0.0429663360118866,0,3.1392715754918754e-05,204.84091186523438,0,0.0002616529818624258,2.8350639695418067e-05,0,0,23.700000762939453,0,0,1600,0,50,0,0,0,50,50,200,0.0,0.0,0.0,0.0
113,157.9138641357422,309.288818359375,325.5022277832031,325.4542541503906,293.0989990234375,293.1469421386719,16515.818359375,33031.63671875,70.07140350341797,70.07147216796875,1712.552734375,3414.674560546875,1722.02685546875,3433.96875,284.35284423828125,61.49708557128906,2.6580464691505767e-06,0,0,2575.511962890625,1297.0654296875,0,21.282793045043945,2594.58984375,11.912321090698242,11.922342300415039,869.677001953125,1734.18994140625,51.04871368408203,51.11350631713867,96.0,0,0,346.2298278808594,0,7.924896240234375,20.72760772705078,20.77558708190918,0,1.034000039100647,0.9067617654800415,50,2.799999952316284,2.397874355316162,0,0,0,0,81.3707409710279,0,0,0,-0.011738740839064121,0.030605988577008247,-0.018900036811828613,-3.2788608223199844e-05,95.91321563720703,95.91828918457031,769.4636840820312,769.4676513671875,769.4676513671875,539.3787841796875,0,0,21.282793045043945,0.0010999999940395355,0.02200000174343586,0.03299999609589577,0.04399999603629112,5655.8173828125,114276.53125,0.0429663360118866,0,3.1392715754918754e-05,206.66171264648438,0,0.0002616529818624258,2.8350639695418067e-05,0,0,23.700000762939453,0,0,1600,0,50,0,0,0,50,50,200,0.0,0.0,0.0,0.0
114,157.90994262695312,309.28643798828125,325.5003967285156,325.4524230957031,293.0960693359375,293.14410400390625,16515.818359375,33031.63671875,70.0690689086914,70.06913757324219,1712.3834228515625,3414.301513671875,1722.0247802734375,3433.970703125,284.3494567871094,61.48856735229492,2.8273709631321253e-06,0,0,2575.52392578125,1297.05322265625,0,21.31212043762207,2594.55810546875,11.911796569824219,11.921807289123535,869.6646728515625,1734.163330078125,51.042598724365234,51.10729217529297,96.0,0,0,346.2278137207031,0,7.924896240234375,20.72740364074707,20.7753849029541,0,1.034000039100647,0.9067617654800415,50,2.799999952316284,2.3979036808013916,0,0,0,0,82.50350287794804,0,0,0,-0.011551223695278168,0.030618591234087944,-0.019100036472082138,-3.266846761107445e-05,95.91210174560547,95.91712188720703,769.4557495117188,769.4596557617188,769.4596557617188,539.3736572265625,0,0,21.31212043762207,0.0010999999940395355,0.02200000174343586,0.03299999609589577,0.04399999603629112,5655.8173828125,114276.53125,0.0429663360118866,0,3.1392715754918754e-05,208.48251342773438,0,0.0002616529818624258,2.8350639695418067e-05,0,0,23.700000762939453,0,0,1600,0,50,0,0,0,50,50,200,0.0,0.0,0.0,0.0
115,157.9060516357422,309.2840576171875,325.4985656738281,325.4505615234375,293.09320068359375,293.1412048339844,16515.818359375,33031.63671875,70.06672668457031,70.0667953491211,1712.2196044921875,3413.939208984375,1722.023193359375,3433.97265625,284.3460998535156,61.48009490966797,-6.669465619779658e-07,0,0,2575.535888671875,1297.041259765625,0,21.338605880737305,2594.527099609375,11.911261558532715,11.921263694763184,869.6524658203125,1734.1370849609375,51.036354064941406,51.1009635925293,96.0,0,0,346.2257995605469,0,7.924896240234375,20.72723388671875,20.775249481201172,0,1.034000039100647,0.9067617654800415,50,2.799999952316284,2.397932291030884,0,0,0,0,83.62180358363534,0,0,0,-0.01136371586471796,0.030630983412265778,-0.019300037994980812,-3.277044743299484e-05,95.91096496582031,95.91597747802734,769.4478759765625,769.4517822265625,769.4517822265625,539.3685302734375,0,0,21.338605880737305,0.0010999999940395355,0.02200000174343586,0.03299999609589577,0.04399999603629112,5655.8173828125,114276.53125,0.0429663360118866,0,3.1392715754918754e-05,210.30331420898438,0,0.0002616529818624258,2.8350639695418067e-05,0,0,23.700000762939453,0,0,1600,0,50,0,0,0,50,50,200,0.0,0.0,0.0,0.0
116,157.90219116210938,309.28167724609375,325.4967346191406,325.44873046875,293.09027099609375,293.1383056640625,16515.818359375,33031.63671875,70.06437683105469,70.064453125,1712.061767578125,3413.585693359375,1722.0250244140625,3433.970703125,284.3427734375,61.47164535522461,-6.752174499524699e-07,0,0,2575.547119140625,1297.02880859375,0,21.367664337158203,2594.496337890625,11.910719871520996,11.920711517333984,869.64208984375,1734.113525390625,51.03009033203125,51.09450149536133,96.0,0,0,346.2238464355469,0,7.924896240234375,20.72709846496582,20.775114059448242,0,1.034000039100647,0.9067617654800415,50,2.799999952316284,2.397960901260376,0,0,0,0,84.73046348850076,0,0,0,-0.011176219210028648,0.030643373727798462,-0.019500037655234337,-3.288290463387966e-05,95.90982055664062,95.91483306884766,769.4400024414062,769.4439086914062,769.4439086914062,539.3634033203125,0,0,21.367664337158203,0.0010999999940395355,0.02200000174343586,0.03299999609589577,0.04399999603629112,5655.8173828125,114276.53125,0.0429663360118866,0,3.1392715754918754e-05,212.12411499023438,0,0.0002616529818624258,2.8350639695418067e-05,0,0,23.700000762939453,0,0,1600,0,50,0,0,0,50,50,200,0.0,0.0,0.0,0.0
117,157.89837646484375,309.2793273925781,325.49493408203125,325.4468994140625,293.08734130859375,293.1353759765625,16515.818359375,33031.63671875,70.06201934814453,70.06209564208984,1711.907470703125,3413.244873046875,1722.0262451171875,3433.969482421875,284.3394470214844,61.46323776245117,-4.9281379688181914e-06,0,0,2575.558837890625,1297.016357421875,0,21.393882751464844,2594.465087890625,11.91016960144043,11.920148849487305,869.6304931640625,1734.08837890625,51.02366638183594,51.08795166015625,96.0,0,0,346.22186279296875,0,7.924896240234375,20.7269287109375,20.77497673034668,0,1.034000039100647,0.9067617654800415,50,2.799999952316284,2.3979897499084473,0,0,0,0,85.82948259254428,0,0,0,-0.010988730937242508,0.030655762180685997,-0.01970003917813301,-3.3006537705659866e-05,95.90868377685547,95.91368103027344,769.43212890625,769.43603515625,769.43603515625,539.3582763671875,0,0,21.393882751464844,0.0010999999940395355,0.02200000174343586,0.03299999609589577,0.04399999603629112,5655.8173828125,114276.53125,0.0429663360118866,0,3.1392715754918754e-05,213.94491577148438,0,0.0002616529818624258,2.8350639695418067e-05,0,0,23.700000762939453,0,0,1600,0,50,0,0,0,50,50,200,0.0,0.0,0.0,0.0
118,157.89459228515625,309.2769470214844,325.4931640625,325.445068359375,293.08441162109375,293.1324768066406,16515.818359375,33031.63671875,70.05966186523438,70.05973052978516,1711.7584228515625,3412.9140625,1722.02099609375,3433.974365234375,284.3360900878906,61.45484924316406,4.359715603641234e-06,0,0,2575.570068359375,1297.0042724609375,0,21.422693252563477,2594.43408203125,11.909610748291016,11.919577598571777,869.6203002929688,1734.06640625,51.01712417602539,51.081295013427734,96.0,0,0,346.2199401855469,0,7.924896240234375,20.72675895690918,20.77487564086914,0,1.034000039100647,0.9067617654800415,50,2.799999952316284,2.3980183601379395,0,0,0,0,86.91886089576592,0,0,0,-0.010801252909004688,0.03066815435886383,-0.019900038838386536,-3.313785418868065e-05,95.90753173828125,95.91253662109375,769.4242553710938,769.4281616210938,769.4281616210938,539.3531494140625,0,0,21.422693252563477,0.0010999999940395355,0.02200000174343586,0.03299999609589577,0.04399999603629112,5655.8173828125,114276.53125,0.0429663360118866,0,3.1392715754918754e-05,215.76571655273438,0,0.0002616529818624258,2.8350639695418067e-05,0,0,23.700000762939453,0,0,1600,0,50,0,0,0,50,50,200,0.0,0.0,0.0,0.0
119,157.89083862304688,309.2745666503906,325.4913635253906,325.4432678222656,293.08148193359375,293.1295471191406,16515.818359375,33031.63671875,70.05728912353516,70.05736541748047,1711.614501953125,3412.59326171875,1722.025634765625,3433.970458984375,284.33282470703125,61.44648742675781,-3.5568466500990326e-06,0,0,2575.581298828125,1296.99169921875,0,21.451416015625,2594.403076171875,11.909045219421387,11.918996810913086,869.6104125976562,1734.0447998046875,51.01054000854492,51.07451629638672,96.0,0,0,346.2179870605469,0,7.924896240234375,20.72662353515625,20.77474021911621,0,1.034000039100647,0.9067617654800415,50,2.799999952316284,2.3980469703674316,0,0,0,0,87.99859035075261,0,0,0,-0.010613784193992615,0.030680542811751366,-0.02010004036128521,-3.328174352645874e-05,95.90635681152344,95.91139221191406,769.4163818359375,769.4203491210938,769.4203491210938,539.3480224609375,0,0,21.451416015625,0.0010999999940395355,0.02200000174343586,0.03299999609589577,0.04399999603629112,5655.8173828125,114276.53125,0.0429663360118866,0,3.1392715754918754e-05,217.58651733398438,0,0.0002616529818624258,2.8350639695418067e-05,0,0,23.700000762939453,0,0,1600,0,50,0,0,0,50,50,200,0.0,0.0,0.0,0.0
120,157.88711547851562,309.2721862792969,325.4896240234375,325.44146728515625,293.0784912109375,293.1265869140625,16515.818359375,33031.63671875,70.05491638183594,70.05499267578125,1711.474609375,3412.283203125,1722.023681640625,3433.971923828125,284.3294982910156,61.43815994262695,4.391396032588091e-06,0,0,2575.592529296875,1296.9793701171875,0,21.478683471679688,2594.372314453125,11.908472061157227,11.918410301208496,869.600830078125,1734.0235595703125,51.00382995605469,51.067665100097656,96.0,0,0,346.216064453125,0,7.924896240234375,20.72645378112793,20.77460479736328,0,1.034000039100647,0.9067617654800415,50,2.799999952316284,2.398075580596924,0,0,0,0,89.0686950997435,0,0,0,-0.010426324792206287,0.03069293312728405,-0.020300040021538734,-3.3431919291615486e-05,95.90519714355469,95.91024780273438,769.408447265625,769.4124755859375,769.4124755859375,539.3429565429688,0,0,21.478683471679688,0.0010999999940395355,0.02200000174343586,0.03299999609589577,0.04399999603629112,5655.8173828125,114276.53125,0.0429663360118866,0,3.1392715754918754e-05,219.40731811523438,0,0.0002616529818624258,2.8350639695418067e-05,0,0,23.700000762939453,0,0,1600,0,50,0,0,0,50,50,200,0.0,0.0,0.0,0.0
121,157.88340759277344,309.269775390625,325.48785400390625,325.4396667480469,293.07550048828125,293.1236572265625,16515.818359375,33031.63671875,70.05253601074219,70.05261993408203,1711.340087890625,3411.9814453125,1722.0238037109375,3433.971923828125,284.3262023925781,61.429840087890625,2.8659192139457446e-06,0,0,2575.603759765625,1296.96630859375,0,21.508544921875,2594.34033203125,11.907892227172852,11.917815208435059,869.5928344726562,1734.0028076171875,50.997093200683594,51.06069564819336,96.0,0,0,346.21417236328125,0,7.924896240234375,20.726318359375,20.774503707885742,0,1.034000039100647,0.9067617654800415,50,2.799999952316284,2.3981049060821533,0,0,0,0,90.12915100049945,0,0,0,-0.010236198082566261,0.030705537647008896,-0.02050004154443741,-3.070151433348656e-05,95.9040298461914,95.90907287597656,769.4004516601562,769.4044799804688,769.4044799804688,539.3377075195312,0,0,21.508544921875,0.0010999999940395355,0.02200000174343586,0.03299999609589577,0.04399999603629112,5655.8173828125,114276.53125,0.0429663360118866,0,3.1392715754918754e-05,221.22811889648438,0,0.0002616529818624258,2.8350639695418067e-05,0,0,23.700000762939453,0,0,1600,0,50,0,0,0,50,50,200,0.0,0.0,0.0,0.0
122,157.87974548339844,309.267333984375,325.4860534667969,325.4378662109375,293.0724792480469,293.1206970214844,16515.818359375,33031.63671875,70.0501480102539,70.05023193359375,1711.2091064453125,3411.691162109375,1722.0230712890625,3433.97265625,284.3229064941406,61.42154312133789,4.826489202969242e-06,0,0,2575.614501953125,1296.9539794921875,0,21.53702163696289,2594.309814453125,11.907305717468262,11.917211532592773,869.5809326171875,1733.9803466796875,50.990203857421875,51.05365753173828,96.0,0,0,346.2122802734375,0,7.924896240234375,20.72621726989746,20.77440071105957,0,1.034000039100647,0.9067617654800415,50,2.799999952316284,2.3981330394744873,0,0,0,0,91.18478650084447,0,0,0,-0.010043403133749962,0.03071792796254158,-0.020700041204690933,-2.5515910238027573e-05,95.90319061279297,95.90794372558594,769.3928833007812,769.3966064453125,769.3966064453125,539.3325805664062,0,0,21.53702163696289,0.0010999999940395355,0.02200000174343586,0.03299999609589577,0.04399999603629112,5655.8173828125,114276.53125,0.0429663360118866,0,3.1392715754918754e-05,223.04891967773438,0,0.0002616529818624258,2.8350639695418067e-05,0,0,23.700000762939453,0,0,1600,0,50,0,0,0,50,50,200,0.0,0.0,0.0,0.0
123,157.8760986328125,309.264892578125,325.4842834472656,325.4360656738281,293.0694885253906,293.1177062988281,16515.818359375,33031.63671875,70.04774475097656,70.04783630371094,1711.084716796875,3411.410888671875,1722.024658203125,3433.97119140625,284.31964111328125,61.413265228271484,-9.436372465643217e-07,0,0,2575.62548828125,1296.9410400390625,0,21.5667724609375,2594.282470703125,11.90671157836914,11.916601181030273,869.5709838867188,1733.9581298828125,50.9832649230957,51.046470642089844,96.0,0,0,346.2104187011719,0,7.924896240234375,20.726116180419922,20.774333953857422,0,1.034000039100647,0.9067617654800415,50,2.799999952316284,2.398158550262451,0,0,0,0,92.23078120036757,0,0,0,-0.009850617498159409,0.03072946146130562,-0.020900040864944458,-2.1197833120822906e-05,95.90261840820312,95.90692901611328,769.3858642578125,769.3892822265625,769.3892822265625,539.3276977539062,0,0,21.5667724609375,0.0010999999940395355,0.02200000174343586,0.03299999609589577,0.04399999603629112,5655.8173828125,114276.53125,0.0429663360118866,0,3.1392715754918754e-05,224.86972045898438,0,0.0002616529818624258,2.8350639695418067e-05,0,0,23.700000762939453,0,0,1600,0,50,0,0,0,50,50,200,0.0,0.0,0.0,0.0
124,157.87249755859375,309.262451171875,325.4825134277344,325.43426513671875,293.06646728515625,293.11468505859375,16515.818359375,33031.63671875,70.04533386230469,70.04542541503906,1710.9647216796875,3411.142822265625,1722.0224609375,3433.97314453125,284.3163757324219,61.40501403808594,-2.6467091629456263e-06,0,0,2575.63623046875,1296.92822265625,0,21.5950927734375,2594.2587890625,11.906110763549805,11.915982246398926,869.5609741210938,1733.9366455078125,50.97616195678711,51.039188385009766,96.0,0,0,346.2085876464844,0,7.924896240234375,20.72604751586914,20.77429962158203,0,1.034000039100647,0.9067617654800415,50,2.799999952316284,2.3981804847717285,0,0,0,0,93.26713509906881,0,0,0,-0.00965784303843975,0.030739931389689445,-0.021100042387843132,-1.7954735085368156e-05,95.90214538574219,95.90605163574219,769.3795776367188,769.3826293945312,769.3826293945312,539.3231201171875,0,0,21.5950927734375,0.0010999999940395355,0.02200000174343586,0.03299999609589577,0.04399999603629112,5655.8173828125,114276.53125,0.0429663360118866,0,3.1392715754918754e-05,226.69052124023438,0,0.0002616529818624258,2.8350639695418067e-05,0,0,23.700000762939453,0,0,1600,0,50,0,0,0,50,50,200,0.0,0.0,0.0,0.0
125,157.86892700195312,309.260009765625,325.48077392578125,325.4324645996094,293.06341552734375,293.1116943359375,16515.818359375,33031.63671875,70.04291534423828,70.04299926757812,1710.8497314453125,3410.884521484375,1722.0252685546875,3433.970458984375,284.3131103515625,61.39678955078125,-2.82726745126638e-07,0,0,2575.64697265625,1296.915283203125,0,21.623300552368164,2594.23876953125,11.905505180358887,11.91535758972168,869.5525512695312,1733.9156494140625,50.9689826965332,51.031795501708984,96.0,0,0,346.2066955566406,0,7.924896240234375,20.7259464263916,20.77423095703125,0,1.034000039100647,0.9067617654800415,50,2.799999952316284,2.3981988430023193,0,0,0,0,94.29384819694813,0,0,0,-0.009465078823268414,0.030749330297112465,-0.021300042048096657,-1.5792204067111015e-05,95.90174865722656,95.90531921386719,769.3738403320312,769.3766479492188,769.3766479492188,539.3189086914062,0,0,21.623300552368164,0.0010999999940395355,0.02200000174343586,0.03299999609589577,0.04399999603629112,5655.8173828125,114276.53125,0.0429663360118866,0,3.1392715754918754e-05,228.51132202148438,0,0.0002616529818624258,2.8350639695418067e-05,0,0,23.700000762939453,0,0,1600,0,50,0,0,0,50,50,200,0.0,0.0,0.0,0.0
126,157.8654022216797,309.257568359375,325.4789733886719,325.4306945800781,293.06036376953125,293.1086730957031,16515.818359375,33031.63671875,70.04048156738281,70.04057312011719,1710.739990234375,3410.636474609375,1722.023681640625,3433.971923828125,284.30987548828125,61.38859558105469,-3.9064170778146945e-06,0,0,2575.657470703125,1296.9022216796875,0,21.651418685913086,2594.221435546875,11.904891967773438,11.914726257324219,869.5446166992188,1733.8975830078125,50.96174240112305,51.0242805480957,96.0,0,0,346.2049255371094,0,7.924896240234375,20.7259464263916,20.77423095703125,0,1.034000039100647,0.9067617654800415,50,2.799999952316284,2.398214817047119,0,0,0,0,95.31092049400557,0,0,0,-0.009272324852645397,0.030757982283830643,-0.02150004357099533,-1.4385441318154335e-05,95.90135955810547,95.90467834472656,769.3685302734375,769.3711547851562,769.3711547851562,539.3150024414062,0,0,21.651418685913086,0.0010999999940395355,0.02200000174343586,0.03299999609589577,0.04399999603629112,5655.8173828125,114276.53125,0.0429663360118866,0,3.1392715754918754e-05,230.33212280273438,0,0.0002616529818624258,2.8350639695418067e-05,0,0,23.700000762939453,0,0,1600,0,50,0,0,0,50,50,200,0.0,0.0,0.0,0.0
127,157.8618927001953,309.255126953125,325.4772033691406,325.4289245605469,293.0572814941406,293.1056213378906,16515.818359375,33031.63671875,70.03804779052734,70.03813934326172,1710.6341552734375,3410.397705078125,1722.0242919921875,3433.971435546875,284.306640625,61.38043975830078,-1.7200300135300495e-06,0,0,2575.66796875,1296.8890380859375,0,21.675334930419922,2594.206298828125,11.904274940490723,11.91408920288086,869.5364990234375,1733.88037109375,50.95437240600586,51.0167121887207,96.0,0,0,346.203125,0,7.924896240234375,20.72591209411621,20.774198532104492,0,1.034000039100647,0.9067617654800415,50,2.799999952316284,2.398228883743286,0,0,0,0,96.31836003765417,0,0,0,-0.009079580195248127,0.03076609969139099,-0.02150004357099533,0.00018647569231688976,95.90552520751953,95.90411376953125,769.3670654296875,769.3660278320312,769.3660278320312,539.3112182617188,0,0,21.675334930419922,0.0010999999940395355,0.02200000174343586,0.03299999609589577,0.04399999603629112,5655.8173828125,114276.53125,0.0429663360118866,0,3.1392715754918754e-05,232.15292358398438,0,0.0002616529818624258,2.8350639695418067e-05,0,0,23.700000762939453,0,0,1600,0,50,0,0,0,50,50,200,0.0,0.0,0.0,0.0
128,157.8584442138672,309.252685546875,325.4754333496094,325.4271545410156,293.05419921875,293.1025390625,16515.818359375,33031.63671875,70.03559875488281,70.03569030761719,1710.5469970703125,3410.19775390625,1722.022705078125,3433.97314453125,284.3034362792969,61.372314453125,-5.521315870282706e-06,0,0,2575.678466796875,1296.8763427734375,0,21.70454978942871,2594.26416015625,11.903651237487793,11.913445472717285,869.5292358398438,1733.8638916015625,50.9464111328125,51.00847625732422,96.0,0,0,346.2013244628906,0,7.924896240234375,20.72587776184082,20.7741641998291,0,1.034000039100647,0.9067617654800415,50,2.799999952316284,2.3981754779815674,0,0,0,0,97.31615073306783,0,0,0,-0.008886845782399178,0.030753817409276962,-0.02150004357099533,0.0003669275902211666,95.92300415039062,95.90625,769.386962890625,769.373779296875,769.373779296875,539.3138427734375,0,0,21.70454978942871,0.0010999999940395355,0.02200000174343586,0.03299999609589577,0.04399999603629112,5655.8173828125,114276.53125,0.0429663360118866,0,3.1392715754918754e-05,233.97372436523438,0,0.0002616529818624258,2.8350639695418067e-05,0,0,23.700000762939453,0,0,1600,0,50,0,0,0,50,50,200,0.0,0.0,0.0,0.0
129,157.8551025390625,309.2503662109375,325.4736633300781,325.4253845214844,293.0511169433594,293.0994873046875,16515.818359375,33031.63671875,70.03314208984375,70.03323364257812,1710.493408203125,3410.066162109375,1722.0216064453125,3433.974365234375,284.30023193359375,61.3642692565918,2.87856209979509e-06,0,0,2575.688720703125,1296.86328125,0,21.72819709777832,2594.496337890625,11.903023719787598,11.912795066833496,869.5240478515625,1733.85498046875,50.937034606933594,50.998863220214844,96.0,0,0,346.1995544433594,0,7.924896240234375,20.72587776184082,20.7741641998291,0,1.034000039100647,0.9067617654800415,50,2.799999952316284,2.397960901260376,0,0,0,0,98.2946598268377,0,0,0,-0.008702151477336884,0.030692720785737038,-0.02150004357099533,0.0004905257374048233,95.95873260498047,95.91483306884766,769.4472045898438,769.41259765625,769.41259765625,539.33203125,0,0,21.72819709777832,0.0010999999940395355,0.02200000174343586,0.03299999609589577,0.04399999603629112,5655.8173828125,114276.53125,0.0429663360118866,0,3.1392715754918754e-05,235.79452514648438,0,0.0002616529818624258,2.8350639695418067e-05,0,0,23.700000762939453,0,0,1600,0,50,0,0,0,50,50,200,0.0,0.0,0.0,0.0
130,157.85198974609375,309.248291015625,325.4720153808594,325.4236755371094,293.0480651855469,293.096435546875,16515.818359375,33031.63671875,70.03069305419922,70.03079223632812,1710.466552734375,3409.986328125,1722.02099609375,3433.974365234375,284.2971496582031,61.35646057128906,4.757981059810845e-06,0,0,2575.69873046875,1296.85107421875,0,21.736557006835938,2594.90771484375,11.902393341064453,11.91214370727539,869.5287475585938,1733.8604736328125,50.926300048828125,50.987850189208984,96.0,0,0,346.1979064941406,0,7.924896240234375,20.72587776184082,20.77423095703125,0,1.034000039100647,0.9067617654800415,50,2.799999952316284,2.397580623626709,0,0,0,0,99.22497296391116,0,0,0,-0.008538879454135895,0.030581314116716385,-0.021600043401122093,0.0004423912614583969,95.98548126220703,95.93004608154297,769.5269165039062,769.4833374023438,769.4833374023438,539.3662719726562,0,0,21.736557006835938,0.0010999999940395355,0.02200000174343586,0.03299999609589577,0.04399999603629112,5655.8173828125,114276.53125,0.0429663360118866,0,3.1392715754918754e-05,237.61532592773438,0,0.0002616529818624258,2.8350639695418067e-05,0,0,23.700000762939453,0,0,1600,0,50,0,0,0,50,50,200,0.0,0.0,0.0,0.0
131,157.84927368164062,309.24664306640625,325.470458984375,325.4220886230469,293.0450744628906,293.09344482421875,16515.818359375,33031.63671875,70.02828979492188,70.02838134765625,1710.4517822265625,3409.933349609375,1722.0216064453125,3433.973876953125,284.29425048828125,61.349178314208984,1.730592202875414e-06,0,0,2575.70703125,1296.8397216796875,0,21.715389251708984,2595.3876953125,11.901762008666992,11.911490440368652,869.546630859375,1733.895263671875,50.91499328613281,50.97630310058594,96.0,0,0,346.1964111328125,0,7.924896240234375,20.7259464263916,20.77429962158203,0,1.034000039100647,0.9067617654800415,50,2.799999952316284,2.39713716506958,0,0,0,0,100.06369849317663,0,0,0,-0.008407731540501118,0.03045015223324299,-0.021600043401122093,0.0004423765931278467,95.99579620361328,95.94779205322266,769.6043701171875,769.5665893554688,769.5665893554688,539.4070434570312,0,0,21.715389251708984,0.0010999999940395355,0.02200000174343586,0.03299999609589577,0.04399999603629112,5655.8173828125,114276.53125,0.0429663360118866,0,3.1392715754918754e-05,239.43612670898438,0,0.0002616529818624258,2.8350639695418067e-05,0,0,23.700000762939453,0,0,1600,0,50,0,0,0,50,50,200,0.0,0.0,0.0,0.0
132,157.84701538085938,309.24530029296875,325.4691467285156,325.4207458496094,293.0422058105469,293.0905456542969,16515.818359375,33031.63671875,70.02597045898438,70.02606964111328,1710.43408203125,3409.872802734375,1722.0228271484375,3433.97265625,284.2916564941406,61.342586517333984,-2.4917405880842125e-06,0,0,2575.714599609375,1296.8291015625,0,21.66498565673828,2595.81689453125,11.901130676269531,11.910837173461914,869.575927734375,1733.951904296875,50.90413284301758,50.96512222290039,96.0,0,0,346.1951599121094,0,7.924896240234375,20.72601318359375,20.77440071105957,0,1.034000039100647,0.9067617654800415,50,2.799999952316284,2.3967409133911133,0,0,0,0,100.77227321134657,0,0,0,-0.008303351700305939,0.0303326565772295,-0.021600043401122093,0.00042926170863211155,96.00975036621094,95.96365356445312,769.677490234375,769.6411743164062,769.6411743164062,539.443603515625,0,0,21.66498565673828,0.0010999999940395355,0.02200000174343586,0.03299999609589577,0.04399999603629112,5655.8173828125,114276.53125,0.0429663360118866,0,3.1392715754918754e-05,241.25692749023438,0,0.0002616529818624258,2.8350639695418067e-05,0,0,23.700000762939453,0,0,1600,0,50,0,0,0,50,50,200,0.0,0.0,0.0,0.0
133,157.8451690673828,309.2442932128906,325.4680480957031,325.4195861816406,293.0394592285156,293.0877990722656,16515.818359375,33031.63671875,70.02376556396484,70.02386474609375,1710.4158935546875,3409.814697265625,1722.023681640625,3433.971923828125,284.289306640625,61.33667755126953,1.5647017335140845e-06,0,0,2575.720703125,1296.819091796875,0,21.609262466430664,2596.2294921875,11.900501251220703,11.910183906555176,869.6139526367188,1734.0263671875,50.89339065551758,50.95408248901367,96.0,0,0,346.194091796875,0,7.924896240234375,20.72604751586914,20.774503707885742,0,1.034000039100647,0.9067617654800415,50,2.799999952316284,2.396360158920288,0,0,0,0,101.3603459666559,0,0,0,-0.008223061449825764,0.030219225212931633,-0.021700043231248856,0.00029611866921186447,96.02335357666016,95.9789047241211,769.7482299804688,769.7131958007812,769.7131958007812,539.47900390625,0,0,21.609262466430664,0.0010999999940395355,0.02200000174343586,0.03299999609589577,0.04399999603629112,5655.8173828125,114276.53125,0.0429663360118866,0,3.1392715754918754e-05,243.07772827148438,0,0.0002616529818624258,2.8350639695418067e-05,0,0,23.700000762939453,0,0,1600,0,50,0,0,0,50,50,200,0.0,0.0,0.0,0.0
134,157.8436737060547,309.2435302734375,325.4671936035156,325.4187316894531,293.03680419921875,293.085205078125,16515.818359375,33031.63671875,70.02169799804688,70.02179718017578,1710.3935546875,3409.74853515625,1722.0242919921875,3433.97119140625,284.2872009277344,61.33137893676758,2.860772156054736e-06,0,0,2575.725830078125,1296.81005859375,0,21.557788848876953,2596.60302734375,11.899872779846191,11.909530639648438,869.658203125,1734.1136474609375,50.8829460144043,50.94334411621094,96.0,0,0,346.1932067871094,0,7.924896240234375,20.72601318359375,20.77446937561035,0,1.034000039100647,0.9067617654800415,50,2.799999952316284,2.3960154056549072,0,0,0,0,101.83754951251348,0,0,0,-0.008164183236658573,0.030116258189082146,-0.021700043231248856,0.00025203125551342964,96.02709197998047,95.99271392822266,769.8056640625,769.7786254882812,769.7786254882812,539.51123046875,0,0,21.557788848876953,0.0010999999940395355,0.02200000174343586,0.03299999609589577,0.04399999603629112,5655.8173828125,114276.53125,0.0429663360118866,0,3.1392715754918754e-05,244.89852905273438,0,0.0002616529818624258,2.8350639695418067e-05,0,0,23.700000762939453,0,0,1600,0,50,0,0,0,50,50,200,0.0,0.0,0.0,0.0
135,157.84246826171875,309.2433166503906,325.46661376953125,325.4181823730469,293.0343933105469,293.08282470703125,16515.818359375,33031.63671875,70.0197982788086,70.0198974609375,1710.36328125,3409.66552734375,1722.0252685546875,3433.970458984375,284.28533935546875,61.32661819458008,9.930579381034477e-07,0,0,2575.7294921875,1296.8023681640625,0,21.514938354492188,2596.89599609375,11.89924430847168,11.908878326416016,869.7160034179688,1734.227294921875,50.873165130615234,50.9332160949707,96.0,0,0,346.1925354003906,0,7.924896240234375,20.72591209411621,20.77436637878418,0,1.034000039100647,0.9067617654800415,50,2.799999952316284,2.395745038986206,0,0,0,0,102.21835309756516,0,0,0,-0.008145449683070183,0.030034974217414856,-0.021700043231248856,0.00018947990611195564,96.03108215332031,96.00354766845703,769.8519287109375,769.8302001953125,769.8302001953125,539.536865234375,0,0,21.514938354492188,0.0010999999940395355,0.02200000174343586,0.03299999609589577,0.04399999603629112,5655.8173828125,114276.53125,0.0429663360118866,0,3.1392715754918754e-05,246.71932983398438,0,0.0002616529818624258,2.8350639695418067e-05,0,0,23.700000762939453,0,0,1600,0,50,0,0,0,50,50,200,0.0,0.0,0.0,0.0
136,157.84146118164062,309.2428894042969,325.4662170410156,325.4177551269531,293.0321960449219,293.08062744140625,16515.818359375,33031.63671875,70.01807403564453,70.01818084716797,1710.32666015625,3409.5703125,1722.0230712890625,3433.97265625,284.2835998535156,61.32223129272461,2.885429921661853e-06,0,0,2575.73291015625,1296.795166015625,0,21.485076904296875,2597.1298828125,11.898619651794434,11.908227920532227,869.7632446289062,1734.320556640625,50.86382293701172,50.92359161376953,96.0,0,0,346.1919860839844,0,7.924896240234375,20.72577667236328,20.77423095703125,0,1.034000039100647,0.9067617654800415,50,2.799999952316284,2.395529270172119,0,0,0,0,102.53166302945057,0,0,0,-0.008113333955407143,0.029970355331897736,-0.021700043231248856,0.00015697628259658813,96.03433227539062,96.01219177246094,769.888671875,769.8712158203125,769.8712158203125,539.5571899414062,0,0,21.485076904296875,0.0010999999940395355,0.02200000174343586,0.03299999609589577,0.04399999603629112,5655.8173828125,114276.53125,0.0429663360118866,0,3.1392715754918754e-05,248.54013061523438,0,0.0002616529818624258,2.8350639695418067e-05,0,0,23.700000762939453,0,0,1600,0,50,0,0,0,50,50,200,0.0,0.0,0.0,0.0
137,157.84059143066406,309.2425537109375,325.4660339355469,325.4175109863281,293.0301208496094,293.07855224609375,16515.818359375,33031.63671875,70.01649475097656,70.0166015625,1710.2869873046875,3409.47021484375,1722.023681640625,3433.971923828125,284.2819519042969,61.31808853149414,-5.806410854347632e-07,0,0,2575.73583984375,1296.7884521484375,0,21.471532821655273,2597.3193359375,11.897994041442871,11.907576560974121,869.8065185546875,1734.40576171875,50.85482406616211,50.91428756713867,96.0,0,0,346.1915283203125,0,7.924896240234375,20.72547149658203,20.77399444580078,0,1.034000039100647,0.9067617654800415,50,2.799999952316284,2.3953545093536377,0,0,0,0,102.8015974050505,0,0,0,-0.008086572401225567,0.029918015003204346,-0.021700043231248856,0.00013139890506863594,96.03749084472656,96.01919555664062,769.9188232421875,769.9044799804688,769.9044799804688,539.5736083984375,0,0,21.471532821655273,0.0010999999940395355,0.02200000174343586,0.03299999609589577,0.04399999603629112,5655.8173828125,114276.53125,0.0429663360118866,0,3.1392715754918754e-05,250.36093139648438,0,0.0002616529818624258,2.8350639695418067e-05,0,0,23.700000762939453,0,0,1600,0,50,0,0,0,50,50,200,0.0,0.0,0.0,0.0
138,157.8397979736328,309.2422790527344,325.4659423828125,325.41741943359375,293.0281982421875,293.0766906738281,16515.818359375,33031.63671875,70.01505279541016,70.01516723632812,1710.2457275390625,3409.367431640625,1722.0244140625,3433.97119140625,284.2803955078125,61.31410598754883,-9.15855764560547e-07,0,0,2575.738037109375,1296.7823486328125,0,21.466615676879883,2597.47607421875,11.897369384765625,11.906926155090332,869.8485107421875,1734.48828125,50.84610366821289,50.90522384643555,96.0,0,0,346.1910705566406,0,7.924896240234375,20.72513198852539,20.77365493774414,0,1.034000039100647,0.9067617654800415,50,2.799999952316284,2.395209789276123,0,0,0,0,103.03779702518686,0,0,0,-0.008065163157880306,0.0298746507614851,-0.021700043231248856,0.00010944320820271969,96.04029846191406,96.02499389648438,769.944091796875,769.9320068359375,769.9320068359375,539.5872192382812,0,0,21.466615676879883,0.0010999999940395355,0.02200000174343586,0.03299999609589577,0.04399999603629112,5655.8173828125,114276.53125,0.0429663360118866,0,3.1392715754918754e-05,252.18173217773438,0,0.0002616529818624258,2.8350639695418067e-05,0,0,23.700000762939453,0,0,1600,0,50,0,0,0,50,50,200,0.0,0.0,0.0,0.0
139,157.8390655517578,309.24200439453125,325.4659423828125,325.41741943359375,293.0264587402344,293.074951171875,16515.818359375,33031.63671875,70.01374816894531,70.01386260986328,1710.2030029296875,3409.263671875,1722.0250244140625,3433.970703125,284.27886962890625,61.310237884521484,-5.092307219456416e-06,0,0,2575.740478515625,1296.7767333984375,0,21.467910766601562,2597.60791015625,11.896744728088379,11.906274795532227,869.88525390625,1734.5606689453125,50.8375358581543,50.89636993408203,96.0,0,0,346.1907043457031,0,7.924896240234375,20.724760055541992,20.773283004760742,0,1.034000039100647,0.9067617654800415,50,2.799999952316284,2.3950881958007812,0,0,0,0,103.25470699626639,0,0,0,-0.008043752983212471,0.029838228598237038,-0.021700043231248856,9.443052113056183e-05,96.04273986816406,96.02986907958984,769.9652099609375,769.9551391601562,769.9551391601562,539.5986328125,0,0,21.467910766601562,0.0010999999940395355,0.02200000174343586,0.03299999609589577,0.04399999603629112,5655.8173828125,114276.53125,0.0429663360118866,0,3.1392715754918754e-05,254.00253295898438,0,0.0002616529818624258,2.8350639695418067e-05,0,0,23.700000762939453,0,0,1600,0,50,0,0,0,50,50,200,0.0,0.0,0.0,0.0
140,157.83837890625,309.2418212890625,325.4660339355469,325.4175109863281,293.02484130859375,293.0733337402344,16515.818359375,33031.63671875,70.01256561279297,70.0126724243164,1710.1612548828125,3409.16015625,1722.022705078125,3433.97314453125,284.27734375,61.30644607543945,2.351396460653632e-06,0,0,2575.742431640625,1296.77197265625,0,21.471508026123047,2597.71923828125,11.896120071411133,11.905623435974121,869.9196166992188,1734.6279296875,50.829158782958984,50.887657165527344,96.0,0,0,346.1903381347656,0,7.924896240234375,20.724285125732422,20.772808074951172,0,1.034000039100647,0.9067617654800415,50,2.799999952316284,2.3949856758117676,0,0,0,0,103.45715576611308,0,0,0,-0.008027696050703526,0.029807573184370995,-0.021700043231248856,7.98320397734642e-05,96.04495239257812,96.03398132324219,769.9832153320312,769.974609375,769.974609375,539.6082153320312,0,0,21.471508026123047,0.0010999999940395355,0.02200000174343586,0.03299999609589577,0.04399999603629112,5655.8173828125,114276.53125,0.0429663360118866,0,3.1392715754918754e-05,255.82333374023438,0,0.0002616529818624258,2.8350639695418067e-05,0,0,23.700000762939453,0,0,1600,0,50,0,0,0,50,50,200,0.0,0.0,0.0,0.0
141,157.83770751953125,309.2416076660156,325.46624755859375,325.4176940917969,293.0233459472656,293.0718688964844,16515.818359375,33031.63671875,70.01148223876953,70.01158905029297,1710.12109375,3409.0576171875,1722.0238037109375,3433.971923828125,284.2758483886719,61.30269241333008,4.969442670699209e-06,0,0,2575.74462890625,1296.7677001953125,0,21.48027229309082,2597.81396484375,11.89549446105957,11.9049711227417,869.9503784179688,1734.6876220703125,50.820926666259766,50.8790397644043,96.0,0,0,346.19000244140625,0,7.924896240234375,20.72374153137207,20.77229881286621,0,1.034000039100647,0.9067617654800415,50,2.799999952316284,2.3948984146118164,0,0,0,0,103.64996373513787,0,0,0,-0.00801163911819458,0.02978140488266945,-0.021700043231248856,6.972067058086395e-05,96.04685974121094,96.03748321533203,769.9985961914062,769.9912109375,769.9912109375,539.616455078125,0,0,21.48027229309082,0.0010999999940395355,0.02200000174343586,0.03299999609589577,0.04399999603629112,5655.8173828125,114276.53125,0.0429663360118866,0,3.1392715754918754e-05,257.6441345214844,0,0.0002616529818624258,2.8350639695418067e-05,0,0,23.700000762939453,0,0,1600,0,50,0,0,0,50,50,200,0.0,0.0,0.0,0.0
142,157.83706665039062,309.24139404296875,325.4664611816406,325.41790771484375,293.02197265625,293.07049560546875,16515.818359375,33031.63671875,70.01050567626953,70.01061248779297,1710.0809326171875,3408.9599609375,1722.0244140625,3433.97119140625,284.2743835449219,61.29896545410156,1.0188084615947446e-06,0,0,2575.74658203125,1296.763427734375,0,21.49162483215332,2597.8955078125,11.894869804382324,11.904316902160645,869.978515625,1734.7427978515625,50.812747955322266,50.870513916015625,96.0,0,0,346.1896667480469,0,7.924896240234375,20.72319984436035,20.771757125854492,0,1.034000039100647,0.9067617654800415,50,2.799999952316284,2.3948233127593994,0,0,0,0,103.83795935116477,0,0,0,-0.007995582185685635,0.02975897490978241,-0.021700043231248856,6.334763020277023e-05,96.04865264892578,96.04049682617188,770.0119018554688,770.0054321289062,770.0054321289062,539.6234741210938,0,0,21.49162483215332,0.0010999999940395355,0.02200000174343586,0.03299999609589577,0.04399999603629112,5655.8173828125,114276.53125,0.0429663360118866,0,3.1392715754918754e-05,259.4649353027344,0,0.0002616529818624258,2.8350639695418067e-05,0,0,23.700000762939453,0,0,1600,0,50,0,0,0,50,50,200,0.0,0.0,0.0,0.0
143,157.83642578125,309.2411804199219,325.4667053222656,325.4181213378906,293.02069091796875,293.0692138671875,16515.818359375,33031.63671875,70.00961303710938,70.00972747802734,1710.042236328125,3408.865234375,1722.0250244140625,3433.970703125,284.2729187011719,61.295265197753906,1.1352286719557014e-06,0,0,2575.74853515625,1296.75927734375,0,21.50286865234375,2597.966796875,11.894244194030762,11.90366268157959,870.0028076171875,1734.7904052734375,50.80464172363281,50.86208724975586,96.0,0,0,346.1893005371094,0,7.924896240234375,20.722623825073242,20.77117919921875,0,1.034000039100647,0.9067617654800415,50,2.799999952316284,2.3947575092315674,0,0,0,0,104.02112651936768,0,0,0,-0.007976849563419819,0.029739322140812874,-0.021700043231248856,6.24277163296938e-05,96.05046081542969,96.04313659667969,770.023681640625,770.0179443359375,770.0179443359375,539.6295776367188,0,0,21.50286865234375,0.0010999999940395355,0.02200000174343586,0.03299999609589577,0.04399999603629112,5655.8173828125,114276.53125,0.0429663360118866,0,3.1392715754918754e-05,261.2857360839844,0,0.0002616529818624258,2.8350639695418067e-05,0,0,23.700000762939453,0,0,1600,0,50,0,0,0,50,50,200,0.0,0.0,0.0,0.0
144,157.83578491210938,309.2409362792969,325.4668884277344,325.4183349609375,293.0195617675781,293.0680847167969,16515.818359375,33031.63671875,70.0087890625,70.00889587402344,1710.00537109375,3408.775390625,1722.025390625,3433.970458984375,284.2714538574219,61.29155731201172,8.963322528643403e-08,0,0,2575.75048828125,1296.756103515625,0,21.51675033569336,2598.03271484375,11.893616676330566,11.903007507324219,870.0209350585938,1734.8258056640625,50.79655075073242,50.85368347167969,96.0,0,0,346.1889953613281,0,7.924896240234375,20.72211456298828,20.770671844482422,0,1.034000039100647,0.9067617654800415,50,2.799999952316284,2.3946967124938965,0,0,0,0,104.20429368757058,0,0,0,-0.007958116941154003,0.029721375554800034,-0.021700043231248856,6.321491673588753e-05,96.05266571044922,96.04557037353516,770.0348510742188,770.029296875,770.029296875,539.6351318359375,0,0,21.51675033569336,0.0010999999940395355,0.02200000174343586,0.03299999609589577,0.04399999603629112,5655.8173828125,114276.53125,0.0429663360118866,0,3.1392715754918754e-05,263.1065368652344,0,0.0002616529818624258,2.8350639695418067e-05,0,0,23.700000762939453,0,0,1600,0,50,0,0,0,50,50,200,0.0,0.0,0.0,0.0
145,157.83518981933594,309.24072265625,325.4671630859375,325.4186096191406,293.0184326171875,293.0669860839844,16515.818359375,33031.63671875,70.0080337524414,70.00814819335938,1709.971923828125,3408.691650390625,1722.0234375,3433.972412109375,284.2699890136719,61.287872314453125,2.5300844299636083e-06,0,0,2575.752197265625,1296.7528076171875,0,21.52928924560547,2598.096435546875,11.89299201965332,11.902350425720215,870.0407104492188,1734.86376953125,50.78855514526367,50.845245361328125,96.0,0,0,346.18865966796875,0,7.924896240234375,20.72150421142578,20.770061492919922,0,1.034000039100647,0.9067617654800415,50,2.799999952316284,2.3946380615234375,0,0,0,0,104.38264850277558,0,0,0,-0.007942060008645058,0.029703857377171516,-0.021700043231248856,6.175367161631584e-05,96.05486297607422,96.04792785644531,770.0459594726562,770.0404663085938,770.0404663085938,539.640625,0,0,21.52928924560547,0.0010999999940395355,0.02200000174343586,0.03299999609589577,0.04399999603629112,5655.8173828125,114276.53125,0.0429663360118866,0,3.1392715754918754e-05,264.9273376464844,0,0.0002616529818624258,2.8350639695418067e-05,0,0,23.700000762939453,0,0,1600,0,50,0,0,0,50,50,200,0.0,0.0,0.0,0.0
146,157.83457946777344,309.24053955078125,325.4673767089844,325.4188232421875,293.0174255371094,293.0660400390625,16515.818359375,33031.63671875,70.00733947753906,70.00745391845703,1709.941162109375,3408.613525390625,1722.0240478515625,3433.971923828125,284.2685546875,61.284210205078125,-2.1791527160530677e-06,0,0,2575.754150390625,1296.7496337890625,0,21.540376663208008,2598.15869140625,11.892363548278809,11.901692390441895,870.0579223632812,1734.897216796875,50.78049087524414,50.836830139160156,96.0,0,0,346.1883544921875,0,7.924896240234375,20.72099494934082,20.76955223083496,0,1.034000039100647,0.9067617654800415,50,2.799999952316284,2.394580602645874,0,0,0,0,104.5561748701566,0,0,0,-0.007926004007458687,0.02968676947057247,-0.021700043231248856,6.0721999034285545e-05,96.05697631835938,96.05023193359375,770.0565795898438,770.05126953125,770.05126953125,539.6459350585938,0,0,21.540376663208008,0.0010999999940395355,0.02200000174343586,0.03299999609589577,0.04399999603629112,5655.8173828125,114276.53125,0.0429663360118866,0,3.1392715754918754e-05,266.7481384277344,0,0.0002616529818624258,2.8350639695418067e-05,0,0,23.700000762939453,0,0,1600,0,50,0,0,0,50,50,200,0.0,0.0,0.0,0.0
147,157.83399963378906,309.2403259277344,325.4675598144531,325.41900634765625,293.0165100097656,293.06512451171875,16515.818359375,33031.63671875,70.00670623779297,70.0068130493164,1709.9130859375,3408.541015625,1722.024658203125,3433.97119140625,284.2671203613281,61.28057098388672,-3.4023432817775756e-06,0,0,2575.755859375,1296.7469482421875,0,21.550031661987305,2598.21923828125,11.891736030578613,11.901034355163574,870.0728149414062,1734.926025390625,50.7724609375,50.82841873168945,96.0,0,0,346.18804931640625,0,7.924896240234375,20.720487594604492,20.76904296875,0,1.034000039100647,0.9067617654800415,50,2.799999952316284,2.3945248126983643,0,0,0,0,104.72488083712668,0,0,0,-0.007909947074949741,0.029670212417840958,-0.021700043231248856,6.022187881171703e-05,96.05907440185547,96.0524673461914,770.0670166015625,770.0618286132812,770.0618286132812,539.651123046875,0,0,21.550031661987305,0.0010999999940395355,0.02200000174343586,0.03299999609589577,0.04399999603629112,5655.8173828125,114276.53125,0.0429663360118866,0,3.1392715754918754e-05,268.5689392089844,0,0.0002616529818624258,2.8350639695418067e-05,0,0,23.700000762939453,0,0,1600,0,50,0,0,0,50,50,200,0.0,0.0,0.0,0.0
148,157.8334503173828,309.2401123046875,325.4677734375,325.419189453125,293.0156555175781,293.0643005371094,16515.818359375,33031.63671875,70.00611114501953,70.0062255859375,1709.8875732421875,3408.47607421875,1722.023681640625,3433.971923828125,284.26568603515625,61.2769660949707,6.035360797795875e-07,0,0,2575.757568359375,1296.7442626953125,0,21.562301635742188,2598.27880859375,11.891106605529785,11.900373458862305,870.0865478515625,1734.9501953125,50.764404296875,50.81999588012695,96.0,0,0,346.1877746582031,0,7.924896240234375,20.720012664794922,20.76860237121582,0,1.034000039100647,0.9067617654800415,50,2.799999952316284,2.394469738006592,0,0,0,0,104.88877445109883,0,0,0,-0.007893890142440796,0.029653871431946754,-0.021700043231248856,5.9936195611953735e-05,96.06116485595703,96.05467224121094,770.0772705078125,770.0722045898438,770.0722045898438,539.6561889648438,0,0,21.562301635742188,0.0010999999940395355,0.02200000174343586,0.03299999609589577,0.04399999603629112,5655.8173828125,114276.53125,0.0429663360118866,0,3.1392715754918754e-05,270.3897399902344,0,0.0002616529818624258,2.8350639695418067e-05,0,0,23.700000762939453,0,0,1600,0,50,0,0,0,50,50,200,0.0,0.0,0.0,0.0
149,157.83291625976562,309.23992919921875,325.4679870605469,325.4194030761719,293.01483154296875,293.0635070800781,16515.818359375,33031.63671875,70.00556945800781,70.00568389892578,1709.8648681640625,3408.4150390625,1722.025634765625,3433.970458984375,284.2642517089844,61.27340316772461,3.6476583886724256e-07,0,0,2575.759033203125,1296.7420654296875,0,21.570371627807617,2598.33740234375,11.890478134155273,11.899714469909668,870.097900390625,1734.9744873046875,50.756370544433594,50.81159210205078,96.0,0,0,346.1874694824219,0,7.924896240234375,20.71950340270996,20.768095016479492,0,1.034000039100647,0.9067617654800415,50,2.799999952316284,2.394415855407715,0,0,0,0,105.04301921683606,0,0,0,-0.007877834141254425,0.02963785082101822,-0.021700043231248856,5.997181870043278e-05,96.06328582763672,96.05683898925781,770.0874633789062,770.0823364257812,770.0823364257812,539.6611938476562,0,0,21.570371627807617,0.0010999999940395355,0.02200000174343586,0.03299999609589577,0.04399999603629112,5655.8173828125,114276.53125,0.0429663360118866,0,3.1392715754918754e-05,272.2105407714844,0,0.0002616529818624258,2.8350639695418067e-05,0,0,23.700000762939453,0,0,1600,0,50,0,0,0,50,50,200,0.0,0.0,0.0,0.0
150,157.83241271972656,309.23974609375,325.4681701660156,325.4195556640625,293.01409912109375,293.062744140625,16515.818359375,33031.63671875,70.00505828857422,70.00517272949219,1709.845458984375,3408.361328125,1722.023193359375,3433.972412109375,284.2628479003906,61.269874572753906,5.355065695766825e-06,0,0,2575.7607421875,1296.7398681640625,0,21.581010818481445,2598.39599609375,11.889847755432129,11.899052619934082,870.1082763671875,1734.9940185546875,50.74834442138672,50.80314636230469,96.0,0,0,346.187255859375,0,7.924896240234375,20.71906280517578,20.76768684387207,0,1.034000039100647,0.9067617654800415,50,2.799999952316284,2.394361972808838,0,0,0,0,105.19244358216235,0,0,0,-0.007864453829824924,0.029621826484799385,-0.021700043231248856,5.732872523367405e-05,96.06539916992188,96.05899810791016,770.0975341796875,770.092529296875,770.092529296875,539.6661376953125,0,0,21.581010818481445,0.0010999999940395355,0.02200000174343586,0.03299999609589577,0.04399999603629112,5655.8173828125,114276.53125,0.0429663360118866,0,3.1392715754918754e-05,274.0313415527344,0,0.0002616529818624258,2.8350639695418067e-05,0,0,23.700000762939453,0,0,1600,0,50,0,0,0,50,50,200,0.0,0.0,0.0,0.0
151,157.8319549560547,309.2396240234375,325.46832275390625,325.4197082519531,293.013427734375,293.06207275390625,16515.818359375,33031.63671875,70.00458526611328,70.00470733642578,1709.8277587890625,3408.314208984375,1722.023193359375,3433.972412109375,284.2615051269531,61.26639175415039,-3.954011390305823e-06,0,0,2575.761962890625,1296.7379150390625,0,21.588788986206055,2598.452880859375,11.889217376708984,11.898391723632812,870.11962890625,1735.0166015625,50.74025344848633,50.79474639892578,96.0,0,0,346.1869812011719,0,7.924896240234375,20.718656539916992,20.76728057861328,0,1.034000039100647,0.9067617654800415,50,2.799999952316284,2.3943095207214355,0,0,0,0,105.33223519407979,0,0,0,-0.007853749208152294,0.029606128111481667,-0.021700043231248856,5.2333809435367584e-05,96.06719970703125,96.06110382080078,770.1072998046875,770.1024780273438,770.1024780273438,539.6710815429688,0,0,21.588788986206055,0.0010999999940395355,0.02200000174343586,0.03299999609589577,0.04399999603629112,5655.8173828125,114276.53125,0.0429663360118866,0,3.1392715754918754e-05,275.8521423339844,0,0.0002616529818624258,2.8350639695418067e-05,0,0,23.700000762939453,0,0,1600,0,50,0,0,0,50,50,200,0.0,0.0,0.0,0.0
152,157.83152770996094,309.2394714355469,325.4684753417969,325.4198303222656,293.01275634765625,293.06146240234375,16515.818359375,33031.63671875,70.004150390625,70.0042724609375,1709.8126220703125,3408.271240234375,1722.0238037109375,3433.971435546875,284.2601318359375,61.262969970703125,-3.966964413848473e-06,0,0,2575.763427734375,1296.736083984375,0,21.59229850769043,2598.5068359375,11.888587951660156,11.89772891998291,870.1302490234375,1735.0367431640625,50.732276916503906,50.78632354736328,96.0,0,0,346.186767578125,0,7.924896240234375,20.71828269958496,20.76694107055664,0,1.034000039100647,0.9067617654800415,50,2.799999952316284,2.3942599296569824,0,0,0,0,105.45756560476438,0,0,0,-0.007843045517802238,0.029591280966997147,-0.021700043231248856,4.819035530090332e-05,96.06876373291016,96.06309509277344,770.1163940429688,770.1119384765625,770.1119384765625,539.6757202148438,0,0,21.59229850769043,0.0010999999940395355,0.02200000174343586,0.03299999609589577,0.04399999603629112,5655.8173828125,114276.53125,0.0429663360118866,0,3.1392715754918754e-05,277.6729431152344,0,0.0002616529818624258,2.8350639695418067e-05,0,0,23.700000762939453,0,0,1600,0,50,0,0,0,50,50,200,0.0,0.0,0.0,0.0
153,157.8311309814453,309.2393493652344,325.4686279296875,325.4199523925781,293.01220703125,293.0608825683594,16515.818359375,33031.63671875,70.00375366210938,70.00386810302734,1709.7999267578125,3408.23291015625,1722.02099609375,3433.974365234375,284.2588195800781,61.25960922241211,-5.31952809978975e-06,0,0,2575.7646484375,1296.7342529296875,0,21.598310470581055,2598.556884765625,11.887956619262695,11.897066116333008,870.1395263671875,1735.0548095703125,50.72425842285156,50.777950286865234,96.0,0,0,346.1865234375,0,7.924896240234375,20.71790885925293,20.766569137573242,0,1.034000039100647,0.9067617654800415,50,2.799999952316284,2.3942136764526367,0,0,0,0,105.57324716721403,0,0,0,-0.007832341827452183,0.029577501118183136,-0.021700043231248856,4.5114895328879356e-05,96.0702133178711,96.06494903564453,770.1248168945312,770.1206665039062,770.1206665039062,539.6800537109375,0,0,21.598310470581055,0.0010999999940395355,0.02200000174343586,0.03299999609589577,0.04399999603629112,5655.8173828125,114276.53125,0.0429663360118866,0,3.1392715754918754e-05,279.4937438964844,0,0.0002616529818624258,2.8350639695418067e-05,0,0,23.700000762939453,0,0,1600,0,50,0,0,0,50,50,200,0.0,0.0,0.0,0.0
154,157.83074951171875,309.2392272949219,325.46875,325.42010498046875,293.01165771484375,293.0603332519531,16515.818359375,33031.63671875,70.00337982177734,70.00350189208984,1709.789306640625,3408.198974609375,1722.0247802734375,3433.970703125,284.2574768066406,61.256290435791016,-2.8100592430746474e-07,0,0,2575.765869140625,1296.7327880859375,0,21.608190536499023,2598.603515625,11.887328147888184,11.896401405334473,870.1478271484375,1735.070556640625,50.716331481933594,50.769569396972656,96.0,0,0,346.1863708496094,0,7.924896240234375,20.71760368347168,20.766263961791992,0,1.034000039100647,0.9067617654800415,50,2.799999952316284,2.3941707611083984,0,0,0,0,105.6841163766658,0,0,0,-0.007824313826858997,0.029564684256911278,-0.021700043231248856,4.032673314213753e-05,96.07162475585938,96.0666732788086,770.1326904296875,770.1287841796875,770.1287841796875,539.68408203125,0,0,21.608190536499023,0.0010999999940395355,0.02200000174343586,0.03299999609589577,0.04399999603629112,5655.8173828125,114276.53125,0.0429663360118866,0,3.1392715754918754e-05,281.3145446777344,0,0.0002616529818624258,2.8350639695418067e-05,0,0,23.700000762939453,0,0,1600,0,50,0,0,0,50,50,200,0.0,0.0,0.0,0.0
155,157.83041381835938,309.2391662597656,325.4689025878906,325.4201965332031,293.01116943359375,293.05987548828125,16515.818359375,33031.63671875,70.00304412841797,70.00316619873047,1709.78076171875,3408.17041015625,1722.023681640625,3433.971923828125,284.2561950683594,61.25300979614258,-6.81413183656332e-08,0,0,2575.766845703125,1296.7310791015625,0,21.61655044555664,2598.646728515625,11.886696815490723,11.895739555358887,870.1586303710938,1735.0889892578125,50.7083740234375,50.76124572753906,96.0,0,0,346.1861572265625,0,7.924896240234375,20.717266082763672,20.765958786010742,0,1.034000039100647,0.9067617654800415,50,2.799999952316284,2.3941309452056885,0,0,0,0,105.78533673788263,0,0,0,-0.007818961516022682,0.029552720487117767,-0.021700043231248856,3.37155070155859e-05,96.07267761230469,96.06826782226562,770.1398315429688,770.1364135742188,770.1364135742188,539.6878051757812,0,0,21.61655044555664,0.0010999999940395355,0.02200000174343586,0.03299999609589577,0.04399999603629112,5655.8173828125,114276.53125,0.0429663360118866,0,3.1392715754918754e-05,283.1353454589844,0,0.0002616529818624258,2.8350639695418067e-05,0,0,23.700000762939453,0,0,1600,0,50,0,0,0,50,50,200,0.0,0.0,0.0,0.0
156,157.8301239013672,309.2391052246094,325.4690246582031,325.4203186035156,293.0107421875,293.0594482421875,16515.818359375,33031.63671875,70.00273132324219,70.00285339355469,1709.774169921875,3408.147216796875,1722.02685546875,3433.96875,284.2549133300781,61.249786376953125,-1.775895157152263e-06,0,0,2575.767822265625,1296.7298583984375,0,21.620662689208984,2598.68505859375,11.886065483093262,11.895073890686035,870.1668701171875,1735.1053466796875,50.7004280090332,50.7529411315918,96.0,0,0,346.1860046386719,0,7.924896240234375,20.716960906982422,20.76568603515625,0,1.034000039100647,0.9067617654800415,50,2.799999952316284,2.3940956592559814,0,0,0,0,105.8769243456906,0,0,0,-0.007813609205186367,0.029542146250605583,-0.021700043231248856,2.8492184355854988e-05,96.073486328125,96.06968688964844,770.1461181640625,770.1431274414062,770.1431274414062,539.6911010742188,0,0,21.620662689208984,0.0010999999940395355,0.02200000174343586,0.03299999609589577,0.04399999603629112,5655.8173828125,114276.53125,0.0429663360118866,0,3.1392715754918754e-05,284.9561462402344,0,0.0002616529818624258,2.8350639695418067e-05,0,0,23.700000762939453,0,0,1600,0,50,0,0,0,50,50,200,0.0,0.0,0.0,0.0
157,157.829833984375,309.2390441894531,325.4691467285156,325.42041015625,293.01031494140625,293.0590515136719,16515.818359375,33031.63671875,70.00244903564453,70.00257110595703,1709.7691650390625,3408.125244140625,1722.0228271484375,3433.97265625,284.2536315917969,61.246578216552734,-1.1596180229389574e-06,0,0,2575.7685546875,1296.7286376953125,0,21.631391525268555,2598.7177734375,11.885436058044434,11.894411087036133,870.1743774414062,1735.1214599609375,50.692630767822266,50.74467086791992,96.0,0,0,346.18585205078125,0,7.924896240234375,20.71672248840332,20.76544952392578,0,1.034000039100647,0.9067617654800415,50,2.799999952316284,2.3940653800964355,0,0,0,0,105.96369155308763,0,0,0,-0.007808257360011339,0.02953306771814823,-0.021700043231248856,2.4766428396105766e-05,96.07416534423828,96.0708999633789,770.1514282226562,770.1488647460938,770.1488647460938,539.6939697265625,0,0,21.631391525268555,0.0010999999940395355,0.02200000174343586,0.03299999609589577,0.04399999603629112,5655.8173828125,114276.53125,0.0429663360118866,0,3.1392715754918754e-05,286.7769470214844,0,0.0002616529818624258,2.8350639695418067e-05,0,0,23.700000762939453,0,0,1600,0,50,0,0,0,50,50,200,0.0,0.0,0.0,0.0
158,157.82955932617188,309.23895263671875,325.46923828125,325.4205017089844,293.00994873046875,293.0586853027344,16515.818359375,33031.63671875,70.00218963623047,70.00231170654297,1709.765625,3408.110107421875,1722.0228271484375,3433.97265625,284.2524108886719,61.2434196472168,-3.625974841270363e-06,0,0,2575.76953125,1296.727783203125,0,21.637964248657227,2598.74609375,11.884806632995605,11.893746376037598,870.1814575195312,1735.1356201171875,50.68478775024414,50.73644256591797,96.0,0,0,346.18572998046875,0,7.924896240234375,20.71648597717285,20.76521110534668,0,1.034000039100647,0.9067617654800415,50,2.799999952316284,2.3940393924713135,0,0,0,0,106.04080991224973,0,0,0,-0.007802905514836311,0.02952527068555355,-0.021700043231248856,2.2320309653878212e-05,96.07479858398438,96.07194519042969,770.1560668945312,770.15380859375,770.15380859375,539.6964111328125,0,0,21.637964248657227,0.0010999999940395355,0.02200000174343586,0.03299999609589577,0.04399999603629112,5655.8173828125,114276.53125,0.0429663360118866,0,3.1392715754918754e-05,288.5977478027344,0,0.0002616529818624258,2.8350639695418067e-05,0,0,23.700000762939453,0,0,1600,0,50,0,0,0,50,50,200,0.0,0.0,0.0,0.0
159,157.82928466796875,309.2388916015625,325.4693603515625,325.420654296875,293.00958251953125,293.0583190917969,16515.818359375,33031.63671875,70.001953125,70.0020751953125,1709.76513671875,3408.097900390625,1722.0234375,3433.971923828125,284.25115966796875,61.240272521972656,-4.349308255768847e-06,0,0,2575.770263671875,1296.726806640625,0,21.64844512939453,2598.77099609375,11.884177207946777,11.893082618713379,870.1878051757812,1735.1475830078125,50.6770133972168,50.72822570800781,96.0,0,0,346.1855773925781,0,7.924896240234375,20.716215133666992,20.76494026184082,0,1.034000039100647,0.9067617654800415,50,2.799999952316284,2.3940162658691406,0,0,0,0,106.11793631882486,0,0,0,-0.0077975536696612835,0.029518432915210724,-0.021700043231248856,2.083531580865383e-05,96.07543182373047,96.07286834716797,770.1602172851562,770.1581420898438,770.1581420898438,539.6985473632812,0,0,21.64844512939453,0.0010999999940395355,0.02200000174343586,0.03299999609589577,0.04399999603629112,5655.8173828125,114276.53125,0.0429663360118866,0,3.1392715754918754e-05,290.4185485839844,0,0.0002616529818624258,2.8350639695418067e-05,0,0,23.700000762939453,0,0,1600,0,50,0,0,0,50,50,200,0.0,0.0,0.0,0.0
160,157.8290557861328,309.23883056640625,325.4695129394531,325.4207763671875,293.0092468261719,293.0579833984375,16515.818359375,33031.63671875,70.0017318725586,70.00186157226562,1709.7657470703125,3408.091552734375,1722.0252685546875,3433.970458984375,284.2499084472656,61.237152099609375,-1.0055874781755847e-06,0,0,2575.771240234375,1296.7255859375,0,21.657522201538086,2598.7939453125,11.88354778289795,11.892417907714844,870.1939086914062,1735.156982421875,50.66921615600586,50.720054626464844,96.0,0,0,346.1854553222656,0,7.924896240234375,20.7159423828125,20.76466941833496,0,1.034000039100647,0.9067617654800415,50,2.799999952316284,2.3939952850341797,0,0,0,0,106.19024232498904,0,0,0,-0.007792201358824968,0.029512133449316025,-0.021700043231248856,1.9887462258338928e-05,96.0760726928711,96.07371520996094,770.1640014648438,770.1621704101562,770.1621704101562,539.7005615234375,0,0,21.657522201538086,0.0010999999940395355,0.02200000174343586,0.03299999609589577,0.04399999603629112,5655.8173828125,114276.53125,0.0429663360118866,0,3.1392715754918754e-05,292.2393493652344,0,0.0002616529818624258,2.8350639695418067e-05,0,0,23.700000762939453,0,0,1600,0,50,0,0,0,50,50,200,0.0,0.0,0.0,0.0
161,157.82882690429688,309.23876953125,325.4696350097656,325.4208679199219,293.0089111328125,293.05767822265625,16515.818359375,33031.63671875,70.00153350830078,70.00165557861328,1709.7689208984375,3408.08984375,1722.025390625,3433.969970703125,284.2486572265625,61.234046936035156,4.662164883484365e-06,0,0,2575.771728515625,1296.724609375,0,21.666505813598633,2598.81494140625,11.882918357849121,11.891754150390625,870.1991577148438,1735.1668701171875,50.661468505859375,50.711875915527344,96.0,0,0,346.185302734375,0,7.924896240234375,20.71567153930664,20.764432907104492,0,1.034000039100647,0.9067617654800415,50,2.799999952316284,2.3939757347106934,0,0,0,0,106.25772793074229,0,0,0,-0.0077868495136499405,0.029506362974643707,-0.021700043231248856,1.9469764083623886e-05,96.07672882080078,96.07449340820312,770.1676025390625,770.1658325195312,770.1658325195312,539.7022705078125,0,0,21.666505813598633,0.0010999999940395355,0.02200000174343586,0.03299999609589577,0.04399999603629112,5655.8173828125,114276.53125,0.0429663360118866,0,3.1392715754918754e-05,294.0601501464844,0,0.0002616529818624258,2.8350639695418067e-05,0,0,23.700000762939453,0,0,1600,0,50,0,0,0,50,50,200,0.0,0.0,0.0,0.0
162,157.82859802246094,309.23870849609375,325.4697570800781,325.4209899902344,293.00860595703125,293.057373046875,16515.818359375,33031.63671875,70.0013427734375,70.00146484375,1709.77490234375,3408.091796875,1722.0244140625,3433.97119140625,284.2474365234375,61.230953216552734,1.4372047871802351e-06,0,0,2575.7724609375,1296.7237548828125,0,21.675424575805664,2598.8349609375,11.882290840148926,11.891091346740723,870.2033081054688,1735.1766357421875,50.65377426147461,50.703704833984375,96.0,0,0,346.1852111816406,0,7.924896240234375,20.71546745300293,20.76422882080078,0,1.034000039100647,0.9067617654800415,50,2.799999952316284,2.3939576148986816,0,0,0,0,106.32520548908249,0,0,0,-0.007781497668474913,0.029500918462872505,-0.021700043231248856,1.937616616487503e-05,96.07738494873047,96.07522583007812,770.1709594726562,770.1693115234375,770.1693115234375,539.7039794921875,0,0,21.675424575805664,0.0010999999940395355,0.02200000174343586,0.03299999609589577,0.04399999603629112,5655.8173828125,114276.53125,0.0429663360118866,0,3.1392715754918754e-05,295.8809509277344,0,0.0002616529818624258,2.8350639695418067e-05,0,0,23.700000762939453,0,0,1600,0,50,0,0,0,50,50,200,0.0,0.0,0.0,0.0
163,157.82839965820312,309.2386169433594,325.4698181152344,325.4210510253906,293.0083312988281,293.0570983886719,16515.818359375,33031.63671875,70.00116729736328,70.00128936767578,1709.7833251953125,3408.099853515625,1722.0262451171875,3433.96923828125,284.2462463378906,61.2278938293457,3.4413146750011947e-06,0,0,2575.773193359375,1296.7227783203125,0,21.68293571472168,2598.854248046875,11.881662368774414,11.890427589416504,870.2085571289062,1735.1845703125,50.646018981933594,50.695552825927734,96.0,0,0,346.18511962890625,0,7.924896240234375,20.715299606323242,20.76405906677246,0,1.034000039100647,0.9067617654800415,50,2.799999952316284,2.393939733505249,0,0,0,0,106.38305029401384,0,0,0,-0.007776145823299885,0.02949557639658451,-0.021700043231248856,1.9385945051908493e-05,96.07807159423828,96.07594299316406,770.1743774414062,770.1726684570312,770.1726684570312,539.7056884765625,0,0,21.68293571472168,0.0010999999940395355,0.02200000174343586,0.03299999609589577,0.04399999603629112,5655.8173828125,114276.53125,0.0429663360118866,0,3.1392715754918754e-05,297.7017517089844,0,0.0002616529818624258,2.8350639695418067e-05,0,0,23.700000762939453,0,0,1600,0,50,0,0,0,50,50,200,0.0,0.0,0.0,0.0
164,157.8282012939453,309.2385559082031,325.4698791503906,325.4211120605469,293.008056640625,293.0568542480469,16515.818359375,33031.63671875,70.0009994506836,70.00112915039062,1709.7933349609375,3408.11328125,1722.023193359375,3433.972412109375,284.24505615234375,61.2248420715332,-4.028294370073127e-06,0,0,2575.773681640625,1296.721923828125,0,21.694400787353516,2598.873779296875,11.881033897399902,11.889764785766602,870.212646484375,1735.1927490234375,50.63826370239258,50.68741989135742,96.0,0,0,346.18499755859375,0,7.924896240234375,20.715129852294922,20.76388931274414,0,1.034000039100647,0.9067617654800415,50,2.799999952316284,2.3939216136932373,0,0,0,0,106.44089509894519,0,0,0,-0.007770793978124857,0.029490236192941666,-0.021700043231248856,1.9398517906665802e-05,96.07876586914062,96.07666778564453,770.1776733398438,770.1760864257812,770.1760864257812,539.7073364257812,0,0,21.694400787353516,0.0010999999940395355,0.02200000174343586,0.03299999609589577,0.04399999603629112,5655.8173828125,114276.53125,0.0429663360118866,0,3.1392715754918754e-05,299.5225524902344,0,0.0002616529818624258,2.8350639695418067e-05,0,0,23.700000762939453,0,0,1600,0,50,0,0,0,50,50,200,0.0,0.0,0.0,0.0
165,157.82801818847656,309.2384948730469,325.4699401855469,325.4211730957031,293.0078125,293.0566101074219,16515.818359375,33031.63671875,70.00084686279297,70.00096893310547,1709.8056640625,3408.130859375,1722.0220947265625,3433.9736328125,284.24383544921875,61.22180938720703,2.0428701645869296e-06,0,0,2575.774169921875,1296.7210693359375,0,21.70584487915039,2598.892578125,11.88040828704834,11.8891019821167,870.2158203125,1735.200927734375,50.630584716796875,50.67926788330078,96.0,0,0,346.1849060058594,0,7.924896240234375,20.7149600982666,20.76371955871582,0,1.034000039100647,0.9067617654800415,50,2.799999952316284,2.393904447555542,0,0,0,0,106.49873990387655,0,0,0,-0.007765442132949829,0.029485110193490982,-0.021700043231248856,1.962343230843544e-05,96.0794677734375,96.07736206054688,770.1809692382812,770.1793212890625,770.1793212890625,539.7089233398438,0,0,21.70584487915039,0.0010999999940395355,0.02200000174343586,0.03299999609589577,0.04399999603629112,5655.8173828125,114276.53125,0.0429663360118866,0,3.1392715754918754e-05,301.3433532714844,0,0.0002616529818624258,2.8350639695418067e-05,0,0,23.700000762939453,0,0,1600,0,50,0,0,0,50,50,200,0.0,0.0,0.0,0.0
166,157.82785034179688,309.2384338378906,325.4700012207031,325.4212646484375,293.00762939453125,293.056396484375,16515.818359375,33031.63671875,70.00069427490234,70.00082397460938,1709.8201904296875,3408.153564453125,1722.0250244140625,3433.970458984375,284.2426452636719,61.21880340576172,1.545354052723269e-06,0,0,2575.77490234375,1296.720458984375,0,21.713130950927734,2598.91162109375,11.879782676696777,11.88844108581543,870.2189331054688,1735.2071533203125,50.62287521362305,50.671146392822266,96.0,0,0,346.184814453125,0,7.924896240234375,20.71479034423828,20.7635498046875,0,1.034000039100647,0.9067617654800415,50,2.799999952316284,2.3938868045806885,0,0,0,0,106.54693586057297,0,0,0,-0.007760089356452227,0.029479874297976494,-0.021700043231248856,1.974008046090603e-05,96.08018493652344,96.07806396484375,770.184326171875,770.1826782226562,770.1826782226562,539.7105712890625,0,0,21.713130950927734,0.0010999999940395355,0.02200000174343586,0.03299999609589577,0.04399999603629112,5655.8173828125,114276.53125,0.0429663360118866,0,3.1392715754918754e-05,303.1641540527344,0,0.0002616529818624258,2.8350639695418067e-05,0,0,23.700000762939453,0,0,1600,0,50,0,0,0,50,50,200,0.0,0.0,0.0,0.0
167,157.82769775390625,309.2384338378906,325.4700927734375,325.42132568359375,293.0074157714844,293.05621337890625,16515.818359375,33031.63671875,70.00055694580078,70.00068664550781,1709.8369140625,3408.181640625,1722.0242919921875,3433.971435546875,284.241455078125,61.21580505371094,2.2098533918324392e-06,0,0,2575.775390625,1296.7198486328125,0,21.721670150756836,2598.9306640625,11.879158973693848,11.887779235839844,870.2249145507812,1735.2156982421875,50.61521911621094,50.663002014160156,96.0,0,0,346.1847229003906,0,7.924896240234375,20.71465492248535,20.76341438293457,0,1.034000039100647,0.9067617654800415,50,2.799999952316284,2.393869400024414,0,0,0,0,106.59513986468242,0,0,0,-0.007760089356452227,0.029474640265107155,-0.021700043231248856,1.4506978914141655e-05,96.08078002929688,96.07876586914062,770.1875610351562,770.1859741210938,770.1859741210938,539.7122192382812,0,0,21.721670150756836,0.0010999999940395355,0.02200000174343586,0.03299999609589577,0.04399999603629112,5655.8173828125,114276.53125,0.0429663360118866,0,3.1392715754918754e-05,304.9849548339844,0,0.0002616529818624258,2.8350639695418067e-05,0,0,23.700000762939453,0,0,1600,0,50,0,0,0,50,50,200,0.0,0.0,0.0,0.0
168,157.8275604248047,309.2384033203125,325.47015380859375,325.42138671875,293.0072326660156,293.0560302734375,16515.818359375,33031.63671875,70.00043487548828,70.00056457519531,1709.8560791015625,3408.212158203125,1722.022705078125,3433.97314453125,284.24029541015625,61.21284484863281,-1.9513045117491856e-06,0,0,2575.775634765625,1296.7191162109375,0,21.730186462402344,2598.947509765625,11.878534317016602,11.88711929321289,870.2295532226562,1735.2274169921875,50.60755157470703,50.65491485595703,96.0,0,0,346.18463134765625,0,7.924896240234375,20.71448516845703,20.76324462890625,0,1.034000039100647,0.9067617654800415,50,2.799999952316284,2.3938536643981934,0,0,0,0,106.63370306796999,0,0,0,-0.007757413666695356,0.029469940811395645,-0.021700043231248856,1.2483447790145874e-05,96.0810317993164,96.07939147949219,770.1902465820312,770.18896484375,770.18896484375,539.7136840820312,0,0,21.730186462402344,0.0010999999940395355,0.02200000174343586,0.03299999609589577,0.04399999603629112,5655.8173828125,114276.53125,0.0429663360118866,0,3.1392715754918754e-05,306.8057556152344,0,0.0002616529818624258,2.8350639695418067e-05,0,0,23.700000762939453,0,0,1600,0,50,0,0,0,50,50,200,0.0,0.0,0.0,0.0
169,157.82742309570312,309.2383117675781,325.47021484375,325.4214172363281,293.007080078125,293.0558776855469,16515.818359375,33031.63671875,70.00032043457031,70.00044250488281,1709.8768310546875,3408.248046875,1722.0242919921875,3433.971435546875,284.2391052246094,61.20988845825195,5.104280262457905e-06,0,0,2575.77587890625,1296.718505859375,0,21.739931106567383,2598.9619140625,11.877910614013672,11.886460304260254,870.2329711914062,1735.231689453125,50.59990310668945,50.646854400634766,96.0,0,0,346.1845703125,0,7.924896240234375,20.7143497467041,20.76314353942871,0,1.034000039100647,0.9067617654800415,50,2.799999952316284,2.3938405513763428,0,0,0,0,106.67226627125757,0,0,0,-0.0077520618215203285,0.029465990141034126,-0.021700043231248856,1.3884622603654861e-05,96.0814208984375,96.07992553710938,770.192626953125,770.1914672851562,770.1914672851562,539.7149047851562,0,0,21.739931106567383,0.0010999999940395355,0.02200000174343586,0.03299999609589577,0.04399999603629112,5655.8173828125,114276.53125,0.0429663360118866,0,3.1392715754918754e-05,308.6265563964844,0,0.0002616529818624258,2.8350639695418067e-05,0,0,23.700000762939453,0,0,1600,0,50,0,0,0,50,50,200,0.0,0.0,0.0,0.0
170,157.82728576660156,309.2383117675781,325.47027587890625,325.4214782714844,293.00689697265625,293.0556945800781,16515.818359375,33031.63671875,70.00020599365234,70.00033569335938,1709.8995361328125,3408.287841796875,1722.024658203125,3433.97119140625,284.2379455566406,61.20694351196289,3.267153715569293e-06,0,0,2575.776611328125,1296.7181396484375,0,21.751018524169922,2598.9755859375,11.877288818359375,11.885802268981934,870.2366333007812,1735.2384033203125,50.592315673828125,50.638797760009766,96.0,0,0,346.18450927734375,0,7.924896240234375,20.714214324951172,20.76300811767578,0,1.034000039100647,0.9067617654800415,50,2.799999952316284,2.3938279151916504,0,0,0,0,106.71082947454514,0,0,0,-0.0077520618215203285,0.02946225181221962,-0.021700043231248856,1.014629378914833e-05,96.08187103271484,96.08042907714844,770.1950073242188,770.19384765625,770.19384765625,539.716064453125,0,0,21.751018524169922,0.0010999999940395355,0.02200000174343586,0.03299999609589577,0.04399999603629112,5655.8173828125,114276.53125,0.0429663360118866,0,3.1392715754918754e-05,310.4473571777344,0,0.0002616529818624258,2.8350639695418067e-05,0,0,23.700000762939453,0,0,1600,0,50,0,0,0,50,50,200,0.0,0.0,0.0,0.0
171,157.82716369628906,309.23828125,325.4703063964844,325.4215393066406,293.00677490234375,293.0555725097656,16515.818359375,33031.63671875,70.00011444091797,70.00023651123047,1709.924072265625,3408.331787109375,1722.0230712890625,3433.97265625,284.2367858886719,61.204002380371094,2.0110344394197455e-06,0,0,2575.777099609375,1296.71728515625,0,21.760696411132812,2598.98779296875,11.876668930053711,11.88514518737793,870.2415771484375,1735.2506103515625,50.584739685058594,50.63077163696289,96.0,0,0,346.1844177246094,0,7.924896240234375,20.714111328125,20.762907028198242,0,1.034000039100647,0.9067617654800415,50,2.799999952316284,2.3938167095184326,0,0,0,0,106.7493926778327,0,0,0,-0.007749385666102171,0.02945883199572563,-0.021700043231248856,9.402399882674217e-06,96.08204650878906,96.08087921142578,770.1969604492188,770.1959838867188,770.1959838867188,539.7171630859375,0,0,21.760696411132812,0.0010999999940395355,0.02200000174343586,0.03299999609589577,0.04399999603629112,5655.8173828125,114276.53125,0.0429663360118866,0,3.1392715754918754e-05,312.2681579589844,0,0.0002616529818624258,2.8350639695418067e-05,0,0,23.700000762939453,0,0,1600,0,50,0,0,0,50,50,200,0.0,0.0,0.0,0.0
172,157.8270721435547,309.23822021484375,325.4703674316406,325.42156982421875,293.00665283203125,293.0554504394531,16515.818359375,33031.63671875,70.0000228881836,70.0001449584961,1709.94970703125,3408.380126953125,1722.0247802734375,3433.970703125,284.2356262207031,61.20109558105469,-4.651749350159662e-06,0,0,2575.777099609375,1296.7166748046875,0,21.76626205444336,2598.99853515625,11.87605094909668,11.884490013122559,870.2440185546875,1735.2530517578125,50.57717514038086,50.62278366088867,96.0,0,0,346.18438720703125,0,7.924896240234375,20.71404457092285,20.76283836364746,0,1.034000039100647,0.9067617654800415,50,2.799999952316284,2.3938069343566895,0,0,0,0,106.77831508029837,0,0,0,-0.007744033820927143,0.029455948621034622,-0.021700043231248856,1.1870870366692543e-05,96.08241271972656,96.0812759399414,770.19873046875,770.1978149414062,770.1978149414062,539.718017578125,0,0,21.76626205444336,0.0010999999940395355,0.02200000174343586,0.03299999609589577,0.04399999603629112,5655.8173828125,114276.53125,0.0429663360118866,0,3.1392715754918754e-05,314.0889587402344,0,0.0002616529818624258,2.8350639695418067e-05,0,0,23.700000762939453,0,0,1600,0,50,0,0,0,50,50,200,0.0,0.0,0.0,0.0
173,157.82696533203125,309.2381591796875,325.4704284667969,325.421630859375,293.00653076171875,293.0553283691406,16515.818359375,33031.63671875,69.99993133544922,70.00005340576172,1709.97802734375,3408.432373046875,1722.023193359375,3433.972412109375,284.2344665527344,61.19818878173828,-6.787986421841197e-07,0,0,2575.77734375,1296.71630859375,0,21.781261444091797,2599.00927734375,11.875432968139648,11.883834838867188,870.2454223632812,1735.258056640625,50.569644927978516,50.61479949951172,96.0,0,0,346.184326171875,0,7.924896240234375,20.713909149169922,20.76270294189453,0,1.034000039100647,0.9067617654800415,50,2.799999952316284,2.393796920776367,0,0,0,0,106.807229435351,0,0,0,-0.007738681975752115,0.029453065246343613,-0.021700043231248856,1.4339340850710869e-05,96.08297729492188,96.08167266845703,770.20068359375,770.1996459960938,770.1996459960938,539.7189331054688,0,0,21.781261444091797,0.0010999999940395355,0.02200000174343586,0.03299999609589577,0.04399999603629112,5655.8173828125,114276.53125,0.0429663360118866,0,3.1392715754918754e-05,315.9097595214844,0,0.0002616529818624258,2.8350639695418067e-05,0,0,23.700000762939453,0,0,1600,0,50,0,0,0,50,50,200,0.0,0.0,0.0,0.0
174,157.82687377929688,309.23809814453125,325.4704284667969,325.421630859375,293.00640869140625,293.05517578125,16515.818359375,33031.63671875,69.99983215332031,69.99996185302734,1710.0089111328125,3408.488525390625,1722.0234375,3433.972412109375,284.2333068847656,61.19528579711914,3.875160018651513e-06,0,0,2575.77783203125,1296.715576171875,0,21.78944206237793,2599.021484375,11.87481689453125,11.883182525634766,870.2481689453125,1735.2633056640625,50.562129974365234,50.6068229675293,96.0,0,0,346.1842956542969,0,7.924896240234375,20.71387481689453,20.76266860961914,0,1.034000039100647,0.9067617654800415,50,2.799999952316284,2.3937857151031494,0,0,0,0,106.83615183781669,0,0,0,-0.007733330130577087,0.02944975532591343,-0.021700043231248856,1.638033427298069e-05,96.08365631103516,96.08212280273438,770.2030029296875,770.2017822265625,770.2017822265625,539.7199096679688,0,0,21.78944206237793,0.0010999999940395355,0.02200000174343586,0.03299999609589577,0.04399999603629112,5655.8173828125,114276.53125,0.0429663360118866,0,3.1392715754918754e-05,317.7305603027344,0,0.0002616529818624258,2.8350639695418067e-05,0,0,23.700000762939453,0,0,1600,0,50,0,0,0,50,50,200,0.0,0.0,0.0,0.0
175,157.82676696777344,309.2380065917969,325.4704284667969,325.421630859375,293.0062561035156,293.0550537109375,16515.818359375,33031.63671875,69.99974060058594,69.99987030029297,1710.0406494140625,3408.550537109375,1722.0250244140625,3433.970703125,284.232177734375,61.1923942565918,-4.6359312477761705e-07,0,0,2575.7783203125,1296.7147216796875,0,21.797597885131836,2599.0361328125,11.8742036819458,11.88253116607666,870.2509765625,1735.2664794921875,50.55460739135742,50.59886169433594,96.0,0,0,346.1842346191406,0,7.924896240234375,20.71380615234375,20.762601852416992,0,1.034000039100647,0.9067617654800415,50,2.799999952316284,2.3937721252441406,0,0,0,0,106.86507424028237,0,0,0,-0.0077279782854020596,0.029445800930261612,-0.021700043231248856,1.777871511876583e-05,96.08438110351562,96.0826644897461,770.2056274414062,770.2042846679688,770.2042846679688,539.7211303710938,0,0,21.797597885131836,0.0010999999940395355,0.02200000174343586,0.03299999609589577,0.04399999603629112,5655.8173828125,114276.53125,0.0429663360118866,0,3.1392715754918754e-05,319.5513610839844,0,0.0002616529818624258,2.8350639695418067e-05,0,0,23.700000762939453,0,0,1600,0,50,0,0,0,50,50,200,0.0,0.0,0.0,0.0
176,157.8267059326172,309.2380065917969,325.4704895019531,325.42169189453125,293.006103515625,293.05487060546875,16515.818359375,33031.63671875,69.99964904785156,69.9997787475586,1710.0755615234375,3408.61669921875,1722.0234375,3433.972412109375,284.2310485839844,61.18952560424805,-1.3162996310711605e-06,0,0,2575.7783203125,1296.7144775390625,0,21.808439254760742,2599.0517578125,11.873590469360352,11.881881713867188,870.25390625,1735.2747802734375,50.547080993652344,50.59089660644531,96.0,0,0,346.1842041015625,0,7.924896240234375,20.71370506286621,20.76249885559082,0,1.034000039100647,0.9067617654800415,50,2.799999952316284,2.3937578201293945,0,0,0,0,106.88917624233709,0,0,0,-0.0077279782854020596,0.02944142371416092,-0.021700043231248856,1.3400567695498466e-05,96.08499908447266,96.08324432373047,770.2084350585938,770.2070922851562,770.2070922851562,539.7225341796875,0,0,21.808439254760742,0.0010999999940395355,0.02200000174343586,0.03299999609589577,0.04399999603629112,5655.8173828125,114276.53125,0.0429663360118866,0,3.1392715754918754e-05,321.3721618652344,0,0.0002616529818624258,2.8350639695418067e-05,0,0,23.700000762939453,0,0,1600,0,50,0,0,0,50,50,200,0.0,0.0,0.0,0.0
177,157.82664489746094,309.2380065917969,325.4705505371094,325.4217529296875,293.0059509277344,293.05474853515625,16515.818359375,33031.63671875,69.99957275390625,69.99969482421875,1710.111572265625,3408.6865234375,1722.0218505859375,3433.973876953125,284.22991943359375,61.186683654785156,1.8980484810526832e-06,0,0,2575.778564453125,1296.7138671875,0,21.816463470458984,2599.06689453125,11.872980117797852,11.881234169006348,870.2593994140625,1735.283203125,50.53957748413086,50.58297348022461,96.0,0,0,346.1841735839844,0,7.924896240234375,20.713603973388672,20.76239776611328,0,1.034000039100647,0.9067617654800415,50,2.799999952316284,2.3937439918518066,0,0,0,0,106.90363744356993,0,0,0,-0.0077279782854020596,0.02943725697696209,-0.021700043231248856,9.234761819243431e-06,96.08526611328125,96.08380126953125,770.2108764648438,770.209716796875,770.209716796875,539.723876953125,0,0,21.816463470458984,0.0010999999940395355,0.02200000174343586,0.03299999609589577,0.04399999603629112,5655.8173828125,114276.53125,0.0429663360118866,0,3.1392715754918754e-05,323.1929626464844,0,0.0002616529818624258,2.8350639695418067e-05,0,0,23.700000762939453,0,0,1600,0,50,0,0,0,50,50,200,0.0,0.0,0.0,0.0
178,157.8265838623047,309.2379455566406,325.47052001953125,325.4217224121094,293.0058898925781,293.0546875,16515.818359375,33031.63671875,69.99949645996094,69.99961853027344,1710.149658203125,3408.759521484375,1722.023681640625,3433.971923828125,284.2287902832031,61.183841705322266,5.112396138429176e-06,0,0,2575.77880859375,1296.7130126953125,0,21.825761795043945,2599.0791015625,11.872371673583984,11.880587577819824,870.2626342773438,1735.291748046875,50.53217697143555,50.57505798339844,96.0,0,0,346.1841125488281,0,7.924896240234375,20.713603973388672,20.76239776611328,0,1.034000039100647,0.9067617654800415,50,2.799999952316284,2.3937325477600098,0,0,0,0,106.92291904521372,0,0,0,-0.007722626440227032,0.0294338408857584,-0.021700043231248856,1.1169584468007088e-05,96.08547973632812,96.08425903320312,770.2128295898438,770.2118530273438,770.2118530273438,539.7249755859375,0,0,21.825761795043945,0.0010999999940395355,0.02200000174343586,0.03299999609589577,0.04399999603629112,5655.8173828125,114276.53125,0.0429663360118866,0,3.1392715754918754e-05,325.0137634277344,0,0.0002616529818624258,2.8350639695418067e-05,0,0,23.700000762939453,0,0,1600,0,50,0,0,0,50,50,200,0.0,0.0,0.0,0.0
179,157.82650756835938,309.2378845214844,325.4705505371094,325.4217529296875,293.0057373046875,293.0545349121094,16515.818359375,33031.63671875,69.9994125366211,69.99954223632812,1710.188720703125,3408.83642578125,1722.023681640625,3433.971923828125,284.2276611328125,61.181007385253906,-1.1469752507764497e-06,0,0,2575.779052734375,1296.71240234375,0,21.833696365356445,2599.09033203125,11.87176513671875,11.87994384765625,870.2645263671875,1735.2957763671875,50.52475357055664,50.567203521728516,96.0,0,0,346.18408203125,0,7.924896240234375,20.71353530883789,20.7623291015625,0,1.034000039100647,0.9067617654800415,50,2.799999952316284,2.3937222957611084,0,0,0,0,106.9422006468575,0,0,0,-0.007717274595052004,0.029430847615003586,-0.021700043231248856,1.3529090210795403e-05,96.0859603881836,96.08467102050781,770.2147827148438,770.2138061523438,770.2138061523438,539.725830078125,0,0,21.833696365356445,0.0010999999940395355,0.02200000174343586,0.03299999609589577,0.04399999603629112,5655.8173828125,114276.53125,0.0429663360118866,0,3.1392715754918754e-05,326.8345642089844,0,0.0002616529818624258,2.8350639695418067e-05,0,0,23.700000762939453,0,0,1600,0,50,0,0,0,50,50,200,0.0,0.0,0.0,0.0
180,157.82647705078125,309.2378234863281,325.4705810546875,325.4217834472656,293.005615234375,293.0544128417969,16515.818359375,33031.63671875,69.99933624267578,69.99946594238281,1710.2293701171875,3408.917724609375,1722.0218505859375,3433.973876953125,284.2265625,61.17818832397461,-5.082315510662738e-06,0,0,2575.779052734375,1296.7117919921875,0,21.844314575195312,2599.1025390625,11.871160507202148,11.879300117492676,870.2677001953125,1735.2998046875,50.5173454284668,50.55936050415039,96.0,0,0,346.1840515136719,0,7.924896240234375,20.713468551635742,20.76226234436035,0,1.034000039100647,0.9067617654800415,50,2.799999952316284,2.3937110900878906,0,0,0,0,106.95666184809033,0,0,0,-0.007711922749876976,0.029427537694573402,-0.021700043231248856,1.5570083633065224e-05,96.08657836914062,96.08512115478516,770.217041015625,770.2158813476562,770.2158813476562,539.7268676757812,0,0,21.844314575195312,0.0010999999940395355,0.02200000174343586,0.03299999609589577,0.04399999603629112,5655.8173828125,114276.53125,0.0429663360118866,0,3.1392715754918754e-05,328.6553649902344,0,0.0002616529818624258,2.8350639695418067e-05,0,0,23.700000762939453,0,0,1600,0,50,0,0,0,50,50,200,0.0,0.0,0.0,0.0
181,157.82644653320312,309.23779296875,325.4705810546875,325.4217834472656,293.0054931640625,293.05426025390625,16515.818359375,33031.63671875,69.99925994873047,69.9993896484375,1710.2724609375,3409.002197265625,1722.0250244140625,3433.970703125,284.2254333496094,61.17538833618164,4.523117695498513e-06,0,0,2575.779296875,1296.7113037109375,0,21.85215950012207,2599.116455078125,11.87055778503418,11.878661155700684,870.2698364257812,1735.3040771484375,50.50996398925781,50.55154037475586,96.0,0,0,346.1840515136719,0,7.924896240234375,20.713468551635742,20.76226234436035,0,1.034000039100647,0.9067617654800415,50,2.799999952316284,2.393698215484619,0,0,0,0,106.96630264891223,0,0,0,-0.007709247060120106,0.029423799365758896,-0.021700043231248856,1.4507677406072617e-05,96.08727264404297,96.08563232421875,770.2195434570312,770.21826171875,770.21826171875,539.72802734375,0,0,21.85215950012207,0.0010999999940395355,0.02200000174343586,0.03299999609589577,0.04399999603629112,5655.8173828125,114276.53125,0.0429663360118866,0,3.1392715754918754e-05,330.4761657714844,0,0.0002616529818624258,2.8350639695418067e-05,0,0,23.700000762939453,0,0,1600,0,50,0,0,0,50,50,200,0.0,0.0,0.0,0.0
182,157.826416015625,309.23779296875,325.4705810546875,325.4217834472656,293.0053405761719,293.05413818359375,16515.818359375,33031.63671875,69.99918365478516,69.99931335449219,1710.3172607421875,3409.091552734375,1722.0218505859375,3433.973876953125,284.2243347167969,61.17259979248047,5.235839580564061e-06,0,0,2575.779296875,1296.710693359375,0,21.86130142211914,2599.130859375,11.869956970214844,11.878022193908691,870.2745361328125,1735.3133544921875,50.50260543823242,50.54372024536133,96.0,0,0,346.18402099609375,0,7.924896240234375,20.71343421936035,20.76222801208496,0,1.034000039100647,0.9067617654800415,50,2.799999952316284,2.3936851024627686,0,0,0,0,106.97594344973412,0,0,0,-0.007709247060120106,0.029419738799333572,-0.021700043231248856,1.0448042303323746e-05,96.08765411376953,96.08616638183594,770.2219848632812,770.2208251953125,770.2208251953125,539.7293090820312,0,0,21.86130142211914,0.0010999999940395355,0.02200000174343586,0.03299999609589577,0.04399999603629112,5655.8173828125,114276.53125,0.0429663360118866,0,3.1392715754918754e-05,332.2969665527344,0,0.0002616529818624258,2.8350639695418067e-05,0,0,23.700000762939453,0,0,1600,0,50,0,0,0,50,50,200,0.0,0.0,0.0,0.0
183,157.82640075683594,309.2377014160156,325.4706115722656,325.4218444824219,293.0052490234375,293.0540466308594,16515.818359375,33031.63671875,69.99911499023438,69.999267578125,1710.36328125,3409.182861328125,1722.023193359375,3433.972412109375,284.2232666015625,61.169822692871094,-2.9441507649607956e-06,0,0,2575.779296875,1296.7100830078125,0,21.869033813476562,2599.1435546875,11.869359016418457,11.877386093139648,870.278076171875,1735.3231201171875,50.49528884887695,50.53594970703125,96.0,0,0,346.18402099609375,0,7.924896240234375,20.71339988708496,20.76219367980957,0,1.034000039100647,0.9067617654800415,50,2.799999952316284,2.3936731815338135,0,0,0,0,106.98558425055602,0,0,0,-0.007703895214945078,0.029416216537356377,-0.021700043231248856,1.2276694178581238e-05,96.08794403076172,96.08663940429688,770.2240600585938,770.2230834960938,770.2230834960938,539.7304077148438,0,0,21.869033813476562,0.0010999999940395355,0.02200000174343586,0.03299999609589577,0.04399999603629112,5655.8173828125,114276.53125,0.0429663360118866,0,3.1392715754918754e-05,334.1177673339844,0,0.0002616529818624258,2.8350639695418067e-05,0,0,23.700000762939453,0,0,1600,0,50,0,0,0,50,50,200,0.0,0.0,0.0,0.0
184,157.82640075683594,309.2376403808594,325.4706726074219,325.421875,293.0050964355469,293.05389404296875,16515.818359375,33031.63671875,69.99909210205078,69.99918365478516,1710.40673828125,3409.28076171875,1722.0164794921875,3433.9794921875,284.2221374511719,61.16706085205078,1.8356253121964983e-06,0,0,2575.779296875,1296.70947265625,0,21.878087997436523,2599.155517578125,11.868764877319336,11.876753807067871,870.279296875,1735.326416015625,50.48778533935547,50.528343200683594,96.0,0,0,346.18402099609375,0,7.924896240234375,20.71336555480957,20.76215934753418,0,1.034000039100647,0.9067617654800415,50,2.799999952316284,2.393662214279175,0,0,0,0,106.98558425055602,0,0,0,-0.00769854336977005,0.02941301092505455,-0.021700043231248856,1.4423858374357224e-05,96.08845520019531,96.08708190917969,770.2261962890625,770.22509765625,770.22509765625,539.7313842773438,0,0,21.878087997436523,0.0010999999940395355,0.02200000174343586,0.03299999609589577,0.04399999603629112,5655.8173828125,114276.53125,0.0429663360118866,0,3.1392715754918754e-05,335.9385681152344,0,0.0002616529818624258,2.8350639695418067e-05,0,0,23.700000762939453,0,0,1600,0,50,0,0,0,50,50,200,0.0,0.0,0.0,0.0
185,157.82640075683594,309.23760986328125,325.4706726074219,325.421875,293.0050048828125,293.0538024902344,16515.818359375,33031.63671875,69.99903106689453,69.99913024902344,1710.46337890625,3409.371826171875,1722.0177001953125,3433.97802734375,284.2210693359375,61.16431427001953,-1.696302433629171e-06,0,0,2575.779296875,1296.7088623046875,0,21.887073516845703,2599.16845703125,11.868171691894531,11.876123428344727,870.2826538085938,1735.3265380859375,50.481021881103516,50.5203971862793,96.0,0,0,346.18402099609375,0,7.924896240234375,20.71336555480957,20.76215934753418,0,1.034000039100647,0.9067617654800415,50,2.799999952316284,2.3936502933502197,0,0,0,0,106.98558425055602,0,0,0,-0.0076958672143518925,0.029409484937787056,-0.021700043231248856,1.3573793694376945e-05,96.08909606933594,96.08756256103516,770.2285766601562,770.2273559570312,770.2273559570312,539.7324829101562,0,0,21.887073516845703,0.0010999999940395355,0.02200000174343586,0.03299999609589577,0.04399999603629112,5655.8173828125,114276.53125,0.0429663360118866,0,3.1392715754918754e-05,337.7593688964844,0,0.0002616529818624258,2.8350639695418067e-05,0,0,23.700000762939453,0,0,1600,0,50,0,0,0,50,50,200,0.0,0.0,0.0,0.0
186,157.82640075683594,309.2375793457031,325.4706726074219,325.421875,293.0049133300781,293.0537414550781,16515.818359375,33031.63671875,69.99897003173828,69.99908447265625,1710.5159912109375,3409.471435546875,1722.0108642578125,3433.984619140625,284.2200012207031,61.16157913208008,-3.4852071166824317e-06,0,0,2575.779296875,1296.7083740234375,0,21.897377014160156,2599.18212890625,11.86758041381836,11.875496864318848,870.2874145507812,1735.3370361328125,50.47374725341797,50.51274108886719,96.0,0,0,346.18402099609375,0,7.924896240234375,20.71336555480957,20.76215934753418,0,1.034000039100647,0.9067617654800415,50,2.799999952316284,2.3936376571655273,0,0,0,0,106.98558425055602,0,0,0,-0.007693191524595022,0.029405640438199043,-0.021700043231248856,1.2405216693878174e-05,96.08946990966797,96.08806610107422,770.2308959960938,770.2297973632812,770.2297973632812,539.7337036132812,0,0,21.897377014160156,0.0010999999940395355,0.02200000174343586,0.03299999609589577,0.04399999603629112,5655.8173828125,114276.53125,0.0429663360118866,0,3.1392715754918754e-05,339.5801696777344,0,0.0002616529818624258,2.8350639695418067e-05,0,0,23.700000762939453,0,0,1600,0,50,0,0,0,50,50,200,0.0,0.0,0.0,0.0
187,157.826416015625,309.2375793457031,325.470703125,325.421875,293.0047912597656,293.05364990234375,16515.818359375,33031.63671875,69.99891662597656,69.99903106689453,1710.5673828125,3409.575927734375,1722.0052490234375,3433.990234375,284.2189025878906,61.15884780883789,-4.693104074249277e-06,0,0,2575.779296875,1296.7080078125,0,21.906274795532227,2599.194580078125,11.866992950439453,11.874871253967285,870.290771484375,1735.3427734375,50.46649169921875,50.50513458251953,96.0,0,0,346.18402099609375,0,7.924896240234375,20.71333122253418,20.76215934753418,0,1.034000039100647,0.9067617654800415,50,2.799999952316284,2.3936262130737305,0,0,0,0,106.98558425055602,0,0,0,-0.007693191524595022,0.029402224346995354,-0.021700043231248856,8.988194167613983e-06,96.0898208618164,96.0885238647461,770.2329711914062,770.23193359375,770.23193359375,539.7348022460938,0,0,21.906274795532227,0.0010999999940395355,0.02200000174343586,0.03299999609589577,0.04399999603629112,5655.8173828125,114276.53125,0.0429663360118866,0,3.1392715754918754e-05,341.4009704589844,0,0.0002616529818624258,2.8350639695418067e-05,0,0,23.700000762939453,0,0,1600,0,50,0,0,0,50,50,200,0.0,0.0,0.0,0.0
188,157.82644653320312,309.2375183105469,325.470703125,325.421875,293.00469970703125,293.05352783203125,16515.818359375,33031.63671875,69.99889373779297,69.99899291992188,1710.6199951171875,3409.684326171875,1722.0152587890625,3433.980224609375,284.21783447265625,61.15615463256836,-9.092306640923198e-08,0,0,2575.779296875,1296.7073974609375,0,21.91242027282715,2599.205810546875,11.866408348083496,11.874248504638672,870.2930908203125,1735.35107421875,50.459266662597656,50.497562408447266,96.0,0,0,346.18402099609375,0,7.924896240234375,20.71333122253418,20.76215934753418,0,1.034000039100647,0.9067617654800415,50,2.799999952316284,2.39361572265625,0,0,0,0,106.97594344973412,0,0,0,-0.007687839679419994,0.029399124905467033,-0.021700043231248856,1.1241529136896133e-05,96.09008026123047,96.08894348144531,770.2348022460938,770.2339477539062,770.2339477539062,539.7357177734375,0,0,21.91242027282715,0.0010999999940395355,0.02200000174343586,0.03299999609589577,0.04399999603629112,5655.8173828125,114276.53125,0.0429663360118866,0,3.1392715754918754e-05,343.2217712402344,0,0.0002616529818624258,2.8350639695418067e-05,0,0,23.700000762939453,0,0,1600,0,50,0,0,0,50,50,200,0.0,0.0,0.0,0.0
189,157.82647705078125,309.2374267578125,325.470703125,325.421875,293.0046081542969,293.0534362792969,16515.818359375,33031.63671875,69.99883270263672,69.99893188476562,1710.6763916015625,3409.792236328125,1722.0107421875,3433.985107421875,284.2167663574219,61.153446197509766,2.187226755268057e-06,0,0,2575.779296875,1296.7066650390625,0,21.925249099731445,2599.216552734375,11.865825653076172,11.873629570007324,870.2954711914062,1735.3531494140625,50.45233917236328,50.489925384521484,96.0,0,0,346.1840515136719,0,7.924896240234375,20.71336555480957,20.76219367980957,0,1.034000039100647,0.9067617654800415,50,2.799999952316284,2.393605947494507,0,0,0,0,106.96630264891223,0,0,0,-0.0076824878342449665,0.029396241530776024,-0.021700043231248856,1.370999962091446e-05,96.09059143066406,96.08934020996094,770.2367553710938,770.2357788085938,770.2357788085938,539.7366333007812,0,0,21.925249099731445,0.0010999999940395355,0.02200000174343586,0.03299999609589577,0.04399999603629112,5655.8173828125,114276.53125,0.0429663360118866,0,3.1392715754918754e-05,345.0425720214844,0,0.0002616529818624258,2.8350639695418067e-05,0,0,23.700000762939453,0,0,1600,0,50,0,0,0,50,50,200,0.0,0.0,0.0,0.0
190,157.82650756835938,309.2373962402344,325.47076416015625,325.42193603515625,293.00445556640625,293.05328369140625,16515.818359375,33031.63671875,69.99877166748047,69.9988784790039,1710.7330322265625,3409.905029296875,1722.007080078125,3433.98876953125,284.2156982421875,61.15076446533203,-2.103304268530337e-06,0,0,2575.779052734375,1296.7060546875,0,21.93267059326172,2599.228515625,11.86524486541748,11.873013496398926,870.2979125976562,1735.359130859375,50.44520568847656,50.48241424560547,96.0,0,0,346.1840515136719,0,7.924896240234375,20.713298797607422,20.762126922607422,0,1.034000039100647,0.9067617654800415,50,2.799999952316284,2.393594980239868,0,0,0,0,106.95666184809033,0,0,0,-0.007679811678826809,0.029393037781119347,-0.021700043231248856,1.3181241229176521e-05,96.09123229980469,96.08977508544922,770.2389526367188,770.23779296875,770.23779296875,539.7376098632812,0,0,21.93267059326172,0.0010999999940395355,0.02200000174343586,0.03299999609589577,0.04399999603629112,5655.8173828125,114276.53125,0.0429663360118866,0,3.1392715754918754e-05,346.8633728027344,0,0.0002616529818624258,2.8350639695418067e-05,0,0,23.700000762939453,0,0,1600,0,50,0,0,0,50,50,200,0.0,0.0,0.0,0.0
191,157.82655334472656,309.2373352050781,325.47076416015625,325.42193603515625,293.0043640136719,293.05322265625,16515.818359375,33031.63671875,69.99871063232422,69.99881744384766,1710.791015625,3410.02197265625,1722.0052490234375,3433.990234375,284.2146301269531,61.1480827331543,4.24190011472092e-06,0,0,2575.779052734375,1296.705322265625,0,21.94272804260254,2599.24169921875,11.864668846130371,11.872398376464844,870.302001953125,1735.3651123046875,50.438140869140625,50.474891662597656,96.0,0,0,346.18408203125,0,7.924896240234375,20.71333122253418,20.76215934753418,0,1.034000039100647,0.9067617654800415,50,2.799999952316284,2.393582820892334,0,0,0,0,106.94702104726845,0,0,0,-0.007674459833651781,0.029389405623078346,-0.021700043231248856,1.4900928363204002e-05,96.09172821044922,96.09026336669922,770.2412719726562,770.2401123046875,770.2401123046875,539.7387084960938,0,0,21.94272804260254,0.0010999999940395355,0.02200000174343586,0.03299999609589577,0.04399999603629112,5655.8173828125,114276.53125,0.0429663360118866,0,3.1392715754918754e-05,348.6841735839844,0,0.0002616529818624258,2.8350639695418067e-05,0,0,23.700000762939453,0,0,1600,0,50,0,0,0,50,50,200,0.0,0.0,0.0,0.0
192,157.82659912109375,309.2372741699219,325.47076416015625,325.42193603515625,293.0042724609375,293.0531005859375,16515.818359375,33031.63671875,69.99860382080078,69.99873352050781,1710.8487548828125,3410.143310546875,1722.0260009765625,3433.969482421875,284.21356201171875,61.14542007446289,2.856408173101954e-06,0,0,2575.77880859375,1296.704833984375,0,21.95005989074707,2599.25537109375,11.864095687866211,11.871787071228027,870.3033447265625,1735.3739013671875,50.43104553222656,50.467445373535156,96.0,0,0,346.18408203125,0,7.924896240234375,20.71333122253418,20.76215934753418,0,1.034000039100647,0.9067617654800415,50,2.799999952316284,2.3935701847076416,0,0,0,0,106.93738024644655,0,0,0,-0.007669107988476753,0.02938566729426384,-0.021700043231248856,1.651444472372532e-05,96.09235382080078,96.09077453613281,770.2437133789062,770.2424926757812,770.2424926757812,539.7398681640625,0,0,21.95005989074707,0.0010999999940395355,0.02200000174343586,0.03299999609589577,0.04399999603629112,5655.8173828125,114276.53125,0.0429663360118866,0,3.1392715754918754e-05,350.5049743652344,0,0.0002616529818624258,2.8350639695418067e-05,0,0,23.700000762939453,0,0,1600,0,50,0,0,0,50,50,200,0.0,0.0,0.0,0.0
193,157.82666015625,309.2372131347656,325.4707946777344,325.4219665527344,293.0041198730469,293.0529479980469,16515.818359375,33031.63671875,69.9985122680664,69.99864196777344,1710.90576171875,3410.2705078125,1722.022216796875,3433.9736328125,284.2125244140625,61.142765045166016,2.632931682455819e-06,0,0,2575.77880859375,1296.7039794921875,0,21.95732307434082,2599.27001953125,11.863523483276367,11.871177673339844,870.3073120117188,1735.3829345703125,50.42393112182617,50.46002960205078,96.0,0,0,346.1841125488281,0,7.924896240234375,20.71333122253418,20.76215934753418,0,1.034000039100647,0.9067617654800415,50,2.799999952316284,2.393556833267212,0,0,0,0,106.91809864480277,0,0,0,-0.007663756143301725,0.02938171662390232,-0.021700043231248856,1.7915619537234306e-05,96.09305572509766,96.09130859375,770.246337890625,770.2449951171875,770.2449951171875,539.7410888671875,0,0,21.95732307434082,0.0010999999940395355,0.02200000174343586,0.03299999609589577,0.04399999603629112,5655.8173828125,114276.53125,0.0429663360118866,0,3.1392715754918754e-05,352.3257751464844,0,0.0002616529818624258,2.8350639695418067e-05,0,0,23.700000762939453,0,0,1600,0,50,0,0,0,50,50,200,0.0,0.0,0.0,0.0
194,157.8267364501953,309.23712158203125,325.4707946777344,325.4219970703125,293.0039978027344,293.0528259277344,16515.818359375,33031.63671875,69.99842071533203,69.99855041503906,1710.9669189453125,3410.397705078125,1722.023681640625,3433.971923828125,284.21148681640625,61.140132904052734,-4.740233180200448e-06,0,0,2575.778564453125,1296.703125,0,21.96454429626465,2599.285888671875,11.862955093383789,11.870572090148926,870.3115844726562,1735.3895263671875,50.41691970825195,50.452613830566406,96.0,0,0,346.1841735839844,0,7.924896240234375,20.71336555480957,20.76215934753418,0,1.034000039100647,0.9067617654800415,50,2.799999952316284,2.3935420513153076,0,0,0,0,106.89881704315899,0,0,0,-0.0076584042981266975,0.02937733568251133,-0.021700043231248856,1.8886523321270943e-05,96.09378814697266,96.09190368652344,770.249267578125,770.2477416992188,770.2477416992188,539.742431640625,0,0,21.96454429626465,0.0010999999940395355,0.02200000174343586,0.03299999609589577,0.04399999603629112,5655.8173828125,114276.53125,0.0429663360118866,0,3.1392715754918754e-05,354.1465759277344,0,0.0002616529818624258,2.8350639695418067e-05,0,0,23.700000762939453,0,0,1600,0,50,0,0,0,50,50,200,0.0,0.0,0.0,0.0
195,157.82679748535156,309.23712158203125,325.4707946777344,325.4219970703125,293.0038757324219,293.05267333984375,16515.818359375,33031.63671875,69.99832916259766,69.99845123291016,1711.0301513671875,3410.52734375,1722.0205078125,3433.97509765625,284.21044921875,61.13750457763672,-8.96655308224581e-07,0,0,2575.7783203125,1296.702392578125,0,21.974422454833984,2599.30322265625,11.86238956451416,11.869969367980957,870.3173217773438,1735.4007568359375,50.40998840332031,50.44520568847656,96.0,0,0,346.1842041015625,0,7.924896240234375,20.71339988708496,20.76219367980957,0,1.034000039100647,0.9067617654800415,50,2.799999952316284,2.393526315689087,0,0,0,0,106.8795354415152,0,0,0,-0.0076584042981266975,0.02937263622879982,-0.021700043231248856,1.4187069609761238e-05,96.09440612792969,96.09253692626953,770.2522583007812,770.250732421875,770.250732421875,539.7439575195312,0,0,21.974422454833984,0.0010999999940395355,0.02200000174343586,0.03299999609589577,0.04399999603629112,5655.8173828125,114276.53125,0.0429663360118866,0,3.1392715754918754e-05,355.9673767089844,0,0.0002616529818624258,2.8350639695418067e-05,0,0,23.700000762939453,0,0,1600,0,50,0,0,0,50,50,200,0.0,0.0,0.0,0.0
196,157.82687377929688,309.237060546875,325.4708251953125,325.4220275878906,293.0037536621094,293.05255126953125,16515.818359375,33031.63671875,69.99823760986328,69.99836730957031,1711.0947265625,3410.658447265625,1722.023193359375,3433.972412109375,284.20941162109375,61.1348876953125,4.68994585389737e-06,0,0,2575.7783203125,1296.7015380859375,0,21.98155403137207,2599.3193359375,11.861827850341797,11.869370460510254,870.3217163085938,1735.4100341796875,50.403079986572266,50.43785858154297,96.0,0,0,346.18426513671875,0,7.924896240234375,20.71343421936035,20.76222801208496,0,1.034000039100647,0.9067617654800415,50,2.799999952316284,2.3935115337371826,0,0,0,0,106.86025383987142,0,0,0,-0.00765305245295167,0.029368150979280472,-0.021700043231248856,1.5054596588015556e-05,96.09480285644531,96.09313201904297,770.2548828125,770.2536010742188,770.2536010742188,539.745361328125,0,0,21.98155403137207,0.0010999999940395355,0.02200000174343586,0.03299999609589577,0.04399999603629112,5655.8173828125,114276.53125,0.0429663360118866,0,3.1392715754918754e-05,357.7881774902344,0,0.0002616529818624258,2.8350639695418067e-05,0,0,23.700000762939453,0,0,1600,0,50,0,0,0,50,50,200,0.0,0.0,0.0,0.0
197,157.82693481445312,309.23699951171875,325.4708557128906,325.42205810546875,293.0035705566406,293.0523681640625,16515.818359375,33031.63671875,69.99815368652344,69.99828338623047,1711.1583251953125,3410.792724609375,1722.0228271484375,3433.97265625,284.2083740234375,61.13227462768555,2.2181994552283868e-07,0,0,2575.77783203125,1296.70068359375,0,21.99136734008789,2599.334228515625,11.861270904541016,11.868775367736816,870.3260498046875,1735.4195556640625,50.39619445800781,50.43058395385742,96.0,0,0,346.1842956542969,0,7.924896240234375,20.71343421936035,20.76222801208496,0,1.034000039100647,0.9067617654800415,50,2.799999952316284,2.3934977054595947,0,0,0,0,106.84097223822764,0,0,0,-0.007647700607776642,0.029364092275500298,-0.021700043231248856,1.6346806660294533e-05,96.09537506103516,96.09368896484375,770.2575073242188,770.2561645507812,770.2561645507812,539.74658203125,0,0,21.99136734008789,0.0010999999940395355,0.02200000174343586,0.03299999609589577,0.04399999603629112,5655.8173828125,114276.53125,0.0429663360118866,0,3.1392715754918754e-05,359.6089782714844,0,0.0002616529818624258,2.8350639695418067e-05,0,0,23.700000762939453,0,0,1600,0,50,0,0,0,50,50,200,0.0,0.0,0.0,0.0
198,157.82704162597656,309.2369384765625,325.47088623046875,325.4220886230469,293.00341796875,293.0522155761719,16515.818359375,33031.63671875,69.99806213378906,69.9981918334961,1711.224853515625,3410.92822265625,1722.022705078125,3433.97314453125,284.20733642578125,61.129676818847656,-1.922275032484322e-06,0,0,2575.777587890625,1296.7000732421875,0,22.001157760620117,2599.349853515625,11.86071491241455,11.868183135986328,870.3294067382812,1735.426513671875,50.389381408691406,50.423316955566406,96.0,0,0,346.184326171875,0,7.924896240234375,20.71343421936035,20.76222801208496,0,1.034000039100647,0.9067617654800415,50,2.799999952316284,2.3934831619262695,0,0,0,0,106.8168702361729,0,0,0,-0.007642348762601614,0.02935981936752796,-0.021700043231248856,1.742667518556118e-05,96.09603118896484,96.09426879882812,770.26025390625,770.2588500976562,770.2588500976562,539.7479248046875,0,0,22.001157760620117,0.0010999999940395355,0.02200000174343586,0.03299999609589577,0.04399999603629112,5655.8173828125,114276.53125,0.0429663360118866,0,3.1392715754918754e-05,361.4297790527344,0,0.0002616529818624258,2.8350639695418067e-05,0,0,23.700000762939453,0,0,1600,0,50,0,0,0,50,50,200,0.0,0.0,0.0,0.0
199,157.82713317871094,309.23687744140625,325.4709777832031,325.42218017578125,293.0032653808594,293.05206298828125,16515.818359375,33031.63671875,69.99797058105469,69.99810028076172,1711.2923583984375,3411.0673828125,1722.022705078125,3433.97314453125,284.2063293457031,61.127098083496094,-1.1613311698965845e-06,0,0,2575.777099609375,1296.6990966796875,0,22.008174896240234,2599.365966796875,11.860163688659668,11.867593765258789,870.3341064453125,1735.4359130859375,50.38262176513672,50.416072845458984,96.0,0,0,346.1843566894531,0,7.924896240234375,20.71339988708496,20.76219367980957,0,1.034000039100647,0.9067617654800415,50,2.799999952316284,2.3934683799743652,0,0,0,0,106.78795588112027,0,0,0,-0.007636996917426586,0.02935543842613697,-0.021700043231248856,1.8397578969597816e-05,96.09673309326172,96.09486389160156,770.2631225585938,770.2616577148438,770.2616577148438,539.749267578125,0,0,22.008174896240234,0.0010999999940395355,0.02200000174343586,0.03299999609589577,0.04399999603629112,5655.8173828125,114276.53125,0.0429663360118866,0,3.1392715754918754e-05,363.2505798339844,0,0.0002616529818624258,2.8350639695418067e-05,0,0,23.700000762939453,0,0,1600,0,50,0,0,0,50,50,200,0.0,0.0,0.0,0.0
200,157.82723999023438,309.2367858886719,325.4710388183594,325.4222412109375,293.0031433105469,293.0519104003906,16515.818359375,33031.63671875,69.99787902832031,69.99800109863281,1711.3612060546875,3411.208984375,1722.0208740234375,3433.974853515625,284.2052917480469,61.1245231628418,1.8062060291867965e-07,0,0,2575.777099609375,1296.6982421875,0,22.019216537475586,2599.38330078125,11.85961627960205,11.867009162902832,870.3375244140625,1735.4453125,50.37589645385742,50.40887451171875,96.0,0,0,346.1844177246094,0,7.924896240234375,20.71339988708496,20.76219367980957,0,1.034000039100647,0.9067617654800415,50,2.799999952316284,2.3934526443481445,0,0,0,0,106.75903347865459,0,0,0,-0.007631645072251558,0.02935073897242546,-0.021700043231248856,1.904997043311596e-05,96.09744262695312,96.09549713134766,770.2661743164062,770.2646484375,770.2646484375,539.750732421875,0,0,22.019216537475586,0.0010999999940395355,0.02200000174343586,0.03299999609589577,0.04399999603629112,5655.8173828125,114276.53125,0.0429663360118866,0,3.1392715754918754e-05,365.0713806152344,0,0.0002616529818624258,2.8350639695418067e-05,0,0,23.700000762939453,0,0,1600,0,50,0,0,0,50,50,200,0.0,0.0,0.0,0.0
201,157.8273468017578,309.2367248535156,325.4710998535156,325.42230224609375,293.0029602050781,293.0517578125,16515.818359375,33031.63671875,69.99778747558594,69.99790954589844,1711.43115234375,3411.35205078125,1722.0220947265625,3433.9736328125,284.20428466796875,61.1219596862793,3.2655955237714807e-06,0,0,2575.77685546875,1296.697265625,0,22.026145935058594,2599.401123046875,11.859070777893066,11.866427421569824,870.3421630859375,1735.4527587890625,50.36917495727539,50.40172576904297,96.0,0,0,346.1844787597656,0,7.924896240234375,20.71336555480957,20.76215934753418,0,1.034000039100647,0.9067617654800415,50,2.799999952316284,2.3934359550476074,0,0,0,0,106.73011107618892,0,0,0,-0.007626294158399105,0.02934582717716694,-0.021700043231248856,1.948932185769081e-05,96.09817504882812,96.09616088867188,770.2693481445312,770.2677612304688,770.2677612304688,539.7522583007812,0,0,22.026145935058594,0.0010999999940395355,0.02200000174343586,0.03299999609589577,0.04399999603629112,5655.8173828125,114276.53125,0.0429663360118866,0,3.1392715754918754e-05,366.8921813964844,0,0.0002616529818624258,2.8350639695418067e-05,0,0,23.700000762939453,0,0,1600,0,50,0,0,0,50,50,200,0.0,0.0,0.0,0.0
202,157.82745361328125,309.2366638183594,325.4711608886719,325.42236328125,293.0028381347656,293.0516052246094,16515.818359375,33031.63671875,69.99769592285156,69.99781799316406,1711.501708984375,3411.498291015625,1722.0216064453125,3433.973876953125,284.2032775878906,61.119407653808594,-2.542141146477661e-06,0,0,2575.776123046875,1296.6964111328125,0,22.035757064819336,2599.41943359375,11.858529090881348,11.865849494934082,870.3468627929688,1735.4627685546875,50.36248016357422,50.394622802734375,96.0,0,0,346.1845397949219,0,7.924896240234375,20.71336555480957,20.76215934753418,0,1.034000039100647,0.9067617654800415,50,2.799999952316284,2.393419027328491,0,0,0,0,106.70118867372324,0,0,0,-0.007620942313224077,0.02934080734848976,-0.021700043231248856,1.9820407032966614e-05,96.09891510009766,96.09683990478516,770.2725830078125,770.2709350585938,770.2709350585938,539.7538452148438,0,0,22.035757064819336,0.0010999999940395355,0.02200000174343586,0.03299999609589577,0.04399999603629112,5655.8173828125,114276.53125,0.0429663360118866,0,3.1392715754918754e-05,368.7129821777344,0,0.0002616529818624258,2.8350639695418067e-05,0,0,23.700000762939453,0,0,1600,0,50,0,0,0,50,50,200,0.0,0.0,0.0,0.0
203,157.8275909423828,309.23663330078125,325.47119140625,325.4224548339844,293.002685546875,293.05145263671875,16515.818359375,33031.63671875,69.99760437011719,69.99772644042969,1711.573486328125,3411.646484375,1722.02001953125,3433.9755859375,284.2022705078125,61.11686706542969,4.028880539408419e-06,0,0,2575.77587890625,1296.6959228515625,0,22.04395866394043,2599.438232421875,11.857992172241211,11.865275382995605,870.3505859375,1735.47265625,50.35586929321289,50.38753890991211,96.0,0,0,346.1846008300781,0,7.924896240234375,20.71339988708496,20.76215934753418,0,1.034000039100647,0.9067617654800415,50,2.799999952316284,2.393401861190796,0,0,0,0,106.66262547043567,0,0,0,-0.00761826615780592,0.02933567948639393,-0.021700043231248856,1.7369398847222328e-05,96.09965515136719,96.0975341796875,770.27587890625,770.2742309570312,770.2742309570312,539.75537109375,0,0,22.04395866394043,0.0010999999940395355,0.02200000174343586,0.03299999609589577,0.04399999603629112,5655.8173828125,114276.53125,0.0429663360118866,0,3.1392715754918754e-05,370.5337829589844,0,0.0002616529818624258,2.8350639695418067e-05,0,0,23.700000762939453,0,0,1600,0,50,0,0,0,50,50,200,0.0,0.0,0.0,0.0
204,157.82772827148438,309.236572265625,325.4712829589844,325.4225158691406,293.00250244140625,293.0513000488281,16515.818359375,33031.63671875,69.99750518798828,69.99763488769531,1711.645751953125,3411.7958984375,1722.021240234375,3433.974365234375,284.2012634277344,61.11435317993164,4.031221578770783e-06,0,0,2575.775634765625,1296.6947021484375,0,22.049392700195312,2599.456787109375,11.857458114624023,11.864704132080078,870.3566284179688,1735.4827880859375,50.34928512573242,50.38051223754883,96.0,0,0,346.1846618652344,0,7.924896240234375,20.71339988708496,20.76215934753418,0,1.034000039100647,0.9067617654800415,50,2.799999952316284,2.3933846950531006,0,0,0,0,106.6240622671481,0,0,0,-0.007612914312630892,0.029330553486943245,-0.021700043231248856,1.7594313248991966e-05,96.10017395019531,96.09822082519531,770.2789916992188,770.2774658203125,770.2774658203125,539.7570190429688,0,0,22.049392700195312,0.0010999999940395355,0.02200000174343586,0.03299999609589577,0.04399999603629112,5655.8173828125,114276.53125,0.0429663360118866,0,3.1392715754918754e-05,372.3545837402344,0,0.0002616529818624258,2.8350639695418067e-05,0,0,23.700000762939453,0,0,1600,0,50,0,0,0,50,50,200,0.0,0.0,0.0,0.0
205,157.82786560058594,309.2364807128906,325.4713134765625,325.42254638671875,293.0023193359375,293.0511169433594,16515.818359375,33031.63671875,69.9974136352539,69.99754333496094,1711.718505859375,3411.947998046875,1722.0206298828125,3433.97509765625,284.2002868652344,61.11184310913086,4.614570116245886e-06,0,0,2575.775146484375,1296.69384765625,0,22.05882453918457,2599.474365234375,11.856927871704102,11.86413860321045,870.3614501953125,1735.4932861328125,50.34273147583008,50.373558044433594,96.0,0,0,346.1847229003906,0,7.924896240234375,20.71343421936035,20.76219367980957,0,1.034000039100647,0.9067617654800415,50,2.799999952316284,2.3933684825897217,0,0,0,0,106.58549906386054,0,0,0,-0.007607562467455864,0.02932574786245823,-0.021700043231248856,1.8140533939003944e-05,96.1008071899414,96.09886932373047,770.281982421875,770.280517578125,770.280517578125,539.758544921875,0,0,22.05882453918457,0.0010999999940395355,0.02200000174343586,0.03299999609589577,0.04399999603629112,5655.8173828125,114276.53125,0.0429663360118866,0,3.1392715754918754e-05,374.1753845214844,0,0.0002616529818624258,2.8350639695418067e-05,0,0,23.700000762939453,0,0,1600,0,50,0,0,0,50,50,200,0.0,0.0,0.0,0.0
206,157.8280029296875,309.2364196777344,325.4713134765625,325.42254638671875,293.002197265625,293.0509948730469,16515.818359375,33031.63671875,69.99732208251953,69.99745178222656,1711.7930908203125,3412.100830078125,1722.01904296875,3433.976806640625,284.1993103027344,61.109344482421875,-3.6947926673747133e-06,0,0,2575.77490234375,1296.6929931640625,0,22.066871643066406,2599.491943359375,11.856401443481445,11.86357593536377,870.3651733398438,1735.50341796875,50.33625793457031,50.36662292480469,96.0,0,0,346.184814453125,0,7.924896240234375,20.7135009765625,20.76226234436035,0,1.034000039100647,0.9067617654800415,50,2.799999952316284,2.393352508544922,0,0,0,0,106.54693586057297,0,0,0,-0.007602210622280836,0.029320938512682915,-0.021700043231248856,1.8683960661292076e-05,96.10148620605469,96.09951782226562,770.2850952148438,770.2835693359375,770.2835693359375,539.760009765625,0,0,22.066871643066406,0.0010999999940395355,0.02200000174343586,0.03299999609589577,0.04399999603629112,5655.8173828125,114276.53125,0.0429663360118866,0,3.1392715754918754e-05,375.9961853027344,0,0.0002616529818624258,2.8350639695418067e-05,0,0,23.700000762939453,0,0,1600,0,50,0,0,0,50,50,200,0.0,0.0,0.0,0.0
207,157.82814025878906,309.2363586425781,325.4713134765625,325.42254638671875,293.0020446777344,293.05084228515625,16515.818359375,33031.63671875,69.99723052978516,69.99735260009766,1711.8680419921875,3412.2568359375,1722.020263671875,3433.9755859375,284.19830322265625,61.10685348510742,-2.0640528930471191e-07,0,0,2575.774169921875,1296.6920166015625,0,22.076236724853516,2599.510009765625,11.855879783630371,11.863016128540039,870.3701171875,1735.511474609375,50.32981872558594,50.3597412109375,96.0,0,0,346.18487548828125,0,7.924896240234375,20.71356964111328,20.7623291015625,0,1.034000039100647,0.9067617654800415,50,2.799999952316284,2.3933358192443848,0,0,0,0,106.50838070469844,0,0,0,-0.007596859708428383,0.029316026717424393,-0.021700043231248856,1.9123312085866928e-05,96.10218811035156,96.10018157958984,770.2882690429688,770.2866821289062,770.2866821289062,539.7615356445312,0,0,22.076236724853516,0.0010999999940395355,0.02200000174343586,0.03299999609589577,0.04399999603629112,5655.8173828125,114276.53125,0.0429663360118866,0,3.1392715754918754e-05,377.8169860839844,0,0.0002616529818624258,2.8350639695418067e-05,0,0,23.700000762939453,0,0,1600,0,50,0,0,0,50,50,200,0.0,0.0,0.0,0.0
208,157.8283233642578,309.2362976074219,325.4713439941406,325.4225769042969,293.00189208984375,293.0506896972656,16515.818359375,33031.63671875,69.99713134765625,69.99725341796875,1711.9439697265625,3412.4130859375,1722.02001953125,3433.9755859375,284.19732666015625,61.1043815612793,-4.448713752935873e-06,0,0,2575.773681640625,1296.6910400390625,0,22.08148765563965,2599.5283203125,11.855360984802246,11.862462997436523,870.375244140625,1735.521728515625,50.32343292236328,50.3529167175293,96.0,0,0,346.1849670410156,0,7.924896240234375,20.71363639831543,20.76239776611328,0,1.034000039100647,0.9067617654800415,50,2.799999952316284,2.3933188915252686,0,0,0,0,106.46017670058897,0,0,0,-0.007591507863253355,0.029311006888747215,-0.021700043231248856,1.945439726114273e-05,96.10291290283203,96.10086059570312,770.29150390625,770.2898559570312,770.2898559570312,539.7631225585938,0,0,22.08148765563965,0.0010999999940395355,0.02200000174343586,0.03299999609589577,0.04399999603629112,5655.8173828125,114276.53125,0.0429663360118866,0,3.1392715754918754e-05,379.6377868652344,0,0.0002616529818624258,2.8350639695418067e-05,0,0,23.700000762939453,0,0,1600,0,50,0,0,0,50,50,200,0.0,0.0,0.0,0.0
209,157.8284912109375,309.23626708984375,325.4714050292969,325.4226379394531,293.001708984375,293.0505065917969,16515.818359375,33031.63671875,69.99703979492188,69.99716186523438,1712.020263671875,3412.57177734375,1722.0198974609375,3433.975830078125,284.19635009765625,61.10192108154297,3.687735897983657e-06,0,0,2575.7734375,1296.690185546875,0,22.09076499938965,2599.546875,11.854846000671387,11.86191177368164,870.3815307617188,1735.5347900390625,50.317073822021484,50.346126556396484,96.0,0,0,346.1850280761719,0,7.924896240234375,20.71363639831543,20.76239776611328,0,1.034000039100647,0.9067617654800415,50,2.799999952316284,2.3933019638061523,0,0,0,0,106.41197269647952,0,0,0,-0.0075888317078351974,0.029305879026651382,-0.021700043231248856,1.7003389075398445e-05,96.103515625,96.10154724121094,770.294677734375,770.2931518554688,770.2931518554688,539.7647094726562,0,0,22.09076499938965,0.0010999999940395355,0.02200000174343586,0.03299999609589577,0.04399999603629112,5655.8173828125,114276.53125,0.0429663360118866,0,3.1392715754918754e-05,381.4585876464844,0,0.0002616529818624258,2.8350639695418067e-05,0,0,23.700000762939453,0,0,1600,0,50,0,0,0,50,50,200,0.0,0.0,0.0,0.0
210,157.8286590576172,309.2361755371094,325.4714660644531,325.4226989746094,293.0015563964844,293.05035400390625,16515.818359375,33031.63671875,69.99694061279297,69.9970703125,1712.0970458984375,3412.732666015625,1722.0177001953125,3433.97802734375,284.19537353515625,61.099464416503906,1.7694583220873028e-06,0,0,2575.77294921875,1296.689453125,0,22.0986328125,2599.564453125,11.85433578491211,11.861364364624023,870.3853149414062,1735.5455322265625,50.31076431274414,50.33939743041992,96.0,0,0,346.1851501464844,0,7.924896240234375,20.71367073059082,20.762432098388672,0,1.034000039100647,0.9067617654800415,50,2.799999952316284,2.3932857513427734,0,0,0,0,106.36376869237006,0,0,0,-0.00758347986266017,0.029301073402166367,-0.021700043231248856,1.7549609765410423e-05,96.10408782958984,96.1021957397461,770.2976684570312,770.2962036132812,770.2962036132812,539.7661743164062,0,0,22.0986328125,0.0010999999940395355,0.02200000174343586,0.03299999609589577,0.04399999603629112,5655.8173828125,114276.53125,0.0429663360118866,0,3.1392715754918754e-05,383.2793884277344,0,0.0002616529818624258,2.8350639695418067e-05,0,0,23.700000762939453,0,0,1600,0,50,0,0,0,50,50,200,0.0,0.0,0.0,0.0
211,157.82882690429688,309.2361145019531,325.47149658203125,325.4227600097656,293.0013732910156,293.0501708984375,16515.818359375,33031.63671875,69.9968490600586,69.9969711303711,1712.1746826171875,3412.89404296875,1722.0189208984375,3433.976806640625,284.19439697265625,61.097015380859375,1.0131964245374547e-06,0,0,2575.7724609375,1296.6884765625,0,22.106477737426758,2599.58154296875,11.853828430175781,11.860822677612305,870.390380859375,1735.5538330078125,50.304508209228516,50.33272933959961,96.0,0,0,346.1852111816406,0,7.924896240234375,20.71370506286621,20.76246452331543,0,1.034000039100647,0.9067617654800415,50,2.799999952316284,2.3932700157165527,0,0,0,0,106.31556468826061,0,0,0,-0.007578128017485142,0.029296372085809708,-0.021700043231248856,1.819920726120472e-05,96.10474395751953,96.10282897949219,770.3006591796875,770.2991333007812,770.2991333007812,539.7677001953125,0,0,22.106477737426758,0.0010999999940395355,0.02200000174343586,0.03299999609589577,0.04399999603629112,5655.8173828125,114276.53125,0.0429663360118866,0,3.1392715754918754e-05,385.1001892089844,0,0.0002616529818624258,2.8350639695418067e-05,0,0,23.700000762939453,0,0,1600,0,50,0,0,0,50,50,200,0.0,0.0,0.0,0.0
212,157.82899475097656,309.2360534667969,325.4715270996094,325.42279052734375,293.001220703125,293.04998779296875,16515.818359375,33031.63671875,69.99675750732422,69.99687957763672,1712.2532958984375,3413.05712890625,1722.0186767578125,3433.97705078125,284.1934509277344,61.09458923339844,3.7429811072797747e-06,0,0,2575.771728515625,1296.6875,0,22.112937927246094,2599.598876953125,11.853324890136719,11.860283851623535,870.3956298828125,1735.5645751953125,50.298316955566406,50.32609558105469,96.0,0,0,346.185302734375,0,7.924896240234375,20.713773727416992,20.76253318786621,0,1.034000039100647,0.9067617654800415,50,2.799999952316284,2.393254041671753,0,0,0,0,106.26736068415114,0,0,0,-0.0075727771036326885,0.029291672632098198,-0.021700043231248856,1.88509002327919e-05,96.10543823242188,96.10346984863281,770.3037109375,770.3021240234375,770.3021240234375,539.7691040039062,0,0,22.112937927246094,0.0010999999940395355,0.02200000174343586,0.03299999609589577,0.04399999603629112,5655.8173828125,114276.53125,0.0429663360118866,0,3.1392715754918754e-05,386.9209899902344,0,0.0002616529818624258,2.8350639695418067e-05,0,0,23.700000762939453,0,0,1600,0,50,0,0,0,50,50,200,0.0,0.0,0.0,0.0
213,157.8291778564453,309.2359924316406,325.47161865234375,325.4228515625,293.0010070800781,293.0498046875,16515.818359375,33031.63671875,69.99665832519531,69.99678039550781,1712.33251953125,3413.22216796875,1722.0167236328125,3433.979248046875,284.1925048828125,61.09215545654297,-5.324985068000387e-06,0,0,2575.771484375,1296.6866455078125,0,22.1247615814209,2599.61669921875,11.852826118469238,11.859748840332031,870.3995361328125,1735.5755615234375,50.29215621948242,50.31950759887695,96.0,0,0,346.1853942871094,0,7.924896240234375,20.713773727416992,20.76253318786621,0,1.034000039100647,0.9067617654800415,50,2.799999952316284,2.393237590789795,0,0,0,0,106.21916472745473,0,0,0,-0.007567425258457661,0.029286760836839676,-0.021700043231248856,1.9290950149297714e-05,96.10614776611328,96.10413360595703,770.3068237304688,770.3052368164062,770.3052368164062,539.7706298828125,0,0,22.1247615814209,0.0010999999940395355,0.02200000174343586,0.03299999609589577,0.04399999603629112,5655.8173828125,114276.53125,0.0429663360118866,0,3.1392715754918754e-05,388.7417907714844,0,0.0002616529818624258,2.8350639695418067e-05,0,0,23.700000762939453,0,0,1600,0,50,0,0,0,50,50,200,0.0,0.0,0.0,0.0
214,157.82937622070312,309.23590087890625,325.4716796875,325.42291259765625,293.00079345703125,293.0495910644531,16515.818359375,33031.63671875,69.9965591430664,69.9966812133789,1712.4127197265625,3413.387939453125,1722.019287109375,3433.976318359375,284.1915283203125,61.08974075317383,-8.521770951119834e-07,0,0,2575.7705078125,1296.6856689453125,0,22.131155014038086,2599.63525390625,11.852331161499023,11.85921859741211,870.4048461914062,1735.58642578125,50.28605651855469,50.312965393066406,96.0,0,0,346.18548583984375,0,7.924896240234375,20.71380615234375,20.7625675201416,0,1.034000039100647,0.9067617654800415,50,2.799999952316284,2.3932206630706787,0,0,0,0,106.16131992252338,0,0,0,-0.007562073413282633,0.02928173914551735,-0.021700043231248856,1.9622035324573517e-05,96.10688018798828,96.10481262207031,770.31005859375,770.3084716796875,770.3084716796875,539.772216796875,0,0,22.131155014038086,0.0010999999940395355,0.02200000174343586,0.03299999609589577,0.04399999603629112,5655.8173828125,114276.53125,0.0429663360118866,0,3.1392715754918754e-05,390.5625915527344,0,0.0002616529818624258,2.8350639695418067e-05,0,0,23.700000762939453,0,0,1600,0,50,0,0,0,50,50,200,0.0,0.0,0.0,0.0
215,157.82957458496094,309.23583984375,325.47174072265625,325.4229736328125,293.0006103515625,293.04937744140625,16515.818359375,33031.63671875,69.99645233154297,69.99657440185547,1712.4927978515625,3413.556640625,1722.0189208984375,3433.976806640625,284.1905822753906,61.08734130859375,-4.691073172580218e-06,0,0,2575.770263671875,1296.6846923828125,0,22.138843536376953,2599.654052734375,11.851840019226074,11.858692169189453,870.4100952148438,1735.5975341796875,50.279991149902344,50.30646514892578,96.0,0,0,346.1855773925781,0,7.924896240234375,20.71384048461914,20.762601852416992,0,1.034000039100647,0.9067617654800415,50,2.799999952316284,2.3932032585144043,0,0,0,0,106.10347511759201,0,0,0,-0.007556721568107605,0.029276613146066666,-0.021700043231248856,1.9846949726343155e-05,96.10759735107422,96.10550689697266,770.3133544921875,770.3117065429688,770.3117065429688,539.7738037109375,0,0,22.138843536376953,0.0010999999940395355,0.02200000174343586,0.03299999609589577,0.04399999603629112,5655.8173828125,114276.53125,0.0429663360118866,0,3.1392715754918754e-05,392.3833923339844,0,0.0002616529818624258,2.8350639695418067e-05,0,0,23.700000762939453,0,0,1600,0,50,0,0,0,50,50,200,0.0,0.0,0.0,0.0
216,157.82977294921875,309.23577880859375,325.4718017578125,325.423095703125,293.0003967285156,293.0491638183594,16515.818359375,33031.63671875,69.99635314941406,69.99647521972656,1712.573486328125,3413.725341796875,1722.0184326171875,3433.97705078125,284.18963623046875,61.0849494934082,3.267781494287192e-06,0,0,2575.76953125,1296.6837158203125,0,22.146488189697266,2599.6728515625,11.851353645324707,11.858171463012695,870.415283203125,1735.608642578125,50.27397918701172,50.3000373840332,96.0,0,0,346.1856994628906,0,7.924896240234375,20.71387481689453,20.762601852416992,0,1.034000039100647,0.9067617654800415,50,2.799999952316284,2.39318585395813,0,0,0,0,106.04563031266066,0,0,0,-0.0075513701885938644,0.029271379113197327,-0.021700043231248856,1.9964994862675667e-05,96.10833740234375,96.10620880126953,770.3167114257812,770.3150024414062,770.3150024414062,539.775390625,0,0,22.146488189697266,0.0010999999940395355,0.02200000174343586,0.03299999609589577,0.04399999603629112,5655.8173828125,114276.53125,0.0429663360118866,0,3.1392715754918754e-05,394.2041931152344,0,0.0002616529818624258,2.8350639695418067e-05,0,0,23.700000762939453,0,0,1600,0,50,0,0,0,50,50,200,0.0,0.0,0.0,0.0
217,157.82998657226562,309.2357177734375,325.4718933105469,325.42315673828125,293.00018310546875,293.0489501953125,16515.818359375,33031.63671875,69.99625396728516,69.99637603759766,1712.655029296875,3413.8955078125,1722.0196533203125,3433.975830078125,284.1886901855469,61.08256530761719,1.7529165461382945e-06,0,0,2575.768798828125,1296.682861328125,0,22.15408706665039,2599.692626953125,11.850871086120605,11.857653617858887,870.420654296875,1735.6173095703125,50.268001556396484,50.29364776611328,96.0,0,0,346.1858215332031,0,7.924896240234375,20.71394157409668,20.76266860961914,0,1.034000039100647,0.9067617654800415,50,2.799999952316284,2.393167734146118,0,0,0,0,105.98779355514236,0,0,0,-0.007546018343418837,0.029266037046909332,-0.021700043231248856,1.997477374970913e-05,96.10905456542969,96.10693359375,770.3201293945312,770.3184204101562,770.3184204101562,539.777099609375,0,0,22.15408706665039,0.0010999999940395355,0.02200000174343586,0.03299999609589577,0.04399999603629112,5655.8173828125,114276.53125,0.0429663360118866,0,3.1392715754918754e-05,396.0249938964844,0,0.0002616529818624258,2.8350639695418067e-05,0,0,23.700000762939453,0,0,1600,0,50,0,0,0,50,50,200,0.0,0.0,0.0,0.0
218,157.83018493652344,309.23565673828125,325.4719543457031,325.4232177734375,293.0,293.0487365722656,16515.818359375,33031.63671875,69.99615478515625,69.99627685546875,1712.7366943359375,3414.067626953125,1722.019287109375,3433.976318359375,284.187744140625,61.0801887512207,1.4000671626490657e-06,0,0,2575.768310546875,1296.681884765625,0,22.163028717041016,2599.7119140625,11.85039234161377,11.85714054107666,870.4259033203125,1735.628662109375,50.262054443359375,50.28732681274414,96.0,0,0,346.1859130859375,0,7.924896240234375,20.71397590637207,20.76270294189453,0,1.034000039100647,0.9067617654800415,50,2.799999952316284,2.3931498527526855,0,0,0,0,105.929948750211,0,0,0,-0.007540666498243809,0.029260698705911636,-0.021700043231248856,1.9987346604466438e-05,96.10977935791016,96.10765075683594,770.323486328125,770.3218383789062,770.3218383789062,539.7787475585938,0,0,22.163028717041016,0.0010999999940395355,0.02200000174343586,0.03299999609589577,0.04399999603629112,5655.8173828125,114276.53125,0.0429663360118866,0,3.1392715754918754e-05,397.8457946777344,0,0.0002616529818624258,2.8350639695418067e-05,0,0,23.700000762939453,0,0,1600,0,50,0,0,0,50,50,200,0.0,0.0,0.0,0.0
219,157.8303985595703,309.2355651855469,325.4720153808594,325.42327880859375,292.9997863769531,293.0485534667969,16515.818359375,33031.63671875,69.99605560302734,69.99617767333984,1712.81884765625,3414.24072265625,1722.0186767578125,3433.976806640625,284.1867980957031,61.07781982421875,2.2092333438195055e-06,0,0,2575.767822265625,1296.6806640625,0,22.169218063354492,2599.7314453125,11.849919319152832,11.8566312789917,870.4312744140625,1735.6400146484375,50.25619125366211,50.281036376953125,96.0,0,0,346.18603515625,0,7.924896240234375,20.71401023864746,20.762737274169922,0,1.034000039100647,0.9067617654800415,50,2.799999952316284,2.393131732940674,0,0,0,0,105.87210394527965,0,0,0,-0.0075353155843913555,0.029255356639623642,-0.021700043231248856,1.999642699956894e-05,96.1104965209961,96.1083755493164,770.326904296875,770.3251953125,770.3251953125,539.7803955078125,0,0,22.169218063354492,0.0010999999940395355,0.02200000174343586,0.03299999609589577,0.04399999603629112,5655.8173828125,114276.53125,0.0429663360118866,0,3.1392715754918754e-05,399.6665954589844,0,0.0002616529818624258,2.8350639695418067e-05,0,0,23.700000762939453,0,0,1600,0,50,0,0,0,50,50,200,0.0,0.0,0.0,0.0
220,157.8306427001953,309.2355041503906,325.4720764160156,325.4233703613281,292.9996032714844,293.04833984375,16515.818359375,33031.63671875,69.9959487915039,69.9960708618164,1712.9019775390625,3414.414306640625,1722.018310546875,3433.97705078125,284.1858825683594,61.07547378540039,-4.1312891880807e-06,0,0,2575.76708984375,1296.679931640625,0,22.175365447998047,2599.7509765625,11.849448204040527,11.85612678527832,870.4365844726562,1735.6513671875,50.25035858154297,50.274803161621094,96.0,0,0,346.1861267089844,0,7.924896240234375,20.71404457092285,20.76276969909668,0,1.034000039100647,0.9067617654800415,50,2.799999952316284,2.3931140899658203,0,0,0,0,105.80461833952641,0,0,0,-0.007529963739216328,0.029250016435980797,-0.021700043231248856,2.0008999854326248e-05,96.11121368408203,96.10909271240234,770.3302612304688,770.32861328125,770.32861328125,539.7820434570312,0,0,22.175365447998047,0.0010999999940395355,0.02200000174343586,0.03299999609589577,0.04399999603629112,5655.8173828125,114276.53125,0.0429663360118866,0,3.1392715754918754e-05,401.4873962402344,0,0.0002616529818624258,2.8350639695418067e-05,0,0,23.700000762939453,0,0,1600,0,50,0,0,0,50,50,200,0.0,0.0,0.0,0.0
221,157.83087158203125,309.2354431152344,325.4720764160156,325.42340087890625,292.9994812011719,293.04815673828125,16515.818359375,33031.63671875,69.995849609375,69.99596405029297,1712.9857177734375,3414.5888671875,1722.017822265625,3433.9775390625,284.1849670410156,61.073143005371094,2.4879548163880827e-06,0,0,2575.766357421875,1296.6788330078125,0,22.18280792236328,2599.7705078125,11.848981857299805,11.85562801361084,870.4420166015625,1735.662841796875,50.24457931518555,50.26863479614258,96.0,0,0,346.1862487792969,0,7.924896240234375,20.71417999267578,20.76287269592285,0,1.034000039100647,0.9067617654800415,50,2.799999952316284,2.3930959701538086,0,0,0,0,105.73713273377317,0,0,0,-0.0075246118940413,0.029244674369692802,-0.021700043231248856,2.001877874135971e-05,96.11193084716797,96.10981750488281,770.3336791992188,770.3319702148438,770.3319702148438,539.7837524414062,0,0,22.18280792236328,0.0010999999940395355,0.02200000174343586,0.03299999609589577,0.04399999603629112,5655.8173828125,114276.53125,0.0429663360118866,0,3.1392715754918754e-05,403.3081970214844,0,0.0002616529818624258,2.8350639695418067e-05,0,0,23.700000762939453,0,0,1600,0,50,0,0,0,50,50,200,0.0,0.0,0.0,0.0
222,157.83111572265625,309.2353820800781,325.47210693359375,325.4234313964844,292.9992980957031,293.0480041503906,16515.818359375,33031.63671875,69.9957504272461,69.99586486816406,1713.069580078125,3414.763916015625,1722.0208740234375,3433.974853515625,284.1840515136719,61.0708122253418,-1.5285363588191103e-06,0,0,2575.765869140625,1296.6778564453125,0,22.19291114807129,2599.7900390625,11.84852123260498,11.855133056640625,870.4476318359375,1735.674072265625,50.23890686035156,50.26250076293945,96.0,0,0,346.1863708496094,0,7.924896240234375,20.71424674987793,20.762939453125,0,1.034000039100647,0.9067617654800415,50,2.799999952316284,2.393078088760376,0,0,0,0,105.66965517543296,0,0,0,-0.007519260514527559,0.029239336028695107,-0.021700043231248856,2.0030653104186058e-05,96.1126480102539,96.11053466796875,770.3370971679688,770.3353881835938,770.3353881835938,539.785400390625,0,0,22.19291114807129,0.0010999999940395355,0.02200000174343586,0.03299999609589577,0.04399999603629112,5655.8173828125,114276.53125,0.0429663360118866,0,3.1392715754918754e-05,405.1289978027344,0,0.0002616529818624258,2.8350639695418067e-05,0,0,23.700000762939453,0,0,1600,0,50,0,0,0,50,50,200,0.0,0.0,0.0,0.0
223,157.8313446044922,309.23529052734375,325.4721374511719,325.4234619140625,292.9991455078125,293.0478210449219,16515.818359375,33031.63671875,69.99564361572266,69.99575805664062,1713.15380859375,3414.94140625,1722.01904296875,3433.976806640625,284.1831359863281,61.0684928894043,-3.802004357567057e-06,0,0,2575.764892578125,1296.677001953125,0,22.198925018310547,2599.80908203125,11.848063468933105,11.85464096069336,870.4518432617188,1735.6854248046875,50.23323440551758,50.25642013549805,96.0,0,0,346.1864929199219,0,7.924896240234375,20.7143497467041,20.763042449951172,0,1.034000039100647,0.9067617654800415,50,2.799999952316284,2.3930604457855225,0,0,0,0,105.60216956967972,0,0,0,-0.007513908669352531,0.029234101995825768,-0.021700043231248856,2.014939673244953e-05,96.11335754394531,96.11124420166016,770.3403930664062,770.3386840820312,770.3386840820312,539.7869873046875,0,0,22.198925018310547,0.0010999999940395355,0.02200000174343586,0.03299999609589577,0.04399999603629112,5655.8173828125,114276.53125,0.0429663360118866,0,3.1392715754918754e-05,406.9497985839844,0,0.0002616529818624258,2.8350639695418067e-05,0,0,23.700000762939453,0,0,1600,0,50,0,0,0,50,50,200,0.0,0.0,0.0,0.0
224,157.8315887451172,309.2352294921875,325.4721984863281,325.42352294921875,292.99896240234375,293.0476379394531,16515.818359375,33031.63671875,69.99553680419922,69.99565887451172,1713.2384033203125,3415.118408203125,1722.0184326171875,3433.97705078125,284.1822204589844,61.06618118286133,-4.913456450594822e-06,0,0,2575.76416015625,1296.676025390625,0,22.207618713378906,2599.82861328125,11.847610473632812,11.854155540466309,870.457275390625,1735.697021484375,50.22761154174805,50.25041198730469,96.0,0,0,346.1866149902344,0,7.924896240234375,20.71441650390625,20.76307487487793,0,1.034000039100647,0.9067617654800415,50,2.799999952316284,2.39304256439209,0,0,0,0,105.53468396392647,0,0,0,-0.007508557755500078,0.029228759929537773,-0.021700043231248856,2.0158477127552032e-05,96.11408996582031,96.1119613647461,770.3438110351562,770.3421020507812,770.3421020507812,539.7886962890625,0,0,22.207618713378906,0.0010999999940395355,0.02200000174343586,0.03299999609589577,0.04399999603629112,5655.8173828125,114276.53125,0.0429663360118866,0,3.1392715754918754e-05,408.7705993652344,0,0.0002616529818624258,2.8350639695418067e-05,0,0,23.700000762939453,0,0,1600,0,50,0,0,0,50,50,200,0.0,0.0,0.0,0.0
225,157.83181762695312,309.23516845703125,325.4722595214844,325.423583984375,292.998779296875,293.04742431640625,16515.818359375,33031.63671875,69.99542999267578,69.99555206298828,1713.3231201171875,3415.29638671875,1722.01806640625,3433.9775390625,284.1813049316406,61.063880920410156,-4.281885594537016e-06,0,0,2575.763427734375,1296.675048828125,0,22.214927673339844,2599.84814453125,11.847162246704102,11.853672981262207,870.4627685546875,1735.7086181640625,50.2220573425293,50.244441986083984,96.0,0,0,346.1867370605469,0,7.924896240234375,20.71448516845703,20.76314353942871,0,1.034000039100647,0.9067617654800415,50,2.799999952316284,2.393024444580078,0,0,0,0,105.46719835817323,0,0,0,-0.00750320591032505,0.029223421588540077,-0.021700043231248856,2.017104998230934e-05,96.11481475830078,96.11268615722656,770.34716796875,770.345458984375,770.345458984375,539.7903442382812,0,0,22.214927673339844,0.0010999999940395355,0.02200000174343586,0.03299999609589577,0.04399999603629112,5655.8173828125,114276.53125,0.0429663360118866,0,3.1392715754918754e-05,410.5914001464844,0,0.0002616529818624258,2.8350639695418067e-05,0,0,23.700000762939453,0,0,1600,0,50,0,0,0,50,50,200,0.0,0.0,0.0,0.0
226,157.83209228515625,309.235107421875,325.4723205566406,325.4236755371094,292.9985656738281,293.0472106933594,16515.818359375,33031.63671875,69.99533081054688,69.99544525146484,1713.407958984375,3415.474365234375,1722.0208740234375,3433.97509765625,284.1803894042969,61.06158447265625,-3.0693070129927946e-06,0,0,2575.762939453125,1296.674072265625,0,22.223556518554688,2599.86767578125,11.846717834472656,11.85319709777832,870.46826171875,1735.72021484375,50.216548919677734,50.23855972290039,96.0,0,0,346.1868591308594,0,7.924896240234375,20.71455192565918,20.763212203979492,0,1.034000039100647,0.9067617654800415,50,2.799999952316284,2.3930065631866455,0,0,0,0,105.39490039942208,0,0,0,-0.0074978540651500225,0.029218079522252083,-0.021700043231248856,2.0180828869342804e-05,96.11554718017578,96.1134033203125,770.3505859375,770.348876953125,770.348876953125,539.7919921875,0,0,22.223556518554688,0.0010999999940395355,0.02200000174343586,0.03299999609589577,0.04399999603629112,5655.8173828125,114276.53125,0.0429663360118866,0,3.1392715754918754e-05,412.4122009277344,0,0.0002616529818624258,2.8350639695418067e-05,0,0,23.700000762939453,0,0,1600,0,50,0,0,0,50,50,200,0.0,0.0,0.0,0.0
227,157.8323516845703,309.23504638671875,325.47235107421875,325.4237060546875,292.9983825683594,293.04705810546875,16515.818359375,33031.63671875,69.99522399902344,69.9953384399414,1713.4942626953125,3415.6533203125,1722.01904296875,3433.976318359375,284.1794738769531,61.05930709838867,1.0483107644176926e-06,0,0,2575.76171875,1296.672607421875,0,22.228071212768555,2599.88720703125,11.84627628326416,11.852724075317383,870.4752197265625,1735.73193359375,50.21110153198242,50.232688903808594,96.0,0,0,346.18701171875,0,7.924896240234375,20.71465492248535,20.76331329345703,0,1.034000039100647,0.9067617654800415,50,2.799999952316284,2.392988681793213,0,0,0,0,105.31777399284694,0,0,0,-0.007492502685636282,0.029212739318609238,-0.021700043231248856,2.019270323216915e-05,96.11628723144531,96.11412811279297,770.3539428710938,770.3522338867188,770.3522338867188,539.7936401367188,0,0,22.228071212768555,0.0010999999940395355,0.02200000174343586,0.03299999609589577,0.04399999603629112,5655.8173828125,114276.53125,0.0429663360118866,0,3.1392715754918754e-05,414.2330017089844,0,0.0002616529818624258,2.8350639695418067e-05,0,0,23.700000762939453,0,0,1600,0,50,0,0,0,50,50,200,0.0,0.0,0.0,0.0
228,157.83262634277344,309.2349548339844,325.4724426269531,325.4237976074219,292.9981689453125,293.04681396484375,16515.818359375,33031.63671875,69.9951171875,69.99522399902344,1713.58056640625,3415.8330078125,1722.0218505859375,3433.973876953125,284.1785888671875,61.057044982910156,-3.145775508528459e-06,0,0,2575.76123046875,1296.671630859375,0,22.236610412597656,2599.906494140625,11.845840454101562,11.852256774902344,870.480712890625,1735.7435302734375,50.2056884765625,50.226905822753906,96.0,0,0,346.1871337890625,0,7.924896240234375,20.714689254760742,20.763347625732422,0,1.034000039100647,0.9067617654800415,50,2.799999952316284,2.3929708003997803,0,0,0,0,105.2406475862718,0,0,0,-0.007487150840461254,0.029207397252321243,-0.021700043231248856,2.0202482119202614e-05,96.11700439453125,96.1148452758789,770.3573608398438,770.3556518554688,770.3556518554688,539.7953491210938,0,0,22.236610412597656,0.0010999999940395355,0.02200000174343586,0.03299999609589577,0.04399999603629112,5655.8173828125,114276.53125,0.0429663360118866,0,3.1392715754918754e-05,416.0538024902344,0,0.0002616529818624258,2.8350639695418067e-05,0,0,23.700000762939453,0,0,1600,0,50,0,0,0,50,50,200,0.0,0.0,0.0,0.0
229,157.83290100097656,309.2348937988281,325.4725646972656,325.42388916015625,292.9979248046875,293.04656982421875,16515.818359375,33031.63671875,69.99500274658203,69.99512481689453,1713.666259765625,3416.0146484375,1722.0198974609375,3433.975830078125,284.17767333984375,61.05478286743164,3.2958730571408523e-06,0,0,2575.760498046875,1296.6707763671875,0,22.24510383605957,2599.92626953125,11.845409393310547,11.851791381835938,870.486328125,1735.7576904296875,50.20033645629883,50.22114562988281,96.0,0,0,346.1872863769531,0,7.924896240234375,20.7147216796875,20.76338005065918,0,1.034000039100647,0.9067617654800415,50,2.799999952316284,2.3929526805877686,0,0,0,0,105.16352922710972,0,0,0,-0.007481799926608801,0.029202058911323547,-0.021700043231248856,2.021435648202896e-05,96.11774444580078,96.11557006835938,770.3607177734375,770.3590698242188,770.3590698242188,539.7969970703125,0,0,22.24510383605957,0.0010999999940395355,0.02200000174343586,0.03299999609589577,0.04399999603629112,5655.8173828125,114276.53125,0.0429663360118866,0,3.1392715754918754e-05,417.8746032714844,0,0.0002616529818624258,2.8350639695418067e-05,0,0,23.700000762939453,0,0,1600,0,50,0,0,0,50,50,200,0.0,0.0,0.0,0.0
230,157.83316040039062,309.2348327636719,325.4726257324219,325.4239807128906,292.9977111816406,293.04638671875,16515.818359375,33031.63671875,69.9948959350586,69.99501037597656,1713.751708984375,3416.196533203125,1722.0189208984375,3433.97705078125,284.1767883300781,61.05252456665039,-3.172056040057214e-07,0,0,2575.759521484375,1296.6697998046875,0,22.25221061706543,2599.945556640625,11.844982147216797,11.851333618164062,870.4916381835938,1735.769775390625,50.19499969482422,50.215492248535156,96.0,0,0,346.1874084472656,0,7.924896240234375,20.71479034423828,20.76344871520996,0,1.034000039100647,0.9067617654800415,50,2.799999952316284,2.392934799194336,0,0,0,0,105.08640282053457,0,0,0,-0.007476448081433773,0.029196716845035553,-0.021700043231248856,2.0224135369062424e-05,96.11848449707031,96.11628723144531,770.3641967773438,770.3624267578125,770.3624267578125,539.7986450195312,0,0,22.25221061706543,0.0010999999940395355,0.02200000174343586,0.03299999609589577,0.04399999603629112,5655.8173828125,114276.53125,0.0429663360118866,0,3.1392715754918754e-05,419.6954040527344,0,0.0002616529818624258,2.8350639695418067e-05,0,0,23.700000762939453,0,0,1600,0,50,0,0,0,50,50,200,0.0,0.0,0.0,0.0
231,157.83343505859375,309.2347717285156,325.4726867675781,325.4240417480469,292.99749755859375,293.0461730957031,16515.818359375,33031.63671875,69.99478912353516,69.99490356445312,1713.8385009765625,3416.3779296875,1722.0189208984375,3433.97705078125,284.1759033203125,61.05027770996094,-2.1872608613193734e-06,0,0,2575.7587890625,1296.6688232421875,0,22.259319305419922,2599.966064453125,11.844560623168945,11.850878715515137,870.4973754882812,1735.7813720703125,50.189781188964844,50.209842681884766,96.0,0,0,346.18756103515625,0,7.924896240234375,20.71485710144043,20.763517379760742,0,1.034000039100647,0.9067617654800415,50,2.799999952316284,2.392915964126587,0,0,0,0,105.00927641395944,0,0,0,-0.0074710967019200325,0.029191164299845695,-0.021700043231248856,2.0023668184876442e-05,96.11920928955078,96.1170425415039,770.36767578125,770.365966796875,770.365966796875,539.8003540039062,0,0,22.259319305419922,0.0010999999940395355,0.02200000174343586,0.03299999609589577,0.04399999603629112,5655.8173828125,114276.53125,0.0429663360118866,0,3.1392715754918754e-05,421.5162048339844,0,0.0002616529818624258,2.8350639695418067e-05,0,0,23.700000762939453,0,0,1600,0,50,0,0,0,50,50,200,0.0,0.0,0.0,0.0
232,157.83370971679688,309.23468017578125,325.4727478027344,325.4241027832031,292.997314453125,293.04595947265625,16515.818359375,33031.63671875,69.99468231201172,69.99479675292969,1713.925537109375,3416.5595703125,1722.0184326171875,3433.9775390625,284.1750183105469,61.04804229736328,-2.314292942173779e-06,0,0,2575.7578125,1296.6678466796875,0,22.266382217407227,2599.9853515625,11.844141960144043,11.850428581237793,870.5029907226562,1735.7930908203125,50.184600830078125,50.20425796508789,96.0,0,0,346.18768310546875,0,7.924896240234375,20.71492576599121,20.76358413696289,0,1.034000039100647,0.9067617654800415,50,2.799999952316284,2.3928983211517334,0,0,0,0,104.93215000738431,0,0,0,-0.007465744856745005,0.0291858222335577,-0.021700043231248856,2.0033447071909904e-05,96.11993408203125,96.11775970458984,770.3710327148438,770.3693237304688,770.3693237304688,539.8020629882812,0,0,22.266382217407227,0.0010999999940395355,0.02200000174343586,0.03299999609589577,0.04399999603629112,5655.8173828125,114276.53125,0.0429663360118866,0,3.1392715754918754e-05,423.3370056152344,0,0.0002616529818624258,2.8350639695418067e-05,0,0,23.700000762939453,0,0,1600,0,50,0,0,0,50,50,200,0.0,0.0,0.0,0.0
233,157.83396911621094,309.234619140625,325.47283935546875,325.4241638183594,292.9971008300781,293.0457763671875,16515.818359375,33031.63671875,69.99456787109375,69.99468231201172,1714.0120849609375,3416.7421875,1722.017822265625,3433.97802734375,284.17413330078125,61.045806884765625,-2.4413247956545092e-06,0,0,2575.75732421875,1296.6668701171875,0,22.277490615844727,2600.0048828125,11.843729019165039,11.849983215332031,870.508544921875,1735.804931640625,50.17947006225586,50.1987419128418,96.0,0,0,346.1878356933594,0,7.924896240234375,20.714994430541992,20.763652801513672,0,1.034000039100647,0.9067617654800415,50,2.799999952316284,2.392880439758301,0,0,0,0,104.85503164822221,0,0,0,-0.007460393942892551,0.029180483892560005,-0.021700043231248856,2.0045321434736252e-05,96.12064361572266,96.11847686767578,770.3744506835938,770.3727416992188,770.3727416992188,539.8037109375,0,0,22.277490615844727,0.0010999999940395355,0.02200000174343586,0.03299999609589577,0.04399999603629112,5655.8173828125,114276.53125,0.0429663360118866,0,3.1392715754918754e-05,425.1578063964844,0,0.0002616529818624258,2.8350639695418067e-05,0,0,23.700000762939453,0,0,1600,0,50,0,0,0,50,50,200,0.0,0.0,0.0,0.0
234,157.8342742919922,309.23455810546875,325.472900390625,325.4242248535156,292.99688720703125,293.0455627441406,16515.818359375,33031.63671875,69.99446868896484,69.99457550048828,1714.0985107421875,3416.9248046875,1722.020263671875,3433.9755859375,284.1732482910156,61.043582916259766,-8.253334726759931e-07,0,0,2575.75634765625,1296.665771484375,0,22.283145904541016,2600.0244140625,11.8433198928833,11.849543571472168,870.5139770507812,1735.81689453125,50.17435836791992,50.193302154541016,96.0,0,0,346.18798828125,0,7.924896240234375,20.71509552001953,20.76375389099121,0,1.034000039100647,0.9067617654800415,50,2.799999952316284,2.392862319946289,0,0,0,0,104.77308484123613,0,0,0,-0.007455042097717524,0.02917514182627201,-0.021700043231248856,2.0055100321769714e-05,96.12135314941406,96.11920166015625,770.3778076171875,770.3761596679688,770.3761596679688,539.8053588867188,0,0,22.283145904541016,0.0010999999940395355,0.02200000174343586,0.03299999609589577,0.04399999603629112,5655.8173828125,114276.53125,0.0429663360118866,0,3.1392715754918754e-05,426.9786071777344,0,0.0002616529818624258,2.8350639695418067e-05,0,0,23.700000762939453,0,0,1600,0,50,0,0,0,50,50,200,0.0,0.0,0.0,0.0
235,157.83457946777344,309.2344970703125,325.47296142578125,325.42431640625,292.9967041015625,293.04534912109375,16515.818359375,33031.63671875,69.99435424804688,69.99446868896484,1714.18603515625,3417.107421875,1722.0172119140625,3433.978759765625,284.17236328125,61.041378021240234,3.6956964777346e-06,0,0,2575.75537109375,1296.6646728515625,0,22.288755416870117,2600.043701171875,11.842913627624512,11.849108695983887,870.519775390625,1735.8284912109375,50.16934585571289,50.187896728515625,96.0,0,0,346.1881408691406,0,7.924896240234375,20.71516227722168,20.763822555541992,0,1.034000039100647,0.9067617654800415,50,2.799999952316284,2.3928444385528564,0,0,0,0,104.6863176338391,0,0,0,-0.007449690718203783,0.029169801622629166,-0.021700043231248856,2.0066974684596062e-05,96.12207794189453,96.11991882324219,770.3812255859375,770.3795166015625,770.3795166015625,539.8070068359375,0,0,22.288755416870117,0.0010999999940395355,0.02200000174343586,0.03299999609589577,0.04399999603629112,5655.8173828125,114276.53125,0.0429663360118866,0,3.1392715754918754e-05,428.7994079589844,0,0.0002616529818624258,2.8350639695418067e-05,0,0,23.700000762939453,0,0,1600,0,50,0,0,0,50,50,200,0.0,0.0,0.0,0.0
236,157.8348846435547,309.23443603515625,325.4730224609375,325.42437744140625,292.9964904785156,293.045166015625,16515.818359375,33031.63671875,69.99424743652344,69.9943618774414,1714.2730712890625,3417.291015625,1722.019287109375,3433.976318359375,284.1715087890625,61.039180755615234,-1.2569926184369251e-06,0,0,2575.75439453125,1296.6636962890625,0,22.297025680541992,2600.0634765625,11.842513084411621,11.848677635192871,870.5252075195312,1735.8408203125,50.1643180847168,50.18256378173828,96.0,0,0,346.18829345703125,0,7.924896240234375,20.71526527404785,20.76392364501953,0,1.034000039100647,0.9067617654800415,50,2.799999952316284,2.3928263187408447,0,0,0,0,104.59955847385511,0,0,0,-0.007444338873028755,0.02916445955634117,-0.021700043231248856,2.0076753571629524e-05,96.12278747558594,96.12064361572266,770.3845825195312,770.3829345703125,770.3829345703125,539.8087158203125,0,0,22.297025680541992,0.0010999999940395355,0.02200000174343586,0.03299999609589577,0.04399999603629112,5655.8173828125,114276.53125,0.0429663360118866,0,3.1392715754918754e-05,430.6202087402344,0,0.0002616529818624258,2.8350639695418067e-05,0,0,23.700000762939453,0,0,1600,0,50,0,0,0,50,50,200,0.0,0.0,0.0,0.0
237,157.83518981933594,309.2343444824219,325.4730529785156,325.4244384765625,292.996337890625,293.0449523925781,16515.818359375,33031.63671875,69.994140625,69.99424743652344,1714.3604736328125,3417.475341796875,1722.0206298828125,3433.97509765625,284.1706237792969,61.0369873046875,5.00706073580659e-06,0,0,2575.753662109375,1296.6624755859375,0,22.305274963378906,2600.082763671875,11.842117309570312,11.848250389099121,870.5321655273438,1735.8524169921875,50.1594352722168,50.17725372314453,96.0,0,0,346.1884460449219,0,7.924896240234375,20.71536636352539,20.76399040222168,0,1.034000039100647,0.9067617654800415,50,2.799999952316284,2.392808437347412,0,0,0,0,104.51279126645808,0,0,0,-0.007438987959176302,0.029159121215343475,-0.021700043231248856,2.008862793445587e-05,96.1235122680664,96.1213607788086,770.3880004882812,770.3862915039062,770.3862915039062,539.810302734375,0,0,22.305274963378906,0.0010999999940395355,0.02200000174343586,0.03299999609589577,0.04399999603629112,5655.8173828125,114276.53125,0.0429663360118866,0,3.1392715754918754e-05,432.4410095214844,0,0.0002616529818624258,2.8350639695418067e-05,0,0,23.700000762939453,0,0,1600,0,50,0,0,0,50,50,200,0.0,0.0,0.0,0.0
238,157.83547973632812,309.2342834472656,325.4731140136719,325.42449951171875,292.99615478515625,293.04473876953125,16515.818359375,33031.63671875,69.99403381347656,69.994140625,1714.447509765625,3417.659423828125,1722.0186767578125,3433.97705078125,284.1697692871094,61.03479766845703,1.2163870906078955e-06,0,0,2575.752685546875,1296.6614990234375,0,22.312135696411133,2600.102294921875,11.84172534942627,11.84782886505127,870.5377807617188,1735.86669921875,50.15455627441406,50.17201614379883,96.0,0,0,346.1885986328125,0,7.924896240234375,20.71550178527832,20.76409339904785,0,1.034000039100647,0.9067617654800415,50,2.799999952316284,2.3927905559539795,0,0,0,0,104.42602405906106,0,0,0,-0.007433636114001274,0.02915377914905548,-0.021700043231248856,2.0098406821489334e-05,96.12422180175781,96.12208557128906,770.3914184570312,770.3897094726562,770.3897094726562,539.81201171875,0,0,22.312135696411133,0.0010999999940395355,0.02200000174343586,0.03299999609589577,0.04399999603629112,5655.8173828125,114276.53125,0.0429663360118866,0,3.1392715754918754e-05,434.2618103027344,0,0.0002616529818624258,2.8350639695418067e-05,0,0,23.700000762939453,0,0,1600,0,50,0,0,0,50,50,200,0.0,0.0,0.0,0.0
239,157.83578491210938,309.2342224121094,325.4731750488281,325.4245910644531,292.9959411621094,293.0445556640625,16515.818359375,33031.63671875,69.9939193725586,69.99403381347656,1714.5347900390625,3417.843505859375,1722.01806640625,3433.9775390625,284.1689147949219,61.032615661621094,-1.4122712173048058e-06,0,0,2575.751953125,1296.6605224609375,0,22.3189754486084,2600.121826171875,11.841338157653809,11.847411155700684,870.5433959960938,1735.8787841796875,50.14973068237305,50.16683578491211,96.0,0,0,346.18878173828125,0,7.924896240234375,20.715604782104492,20.76419448852539,0,1.034000039100647,0.9067617654800415,50,2.799999952316284,2.392772674560547,0,0,0,0,104.33926489907707,0,0,0,-0.007428284734487534,0.029148438945412636,-0.021700043231248856,2.011028118431568e-05,96.12495422363281,96.122802734375,770.394775390625,770.39306640625,770.39306640625,539.8136596679688,0,0,22.3189754486084,0.0010999999940395355,0.02200000174343586,0.03299999609589577,0.04399999603629112,5655.8173828125,114276.53125,0.0429663360118866,0,3.1392715754918754e-05,436.0826110839844,0,0.0002616529818624258,2.8350639695418067e-05,0,0,23.700000762939453,0,0,1600,0,50,0,0,0,50,50,200,0.0,0.0,0.0,0.0
240,157.83609008789062,309.2341613769531,325.47320556640625,325.42462158203125,292.99578857421875,293.04437255859375,16515.818359375,33031.63671875,69.99381256103516,69.9939193725586,1714.6220703125,3418.02734375,1722.0177001953125,3433.97802734375,284.1680603027344,61.03044128417969,-2.878914074244676e-06,0,0,2575.7509765625,1296.659423828125,0,22.32715606689453,2600.141357421875,11.84095573425293,11.846999168395996,870.5490112304688,1735.890625,50.144962310791016,50.16172409057617,96.0,0,0,346.18890380859375,0,7.924896240234375,20.71570587158203,20.76429557800293,0,1.034000039100647,0.9067617654800415,50,2.799999952316284,2.392754554748535,0,0,0,0,104.25249769168005,0,0,0,-0.007422932889312506,0.02914309687912464,-0.021700043231248856,2.0120060071349144e-05,96.12567138671875,96.12352752685547,770.398193359375,770.396484375,770.396484375,539.8153686523438,0,0,22.32715606689453,0.0010999999940395355,0.02200000174343586,0.03299999609589577,0.04399999603629112,5655.8173828125,114276.53125,0.0429663360118866,0,3.1392715754918754e-05,437.9034118652344,0,0.0002616529818624258,2.8350639695418067e-05,0,0,23.700000762939453,0,0,1600,0,50,0,0,0,50,50,200,0.0,0.0,0.0,0.0
241,157.83639526367188,309.23406982421875,325.4732666015625,325.4246826171875,292.9955749511719,293.0441589355469,16515.818359375,33031.63671875,69.99370574951172,69.99381256103516,1714.7093505859375,3418.21142578125,1722.0172119140625,3433.978271484375,284.1672058105469,61.02827835083008,-2.6025331862911116e-06,0,0,2575.75,1296.6583251953125,0,22.333951950073242,2600.160888671875,11.840578079223633,11.84659194946289,870.5546875,1735.9024658203125,50.14027404785156,50.15665054321289,96.0,0,0,346.1890869140625,0,7.924896240234375,20.71580696105957,20.7643985748291,0,1.034000039100647,0.9067617654800415,50,2.799999952316284,2.3927366733551025,0,0,0,0,104.16573048428302,0,0,0,-0.0074175819754600525,0.029137758538126945,-0.021700043231248856,2.013193443417549e-05,96.12639617919922,96.1242446899414,770.4015502929688,770.3998413085938,770.3998413085938,539.8169555664062,0,0,22.333951950073242,0.0010999999940395355,0.02200000174343586,0.03299999609589577,0.04399999603629112,5655.8173828125,114276.53125,0.0429663360118866,0,3.1392715754918754e-05,439.7242126464844,0,0.0002616529818624258,2.8350639695418067e-05,0,0,23.700000762939453,0,0,1600,0,50,0,0,0,50,50,200,0.0,0.0,0.0,0.0
242,157.83670043945312,309.2340087890625,325.47332763671875,325.42474365234375,292.995361328125,293.0439758300781,16515.818359375,33031.63671875,69.99359893798828,69.99370574951172,1714.7962646484375,3418.3955078125,1722.0198974609375,3433.975830078125,284.1663513183594,61.02611541748047,-2.326152753084898e-06,0,0,2575.7490234375,1296.657470703125,0,22.342065811157227,2600.180419921875,11.840204238891602,11.846189498901367,870.5601806640625,1735.9144287109375,50.135597229003906,50.15165710449219,96.0,0,0,346.189208984375,0,7.924896240234375,20.71587562561035,20.76446533203125,0,1.034000039100647,0.9067617654800415,50,2.799999952316284,2.39271879196167,0,0,0,0,104.07897132429903,0,0,0,-0.007412230595946312,0.02913241647183895,-0.021700043231248856,2.0141014829277992e-05,96.12711334228516,96.12496948242188,770.4049682617188,770.4032592773438,770.4032592773438,539.8186645507812,0,0,22.342065811157227,0.0010999999940395355,0.02200000174343586,0.03299999609589577,0.04399999603629112,5655.8173828125,114276.53125,0.0429663360118866,0,3.1392715754918754e-05,441.5450134277344,0,0.0002616529818624258,2.8350639695418067e-05,0,0,23.700000762939453,0,0,1600,0,50,0,0,0,50,50,200,0.0,0.0,0.0,0.0
243,157.83700561523438,309.23394775390625,325.47344970703125,325.4248352050781,292.9951477050781,293.0437316894531,16515.818359375,33031.63671875,69.99349212646484,69.99359130859375,1714.8837890625,3418.578857421875,1722.0196533203125,3433.975830078125,284.1654968261719,61.023956298828125,-1.4687643670185935e-06,0,0,2575.748291015625,1296.6563720703125,0,22.34881591796875,2600.19970703125,11.839835166931152,11.845791816711426,870.5659790039062,1735.92626953125,50.13102340698242,50.14670181274414,96.0,0,0,346.18939208984375,0,7.924896240234375,20.7159423828125,20.76453399658203,0,1.034000039100647,0.9067617654800415,50,2.799999952316284,2.3927009105682373,0,0,0,0,103.992204116902,0,0,0,-0.007406878750771284,0.029127076268196106,-0.021700043231248856,2.01535876840353e-05,96.12785339355469,96.12568664550781,770.4083251953125,770.4066772460938,770.4066772460938,539.8203125,0,0,22.34881591796875,0.0010999999940395355,0.02200000174343586,0.03299999609589577,0.04399999603629112,5655.8173828125,114276.53125,0.0429663360118866,0,3.1392715754918754e-05,443.3658142089844,0,0.0002616529818624258,2.8350639695418067e-05,0,0,23.700000762939453,0,0,1600,0,50,0,0,0,50,50,200,0.0,0.0,0.0,0.0
244,157.83734130859375,309.23388671875,325.4735412597656,325.4249572753906,292.9949035644531,293.0434875488281,16515.818359375,33031.63671875,69.99337768554688,69.99348449707031,1714.9713134765625,3418.763916015625,1722.0208740234375,3433.974853515625,284.1646423339844,61.02181625366211,2.2936628738534637e-06,0,0,2575.7470703125,1296.6552734375,0,22.35554313659668,2600.219482421875,11.839469909667969,11.845396995544434,870.5728759765625,1735.938232421875,50.12646484375,50.14179992675781,96.0,0,0,346.1895446777344,0,7.924896240234375,20.71601104736328,20.76460075378418,0,1.034000039100647,0.9067617654800415,50,2.799999952316284,2.3926827907562256,0,0,0,0,103.90061650909402,0,0,0,-0.007401527836918831,0.02912173420190811,-0.021700043231248856,2.0162668079137802e-05,96.12858581542969,96.12641143798828,770.4117431640625,770.4100341796875,770.4100341796875,539.822021484375,0,0,22.35554313659668,0.0010999999940395355,0.02200000174343586,0.03299999609589577,0.04399999603629112,5655.8173828125,114276.53125,0.0429663360118866,0,3.1392715754918754e-05,445.1866149902344,0,0.0002616529818624258,2.8350639695418067e-05,0,0,23.700000762939453,0,0,1600,0,50,0,0,0,50,50,200,0.0,0.0,0.0,0.0
245,157.83767700195312,309.23382568359375,325.4736022949219,325.4250183105469,292.99468994140625,293.04327392578125,16515.818359375,33031.63671875,69.99327087402344,69.99337768554688,1715.05810546875,3418.94775390625,1722.0186767578125,3433.97705078125,284.1637878417969,61.01968765258789,-2.8366216611175332e-06,0,0,2575.746337890625,1296.654296875,0,22.360841751098633,2600.23876953125,11.839109420776367,11.845008850097656,870.5784912109375,1735.9527587890625,50.121971130371094,50.13697052001953,96.0,0,0,346.1897277832031,0,7.924896240234375,20.71611213684082,20.76470375061035,0,1.034000039100647,0.9067617654800415,50,2.799999952316284,2.392664909362793,0,0,0,0,103.80421654828815,0,0,0,-0.007396175991743803,0.029116395860910416,-0.021700043231248856,2.017524093389511e-05,96.12931060791016,96.12712860107422,770.4151000976562,770.4134521484375,770.4134521484375,539.8236083984375,0,0,22.360841751098633,0.0010999999940395355,0.02200000174343586,0.03299999609589577,0.04399999603629112,5655.8173828125,114276.53125,0.0429663360118866,0,3.1392715754918754e-05,447.0074157714844,0,0.0002616529818624258,2.8350639695418067e-05,0,0,23.700000762939453,0,0,1600,0,50,0,0,0,50,50,200,0.0,0.0,0.0,0.0
246,157.8380126953125,309.2337341308594,325.4736633300781,325.4250793457031,292.9945068359375,293.0430908203125,16515.818359375,33031.63671875,69.9931640625,69.9932632446289,1715.145263671875,3419.132080078125,1722.01806640625,3433.9775390625,284.1629333496094,61.01756286621094,3.249836709073861e-06,0,0,2575.745361328125,1296.6534423828125,0,22.37018394470215,2600.258544921875,11.838753700256348,11.844624519348145,870.583984375,1735.9644775390625,50.117523193359375,50.13218307495117,96.0,0,0,346.18988037109375,0,7.924896240234375,20.716215133666992,20.76480484008789,0,1.034000039100647,0.9067617654800415,50,2.799999952316284,2.3926470279693604,0,0,0,0,103.70780854006922,0,0,0,-0.0073908246122300625,0.02911105565726757,-0.021700043231248856,2.018711529672146e-05,96.13004302978516,96.12785339355469,770.4185180664062,770.4168090820312,770.4168090820312,539.8253173828125,0,0,22.37018394470215,0.0010999999940395355,0.02200000174343586,0.03299999609589577,0.04399999603629112,5655.8173828125,114276.53125,0.0429663360118866,0,3.1392715754918754e-05,448.8282165527344,0,0.0002616529818624258,2.8350639695418067e-05,0,0,23.700000762939453,0,0,1600,0,50,0,0,0,50,50,200,0.0,0.0,0.0,0.0
247,157.83834838867188,309.2336730957031,325.4737548828125,325.4251403808594,292.9942932128906,293.0428771972656,16515.818359375,33031.63671875,69.99304962158203,69.99315643310547,1715.232177734375,3419.31640625,1722.0174560546875,3433.978271484375,284.162109375,61.015445709228516,-1.3742447890763287e-07,0,0,2575.744140625,1296.652099609375,0,22.375436782836914,2600.2783203125,11.83840274810791,11.844244003295898,870.5895385742188,1735.9764404296875,50.11313247680664,50.1274528503418,96.0,0,0,346.1900634765625,0,7.924896240234375,20.71631622314453,20.76490592956543,0,1.034000039100647,0.9067617654800415,50,2.799999952316284,2.3926286697387695,0,0,0,0,103.61140053185031,0,0,0,-0.007385473698377609,0.02910560742020607,-0.021700043231248856,2.0090024918317795e-05,96.13078308105469,96.12858581542969,770.4220581054688,770.4202880859375,770.4202880859375,539.8270263671875,0,0,22.375436782836914,0.0010999999940395355,0.02200000174343586,0.03299999609589577,0.04399999603629112,5655.8173828125,114276.53125,0.0429663360118866,0,3.1392715754918754e-05,450.6490173339844,0,0.0002616529818624258,2.8350639695418067e-05,0,0,23.700000762939453,0,0,1600,0,50,0,0,0,50,50,200,0.0,0.0,0.0,0.0
248,157.83868408203125,309.2336120605469,325.47381591796875,325.42523193359375,292.99407958984375,293.04266357421875,16515.818359375,33031.63671875,69.9929428100586,69.99304962158203,1715.318603515625,3419.50048828125,1722.0198974609375,3433.9755859375,284.1612854003906,61.013328552246094,-3.524685553202289e-06,0,0,2575.743408203125,1296.651123046875,0,22.384735107421875,2600.29833984375,11.838055610656738,11.84386920928955,870.5951538085938,1735.9884033203125,50.108795166015625,50.12278366088867,96.0,0,0,346.1902160644531,0,7.924896240234375,20.71641731262207,20.7650089263916,0,1.034000039100647,0.9067617654800415,50,2.799999952316284,2.3926103115081787,0,0,0,0,103.51500057104442,0,0,0,-0.007380121853202581,0.02910015918314457,-0.021700043231248856,1.9993633031845093e-05,96.13150024414062,96.12932586669922,770.4254150390625,770.4237670898438,770.4237670898438,539.8287353515625,0,0,22.384735107421875,0.0010999999940395355,0.02200000174343586,0.03299999609589577,0.04399999603629112,5655.8173828125,114276.53125,0.0429663360118866,0,3.1392715754918754e-05,452.4698181152344,0,0.0002616529818624258,2.8350639695418067e-05,0,0,23.700000762939453,0,0,1600,0,50,0,0,0,50,50,200,0.0,0.0,0.0,0.0
249,157.83901977539062,309.2335510253906,325.473876953125,325.42529296875,292.993896484375,293.04248046875,16515.818359375,33031.63671875,69.99283599853516,69.9929428100586,1715.40576171875,3419.683349609375,1722.016845703125,3433.978759765625,284.16046142578125,61.011226654052734,-4.587916009768378e-06,0,0,2575.7421875,1296.650146484375,0,22.389944076538086,2600.317626953125,11.837713241577148,11.843500137329102,870.6008911132812,1736.0,50.10454559326172,50.1181640625,96.0,0,0,346.1903991699219,0,7.924896240234375,20.716520309448242,20.76511001586914,0,1.034000039100647,0.9067617654800415,50,2.799999952316284,2.392592430114746,0,0,0,0,103.41859256282551,0,0,0,-0.007374770473688841,0.029094820842146873,-0.021700043231248856,2.000550739467144e-05,96.13221740722656,96.13004302978516,770.4288330078125,770.4271240234375,770.4271240234375,539.830322265625,0,0,22.389944076538086,0.0010999999940395355,0.02200000174343586,0.03299999609589577,0.04399999603629112,5655.8173828125,114276.53125,0.0429663360118866,0,3.1392715754918754e-05,454.2906188964844,0,0.0002616529818624258,2.8350639695418067e-05,0,0,23.700000762939453,0,0,1600,0,50,0,0,0,50,50,200,0.0,0.0,0.0,0.0
250,157.83935546875,309.23345947265625,325.4739074707031,325.42535400390625,292.99371337890625,293.0422668457031,16515.818359375,33031.63671875,69.99272918701172,69.99283599853516,1715.4915771484375,3419.866455078125,1722.0189208984375,3433.976806640625,284.15960693359375,61.00912857055664,5.565596893575275e-06,0,0,2575.7412109375,1296.649169921875,0,22.3978328704834,2600.337158203125,11.83737564086914,11.843134880065918,870.6062622070312,1736.01220703125,50.100284576416016,50.11363220214844,96.0,0,0,346.1905822753906,0,7.924896240234375,20.716655731201172,20.76521110534668,0,1.034000039100647,0.9067617654800415,50,2.799999952316284,2.3925743103027344,0,0,0,0,103.3221845546066,0,0,0,-0.007369419559836388,0.02908947877585888,-0.021700043231248856,2.001458778977394e-05,96.1329345703125,96.13076782226562,770.4321899414062,770.4305419921875,770.4305419921875,539.83203125,0,0,22.3978328704834,0.0010999999940395355,0.02200000174343586,0.03299999609589577,0.04399999603629112,5655.8173828125,114276.53125,0.0429663360118866,0,3.1392715754918754e-05,456.1114196777344,0,0.0002616529818624258,2.8350639695418067e-05,0,0,23.700000762939453,0,0,1600,0,50,0,0,0,50,50,200,0.0,0.0,0.0,0.0
251,157.83969116210938,309.2333984375,325.4739685058594,325.4254150390625,292.9934997558594,293.04205322265625,16515.818359375,33031.63671875,69.99262237548828,69.99272155761719,1715.5787353515625,3420.049072265625,1722.0186767578125,3433.976806640625,284.1587829589844,61.007041931152344,-3.8093371586001012e-06,0,0,2575.739990234375,1296.6483154296875,0,22.40433692932129,2600.356689453125,11.837040901184082,11.842774391174316,870.6119384765625,1736.02392578125,50.09613037109375,50.10912322998047,96.0,0,0,346.19073486328125,0,7.924896240234375,20.71675682067871,20.76531410217285,0,1.034000039100647,0.9067617654800415,50,2.799999952316284,2.392556667327881,0,0,0,0,103.22578459380071,0,0,0,-0.00736406771466136,0.029084138572216034,-0.021700043231248856,2.002716064453125e-05,96.1336441040039,96.13148498535156,770.4356079101562,770.4338989257812,770.4338989257812,539.8336791992188,0,0,22.40433692932129,0.0010999999940395355,0.02200000174343586,0.03299999609589577,0.04399999603629112,5655.8173828125,114276.53125,0.0429663360118866,0,3.1392715754918754e-05,457.9322204589844,0,0.0002616529818624258,2.8350639695418067e-05,0,0,23.700000762939453,0,0,1600,0,50,0,0,0,50,50,200,0.0,0.0,0.0,0.0
252,157.84002685546875,309.23333740234375,325.47406005859375,325.4255065917969,292.9933166503906,293.0418701171875,16515.818359375,33031.63671875,69.99251556396484,69.99261474609375,1715.6650390625,3420.23193359375,1722.0164794921875,3433.979248046875,284.157958984375,61.00495529174805,-2.548536031099502e-06,0,0,2575.7392578125,1296.6473388671875,0,22.412160873413086,2600.376220703125,11.836711883544922,11.84241771697998,870.6175537109375,1736.038330078125,50.092010498046875,50.10467529296875,96.0,0,0,346.19091796875,0,7.924896240234375,20.71685791015625,20.76541519165039,0,1.034000039100647,0.9067617654800415,50,2.799999952316284,2.392538547515869,0,0,0,0,103.1293765855818,0,0,0,-0.007358716335147619,0.02907879650592804,-0.021700043231248856,2.003624103963375e-05,96.13436889648438,96.13220977783203,770.4390258789062,770.4373168945312,770.4373168945312,539.8353271484375,0,0,22.412160873413086,0.0010999999940395355,0.02200000174343586,0.03299999609589577,0.04399999603629112,5655.8173828125,114276.53125,0.0429663360118866,0,3.1392715754918754e-05,459.7530212402344,0,0.0002616529818624258,2.8350639695418067e-05,0,0,23.700000762939453,0,0,1600,0,50,0,0,0,50,50,200,0.0,0.0,0.0,0.0
253,157.84036254882812,309.2332763671875,325.47412109375,325.4255676269531,292.99310302734375,293.0416564941406,16515.818359375,33031.63671875,69.99240112304688,69.99250793457031,1715.750732421875,3420.41455078125,1722.0177001953125,3433.97802734375,284.1571350097656,61.00288009643555,4.5528807390837756e-07,0,0,2575.738037109375,1296.64599609375,0,22.418621063232422,2600.395751953125,11.836387634277344,11.842065811157227,870.624267578125,1736.0501708984375,50.08794403076172,50.10029220581055,96.0,0,0,346.1910705566406,0,7.924896240234375,20.716960906982422,20.76551628112793,0,1.034000039100647,0.9067617654800415,50,2.799999952316284,2.3925206661224365,0,0,0,0,103.03297662477591,0,0,0,-0.007353365421295166,0.029073458164930344,-0.021700043231248856,2.0048115402460098e-05,96.13507843017578,96.13292694091797,770.4423828125,770.440673828125,770.440673828125,539.8369750976562,0,0,22.418621063232422,0.0010999999940395355,0.02200000174343586,0.03299999609589577,0.04399999603629112,5655.8173828125,114276.53125,0.0429663360118866,0,3.1392715754918754e-05,461.5738220214844,0,0.0002616529818624258,2.8350639695418067e-05,0,0,23.700000762939453,0,0,1600,0,50,0,0,0,50,50,200,0.0,0.0,0.0,0.0
254,157.84072875976562,309.23321533203125,325.47418212890625,325.4256286621094,292.9928894042969,293.04144287109375,16515.818359375,33031.63671875,69.99229431152344,69.99239349365234,1715.83642578125,3420.595947265625,1722.01708984375,3433.978271484375,284.15631103515625,61.00080108642578,2.8781046239600983e-06,0,0,2575.737060546875,1296.6448974609375,0,22.42776107788086,2600.415283203125,11.836066246032715,11.841719627380371,870.6298828125,1736.06201171875,50.08392333984375,50.095970153808594,96.0,0,0,346.1912841796875,0,7.924896240234375,20.71709632873535,20.765653610229492,0,1.034000039100647,0.9067617654800415,50,2.799999952316284,2.392502546310425,0,0,0,0,102.936568616557,0,0,0,-0.0073480140417814255,0.02906811609864235,-0.021700043231248856,2.00571957975626e-05,96.13579559326172,96.13365173339844,770.44580078125,770.444091796875,770.444091796875,539.8386840820312,0,0,22.42776107788086,0.0010999999940395355,0.02200000174343586,0.03299999609589577,0.04399999603629112,5655.8173828125,114276.53125,0.0429663360118866,0,3.1392715754918754e-05,463.3946228027344,0,0.0002616529818624258,2.8350639695418067e-05,0,0,23.700000762939453,0,0,1600,0,50,0,0,0,50,50,200,0.0,0.0,0.0,0.0
255,157.84109497070312,309.2331237792969,325.4742431640625,325.4256896972656,292.9927062988281,293.041259765625,16515.818359375,33031.63671875,69.9921875,69.9922866821289,1715.922119140625,3420.778076171875,1722.0167236328125,3433.979248046875,284.1554870605469,60.998748779296875,-1.2677595577770262e-06,0,0,2575.736083984375,1296.6439208984375,0,22.43010902404785,2600.4345703125,11.835750579833984,11.841376304626465,870.6353759765625,1736.07373046875,50.0799560546875,50.09169006347656,96.0,0,0,346.1914367675781,0,7.924896240234375,20.71719741821289,20.76575469970703,0,1.034000039100647,0.9067617654800415,50,2.799999952316284,2.392484664916992,0,0,0,0,102.83051980751618,0,0,0,-0.007342662196606398,0.029062775894999504,-0.021700043231248856,2.0069768652319908e-05,96.13651275634766,96.13436889648438,770.4491577148438,770.4474487304688,770.4474487304688,539.84033203125,0,0,22.43010902404785,0.0010999999940395355,0.02200000174343586,0.03299999609589577,0.04399999603629112,5655.8173828125,114276.53125,0.0429663360118866,0,3.1392715754918754e-05,465.2154235839844,0,0.0002616529818624258,2.8350639695418067e-05,0,0,23.700000762939453,0,0,1600,0,50,0,0,0,50,50,200,0.0,0.0,0.0,0.0
256,157.84146118164062,309.2330627441406,325.474365234375,325.4258117675781,292.9924621582031,293.041015625,16515.818359375,33031.63671875,69.99207305908203,69.99217987060547,1716.0072021484375,3420.95947265625,1722.015869140625,3433.9794921875,284.1546936035156,60.9967041015625,-4.251608061167644e-06,0,0,2575.73486328125,1296.6429443359375,0,22.43779754638672,2600.454345703125,11.83543872833252,11.841039657592773,870.6407470703125,1736.0855712890625,50.07602310180664,50.087486267089844,96.0,0,0,346.191650390625,0,7.924896240234375,20.71729850769043,20.76585578918457,0,1.034000039100647,0.9067617654800415,50,2.799999952316284,2.3924667835235596,0,0,0,0,102.72447904588842,0,0,0,-0.007337311282753944,0.02905743382871151,-0.021700043231248856,2.007884904742241e-05,96.13722229003906,96.13509368896484,770.4525756835938,770.4508666992188,770.4508666992188,539.8419799804688,0,0,22.43779754638672,0.0010999999940395355,0.02200000174343586,0.03299999609589577,0.04399999603629112,5655.8173828125,114276.53125,0.0429663360118866,0,3.1392715754918754e-05,467.0362243652344,0,0.0002616529818624258,2.8350639695418067e-05,0,0,23.700000762939453,0,0,1600,0,50,0,0,0,50,50,200,0.0,0.0,0.0,0.0
257,157.84182739257812,309.2330017089844,325.474365234375,325.4258728027344,292.9923095703125,293.0408020019531,16515.818359375,33031.63671875,69.9919662475586,69.9920654296875,1716.092529296875,3421.139404296875,1722.0186767578125,3433.97705078125,284.15386962890625,60.994667053222656,4.562294179777382e-06,0,0,2575.733642578125,1296.6419677734375,0,22.444101333618164,2600.4736328125,11.83513069152832,11.840706825256348,870.6463623046875,1736.097412109375,50.072174072265625,50.08332443237305,96.0,0,0,346.19183349609375,0,7.924896240234375,20.71746826171875,20.765958786010742,0,1.034000039100647,0.9067617654800415,50,2.799999952316284,2.392448902130127,0,0,0,0,102.6184302368476,0,0,0,-0.007331959903240204,0.029052095487713814,-0.021700043231248856,2.0090723410248756e-05,96.137939453125,96.13581085205078,770.4559326171875,770.4542846679688,770.4542846679688,539.8436279296875,0,0,22.444101333618164,0.0010999999940395355,0.02200000174343586,0.03299999609589577,0.04399999603629112,5655.8173828125,114276.53125,0.0429663360118866,0,3.1392715754918754e-05,468.8570251464844,0,0.0002616529818624258,2.8350639695418067e-05,0,0,23.700000762939453,0,0,1600,0,50,0,0,0,50,50,200,0.0,0.0,0.0,0.0
258,157.8422088623047,309.2329406738281,325.47442626953125,325.42596435546875,292.99212646484375,293.04058837890625,16515.818359375,33031.63671875,69.99185943603516,69.99195861816406,1716.1776123046875,3421.31884765625,1722.0186767578125,3433.9775390625,284.153076171875,60.99263000488281,2.7404607862990815e-06,0,0,2575.732666015625,1296.6407470703125,0,22.454471588134766,2600.4931640625,11.83482837677002,11.840378761291504,870.6520385742188,1736.10888671875,50.068416595458984,50.07920837402344,96.0,0,0,346.1920166015625,0,7.924896240234375,20.71760368347168,20.76605987548828,0,1.034000039100647,0.9067617654800415,50,2.799999952316284,2.3924310207366943,0,0,0,0,102.51238142780679,0,0,0,-0.007326608989387751,0.02904675342142582,-0.021700043231248856,2.0099803805351257e-05,96.13866424560547,96.13652801513672,770.4593505859375,770.4576416015625,770.4576416015625,539.8453369140625,0,0,22.454471588134766,0.0010999999940395355,0.02200000174343586,0.03299999609589577,0.04399999603629112,5655.8173828125,114276.53125,0.0429663360118866,0,3.1392715754918754e-05,470.6778259277344,0,0.0002616529818624258,2.8350639695418067e-05,0,0,23.700000762939453,0,0,1600,0,50,0,0,0,50,50,200,0.0,0.0,0.0,0.0
259,157.8425750732422,309.23284912109375,325.4744873046875,325.426025390625,292.9919128417969,293.0403747558594,16515.818359375,33031.63671875,69.99175262451172,69.99185180664062,1716.2620849609375,3421.4990234375,1722.0162353515625,3433.9794921875,284.1522521972656,60.9906005859375,2.080643298540963e-06,0,0,2575.7314453125,1296.6397705078125,0,22.460752487182617,2600.5126953125,11.834528923034668,11.840054512023926,870.657470703125,1736.1229248046875,50.064659118652344,50.07514953613281,96.0,0,0,346.19219970703125,0,7.924896240234375,20.71770668029785,20.76616096496582,0,1.034000039100647,0.9067617654800415,50,2.799999952316284,2.3924129009246826,0,0,0,0,102.40634066617902,0,0,0,-0.007321257144212723,0.029041413217782974,-0.021700043231248856,2.0112376660108566e-05,96.13938903808594,96.13725280761719,770.4627075195312,770.4610595703125,770.4610595703125,539.846923828125,0,0,22.460752487182617,0.0010999999940395355,0.02200000174343586,0.03299999609589577,0.04399999603629112,5655.8173828125,114276.53125,0.0429663360118866,0,3.1392715754918754e-05,472.4986267089844,0,0.0002616529818624258,2.8350639695418067e-05,0,0,23.700000762939453,0,0,1600,0,50,0,0,0,50,50,200,0.0,0.0,0.0,0.0
260,157.8429412841797,309.2327880859375,325.47454833984375,325.4261169433594,292.99169921875,293.0401611328125,16515.818359375,33031.63671875,69.99163818359375,69.99173736572266,1716.346435546875,3421.677734375,1722.015625,3433.980224609375,284.1514587402344,60.98858642578125,3.7448569401021814e-06,0,0,2575.73046875,1296.6387939453125,0,22.466989517211914,2600.531982421875,11.834235191345215,11.839735984802246,870.6629028320312,1736.134765625,50.06095886230469,50.0711669921875,96.0,0,0,346.1924133300781,0,7.924896240234375,20.71784210205078,20.76629638671875,0,1.034000039100647,0.9067617654800415,50,2.799999952316284,2.392395257949829,0,0,0,0,102.3002918571382,0,0,0,-0.007315905764698982,0.02903607487678528,-0.021700043231248856,2.0124251022934914e-05,96.1401138305664,96.13796997070312,770.4661254882812,770.4644165039062,770.4644165039062,539.8486328125,0,0,22.466989517211914,0.0010999999940395355,0.02200000174343586,0.03299999609589577,0.04399999603629112,5655.8173828125,114276.53125,0.0429663360118866,0,3.1392715754918754e-05,474.3194274902344,0,0.0002616529818624258,2.8350639695418067e-05,0,0,23.700000762939453,0,0,1600,0,50,0,0,0,50,50,200,0.0,0.0,0.0,0.0
261,157.8433074951172,309.23272705078125,325.4746398925781,325.4261779785156,292.99151611328125,293.03997802734375,16515.818359375,33031.63671875,69.99153900146484,69.99163055419922,1716.4305419921875,3421.85546875,1722.016845703125,3433.979248046875,284.15069580078125,60.986572265625,-5.226664598012576e-06,0,0,2575.729248046875,1296.6378173828125,0,22.474544525146484,2600.5517578125,11.833944320678711,11.839422225952148,870.6696166992188,1736.1463623046875,50.05730056762695,50.06723403930664,96.0,0,0,346.1925964355469,0,7.924896240234375,20.71797752380371,20.76643180847168,0,1.034000039100647,0.9067617654800415,50,2.799999952316284,2.3923771381378174,0,0,0,0,102.19425109551044,0,0,0,-0.007310554850846529,0.029030732810497284,-0.021700043231248856,2.0133331418037415e-05,96.14083099365234,96.1386947631836,770.4695434570312,770.4678344726562,770.4678344726562,539.8502807617188,0,0,22.474544525146484,0.0010999999940395355,0.02200000174343586,0.03299999609589577,0.04399999603629112,5655.8173828125,114276.53125,0.0429663360118866,0,3.1392715754918754e-05,476.1402282714844,0,0.0002616529818624258,2.8350639695418067e-05,0,0,23.700000762939453,0,0,1600,0,50,0,0,0,50,50,200,0.0,0.0,0.0,0.0
262,157.84368896484375,309.232666015625,325.4747009277344,325.4262390136719,292.9913024902344,293.0397644042969,16515.818359375,33031.63671875,69.99142456054688,69.99152374267578,1716.514404296875,3422.033935546875,1722.0196533203125,3433.975830078125,284.14990234375,60.98456573486328,-2.4004355054785265e-06,0,0,2575.72802734375,1296.636962890625,0,22.482097625732422,2600.571044921875,11.833659172058105,11.839110374450684,870.6751708984375,1736.1578369140625,50.05374526977539,50.06331253051758,96.0,0,0,346.1927795410156,0,7.924896240234375,20.71807861328125,20.76653480529785,0,1.034000039100647,0.9067617654800415,50,2.799999952316284,2.3923592567443848,0,0,0,0,102.08820228646962,0,0,0,-0.0073052034713327885,0.02902539260685444,-0.021700043231248856,2.0145205780863762e-05,96.14156341552734,96.13941192626953,770.472900390625,770.47119140625,770.47119140625,539.8519897460938,0,0,22.482097625732422,0.0010999999940395355,0.02200000174343586,0.03299999609589577,0.04399999603629112,5655.8173828125,114276.53125,0.0429663360118866,0,3.1392715754918754e-05,477.9610290527344,0,0.0002616529818624258,2.8350639695418067e-05,0,0,23.700000762939453,0,0,1600,0,50,0,0,0,50,50,200,0.0,0.0,0.0,0.0
263,157.84405517578125,309.23260498046875,325.4747619628906,325.4263000488281,292.9910888671875,293.03955078125,16515.818359375,33031.63671875,69.99132537841797,69.99141693115234,1716.5975341796875,3422.211669921875,1722.015869140625,3433.97998046875,284.1490783691406,60.982566833496094,1.5878091517151915e-06,0,0,2575.72705078125,1296.635986328125,0,22.48826789855957,2600.5908203125,11.83337688446045,11.83880615234375,870.680419921875,1736.1695556640625,50.05015563964844,50.059513092041016,96.0,0,0,346.1929626464844,0,7.924896240234375,20.71821403503418,20.76667022705078,0,1.034000039100647,0.9067617654800415,50,2.799999952316284,2.392341136932373,0,0,0,0,101.98215347742881,0,0,0,-0.007299852557480335,0.029020050540566444,-0.021700043231248856,2.0154286175966263e-05,96.14229583740234,96.14013671875,770.476318359375,770.474609375,770.474609375,539.8535766601562,0,0,22.48826789855957,0.0010999999940395355,0.02200000174343586,0.03299999609589577,0.04399999603629112,5655.8173828125,114276.53125,0.0429663360118866,0,3.1392715754918754e-05,479.7818298339844,0,0.0002616529818624258,2.8350639695418067e-05,0,0,23.700000762939453,0,0,1600,0,50,0,0,0,50,50,200,0.0,0.0,0.0,0.0
264,157.84442138671875,309.2325134277344,325.4748229980469,325.4263610839844,292.99090576171875,293.03936767578125,16515.818359375,33031.63671875,69.9912109375,69.99130249023438,1716.6806640625,3422.387939453125,1722.0184326171875,3433.97705078125,284.1482849121094,60.98056411743164,4.9950463107961696e-06,0,0,2575.72607421875,1296.6346435546875,0,22.49575424194336,2600.610107421875,11.833100318908691,11.838504791259766,870.6859130859375,1736.1810302734375,50.04667663574219,50.055728912353516,96.0,0,0,346.1931457519531,0,7.924896240234375,20.71831703186035,20.76677131652832,0,1.034000039100647,0.9067617654800415,50,2.799999952316284,2.3923234939575195,0,0,0,0,101.87611271580104,0,0,0,-0.007294500712305307,0.02901471219956875,-0.021700043231248856,2.0166859030723572e-05,96.14301300048828,96.14085388183594,770.4796752929688,770.4779663085938,770.4779663085938,539.8552856445312,0,0,22.49575424194336,0.0010999999940395355,0.02200000174343586,0.03299999609589577,0.04399999603629112,5655.8173828125,114276.53125,0.0429663360118866,0,3.1392715754918754e-05,481.6026306152344,0,0.0002616529818624258,2.8350639695418067e-05,0,0,23.700000762939453,0,0,1600,0,50,0,0,0,50,50,200,0.0,0.0,0.0,0.0
265,157.84483337402344,309.2324523925781,325.474853515625,325.42645263671875,292.99072265625,293.0391540527344,16515.818359375,33031.63671875,69.99110412597656,69.99119567871094,1716.76318359375,3422.564208984375,1722.01806640625,3433.9775390625,284.14752197265625,60.97859191894531,2.4146099804056576e-06,0,0,2575.724609375,1296.6336669921875,0,22.499176025390625,2600.629638671875,11.832826614379883,11.838208198547363,870.6913452148438,1736.1925048828125,50.04323196411133,50.05200958251953,96.0,0,0,346.193359375,0,7.924896240234375,20.718486785888672,20.76690673828125,0,1.034000039100647,0.9067617654800415,50,2.799999952316284,2.392305374145508,0,0,0,0,101.76524350634928,0,0,0,-0.007289149332791567,0.029009370133280754,-0.021700043231248856,2.0175939425826073e-05,96.14374542236328,96.1415786743164,770.4830932617188,770.4813842773438,770.4813842773438,539.85693359375,0,0,22.499176025390625,0.0010999999940395355,0.02200000174343586,0.03299999609589577,0.04399999603629112,5655.8173828125,114276.53125,0.0429663360118866,0,3.1392715754918754e-05,483.4234313964844,0,0.0002616529818624258,2.8350639695418067e-05,0,0,23.700000762939453,0,0,1600,0,50,0,0,0,50,50,200,0.0,0.0,0.0,0.0
266,157.84523010253906,309.2323913574219,325.4748840332031,325.426513671875,292.9905700683594,293.0389404296875,16515.818359375,33031.63671875,69.99099731445312,69.9910888671875,1716.845703125,3422.739013671875,1722.0177001953125,3433.97802734375,284.146728515625,60.976619720458984,-1.6582607997861487e-07,0,0,2575.723876953125,1296.6326904296875,0,22.506572723388672,2600.649169921875,11.832558631896973,11.837916374206543,870.6967163085938,1736.203857421875,50.039859771728516,50.048336029052734,96.0,0,0,346.19354248046875,0,7.924896240234375,20.718656539916992,20.76704216003418,0,1.034000039100647,0.9067617654800415,50,2.799999952316284,2.392287492752075,0,0,0,0,101.64956194389961,0,0,0,-0.007283798418939114,0.02900402992963791,-0.021700043231248856,2.018781378865242e-05,96.14448547363281,96.14229583740234,770.4864501953125,770.4848022460938,770.4848022460938,539.858642578125,0,0,22.506572723388672,0.0010999999940395355,0.02200000174343586,0.03299999609589577,0.04399999603629112,5655.8173828125,114276.53125,0.0429663360118866,0,3.1392715754918754e-05,485.2442321777344,0,0.0002616529818624258,2.8350639695418067e-05,0,0,23.700000762939453,0,0,1600,0,50,0,0,0,50,50,200,0.0,0.0,0.0,0.0
267,157.84564208984375,309.2323303222656,325.4749450683594,325.4265441894531,292.9903869628906,293.0387878417969,16515.818359375,33031.63671875,69.99089050292969,69.99097442626953,1716.9276123046875,3422.91357421875,1722.0155029296875,3433.980224609375,284.1459655761719,60.97465896606445,-1.003238708108256e-06,0,0,2575.72265625,1296.6317138671875,0,22.511245727539062,2600.668701171875,11.832293510437012,11.837629318237305,870.7020874023438,1736.2178955078125,50.0365104675293,50.04472732543945,96.0,0,0,346.19378662109375,0,7.924896240234375,20.71885871887207,20.76724624633789,0,1.034000039100647,0.9067617654800415,50,2.799999952316284,2.3922693729400635,0,0,0,0,101.53387233403691,0,0,0,-0.007278447039425373,0.028998687863349915,-0.021700043231248856,2.019689418375492e-05,96.14521789550781,96.14302062988281,770.4899291992188,770.4881591796875,770.4881591796875,539.8602294921875,0,0,22.511245727539062,0.0010999999940395355,0.02200000174343586,0.03299999609589577,0.04399999603629112,5655.8173828125,114276.53125,0.0429663360118866,0,3.1392715754918754e-05,487.0650329589844,0,0.0002616529818624258,2.8350639695418067e-05,0,0,23.700000762939453,0,0,1600,0,50,0,0,0,50,50,200,0.0,0.0,0.0,0.0
268,157.84603881835938,309.23223876953125,325.4749755859375,325.42657470703125,292.990234375,293.0386047363281,16515.818359375,33031.63671875,69.99078369140625,69.99087524414062,1717.0101318359375,3423.086181640625,1722.0150146484375,3433.980712890625,284.14520263671875,60.97270965576172,-9.762815977865102e-08,0,0,2575.72119140625,1296.6307373046875,0,22.517236709594727,2600.6884765625,11.832033157348633,11.837347030639648,870.70751953125,1736.229248046875,50.03324890136719,50.04115676879883,96.0,0,0,346.1940002441406,0,7.924896240234375,20.71902847290039,20.76741600036621,0,1.034000039100647,0.9067617654800415,50,2.799999952316284,2.3922512531280518,0,0,0,0,101.41819077158725,0,0,0,-0.00727309612557292,0.028993243351578712,-0.021700043231248856,2.0102597773075104e-05,96.14594268798828,96.14375305175781,770.4933471679688,770.4916381835938,770.4916381835938,539.8619384765625,0,0,22.517236709594727,0.0010999999940395355,0.02200000174343586,0.03299999609589577,0.04399999603629112,5655.8173828125,114276.53125,0.0429663360118866,0,3.1392715754918754e-05,488.8858337402344,0,0.0002616529818624258,2.8350639695418067e-05,0,0,23.700000762939453,0,0,1600,0,50,0,0,0,50,50,200,0.0,0.0,0.0,0.0
269,157.84645080566406,309.232177734375,325.4750061035156,325.4266052246094,292.99005126953125,293.0384521484375,16515.818359375,33031.63671875,69.99067687988281,69.99076843261719,1717.0914306640625,3423.25927734375,1722.0177001953125,3433.97802734375,284.1444091796875,60.970760345458984,8.079824738160823e-07,0,0,2575.72021484375,1296.629638671875,0,22.52454376220703,2600.7080078125,11.831777572631836,11.837067604064941,870.7128295898438,1736.24072265625,50.03001403808594,50.03764724731445,96.0,0,0,346.1941833496094,0,7.924896240234375,20.71919822692871,20.76758575439453,0,1.034000039100647,0.9067617654800415,50,2.799999952316284,2.39223313331604,0,0,0,0,101.30250116172455,0,0,0,-0.007267744746059179,0.028987901285290718,-0.021700043231248856,2.0111678168177605e-05,96.14666748046875,96.14447784423828,770.4967041015625,770.4949951171875,770.4949951171875,539.8636474609375,0,0,22.52454376220703,0.0010999999940395355,0.02200000174343586,0.03299999609589577,0.04399999603629112,5655.8173828125,114276.53125,0.0429663360118866,0,3.1392715754918754e-05,490.7066345214844,0,0.0002616529818624258,2.8350639695418067e-05,0,0,23.700000762939453,0,0,1600,0,50,0,0,0,50,50,200,0.0,0.0,0.0,0.0
270,157.8468475341797,309.23211669921875,325.47503662109375,325.4266357421875,292.9898681640625,293.03826904296875,16515.818359375,33031.63671875,69.99057006835938,69.99065399169922,1717.1715087890625,3423.432373046875,1722.01708984375,3433.978759765625,284.1436462402344,60.96882247924805,3.456616241237498e-06,0,0,2575.718994140625,1296.6287841796875,0,22.53049087524414,2600.7275390625,11.831524848937988,11.836792945861816,870.7179565429688,1736.2520751953125,50.02678680419922,50.03421401977539,96.0,0,0,346.19439697265625,0,7.924896240234375,20.71936798095703,20.76775550842285,0,1.034000039100647,0.9067617654800415,50,2.799999952316284,2.3922154903411865,0,0,0,0,101.18681155186184,0,0,0,-0.007262393832206726,0.028982561081647873,-0.021700043231248856,2.0123552531003952e-05,96.14739227294922,96.14519500732422,770.5001831054688,770.4984130859375,770.4984130859375,539.865234375,0,0,22.53049087524414,0.0010999999940395355,0.02200000174343586,0.03299999609589577,0.04399999603629112,5655.8173828125,114276.53125,0.0429663360118866,0,3.1392715754918754e-05,492.5274353027344,0,0.0002616529818624258,2.8350639695418067e-05,0,0,23.700000762939453,0,0,1600,0,50,0,0,0,50,50,200,0.0,0.0,0.0,0.0
271,157.84725952148438,309.2320556640625,325.4750671386719,325.4266662597656,292.9897155761719,293.0380859375,16515.818359375,33031.63671875,69.9904556274414,69.99055480957031,1717.252197265625,3423.603271484375,1722.0184326171875,3433.97705078125,284.14288330078125,60.966896057128906,-2.7874614261236275e-06,0,0,2575.717529296875,1296.6275634765625,0,22.53775405883789,2600.74755859375,11.831276893615723,11.836523056030273,870.7246704101562,1736.26318359375,50.023677825927734,50.030792236328125,96.0,0,0,346.1946105957031,0,7.924896240234375,20.71953773498535,20.767925262451172,0,1.034000039100647,0.9067617654800415,50,2.799999952316284,2.3921968936920166,0,0,0,0,101.07112998941219,0,0,0,-0.0072570424526929855,0.028977112844586372,-0.021700043231248856,2.002646215260029e-05,96.14811706542969,96.14593505859375,770.5035400390625,770.5018920898438,770.5018920898438,539.866943359375,0,0,22.53775405883789,0.0010999999940395355,0.02200000174343586,0.03299999609589577,0.04399999603629112,5655.8173828125,114276.53125,0.0429663360118866,0,3.1392715754918754e-05,494.3482360839844,0,0.0002616529818624258,2.8350639695418067e-05,0,0,23.700000762939453,0,0,1600,0,50,0,0,0,50,50,200,0.0,0.0,0.0,0.0
272,157.84765625,309.23199462890625,325.47509765625,325.4267578125,292.9895324707031,293.03790283203125,16515.818359375,33031.63671875,69.9903564453125,69.99044036865234,1717.3314208984375,3423.775390625,1722.0177001953125,3433.97802734375,284.1421203613281,60.9649772644043,2.766211537164054e-06,0,0,2575.716552734375,1296.626708984375,0,22.544973373413086,2600.766845703125,11.831033706665039,11.836256980895996,870.729736328125,1736.2745361328125,50.020565032958984,50.0274543762207,96.0,0,0,346.1947937011719,0,7.924896240234375,20.719707489013672,20.7680606842041,0,1.034000039100647,0.9067617654800415,50,2.799999952316284,2.392179012298584,0,0,0,0,100.95544037954947,0,0,0,-0.007251691538840532,0.028971770778298378,-0.021700043231248856,2.003554254770279e-05,96.1488265991211,96.14665222167969,770.5069580078125,770.5052490234375,770.5052490234375,539.86865234375,0,0,22.544973373413086,0.0010999999940395355,0.02200000174343586,0.03299999609589577,0.04399999603629112,5655.8173828125,114276.53125,0.0429663360118866,0,3.1392715754918754e-05,496.1690368652344,0,0.0002616529818624258,2.8350639695418067e-05,0,0,23.700000762939453,0,0,1600,0,50,0,0,0,50,50,200,0.0,0.0,0.0,0.0
273,157.84805297851562,309.2319030761719,325.4751892089844,325.4268493652344,292.98931884765625,293.03765869140625,16515.818359375,33031.63671875,69.99024963378906,69.9903335571289,1717.4112548828125,3423.9453125,1722.0140380859375,3433.9814453125,284.141357421875,60.96306610107422,-1.1538354556250852e-06,0,0,2575.715087890625,1296.625732421875,0,22.55080795288086,2600.78662109375,11.830793380737305,11.835996627807617,870.735107421875,1736.28564453125,50.01752471923828,50.02416229248047,96.0,0,0,346.19500732421875,0,7.924896240234375,20.71980857849121,20.76816177368164,0,1.034000039100647,0.9067617654800415,50,2.799999952316284,2.3921611309051514,0,0,0,0,100.8397588170998,0,0,0,-0.0072463396936655045,0.028966432437300682,-0.021700043231248856,2.0048115402460098e-05,96.1495361328125,96.14737701416016,770.5103149414062,770.5086669921875,770.5086669921875,539.8703002929688,0,0,22.55080795288086,0.0010999999940395355,0.02200000174343586,0.03299999609589577,0.04399999603629112,5655.8173828125,114276.53125,0.0429663360118866,0,3.1392715754918754e-05,497.9898376464844,0,0.0002616529818624258,2.8350639695418067e-05,0,0,23.700000762939453,0,0,1600,0,50,0,0,0,50,50,200,0.0,0.0,0.0,0.0
274,157.84849548339844,309.2318420410156,325.47528076171875,325.4269104003906,292.9891052246094,293.0374450683594,16515.818359375,33031.63671875,69.99014282226562,69.990234375,1717.4903564453125,3424.113525390625,1722.0198974609375,3433.975830078125,284.140625,60.96116256713867,-3.911866770067718e-06,0,0,2575.7138671875,1296.624755859375,0,22.55661964416504,2600.805908203125,11.830558776855469,11.835740089416504,870.7401733398438,1736.296875,50.0145378112793,50.02092361450195,96.0,0,0,346.1952209472656,0,7.924896240234375,20.71994400024414,20.76829719543457,0,1.034000039100647,0.9067617654800415,50,2.799999952316284,2.3921432495117188,0,0,0,0,100.71924880682616,0,0,0,-0.007240988314151764,0.028961092233657837,-0.021700043231248856,2.0059989765286446e-05,96.15026092529297,96.1480941772461,770.5137329101562,770.5120239257812,770.5120239257812,539.8719482421875,0,0,22.55661964416504,0.0010999999940395355,0.02200000174343586,0.03299999609589577,0.04399999603629112,5655.8173828125,114276.53125,0.0429663360118866,0,3.1392715754918754e-05,499.8106384277344,0,0.0002616529818624258,2.8350639695418067e-05,0,0,23.700000762939453,0,0,1600,0,50,0,0,0,50,50,200,0.0,0.0,0.0,0.0
275,157.84893798828125,309.2317810058594,325.475341796875,325.4269714355469,292.9888916015625,293.0372619628906,16515.818359375,33031.63671875,69.99003601074219,69.99012756347656,1717.5693359375,3424.28125,1722.0194091796875,3433.976318359375,284.139892578125,60.95927810668945,-3.7648590023309225e-06,0,0,2575.712890625,1296.623779296875,0,22.56102180480957,2600.825439453125,11.830326080322266,11.835488319396973,870.7455444335938,1736.3079833984375,50.01158905029297,50.01774597167969,96.0,0,0,346.1954650878906,0,7.924896240234375,20.72011375427246,20.76846694946289,0,1.034000039100647,0.9067617654800415,50,2.799999952316284,2.392125129699707,0,0,0,0,100.59392644355461,0,0,0,-0.007235637400299311,0.028955750167369843,-0.021700043231248856,2.0069070160388947e-05,96.1509780883789,96.14881896972656,770.5171508789062,770.5154418945312,770.5154418945312,539.8735961914062,0,0,22.56102180480957,0.0010999999940395355,0.02200000174343586,0.03299999609589577,0.04399999603629112,5655.8173828125,114276.53125,0.0429663360118866,0,3.1392715754918754e-05,501.6314392089844,0,0.0002616529818624258,2.8350639695418067e-05,0,0,23.700000762939453,0,0,1600,0,50,0,0,0,50,50,200,0.0,0.0,0.0,0.0
276,157.84938049316406,309.2317199707031,325.4753723144531,325.42706298828125,292.9887390136719,293.03704833984375,16515.818359375,33031.63671875,69.98993682861328,69.99002075195312,1717.647705078125,3424.44873046875,1722.0189208984375,3433.976806640625,284.1391296386719,60.957401275634766,-2.4558357836212963e-06,0,0,2575.71142578125,1296.622802734375,0,22.566722869873047,2600.844970703125,11.830098152160645,11.83523941040039,870.7506103515625,1736.3189697265625,50.008689880371094,50.01460266113281,96.0,0,0,346.1956787109375,0,7.924896240234375,20.720317840576172,20.76863670349121,0,1.034000039100647,0.9067617654800415,50,2.799999952316284,2.3921074867248535,0,0,0,0,100.46859603287001,0,0,0,-0.00723028602078557,0.028950411826372147,-0.021700043231248856,2.0080944523215294e-05,96.15170288085938,96.1495361328125,770.5205078125,770.518798828125,770.518798828125,539.8753051757812,0,0,22.566722869873047,0.0010999999940395355,0.02200000174343586,0.03299999609589577,0.04399999603629112,5655.8173828125,114276.53125,0.0429663360118866,0,3.1392715754918754e-05,503.4522399902344,0,0.0002616529818624258,2.8350639695418067e-05,0,0,23.700000762939453,0,0,1600,0,50,0,0,0,50,50,200,0.0,0.0,0.0,0.0
277,157.8498077392578,309.23162841796875,325.47540283203125,325.4270935058594,292.9885559082031,293.036865234375,16515.818359375,33031.63671875,69.98983001708984,69.98991394042969,1717.7259521484375,3424.614501953125,1722.0155029296875,3433.980224609375,284.1383972167969,60.955535888671875,5.962108389212517e-07,0,0,2575.7099609375,1296.621826171875,0,22.573762893676758,2600.864501953125,11.829874992370605,11.83499526977539,870.755859375,1736.329833984375,50.00587844848633,50.011497497558594,96.0,0,0,346.1958923339844,0,7.924896240234375,20.720487594604492,20.76880645751953,0,1.034000039100647,0.9067617654800415,50,2.799999952316284,2.392089366912842,0,0,0,0,100.34327366959846,0,0,0,-0.007224935106933117,0.028945069760084152,-0.021700043231248856,2.0090024918317795e-05,96.15241241455078,96.15026092529297,770.52392578125,770.522216796875,770.522216796875,539.876953125,0,0,22.573762893676758,0.0010999999940395355,0.02200000174343586,0.03299999609589577,0.04399999603629112,5655.8173828125,114276.53125,0.0429663360118866,0,3.1392715754918754e-05,505.2730407714844,0,0.0002616529818624258,2.8350639695418067e-05,0,0,23.700000762939453,0,0,1600,0,50,0,0,0,50,50,200,0.0,0.0,0.0,0.0
278,157.85025024414062,309.2315673828125,325.4754638671875,325.4271545410156,292.98834228515625,293.03668212890625,16515.818359375,33031.63671875,69.9897232055664,69.98980712890625,1717.8040771484375,3424.779052734375,1722.014892578125,3433.980712890625,284.13763427734375,60.95366668701172,3.067249508603709e-06,0,0,2575.708740234375,1296.620849609375,0,22.582122802734375,2600.884033203125,11.8296537399292,11.834755897521973,870.7609252929688,1736.3409423828125,50.00305938720703,50.00846862792969,96.0,0,0,346.1961364746094,0,7.924896240234375,20.72065544128418,20.76897621154785,0,1.034000039100647,0.9067617654800415,50,2.799999952316284,2.392071485519409,0,0,0,0,100.21794325891386,0,0,0,-0.007219583727419376,0.028939729556441307,-0.021700043231248856,2.0101899281144142e-05,96.15314483642578,96.1509780883789,770.5272827148438,770.5255737304688,770.5255737304688,539.8786010742188,0,0,22.582122802734375,0.0010999999940395355,0.02200000174343586,0.03299999609589577,0.04399999603629112,5655.8173828125,114276.53125,0.0429663360118866,0,3.1392715754918754e-05,507.0938415527344,0,0.0002616529818624258,2.8350639695418067e-05,0,0,23.700000762939453,0,0,1600,0,50,0,0,0,50,50,200,0.0,0.0,0.0,0.0
279,157.85069274902344,309.23150634765625,325.4754943847656,325.42718505859375,292.9881896972656,293.0364990234375,16515.818359375,33031.63671875,69.98961639404297,69.98970031738281,1717.8812255859375,3424.943359375,1722.0174560546875,3433.978271484375,284.1369323730469,60.95181655883789,-2.192407919210382e-06,0,0,2575.70751953125,1296.61962890625,0,22.585050582885742,2600.903564453125,11.829439163208008,11.83452033996582,870.7659912109375,1736.351806640625,50.00031661987305,50.00547790527344,96.0,0,0,346.1963806152344,0,7.924896240234375,20.72085952758789,20.76917839050293,0,1.034000039100647,0.9067617654800415,50,2.799999952316284,2.3920533657073975,0,0,0,0,100.09261284822927,0,0,0,-0.007214232813566923,0.028934387490153313,-0.021700043231248856,2.0110979676246643e-05,96.15386199951172,96.15170288085938,770.5307006835938,770.5289916992188,770.5289916992188,539.8802490234375,0,0,22.585050582885742,0.0010999999940395355,0.02200000174343586,0.03299999609589577,0.04399999603629112,5655.8173828125,114276.53125,0.0429663360118866,0,3.1392715754918754e-05,508.9146423339844,0,0.0002616529818624258,2.8350639695418067e-05,0,0,23.700000762939453,0,0,1600,0,50,0,0,0,50,50,200,0.0,0.0,0.0,0.0
280,157.8511199951172,309.2314453125,325.4755554199219,325.4272155761719,292.9880065917969,293.0363464355469,16515.818359375,33031.63671875,69.98950958251953,69.98959350585938,1717.95751953125,3425.106689453125,1722.0155029296875,3433.980224609375,284.13616943359375,60.949974060058594,4.345685283624334e-06,0,0,2575.706298828125,1296.61865234375,0,22.59197998046875,2600.9228515625,11.82922649383545,11.834288597106934,870.7711791992188,1736.3651123046875,49.99760437011719,50.00254440307617,96.0,0,0,346.1965637207031,0,7.924896240234375,20.72102928161621,20.76934814453125,0,1.034000039100647,0.9067617654800415,50,2.799999952316284,2.392035722732544,0,0,0,0,99.96729048495772,0,0,0,-0.007208881434053183,0.028929049149155617,-0.021700043231248856,2.012285403907299e-05,96.15458679199219,96.15242004394531,770.5340576171875,770.5324096679688,770.5324096679688,539.8819580078125,0,0,22.59197998046875,0.0010999999940395355,0.02200000174343586,0.03299999609589577,0.04399999603629112,5655.8173828125,114276.53125,0.0429663360118866,0,3.1392715754918754e-05,510.7354431152344,0,0.0002616529818624258,2.8350639695418067e-05,0,0,23.700000762939453,0,0,1600,0,50,0,0,0,50,50,200,0.0,0.0,0.0,0.0
281,157.8515625,309.23138427734375,325.4755859375,325.42724609375,292.98785400390625,293.0361633300781,16515.818359375,33031.63671875,69.9894027709961,69.98948669433594,1718.0333251953125,3425.26904296875,1722.017822265625,3433.9775390625,284.1354675292969,60.94813919067383,1.4100588714427431e-06,0,0,2575.704833984375,1296.6177978515625,0,22.597522735595703,2600.942626953125,11.829019546508789,11.834061622619629,870.7761840820312,1736.3760986328125,49.99495315551758,49.999664306640625,96.0,0,0,346.1968078613281,0,7.924896240234375,20.721233367919922,20.76955223083496,0,1.034000039100647,0.9067617654800415,50,2.799999952316284,2.3920176029205322,0,0,0,0,99.84196007427312,0,0,0,-0.007203530520200729,0.028923707082867622,-0.021700043231248856,2.013193443417549e-05,96.15531158447266,96.15314483642578,770.5374755859375,770.5357666015625,770.5357666015625,539.883544921875,0,0,22.597522735595703,0.0010999999940395355,0.02200000174343586,0.03299999609589577,0.04399999603629112,5655.8173828125,114276.53125,0.0429663360118866,0,3.1392715754918754e-05,512.5562744140625,0,0.0002616529818624258,2.8350639695418067e-05,0,0,23.700000762939453,0,0,1600,0,50,0,0,0,50,50,200,0.0,0.0,0.0,0.0
282,157.85202026367188,309.2312927246094,325.47564697265625,325.4273376464844,292.9876403808594,293.03594970703125,16515.818359375,33031.63671875,69.98929595947266,69.9893798828125,1718.108642578125,3425.430419921875,1722.0174560546875,3433.97802734375,284.1347351074219,60.94630813598633,-9.445597015655949e-07,0,0,2575.703369140625,1296.6168212890625,0,22.603044509887695,2600.9619140625,11.828814506530762,11.83383846282959,870.78125,1736.38671875,49.992340087890625,49.996829986572266,96.0,0,0,346.197021484375,0,7.924896240234375,20.72136878967285,20.76968765258789,0,1.034000039100647,0.9067617654800415,50,2.799999952316284,2.3919997215270996,0,0,0,0,99.71663771100157,0,0,0,-0.007198179140686989,0.028918366879224777,-0.021700043231248856,2.014380879700184e-05,96.1560287475586,96.15386199951172,770.5408325195312,770.5391845703125,770.5391845703125,539.88525390625,0,0,22.603044509887695,0.0010999999940395355,0.02200000174343586,0.03299999609589577,0.04399999603629112,5655.8173828125,114276.53125,0.0429663360118866,0,3.1392715754918754e-05,514.3770751953125,0,0.0002616529818624258,2.8350639695418067e-05,0,0,23.700000762939453,0,0,1600,0,50,0,0,0,50,50,200,0.0,0.0,0.0,0.0
283,157.8524932861328,309.2312316894531,325.4757080078125,325.4273986816406,292.9874267578125,293.0357666015625,16515.818359375,33031.63671875,69.98918914794922,69.98927307128906,1718.18359375,3425.590576171875,1722.01708984375,3433.978271484375,284.1340026855469,60.94450378417969,7.678760880480695e-07,0,0,2575.7021484375,1296.615966796875,0,22.607177734375,2600.9814453125,11.828614234924316,11.833620071411133,870.7862548828125,1736.3974609375,49.989776611328125,49.994049072265625,96.0,0,0,346.1972351074219,0,7.924896240234375,20.721538543701172,20.76985740661621,0,1.034000039100647,0.9067617654800415,50,2.799999952316284,2.391981840133667,0,0,0,0,99.58166649949507,0,0,0,-0.007192828226834536,0.028913024812936783,-0.021700043231248856,2.015288919210434e-05,96.1567611694336,96.15457916259766,770.5442504882812,770.5425415039062,770.5425415039062,539.8869018554688,0,0,22.607177734375,0.0010999999940395355,0.02200000174343586,0.03299999609589577,0.04399999603629112,5655.8173828125,114276.53125,0.0429663360118866,0,3.1392715754918754e-05,516.1978759765625,0,0.0002616529818624258,2.8350639695418067e-05,0,0,23.700000762939453,0,0,1600,0,50,0,0,0,50,50,200,0.0,0.0,0.0,0.0
284,157.85296630859375,309.2311706542969,325.4757385253906,325.42742919921875,292.9872741699219,293.03558349609375,16515.818359375,33031.63671875,69.98908996582031,69.98917388916016,1718.258056640625,3425.75048828125,1722.0167236328125,3433.978759765625,284.13330078125,60.94270324707031,3.0613198305218248e-06,0,0,2575.700927734375,1296.614990234375,0,22.613950729370117,2601.0009765625,11.828417778015137,11.833404541015625,870.791259765625,1736.4080810546875,49.98725509643555,49.99131393432617,96.0,0,0,346.197509765625,0,7.924896240234375,20.72177505493164,20.77009391784668,0,1.034000039100647,0.9067617654800415,50,2.799999952316284,2.3919639587402344,0,0,0,0,99.44670333540162,0,0,0,-0.00718747777864337,0.028907686471939087,-0.021700043231248856,2.0164065062999725e-05,96.15748596191406,96.15530395507812,770.5476684570312,770.5459594726562,770.5459594726562,539.8886108398438,0,0,22.613950729370117,0.0010999999940395355,0.02200000174343586,0.03299999609589577,0.04399999603629112,5655.8173828125,114276.53125,0.0429663360118866,0,3.1392715754918754e-05,518.0186767578125,0,0.0002616529818624258,2.8350639695418067e-05,0,0,23.700000762939453,0,0,1600,0,50,0,0,0,50,50,200,0.0,0.0,0.0,0.0
285,157.85342407226562,309.2311096191406,325.4757995605469,325.427490234375,292.987060546875,293.035400390625,16515.818359375,33031.63671875,69.98898315429688,69.98906707763672,1718.3328857421875,3425.907958984375,1722.0133056640625,3433.982421875,284.1325988769531,60.940914154052734,-3.5379484870645683e-06,0,0,2575.699462890625,1296.614013671875,0,22.619338989257812,2601.020263671875,11.828225135803223,11.833194732666016,870.7962646484375,1736.418701171875,49.98480987548828,49.988616943359375,96.0,0,0,346.19775390625,0,7.924896240234375,20.72194480895996,20.770263671875,0,1.034000039100647,0.9067617654800415,50,2.799999952316284,2.3919460773468018,0,0,0,0,99.31173212389514,0,0,0,-0.007182126399129629,0.028902344405651093,-0.021700043231248856,2.0173145458102226e-05,96.1582260131836,96.15602111816406,770.5510864257812,770.54931640625,770.54931640625,539.8901977539062,0,0,22.619338989257812,0.0010999999940395355,0.02200000174343586,0.03299999609589577,0.04399999603629112,5655.8173828125,114276.53125,0.0429663360118866,0,3.1392715754918754e-05,519.8394775390625,0,0.0002616529818624258,2.8350639695418067e-05,0,0,23.700000762939453,0,0,1600,0,50,0,0,0,50,50,200,0.0,0.0,0.0,0.0
286,157.85389709472656,309.23101806640625,325.4758605957031,325.42755126953125,292.9869079589844,293.0351867675781,16515.818359375,33031.63671875,69.98888397216797,69.98896789550781,1718.4061279296875,3426.065673828125,1722.0155029296875,3433.97998046875,284.13189697265625,60.93914031982422,2.8225495043443516e-06,0,0,2575.69775390625,1296.6131591796875,0,22.62468147277832,2601.040283203125,11.828036308288574,11.832987785339355,870.8010864257812,1736.4293212890625,49.98234939575195,49.98598861694336,96.0,0,0,346.197998046875,0,7.924896240234375,20.722148895263672,20.77043342590332,0,1.034000039100647,0.9067617654800415,50,2.799999952316284,2.391927719116211,0,0,0,0,99.17676895980169,0,0,0,-0.007176775485277176,0.02889689803123474,-0.021700043231248856,2.007884904742241e-05,96.158935546875,96.1567611694336,770.5545043945312,770.5527954101562,770.5527954101562,539.8919067382812,0,0,22.62468147277832,0.0010999999940395355,0.02200000174343586,0.03299999609589577,0.04399999603629112,5655.8173828125,114276.53125,0.0429663360118866,0,3.1392715754918754e-05,521.6602783203125,0,0.0002616529818624258,2.8350639695418067e-05,0,0,23.700000762939453,0,0,1600,0,50,0,0,0,50,50,200,0.0,0.0,0.0,0.0
287,157.8543701171875,309.23095703125,325.47589111328125,325.4276428222656,292.9867248535156,293.03497314453125,16515.818359375,33031.63671875,69.98878479003906,69.98886108398438,1718.4794921875,3426.2216796875,1722.016845703125,3433.978759765625,284.1311950683594,60.93737030029297,-8.7167990159287e-07,0,0,2575.6962890625,1296.6121826171875,0,22.6313419342041,2601.059814453125,11.827851295471191,11.832785606384277,870.8060913085938,1736.437255859375,49.980003356933594,49.9833869934082,96.0,0,0,346.1982421875,0,7.924896240234375,20.72235107421875,20.77060317993164,0,1.034000039100647,0.9067617654800415,50,2.799999952316284,2.3919098377227783,0,0,0,0,99.04179774829521,0,0,0,-0.007171424105763435,0.028891555964946747,-0.021700043231248856,2.008792944252491e-05,96.15965270996094,96.15747833251953,770.557861328125,770.5562133789062,770.5562133789062,539.8936157226562,0,0,22.6313419342041,0.0010999999940395355,0.02200000174343586,0.03299999609589577,0.04399999603629112,5655.8173828125,114276.53125,0.0429663360118866,0,3.1392715754918754e-05,523.4810791015625,0,0.0002616529818624258,2.8350639695418067e-05,0,0,23.700000762939453,0,0,1600,0,50,0,0,0,50,50,200,0.0,0.0,0.0,0.0
288,157.85484313964844,309.23089599609375,325.4759521484375,325.4277038574219,292.98651123046875,293.0347900390625,16515.818359375,33031.63671875,69.98867797851562,69.98876190185547,1718.552490234375,3426.3759765625,1722.0150146484375,3433.980224609375,284.1304931640625,60.935604095458984,-3.9849014683568384e-06,0,0,2575.6953125,1296.611083984375,0,22.63797950744629,2601.079345703125,11.827670097351074,11.832586288452148,870.8111572265625,1736.4500732421875,49.97770309448242,49.980831146240234,96.0,0,0,346.1984558105469,0,7.924896240234375,20.72252082824707,20.77077293395996,0,1.034000039100647,0.9067617654800415,50,2.799999952316284,2.3918917179107666,0,0,0,0,98.90683458420176,0,0,0,-0.007166073191910982,0.02888621762394905,-0.021700043231248856,2.0099803805351257e-05,96.1603775024414,96.158203125,770.561279296875,770.5595703125,770.5595703125,539.895263671875,0,0,22.63797950744629,0.0010999999940395355,0.02200000174343586,0.03299999609589577,0.04399999603629112,5655.8173828125,114276.53125,0.0429663360118866,0,3.1392715754918754e-05,525.3018798828125,0,0.0002616529818624258,2.8350639695418067e-05,0,0,23.700000762939453,0,0,1600,0,50,0,0,0,50,50,200,0.0,0.0,0.0,0.0
289,157.85533142089844,309.2308349609375,325.47601318359375,325.4277648925781,292.986328125,293.0345764160156,16515.818359375,33031.63671875,69.98857116699219,69.98865509033203,1718.623779296875,3426.530029296875,1722.0174560546875,3433.978271484375,284.12982177734375,60.93385314941406,-4.774091848958051e-06,0,0,2575.69384765625,1296.6102294921875,0,22.640504837036133,2601.098876953125,11.827493667602539,11.832390785217285,870.8157958984375,1736.4605712890625,49.97538375854492,49.97834777832031,96.0,0,0,346.1986999511719,0,7.924896240234375,20.72269058227539,20.77094268798828,0,1.034000039100647,0.9067617654800415,50,2.799999952316284,2.391873836517334,0,0,0,0,98.77186337269526,0,0,0,-0.007160721812397242,0.028880875557661057,-0.021700043231248856,2.0108884200453758e-05,96.16110229492188,96.15892028808594,770.5646362304688,770.56298828125,770.56298828125,539.8969116210938,0,0,22.640504837036133,0.0010999999940395355,0.02200000174343586,0.03299999609589577,0.04399999603629112,5655.8173828125,114276.53125,0.0429663360118866,0,3.1392715754918754e-05,527.1226806640625,0,0.0002616529818624258,2.8350639695418067e-05,0,0,23.700000762939453,0,0,1600,0,50,0,0,0,50,50,200,0.0,0.0,0.0,0.0
290,157.8558349609375,309.23077392578125,325.47607421875,325.4278259277344,292.9861145019531,293.03436279296875,16515.818359375,33031.63671875,69.98847198486328,69.9885482788086,1718.6949462890625,3426.68408203125,1722.01708984375,3433.978759765625,284.1291198730469,60.93212890625,-1.4962280374675174e-06,0,0,2575.692138671875,1296.6092529296875,0,22.644350051879883,2601.118408203125,11.827319145202637,11.832199096679688,870.8206787109375,1736.470947265625,49.9731330871582,49.97589111328125,96.0,0,0,346.198974609375,0,7.924896240234375,20.7228946685791,20.771146774291992,0,1.034000039100647,0.9067617654800415,50,2.799999952316284,2.3918559551239014,0,0,0,0,98.62725940777993,0,0,0,-0.007155370898544788,0.02887553535401821,-0.021700043231248856,2.0120758563280106e-05,96.16181945800781,96.1596450805664,770.5680541992188,770.5663452148438,770.5663452148438,539.8985595703125,0,0,22.644350051879883,0.0010999999940395355,0.02200000174343586,0.03299999609589577,0.04399999603629112,5655.8173828125,114276.53125,0.0429663360118866,0,3.1392715754918754e-05,528.9434814453125,0,0.0002616529818624258,2.8350639695418067e-05,0,0,23.700000762939453,0,0,1600,0,50,0,0,0,50,50,200,0.0,0.0,0.0,0.0
291,157.85633850097656,309.2306823730469,325.4761657714844,325.4278869628906,292.98590087890625,293.0341796875,16515.818359375,33031.63671875,69.98836517333984,69.98844146728516,1718.7657470703125,3426.8359375,1722.0152587890625,3433.980224609375,284.12841796875,60.9304084777832,2.362643726883107e-06,0,0,2575.690673828125,1296.6082763671875,0,22.65217399597168,2601.1376953125,11.827150344848633,11.832012176513672,870.8256225585938,1736.478515625,49.97098159790039,49.97347640991211,96.0,0,0,346.19921875,0,7.924896240234375,20.723064422607422,20.77131462097168,0,1.034000039100647,0.9067617654800415,50,2.799999952316284,2.3918380737304688,0,0,0,0,98.48264739545155,0,0,0,-0.007150019519031048,0.028870193287730217,-0.021700043231248856,2.0129838958382607e-05,96.16255187988281,96.16036224365234,770.5714721679688,770.5697631835938,770.5697631835938,539.9002685546875,0,0,22.65217399597168,0.0010999999940395355,0.02200000174343586,0.03299999609589577,0.04399999603629112,5655.8173828125,114276.53125,0.0429663360118866,0,3.1392715754918754e-05,530.7642822265625,0,0.0002616529818624258,2.8350639695418067e-05,0,0,23.700000762939453,0,0,1600,0,50,0,0,0,50,50,200,0.0,0.0,0.0,0.0
292,157.85684204101562,309.2306213378906,325.4762268066406,325.427978515625,292.9857177734375,293.0339660644531,16515.818359375,33031.63671875,69.98826599121094,69.98834228515625,1718.8363037109375,3426.98583984375,1722.017822265625,3433.97802734375,284.1277770996094,60.92870330810547,-2.090188672809745e-06,0,0,2575.68896484375,1296.607177734375,0,22.657268524169922,2601.157470703125,11.826983451843262,11.831829071044922,870.830322265625,1736.489013671875,49.96881103515625,49.971134185791016,96.0,0,0,346.1994934082031,0,7.924896240234375,20.7232666015625,20.77151870727539,0,1.034000039100647,0.9067617654800415,50,2.799999952316284,2.391819953918457,0,0,0,0,98.33804343053622,0,0,0,-0.007144668605178595,0.02886485494673252,-0.021700043231248856,2.0141713321208954e-05,96.16328430175781,96.16108703613281,770.5748901367188,770.5731201171875,770.5731201171875,539.90185546875,0,0,22.657268524169922,0.0010999999940395355,0.02200000174343586,0.03299999609589577,0.04399999603629112,5655.8173828125,114276.53125,0.0429663360118866,0,3.1392715754918754e-05,532.5850830078125,0,0.0002616529818624258,2.8350639695418067e-05,0,0,23.700000762939453,0,0,1600,0,50,0,0,0,50,50,200,0.0,0.0,0.0,0.0
293,157.8573455810547,309.2305603027344,325.47625732421875,325.4280090332031,292.98553466796875,293.0337829589844,16515.818359375,33031.63671875,69.9881591796875,69.98823547363281,1718.9052734375,3427.135986328125,1722.015625,3433.980224609375,284.1270751953125,60.927001953125,4.673721832659794e-06,0,0,2575.6875,1296.6065673828125,0,22.66229820251465,2601.17724609375,11.826820373535156,11.831650733947754,870.8349609375,1736.5015869140625,49.96666717529297,49.968841552734375,96.0,0,0,346.19976806640625,0,7.924896240234375,20.7235050201416,20.771757125854492,0,1.034000039100647,0.9067617654800415,50,2.799999952316284,2.3918018341064453,0,0,0,0,98.19343946562087,0,0,0,-0.007139318156987429,0.02885940670967102,-0.021700043231248856,2.004392445087433e-05,96.16400146484375,96.16181945800781,770.5783081054688,770.5765991210938,770.5765991210938,539.903564453125,0,0,22.66229820251465,0.0010999999940395355,0.02200000174343586,0.03299999609589577,0.04399999603629112,5655.8173828125,114276.53125,0.0429663360118866,0,3.1392715754918754e-05,534.4058837890625,0,0.0002616529818624258,2.8350639695418067e-05,0,0,23.700000762939453,0,0,1600,0,50,0,0,0,50,50,200,0.0,0.0,0.0,0.0
294,157.8578643798828,309.2304992675781,325.4762878417969,325.42803955078125,292.9853820800781,293.03363037109375,16515.818359375,33031.63671875,69.9880599975586,69.9881362915039,1718.9749755859375,3427.283935546875,1722.01708984375,3433.978759765625,284.12640380859375,60.925315856933594,3.1259287425200455e-06,0,0,2575.686279296875,1296.60546875,0,22.667306900024414,2601.19677734375,11.826661109924316,11.831475257873535,870.8397827148438,1736.5091552734375,49.96462631225586,49.9665641784668,96.0,0,0,346.1999816894531,0,7.924896240234375,20.72370719909668,20.77195930480957,0,1.034000039100647,0.9067617654800415,50,2.799999952316284,2.3917837142944336,0,0,0,0,98.04882745329249,0,0,0,-0.007133966777473688,0.028854066506028175,-0.021700043231248856,2.0055798813700676e-05,96.16472625732422,96.16254425048828,770.5816650390625,770.5800170898438,770.5800170898438,539.9052734375,0,0,22.667306900024414,0.0010999999940395355,0.02200000174343586,0.03299999609589577,0.04399999603629112,5655.8173828125,114276.53125,0.0429663360118866,0,3.1392715754918754e-05,536.2266845703125,0,0.0002616529818624258,2.8350639695418067e-05,0,0,23.700000762939453,0,0,1600,0,50,0,0,0,50,50,200,0.0,0.0,0.0,0.0
295,157.85836791992188,309.23040771484375,325.4763488769531,325.4281005859375,292.98516845703125,293.0334167480469,16515.818359375,33031.63671875,69.98796081542969,69.98802947998047,1719.0439453125,3427.430908203125,1722.014892578125,3433.981201171875,284.1257629394531,60.92363739013672,2.740150648605777e-06,0,0,2575.6845703125,1296.6048583984375,0,22.673629760742188,2601.21630859375,11.82650375366211,11.831302642822266,870.8432006835938,1736.5191650390625,49.96258544921875,49.96434783935547,96.0,0,0,346.20025634765625,0,7.924896240234375,20.72391128540039,20.77216339111328,0,1.034000039100647,0.9067617654800415,50,2.799999952316284,2.391765832901001,0,0,0,0,97.90422348837716,0,0,0,-0.007128615863621235,0.02884872443974018,-0.021700043231248856,2.0064879208803177e-05,96.16545867919922,96.16326141357422,770.5851440429688,770.5833740234375,770.5833740234375,539.9069213867188,0,0,22.673629760742188,0.0010999999940395355,0.02200000174343586,0.03299999609589577,0.04399999603629112,5655.8173828125,114276.53125,0.0429663360118866,0,3.1392715754918754e-05,538.0474853515625,0,0.0002616529818624258,2.8350639695418067e-05,0,0,23.700000762939453,0,0,1600,0,50,0,0,0,50,50,200,0.0,0.0,0.0,0.0
296,157.85890197753906,309.2303466796875,325.4764099121094,325.42816162109375,292.9849548339844,293.033203125,16515.818359375,33031.63671875,69.98785400390625,69.98793029785156,1719.1126708984375,3427.576171875,1722.0162353515625,3433.9794921875,284.1251220703125,60.92197799682617,-5.376323315431364e-06,0,0,2575.68310546875,1296.6036376953125,0,22.677207946777344,2601.236083984375,11.8263521194458,11.831135749816895,870.8493041992188,1736.5291748046875,49.96063232421875,49.96216583251953,96.0,0,0,346.2005310058594,0,7.924896240234375,20.7241153717041,20.772367477416992,0,1.034000039100647,0.9067617654800415,50,2.799999952316284,2.3917477130889893,0,0,0,0,97.75479107563783,0,0,0,-0.007123264484107494,0.02884327992796898,-0.021700043231248856,1.997058279812336e-05,96.16616821289062,96.16399383544922,770.5885620117188,770.5868530273438,770.5868530273438,539.9085693359375,0,0,22.677207946777344,0.0010999999940395355,0.02200000174343586,0.03299999609589577,0.04399999603629112,5655.8173828125,114276.53125,0.0429663360118866,0,3.1392715754918754e-05,539.8682861328125,0,0.0002616529818624258,2.8350639695418067e-05,0,0,23.700000762939453,0,0,1600,0,50,0,0,0,50,50,200,0.0,0.0,0.0,0.0
297,157.85943603515625,309.23028564453125,325.4764099121094,325.4281921386719,292.9848327636719,293.0330505371094,16515.818359375,33031.63671875,69.98775482177734,69.98782348632812,1719.1798095703125,3427.721923828125,1722.013916015625,3433.98193359375,284.12445068359375,60.92033386230469,-5.330313115337049e-07,0,0,2575.681396484375,1296.602783203125,0,22.682056427001953,2601.255615234375,11.826203346252441,11.83096981048584,870.8525390625,1736.5391845703125,49.95865249633789,49.96004867553711,96.0,0,0,346.2008056640625,0,7.924896240234375,20.72438621520996,20.77260398864746,0,1.034000039100647,0.9067617654800415,50,2.799999952316284,2.3917295932769775,0,0,0,0,97.6005463099006,0,0,0,-0.007117913570255041,0.028837937861680984,-0.021700043231248856,1.997966319322586e-05,96.1668930053711,96.16471862792969,770.5919189453125,770.5902099609375,770.5902099609375,539.9102783203125,0,0,22.682056427001953,0.0010999999940395355,0.02200000174343586,0.03299999609589577,0.04399999603629112,5655.8173828125,114276.53125,0.0429663360118866,0,3.1392715754918754e-05,541.6890869140625,0,0.0002616529818624258,2.8350639695418067e-05,0,0,23.700000762939453,0,0,1600,0,50,0,0,0,50,50,200,0.0,0.0,0.0,0.0
298,157.8599853515625,309.230224609375,325.4764099121094,325.4282531738281,292.98468017578125,293.0328674316406,16515.818359375,33031.63671875,69.9876480102539,69.98772430419922,1719.2471923828125,3427.865478515625,1722.01708984375,3433.978759765625,284.1238098144531,60.918701171875,-4.5824508561054245e-06,0,0,2575.679931640625,1296.6019287109375,0,22.68686294555664,2601.275146484375,11.826057434082031,11.830809593200684,870.8572387695312,1736.548828125,49.956783294677734,49.95795440673828,96.0,0,0,346.2010803222656,0,7.924896240234375,20.72465705871582,20.77284049987793,0,1.034000039100647,0.9067617654800415,50,2.799999952316284,2.391711950302124,0,0,0,0,97.44629349675033,0,0,0,-0.007112563122063875,0.02883259765803814,-0.021700043231248856,1.9990839064121246e-05,96.1676025390625,96.16543579101562,770.5953369140625,770.5936279296875,770.5936279296875,539.9119262695312,0,0,22.68686294555664,0.0010999999940395355,0.02200000174343586,0.03299999609589577,0.04399999603629112,5655.8173828125,114276.53125,0.0429663360118866,0,3.1392715754918754e-05,543.5098876953125,0,0.0002616529818624258,2.8350639695418067e-05,0,0,23.700000762939453,0,0,1600,0,50,0,0,0,50,50,200,0.0,0.0,0.0,0.0
299,157.8605194091797,309.23016357421875,325.4764709472656,325.42828369140625,292.9845275878906,293.03271484375,16515.818359375,33031.63671875,69.987548828125,69.98761749267578,1719.31298828125,3428.00732421875,1722.0130615234375,3433.982666015625,284.1231384277344,60.91707229614258,2.584872163424734e-06,0,0,2575.67822265625,1296.6011962890625,0,22.690261840820312,2601.294677734375,11.82591438293457,11.83065414428711,870.8616943359375,1736.558837890625,49.95487594604492,49.95595169067383,96.0,0,0,346.20135498046875,0,7.924896240234375,20.724895477294922,20.77307891845703,0,1.034000039100647,0.9067617654800415,50,2.799999952316284,2.3916938304901123,0,0,0,0,97.2920487310131,0,0,0,-0.007107211742550135,0.028827255591750145,-0.021700043231248856,1.9999919459223747e-05,96.1683120727539,96.1661605834961,770.5986938476562,770.5969848632812,770.5969848632812,539.9136352539062,0,0,22.690261840820312,0.0010999999940395355,0.02200000174343586,0.03299999609589577,0.04399999603629112,5655.8173828125,114276.53125,0.0429663360118866,0,3.1392715754918754e-05,545.3306884765625,0,0.0002616529818624258,2.8350639695418067e-05,0,0,23.700000762939453,0,0,1600,0,50,0,0,0,50,50,200,0.0,0.0,0.0,0.0
